# https://github.com/mikedh/trimesh
v 0.05201488 -0.32157177 -0.40421352
v 0.05510984 -0.31699952 -0.40919730
v 0.05163441 -0.32111233 -0.40933114
v 0.04911081 -0.32143986 -0.41617396
v 0.05510984 -0.31699952 -0.40919730
v 0.05131819 -0.31908962 -0.41991684
v 0.06524418 -0.31472030 -0.41726115
v 0.06960195 -0.31718513 -0.41383067
v 0.06261577 -0.31574070 -0.41772577
v 0.06358422 -0.31415033 -0.40932819
v 0.06020602 -0.31556427 -0.40244266
v 0.06369761 -0.31395102 -0.40246886
v 0.06369761 -0.31395102 -0.40246886
v 0.06956935 -0.31150329 -0.40933347
v 0.06358422 -0.31415033 -0.40932819
v 0.07828069 -0.30791783 -0.40929985
v 0.08324376 -0.30418608 -0.40250129
v 0.08439844 -0.30629277 -0.41405809
v 0.08343918 -0.31178251 -0.41082281
v 0.07679383 -0.31912133 -0.40986541
v 0.07631259 -0.30962670 -0.41543844
v 0.08334303 -0.31721085 -0.40731049
v 0.07959581 -0.32196990 -0.40569448
v 0.07679383 -0.31912133 -0.40986541
v 0.06953602 -0.31274840 -0.41644847
v 0.07360634 -0.31573990 -0.41298240
v 0.06960195 -0.31718513 -0.41383067
v 0.06956935 -0.31150329 -0.40933347
v 0.07337289 -0.30837139 -0.40250012
v 0.07631259 -0.30962670 -0.41543844
v 0.07949246 -0.30804884 -0.41496724
v 0.08439844 -0.30629277 -0.41405809
v 0.08253050 -0.30674323 -0.41462255
v 0.06524418 -0.31472030 -0.41726115
v 0.06230330 -0.31493151 -0.41781056
v 0.06358422 -0.31415033 -0.40932819
v 0.06358422 -0.31415033 -0.40932819
v 0.06953602 -0.31274840 -0.41644847
v 0.06524418 -0.31472030 -0.41726115
v 0.06960195 -0.31718513 -0.41383067
v 0.06230330 -0.31493151 -0.41781056
v 0.06261577 -0.31574070 -0.41772577
v 0.07631259 -0.30962670 -0.41543844
v 0.07360634 -0.31573990 -0.41298240
v 0.07598485 -0.30972642 -0.41543689
v 0.08082408 -0.30799183 -0.41460618
v 0.07631259 -0.30962670 -0.41543844
v 0.07598485 -0.30972642 -0.41543689
v 0.07949246 -0.30804884 -0.41496724
v 0.08082408 -0.30799183 -0.41460618
v 0.07598485 -0.30972642 -0.41543689
v 0.07828069 -0.30791783 -0.40929985
v 0.07337289 -0.30837139 -0.40250012
v 0.07681855 -0.30674583 -0.40251738
v 0.07949246 -0.30804884 -0.41496724
v 0.07631259 -0.30962670 -0.41543844
v 0.07828069 -0.30791783 -0.40929985
v 0.08439844 -0.30629277 -0.41405809
v 0.08082408 -0.30799183 -0.41460618
v 0.08253050 -0.30674323 -0.41462255
v 0.06953602 -0.31274840 -0.41644847
v 0.07631259 -0.30962670 -0.41543844
v 0.07598485 -0.30972642 -0.41543689
v 0.07360634 -0.31573990 -0.41298240
v 0.06970212 -0.32076770 -0.41204190
v 0.06960195 -0.31718513 -0.41383067
v 0.06137051 -0.31666610 -0.39560854
v 0.06570452 -0.31493172 -0.39112854
v 0.06476389 -0.31433117 -0.39560229
v 0.06669472 -0.31579110 -0.38657120
v 0.06570452 -0.31493172 -0.39112854
v 0.06266323 -0.31860256 -0.38839087
v 0.06570452 -0.31493172 -0.39112854
v 0.06941529 -0.31101084 -0.39557618
v 0.06476389 -0.31433117 -0.39560229
v 0.06758785 -0.31659368 -0.38189691
v 0.07219318 -0.31456828 -0.37673962
v 0.07102323 -0.31361270 -0.38190156
v 0.06520258 -0.32118833 -0.37630939
v 0.06758785 -0.31659368 -0.38189691
v 0.06393158 -0.32017842 -0.38196251
v 0.07763697 -0.30701074 -0.38873854
v 0.08340964 -0.30276033 -0.39474624
v 0.07659145 -0.30632627 -0.39559057
v 0.07566811 -0.31252599 -0.37458587
v 0.08007837 -0.30857879 -0.37886247
v 0.07636517 -0.30975333 -0.38138485
v 0.06941529 -0.31101084 -0.39557618
v 0.07422404 -0.30922157 -0.38874185
v 0.07329983 -0.30853951 -0.39559698
v 0.07326919 -0.31552386 -0.37218085
v 0.07219318 -0.31456828 -0.37673962
v 0.06911861 -0.31826726 -0.37420684
v 0.07219318 -0.31456828 -0.37673962
v 0.07636517 -0.30975333 -0.38138485
v 0.07102323 -0.31361270 -0.38190156
v 0.07880320 -0.30778241 -0.38340747
v 0.08314965 -0.30383834 -0.38872606
v 0.07763697 -0.30701074 -0.38873854
v 0.06669472 -0.31579110 -0.38657120
v 0.07102323 -0.31361270 -0.38190156
v 0.06916311 -0.31298724 -0.38879701
v 0.06393158 -0.32017842 -0.38196251
v 0.06669472 -0.31579110 -0.38657120
v 0.06266323 -0.31860256 -0.38839087
v 0.07659145 -0.30632627 -0.39559057
v 0.07422404 -0.30922157 -0.38874185
v 0.07763697 -0.30701074 -0.38873854
v 0.08007837 -0.30857879 -0.37886247
v 0.08483168 -0.30736399 -0.37500608
v 0.08261111 -0.30614635 -0.38139018
v 0.08007837 -0.30857879 -0.37886247
v 0.07880320 -0.30778241 -0.38340747
v 0.07636517 -0.30975333 -0.38138485
v 0.07422404 -0.30922157 -0.38874185
v 0.07880320 -0.30778241 -0.38340747
v 0.07763697 -0.30701074 -0.38873854
v 0.07102323 -0.31361270 -0.38190156
v 0.07422404 -0.30922157 -0.38874185
v 0.06916311 -0.31298724 -0.38879701
v 0.05510984 -0.31699952 -0.40919730
v 0.06020602 -0.31556427 -0.40244266
v 0.06230330 -0.31493151 -0.41781056
v 0.05510984 -0.31699952 -0.40919730
v 0.06261577 -0.31574070 -0.41772577
v 0.05131819 -0.31908962 -0.41991684
v 0.05802418 -0.32116243 -0.39010590
v 0.06137051 -0.31666610 -0.39560854
v 0.05512185 -0.32062048 -0.39550158
v 0.07659145 -0.30632627 -0.39559057
v 0.08324376 -0.30418608 -0.40250129
v 0.07681855 -0.30674583 -0.40251738
v 0.06369761 -0.31395102 -0.40246886
v 0.06137051 -0.31666610 -0.39560854
v 0.06476389 -0.31433117 -0.39560229
v 0.06476389 -0.31433117 -0.39560229
v 0.06943188 -0.31055340 -0.40248349
v 0.06369761 -0.31395102 -0.40246886
v 0.07337289 -0.30837139 -0.40250012
v 0.07659145 -0.30632627 -0.39559057
v 0.07681855 -0.30674583 -0.40251738
v 0.06943188 -0.31055340 -0.40248349
v 0.07329983 -0.30853951 -0.39559698
v 0.07337289 -0.30837139 -0.40250012
v 0.05510302 -0.31799802 -0.40209177
v 0.06137051 -0.31666610 -0.39560854
v 0.06020602 -0.31556427 -0.40244266
v 0.05722418 -0.32642174 -0.41110483
v 0.05563699 -0.33092108 -0.40305421
v 0.04767853 -0.32795960 -0.40446222
v 0.04767853 -0.32795960 -0.40446222
v 0.04798143 -0.32974476 -0.40108541
v 0.04807672 -0.32797399 -0.40431798
v 0.04767853 -0.32795960 -0.40446222
v 0.04867551 -0.32516071 -0.41042277
v 0.05722418 -0.32642174 -0.41110483
v 0.05592088 -0.32272229 -0.41441754
v 0.04867551 -0.32516071 -0.41042277
v 0.04838546 -0.32301170 -0.41512117
v 0.04786493 -0.33211100 -0.39610186
v 0.05171117 -0.32785097 -0.38992670
v 0.05106453 -0.32662746 -0.39560869
v 0.04713748 -0.33512118 -0.38970396
v 0.05171117 -0.32785097 -0.38992670
v 0.04751220 -0.33499897 -0.38981560
v 0.05171117 -0.32785097 -0.38992670
v 0.05313735 -0.32304901 -0.39553922
v 0.05106453 -0.32662746 -0.39560869
v 0.04713748 -0.33512118 -0.38970396
v 0.04786493 -0.33211100 -0.39610186
v 0.05553224 -0.33476505 -0.39552724
v 0.05313532 -0.32992476 -0.38186207
v 0.05811519 -0.32797760 -0.37631071
v 0.05640851 -0.32629532 -0.38176823
v 0.05188498 -0.33490455 -0.37686998
v 0.05313532 -0.32992476 -0.38186207
v 0.05109825 -0.33346441 -0.38192883
v 0.05590491 -0.34143820 -0.38171616
v 0.05791890 -0.34478533 -0.37554437
v 0.04808229 -0.34134009 -0.37563661
v 0.04808229 -0.34134009 -0.37563661
v 0.04836994 -0.34243619 -0.37263876
v 0.04835816 -0.34114388 -0.37564766
v 0.04808229 -0.34134009 -0.37563661
v 0.04811603 -0.33854631 -0.38209254
v 0.05590491 -0.34143820 -0.38171616
v 0.05381971 -0.32559016 -0.38786370
v 0.05313532 -0.32992476 -0.38186207
v 0.05640851 -0.32629532 -0.38176823
v 0.05109825 -0.33346441 -0.38192883
v 0.04713748 -0.33512118 -0.38970396
v 0.04751220 -0.33499897 -0.38981560
v 0.05552330 -0.33782443 -0.38940835
v 0.04811603 -0.33854631 -0.38209254
v 0.04770552 -0.33640051 -0.38701913
v 0.05553224 -0.33476505 -0.39552724
v 0.05552330 -0.33782443 -0.38940835
v 0.04713748 -0.33512118 -0.38970396
v 0.04713748 -0.33512118 -0.38970396
v 0.04770552 -0.33640051 -0.38701913
v 0.04751220 -0.33499897 -0.38981560
v 0.04811603 -0.33854631 -0.38209254
v 0.05188498 -0.33490455 -0.37686998
v 0.05109825 -0.33346441 -0.38192883
v 0.04808229 -0.34134009 -0.37563661
v 0.05188498 -0.33490455 -0.37686998
v 0.04835816 -0.34114388 -0.37564766
v 0.04770552 -0.33640051 -0.38701913
v 0.05109825 -0.33346441 -0.38192883
v 0.04751220 -0.33499897 -0.38981560
v 0.07095724 -0.32820141 -0.40464184
v 0.06626470 -0.32903028 -0.40593481
v 0.06928807 -0.32563007 -0.40899366
v 0.06324719 -0.32647303 -0.41069102
v 0.06626470 -0.32903028 -0.40593481
v 0.06237585 -0.32974935 -0.40654299
v 0.06626470 -0.32903028 -0.40593481
v 0.06217976 -0.33230051 -0.40292329
v 0.06237585 -0.32974935 -0.40654299
v 0.07095724 -0.32820141 -0.40464184
v 0.07404086 -0.32952502 -0.39989585
v 0.06910089 -0.33047494 -0.40251148
v 0.07512575 -0.32352847 -0.40719339
v 0.07095724 -0.32820141 -0.40464184
v 0.06928807 -0.32563007 -0.40899366
v 0.06693140 -0.33604836 -0.39260668
v 0.06279410 -0.33866581 -0.38894290
v 0.06279534 -0.33661962 -0.39325619
v 0.07106078 -0.34219557 -0.37713149
v 0.06644806 -0.34276122 -0.37863761
v 0.06913250 -0.34084132 -0.38141078
v 0.06279336 -0.34167531 -0.38259926
v 0.06644806 -0.34276122 -0.37863761
v 0.06279278 -0.34328789 -0.37917200
v 0.06644806 -0.34276122 -0.37863761
v 0.06279292 -0.34514314 -0.37524721
v 0.06279278 -0.34328789 -0.37917200
v 0.08577795 -0.32848865 -0.39129716
v 0.08122262 -0.32972875 -0.39338794
v 0.08345641 -0.32710180 -0.39568895
v 0.07859347 -0.32826361 -0.39793003
v 0.08122262 -0.32972875 -0.39338794
v 0.07642630 -0.33083707 -0.39571115
v 0.08122262 -0.32972875 -0.39338794
v 0.07666843 -0.33444053 -0.38884884
v 0.07642630 -0.33083707 -0.39571115
v 0.08155024 -0.33665112 -0.37999898
v 0.07640109 -0.34111416 -0.37494153
v 0.07664604 -0.33769923 -0.38216943
v 0.07642630 -0.33083707 -0.39571115
v 0.07152204 -0.33531511 -0.39108118
v 0.06943957 -0.33406919 -0.39529645
v 0.07106078 -0.34219557 -0.37713149
v 0.07404123 -0.34311846 -0.37251961
v 0.06913519 -0.34383014 -0.37498760
v 0.07664604 -0.33769923 -0.38216943
v 0.07106078 -0.34219557 -0.37713149
v 0.06913250 -0.34084132 -0.38141078
v 0.08347893 -0.33114660 -0.38898471
v 0.07897493 -0.33543590 -0.38451672
v 0.07666843 -0.33444053 -0.38884884
v 0.06913250 -0.34084132 -0.38141078
v 0.06279410 -0.33866581 -0.38894290
v 0.06941412 -0.33720499 -0.38883978
v 0.07152204 -0.33531511 -0.39108118
v 0.06693140 -0.33604836 -0.39260668
v 0.06943957 -0.33406919 -0.39529645
v 0.06204240 -0.33520278 -0.39682537
v 0.06693140 -0.33604836 -0.39260668
v 0.06279534 -0.33661962 -0.39325619
v 0.08608542 -0.33553272 -0.37774849
v 0.08155024 -0.33665112 -0.37999898
v 0.08363191 -0.33458263 -0.38215217
v 0.07897493 -0.33543590 -0.38451672
v 0.08155024 -0.33665112 -0.37999898
v 0.07664604 -0.33769923 -0.38216943
v 0.07897493 -0.33543590 -0.38451672
v 0.07444141 -0.33646950 -0.38650981
v 0.07666843 -0.33444053 -0.38884884
v 0.07152204 -0.33531511 -0.39108118
v 0.07444141 -0.33646950 -0.38650981
v 0.06941412 -0.33720499 -0.38883978
v 0.07444141 -0.33646950 -0.38650981
v 0.06913250 -0.34084132 -0.38141078
v 0.06941412 -0.33720499 -0.38883978
v 0.06324719 -0.32647303 -0.41069102
v 0.05780555 -0.32944274 -0.40644184
v 0.05722418 -0.32642174 -0.41110483
v 0.06217976 -0.33230051 -0.40292329
v 0.05780555 -0.32944274 -0.40644184
v 0.06237585 -0.32974935 -0.40654299
v 0.06125881 -0.32283190 -0.41334009
v 0.05722418 -0.32642174 -0.41110483
v 0.05592088 -0.32272229 -0.41441754
v 0.06279410 -0.33866581 -0.38894290
v 0.05762869 -0.33642501 -0.39308324
v 0.06279534 -0.33661962 -0.39325619
v 0.05938109 -0.32904539 -0.37174806
v 0.05811519 -0.32797760 -0.37631071
v 0.05509935 -0.33170694 -0.37416795
v 0.05811519 -0.32797760 -0.37631071
v 0.06052381 -0.32328662 -0.38197795
v 0.05640851 -0.32629532 -0.38176823
v 0.06279336 -0.34167531 -0.38259926
v 0.05827254 -0.34309244 -0.37910756
v 0.05590491 -0.34143820 -0.38171616
v 0.06279278 -0.34328789 -0.37917200
v 0.05791890 -0.34478533 -0.37554437
v 0.05827254 -0.34309244 -0.37910756
v 0.06204240 -0.33520278 -0.39682537
v 0.05762869 -0.33642501 -0.39308324
v 0.05553224 -0.33476505 -0.39552724
v 0.05640851 -0.32629532 -0.38176823
v 0.05947468 -0.32226413 -0.38558167
v 0.05381971 -0.32559016 -0.38786370
v 0.06279410 -0.33866581 -0.38894290
v 0.05590491 -0.34143820 -0.38171616
v 0.05552330 -0.33782443 -0.38940835
v 0.04798143 -0.32974476 -0.40108541
v 0.05106453 -0.32662746 -0.39560869
v 0.04807672 -0.32797399 -0.40431798
v 0.05106453 -0.32662746 -0.39560869
v 0.04767853 -0.32795960 -0.40446222
v 0.04807672 -0.32797399 -0.40431798
v 0.05563699 -0.33092108 -0.40305421
v 0.04786493 -0.33211100 -0.39610186
v 0.04798143 -0.32974476 -0.40108541
v 0.06910089 -0.33047494 -0.40251148
v 0.06204240 -0.33520278 -0.39682537
v 0.06217976 -0.33230051 -0.40292329
v 0.07859347 -0.32826361 -0.39793003
v 0.07404086 -0.32952502 -0.39989585
v 0.07695447 -0.32606891 -0.40296555
v 0.08337277 -0.32361907 -0.40095362
v 0.07859347 -0.32826361 -0.39793003
v 0.07695447 -0.32606891 -0.40296555
v 0.07404086 -0.32952502 -0.39989585
v 0.06943957 -0.33406919 -0.39529645
v 0.06910089 -0.33047494 -0.40251148
v 0.06204240 -0.33520278 -0.39682537
v 0.05563699 -0.33092108 -0.40305421
v 0.06217976 -0.33230051 -0.40292329
v 0.07451995 -0.31617615 -0.36808637
v 0.07968041 -0.31519035 -0.36460003
v 0.07799486 -0.31399992 -0.36808318
v 0.08204976 -0.31637165 -0.35994601
v 0.07968041 -0.31519035 -0.36460003
v 0.07644456 -0.31862077 -0.36142412
v 0.07968041 -0.31519035 -0.36460003
v 0.08368374 -0.31076932 -0.36861411
v 0.07799486 -0.31399992 -0.36808318
v 0.07193974 -0.32115051 -0.36306876
v 0.07451995 -0.31617615 -0.36808637
v 0.07046835 -0.31978920 -0.36817798
v 0.08204976 -0.31637165 -0.35994601
v 0.08669811 -0.31529275 -0.35793895
v 0.08388425 -0.31428924 -0.36185139
v 0.07811741 -0.32108653 -0.35628116
v 0.08204976 -0.31637165 -0.35994601
v 0.07644456 -0.31862077 -0.36142412
v 0.04837057 -0.34454298 -0.36840335
v 0.05190859 -0.34183872 -0.36260316
v 0.05135143 -0.34083283 -0.36833602
v 0.04764360 -0.34787893 -0.36226857
v 0.05190859 -0.34183872 -0.36260316
v 0.04771723 -0.34788552 -0.36219031
v 0.05190859 -0.34183872 -0.36260316
v 0.05348456 -0.33716947 -0.36822537
v 0.05135143 -0.34083283 -0.36833602
v 0.04764360 -0.34787893 -0.36226857
v 0.04837057 -0.34454298 -0.36840335
v 0.05773403 -0.34842438 -0.36797675
v 0.05299325 -0.34331858 -0.35451838
v 0.05782824 -0.34121227 -0.34747165
v 0.05673765 -0.33887294 -0.35492870
v 0.05078455 -0.34697503 -0.35461026
v 0.05361134 -0.34533337 -0.34704202
v 0.05299325 -0.34331858 -0.35451838
v 0.05423445 -0.33926848 -0.36067480
v 0.05299325 -0.34331858 -0.35451838
v 0.05673765 -0.33887294 -0.35492870
v 0.05078455 -0.34697503 -0.35461026
v 0.04764360 -0.34787893 -0.36226857
v 0.04771723 -0.34788552 -0.36219031
v 0.05348456 -0.33716947 -0.36822537
v 0.05830201 -0.33484495 -0.36136892
v 0.05674812 -0.33314198 -0.36815318
v 0.05423445 -0.33926848 -0.36067480
v 0.05917238 -0.33570114 -0.35761926
v 0.05830201 -0.33484495 -0.36136892
v 0.05589725 -0.35320893 -0.35460263
v 0.04757633 -0.35556015 -0.34475645
v 0.04711908 -0.35222894 -0.35456479
v 0.05589725 -0.35320893 -0.35460263
v 0.04703332 -0.34960818 -0.35895684
v 0.05610589 -0.35109052 -0.36168560
v 0.06029891 -0.32992727 -0.36825079
v 0.06507158 -0.32784337 -0.36264014
v 0.06374126 -0.32652193 -0.36825880
v 0.06624296 -0.32906899 -0.35808438
v 0.06507158 -0.32784337 -0.36264014
v 0.06284426 -0.33106220 -0.36080179
v 0.06507158 -0.32784337 -0.36264014
v 0.06708317 -0.32297400 -0.36819956
v 0.06374126 -0.32652193 -0.36825880
v 0.06967500 -0.34667900 -0.36832869
v 0.06575631 -0.34944087 -0.36453766
v 0.06324542 -0.34865490 -0.36792871
v 0.06747812 -0.32988918 -0.35444647
v 0.07259962 -0.32864174 -0.35061967
v 0.07083963 -0.32707050 -0.35438606
v 0.06488553 -0.33483976 -0.34961689
v 0.06747812 -0.32988918 -0.35444647
v 0.06258805 -0.33374193 -0.35495973
v 0.08550299 -0.34217826 -0.36142159
v 0.08058114 -0.34305245 -0.36571264
v 0.08310026 -0.34104615 -0.36814213
v 0.07859343 -0.34214476 -0.37027490
v 0.08058114 -0.34305245 -0.36571264
v 0.07639125 -0.34397995 -0.36811113
v 0.08058114 -0.34305245 -0.36571264
v 0.07652903 -0.34650508 -0.36144578
v 0.07639125 -0.34397995 -0.36811113
v 0.07682803 -0.32735032 -0.34791210
v 0.08052652 -0.32254735 -0.35169587
v 0.07595161 -0.32359505 -0.35408747
v 0.08400515 -0.34470120 -0.35514399
v 0.07757397 -0.34883583 -0.34870431
v 0.07636382 -0.34856468 -0.35507616
v 0.07652903 -0.34650508 -0.36144578
v 0.06967500 -0.34667900 -0.36832869
v 0.07639125 -0.34397995 -0.36811113
v 0.07497348 -0.33024269 -0.34596330
v 0.07259962 -0.32864174 -0.35061967
v 0.06971027 -0.33245343 -0.34771946
v 0.07259962 -0.32864174 -0.35061967
v 0.07595161 -0.32359505 -0.35408747
v 0.07083963 -0.32707050 -0.35438606
v 0.06624296 -0.32906899 -0.35808438
v 0.07083963 -0.32707050 -0.35438606
v 0.06892422 -0.32498279 -0.36047935
v 0.06258805 -0.33374193 -0.35495973
v 0.06624296 -0.32906899 -0.35808438
v 0.06284426 -0.33106220 -0.36080179
v 0.08661094 -0.34264290 -0.35776106
v 0.08205623 -0.34379083 -0.36140805
v 0.08550299 -0.34217826 -0.36142159
v 0.08205623 -0.34379083 -0.36140805
v 0.07636382 -0.34856468 -0.35507616
v 0.07652903 -0.34650508 -0.36144578
v 0.06027725 -0.33658272 -0.35300970
v 0.06488553 -0.33483976 -0.34961689
v 0.06258805 -0.33374193 -0.35495973
v 0.06701419 -0.33636889 -0.34499729
v 0.06488553 -0.33483976 -0.34961689
v 0.06245681 -0.33777413 -0.34729275
v 0.07083963 -0.32707050 -0.35438606
v 0.07352189 -0.32248896 -0.35851884
v 0.06892422 -0.32498279 -0.36047935
v 0.07652903 -0.34650508 -0.36144578
v 0.07275447 -0.34942567 -0.35759884
v 0.07024237 -0.34916505 -0.36203140
v 0.06968243 -0.35205704 -0.35362011
v 0.06283511 -0.35339186 -0.34765691
v 0.06281822 -0.35343665 -0.35459536
v 0.07395308 -0.35020444 -0.35308036
v 0.06975140 -0.35170430 -0.34762764
v 0.06968243 -0.35205704 -0.35362011
v 0.06831115 -0.35072920 -0.36009082
v 0.06281822 -0.35343665 -0.35459536
v 0.06327900 -0.35140318 -0.36212096
v 0.06947279 -0.34871611 -0.33461159
v 0.07251299 -0.34229267 -0.33714446
v 0.06968484 -0.33922517 -0.34067443
v 0.06093549 -0.34229016 -0.34332743
v 0.06968484 -0.33922517 -0.34067443
v 0.06257324 -0.34118557 -0.34299999
v 0.06546642 -0.34895381 -0.33699358
v 0.06947279 -0.34871611 -0.33461159
v 0.06093549 -0.34229016 -0.34332743
v 0.08252998 -0.33185217 -0.33873564
v 0.07962002 -0.32883367 -0.34406003
v 0.07682613 -0.33232820 -0.34205222
v 0.08204605 -0.34305215 -0.33131510
v 0.07649944 -0.34080154 -0.33616775
v 0.07611731 -0.34572801 -0.33281013
v 0.07649944 -0.34080154 -0.33616775
v 0.07997257 -0.33593076 -0.33746982
v 0.07641928 -0.33727530 -0.33845001
v 0.08338419 -0.34505606 -0.34079960
v 0.07611731 -0.34572801 -0.33281013
v 0.07583769 -0.34796631 -0.34143260
v 0.07611731 -0.34572801 -0.33281013
v 0.07251299 -0.34229267 -0.33714446
v 0.06981410 -0.34847778 -0.33450460
v 0.07251299 -0.34229267 -0.33714446
v 0.07641928 -0.33727530 -0.33845001
v 0.06968484 -0.33922517 -0.34067443
v 0.07611731 -0.34572801 -0.33281013
v 0.06947279 -0.34871611 -0.33461159
v 0.07583769 -0.34796631 -0.34143260
v 0.07997257 -0.33593076 -0.33746982
v 0.08444998 -0.33396018 -0.33607876
v 0.08252998 -0.33185217 -0.33873564
v 0.07997257 -0.33593076 -0.33746982
v 0.07682613 -0.33232820 -0.34205222
v 0.07641928 -0.33727530 -0.33845001
v 0.07641928 -0.33727530 -0.33845001
v 0.07161108 -0.33487424 -0.34333673
v 0.06968484 -0.33922517 -0.34067443
v 0.06641284 -0.35002822 -0.33489388
v 0.06206635 -0.35183811 -0.33710206
v 0.06936942 -0.35012445 -0.34146410
v 0.05830201 -0.33484495 -0.36136892
v 0.06029891 -0.32992727 -0.36825079
v 0.05674812 -0.33314198 -0.36815318
v 0.05782824 -0.34121227 -0.34747165
v 0.06027725 -0.33658272 -0.35300970
v 0.05673765 -0.33887294 -0.35492870
v 0.06027725 -0.33658272 -0.35300970
v 0.05917238 -0.33570114 -0.35761926
v 0.05673765 -0.33887294 -0.35492870
v 0.05917238 -0.33570114 -0.35761926
v 0.06284426 -0.33106220 -0.36080179
v 0.05830201 -0.33484495 -0.36136892
v 0.06327900 -0.35140318 -0.36212096
v 0.05864030 -0.34978712 -0.36517537
v 0.06121042 -0.34998372 -0.36525854
v 0.06283511 -0.35339186 -0.34765691
v 0.05589725 -0.35320893 -0.35460263
v 0.06281822 -0.35343665 -0.35459536
v 0.06281822 -0.35343665 -0.35459536
v 0.05610589 -0.35109052 -0.36168560
v 0.06327900 -0.35140318 -0.36212096
v 0.06093549 -0.34229016 -0.34332743
v 0.05931120 -0.34268290 -0.34424162
v 0.05716206 -0.34476542 -0.34380102
v 0.05782824 -0.34121227 -0.34747165
v 0.05716206 -0.34476542 -0.34380102
v 0.05931120 -0.34268290 -0.34424162
v 0.07497348 -0.33024269 -0.34596330
v 0.07962002 -0.32883367 -0.34406003
v 0.07682803 -0.32735032 -0.34791210
v 0.07962002 -0.32883367 -0.34406003
v 0.08294562 -0.32396409 -0.34748584
v 0.07682803 -0.32735032 -0.34791210
v 0.06257324 -0.34118557 -0.34299999
v 0.06701419 -0.33636889 -0.34499729
v 0.06245681 -0.33777413 -0.34729275
v 0.08349583 -0.34608245 -0.34769005
v 0.07583769 -0.34796631 -0.34143260
v 0.07757397 -0.34883583 -0.34870431
v 0.06701419 -0.33636889 -0.34499729
v 0.07161108 -0.33487424 -0.34333673
v 0.06971027 -0.33245343 -0.34771946
v 0.07161108 -0.33487424 -0.34333673
v 0.07497348 -0.33024269 -0.34596330
v 0.06971027 -0.33245343 -0.34771946
v 0.06936942 -0.35012445 -0.34146410
v 0.06283511 -0.35339186 -0.34765691
v 0.06975140 -0.35170430 -0.34762764
v 0.07310532 -0.34957737 -0.34413472
v 0.06975140 -0.35170430 -0.34762764
v 0.07384008 -0.35022834 -0.34764749
v 0.05773403 -0.34842438 -0.36797675
v 0.05610589 -0.35109052 -0.36168560
v 0.04764360 -0.34787893 -0.36226857
v 0.04764360 -0.34787893 -0.36226857
v 0.04703332 -0.34960818 -0.35895684
v 0.04771723 -0.34788552 -0.36219031
v 0.04711908 -0.35222894 -0.35456479
v 0.05176196 -0.34781912 -0.34691426
v 0.05078455 -0.34697503 -0.35461026
v 0.05120089 -0.35503161 -0.34184399
v 0.05176196 -0.34781912 -0.34691426
v 0.04757633 -0.35556015 -0.34475645
v 0.04703332 -0.34960818 -0.35895684
v 0.05078455 -0.34697503 -0.35461026
v 0.04771723 -0.34788552 -0.36219031
v 0.06575631 -0.34944087 -0.36453766
v 0.06121042 -0.34998372 -0.36525854
v 0.06324542 -0.34865490 -0.36792871
v 0.06575631 -0.34944087 -0.36453766
v 0.06831115 -0.35072920 -0.36009082
v 0.06327900 -0.35140318 -0.36212096
v 0.07757397 -0.34883583 -0.34870431
v 0.07395308 -0.35020444 -0.35308036
v 0.07636382 -0.34856468 -0.35507616
v 0.07275447 -0.34942567 -0.35759884
v 0.06831115 -0.35072920 -0.36009082
v 0.07024237 -0.34916505 -0.36203140
v 0.07275447 -0.34942567 -0.35759884
v 0.07395308 -0.35020444 -0.35308036
v 0.06968243 -0.35205704 -0.35362011
v 0.06206635 -0.35183811 -0.33710206
v 0.06546642 -0.34895381 -0.33699358
v 0.06093549 -0.34229016 -0.34332743
v 0.06641284 -0.35002822 -0.33489388
v 0.06947279 -0.34871611 -0.33461159
v 0.06981410 -0.34847778 -0.33450460
v 0.06641284 -0.35002822 -0.33489388
v 0.06546642 -0.34895381 -0.33699358
v 0.06526543 -0.35047996 -0.33569157
v 0.06936942 -0.35012445 -0.34146410
v 0.07583769 -0.34796631 -0.34143260
v 0.06947279 -0.34871611 -0.33461159
v 0.05361134 -0.34533337 -0.34704202
v 0.05535863 -0.35410243 -0.33902812
v 0.05716206 -0.34476542 -0.34380102
v 0.07310532 -0.34957737 -0.34413472
v 0.07757397 -0.34883583 -0.34870431
v 0.07583769 -0.34796631 -0.34143260
v 0.05773403 -0.34842438 -0.36797675
v 0.06121042 -0.34998372 -0.36525854
v 0.05864030 -0.34978712 -0.36517537
v 0.06206635 -0.35183811 -0.33710206
v 0.05716206 -0.34476542 -0.34380102
v 0.05535863 -0.35410243 -0.33902812
v 0.05782824 -0.34121227 -0.34747165
v 0.06257324 -0.34118557 -0.34299999
v 0.06245681 -0.33777413 -0.34729275
v 0.06283511 -0.35339186 -0.34765691
v 0.05535863 -0.35410243 -0.33902812
v 0.05120089 -0.35503161 -0.34184399
v 0.09329519 -0.30151230 -0.40622047
v 0.08846450 -0.30207446 -0.40252042
v 0.09189133 -0.30077323 -0.40252364
v 0.09329519 -0.30151230 -0.40622047
v 0.09680232 -0.30178085 -0.41116175
v 0.09053472 -0.30418938 -0.41259435
v 0.09329519 -0.30151230 -0.40622047
v 0.09698915 -0.29895687 -0.40247962
v 0.09853625 -0.30092287 -0.41056854
v 0.09184669 -0.31404153 -0.40489274
v 0.08725365 -0.31568518 -0.40621221
v 0.08983258 -0.31185633 -0.40771407
v 0.09184669 -0.31404153 -0.40489274
v 0.09529805 -0.31649396 -0.40035683
v 0.08966135 -0.31860548 -0.40238911
v 0.09484226 -0.30943438 -0.40659672
v 0.09184669 -0.31404153 -0.40489274
v 0.08983258 -0.31185633 -0.40771407
v 0.10562322 -0.29662815 -0.40767419
v 0.10188657 -0.30303696 -0.40684503
v 0.10326821 -0.29803598 -0.40886548
v 0.10562322 -0.29662815 -0.40767419
v 0.11052816 -0.30496365 -0.40089175
v 0.10413869 -0.30530438 -0.40422565
v 0.09853625 -0.30092287 -0.41056854
v 0.10188657 -0.30303696 -0.40684503
v 0.09680232 -0.30178085 -0.41116175
v 0.09853625 -0.30092287 -0.41056854
v 0.10562322 -0.29662815 -0.40767419
v 0.10326821 -0.29803598 -0.40886548
v 0.10188657 -0.30303696 -0.40684503
v 0.09940737 -0.30758581 -0.40528619
v 0.09680232 -0.30178085 -0.41116175
v 0.09940737 -0.30758581 -0.40528619
v 0.09484226 -0.30943438 -0.40659672
v 0.09680232 -0.30178085 -0.41116175
v 0.09053472 -0.30418938 -0.41259435
v 0.09484226 -0.30943438 -0.40659672
v 0.08983258 -0.31185633 -0.40771407
v 0.10413869 -0.30530438 -0.40422565
v 0.10779298 -0.30886912 -0.39940989
v 0.10399412 -0.31035507 -0.40077791
v 0.09940737 -0.30758581 -0.40528619
v 0.10399412 -0.31035507 -0.40077791
v 0.09749720 -0.31240186 -0.40306270
v 0.10545257 -0.29368934 -0.39565417
v 0.11050228 -0.29176328 -0.38863894
v 0.11052470 -0.29147702 -0.39563978
v 0.10663694 -0.29454052 -0.38478869
v 0.11050228 -0.29176328 -0.38863894
v 0.10547946 -0.29367986 -0.38868067
v 0.08962648 -0.30024558 -0.39581561
v 0.08734321 -0.30168554 -0.38873470
v 0.09075054 -0.30005327 -0.38872603
v 0.09075054 -0.30005327 -0.38872603
v 0.09682045 -0.29712650 -0.39565966
v 0.08962648 -0.30024558 -0.39581561
v 0.09380951 -0.30171964 -0.37879494
v 0.09881582 -0.30085766 -0.37505651
v 0.09636786 -0.29954332 -0.38135111
v 0.09380951 -0.30171964 -0.37879494
v 0.09216847 -0.30085954 -0.38331634
v 0.08994263 -0.30250782 -0.38135782
v 0.09007982 -0.30481774 -0.37502262
v 0.09380951 -0.30171964 -0.37879494
v 0.08994263 -0.30250782 -0.38135782
v 0.10692146 -0.31509373 -0.39185423
v 0.10242052 -0.31668609 -0.39409852
v 0.10443342 -0.31397101 -0.39616898
v 0.10692146 -0.31509373 -0.39185423
v 0.10885359 -0.31654426 -0.38735041
v 0.10399110 -0.31883320 -0.38895828
v 0.11055196 -0.31057459 -0.39565948
v 0.10692146 -0.31509373 -0.39185423
v 0.10443342 -0.31397101 -0.39616898
v 0.10376100 -0.29878116 -0.37496510
v 0.11064238 -0.29501107 -0.38002598
v 0.10406477 -0.29607040 -0.38218650
v 0.09684933 -0.29735920 -0.38871709
v 0.10192882 -0.29489067 -0.39423501
v 0.09682045 -0.29712650 -0.39565966
v 0.09981009 -0.31490481 -0.39859262
v 0.10242052 -0.31668609 -0.39409852
v 0.09714566 -0.31894022 -0.39584288
v 0.10242052 -0.31668609 -0.39409852
v 0.09889358 -0.32122922 -0.39062712
v 0.09714566 -0.31894022 -0.39584288
v 0.09636786 -0.29954332 -0.38135111
v 0.10376100 -0.29878116 -0.37496510
v 0.10406477 -0.29607040 -0.38218650
v 0.08734321 -0.30168554 -0.38873470
v 0.09216847 -0.30085954 -0.38331634
v 0.09075054 -0.30005327 -0.38872603
v 0.09216847 -0.30085954 -0.38331634
v 0.09684933 -0.29735920 -0.38871709
v 0.09075054 -0.30005327 -0.38872603
v 0.11334214 -0.31475371 -0.38419518
v 0.10885359 -0.31654426 -0.38735041
v 0.11104304 -0.31397271 -0.38935876
v 0.10885359 -0.31654426 -0.38735041
v 0.10562854 -0.32107970 -0.38314691
v 0.10399110 -0.31883320 -0.38895828
v 0.09684933 -0.29735920 -0.38871709
v 0.10406477 -0.29607040 -0.38218650
v 0.10213804 -0.29524601 -0.38872430
v 0.12363899 -0.28712320 -0.40097377
v 0.12612665 -0.29189867 -0.38843468
v 0.12533019 -0.28694052 -0.40002322
v 0.11756654 -0.29317451 -0.38278797
v 0.12612665 -0.29189867 -0.38843468
v 0.11685818 -0.29068437 -0.38902017
v 0.12356275 -0.29825610 -0.38881943
v 0.12100360 -0.30166924 -0.39227718
v 0.12147975 -0.29857972 -0.39552069
v 0.11988024 -0.29844242 -0.39759865
v 0.12100360 -0.30166924 -0.39227718
v 0.11753567 -0.30482173 -0.39555159
v 0.12100360 -0.30166924 -0.39227718
v 0.11959967 -0.30639228 -0.38892150
v 0.11753567 -0.30482173 -0.39555159
v 0.12672821 -0.29826158 -0.37459311
v 0.12236118 -0.30532497 -0.38158533
v 0.12632747 -0.29573366 -0.38101670
v 0.11754829 -0.29725870 -0.37501395
v 0.12632747 -0.29573366 -0.38101670
v 0.11755752 -0.29498309 -0.37945187
v 0.11935087 -0.31311223 -0.37514898
v 0.11474097 -0.31590110 -0.37965354
v 0.11751054 -0.31266460 -0.38203588
v 0.12110879 -0.30868122 -0.37897733
v 0.11935087 -0.31311223 -0.37514898
v 0.11751054 -0.31266460 -0.38203588
v 0.12236118 -0.30532497 -0.38158533
v 0.12356275 -0.29825610 -0.38881943
v 0.12632747 -0.29573366 -0.38101670
v 0.12176622 -0.30288514 -0.38888690
v 0.12044205 -0.30761939 -0.38354790
v 0.11959967 -0.30639228 -0.38892150
v 0.11959967 -0.30639228 -0.38892150
v 0.11476782 -0.30906606 -0.39300308
v 0.11753567 -0.30482173 -0.39555159
v 0.12355920 -0.30500236 -0.37506568
v 0.12110879 -0.30868122 -0.37897733
v 0.12236118 -0.30532497 -0.38158533
v 0.12044205 -0.30761939 -0.38354790
v 0.12110879 -0.30868122 -0.37897733
v 0.11751054 -0.31266460 -0.38203588
v 0.12044205 -0.30761939 -0.38354790
v 0.11614033 -0.31045958 -0.38894600
v 0.11959967 -0.30639228 -0.38892150
v 0.11624189 -0.29829159 -0.40059984
v 0.11052816 -0.30496365 -0.40089175
v 0.10888103 -0.29445592 -0.40660182
v 0.11052470 -0.29147702 -0.39563978
v 0.11685818 -0.29068437 -0.38902017
v 0.12363899 -0.28712320 -0.40097377
v 0.11061431 -0.29358795 -0.38344944
v 0.11685818 -0.29068437 -0.38902017
v 0.11050228 -0.29176328 -0.38863894
v 0.11476782 -0.30906606 -0.39300308
v 0.11104304 -0.31397271 -0.38935876
v 0.11055196 -0.31057459 -0.39565948
v 0.11066136 -0.29723179 -0.37494013
v 0.11755752 -0.29498309 -0.37945187
v 0.11064238 -0.29501107 -0.38002598
v 0.11334214 -0.31475371 -0.38419518
v 0.11474097 -0.31590110 -0.37965354
v 0.11036072 -0.31848437 -0.38139594
v 0.11474097 -0.31590110 -0.37965354
v 0.11184756 -0.32042575 -0.37512073
v 0.11036072 -0.31848437 -0.38139594
v 0.11254086 -0.30708995 -0.39777395
v 0.11476782 -0.30906606 -0.39300308
v 0.11055196 -0.31057459 -0.39565948
v 0.11614033 -0.31045958 -0.38894600
v 0.11334214 -0.31475371 -0.38419518
v 0.11104304 -0.31397271 -0.38935876
v 0.10654746 -0.29438043 -0.40070659
v 0.11052470 -0.29147702 -0.39563978
v 0.11084892 -0.29297379 -0.40567923
v 0.08846450 -0.30207446 -0.40252042
v 0.08962648 -0.30024558 -0.39581561
v 0.09189133 -0.30077323 -0.40252364
v 0.09189133 -0.30077323 -0.40252364
v 0.09682045 -0.29712650 -0.39565966
v 0.09698915 -0.29895687 -0.40247962
v 0.09981009 -0.31490481 -0.39859262
v 0.09529805 -0.31649396 -0.40035683
v 0.09749720 -0.31240186 -0.40306270
v 0.09529805 -0.31649396 -0.40035683
v 0.09175013 -0.32105342 -0.39746967
v 0.08966135 -0.31860548 -0.40238911
v 0.10779298 -0.30886912 -0.39940989
v 0.10443342 -0.31397101 -0.39616898
v 0.10399412 -0.31035507 -0.40077791
v 0.11254086 -0.30708995 -0.39777395
v 0.10779298 -0.30886912 -0.39940989
v 0.11052816 -0.30496365 -0.40089175
v 0.09698915 -0.29895687 -0.40247962
v 0.10192882 -0.29489067 -0.39423501
v 0.10562322 -0.29662815 -0.40767419
v 0.10399412 -0.31035507 -0.40077791
v 0.09981009 -0.31490481 -0.39859262
v 0.09749720 -0.31240186 -0.40306270
v 0.11988024 -0.29844242 -0.39759865
v 0.11472031 -0.30231929 -0.39951095
v 0.11624189 -0.29829159 -0.40059984
v 0.10654746 -0.29438043 -0.40070659
v 0.10888103 -0.29445592 -0.40660182
v 0.10562322 -0.29662815 -0.40767419
v 0.10192882 -0.29489067 -0.39423501
v 0.10547946 -0.29367986 -0.38868067
v 0.10545257 -0.29368934 -0.39565417
v 0.11064238 -0.29501107 -0.38002598
v 0.10663694 -0.29454052 -0.38478869
v 0.10406477 -0.29607040 -0.38218650
v 0.10213804 -0.29524601 -0.38872430
v 0.10663694 -0.29454052 -0.38478869
v 0.10547946 -0.29367986 -0.38868067
v 0.12612665 -0.29189867 -0.38843468
v 0.12147975 -0.29857972 -0.39552069
v 0.12533019 -0.28694052 -0.40002322
v 0.12363899 -0.28712320 -0.40097377
v 0.12147975 -0.29857972 -0.39552069
v 0.11988024 -0.29844242 -0.39759865
v 0.12632747 -0.29573366 -0.38101670
v 0.11756654 -0.29317451 -0.38278797
v 0.11755752 -0.29498309 -0.37945187
v 0.12623721 -0.29436383 -0.38424972
v 0.12356275 -0.29825610 -0.38881943
v 0.12612665 -0.29189867 -0.38843468
v 0.10654746 -0.29438043 -0.40070659
v 0.10192882 -0.29489067 -0.39423501
v 0.10545257 -0.29368934 -0.39565417
v 0.11988024 -0.29844242 -0.39759865
v 0.11862192 -0.28907371 -0.40348324
v 0.12363899 -0.28712320 -0.40097377
v 0.11084892 -0.29297379 -0.40567923
v 0.11624189 -0.29829159 -0.40059984
v 0.10888103 -0.29445592 -0.40660182
v 0.11064238 -0.29501107 -0.38002598
v 0.11756654 -0.29317451 -0.38278797
v 0.11061431 -0.29358795 -0.38344944
v 0.11052470 -0.29147702 -0.39563978
v 0.11862192 -0.28907371 -0.40348324
v 0.11084892 -0.29297379 -0.40567923
v 0.11472031 -0.30231929 -0.39951095
v 0.11254086 -0.30708995 -0.39777395
v 0.11052816 -0.30496365 -0.40089175
v 0.09428161 -0.32260695 -0.39285395
v 0.09038990 -0.32736793 -0.38895619
v 0.08976051 -0.32370248 -0.39538234
v 0.09935988 -0.32839993 -0.37715924
v 0.09474290 -0.32971936 -0.37991264
v 0.09708907 -0.32728791 -0.38215157
v 0.09279691 -0.32858425 -0.38450712
v 0.09474290 -0.32971936 -0.37991264
v 0.09040885 -0.33117709 -0.38214377
v 0.09474290 -0.32971936 -0.37991264
v 0.09030197 -0.33451521 -0.37537000
v 0.09040885 -0.33117709 -0.38214377
v 0.10729200 -0.32216993 -0.37853667
v 0.10352043 -0.32656375 -0.37495321
v 0.10357460 -0.32344675 -0.38131249
v 0.09935988 -0.32839993 -0.37715924
v 0.10097608 -0.32938191 -0.37255552
v 0.09710602 -0.33084336 -0.37500206
v 0.10357460 -0.32344675 -0.38131249
v 0.09935988 -0.32839993 -0.37715924
v 0.09708907 -0.32728791 -0.38215157
v 0.09279691 -0.32858425 -0.38450712
v 0.08820929 -0.32981345 -0.38673219
v 0.09038990 -0.32736793 -0.38895619
v 0.09679388 -0.32382959 -0.38854486
v 0.09279691 -0.32858425 -0.38450712
v 0.09038990 -0.32736793 -0.38895619
v 0.10100588 -0.32253855 -0.38601190
v 0.09708907 -0.32728791 -0.38215157
v 0.09679388 -0.32382959 -0.38854486
v 0.09318472 -0.30825096 -0.36443943
v 0.09756070 -0.30386135 -0.36879811
v 0.09055917 -0.30738899 -0.36867923
v 0.09381006 -0.31544226 -0.35133410
v 0.09831399 -0.31408203 -0.34931526
v 0.09687113 -0.31169221 -0.35441077
v 0.09381006 -0.31544226 -0.35133410
v 0.09017426 -0.31441447 -0.35642642
v 0.09018821 -0.31652957 -0.35301828
v 0.09014604 -0.31992400 -0.34755591
v 0.09381006 -0.31544226 -0.35133410
v 0.09018821 -0.31652957 -0.35301828
v 0.10375105 -0.30220008 -0.36676717
v 0.11067978 -0.30005726 -0.36880830
v 0.10375652 -0.30068552 -0.37020168
v 0.10369752 -0.30465442 -0.36114806
v 0.11068455 -0.30162951 -0.36538169
v 0.10375105 -0.30220008 -0.36676717
v 0.10370649 -0.30910176 -0.35270908
v 0.11066104 -0.31074822 -0.34746239
v 0.11067690 -0.30855319 -0.35159287
v 0.10375105 -0.30220008 -0.36676717
v 0.10036162 -0.30158561 -0.37160406
v 0.09756070 -0.30386135 -0.36879811
v 0.09743941 -0.30736929 -0.36179519
v 0.10375105 -0.30220008 -0.36676717
v 0.09756070 -0.30386135 -0.36879811
v 0.10118475 -0.31569919 -0.34482861
v 0.09831399 -0.31408203 -0.34931526
v 0.09638551 -0.31647456 -0.34725609
v 0.09831399 -0.31408203 -0.34931526
v 0.10370649 -0.30910176 -0.35270908
v 0.09687113 -0.31169221 -0.35441077
v 0.10370842 -0.30720606 -0.35614929
v 0.11068130 -0.30356002 -0.36121571
v 0.10369752 -0.30465442 -0.36114806
v 0.09017426 -0.31441447 -0.35642642
v 0.09551863 -0.30947468 -0.35985816
v 0.09060800 -0.31104854 -0.36185560
v 0.08860203 -0.30940479 -0.36674464
v 0.09318472 -0.30825096 -0.36443943
v 0.09055917 -0.30738899 -0.36867923
v 0.09551863 -0.30947468 -0.35985816
v 0.09318472 -0.30825096 -0.36443943
v 0.09060800 -0.31104854 -0.36185560
v 0.10370649 -0.30910176 -0.35270908
v 0.11067500 -0.30667472 -0.35497129
v 0.10370842 -0.30720606 -0.35614929
v 0.09551863 -0.30947468 -0.35985816
v 0.10009938 -0.30830306 -0.35766873
v 0.09743941 -0.30736929 -0.36179519
v 0.10370649 -0.30910176 -0.35270908
v 0.10009938 -0.30830306 -0.35766873
v 0.09687113 -0.31169221 -0.35441077
v 0.10009938 -0.30830306 -0.35766873
v 0.10369752 -0.30465442 -0.36114806
v 0.09743941 -0.30736929 -0.36179519
v 0.11063640 -0.31627566 -0.33888841
v 0.10569611 -0.31457087 -0.34329256
v 0.10349075 -0.31715953 -0.34078056
v 0.10375649 -0.32092229 -0.33618820
v 0.11063640 -0.31627566 -0.33888841
v 0.10349075 -0.31715953 -0.34078056
v 0.10010182 -0.32198790 -0.33725402
v 0.10349075 -0.31715953 -0.34078056
v 0.09735151 -0.32027245 -0.34078845
v 0.12702394 -0.30193016 -0.36667216
v 0.11754216 -0.30033889 -0.36898220
v 0.11753974 -0.30201036 -0.36557686
v 0.11753974 -0.30201036 -0.36557686
v 0.12690693 -0.30479732 -0.36054531
v 0.12702394 -0.30193016 -0.36667216
v 0.12094133 -0.31525746 -0.36468780
v 0.11698799 -0.31935015 -0.36817852
v 0.12043740 -0.31449836 -0.36824253
v 0.12094133 -0.31525746 -0.36468780
v 0.12141605 -0.31620625 -0.36012161
v 0.11959624 -0.31880480 -0.36209178
v 0.12237701 -0.31112054 -0.36826313
v 0.12094133 -0.31525746 -0.36468780
v 0.12043740 -0.31449836 -0.36824253
v 0.12593599 -0.31177232 -0.34661984
v 0.12195690 -0.31736064 -0.35453916
v 0.12654102 -0.30870020 -0.35254931
v 0.11754236 -0.30879793 -0.35177290
v 0.12593599 -0.31177232 -0.34661984
v 0.12654102 -0.30870020 -0.35254931
v 0.12195690 -0.31736064 -0.35453916
v 0.12080376 -0.32174009 -0.34979984
v 0.12026206 -0.32086039 -0.35456991
v 0.11754231 -0.30705965 -0.35519940
v 0.12690693 -0.30479732 -0.36054531
v 0.11753984 -0.30404055 -0.36140516
v 0.12195690 -0.31736064 -0.35453916
v 0.12275405 -0.31251377 -0.36198676
v 0.12654102 -0.30870020 -0.35254931
v 0.12141605 -0.31620625 -0.36012161
v 0.12026206 -0.32086039 -0.35456991
v 0.11959624 -0.31880480 -0.36209178
v 0.12690693 -0.30479732 -0.36054531
v 0.12237701 -0.31112054 -0.36826313
v 0.12702394 -0.30193016 -0.36667216
v 0.12654102 -0.30870020 -0.35254931
v 0.11754231 -0.30705965 -0.35519940
v 0.11754236 -0.30879793 -0.35177290
v 0.12654102 -0.30870020 -0.35254931
v 0.12690693 -0.30479732 -0.36054531
v 0.12688172 -0.30707595 -0.35571444
v 0.12501568 -0.31589851 -0.33883306
v 0.11754201 -0.31397721 -0.34201825
v 0.11753429 -0.31596023 -0.33853921
v 0.11753429 -0.31596023 -0.33853921
v 0.12447719 -0.31916422 -0.33274487
v 0.12501568 -0.31589851 -0.33883306
v 0.11935540 -0.32164937 -0.32965565
v 0.12447719 -0.31916422 -0.33274487
v 0.11720503 -0.31952497 -0.33332047
v 0.11753974 -0.30201036 -0.36557686
v 0.11067978 -0.30005726 -0.36880830
v 0.11068455 -0.30162951 -0.36538169
v 0.11068130 -0.30356002 -0.36121571
v 0.11753974 -0.30201036 -0.36557686
v 0.11068455 -0.30162951 -0.36538169
v 0.11067690 -0.30855319 -0.35159287
v 0.11754359 -0.31092271 -0.34765708
v 0.11754236 -0.30879793 -0.35177290
v 0.11754236 -0.30879793 -0.35177290
v 0.11067500 -0.30667472 -0.35497129
v 0.11067690 -0.30855319 -0.35159287
v 0.11067500 -0.30667472 -0.35497129
v 0.11753984 -0.30404055 -0.36140516
v 0.11068130 -0.30356002 -0.36121571
v 0.11063640 -0.31627566 -0.33888841
v 0.11754201 -0.31397721 -0.34201825
v 0.11065555 -0.31394011 -0.34233707
v 0.11061407 -0.31969148 -0.33476496
v 0.11753429 -0.31596023 -0.33853921
v 0.11063640 -0.31627566 -0.33888841
v 0.09242488 -0.32146505 -0.34336460
v 0.09638551 -0.31647456 -0.34725609
v 0.09014604 -0.31992400 -0.34755591
v 0.10118475 -0.31569919 -0.34482861
v 0.10569611 -0.31457087 -0.34329256
v 0.10346120 -0.31266850 -0.34707171
v 0.10569611 -0.31457087 -0.34329256
v 0.11066104 -0.31074822 -0.34746239
v 0.10346120 -0.31266850 -0.34707171
v 0.09735151 -0.32027245 -0.34078845
v 0.10118475 -0.31569919 -0.34482861
v 0.09638551 -0.31647456 -0.34725609
v 0.12550189 -0.31410682 -0.34216896
v 0.12220712 -0.31912273 -0.34756994
v 0.12593599 -0.31177232 -0.34661984
v 0.11754201 -0.31397721 -0.34201825
v 0.12593599 -0.31177232 -0.34661984
v 0.11754359 -0.31092271 -0.34765708
v 0.11065555 -0.31394011 -0.34233707
v 0.11754359 -0.31092271 -0.34765708
v 0.11066104 -0.31074822 -0.34746239
v 0.09413292 -0.33616757 -0.36574239
v 0.09022333 -0.33981764 -0.36142907
v 0.09029137 -0.33745012 -0.36815545
v 0.09184948 -0.34214047 -0.34769940
v 0.08773867 -0.34329647 -0.35322347
v 0.09012420 -0.34173623 -0.35514441
v 0.09756790 -0.33786634 -0.35488802
v 0.09184948 -0.34214047 -0.34769940
v 0.09012420 -0.34173623 -0.35514441
v 0.10700969 -0.32883248 -0.36437467
v 0.10238265 -0.33031982 -0.36825281
v 0.10576411 -0.32796907 -0.36822608
v 0.10700969 -0.32883248 -0.36437467
v 0.10826919 -0.32973406 -0.35980657
v 0.10442777 -0.33158642 -0.36184141
v 0.11094692 -0.32440183 -0.36807275
v 0.10700969 -0.32883248 -0.36437467
v 0.10576411 -0.32796907 -0.36822608
v 0.11081429 -0.33063105 -0.35397077
v 0.10595971 -0.33527499 -0.34773913
v 0.10373428 -0.33443612 -0.35488561
v 0.10238265 -0.33031982 -0.36825281
v 0.09894416 -0.33505288 -0.36140284
v 0.09673032 -0.33393288 -0.36815944
v 0.10127302 -0.33627760 -0.35277680
v 0.09721408 -0.33983383 -0.34772354
v 0.09756790 -0.33786634 -0.35488802
v 0.11296422 -0.32824162 -0.35576680
v 0.10826919 -0.32973406 -0.35980657
v 0.11071858 -0.32734033 -0.36187127
v 0.10826919 -0.32973406 -0.35980657
v 0.10373428 -0.33443612 -0.35488561
v 0.10442777 -0.33158642 -0.36184141
v 0.09554004 -0.33698115 -0.36141336
v 0.09012420 -0.34173623 -0.35514441
v 0.09022333 -0.33981764 -0.36142907
v 0.09894416 -0.33505288 -0.36140284
v 0.09413292 -0.33616757 -0.36574239
v 0.09673032 -0.33393288 -0.36815944
v 0.09260234 -0.33538091 -0.37033978
v 0.09413292 -0.33616757 -0.36574239
v 0.09029137 -0.33745012 -0.36815545
v 0.10595971 -0.33527499 -0.34773913
v 0.10127302 -0.33627760 -0.35277680
v 0.10373428 -0.33443612 -0.35488561
v 0.10013945 -0.33569622 -0.35736147
v 0.09554004 -0.33698115 -0.36141336
v 0.09894416 -0.33505288 -0.36140284
v 0.10013945 -0.33569622 -0.35736147
v 0.10127302 -0.33627760 -0.35277680
v 0.09756790 -0.33786634 -0.35488802
v 0.10442777 -0.33158642 -0.36184141
v 0.10013945 -0.33569622 -0.35736147
v 0.09894416 -0.33505288 -0.36140284
v 0.08741346 -0.32950562 -0.33786088
v 0.09191195 -0.32784268 -0.33643878
v 0.08977301 -0.32513949 -0.34040049
v 0.09040734 -0.33257052 -0.33398402
v 0.09739928 -0.32547224 -0.33546150
v 0.09191195 -0.32784268 -0.33643878
v 0.09191195 -0.32784268 -0.33643878
v 0.09545209 -0.32322523 -0.33868036
v 0.08977301 -0.32513949 -0.34040049
v 0.08678090 -0.34272152 -0.33733109
v 0.09116603 -0.34192804 -0.34079465
v 0.08910296 -0.33991206 -0.32993919
v 0.09731953 -0.33733618 -0.33377540
v 0.09116603 -0.34192804 -0.34079465
v 0.09710380 -0.33939159 -0.34080040
v 0.11083622 -0.33198076 -0.33391643
v 0.10655017 -0.33590966 -0.34177095
v 0.11120470 -0.33354852 -0.34107643
v 0.11017327 -0.32974607 -0.32683909
v 0.10575982 -0.32803258 -0.32986060
v 0.10498367 -0.33214569 -0.32766694
v 0.09856141 -0.33528748 -0.32834244
v 0.10352983 -0.32550994 -0.33245295
v 0.09739928 -0.32547224 -0.33546150
v 0.10152479 -0.33632529 -0.33587492
v 0.09710380 -0.33939159 -0.34080040
v 0.10321954 -0.33726698 -0.34264758
v 0.09354334 -0.33583033 -0.33055198
v 0.09856141 -0.33528748 -0.32834244
v 0.09040734 -0.33257052 -0.33398402
v 0.10280891 -0.33332041 -0.32779974
v 0.10575982 -0.32803258 -0.32986060
v 0.10352983 -0.32550994 -0.33245295
v 0.10575982 -0.32803258 -0.32986060
v 0.11065875 -0.32330254 -0.33152169
v 0.10352983 -0.32550994 -0.33245295
v 0.11017327 -0.32974607 -0.32683909
v 0.10280891 -0.33332041 -0.32779974
v 0.11083622 -0.33198076 -0.33391643
v 0.09521637 -0.33710948 -0.32869557
v 0.08910296 -0.33991206 -0.32993919
v 0.09731953 -0.33733618 -0.33377540
v 0.09521637 -0.33710948 -0.32869557
v 0.09354334 -0.33583033 -0.33055198
v 0.09206101 -0.33855912 -0.32914945
v 0.10152479 -0.33632529 -0.33587492
v 0.10655017 -0.33590966 -0.34177095
v 0.10280891 -0.33332041 -0.32779974
v 0.08910296 -0.33991206 -0.32993919
v 0.09354334 -0.33583033 -0.33055198
v 0.09040734 -0.33257052 -0.33398402
v 0.09521637 -0.33710948 -0.32869557
v 0.09856141 -0.33528748 -0.32834244
v 0.09703819 -0.33620149 -0.32855028
v 0.10152479 -0.33632529 -0.33587492
v 0.09856141 -0.33528748 -0.32834244
v 0.09731953 -0.33733618 -0.33377540
v 0.11874381 -0.32632202 -0.34786195
v 0.11412799 -0.32901198 -0.35113698
v 0.11652865 -0.32602841 -0.35399011
v 0.11513813 -0.32989436 -0.33392361
v 0.11927973 -0.32751873 -0.34077689
v 0.11939204 -0.32567355 -0.32561174
v 0.12158406 -0.32316801 -0.33396739
v 0.11927973 -0.32751873 -0.34077689
v 0.12155918 -0.32299170 -0.34085774
v 0.11424757 -0.32905388 -0.33037999
v 0.11939204 -0.32567355 -0.32561174
v 0.12178040 -0.32422292 -0.32436153
v 0.12414263 -0.32192129 -0.32579708
v 0.11939204 -0.32567355 -0.32561174
v 0.12158406 -0.32316801 -0.33396739
v 0.11450584 -0.32253957 -0.36561498
v 0.11071858 -0.32734033 -0.36187127
v 0.11094692 -0.32440183 -0.36807275
v 0.11296422 -0.32824162 -0.35576680
v 0.11412799 -0.32901198 -0.35113698
v 0.11081429 -0.33063105 -0.35397077
v 0.11412799 -0.32901198 -0.35113698
v 0.11100516 -0.33261815 -0.34780395
v 0.11081429 -0.33063105 -0.35397077
v 0.11560500 -0.32362327 -0.36146232
v 0.11296422 -0.32824162 -0.35576680
v 0.11071858 -0.32734033 -0.36187127
v 0.11578762 -0.33039802 -0.34085140
v 0.11083622 -0.33198076 -0.33391643
v 0.11120470 -0.33354852 -0.34107643
v 0.11424757 -0.32905388 -0.33037999
v 0.11122000 -0.32896617 -0.32634905
v 0.11017327 -0.32974607 -0.32683909
v 0.11122000 -0.32896617 -0.32634905
v 0.11939204 -0.32567355 -0.32561174
v 0.11065875 -0.32330254 -0.33152169
v 0.11424757 -0.32905388 -0.33037999
v 0.11083622 -0.33198076 -0.33391643
v 0.11513813 -0.32989436 -0.33392361
v 0.11100516 -0.33261815 -0.34780395
v 0.10655017 -0.33590966 -0.34177095
v 0.10595971 -0.33527499 -0.34773913
v 0.09116603 -0.34192804 -0.34079465
v 0.08842346 -0.34370622 -0.34769949
v 0.09184948 -0.34214047 -0.34769940
v 0.09710380 -0.33939159 -0.34080040
v 0.09184948 -0.34214047 -0.34769940
v 0.09721408 -0.33983383 -0.34772354
v 0.10321954 -0.33726698 -0.34264758
v 0.10595971 -0.33527499 -0.34773913
v 0.10655017 -0.33590966 -0.34177095
v 0.10321954 -0.33726698 -0.34264758
v 0.09721408 -0.33983383 -0.34772354
v 0.10262304 -0.33720398 -0.34776112
v 0.11927973 -0.32751873 -0.34077689
v 0.11492506 -0.32969484 -0.34773374
v 0.11874381 -0.32632202 -0.34786195
v 0.12111496 -0.32246396 -0.34522188
v 0.11927973 -0.32751873 -0.34077689
v 0.11874381 -0.32632202 -0.34786195
v 0.11492506 -0.32969484 -0.34773374
v 0.11120470 -0.33354852 -0.34107643
v 0.11100516 -0.33261815 -0.34780395
v 0.08324376 -0.30418608 -0.40250129
v 0.09053472 -0.30418938 -0.41259435
v 0.08439844 -0.30629277 -0.41405809
v 0.08343918 -0.31178251 -0.41082281
v 0.08725365 -0.31568518 -0.40621221
v 0.08334303 -0.31721085 -0.40731049
v 0.08725365 -0.31568518 -0.40621221
v 0.08341670 -0.32074860 -0.40446210
v 0.08334303 -0.31721085 -0.40731049
v 0.08439844 -0.30629277 -0.41405809
v 0.08983258 -0.31185633 -0.40771407
v 0.08343918 -0.31178251 -0.41082281
v 0.08340964 -0.30276033 -0.39474624
v 0.08734321 -0.30168554 -0.38873470
v 0.08690321 -0.30146542 -0.39581051
v 0.08483168 -0.30736399 -0.37500608
v 0.08994263 -0.30250782 -0.38135782
v 0.08261111 -0.30614635 -0.38139018
v 0.08261111 -0.30614635 -0.38139018
v 0.08734321 -0.30168554 -0.38873470
v 0.08314965 -0.30383834 -0.38872606
v 0.08324376 -0.30418608 -0.40250129
v 0.08690321 -0.30146542 -0.39581051
v 0.08846450 -0.30207446 -0.40252042
v 0.08577795 -0.32848865 -0.39129716
v 0.08820929 -0.32981345 -0.38673219
v 0.08347893 -0.33114660 -0.38898471
v 0.08976051 -0.32370248 -0.39538234
v 0.08577795 -0.32848865 -0.39129716
v 0.08345641 -0.32710180 -0.39568895
v 0.09040885 -0.33117709 -0.38214377
v 0.08608542 -0.33553272 -0.37774849
v 0.08363191 -0.33458263 -0.38215217
v 0.08608542 -0.33553272 -0.37774849
v 0.08799443 -0.33650401 -0.37317422
v 0.08364576 -0.33779794 -0.37535241
v 0.08820929 -0.32981345 -0.38673219
v 0.08363191 -0.33458263 -0.38215217
v 0.08347893 -0.33114660 -0.38898471
v 0.08713919 -0.32240656 -0.39941058
v 0.08345641 -0.32710180 -0.39568895
v 0.08337277 -0.32361907 -0.40095362
v 0.08388425 -0.31428924 -0.36185139
v 0.08860203 -0.30940479 -0.36674464
v 0.08368374 -0.31076932 -0.36861411
v 0.09018821 -0.31652957 -0.35301828
v 0.08669811 -0.31529275 -0.35793895
v 0.08356850 -0.31880268 -0.35476679
v 0.08508826 -0.32123843 -0.34975424
v 0.09018821 -0.31652957 -0.35301828
v 0.08356850 -0.31880268 -0.35476679
v 0.08860203 -0.30940479 -0.36674464
v 0.08641049 -0.30829608 -0.37132591
v 0.08368374 -0.31076932 -0.36861411
v 0.08669811 -0.31529275 -0.35793895
v 0.09060800 -0.31104854 -0.36185560
v 0.08388425 -0.31428924 -0.36185139
v 0.09029137 -0.33745012 -0.36815545
v 0.08550299 -0.34217826 -0.36142159
v 0.08310026 -0.34104615 -0.36814213
v 0.08661094 -0.34264290 -0.35776106
v 0.08773867 -0.34329647 -0.35322347
v 0.08400515 -0.34470120 -0.35514399
v 0.08773867 -0.34329647 -0.35322347
v 0.08349583 -0.34608245 -0.34769005
v 0.08400515 -0.34470120 -0.35514399
v 0.09022333 -0.33981764 -0.36142907
v 0.08661094 -0.34264290 -0.35776106
v 0.08550299 -0.34217826 -0.36142159
v 0.08741346 -0.32950562 -0.33786088
v 0.08322288 -0.32755303 -0.34262702
v 0.08252998 -0.33185217 -0.33873564
v 0.08444998 -0.33396018 -0.33607876
v 0.08741346 -0.32950562 -0.33786088
v 0.08252998 -0.33185217 -0.33873564
v 0.08678090 -0.34272152 -0.33733109
v 0.08389865 -0.34211814 -0.33113405
v 0.08204605 -0.34305215 -0.33131510
v 0.08678090 -0.34272152 -0.33733109
v 0.08338419 -0.34505606 -0.34079960
v 0.08774229 -0.34337518 -0.34079313
v 0.08910296 -0.33991206 -0.32993919
v 0.08444998 -0.33396018 -0.33607876
v 0.08389865 -0.34211814 -0.33113405
v 0.08322288 -0.32755303 -0.34262702
v 0.08787047 -0.32280779 -0.34519464
v 0.08294562 -0.32396409 -0.34748584
v 0.08774229 -0.34337518 -0.34079313
v 0.08349583 -0.34608245 -0.34769005
v 0.08842346 -0.34370622 -0.34769949
v 0.07326919 -0.31552386 -0.37218085
v 0.07799486 -0.31399992 -0.36808318
v 0.07566811 -0.31252599 -0.37458587
v 0.07799486 -0.31399992 -0.36808318
v 0.08138312 -0.30913165 -0.37499776
v 0.07566811 -0.31252599 -0.37458587
v 0.08138312 -0.30913165 -0.37499776
v 0.08641049 -0.30829608 -0.37132591
v 0.08483168 -0.30736399 -0.37500608
v 0.07046835 -0.31978920 -0.36817798
v 0.07326919 -0.31552386 -0.37218085
v 0.06911861 -0.31826726 -0.37420684
v 0.09536138 -0.30231750 -0.37503102
v 0.10036162 -0.30158561 -0.37160406
v 0.09881582 -0.30085766 -0.37505651
v 0.09055917 -0.30738899 -0.36867923
v 0.09536138 -0.30231750 -0.37503102
v 0.09007982 -0.30481774 -0.37502262
v 0.10375652 -0.30068552 -0.37020168
v 0.11066136 -0.29723179 -0.37494013
v 0.10376100 -0.29878116 -0.37496510
v 0.10036162 -0.30158561 -0.37160406
v 0.10376100 -0.29878116 -0.37496510
v 0.09881582 -0.30085766 -0.37505651
v 0.12716098 -0.30037409 -0.36990362
v 0.12355920 -0.30500236 -0.37506568
v 0.12672821 -0.29826158 -0.37459311
v 0.11754216 -0.30033889 -0.36898220
v 0.12672821 -0.29826158 -0.37459311
v 0.11754829 -0.29725870 -0.37501395
v 0.12043740 -0.31449836 -0.36824253
v 0.11595226 -0.31715155 -0.37518904
v 0.11935087 -0.31311223 -0.37514898
v 0.12237701 -0.31112054 -0.36826313
v 0.11935087 -0.31311223 -0.37514898
v 0.12158678 -0.30957600 -0.37509868
v 0.12237701 -0.31112054 -0.36826313
v 0.12355920 -0.30500236 -0.37506568
v 0.12702394 -0.30193016 -0.36667216
v 0.11066136 -0.29723179 -0.37494013
v 0.11754216 -0.30033889 -0.36898220
v 0.11754829 -0.29725870 -0.37501395
v 0.11595226 -0.31715155 -0.37518904
v 0.11327112 -0.32148275 -0.37017161
v 0.11184756 -0.32042575 -0.37512073
v 0.04836994 -0.34243619 -0.37263876
v 0.05135143 -0.34083283 -0.36833602
v 0.04835816 -0.34114388 -0.37564766
v 0.05135143 -0.34083283 -0.36833602
v 0.04808229 -0.34134009 -0.37563661
v 0.04835816 -0.34114388 -0.37564766
v 0.05791890 -0.34478533 -0.37554437
v 0.04837057 -0.34454298 -0.36840335
v 0.04836994 -0.34243619 -0.37263876
v 0.05509935 -0.33170694 -0.37416795
v 0.05348456 -0.33716947 -0.36822537
v 0.05674812 -0.33314198 -0.36815318
v 0.05938109 -0.32904539 -0.37174806
v 0.06374126 -0.32652193 -0.36825880
v 0.06242987 -0.32522291 -0.37409484
v 0.06374126 -0.32652193 -0.36825880
v 0.06622294 -0.32219961 -0.37175429
v 0.06242987 -0.32522291 -0.37409484
v 0.06967500 -0.34667900 -0.36832869
v 0.06279292 -0.34514314 -0.37524721
v 0.06913519 -0.34383014 -0.37498760
v 0.07859343 -0.34214476 -0.37027490
v 0.07404123 -0.34311846 -0.37251961
v 0.07640109 -0.34111416 -0.37494153
v 0.08364576 -0.33779794 -0.37535241
v 0.07859343 -0.34214476 -0.37027490
v 0.07640109 -0.34111416 -0.37494153
v 0.07404123 -0.34311846 -0.37251961
v 0.06967500 -0.34667900 -0.36832869
v 0.06913519 -0.34383014 -0.37498760
v 0.05674812 -0.33314198 -0.36815318
v 0.05938109 -0.32904539 -0.37174806
v 0.05509935 -0.33170694 -0.37416795
v 0.06279292 -0.34514314 -0.37524721
v 0.05773403 -0.34842438 -0.36797675
v 0.05791890 -0.34478533 -0.37554437
v 0.09710602 -0.33084336 -0.37500206
v 0.09260234 -0.33538091 -0.37033978
v 0.09030197 -0.33451521 -0.37537000
v 0.10576411 -0.32796907 -0.36822608
v 0.10097608 -0.32938191 -0.37255552
v 0.10352043 -0.32656375 -0.37495321
v 0.10842133 -0.32308051 -0.37512189
v 0.10576411 -0.32796907 -0.36822608
v 0.10352043 -0.32656375 -0.37495321
v 0.09260234 -0.33538091 -0.37033978
v 0.08799443 -0.33650401 -0.37317422
v 0.09030197 -0.33451521 -0.37537000
v 0.10097608 -0.32938191 -0.37255552
v 0.09673032 -0.33393288 -0.36815944
v 0.09710602 -0.33084336 -0.37500206
v 0.05131819 -0.31908962 -0.41991684
v 0.04838546 -0.32301170 -0.41512117
v 0.04911081 -0.32143986 -0.41617396
v 0.04867551 -0.32516071 -0.41042277
v 0.05201488 -0.32157177 -0.40421352
v 0.05163441 -0.32111233 -0.40933114
v 0.04767853 -0.32795960 -0.40446222
v 0.05201488 -0.32157177 -0.40421352
v 0.04807672 -0.32797399 -0.40431798
v 0.04911081 -0.32143986 -0.41617396
v 0.04867551 -0.32516071 -0.41042277
v 0.05163441 -0.32111233 -0.40933114
v 0.05313735 -0.32304901 -0.39553922
v 0.05802418 -0.32116243 -0.39010590
v 0.05512185 -0.32062048 -0.39550158
v 0.06970212 -0.32076770 -0.41204190
v 0.06324719 -0.32647303 -0.41069102
v 0.06230330 -0.31493151 -0.41781056
v 0.07959581 -0.32196990 -0.40569448
v 0.07512575 -0.32352847 -0.40719339
v 0.07679383 -0.31912133 -0.40986541
v 0.07959581 -0.32196990 -0.40569448
v 0.08337277 -0.32361907 -0.40095362
v 0.07695447 -0.32606891 -0.40296555
v 0.06230330 -0.31493151 -0.41781056
v 0.06125881 -0.32283190 -0.41334009
v 0.06261577 -0.31574070 -0.41772577
v 0.06970212 -0.32076770 -0.41204190
v 0.07512575 -0.32352847 -0.40719339
v 0.06928807 -0.32563007 -0.40899366
v 0.06052381 -0.32328662 -0.38197795
v 0.06520258 -0.32118833 -0.37630939
v 0.06393158 -0.32017842 -0.38196251
v 0.06622294 -0.32219961 -0.37175429
v 0.06520258 -0.32118833 -0.37630939
v 0.06242987 -0.32522291 -0.37409484
v 0.05947468 -0.32226413 -0.38558167
v 0.06393158 -0.32017842 -0.38196251
v 0.06266323 -0.31860256 -0.38839087
v 0.05510302 -0.31799802 -0.40209177
v 0.05313735 -0.32304901 -0.39553922
v 0.05512185 -0.32062048 -0.39550158
v 0.06261577 -0.31574070 -0.41772577
v 0.05592088 -0.32272229 -0.41441754
v 0.05131819 -0.31908962 -0.41991684
v 0.05947468 -0.32226413 -0.38558167
v 0.05802418 -0.32116243 -0.39010590
v 0.05381971 -0.32559016 -0.38786370
v 0.06708317 -0.32297400 -0.36819956
v 0.07193974 -0.32115051 -0.36306876
v 0.07046835 -0.31978920 -0.36817798
v 0.08052652 -0.32254735 -0.35169587
v 0.08508826 -0.32123843 -0.34975424
v 0.08356850 -0.31880268 -0.35476679
v 0.08052652 -0.32254735 -0.35169587
v 0.07811741 -0.32108653 -0.35628116
v 0.07595161 -0.32359505 -0.35408747
v 0.07352189 -0.32248896 -0.35851884
v 0.07811741 -0.32108653 -0.35628116
v 0.07644456 -0.31862077 -0.36142412
v 0.07352189 -0.32248896 -0.35851884
v 0.07193974 -0.32115051 -0.36306876
v 0.06892422 -0.32498279 -0.36047935
v 0.09889358 -0.32122922 -0.39062712
v 0.09428161 -0.32260695 -0.39285395
v 0.09714566 -0.31894022 -0.39584288
v 0.09175013 -0.32105342 -0.39746967
v 0.09428161 -0.32260695 -0.39285395
v 0.08976051 -0.32370248 -0.39538234
v 0.11184756 -0.32042575 -0.37512073
v 0.10729200 -0.32216993 -0.37853667
v 0.11036072 -0.31848437 -0.38139594
v 0.10562854 -0.32107970 -0.38314691
v 0.10729200 -0.32216993 -0.37853667
v 0.10357460 -0.32344675 -0.38131249
v 0.10562854 -0.32107970 -0.38314691
v 0.10100588 -0.32253855 -0.38601190
v 0.10399110 -0.31883320 -0.38895828
v 0.09889358 -0.32122922 -0.39062712
v 0.10100588 -0.32253855 -0.38601190
v 0.09679388 -0.32382959 -0.38854486
v 0.09175013 -0.32105342 -0.39746967
v 0.08713919 -0.32240656 -0.39941058
v 0.08966135 -0.31860548 -0.40238911
v 0.09545209 -0.32322523 -0.33868036
v 0.10010182 -0.32198790 -0.33725402
v 0.09735151 -0.32027245 -0.34078845
v 0.09545209 -0.32322523 -0.33868036
v 0.09242488 -0.32146505 -0.34336460
v 0.08977301 -0.32513949 -0.34040049
v 0.11065875 -0.32330254 -0.33152169
v 0.10375649 -0.32092229 -0.33618820
v 0.10352983 -0.32550994 -0.33245295
v 0.10352983 -0.32550994 -0.33245295
v 0.10010182 -0.32198790 -0.33725402
v 0.09739928 -0.32547224 -0.33546150
v 0.11959624 -0.31880480 -0.36209178
v 0.11450584 -0.32253957 -0.36561498
v 0.11698799 -0.31935015 -0.36817852
v 0.12080376 -0.32174009 -0.34979984
v 0.11652865 -0.32602841 -0.35399011
v 0.12026206 -0.32086039 -0.35456991
v 0.12080376 -0.32174009 -0.34979984
v 0.12111496 -0.32246396 -0.34522188
v 0.11874381 -0.32632202 -0.34786195
v 0.12026206 -0.32086039 -0.35456991
v 0.11560500 -0.32362327 -0.36146232
v 0.11959624 -0.31880480 -0.36209178
v 0.12158406 -0.32316801 -0.33396739
v 0.12501568 -0.31589851 -0.33883306
v 0.12447719 -0.31916422 -0.33274487
v 0.12414263 -0.32192129 -0.32579708
v 0.11935540 -0.32164937 -0.32965565
v 0.12178040 -0.32422292 -0.32436153
v 0.11939204 -0.32567355 -0.32561174
v 0.11935540 -0.32164937 -0.32965565
v 0.11720503 -0.31952497 -0.33332047
v 0.12414263 -0.32192129 -0.32579708
v 0.12447719 -0.31916422 -0.33274487
v 0.12560014 -0.32063946 -0.32785097
v 0.08787047 -0.32280779 -0.34519464
v 0.09242488 -0.32146505 -0.34336460
v 0.09014604 -0.31992400 -0.34755591
v 0.12155918 -0.32299170 -0.34085774
v 0.12220712 -0.31912273 -0.34756994
v 0.12501568 -0.31589851 -0.33883306
v 0.11327112 -0.32148275 -0.37017161
v 0.11450584 -0.32253957 -0.36561498
v 0.11094692 -0.32440183 -0.36807275
v 0.11065875 -0.32330254 -0.33152169
v 0.11720503 -0.31952497 -0.33332047
v 0.11061407 -0.31969148 -0.33476496
v 0.06622294 -0.32219961 -0.37175429
v 0.07046835 -0.31978920 -0.36817798
v 0.06911861 -0.31826726 -0.37420684
v 0.11327112 -0.32148275 -0.37017161
v 0.10842133 -0.32308051 -0.37512189
v 0.11184756 -0.32042575 -0.37512073
v 0.08341670 -0.32074860 -0.40446210
v 0.08713919 -0.32240656 -0.39941058
v 0.08337277 -0.32361907 -0.40095362
v 0.08787047 -0.32280779 -0.34519464
v 0.08508826 -0.32123843 -0.34975424
v 0.08294562 -0.32396409 -0.34748584
v 0.08641049 -0.30829608 -0.37132591
v 0.09007982 -0.30481774 -0.37502262
v 0.08483168 -0.30736399 -0.37500608
v 0.08799443 -0.33650401 -0.37317422
v 0.08310026 -0.34104615 -0.36814213
v 0.08364576 -0.33779794 -0.37535241
v 0.05201488 -0.32157177 -0.40421352
v 0.05510302 -0.31799802 -0.40209177
v 0.05510984 -0.31699952 -0.40919730
v 0.04911081 -0.32143986 -0.41617396
v 0.05163441 -0.32111233 -0.40933114
v 0.05510984 -0.31699952 -0.40919730
v 0.06524418 -0.31472030 -0.41726115
v 0.06953602 -0.31274840 -0.41644847
v 0.06960195 -0.31718513 -0.41383067
v 0.06358422 -0.31415033 -0.40932819
v 0.06230330 -0.31493151 -0.41781056
v 0.06020602 -0.31556427 -0.40244266
v 0.06369761 -0.31395102 -0.40246886
v 0.06943188 -0.31055340 -0.40248349
v 0.06956935 -0.31150329 -0.40933347
v 0.07828069 -0.30791783 -0.40929985
v 0.07681855 -0.30674583 -0.40251738
v 0.08324376 -0.30418608 -0.40250129
v 0.08343918 -0.31178251 -0.41082281
v 0.08334303 -0.31721085 -0.40731049
v 0.07679383 -0.31912133 -0.40986541
v 0.08334303 -0.31721085 -0.40731049
v 0.08341670 -0.32074860 -0.40446210
v 0.07959581 -0.32196990 -0.40569448
v 0.06953602 -0.31274840 -0.41644847
v 0.07598485 -0.30972642 -0.41543689
v 0.07360634 -0.31573990 -0.41298240
v 0.06956935 -0.31150329 -0.40933347
v 0.06943188 -0.31055340 -0.40248349
v 0.07337289 -0.30837139 -0.40250012
v 0.07949246 -0.30804884 -0.41496724
v 0.07828069 -0.30791783 -0.40929985
v 0.08439844 -0.30629277 -0.41405809
v 0.06524418 -0.31472030 -0.41726115
v 0.06261577 -0.31574070 -0.41772577
v 0.06230330 -0.31493151 -0.41781056
v 0.06358422 -0.31415033 -0.40932819
v 0.06956935 -0.31150329 -0.40933347
v 0.06953602 -0.31274840 -0.41644847
v 0.06960195 -0.31718513 -0.41383067
v 0.06970212 -0.32076770 -0.41204190
v 0.06230330 -0.31493151 -0.41781056
v 0.07631259 -0.30962670 -0.41543844
v 0.07679383 -0.31912133 -0.40986541
v 0.07360634 -0.31573990 -0.41298240
v 0.08082408 -0.30799183 -0.41460618
v 0.08343918 -0.31178251 -0.41082281
v 0.07631259 -0.30962670 -0.41543844
v 0.07949246 -0.30804884 -0.41496724
v 0.08253050 -0.30674323 -0.41462255
v 0.08082408 -0.30799183 -0.41460618
v 0.07828069 -0.30791783 -0.40929985
v 0.07631259 -0.30962670 -0.41543844
v 0.07337289 -0.30837139 -0.40250012
v 0.07949246 -0.30804884 -0.41496724
v 0.07598485 -0.30972642 -0.41543689
v 0.07631259 -0.30962670 -0.41543844
v 0.08439844 -0.30629277 -0.41405809
v 0.08343918 -0.31178251 -0.41082281
v 0.08082408 -0.30799183 -0.41460618
v 0.06953602 -0.31274840 -0.41644847
v 0.06956935 -0.31150329 -0.40933347
v 0.07631259 -0.30962670 -0.41543844
v 0.07360634 -0.31573990 -0.41298240
v 0.07679383 -0.31912133 -0.40986541
v 0.06970212 -0.32076770 -0.41204190
v 0.06137051 -0.31666610 -0.39560854
v 0.06266323 -0.31860256 -0.38839087
v 0.06570452 -0.31493172 -0.39112854
v 0.06669472 -0.31579110 -0.38657120
v 0.06916311 -0.31298724 -0.38879701
v 0.06570452 -0.31493172 -0.39112854
v 0.06570452 -0.31493172 -0.39112854
v 0.06916311 -0.31298724 -0.38879701
v 0.06941529 -0.31101084 -0.39557618
v 0.06758785 -0.31659368 -0.38189691
v 0.06911861 -0.31826726 -0.37420684
v 0.07219318 -0.31456828 -0.37673962
v 0.06520258 -0.32118833 -0.37630939
v 0.06911861 -0.31826726 -0.37420684
v 0.06758785 -0.31659368 -0.38189691
v 0.07763697 -0.30701074 -0.38873854
v 0.08314965 -0.30383834 -0.38872606
v 0.08340964 -0.30276033 -0.39474624
v 0.07566811 -0.31252599 -0.37458587
v 0.08138312 -0.30913165 -0.37499776
v 0.08007837 -0.30857879 -0.37886247
v 0.06941529 -0.31101084 -0.39557618
v 0.06916311 -0.31298724 -0.38879701
v 0.07422404 -0.30922157 -0.38874185
v 0.07326919 -0.31552386 -0.37218085
v 0.07566811 -0.31252599 -0.37458587
v 0.07219318 -0.31456828 -0.37673962
v 0.07219318 -0.31456828 -0.37673962
v 0.07566811 -0.31252599 -0.37458587
v 0.07636517 -0.30975333 -0.38138485
v 0.07880320 -0.30778241 -0.38340747
v 0.08261111 -0.30614635 -0.38139018
v 0.08314965 -0.30383834 -0.38872606
v 0.06669472 -0.31579110 -0.38657120
v 0.06758785 -0.31659368 -0.38189691
v 0.07102323 -0.31361270 -0.38190156
v 0.06393158 -0.32017842 -0.38196251
v 0.06758785 -0.31659368 -0.38189691
v 0.06669472 -0.31579110 -0.38657120
v 0.07659145 -0.30632627 -0.39559057
v 0.07329983 -0.30853951 -0.39559698
v 0.07422404 -0.30922157 -0.38874185
v 0.08007837 -0.30857879 -0.37886247
v 0.08138312 -0.30913165 -0.37499776
v 0.08483168 -0.30736399 -0.37500608
v 0.08007837 -0.30857879 -0.37886247
v 0.08261111 -0.30614635 -0.38139018
v 0.07880320 -0.30778241 -0.38340747
v 0.07422404 -0.30922157 -0.38874185
v 0.07636517 -0.30975333 -0.38138485
v 0.07880320 -0.30778241 -0.38340747
v 0.07102323 -0.31361270 -0.38190156
v 0.07636517 -0.30975333 -0.38138485
v 0.07422404 -0.30922157 -0.38874185
v 0.05510984 -0.31699952 -0.40919730
v 0.05510302 -0.31799802 -0.40209177
v 0.06020602 -0.31556427 -0.40244266
v 0.05510984 -0.31699952 -0.40919730
v 0.06230330 -0.31493151 -0.41781056
v 0.06261577 -0.31574070 -0.41772577
v 0.05802418 -0.32116243 -0.39010590
v 0.06266323 -0.31860256 -0.38839087
v 0.06137051 -0.31666610 -0.39560854
v 0.07659145 -0.30632627 -0.39559057
v 0.08340964 -0.30276033 -0.39474624
v 0.08324376 -0.30418608 -0.40250129
v 0.06369761 -0.31395102 -0.40246886
v 0.06020602 -0.31556427 -0.40244266
v 0.06137051 -0.31666610 -0.39560854
v 0.06476389 -0.31433117 -0.39560229
v 0.06941529 -0.31101084 -0.39557618
v 0.06943188 -0.31055340 -0.40248349
v 0.07337289 -0.30837139 -0.40250012
v 0.07329983 -0.30853951 -0.39559698
v 0.07659145 -0.30632627 -0.39559057
v 0.06943188 -0.31055340 -0.40248349
v 0.06941529 -0.31101084 -0.39557618
v 0.07329983 -0.30853951 -0.39559698
v 0.05510302 -0.31799802 -0.40209177
v 0.05512185 -0.32062048 -0.39550158
v 0.06137051 -0.31666610 -0.39560854
v 0.05722418 -0.32642174 -0.41110483
v 0.05780555 -0.32944274 -0.40644184
v 0.05563699 -0.33092108 -0.40305421
v 0.04767853 -0.32795960 -0.40446222
v 0.05563699 -0.33092108 -0.40305421
v 0.04798143 -0.32974476 -0.40108541
v 0.04767853 -0.32795960 -0.40446222
v 0.04807672 -0.32797399 -0.40431798
v 0.04867551 -0.32516071 -0.41042277
v 0.05592088 -0.32272229 -0.41441754
v 0.05722418 -0.32642174 -0.41110483
v 0.04867551 -0.32516071 -0.41042277
v 0.04786493 -0.33211100 -0.39610186
v 0.04751220 -0.33499897 -0.38981560
v 0.05171117 -0.32785097 -0.38992670
v 0.04713748 -0.33512118 -0.38970396
v 0.05381971 -0.32559016 -0.38786370
v 0.05171117 -0.32785097 -0.38992670
v 0.05171117 -0.32785097 -0.38992670
v 0.05381971 -0.32559016 -0.38786370
v 0.05313735 -0.32304901 -0.39553922
v 0.04713748 -0.33512118 -0.38970396
v 0.04751220 -0.33499897 -0.38981560
v 0.04786493 -0.33211100 -0.39610186
v 0.05313532 -0.32992476 -0.38186207
v 0.05509935 -0.33170694 -0.37416795
v 0.05811519 -0.32797760 -0.37631071
v 0.05188498 -0.33490455 -0.37686998
v 0.05509935 -0.33170694 -0.37416795
v 0.05313532 -0.32992476 -0.38186207
v 0.05590491 -0.34143820 -0.38171616
v 0.05827254 -0.34309244 -0.37910756
v 0.05791890 -0.34478533 -0.37554437
v 0.04808229 -0.34134009 -0.37563661
v 0.05791890 -0.34478533 -0.37554437
v 0.04836994 -0.34243619 -0.37263876
v 0.04808229 -0.34134009 -0.37563661
v 0.04835816 -0.34114388 -0.37564766
v 0.04811603 -0.33854631 -0.38209254
v 0.05381971 -0.32559016 -0.38786370
v 0.04713748 -0.33512118 -0.38970396
v 0.05313532 -0.32992476 -0.38186207
v 0.05109825 -0.33346441 -0.38192883
v 0.05313532 -0.32992476 -0.38186207
v 0.04713748 -0.33512118 -0.38970396
v 0.05552330 -0.33782443 -0.38940835
v 0.05590491 -0.34143820 -0.38171616
v 0.04811603 -0.33854631 -0.38209254
v 0.05553224 -0.33476505 -0.39552724
v 0.05762869 -0.33642501 -0.39308324
v 0.05552330 -0.33782443 -0.38940835
v 0.04713748 -0.33512118 -0.38970396
v 0.05552330 -0.33782443 -0.38940835
v 0.04770552 -0.33640051 -0.38701913
v 0.04811603 -0.33854631 -0.38209254
v 0.04835816 -0.34114388 -0.37564766
v 0.05188498 -0.33490455 -0.37686998
v 0.04808229 -0.34134009 -0.37563661
v 0.05509935 -0.33170694 -0.37416795
v 0.05188498 -0.33490455 -0.37686998
v 0.04770552 -0.33640051 -0.38701913
v 0.04811603 -0.33854631 -0.38209254
v 0.05109825 -0.33346441 -0.38192883
v 0.07095724 -0.32820141 -0.40464184
v 0.06910089 -0.33047494 -0.40251148
v 0.06626470 -0.32903028 -0.40593481
v 0.06324719 -0.32647303 -0.41069102
v 0.06928807 -0.32563007 -0.40899366
v 0.06626470 -0.32903028 -0.40593481
v 0.06626470 -0.32903028 -0.40593481
v 0.06910089 -0.33047494 -0.40251148
v 0.06217976 -0.33230051 -0.40292329
v 0.07095724 -0.32820141 -0.40464184
v 0.07695447 -0.32606891 -0.40296555
v 0.07404086 -0.32952502 -0.39989585
v 0.07512575 -0.32352847 -0.40719339
v 0.07695447 -0.32606891 -0.40296555
v 0.07095724 -0.32820141 -0.40464184
v 0.06693140 -0.33604836 -0.39260668
v 0.06941412 -0.33720499 -0.38883978
v 0.06279410 -0.33866581 -0.38894290
v 0.07106078 -0.34219557 -0.37713149
v 0.06913519 -0.34383014 -0.37498760
v 0.06644806 -0.34276122 -0.37863761
v 0.06279336 -0.34167531 -0.38259926
v 0.06913250 -0.34084132 -0.38141078
v 0.06644806 -0.34276122 -0.37863761
v 0.06644806 -0.34276122 -0.37863761
v 0.06913519 -0.34383014 -0.37498760
v 0.06279292 -0.34514314 -0.37524721
v 0.08577795 -0.32848865 -0.39129716
v 0.08347893 -0.33114660 -0.38898471
v 0.08122262 -0.32972875 -0.39338794
v 0.07859347 -0.32826361 -0.39793003
v 0.08345641 -0.32710180 -0.39568895
v 0.08122262 -0.32972875 -0.39338794
v 0.08122262 -0.32972875 -0.39338794
v 0.08347893 -0.33114660 -0.38898471
v 0.07666843 -0.33444053 -0.38884884
v 0.08155024 -0.33665112 -0.37999898
v 0.08364576 -0.33779794 -0.37535241
v 0.07640109 -0.34111416 -0.37494153
v 0.07642630 -0.33083707 -0.39571115
v 0.07666843 -0.33444053 -0.38884884
v 0.07152204 -0.33531511 -0.39108118
v 0.07106078 -0.34219557 -0.37713149
v 0.07640109 -0.34111416 -0.37494153
v 0.07404123 -0.34311846 -0.37251961
v 0.07664604 -0.33769923 -0.38216943
v 0.07640109 -0.34111416 -0.37494153
v 0.07106078 -0.34219557 -0.37713149
v 0.08347893 -0.33114660 -0.38898471
v 0.08363191 -0.33458263 -0.38215217
v 0.07897493 -0.33543590 -0.38451672
v 0.06913250 -0.34084132 -0.38141078
v 0.06279336 -0.34167531 -0.38259926
v 0.06279410 -0.33866581 -0.38894290
v 0.07152204 -0.33531511 -0.39108118
v 0.06941412 -0.33720499 -0.38883978
v 0.06693140 -0.33604836 -0.39260668
v 0.06204240 -0.33520278 -0.39682537
v 0.06943957 -0.33406919 -0.39529645
v 0.06693140 -0.33604836 -0.39260668
v 0.08608542 -0.33553272 -0.37774849
v 0.08364576 -0.33779794 -0.37535241
v 0.08155024 -0.33665112 -0.37999898
v 0.07897493 -0.33543590 -0.38451672
v 0.08363191 -0.33458263 -0.38215217
v 0.08155024 -0.33665112 -0.37999898
v 0.07897493 -0.33543590 -0.38451672
v 0.07664604 -0.33769923 -0.38216943
v 0.07444141 -0.33646950 -0.38650981
v 0.07152204 -0.33531511 -0.39108118
v 0.07666843 -0.33444053 -0.38884884
v 0.07444141 -0.33646950 -0.38650981
v 0.07444141 -0.33646950 -0.38650981
v 0.07664604 -0.33769923 -0.38216943
v 0.06913250 -0.34084132 -0.38141078
v 0.06324719 -0.32647303 -0.41069102
v 0.06237585 -0.32974935 -0.40654299
v 0.05780555 -0.32944274 -0.40644184
v 0.06217976 -0.33230051 -0.40292329
v 0.05563699 -0.33092108 -0.40305421
v 0.05780555 -0.32944274 -0.40644184
v 0.06125881 -0.32283190 -0.41334009
v 0.06324719 -0.32647303 -0.41069102
v 0.05722418 -0.32642174 -0.41110483
v 0.06279410 -0.33866581 -0.38894290
v 0.05552330 -0.33782443 -0.38940835
v 0.05762869 -0.33642501 -0.39308324
v 0.05938109 -0.32904539 -0.37174806
v 0.06242987 -0.32522291 -0.37409484
v 0.05811519 -0.32797760 -0.37631071
v 0.05811519 -0.32797760 -0.37631071
v 0.06242987 -0.32522291 -0.37409484
v 0.06052381 -0.32328662 -0.38197795
v 0.06279336 -0.34167531 -0.38259926
v 0.06279278 -0.34328789 -0.37917200
v 0.05827254 -0.34309244 -0.37910756
v 0.06279278 -0.34328789 -0.37917200
v 0.06279292 -0.34514314 -0.37524721
v 0.05791890 -0.34478533 -0.37554437
v 0.06204240 -0.33520278 -0.39682537
v 0.06279534 -0.33661962 -0.39325619
v 0.05762869 -0.33642501 -0.39308324
v 0.05640851 -0.32629532 -0.38176823
v 0.06052381 -0.32328662 -0.38197795
v 0.05947468 -0.32226413 -0.38558167
v 0.06279410 -0.33866581 -0.38894290
v 0.06279336 -0.34167531 -0.38259926
v 0.05590491 -0.34143820 -0.38171616
v 0.04798143 -0.32974476 -0.40108541
v 0.04786493 -0.33211100 -0.39610186
v 0.05106453 -0.32662746 -0.39560869
v 0.05106453 -0.32662746 -0.39560869
v 0.05313735 -0.32304901 -0.39553922
v 0.04767853 -0.32795960 -0.40446222
v 0.05563699 -0.33092108 -0.40305421
v 0.05553224 -0.33476505 -0.39552724
v 0.04786493 -0.33211100 -0.39610186
v 0.06910089 -0.33047494 -0.40251148
v 0.06943957 -0.33406919 -0.39529645
v 0.06204240 -0.33520278 -0.39682537
v 0.07859347 -0.32826361 -0.39793003
v 0.07642630 -0.33083707 -0.39571115
v 0.07404086 -0.32952502 -0.39989585
v 0.08337277 -0.32361907 -0.40095362
v 0.08345641 -0.32710180 -0.39568895
v 0.07859347 -0.32826361 -0.39793003
v 0.07404086 -0.32952502 -0.39989585
v 0.07642630 -0.33083707 -0.39571115
v 0.06943957 -0.33406919 -0.39529645
v 0.06204240 -0.33520278 -0.39682537
v 0.05553224 -0.33476505 -0.39552724
v 0.05563699 -0.33092108 -0.40305421
v 0.07451995 -0.31617615 -0.36808637
v 0.07644456 -0.31862077 -0.36142412
v 0.07968041 -0.31519035 -0.36460003
v 0.08204976 -0.31637165 -0.35994601
v 0.08388425 -0.31428924 -0.36185139
v 0.07968041 -0.31519035 -0.36460003
v 0.07968041 -0.31519035 -0.36460003
v 0.08388425 -0.31428924 -0.36185139
v 0.08368374 -0.31076932 -0.36861411
v 0.07193974 -0.32115051 -0.36306876
v 0.07644456 -0.31862077 -0.36142412
v 0.07451995 -0.31617615 -0.36808637
v 0.08204976 -0.31637165 -0.35994601
v 0.08356850 -0.31880268 -0.35476679
v 0.08669811 -0.31529275 -0.35793895
v 0.07811741 -0.32108653 -0.35628116
v 0.08356850 -0.31880268 -0.35476679
v 0.08204976 -0.31637165 -0.35994601
v 0.04837057 -0.34454298 -0.36840335
v 0.04771723 -0.34788552 -0.36219031
v 0.05190859 -0.34183872 -0.36260316
v 0.04764360 -0.34787893 -0.36226857
v 0.05423445 -0.33926848 -0.36067480
v 0.05190859 -0.34183872 -0.36260316
v 0.05190859 -0.34183872 -0.36260316
v 0.05423445 -0.33926848 -0.36067480
v 0.05348456 -0.33716947 -0.36822537
v 0.04764360 -0.34787893 -0.36226857
v 0.04771723 -0.34788552 -0.36219031
v 0.04837057 -0.34454298 -0.36840335
v 0.05299325 -0.34331858 -0.35451838
v 0.05361134 -0.34533337 -0.34704202
v 0.05782824 -0.34121227 -0.34747165
v 0.05078455 -0.34697503 -0.35461026
v 0.05176196 -0.34781912 -0.34691426
v 0.05361134 -0.34533337 -0.34704202
v 0.05423445 -0.33926848 -0.36067480
v 0.04764360 -0.34787893 -0.36226857
v 0.05299325 -0.34331858 -0.35451838
v 0.05078455 -0.34697503 -0.35461026
v 0.05299325 -0.34331858 -0.35451838
v 0.04764360 -0.34787893 -0.36226857
v 0.05348456 -0.33716947 -0.36822537
v 0.05423445 -0.33926848 -0.36067480
v 0.05830201 -0.33484495 -0.36136892
v 0.05423445 -0.33926848 -0.36067480
v 0.05673765 -0.33887294 -0.35492870
v 0.05917238 -0.33570114 -0.35761926
v 0.05589725 -0.35320893 -0.35460263
v 0.05120089 -0.35503161 -0.34184399
v 0.04757633 -0.35556015 -0.34475645
v 0.05589725 -0.35320893 -0.35460263
v 0.04711908 -0.35222894 -0.35456479
v 0.04703332 -0.34960818 -0.35895684
v 0.06029891 -0.32992727 -0.36825079
v 0.06284426 -0.33106220 -0.36080179
v 0.06507158 -0.32784337 -0.36264014
v 0.06624296 -0.32906899 -0.35808438
v 0.06892422 -0.32498279 -0.36047935
v 0.06507158 -0.32784337 -0.36264014
v 0.06507158 -0.32784337 -0.36264014
v 0.06892422 -0.32498279 -0.36047935
v 0.06708317 -0.32297400 -0.36819956
v 0.06967500 -0.34667900 -0.36832869
v 0.07024237 -0.34916505 -0.36203140
v 0.06575631 -0.34944087 -0.36453766
v 0.06747812 -0.32988918 -0.35444647
v 0.06971027 -0.33245343 -0.34771946
v 0.07259962 -0.32864174 -0.35061967
v 0.06488553 -0.33483976 -0.34961689
v 0.06971027 -0.33245343 -0.34771946
v 0.06747812 -0.32988918 -0.35444647
v 0.08550299 -0.34217826 -0.36142159
v 0.08205623 -0.34379083 -0.36140805
v 0.08058114 -0.34305245 -0.36571264
v 0.07859343 -0.34214476 -0.37027490
v 0.08310026 -0.34104615 -0.36814213
v 0.08058114 -0.34305245 -0.36571264
v 0.08058114 -0.34305245 -0.36571264
v 0.08205623 -0.34379083 -0.36140805
v 0.07652903 -0.34650508 -0.36144578
v 0.07682803 -0.32735032 -0.34791210
v 0.08294562 -0.32396409 -0.34748584
v 0.08052652 -0.32254735 -0.35169587
v 0.08400515 -0.34470120 -0.35514399
v 0.08349583 -0.34608245 -0.34769005
v 0.07757397 -0.34883583 -0.34870431
v 0.07652903 -0.34650508 -0.36144578
v 0.07024237 -0.34916505 -0.36203140
v 0.06967500 -0.34667900 -0.36832869
v 0.07497348 -0.33024269 -0.34596330
v 0.07682803 -0.32735032 -0.34791210
v 0.07259962 -0.32864174 -0.35061967
v 0.07259962 -0.32864174 -0.35061967
v 0.07682803 -0.32735032 -0.34791210
v 0.07595161 -0.32359505 -0.35408747
v 0.06624296 -0.32906899 -0.35808438
v 0.06747812 -0.32988918 -0.35444647
v 0.07083963 -0.32707050 -0.35438606
v 0.06258805 -0.33374193 -0.35495973
v 0.06747812 -0.32988918 -0.35444647
v 0.06624296 -0.32906899 -0.35808438
v 0.08661094 -0.34264290 -0.35776106
v 0.08400515 -0.34470120 -0.35514399
v 0.08205623 -0.34379083 -0.36140805
v 0.08205623 -0.34379083 -0.36140805
v 0.08400515 -0.34470120 -0.35514399
v 0.07636382 -0.34856468 -0.35507616
v 0.06027725 -0.33658272 -0.35300970
v 0.06245681 -0.33777413 -0.34729275
v 0.06488553 -0.33483976 -0.34961689
v 0.06701419 -0.33636889 -0.34499729
v 0.06971027 -0.33245343 -0.34771946
v 0.06488553 -0.33483976 -0.34961689
v 0.07083963 -0.32707050 -0.35438606
v 0.07595161 -0.32359505 -0.35408747
v 0.07352189 -0.32248896 -0.35851884
v 0.07652903 -0.34650508 -0.36144578
v 0.07636382 -0.34856468 -0.35507616
v 0.07275447 -0.34942567 -0.35759884
v 0.06968243 -0.35205704 -0.35362011
v 0.06975140 -0.35170430 -0.34762764
v 0.06283511 -0.35339186 -0.34765691
v 0.07395308 -0.35020444 -0.35308036
v 0.07384008 -0.35022834 -0.34764749
v 0.06975140 -0.35170430 -0.34762764
v 0.06831115 -0.35072920 -0.36009082
v 0.06968243 -0.35205704 -0.35362011
v 0.06281822 -0.35343665 -0.35459536
v 0.06947279 -0.34871611 -0.33461159
v 0.06981410 -0.34847778 -0.33450460
v 0.07251299 -0.34229267 -0.33714446
v 0.06093549 -0.34229016 -0.34332743
v 0.06947279 -0.34871611 -0.33461159
v 0.06968484 -0.33922517 -0.34067443
v 0.06546642 -0.34895381 -0.33699358
v 0.06981410 -0.34847778 -0.33450460
v 0.06947279 -0.34871611 -0.33461159
v 0.08252998 -0.33185217 -0.33873564
v 0.08322288 -0.32755303 -0.34262702
v 0.07962002 -0.32883367 -0.34406003
v 0.08204605 -0.34305215 -0.33131510
v 0.08389865 -0.34211814 -0.33113405
v 0.07649944 -0.34080154 -0.33616775
v 0.07649944 -0.34080154 -0.33616775
v 0.08389865 -0.34211814 -0.33113405
v 0.07997257 -0.33593076 -0.33746982
v 0.08338419 -0.34505606 -0.34079960
v 0.08204605 -0.34305215 -0.33131510
v 0.07611731 -0.34572801 -0.33281013
v 0.07611731 -0.34572801 -0.33281013
v 0.07649944 -0.34080154 -0.33616775
v 0.07251299 -0.34229267 -0.33714446
v 0.07251299 -0.34229267 -0.33714446
v 0.07649944 -0.34080154 -0.33616775
v 0.07641928 -0.33727530 -0.33845001
v 0.07611731 -0.34572801 -0.33281013
v 0.06981410 -0.34847778 -0.33450460
v 0.06947279 -0.34871611 -0.33461159
v 0.07997257 -0.33593076 -0.33746982
v 0.08389865 -0.34211814 -0.33113405
v 0.08444998 -0.33396018 -0.33607876
v 0.07997257 -0.33593076 -0.33746982
v 0.08252998 -0.33185217 -0.33873564
v 0.07682613 -0.33232820 -0.34205222
v 0.07641928 -0.33727530 -0.33845001
v 0.07682613 -0.33232820 -0.34205222
v 0.07161108 -0.33487424 -0.34333673
v 0.06641284 -0.35002822 -0.33489388
v 0.06526543 -0.35047996 -0.33569157
v 0.06206635 -0.35183811 -0.33710206
v 0.05830201 -0.33484495 -0.36136892
v 0.06284426 -0.33106220 -0.36080179
v 0.06029891 -0.32992727 -0.36825079
v 0.05782824 -0.34121227 -0.34747165
v 0.06245681 -0.33777413 -0.34729275
v 0.06027725 -0.33658272 -0.35300970
v 0.06027725 -0.33658272 -0.35300970
v 0.06258805 -0.33374193 -0.35495973
v 0.05917238 -0.33570114 -0.35761926
v 0.05917238 -0.33570114 -0.35761926
v 0.06258805 -0.33374193 -0.35495973
v 0.06284426 -0.33106220 -0.36080179
v 0.06327900 -0.35140318 -0.36212096
v 0.05610589 -0.35109052 -0.36168560
v 0.05864030 -0.34978712 -0.36517537
v 0.06283511 -0.35339186 -0.34765691
v 0.05120089 -0.35503161 -0.34184399
v 0.05589725 -0.35320893 -0.35460263
v 0.06281822 -0.35343665 -0.35459536
v 0.05589725 -0.35320893 -0.35460263
v 0.05610589 -0.35109052 -0.36168560
v 0.06093549 -0.34229016 -0.34332743
v 0.06257324 -0.34118557 -0.34299999
v 0.05931120 -0.34268290 -0.34424162
v 0.05782824 -0.34121227 -0.34747165
v 0.05361134 -0.34533337 -0.34704202
v 0.05716206 -0.34476542 -0.34380102
v 0.07497348 -0.33024269 -0.34596330
v 0.07682613 -0.33232820 -0.34205222
v 0.07962002 -0.32883367 -0.34406003
v 0.07962002 -0.32883367 -0.34406003
v 0.08322288 -0.32755303 -0.34262702
v 0.08294562 -0.32396409 -0.34748584
v 0.06257324 -0.34118557 -0.34299999
v 0.06968484 -0.33922517 -0.34067443
v 0.06701419 -0.33636889 -0.34499729
v 0.08349583 -0.34608245 -0.34769005
v 0.08338419 -0.34505606 -0.34079960
v 0.07583769 -0.34796631 -0.34143260
v 0.06701419 -0.33636889 -0.34499729
v 0.06968484 -0.33922517 -0.34067443
v 0.07161108 -0.33487424 -0.34333673
v 0.07161108 -0.33487424 -0.34333673
v 0.07682613 -0.33232820 -0.34205222
v 0.07497348 -0.33024269 -0.34596330
v 0.06936942 -0.35012445 -0.34146410
v 0.06206635 -0.35183811 -0.33710206
v 0.06283511 -0.35339186 -0.34765691
v 0.07310532 -0.34957737 -0.34413472
v 0.06936942 -0.35012445 -0.34146410
v 0.06975140 -0.35170430 -0.34762764
v 0.05773403 -0.34842438 -0.36797675
v 0.05864030 -0.34978712 -0.36517537
v 0.05610589 -0.35109052 -0.36168560
v 0.04764360 -0.34787893 -0.36226857
v 0.05610589 -0.35109052 -0.36168560
v 0.04703332 -0.34960818 -0.35895684
v 0.04711908 -0.35222894 -0.35456479
v 0.04757633 -0.35556015 -0.34475645
v 0.05176196 -0.34781912 -0.34691426
v 0.05120089 -0.35503161 -0.34184399
v 0.05361134 -0.34533337 -0.34704202
v 0.05176196 -0.34781912 -0.34691426
v 0.04703332 -0.34960818 -0.35895684
v 0.04711908 -0.35222894 -0.35456479
v 0.05078455 -0.34697503 -0.35461026
v 0.06575631 -0.34944087 -0.36453766
v 0.06327900 -0.35140318 -0.36212096
v 0.06121042 -0.34998372 -0.36525854
v 0.06575631 -0.34944087 -0.36453766
v 0.07024237 -0.34916505 -0.36203140
v 0.06831115 -0.35072920 -0.36009082
v 0.07757397 -0.34883583 -0.34870431
v 0.07384008 -0.35022834 -0.34764749
v 0.07395308 -0.35020444 -0.35308036
v 0.07275447 -0.34942567 -0.35759884
v 0.06968243 -0.35205704 -0.35362011
v 0.06831115 -0.35072920 -0.36009082
v 0.07275447 -0.34942567 -0.35759884
v 0.07636382 -0.34856468 -0.35507616
v 0.07395308 -0.35020444 -0.35308036
v 0.06206635 -0.35183811 -0.33710206
v 0.06526543 -0.35047996 -0.33569157
v 0.06546642 -0.34895381 -0.33699358
v 0.06641284 -0.35002822 -0.33489388
v 0.06936942 -0.35012445 -0.34146410
v 0.06947279 -0.34871611 -0.33461159
v 0.06641284 -0.35002822 -0.33489388
v 0.06981410 -0.34847778 -0.33450460
v 0.06546642 -0.34895381 -0.33699358
v 0.06936942 -0.35012445 -0.34146410
v 0.07310532 -0.34957737 -0.34413472
v 0.07583769 -0.34796631 -0.34143260
v 0.05361134 -0.34533337 -0.34704202
v 0.05120089 -0.35503161 -0.34184399
v 0.05535863 -0.35410243 -0.33902812
v 0.07310532 -0.34957737 -0.34413472
v 0.07384008 -0.35022834 -0.34764749
v 0.07757397 -0.34883583 -0.34870431
v 0.05773403 -0.34842438 -0.36797675
v 0.06324542 -0.34865490 -0.36792871
v 0.06121042 -0.34998372 -0.36525854
v 0.06206635 -0.35183811 -0.33710206
v 0.06093549 -0.34229016 -0.34332743
v 0.05716206 -0.34476542 -0.34380102
v 0.05782824 -0.34121227 -0.34747165
v 0.05931120 -0.34268290 -0.34424162
v 0.06257324 -0.34118557 -0.34299999
v 0.06283511 -0.35339186 -0.34765691
v 0.06206635 -0.35183811 -0.33710206
v 0.05535863 -0.35410243 -0.33902812
v 0.09329519 -0.30151230 -0.40622047
v 0.09053472 -0.30418938 -0.41259435
v 0.08846450 -0.30207446 -0.40252042
v 0.09329519 -0.30151230 -0.40622047
v 0.09853625 -0.30092287 -0.41056854
v 0.09680232 -0.30178085 -0.41116175
v 0.09329519 -0.30151230 -0.40622047
v 0.09189133 -0.30077323 -0.40252364
v 0.09698915 -0.29895687 -0.40247962
v 0.09184669 -0.31404153 -0.40489274
v 0.08966135 -0.31860548 -0.40238911
v 0.08725365 -0.31568518 -0.40621221
v 0.09184669 -0.31404153 -0.40489274
v 0.09749720 -0.31240186 -0.40306270
v 0.09529805 -0.31649396 -0.40035683
v 0.09484226 -0.30943438 -0.40659672
v 0.09749720 -0.31240186 -0.40306270
v 0.09184669 -0.31404153 -0.40489274
v 0.10562322 -0.29662815 -0.40767419
v 0.10413869 -0.30530438 -0.40422565
v 0.10188657 -0.30303696 -0.40684503
v 0.10562322 -0.29662815 -0.40767419
v 0.10888103 -0.29445592 -0.40660182
v 0.11052816 -0.30496365 -0.40089175
v 0.09853625 -0.30092287 -0.41056854
v 0.10326821 -0.29803598 -0.40886548
v 0.10188657 -0.30303696 -0.40684503
v 0.09853625 -0.30092287 -0.41056854
v 0.09698915 -0.29895687 -0.40247962
v 0.10562322 -0.29662815 -0.40767419
v 0.10188657 -0.30303696 -0.40684503
v 0.10413869 -0.30530438 -0.40422565
v 0.09940737 -0.30758581 -0.40528619
v 0.09940737 -0.30758581 -0.40528619
v 0.09749720 -0.31240186 -0.40306270
v 0.09484226 -0.30943438 -0.40659672
v 0.09053472 -0.30418938 -0.41259435
v 0.09680232 -0.30178085 -0.41116175
v 0.09484226 -0.30943438 -0.40659672
v 0.10413869 -0.30530438 -0.40422565
v 0.11052816 -0.30496365 -0.40089175
v 0.10779298 -0.30886912 -0.39940989
v 0.09940737 -0.30758581 -0.40528619
v 0.10413869 -0.30530438 -0.40422565
v 0.10399412 -0.31035507 -0.40077791
v 0.10545257 -0.29368934 -0.39565417
v 0.10547946 -0.29367986 -0.38868067
v 0.11050228 -0.29176328 -0.38863894
v 0.10663694 -0.29454052 -0.38478869
v 0.11061431 -0.29358795 -0.38344944
v 0.11050228 -0.29176328 -0.38863894
v 0.08962648 -0.30024558 -0.39581561
v 0.08690321 -0.30146542 -0.39581051
v 0.08734321 -0.30168554 -0.38873470
v 0.09075054 -0.30005327 -0.38872603
v 0.09684933 -0.29735920 -0.38871709
v 0.09682045 -0.29712650 -0.39565966
v 0.09380951 -0.30171964 -0.37879494
v 0.09536138 -0.30231750 -0.37503102
v 0.09881582 -0.30085766 -0.37505651
v 0.09380951 -0.30171964 -0.37879494
v 0.09636786 -0.29954332 -0.38135111
v 0.09216847 -0.30085954 -0.38331634
v 0.09007982 -0.30481774 -0.37502262
v 0.09536138 -0.30231750 -0.37503102
v 0.09380951 -0.30171964 -0.37879494
v 0.10692146 -0.31509373 -0.39185423
v 0.10399110 -0.31883320 -0.38895828
v 0.10242052 -0.31668609 -0.39409852
v 0.10692146 -0.31509373 -0.39185423
v 0.11104304 -0.31397271 -0.38935876
v 0.10885359 -0.31654426 -0.38735041
v 0.11055196 -0.31057459 -0.39565948
v 0.11104304 -0.31397271 -0.38935876
v 0.10692146 -0.31509373 -0.39185423
v 0.10376100 -0.29878116 -0.37496510
v 0.11066136 -0.29723179 -0.37494013
v 0.11064238 -0.29501107 -0.38002598
v 0.09684933 -0.29735920 -0.38871709
v 0.10213804 -0.29524601 -0.38872430
v 0.10192882 -0.29489067 -0.39423501
v 0.09981009 -0.31490481 -0.39859262
v 0.10443342 -0.31397101 -0.39616898
v 0.10242052 -0.31668609 -0.39409852
v 0.10242052 -0.31668609 -0.39409852
v 0.10399110 -0.31883320 -0.38895828
v 0.09889358 -0.32122922 -0.39062712
v 0.09636786 -0.29954332 -0.38135111
v 0.09881582 -0.30085766 -0.37505651
v 0.10376100 -0.29878116 -0.37496510
v 0.08734321 -0.30168554 -0.38873470
v 0.08994263 -0.30250782 -0.38135782
v 0.09216847 -0.30085954 -0.38331634
v 0.09216847 -0.30085954 -0.38331634
v 0.09636786 -0.29954332 -0.38135111
v 0.09684933 -0.29735920 -0.38871709
v 0.11334214 -0.31475371 -0.38419518
v 0.11036072 -0.31848437 -0.38139594
v 0.10885359 -0.31654426 -0.38735041
v 0.10885359 -0.31654426 -0.38735041
v 0.11036072 -0.31848437 -0.38139594
v 0.10562854 -0.32107970 -0.38314691
v 0.09684933 -0.29735920 -0.38871709
v 0.09636786 -0.29954332 -0.38135111
v 0.10406477 -0.29607040 -0.38218650
v 0.12363899 -0.28712320 -0.40097377
v 0.11685818 -0.29068437 -0.38902017
v 0.12612665 -0.29189867 -0.38843468
v 0.11756654 -0.29317451 -0.38278797
v 0.12623721 -0.29436383 -0.38424972
v 0.12612665 -0.29189867 -0.38843468
v 0.12356275 -0.29825610 -0.38881943
v 0.12176622 -0.30288514 -0.38888690
v 0.12100360 -0.30166924 -0.39227718
v 0.11988024 -0.29844242 -0.39759865
v 0.12147975 -0.29857972 -0.39552069
v 0.12100360 -0.30166924 -0.39227718
v 0.12100360 -0.30166924 -0.39227718
v 0.12176622 -0.30288514 -0.38888690
v 0.11959967 -0.30639228 -0.38892150
v 0.12672821 -0.29826158 -0.37459311
v 0.12355920 -0.30500236 -0.37506568
v 0.12236118 -0.30532497 -0.38158533
v 0.11754829 -0.29725870 -0.37501395
v 0.12672821 -0.29826158 -0.37459311
v 0.12632747 -0.29573366 -0.38101670
v 0.11935087 -0.31311223 -0.37514898
v 0.11595226 -0.31715155 -0.37518904
v 0.11474097 -0.31590110 -0.37965354
v 0.12110879 -0.30868122 -0.37897733
v 0.12158678 -0.30957600 -0.37509868
v 0.11935087 -0.31311223 -0.37514898
v 0.12236118 -0.30532497 -0.38158533
v 0.12176622 -0.30288514 -0.38888690
v 0.12356275 -0.29825610 -0.38881943
v 0.12176622 -0.30288514 -0.38888690
v 0.12236118 -0.30532497 -0.38158533
v 0.12044205 -0.30761939 -0.38354790
v 0.11959967 -0.30639228 -0.38892150
v 0.11614033 -0.31045958 -0.38894600
v 0.11476782 -0.30906606 -0.39300308
v 0.12355920 -0.30500236 -0.37506568
v 0.12158678 -0.30957600 -0.37509868
v 0.12110879 -0.30868122 -0.37897733
v 0.12044205 -0.30761939 -0.38354790
v 0.12236118 -0.30532497 -0.38158533
v 0.12110879 -0.30868122 -0.37897733
v 0.12044205 -0.30761939 -0.38354790
v 0.11751054 -0.31266460 -0.38203588
v 0.11614033 -0.31045958 -0.38894600
v 0.11624189 -0.29829159 -0.40059984
v 0.11472031 -0.30231929 -0.39951095
v 0.11052816 -0.30496365 -0.40089175
v 0.11052470 -0.29147702 -0.39563978
v 0.11050228 -0.29176328 -0.38863894
v 0.11685818 -0.29068437 -0.38902017
v 0.11061431 -0.29358795 -0.38344944
v 0.11756654 -0.29317451 -0.38278797
v 0.11685818 -0.29068437 -0.38902017
v 0.11476782 -0.30906606 -0.39300308
v 0.11614033 -0.31045958 -0.38894600
v 0.11104304 -0.31397271 -0.38935876
v 0.11066136 -0.29723179 -0.37494013
v 0.11754829 -0.29725870 -0.37501395
v 0.11755752 -0.29498309 -0.37945187
v 0.11334214 -0.31475371 -0.38419518
v 0.11751054 -0.31266460 -0.38203588
v 0.11474097 -0.31590110 -0.37965354
v 0.11474097 -0.31590110 -0.37965354
v 0.11595226 -0.31715155 -0.37518904
v 0.11184756 -0.32042575 -0.37512073
v 0.11254086 -0.30708995 -0.39777395
v 0.11753567 -0.30482173 -0.39555159
v 0.11476782 -0.30906606 -0.39300308
v 0.11614033 -0.31045958 -0.38894600
v 0.11751054 -0.31266460 -0.38203588
v 0.11334214 -0.31475371 -0.38419518
v 0.10654746 -0.29438043 -0.40070659
v 0.10545257 -0.29368934 -0.39565417
v 0.11052470 -0.29147702 -0.39563978
v 0.08846450 -0.30207446 -0.40252042
v 0.08690321 -0.30146542 -0.39581051
v 0.08962648 -0.30024558 -0.39581561
v 0.09189133 -0.30077323 -0.40252364
v 0.08962648 -0.30024558 -0.39581561
v 0.09682045 -0.29712650 -0.39565966
v 0.09981009 -0.31490481 -0.39859262
v 0.09714566 -0.31894022 -0.39584288
v 0.09529805 -0.31649396 -0.40035683
v 0.09529805 -0.31649396 -0.40035683
v 0.09714566 -0.31894022 -0.39584288
v 0.09175013 -0.32105342 -0.39746967
v 0.10779298 -0.30886912 -0.39940989
v 0.11055196 -0.31057459 -0.39565948
v 0.10443342 -0.31397101 -0.39616898
v 0.11254086 -0.30708995 -0.39777395
v 0.11055196 -0.31057459 -0.39565948
v 0.10779298 -0.30886912 -0.39940989
v 0.09698915 -0.29895687 -0.40247962
v 0.09682045 -0.29712650 -0.39565966
v 0.10192882 -0.29489067 -0.39423501
v 0.10399412 -0.31035507 -0.40077791
v 0.10443342 -0.31397101 -0.39616898
v 0.09981009 -0.31490481 -0.39859262
v 0.11988024 -0.29844242 -0.39759865
v 0.11753567 -0.30482173 -0.39555159
v 0.11472031 -0.30231929 -0.39951095
v 0.10654746 -0.29438043 -0.40070659
v 0.11084892 -0.29297379 -0.40567923
v 0.10888103 -0.29445592 -0.40660182
v 0.10192882 -0.29489067 -0.39423501
v 0.10213804 -0.29524601 -0.38872430
v 0.10547946 -0.29367986 -0.38868067
v 0.11064238 -0.29501107 -0.38002598
v 0.11061431 -0.29358795 -0.38344944
v 0.10663694 -0.29454052 -0.38478869
v 0.10213804 -0.29524601 -0.38872430
v 0.10406477 -0.29607040 -0.38218650
v 0.10663694 -0.29454052 -0.38478869
v 0.12612665 -0.29189867 -0.38843468
v 0.12356275 -0.29825610 -0.38881943
v 0.12147975 -0.29857972 -0.39552069
v 0.12363899 -0.28712320 -0.40097377
v 0.12533019 -0.28694052 -0.40002322
v 0.12147975 -0.29857972 -0.39552069
v 0.12632747 -0.29573366 -0.38101670
v 0.12623721 -0.29436383 -0.38424972
v 0.11756654 -0.29317451 -0.38278797
v 0.12623721 -0.29436383 -0.38424972
v 0.12632747 -0.29573366 -0.38101670
v 0.12356275 -0.29825610 -0.38881943
v 0.10654746 -0.29438043 -0.40070659
v 0.10562322 -0.29662815 -0.40767419
v 0.10192882 -0.29489067 -0.39423501
v 0.11988024 -0.29844242 -0.39759865
v 0.11624189 -0.29829159 -0.40059984
v 0.11862192 -0.28907371 -0.40348324
v 0.11084892 -0.29297379 -0.40567923
v 0.11862192 -0.28907371 -0.40348324
v 0.11624189 -0.29829159 -0.40059984
v 0.11064238 -0.29501107 -0.38002598
v 0.11755752 -0.29498309 -0.37945187
v 0.11756654 -0.29317451 -0.38278797
v 0.11052470 -0.29147702 -0.39563978
v 0.12363899 -0.28712320 -0.40097377
v 0.11862192 -0.28907371 -0.40348324
v 0.11472031 -0.30231929 -0.39951095
v 0.11753567 -0.30482173 -0.39555159
v 0.11254086 -0.30708995 -0.39777395
v 0.09428161 -0.32260695 -0.39285395
v 0.09679388 -0.32382959 -0.38854486
v 0.09038990 -0.32736793 -0.38895619
v 0.09935988 -0.32839993 -0.37715924
v 0.09710602 -0.33084336 -0.37500206
v 0.09474290 -0.32971936 -0.37991264
v 0.09279691 -0.32858425 -0.38450712
v 0.09708907 -0.32728791 -0.38215157
v 0.09474290 -0.32971936 -0.37991264
v 0.09474290 -0.32971936 -0.37991264
v 0.09710602 -0.33084336 -0.37500206
v 0.09030197 -0.33451521 -0.37537000
v 0.10729200 -0.32216993 -0.37853667
v 0.10842133 -0.32308051 -0.37512189
v 0.10352043 -0.32656375 -0.37495321
v 0.09935988 -0.32839993 -0.37715924
v 0.10352043 -0.32656375 -0.37495321
v 0.10097608 -0.32938191 -0.37255552
v 0.10357460 -0.32344675 -0.38131249
v 0.10352043 -0.32656375 -0.37495321
v 0.09935988 -0.32839993 -0.37715924
v 0.09279691 -0.32858425 -0.38450712
v 0.09040885 -0.33117709 -0.38214377
v 0.08820929 -0.32981345 -0.38673219
v 0.09679388 -0.32382959 -0.38854486
v 0.09708907 -0.32728791 -0.38215157
v 0.09279691 -0.32858425 -0.38450712
v 0.10100588 -0.32253855 -0.38601190
v 0.10357460 -0.32344675 -0.38131249
v 0.09708907 -0.32728791 -0.38215157
v 0.09318472 -0.30825096 -0.36443943
v 0.09743941 -0.30736929 -0.36179519
v 0.09756070 -0.30386135 -0.36879811
v 0.09381006 -0.31544226 -0.35133410
v 0.09638551 -0.31647456 -0.34725609
v 0.09831399 -0.31408203 -0.34931526
v 0.09381006 -0.31544226 -0.35133410
v 0.09687113 -0.31169221 -0.35441077
v 0.09017426 -0.31441447 -0.35642642
v 0.09014604 -0.31992400 -0.34755591
v 0.09638551 -0.31647456 -0.34725609
v 0.09381006 -0.31544226 -0.35133410
v 0.10375105 -0.30220008 -0.36676717
v 0.11068455 -0.30162951 -0.36538169
v 0.11067978 -0.30005726 -0.36880830
v 0.10369752 -0.30465442 -0.36114806
v 0.11068130 -0.30356002 -0.36121571
v 0.11068455 -0.30162951 -0.36538169
v 0.10370649 -0.30910176 -0.35270908
v 0.10346120 -0.31266850 -0.34707171
v 0.11066104 -0.31074822 -0.34746239
v 0.10375105 -0.30220008 -0.36676717
v 0.10375652 -0.30068552 -0.37020168
v 0.10036162 -0.30158561 -0.37160406
v 0.09743941 -0.30736929 -0.36179519
v 0.10369752 -0.30465442 -0.36114806
v 0.10375105 -0.30220008 -0.36676717
v 0.10118475 -0.31569919 -0.34482861
v 0.10346120 -0.31266850 -0.34707171
v 0.09831399 -0.31408203 -0.34931526
v 0.09831399 -0.31408203 -0.34931526
v 0.10346120 -0.31266850 -0.34707171
v 0.10370649 -0.30910176 -0.35270908
v 0.10370842 -0.30720606 -0.35614929
v 0.11067500 -0.30667472 -0.35497129
v 0.11068130 -0.30356002 -0.36121571
v 0.09017426 -0.31441447 -0.35642642
v 0.09687113 -0.31169221 -0.35441077
v 0.09551863 -0.30947468 -0.35985816
v 0.08860203 -0.30940479 -0.36674464
v 0.09060800 -0.31104854 -0.36185560
v 0.09318472 -0.30825096 -0.36443943
v 0.09551863 -0.30947468 -0.35985816
v 0.09743941 -0.30736929 -0.36179519
v 0.09318472 -0.30825096 -0.36443943
v 0.10370649 -0.30910176 -0.35270908
v 0.11067690 -0.30855319 -0.35159287
v 0.11067500 -0.30667472 -0.35497129
v 0.09551863 -0.30947468 -0.35985816
v 0.09687113 -0.31169221 -0.35441077
v 0.10009938 -0.30830306 -0.35766873
v 0.10370649 -0.30910176 -0.35270908
v 0.10370842 -0.30720606 -0.35614929
v 0.10009938 -0.30830306 -0.35766873
v 0.10009938 -0.30830306 -0.35766873
v 0.10370842 -0.30720606 -0.35614929
v 0.10369752 -0.30465442 -0.36114806
v 0.11063640 -0.31627566 -0.33888841
v 0.11065555 -0.31394011 -0.34233707
v 0.10569611 -0.31457087 -0.34329256
v 0.10375649 -0.32092229 -0.33618820
v 0.11061407 -0.31969148 -0.33476496
v 0.11063640 -0.31627566 -0.33888841
v 0.10010182 -0.32198790 -0.33725402
v 0.10375649 -0.32092229 -0.33618820
v 0.10349075 -0.31715953 -0.34078056
v 0.12702394 -0.30193016 -0.36667216
v 0.12716098 -0.30037409 -0.36990362
v 0.11754216 -0.30033889 -0.36898220
v 0.11753974 -0.30201036 -0.36557686
v 0.11753984 -0.30404055 -0.36140516
v 0.12690693 -0.30479732 -0.36054531
v 0.12094133 -0.31525746 -0.36468780
v 0.11959624 -0.31880480 -0.36209178
v 0.11698799 -0.31935015 -0.36817852
v 0.12094133 -0.31525746 -0.36468780
v 0.12275405 -0.31251377 -0.36198676
v 0.12141605 -0.31620625 -0.36012161
v 0.12237701 -0.31112054 -0.36826313
v 0.12275405 -0.31251377 -0.36198676
v 0.12094133 -0.31525746 -0.36468780
v 0.12593599 -0.31177232 -0.34661984
v 0.12220712 -0.31912273 -0.34756994
v 0.12195690 -0.31736064 -0.35453916
v 0.11754236 -0.30879793 -0.35177290
v 0.11754359 -0.31092271 -0.34765708
v 0.12593599 -0.31177232 -0.34661984
v 0.12195690 -0.31736064 -0.35453916
v 0.12220712 -0.31912273 -0.34756994
v 0.12080376 -0.32174009 -0.34979984
v 0.11754231 -0.30705965 -0.35519940
v 0.12688172 -0.30707595 -0.35571444
v 0.12690693 -0.30479732 -0.36054531
v 0.12195690 -0.31736064 -0.35453916
v 0.12141605 -0.31620625 -0.36012161
v 0.12275405 -0.31251377 -0.36198676
v 0.12141605 -0.31620625 -0.36012161
v 0.12195690 -0.31736064 -0.35453916
v 0.12026206 -0.32086039 -0.35456991
v 0.12690693 -0.30479732 -0.36054531
v 0.12275405 -0.31251377 -0.36198676
v 0.12237701 -0.31112054 -0.36826313
v 0.12654102 -0.30870020 -0.35254931
v 0.12688172 -0.30707595 -0.35571444
v 0.11754231 -0.30705965 -0.35519940
v 0.12654102 -0.30870020 -0.35254931
v 0.12275405 -0.31251377 -0.36198676
v 0.12690693 -0.30479732 -0.36054531
v 0.12501568 -0.31589851 -0.33883306
v 0.12550189 -0.31410682 -0.34216896
v 0.11754201 -0.31397721 -0.34201825
v 0.11753429 -0.31596023 -0.33853921
v 0.11720503 -0.31952497 -0.33332047
v 0.12447719 -0.31916422 -0.33274487
v 0.11935540 -0.32164937 -0.32965565
v 0.12560014 -0.32063946 -0.32785097
v 0.12447719 -0.31916422 -0.33274487
v 0.11753974 -0.30201036 -0.36557686
v 0.11754216 -0.30033889 -0.36898220
v 0.11067978 -0.30005726 -0.36880830
v 0.11068130 -0.30356002 -0.36121571
v 0.11753984 -0.30404055 -0.36140516
v 0.11753974 -0.30201036 -0.36557686
v 0.11067690 -0.30855319 -0.35159287
v 0.11066104 -0.31074822 -0.34746239
v 0.11754359 -0.31092271 -0.34765708
v 0.11754236 -0.30879793 -0.35177290
v 0.11754231 -0.30705965 -0.35519940
v 0.11067500 -0.30667472 -0.35497129
v 0.11067500 -0.30667472 -0.35497129
v 0.11754231 -0.30705965 -0.35519940
v 0.11753984 -0.30404055 -0.36140516
v 0.11063640 -0.31627566 -0.33888841
v 0.11753429 -0.31596023 -0.33853921
v 0.11754201 -0.31397721 -0.34201825
v 0.11061407 -0.31969148 -0.33476496
v 0.11720503 -0.31952497 -0.33332047
v 0.11753429 -0.31596023 -0.33853921
v 0.09242488 -0.32146505 -0.34336460
v 0.09735151 -0.32027245 -0.34078845
v 0.09638551 -0.31647456 -0.34725609
v 0.10118475 -0.31569919 -0.34482861
v 0.10349075 -0.31715953 -0.34078056
v 0.10569611 -0.31457087 -0.34329256
v 0.10569611 -0.31457087 -0.34329256
v 0.11065555 -0.31394011 -0.34233707
v 0.11066104 -0.31074822 -0.34746239
v 0.09735151 -0.32027245 -0.34078845
v 0.10349075 -0.31715953 -0.34078056
v 0.10118475 -0.31569919 -0.34482861
v 0.12550189 -0.31410682 -0.34216896
v 0.12501568 -0.31589851 -0.33883306
v 0.12220712 -0.31912273 -0.34756994
v 0.11754201 -0.31397721 -0.34201825
v 0.12550189 -0.31410682 -0.34216896
v 0.12593599 -0.31177232 -0.34661984
v 0.11065555 -0.31394011 -0.34233707
v 0.11754201 -0.31397721 -0.34201825
v 0.11754359 -0.31092271 -0.34765708
v 0.09413292 -0.33616757 -0.36574239
v 0.09554004 -0.33698115 -0.36141336
v 0.09022333 -0.33981764 -0.36142907
v 0.09184948 -0.34214047 -0.34769940
v 0.08842346 -0.34370622 -0.34769949
v 0.08773867 -0.34329647 -0.35322347
v 0.09756790 -0.33786634 -0.35488802
v 0.09721408 -0.33983383 -0.34772354
v 0.09184948 -0.34214047 -0.34769940
v 0.10700969 -0.32883248 -0.36437467
v 0.10442777 -0.33158642 -0.36184141
v 0.10238265 -0.33031982 -0.36825281
v 0.10700969 -0.32883248 -0.36437467
v 0.11071858 -0.32734033 -0.36187127
v 0.10826919 -0.32973406 -0.35980657
v 0.11094692 -0.32440183 -0.36807275
v 0.11071858 -0.32734033 -0.36187127
v 0.10700969 -0.32883248 -0.36437467
v 0.11081429 -0.33063105 -0.35397077
v 0.11100516 -0.33261815 -0.34780395
v 0.10595971 -0.33527499 -0.34773913
v 0.10238265 -0.33031982 -0.36825281
v 0.10442777 -0.33158642 -0.36184141
v 0.09894416 -0.33505288 -0.36140284
v 0.10127302 -0.33627760 -0.35277680
v 0.10262304 -0.33720398 -0.34776112
v 0.09721408 -0.33983383 -0.34772354
v 0.11296422 -0.32824162 -0.35576680
v 0.11081429 -0.33063105 -0.35397077
v 0.10826919 -0.32973406 -0.35980657
v 0.10826919 -0.32973406 -0.35980657
v 0.11081429 -0.33063105 -0.35397077
v 0.10373428 -0.33443612 -0.35488561
v 0.09554004 -0.33698115 -0.36141336
v 0.09756790 -0.33786634 -0.35488802
v 0.09012420 -0.34173623 -0.35514441
v 0.09894416 -0.33505288 -0.36140284
v 0.09554004 -0.33698115 -0.36141336
v 0.09413292 -0.33616757 -0.36574239
v 0.09260234 -0.33538091 -0.37033978
v 0.09673032 -0.33393288 -0.36815944
v 0.09413292 -0.33616757 -0.36574239
v 0.10595971 -0.33527499 -0.34773913
v 0.10262304 -0.33720398 -0.34776112
v 0.10127302 -0.33627760 -0.35277680
v 0.10013945 -0.33569622 -0.35736147
v 0.09756790 -0.33786634 -0.35488802
v 0.09554004 -0.33698115 -0.36141336
v 0.10013945 -0.33569622 -0.35736147
v 0.10373428 -0.33443612 -0.35488561
v 0.10127302 -0.33627760 -0.35277680
v 0.10442777 -0.33158642 -0.36184141
v 0.10373428 -0.33443612 -0.35488561
v 0.10013945 -0.33569622 -0.35736147
v 0.08741346 -0.32950562 -0.33786088
v 0.09040734 -0.33257052 -0.33398402
v 0.09191195 -0.32784268 -0.33643878
v 0.09040734 -0.33257052 -0.33398402
v 0.09856141 -0.33528748 -0.32834244
v 0.09739928 -0.32547224 -0.33546150
v 0.09191195 -0.32784268 -0.33643878
v 0.09739928 -0.32547224 -0.33546150
v 0.09545209 -0.32322523 -0.33868036
v 0.08678090 -0.34272152 -0.33733109
v 0.08774229 -0.34337518 -0.34079313
v 0.09116603 -0.34192804 -0.34079465
v 0.09731953 -0.33733618 -0.33377540
v 0.08910296 -0.33991206 -0.32993919
v 0.09116603 -0.34192804 -0.34079465
v 0.11083622 -0.33198076 -0.33391643
v 0.10280891 -0.33332041 -0.32779974
v 0.10655017 -0.33590966 -0.34177095
v 0.11017327 -0.32974607 -0.32683909
v 0.11122000 -0.32896617 -0.32634905
v 0.10575982 -0.32803258 -0.32986060
v 0.09856141 -0.33528748 -0.32834244
v 0.10280891 -0.33332041 -0.32779974
v 0.10352983 -0.32550994 -0.33245295
v 0.10152479 -0.33632529 -0.33587492
v 0.09731953 -0.33733618 -0.33377540
v 0.09710380 -0.33939159 -0.34080040
v 0.09354334 -0.33583033 -0.33055198
v 0.09703819 -0.33620149 -0.32855028
v 0.09856141 -0.33528748 -0.32834244
v 0.10280891 -0.33332041 -0.32779974
v 0.10498367 -0.33214569 -0.32766694
v 0.10575982 -0.32803258 -0.32986060
v 0.10575982 -0.32803258 -0.32986060
v 0.11122000 -0.32896617 -0.32634905
v 0.11065875 -0.32330254 -0.33152169
v 0.11017327 -0.32974607 -0.32683909
v 0.10498367 -0.33214569 -0.32766694
v 0.10280891 -0.33332041 -0.32779974
v 0.09521637 -0.33710948 -0.32869557
v 0.09206101 -0.33855912 -0.32914945
v 0.08910296 -0.33991206 -0.32993919
v 0.09521637 -0.33710948 -0.32869557
v 0.09703819 -0.33620149 -0.32855028
v 0.09354334 -0.33583033 -0.33055198
v 0.10152479 -0.33632529 -0.33587492
v 0.10321954 -0.33726698 -0.34264758
v 0.10655017 -0.33590966 -0.34177095
v 0.08910296 -0.33991206 -0.32993919
v 0.09206101 -0.33855912 -0.32914945
v 0.09354334 -0.33583033 -0.33055198
v 0.09521637 -0.33710948 -0.32869557
v 0.09731953 -0.33733618 -0.33377540
v 0.09856141 -0.33528748 -0.32834244
v 0.10152479 -0.33632529 -0.33587492
v 0.10280891 -0.33332041 -0.32779974
v 0.09856141 -0.33528748 -0.32834244
v 0.11874381 -0.32632202 -0.34786195
v 0.11492506 -0.32969484 -0.34773374
v 0.11412799 -0.32901198 -0.35113698
v 0.11513813 -0.32989436 -0.33392361
v 0.11578762 -0.33039802 -0.34085140
v 0.11927973 -0.32751873 -0.34077689
v 0.12158406 -0.32316801 -0.33396739
v 0.11939204 -0.32567355 -0.32561174
v 0.11927973 -0.32751873 -0.34077689
v 0.11424757 -0.32905388 -0.33037999
v 0.11513813 -0.32989436 -0.33392361
v 0.11939204 -0.32567355 -0.32561174
v 0.12414263 -0.32192129 -0.32579708
v 0.12178040 -0.32422292 -0.32436153
v 0.11939204 -0.32567355 -0.32561174
v 0.11450584 -0.32253957 -0.36561498
v 0.11560500 -0.32362327 -0.36146232
v 0.11071858 -0.32734033 -0.36187127
v 0.11296422 -0.32824162 -0.35576680
v 0.11652865 -0.32602841 -0.35399011
v 0.11412799 -0.32901198 -0.35113698
v 0.11412799 -0.32901198 -0.35113698
v 0.11492506 -0.32969484 -0.34773374
v 0.11100516 -0.33261815 -0.34780395
v 0.11560500 -0.32362327 -0.36146232
v 0.11652865 -0.32602841 -0.35399011
v 0.11296422 -0.32824162 -0.35576680
v 0.11578762 -0.33039802 -0.34085140
v 0.11513813 -0.32989436 -0.33392361
v 0.11083622 -0.33198076 -0.33391643
v 0.11424757 -0.32905388 -0.33037999
v 0.12178040 -0.32422292 -0.32436153
v 0.11122000 -0.32896617 -0.32634905
v 0.11122000 -0.32896617 -0.32634905
v 0.12178040 -0.32422292 -0.32436153
v 0.11939204 -0.32567355 -0.32561174
v 0.11424757 -0.32905388 -0.33037999
v 0.11017327 -0.32974607 -0.32683909
v 0.11083622 -0.33198076 -0.33391643
v 0.11100516 -0.33261815 -0.34780395
v 0.11120470 -0.33354852 -0.34107643
v 0.10655017 -0.33590966 -0.34177095
v 0.09116603 -0.34192804 -0.34079465
v 0.08774229 -0.34337518 -0.34079313
v 0.08842346 -0.34370622 -0.34769949
v 0.09710380 -0.33939159 -0.34080040
v 0.09116603 -0.34192804 -0.34079465
v 0.09184948 -0.34214047 -0.34769940
v 0.10321954 -0.33726698 -0.34264758
v 0.10262304 -0.33720398 -0.34776112
v 0.10595971 -0.33527499 -0.34773913
v 0.10321954 -0.33726698 -0.34264758
v 0.09710380 -0.33939159 -0.34080040
v 0.09721408 -0.33983383 -0.34772354
v 0.11927973 -0.32751873 -0.34077689
v 0.11578762 -0.33039802 -0.34085140
v 0.11492506 -0.32969484 -0.34773374
v 0.12111496 -0.32246396 -0.34522188
v 0.12155918 -0.32299170 -0.34085774
v 0.11927973 -0.32751873 -0.34077689
v 0.11492506 -0.32969484 -0.34773374
v 0.11578762 -0.33039802 -0.34085140
v 0.11120470 -0.33354852 -0.34107643
v 0.08324376 -0.30418608 -0.40250129
v 0.08846450 -0.30207446 -0.40252042
v 0.09053472 -0.30418938 -0.41259435
v 0.08343918 -0.31178251 -0.41082281
v 0.08983258 -0.31185633 -0.40771407
v 0.08725365 -0.31568518 -0.40621221
v 0.08725365 -0.31568518 -0.40621221
v 0.08966135 -0.31860548 -0.40238911
v 0.08341670 -0.32074860 -0.40446210
v 0.08439844 -0.30629277 -0.41405809
v 0.09053472 -0.30418938 -0.41259435
v 0.08983258 -0.31185633 -0.40771407
v 0.08340964 -0.30276033 -0.39474624
v 0.08314965 -0.30383834 -0.38872606
v 0.08734321 -0.30168554 -0.38873470
v 0.08483168 -0.30736399 -0.37500608
v 0.09007982 -0.30481774 -0.37502262
v 0.08994263 -0.30250782 -0.38135782
v 0.08261111 -0.30614635 -0.38139018
v 0.08994263 -0.30250782 -0.38135782
v 0.08734321 -0.30168554 -0.38873470
v 0.08324376 -0.30418608 -0.40250129
v 0.08340964 -0.30276033 -0.39474624
v 0.08690321 -0.30146542 -0.39581051
v 0.08577795 -0.32848865 -0.39129716
v 0.09038990 -0.32736793 -0.38895619
v 0.08820929 -0.32981345 -0.38673219
v 0.08976051 -0.32370248 -0.39538234
v 0.09038990 -0.32736793 -0.38895619
v 0.08577795 -0.32848865 -0.39129716
v 0.09040885 -0.33117709 -0.38214377
v 0.09030197 -0.33451521 -0.37537000
v 0.08608542 -0.33553272 -0.37774849
v 0.08608542 -0.33553272 -0.37774849
v 0.09030197 -0.33451521 -0.37537000
v 0.08799443 -0.33650401 -0.37317422
v 0.08820929 -0.32981345 -0.38673219
v 0.09040885 -0.33117709 -0.38214377
v 0.08363191 -0.33458263 -0.38215217
v 0.08713919 -0.32240656 -0.39941058
v 0.08976051 -0.32370248 -0.39538234
v 0.08345641 -0.32710180 -0.39568895
v 0.08388425 -0.31428924 -0.36185139
v 0.09060800 -0.31104854 -0.36185560
v 0.08860203 -0.30940479 -0.36674464
v 0.09018821 -0.31652957 -0.35301828
v 0.09017426 -0.31441447 -0.35642642
v 0.08669811 -0.31529275 -0.35793895
v 0.08508826 -0.32123843 -0.34975424
v 0.09014604 -0.31992400 -0.34755591
v 0.09018821 -0.31652957 -0.35301828
v 0.08860203 -0.30940479 -0.36674464
v 0.09055917 -0.30738899 -0.36867923
v 0.08641049 -0.30829608 -0.37132591
v 0.08669811 -0.31529275 -0.35793895
v 0.09017426 -0.31441447 -0.35642642
v 0.09060800 -0.31104854 -0.36185560
v 0.09029137 -0.33745012 -0.36815545
v 0.09022333 -0.33981764 -0.36142907
v 0.08550299 -0.34217826 -0.36142159
v 0.08661094 -0.34264290 -0.35776106
v 0.09012420 -0.34173623 -0.35514441
v 0.08773867 -0.34329647 -0.35322347
v 0.08773867 -0.34329647 -0.35322347
v 0.08842346 -0.34370622 -0.34769949
v 0.08349583 -0.34608245 -0.34769005
v 0.09022333 -0.33981764 -0.36142907
v 0.09012420 -0.34173623 -0.35514441
v 0.08661094 -0.34264290 -0.35776106
v 0.08741346 -0.32950562 -0.33786088
v 0.08977301 -0.32513949 -0.34040049
v 0.08322288 -0.32755303 -0.34262702
v 0.08444998 -0.33396018 -0.33607876
v 0.09040734 -0.33257052 -0.33398402
v 0.08741346 -0.32950562 -0.33786088
v 0.08678090 -0.34272152 -0.33733109
v 0.08910296 -0.33991206 -0.32993919
v 0.08389865 -0.34211814 -0.33113405
v 0.08678090 -0.34272152 -0.33733109
v 0.08204605 -0.34305215 -0.33131510
v 0.08338419 -0.34505606 -0.34079960
v 0.08910296 -0.33991206 -0.32993919
v 0.09040734 -0.33257052 -0.33398402
v 0.08444998 -0.33396018 -0.33607876
v 0.08322288 -0.32755303 -0.34262702
v 0.08977301 -0.32513949 -0.34040049
v 0.08787047 -0.32280779 -0.34519464
v 0.08774229 -0.34337518 -0.34079313
v 0.08338419 -0.34505606 -0.34079960
v 0.08349583 -0.34608245 -0.34769005
v 0.07326919 -0.31552386 -0.37218085
v 0.07451995 -0.31617615 -0.36808637
v 0.07799486 -0.31399992 -0.36808318
v 0.07799486 -0.31399992 -0.36808318
v 0.08368374 -0.31076932 -0.36861411
v 0.08138312 -0.30913165 -0.37499776
v 0.08138312 -0.30913165 -0.37499776
v 0.08368374 -0.31076932 -0.36861411
v 0.08641049 -0.30829608 -0.37132591
v 0.07046835 -0.31978920 -0.36817798
v 0.07451995 -0.31617615 -0.36808637
v 0.07326919 -0.31552386 -0.37218085
v 0.09536138 -0.30231750 -0.37503102
v 0.09756070 -0.30386135 -0.36879811
v 0.10036162 -0.30158561 -0.37160406
v 0.09055917 -0.30738899 -0.36867923
v 0.09756070 -0.30386135 -0.36879811
v 0.09536138 -0.30231750 -0.37503102
v 0.10375652 -0.30068552 -0.37020168
v 0.11067978 -0.30005726 -0.36880830
v 0.11066136 -0.29723179 -0.37494013
v 0.10036162 -0.30158561 -0.37160406
v 0.10375652 -0.30068552 -0.37020168
v 0.10376100 -0.29878116 -0.37496510
v 0.12716098 -0.30037409 -0.36990362
v 0.12702394 -0.30193016 -0.36667216
v 0.12355920 -0.30500236 -0.37506568
v 0.11754216 -0.30033889 -0.36898220
v 0.12716098 -0.30037409 -0.36990362
v 0.12672821 -0.29826158 -0.37459311
v 0.12043740 -0.31449836 -0.36824253
v 0.11698799 -0.31935015 -0.36817852
v 0.11595226 -0.31715155 -0.37518904
v 0.12237701 -0.31112054 -0.36826313
v 0.12043740 -0.31449836 -0.36824253
v 0.11935087 -0.31311223 -0.37514898
v 0.12237701 -0.31112054 -0.36826313
v 0.12158678 -0.30957600 -0.37509868
v 0.12355920 -0.30500236 -0.37506568
v 0.11066136 -0.29723179 -0.37494013
v 0.11067978 -0.30005726 -0.36880830
v 0.11754216 -0.30033889 -0.36898220
v 0.11595226 -0.31715155 -0.37518904
v 0.11698799 -0.31935015 -0.36817852
v 0.11327112 -0.32148275 -0.37017161
v 0.04836994 -0.34243619 -0.37263876
v 0.04837057 -0.34454298 -0.36840335
v 0.05135143 -0.34083283 -0.36833602
v 0.05135143 -0.34083283 -0.36833602
v 0.05348456 -0.33716947 -0.36822537
v 0.04808229 -0.34134009 -0.37563661
v 0.05791890 -0.34478533 -0.37554437
v 0.05773403 -0.34842438 -0.36797675
v 0.04837057 -0.34454298 -0.36840335
v 0.05509935 -0.33170694 -0.37416795
v 0.04808229 -0.34134009 -0.37563661
v 0.05348456 -0.33716947 -0.36822537
v 0.05938109 -0.32904539 -0.37174806
v 0.06029891 -0.32992727 -0.36825079
v 0.06374126 -0.32652193 -0.36825880
v 0.06374126 -0.32652193 -0.36825880
v 0.06708317 -0.32297400 -0.36819956
v 0.06622294 -0.32219961 -0.37175429
v 0.06967500 -0.34667900 -0.36832869
v 0.06324542 -0.34865490 -0.36792871
v 0.06279292 -0.34514314 -0.37524721
v 0.07859343 -0.34214476 -0.37027490
v 0.07639125 -0.34397995 -0.36811113
v 0.07404123 -0.34311846 -0.37251961
v 0.08364576 -0.33779794 -0.37535241
v 0.08310026 -0.34104615 -0.36814213
v 0.07859343 -0.34214476 -0.37027490
v 0.07404123 -0.34311846 -0.37251961
v 0.07639125 -0.34397995 -0.36811113
v 0.06967500 -0.34667900 -0.36832869
v 0.05674812 -0.33314198 -0.36815318
v 0.06029891 -0.32992727 -0.36825079
v 0.05938109 -0.32904539 -0.37174806
v 0.06279292 -0.34514314 -0.37524721
v 0.06324542 -0.34865490 -0.36792871
v 0.05773403 -0.34842438 -0.36797675
v 0.09710602 -0.33084336 -0.37500206
v 0.09673032 -0.33393288 -0.36815944
v 0.09260234 -0.33538091 -0.37033978
v 0.10576411 -0.32796907 -0.36822608
v 0.10238265 -0.33031982 -0.36825281
v 0.10097608 -0.32938191 -0.37255552
v 0.10842133 -0.32308051 -0.37512189
v 0.11094692 -0.32440183 -0.36807275
v 0.10576411 -0.32796907 -0.36822608
v 0.09260234 -0.33538091 -0.37033978
v 0.09029137 -0.33745012 -0.36815545
v 0.08799443 -0.33650401 -0.37317422
v 0.10097608 -0.32938191 -0.37255552
v 0.10238265 -0.33031982 -0.36825281
v 0.09673032 -0.33393288 -0.36815944
v 0.05131819 -0.31908962 -0.41991684
v 0.05592088 -0.32272229 -0.41441754
v 0.04838546 -0.32301170 -0.41512117
v 0.04867551 -0.32516071 -0.41042277
v 0.04807672 -0.32797399 -0.40431798
v 0.05201488 -0.32157177 -0.40421352
v 0.04767853 -0.32795960 -0.40446222
v 0.05510302 -0.31799802 -0.40209177
v 0.05201488 -0.32157177 -0.40421352
v 0.04911081 -0.32143986 -0.41617396
v 0.04838546 -0.32301170 -0.41512117
v 0.04867551 -0.32516071 -0.41042277
v 0.05313735 -0.32304901 -0.39553922
v 0.05381971 -0.32559016 -0.38786370
v 0.05802418 -0.32116243 -0.39010590
v 0.06970212 -0.32076770 -0.41204190
v 0.06928807 -0.32563007 -0.40899366
v 0.06324719 -0.32647303 -0.41069102
v 0.07959581 -0.32196990 -0.40569448
v 0.07695447 -0.32606891 -0.40296555
v 0.07512575 -0.32352847 -0.40719339
v 0.07959581 -0.32196990 -0.40569448
v 0.08341670 -0.32074860 -0.40446210
v 0.08337277 -0.32361907 -0.40095362
v 0.06230330 -0.31493151 -0.41781056
v 0.06324719 -0.32647303 -0.41069102
v 0.06125881 -0.32283190 -0.41334009
v 0.06970212 -0.32076770 -0.41204190
v 0.07679383 -0.31912133 -0.40986541
v 0.07512575 -0.32352847 -0.40719339
v 0.06052381 -0.32328662 -0.38197795
v 0.06242987 -0.32522291 -0.37409484
v 0.06520258 -0.32118833 -0.37630939
v 0.06622294 -0.32219961 -0.37175429
v 0.06911861 -0.31826726 -0.37420684
v 0.06520258 -0.32118833 -0.37630939
v 0.05947468 -0.32226413 -0.38558167
v 0.06052381 -0.32328662 -0.38197795
v 0.06393158 -0.32017842 -0.38196251
v 0.05510302 -0.31799802 -0.40209177
v 0.04767853 -0.32795960 -0.40446222
v 0.05313735 -0.32304901 -0.39553922
v 0.06261577 -0.31574070 -0.41772577
v 0.06125881 -0.32283190 -0.41334009
v 0.05592088 -0.32272229 -0.41441754
v 0.05947468 -0.32226413 -0.38558167
v 0.06266323 -0.31860256 -0.38839087
v 0.05802418 -0.32116243 -0.39010590
v 0.06708317 -0.32297400 -0.36819956
v 0.06892422 -0.32498279 -0.36047935
v 0.07193974 -0.32115051 -0.36306876
v 0.08052652 -0.32254735 -0.35169587
v 0.08294562 -0.32396409 -0.34748584
v 0.08508826 -0.32123843 -0.34975424
v 0.08052652 -0.32254735 -0.35169587
v 0.08356850 -0.31880268 -0.35476679
v 0.07811741 -0.32108653 -0.35628116
v 0.07352189 -0.32248896 -0.35851884
v 0.07595161 -0.32359505 -0.35408747
v 0.07811741 -0.32108653 -0.35628116
v 0.07352189 -0.32248896 -0.35851884
v 0.07644456 -0.31862077 -0.36142412
v 0.07193974 -0.32115051 -0.36306876
v 0.09889358 -0.32122922 -0.39062712
v 0.09679388 -0.32382959 -0.38854486
v 0.09428161 -0.32260695 -0.39285395
v 0.09175013 -0.32105342 -0.39746967
v 0.09714566 -0.31894022 -0.39584288
v 0.09428161 -0.32260695 -0.39285395
v 0.11184756 -0.32042575 -0.37512073
v 0.10842133 -0.32308051 -0.37512189
v 0.10729200 -0.32216993 -0.37853667
v 0.10562854 -0.32107970 -0.38314691
v 0.11036072 -0.31848437 -0.38139594
v 0.10729200 -0.32216993 -0.37853667
v 0.10562854 -0.32107970 -0.38314691
v 0.10357460 -0.32344675 -0.38131249
v 0.10100588 -0.32253855 -0.38601190
v 0.09889358 -0.32122922 -0.39062712
v 0.10399110 -0.31883320 -0.38895828
v 0.10100588 -0.32253855 -0.38601190
v 0.09175013 -0.32105342 -0.39746967
v 0.08976051 -0.32370248 -0.39538234
v 0.08713919 -0.32240656 -0.39941058
v 0.09545209 -0.32322523 -0.33868036
v 0.09739928 -0.32547224 -0.33546150
v 0.10010182 -0.32198790 -0.33725402
v 0.09545209 -0.32322523 -0.33868036
v 0.09735151 -0.32027245 -0.34078845
v 0.09242488 -0.32146505 -0.34336460
v 0.11065875 -0.32330254 -0.33152169
v 0.11061407 -0.31969148 -0.33476496
v 0.10375649 -0.32092229 -0.33618820
v 0.10352983 -0.32550994 -0.33245295
v 0.10375649 -0.32092229 -0.33618820
v 0.10010182 -0.32198790 -0.33725402
v 0.11959624 -0.31880480 -0.36209178
v 0.11560500 -0.32362327 -0.36146232
v 0.11450584 -0.32253957 -0.36561498
v 0.12080376 -0.32174009 -0.34979984
v 0.11874381 -0.32632202 -0.34786195
v 0.11652865 -0.32602841 -0.35399011
v 0.12080376 -0.32174009 -0.34979984
v 0.12220712 -0.31912273 -0.34756994
v 0.12111496 -0.32246396 -0.34522188
v 0.12026206 -0.32086039 -0.35456991
v 0.11652865 -0.32602841 -0.35399011
v 0.11560500 -0.32362327 -0.36146232
v 0.12158406 -0.32316801 -0.33396739
v 0.12155918 -0.32299170 -0.34085774
v 0.12501568 -0.31589851 -0.33883306
v 0.12414263 -0.32192129 -0.32579708
v 0.12560014 -0.32063946 -0.32785097
v 0.11935540 -0.32164937 -0.32965565
v 0.11939204 -0.32567355 -0.32561174
v 0.12178040 -0.32422292 -0.32436153
v 0.11935540 -0.32164937 -0.32965565
v 0.12414263 -0.32192129 -0.32579708
v 0.12158406 -0.32316801 -0.33396739
v 0.12447719 -0.31916422 -0.33274487
v 0.08787047 -0.32280779 -0.34519464
v 0.08977301 -0.32513949 -0.34040049
v 0.09242488 -0.32146505 -0.34336460
v 0.12155918 -0.32299170 -0.34085774
v 0.12111496 -0.32246396 -0.34522188
v 0.12220712 -0.31912273 -0.34756994
v 0.11327112 -0.32148275 -0.37017161
v 0.11698799 -0.31935015 -0.36817852
v 0.11450584 -0.32253957 -0.36561498
v 0.11065875 -0.32330254 -0.33152169
v 0.11939204 -0.32567355 -0.32561174
v 0.11720503 -0.31952497 -0.33332047
v 0.06622294 -0.32219961 -0.37175429
v 0.06708317 -0.32297400 -0.36819956
v 0.07046835 -0.31978920 -0.36817798
v 0.11327112 -0.32148275 -0.37017161
v 0.11094692 -0.32440183 -0.36807275
v 0.10842133 -0.32308051 -0.37512189
v 0.08341670 -0.32074860 -0.40446210
v 0.08966135 -0.31860548 -0.40238911
v 0.08713919 -0.32240656 -0.39941058
v 0.08787047 -0.32280779 -0.34519464
v 0.09014604 -0.31992400 -0.34755591
v 0.08508826 -0.32123843 -0.34975424
v 0.08641049 -0.30829608 -0.37132591
v 0.09055917 -0.30738899 -0.36867923
v 0.09007982 -0.30481774 -0.37502262
v 0.08799443 -0.33650401 -0.37317422
v 0.09029137 -0.33745012 -0.36815545
v 0.08310026 -0.34104615 -0.36814213
vn -0.76066244 0.63907236 0.11392611
vn -0.76066244 0.63907236 0.11392611
vn -0.76066244 0.63907236 0.11392611
vn -0.65492004 0.75087452 0.08524790
vn -0.65492004 0.75087452 0.08524790
vn -0.65492004 0.75087452 0.08524790
vn 0.33718383 -0.50747603 -0.79295343
vn 0.33718383 -0.50747603 -0.79295343
vn 0.33718383 -0.50747603 -0.79295343
vn -0.41947514 0.90755868 -0.01943806
vn -0.41947514 0.90755868 -0.01943806
vn -0.41947514 0.90755868 -0.01943806
vn -0.40441358 0.91436005 -0.01988468
vn -0.40441358 0.91436005 -0.01988468
vn -0.40441358 0.91436005 -0.01988468
vn -0.39567280 0.89571714 -0.20281467
vn -0.39567280 0.89571714 -0.20281467
vn -0.39567280 0.89571714 -0.20281467
vn 0.38414079 -0.45280999 -0.80461109
vn 0.38414079 -0.45280999 -0.80461109
vn 0.38414079 -0.45280999 -0.80461109
vn 0.43736184 -0.57824236 -0.68873101
vn 0.43736184 -0.57824236 -0.68873101
vn 0.43736184 -0.57824236 -0.68873101
vn 0.34278330 -0.47359762 -0.81129825
vn 0.34278330 -0.47359762 -0.81129825
vn 0.34278330 -0.47359762 -0.81129825
vn -0.41176254 0.89329171 -0.18022627
vn -0.41176254 0.89329171 -0.18022627
vn -0.41176254 0.89329171 -0.18022627
vn -0.35862064 0.66023958 0.65990525
vn -0.35862064 0.66023958 0.65990525
vn -0.35862064 0.66023958 0.65990525
vn -0.05591996 0.99496382 -0.08318593
vn -0.05591996 0.99496382 -0.08318593
vn -0.05591996 0.99496382 -0.08318593
vn -0.38986471 0.90908080 -0.14689305
vn -0.38986471 0.90908080 -0.14689305
vn -0.38986471 0.90908080 -0.14689305
vn -0.50056863 -0.10325240 0.85951734
vn -0.50056863 -0.10325240 0.85951734
vn -0.50056863 -0.10325240 0.85951734
vn 0.12235061 -0.41615626 -0.90102404
vn 0.12235061 -0.41615626 -0.90102404
vn 0.12235061 -0.41615626 -0.90102404
vn -0.28048313 0.91752601 -0.28191352
vn -0.28048313 0.91752601 -0.28191352
vn -0.28048313 0.91752601 -0.28191352
vn 0.26198956 -0.29010856 -0.92043388
vn 0.26198956 -0.29010856 -0.92043388
vn 0.26198956 -0.29010856 -0.92043388
vn -0.41507530 0.87726665 -0.24107197
vn -0.41507530 0.87726665 -0.24107197
vn -0.41507530 0.87726665 -0.24107197
vn -0.42827272 0.89664447 -0.11229958
vn -0.42827272 0.89664447 -0.11229958
vn -0.42827272 0.89664447 -0.11229958
vn 0.35878229 -0.50064313 -0.78780186
vn 0.35878229 -0.50064313 -0.78780186
vn 0.35878229 -0.50064313 -0.78780186
vn 0.21175148 -0.68516260 0.69693148
vn 0.21175148 -0.68516260 0.69693148
vn 0.21175148 -0.68516260 0.69693148
vn 0.32928762 -0.41441113 -0.84842980
vn 0.32928762 -0.41441113 -0.84842980
vn 0.32928762 -0.41441113 -0.84842980
vn -0.55273551 0.80269587 0.22397049
vn -0.55273551 0.80269587 0.22397049
vn -0.55273551 0.80269587 0.22397049
vn -0.63025594 0.72645730 0.27392939
vn -0.63025594 0.72645730 0.27392939
vn -0.63025594 0.72645730 0.27392939
vn -0.56686127 0.79233551 0.22554971
vn -0.56686127 0.79233551 0.22554971
vn -0.56686127 0.79233551 0.22554971
vn -0.62951845 0.72590864 0.27706164
vn -0.62951845 0.72590864 0.27706164
vn -0.62951845 0.72590864 0.27706164
vn -0.67576587 0.68423134 0.27416778
vn -0.67576587 0.68423134 0.27416778
vn -0.67576587 0.68423134 0.27416778
vn -0.47293541 0.86668009 0.15873805
vn -0.47293541 0.86668009 0.15873805
vn -0.47293541 0.86668009 0.15873805
vn -0.46372420 0.83599490 0.29338101
vn -0.46372420 0.83599490 0.29338101
vn -0.46372420 0.83599490 0.29338101
vn -0.52975029 0.83398157 0.15439993
vn -0.52975029 0.83398157 0.15439993
vn -0.52975029 0.83398157 0.15439993
vn -0.62339640 0.72263783 0.29861596
vn -0.62339640 0.72263783 0.29861596
vn -0.62339640 0.72263783 0.29861596
vn -0.58052993 0.76691318 0.27354926
vn -0.58052993 0.76691318 0.27354926
vn -0.58052993 0.76691318 0.27354926
vn -0.48598304 0.84358943 0.22842373
vn -0.48598304 0.84358943 0.22842373
vn -0.48598304 0.84358943 0.22842373
vn -0.62832606 0.74106121 0.23671640
vn -0.62832606 0.74106121 0.23671640
vn -0.62832606 0.74106121 0.23671640
vn -0.63304693 0.71367908 0.29985625
vn -0.63304693 0.71367908 0.29985625
vn -0.63304693 0.71367908 0.29985625
vn -0.53637850 0.82778436 0.16453321
vn -0.53637850 0.82778436 0.16453321
vn -0.53637850 0.82778436 0.16453321
vn -0.47010738 0.82241118 0.32037312
vn -0.47010738 0.82241118 0.32037312
vn -0.47010738 0.82241118 0.32037312
vn -0.45526963 0.84647727 0.27605399
vn -0.45526963 0.84647727 0.27605399
vn -0.45526963 0.84647727 0.27605399
vn -0.52876967 0.81593454 0.23378070
vn -0.52876967 0.81593454 0.23378070
vn -0.52876967 0.81593454 0.23378070
vn -0.58282816 0.77996176 0.22797139
vn -0.58282816 0.77996176 0.22797139
vn -0.58282816 0.77996176 0.22797139
vn -0.27382323 0.96177745 0.00223134
vn -0.27382323 0.96177745 0.00223134
vn -0.27382323 0.96177745 0.00223134
vn -0.26638451 0.95938545 -0.09283799
vn -0.26638451 0.95938545 -0.09283799
vn -0.26638451 0.95938545 -0.09283799
vn -0.49721169 0.79508269 0.34730977
vn -0.49721169 0.79508269 0.34730977
vn -0.49721169 0.79508269 0.34730977
vn -0.36909175 0.92688429 -0.06824031
vn -0.36909175 0.92688429 -0.06824031
vn -0.36909175 0.92688429 -0.06824031
vn -0.56202525 0.81644267 0.13247257
vn -0.56202525 0.81644267 0.13247257
vn -0.56202525 0.81644267 0.13247257
vn -0.50546837 0.85363281 0.12574899
vn -0.50546837 0.85363281 0.12574899
vn -0.50546837 0.85363281 0.12574899
vn -0.42594737 0.90214306 -0.06860580
vn -0.42594737 0.90214306 -0.06860580
vn -0.42594737 0.90214306 -0.06860580
vn -0.48426527 0.87477160 0.01617877
vn -0.48426527 0.87477160 0.01617877
vn -0.48426527 0.87477160 0.01617877
vn -0.40866518 0.88754737 0.21272624
vn -0.40866518 0.88754737 0.21272624
vn -0.40866518 0.88754737 0.21272624
vn -0.21980079 -0.83247972 -0.50859129
vn -0.21980079 -0.83247972 -0.50859129
vn -0.21980079 -0.83247972 -0.50859129
vn -0.13971786 0.87015986 0.47254705
vn -0.13971786 0.87015986 0.47254705
vn -0.13971786 0.87015986 0.47254705
vn -0.16531594 -0.88179439 -0.44171172
vn -0.16531594 -0.88179439 -0.44171172
vn -0.16531594 -0.88179439 -0.44171172
vn 0.07385252 -0.90517294 -0.41857821
vn 0.07385252 -0.90517294 -0.41857821
vn 0.07385252 -0.90517294 -0.41857821
vn -0.85391110 0.48021001 0.20058459
vn -0.85391110 0.48021001 0.20058459
vn -0.85391110 0.48021001 0.20058459
vn -0.33489016 0.18235733 -0.92444277
vn -0.33489016 0.18235733 -0.92444277
vn -0.33489016 0.18235733 -0.92444277
vn -0.84921527 0.48799568 0.20172669
vn -0.84921527 0.48799568 0.20172669
vn -0.84921527 0.48799568 0.20172669
vn -0.26525205 -0.86047035 -0.43500820
vn -0.26525205 -0.86047035 -0.43500820
vn -0.26525205 -0.86047035 -0.43500820
vn -0.68524390 0.60759670 0.40158063
vn -0.68524390 0.60759670 0.40158063
vn -0.68524390 0.60759670 0.40158063
vn -0.83763677 0.47704384 0.26607102
vn -0.83763677 0.47704384 0.26607102
vn -0.83763677 0.47704384 0.26607102
vn -0.30316448 -0.87564260 -0.37595391
vn -0.30316448 -0.87564260 -0.37595391
vn -0.30316448 -0.87564260 -0.37595391
vn -0.53725183 0.77420223 0.33462131
vn -0.53725183 0.77420223 0.33462131
vn -0.53725183 0.77420223 0.33462131
vn -0.30586275 -0.87318605 -0.37946552
vn -0.30586275 -0.87318605 -0.37946552
vn -0.30586275 -0.87318605 -0.37946552
vn -0.69553250 0.61777323 0.36686614
vn -0.69553250 0.61777323 0.36686614
vn -0.69553250 0.61777323 0.36686614
vn 0.32021278 -0.94655991 0.03857655
vn 0.32021278 -0.94655991 0.03857655
vn 0.32021278 -0.94655991 0.03857655
vn -0.27359799 -0.88996661 -0.36483362
vn -0.27359799 -0.88996661 -0.36483362
vn -0.27359799 -0.88996661 -0.36483362
vn -0.26291513 -0.86280912 -0.43178236
vn -0.26291513 -0.86280912 -0.43178236
vn -0.26291513 -0.86280912 -0.43178236
vn -0.15235579 0.87930977 0.45122281
vn -0.15235579 0.87930977 0.45122281
vn -0.15235579 0.87930977 0.45122281
vn -0.83491081 0.48135445 0.26687425
vn -0.83491081 0.48135445 0.26687425
vn -0.83491081 0.48135445 0.26687425
vn 0.15748490 -0.27483770 -0.94850552
vn 0.15748490 -0.27483770 -0.94850552
vn 0.15748490 -0.27483770 -0.94850552
vn -0.83699828 0.46383700 0.29032585
vn -0.83699828 0.46383700 0.29032585
vn -0.83699828 0.46383700 0.29032585
vn 0.29227421 -0.77004814 -0.56709933
vn 0.29227421 -0.77004814 -0.56709933
vn 0.29227421 -0.77004814 -0.56709933
vn 0.23477498 -0.78618944 -0.57165271
vn 0.23477498 -0.78618944 -0.57165271
vn 0.23477498 -0.78618944 -0.57165271
vn 0.23428856 -0.80056846 -0.55154234
vn 0.23428856 -0.80056846 -0.55154234
vn 0.23428856 -0.80056846 -0.55154234
vn 0.40374893 -0.77907819 -0.47960821
vn 0.40374893 -0.77907819 -0.47960821
vn 0.40374893 -0.77907819 -0.47960821
vn 0.42829219 -0.69644862 -0.57578218
vn 0.42829219 -0.69644862 -0.57578218
vn 0.42829219 -0.69644862 -0.57578218
vn 0.18864119 -0.88728976 -0.42086977
vn 0.18864119 -0.88728976 -0.42086977
vn 0.18864119 -0.88728976 -0.42086977
vn 0.23601298 -0.89081579 -0.38825905
vn 0.23601298 -0.89081579 -0.38825905
vn 0.23601298 -0.89081579 -0.38825905
vn 0.18913160 -0.88852757 -0.41802865
vn 0.18913160 -0.88852757 -0.41802865
vn 0.18913160 -0.88852757 -0.41802865
vn 0.18925458 -0.88773757 -0.41964829
vn 0.18925458 -0.88773757 -0.41964829
vn 0.18925458 -0.88773757 -0.41964829
vn 0.42599946 -0.77341670 -0.46941566
vn 0.42599946 -0.77341670 -0.46941566
vn 0.42599946 -0.77341670 -0.46941566
vn 0.41379941 -0.76882321 -0.48752528
vn 0.41379941 -0.76882321 -0.48752528
vn 0.41379941 -0.76882321 -0.48752528
vn 0.39819330 -0.80628294 -0.43743563
vn 0.39819330 -0.80628294 -0.43743563
vn 0.39819330 -0.80628294 -0.43743563
vn 0.35414076 -0.85014528 -0.38966304
vn 0.35414076 -0.85014528 -0.38966304
vn 0.35414076 -0.85014528 -0.38966304
vn 0.35954386 -0.83153743 -0.42340726
vn 0.35954386 -0.83153743 -0.42340726
vn 0.35954386 -0.83153743 -0.42340726
vn 0.31664458 -0.86968279 -0.37866613
vn 0.31664458 -0.86968279 -0.37866613
vn 0.31664458 -0.86968279 -0.37866613
vn 0.31566069 -0.85445070 -0.41264066
vn 0.31566069 -0.85445070 -0.41264066
vn 0.31566069 -0.85445070 -0.41264066
vn 0.39269328 -0.82840621 -0.39941850
vn 0.39269328 -0.82840621 -0.39941850
vn 0.39269328 -0.82840621 -0.39941850
vn 0.20141163 -0.88276130 -0.42445949
vn 0.20141163 -0.88276130 -0.42445949
vn 0.20141163 -0.88276130 -0.42445949
vn 0.27109504 -0.87841499 -0.39356646
vn 0.27109504 -0.87841499 -0.39356646
vn 0.27109504 -0.87841499 -0.39356646
vn 0.18639162 -0.89904237 -0.39620823
vn 0.18639162 -0.89904237 -0.39620823
vn 0.18639162 -0.89904237 -0.39620823
vn 0.40218571 -0.82278168 -0.40159303
vn 0.40218571 -0.82278168 -0.40159303
vn 0.40218571 -0.82278168 -0.40159303
vn 0.36690316 -0.82443547 -0.43091562
vn 0.36690316 -0.82443547 -0.43091562
vn 0.36690316 -0.82443547 -0.43091562
vn 0.36372423 -0.84675658 -0.38821131
vn 0.36372423 -0.84675658 -0.38821131
vn 0.36372423 -0.84675658 -0.38821131
vn 0.31824717 -0.85083067 -0.41809794
vn 0.31824717 -0.85083067 -0.41809794
vn 0.31824717 -0.85083067 -0.41809794
vn 0.31437638 -0.85728735 -0.40770808
vn 0.31437638 -0.85728735 -0.40770808
vn 0.31437638 -0.85728735 -0.40770808
vn 0.03039064 -0.83713973 -0.54614419
vn 0.03039064 -0.83713973 -0.54614419
vn 0.03039064 -0.83713973 -0.54614419
vn -0.06737436 -0.81380767 -0.57721549
vn -0.06737436 -0.81380767 -0.57721549
vn -0.06737436 -0.81380767 -0.57721549
vn 0.14075655 -0.63247120 -0.76168746
vn 0.14075655 -0.63247120 -0.76168746
vn 0.14075655 -0.63247120 -0.76168746
vn -0.04832536 -0.90242875 -0.42812032
vn -0.04832536 -0.90242875 -0.42812032
vn -0.04832536 -0.90242875 -0.42812032
vn -0.62723994 0.70155716 0.33821240
vn -0.62723994 0.70155716 0.33821240
vn -0.62723994 0.70155716 0.33821240
vn -0.52852017 0.75056261 0.39663866
vn -0.52852017 0.75056261 0.39663866
vn -0.52852017 0.75056261 0.39663866
vn -0.09083063 -0.87624276 -0.47323194
vn -0.09083063 -0.87624276 -0.47323194
vn -0.09083063 -0.87624276 -0.47323194
vn -0.04509773 -0.90058219 -0.43234000
vn -0.04509773 -0.90058219 -0.43234000
vn -0.04509773 -0.90058219 -0.43234000
vn -0.15111870 -0.87315863 -0.46341896
vn -0.15111870 -0.87315863 -0.46341896
vn -0.15111870 -0.87315863 -0.46341896
vn -0.57400745 0.74920791 0.33045876
vn -0.57400745 0.74920791 0.33045876
vn -0.57400745 0.74920791 0.33045876
vn -0.07765725 -0.90383899 -0.42076650
vn -0.07765725 -0.90383899 -0.42076650
vn -0.07765725 -0.90383899 -0.42076650
vn -0.86083752 0.45656899 0.22472990
vn -0.86083752 0.45656899 0.22472990
vn -0.86083752 0.45656899 0.22472990
vn -0.10284682 -0.97708589 0.18634847
vn -0.10284682 -0.97708589 0.18634847
vn -0.10284682 -0.97708589 0.18634847
vn -0.24252141 -0.87416714 -0.42073169
vn -0.24252141 -0.87416714 -0.42073169
vn -0.24252141 -0.87416714 -0.42073169
vn 0.25530568 -0.87524122 -0.41081846
vn 0.25530568 -0.87524122 -0.41081846
vn 0.25530568 -0.87524122 -0.41081846
vn 0.41921052 -0.77436054 -0.47394970
vn 0.41921052 -0.77436054 -0.47394970
vn 0.41921052 -0.77436054 -0.47394970
vn 0.43983749 -0.76200593 -0.47527882
vn 0.43983749 -0.76200593 -0.47527882
vn 0.43983749 -0.76200593 -0.47527882
vn 0.38323352 -0.81944025 -0.42620388
vn 0.38323352 -0.81944025 -0.42620388
vn 0.38323352 -0.81944025 -0.42620388
vn -0.17845684 -0.88688511 -0.42613137
vn -0.17845684 -0.88688511 -0.42613137
vn -0.17845684 -0.88688511 -0.42613137
vn -0.46605363 0.74347597 0.47962222
vn -0.46605363 0.74347597 0.47962222
vn -0.46605363 0.74347597 0.47962222
vn -0.43126252 0.79746532 0.42197356
vn -0.43126252 0.79746532 0.42197356
vn -0.43126252 0.79746532 0.42197356
vn -0.40403780 0.78786474 0.46478233
vn -0.40403780 0.78786474 0.46478233
vn -0.40403780 0.78786474 0.46478233
vn -0.62448078 0.69105023 0.36396891
vn -0.62448078 0.69105023 0.36396891
vn -0.62448078 0.69105023 0.36396891
vn -0.39016214 0.78459972 0.48184723
vn -0.39016214 0.78459972 0.48184723
vn -0.39016214 0.78459972 0.48184723
vn -0.43283284 0.74989259 0.50031674
vn -0.43283284 0.74989259 0.50031674
vn -0.43283284 0.74989259 0.50031674
vn -0.76810396 0.61381191 0.18234918
vn -0.76810396 0.61381191 0.18234918
vn -0.76810396 0.61381191 0.18234918
vn 0.62129360 -0.47329175 -0.62449116
vn 0.62129360 -0.47329175 -0.62449116
vn 0.62129360 -0.47329175 -0.62449116
vn -0.85390747 0.49210593 0.16933337
vn -0.85390747 0.49210593 0.16933337
vn -0.85390747 0.49210593 0.16933337
vn -0.31672937 -0.81703150 -0.48181120
vn -0.31672937 -0.81703150 -0.48181120
vn -0.31672937 -0.81703150 -0.48181120
vn -0.71513653 0.63023549 0.30229613
vn -0.71513653 0.63023549 0.30229613
vn -0.71513653 0.63023549 0.30229613
vn -0.84008092 0.50230867 0.20481718
vn -0.84008092 0.50230867 0.20481718
vn -0.84008092 0.50230867 0.20481718
vn -0.72361517 0.63453925 0.27155295
vn -0.72361517 0.63453925 0.27155295
vn -0.72361517 0.63453925 0.27155295
vn -0.34510797 -0.90510398 0.24836925
vn -0.34510797 -0.90510398 0.24836925
vn -0.34510797 -0.90510398 0.24836925
vn -0.73931992 0.59338081 0.31828493
vn -0.73931992 0.59338081 0.31828493
vn -0.73931992 0.59338081 0.31828493
vn -0.67523617 0.66947943 0.30960199
vn -0.67523617 0.66947943 0.30960199
vn -0.67523617 0.66947943 0.30960199
vn -0.10663436 -0.94298321 -0.31529626
vn -0.10663436 -0.94298321 -0.31529626
vn -0.10663436 -0.94298321 -0.31529626
vn -0.23739228 -0.92873788 -0.28476465
vn -0.23739228 -0.92873788 -0.28476465
vn -0.23739228 -0.92873788 -0.28476465
vn -0.66673744 0.67472863 0.31654766
vn -0.66673744 0.67472863 0.31654766
vn -0.66673744 0.67472863 0.31654766
vn -0.66569412 0.65976459 0.34865749
vn -0.66569412 0.65976459 0.34865749
vn -0.66569412 0.65976459 0.34865749
vn -0.69315553 0.64761835 0.31642666
vn -0.69315553 0.64761835 0.31642666
vn -0.69315553 0.64761835 0.31642666
vn 0.24833879 -0.88693517 -0.38945332
vn 0.24833879 -0.88693517 -0.38945332
vn 0.24833879 -0.88693517 -0.38945332
vn -0.55146563 0.64636707 0.52734739
vn -0.55146563 0.64636707 0.52734739
vn -0.55146563 0.64636707 0.52734739
vn -0.59300387 0.69954103 0.39873394
vn -0.59300387 0.69954103 0.39873394
vn -0.59300387 0.69954103 0.39873394
vn 0.40788397 -0.86522406 -0.29157847
vn 0.40788397 -0.86522406 -0.29157847
vn 0.40788397 -0.86522406 -0.29157847
vn 0.38379619 -0.85926747 -0.33817145
vn 0.38379619 -0.85926747 -0.33817145
vn 0.38379619 -0.85926747 -0.33817145
vn 0.38208035 -0.86154687 -0.33429259
vn 0.38208035 -0.86154687 -0.33429259
vn 0.38208035 -0.86154687 -0.33429259
vn -0.43695125 0.73967558 0.51181406
vn -0.43695125 0.73967558 0.51181406
vn -0.43695125 0.73967558 0.51181406
vn 0.44693950 -0.88612491 -0.12258756
vn 0.44693950 -0.88612491 -0.12258756
vn 0.44693950 -0.88612491 -0.12258756
vn 0.36045644 -0.86978436 -0.33696637
vn 0.36045644 -0.86978436 -0.33696637
vn 0.36045644 -0.86978436 -0.33696637
vn -0.47155449 0.73181772 0.49201548
vn -0.47155449 0.73181772 0.49201548
vn -0.47155449 0.73181772 0.49201548
vn -0.50020391 0.69089955 0.52197111
vn -0.50020391 0.69089955 0.52197111
vn -0.50020391 0.69089955 0.52197111
vn -0.62487727 0.65711957 0.42157117
vn -0.62487727 0.65711957 0.42157117
vn -0.62487727 0.65711957 0.42157117
vn -0.64746416 0.70306170 0.29409936
vn -0.64746416 0.70306170 0.29409936
vn -0.64746416 0.70306170 0.29409936
vn 0.41101471 -0.88050634 -0.23616834
vn 0.41101471 -0.88050634 -0.23616834
vn 0.41101471 -0.88050634 -0.23616834
vn 0.42610514 -0.86396986 -0.26831034
vn 0.42610514 -0.86396986 -0.26831034
vn 0.42610514 -0.86396986 -0.26831034
vn -0.56351727 0.72730529 0.39175922
vn -0.56351727 0.72730529 0.39175922
vn -0.56351727 0.72730529 0.39175922
vn -0.46602440 0.75328839 0.46408820
vn -0.46602440 0.75328839 0.46408820
vn -0.46602440 0.75328839 0.46408820
vn -0.56457627 0.71008003 0.42076120
vn -0.56457627 0.71008003 0.42076120
vn -0.56457627 0.71008003 0.42076120
vn 0.39622170 -0.87567621 -0.27604258
vn 0.39622170 -0.87567621 -0.27604258
vn 0.39622170 -0.87567621 -0.27604258
vn 0.19624576 -0.98053730 0.00585411
vn 0.19624576 -0.98053730 0.00585411
vn 0.19624576 -0.98053730 0.00585411
vn 0.39219680 -0.91854560 0.04955504
vn 0.39219680 -0.91854560 0.04955504
vn 0.39219680 -0.91854560 0.04955504
vn 0.22386821 -0.94424105 -0.24143699
vn 0.22386821 -0.94424105 -0.24143699
vn 0.22386821 -0.94424105 -0.24143699
vn -0.41367209 0.49666315 0.76302105
vn -0.41367209 0.49666315 0.76302105
vn -0.41367209 0.49666315 0.76302105
vn -0.36758739 0.28233352 0.88609666
vn -0.36758739 0.28233352 0.88609666
vn -0.36758739 0.28233352 0.88609666
vn -0.48459062 0.40664694 0.77447414
vn -0.48459062 0.40664694 0.77447414
vn -0.48459062 0.40664694 0.77447414
vn -0.41079667 0.67840099 0.60911262
vn -0.41079667 0.67840099 0.60911262
vn -0.41079667 0.67840099 0.60911262
vn -0.42483822 0.53210330 0.73237872
vn -0.42483822 0.53210330 0.73237872
vn -0.42483822 0.53210330 0.73237872
vn -0.39949289 0.49169087 0.77372187
vn -0.39949289 0.49169087 0.77372187
vn -0.39949289 0.49169087 0.77372187
vn 0.33383828 -0.91496634 0.22669046
vn 0.33383828 -0.91496634 0.22669046
vn 0.33383828 -0.91496634 0.22669046
vn -0.42272773 0.50549823 0.75217873
vn -0.42272773 0.50549823 0.75217873
vn -0.42272773 0.50549823 0.75217873
vn -0.39927000 0.50923449 0.76240653
vn -0.39927000 0.50923449 0.76240653
vn -0.39927000 0.50923449 0.76240653
vn 0.34825402 -0.91001236 0.22493695
vn 0.34825402 -0.91001236 0.22493695
vn 0.34825402 -0.91001236 0.22493695
vn -0.45193666 0.51043403 0.73158073
vn -0.45193666 0.51043403 0.73158073
vn -0.45193666 0.51043403 0.73158073
vn -0.41023886 0.55862933 0.72085875
vn -0.41023886 0.55862933 0.72085875
vn -0.41023886 0.55862933 0.72085875
vn -0.40215519 0.60078830 0.69088686
vn -0.40215519 0.60078830 0.69088686
vn -0.40215519 0.60078830 0.69088686
vn 0.31205115 -0.93747646 0.15414919
vn 0.31205115 -0.93747646 0.15414919
vn 0.31205115 -0.93747646 0.15414919
vn -0.63059467 0.70628887 0.32172400
vn -0.63059467 0.70628887 0.32172400
vn -0.63059467 0.70628887 0.32172400
vn -0.63001543 0.70989954 0.31483838
vn -0.63001543 0.70989954 0.31483838
vn -0.63001543 0.70989954 0.31483838
vn -0.62548524 0.72491288 0.28856459
vn -0.62548524 0.72491288 0.28856459
vn -0.62548524 0.72491288 0.28856459
vn -0.63111413 0.71150601 0.30895659
vn -0.63111413 0.71150601 0.30895659
vn -0.63111413 0.71150601 0.30895659
vn -0.08275197 -0.92733485 -0.36496884
vn -0.08275197 -0.92733485 -0.36496884
vn -0.08275197 -0.92733485 -0.36496884
vn -0.03289156 -0.99943757 0.00653391
vn -0.03289156 -0.99943757 0.00653391
vn -0.03289156 -0.99943757 0.00653391
vn -0.05797126 -0.96285480 -0.26372331
vn -0.05797126 -0.96285480 -0.26372331
vn -0.05797126 -0.96285480 -0.26372331
vn -0.49031219 0.63279670 0.59930146
vn -0.49031219 0.63279670 0.59930146
vn -0.49031219 0.63279670 0.59930146
vn -0.52572721 0.65689623 0.54046112
vn -0.52572721 0.65689623 0.54046112
vn -0.52572721 0.65689623 0.54046112
vn -0.44507405 0.67885935 0.58400261
vn -0.44507405 0.67885935 0.58400261
vn -0.44507405 0.67885935 0.58400261
vn -0.42592862 0.69684672 0.57705241
vn -0.42592862 0.69684672 0.57705241
vn -0.42592862 0.69684672 0.57705241
vn -0.48669067 0.67743766 0.55155271
vn -0.48669067 0.67743766 0.55155271
vn -0.48669067 0.67743766 0.55155271
vn 0.38479969 -0.90115279 0.19963184
vn 0.38479969 -0.90115279 0.19963184
vn 0.38479969 -0.90115279 0.19963184
vn -0.43314883 0.69621670 0.57241976
vn -0.43314883 0.69621670 0.57241976
vn -0.43314883 0.69621670 0.57241976
vn -0.47244316 0.66862893 0.57422364
vn -0.47244316 0.66862893 0.57422364
vn -0.47244316 0.66862893 0.57422364
vn 0.22818913 -0.93963236 0.25499171
vn 0.22818913 -0.93963236 0.25499171
vn 0.22818913 -0.93963236 0.25499171
vn 0.33077154 -0.91310269 0.23839812
vn 0.33077154 -0.91310269 0.23839812
vn 0.33077154 -0.91310269 0.23839812
vn -0.29283422 -0.85079420 -0.43634549
vn -0.29283422 -0.85079420 -0.43634549
vn -0.29283422 -0.85079420 -0.43634549
vn -0.33436367 0.85928583 0.38707730
vn -0.33436367 0.85928583 0.38707730
vn -0.33436367 0.85928583 0.38707730
vn -0.80826741 0.56532502 0.16465533
vn -0.80826741 0.56532502 0.16465533
vn -0.80826741 0.56532502 0.16465533
vn -0.58676785 0.49574271 0.64026767
vn -0.58676785 0.49574271 0.64026767
vn -0.58676785 0.49574271 0.64026767
vn -0.71146959 0.67146033 0.20724864
vn -0.71146959 0.67146033 0.20724864
vn -0.71146959 0.67146033 0.20724864
vn 0.16408408 -0.92730528 -0.33642432
vn 0.16408408 -0.92730528 -0.33642432
vn 0.16408408 -0.92730528 -0.33642432
vn 0.28263453 -0.86567736 -0.41318330
vn 0.28263453 -0.86567736 -0.41318330
vn 0.28263453 -0.86567736 -0.41318330
vn 0.48278850 -0.86625057 -0.12855035
vn 0.48278850 -0.86625057 -0.12855035
vn 0.48278850 -0.86625057 -0.12855035
vn 0.41362974 -0.86460316 -0.28525737
vn 0.41362974 -0.86460316 -0.28525737
vn 0.41362974 -0.86460316 -0.28525737
vn 0.41174716 -0.87348890 -0.25977194
vn 0.41174716 -0.87348890 -0.25977194
vn 0.41174716 -0.87348890 -0.25977194
vn -0.41643003 0.46144146 0.78336316
vn -0.41643003 0.46144146 0.78336316
vn -0.41643003 0.46144146 0.78336316
vn 0.19691466 -0.62221366 0.75767726
vn 0.19691466 -0.62221366 0.75767726
vn 0.19691466 -0.62221366 0.75767726
vn -0.61028075 0.55913240 0.56118476
vn -0.61028075 0.55913240 0.56118476
vn -0.61028075 0.55913240 0.56118476
vn 0.31009841 -0.93215215 0.18689913
vn 0.31009841 -0.93215215 0.18689913
vn 0.31009841 -0.93215215 0.18689913
vn -0.64184910 0.44368452 0.62543887
vn -0.64184910 0.44368452 0.62543887
vn -0.64184910 0.44368452 0.62543887
vn 0.34959722 -0.91678560 0.19309570
vn 0.34959722 -0.91678560 0.19309570
vn 0.34959722 -0.91678560 0.19309570
vn -0.08274472 -0.90643358 -0.41416359
vn -0.08274472 -0.90643358 -0.41416359
vn -0.08274472 -0.90643358 -0.41416359
vn -0.38765511 0.47783315 0.78828865
vn -0.38765511 0.47783315 0.78828865
vn -0.38765511 0.47783315 0.78828865
vn -0.51451480 0.66446447 0.54199767
vn -0.51451480 0.66446447 0.54199767
vn -0.51451480 0.66446447 0.54199767
vn 0.17290942 -0.98252422 0.06890916
vn 0.17290942 -0.98252422 0.06890916
vn 0.17290942 -0.98252422 0.06890916
vn -0.33817288 0.88983685 -0.30631602
vn -0.33817288 0.88983685 -0.30631602
vn -0.33817288 0.88983685 -0.30631602
vn -0.29434550 0.91996026 -0.25890890
vn -0.29434550 0.91996026 -0.25890890
vn -0.29434550 0.91996026 -0.25890890
vn -0.33550811 0.89865434 -0.28258574
vn -0.33550811 0.89865434 -0.28258574
vn -0.33550811 0.89865434 -0.28258574
vn 0.40737200 -0.55797380 -0.72298914
vn 0.40737200 -0.55797380 -0.72298914
vn 0.40737200 -0.55797380 -0.72298914
vn 0.46003175 -0.58613789 -0.66694313
vn 0.46003175 -0.58613789 -0.66694313
vn 0.46003175 -0.58613789 -0.66694313
vn 0.42435908 -0.54372084 -0.72407663
vn 0.42435908 -0.54372084 -0.72407663
vn 0.42435908 -0.54372084 -0.72407663
vn 0.60006857 -0.43659249 -0.67030197
vn 0.60006857 -0.43659249 -0.67030197
vn 0.60006857 -0.43659249 -0.67030197
vn 0.44134584 -0.39564127 -0.80540788
vn 0.44134584 -0.39564127 -0.80540788
vn 0.44134584 -0.39564127 -0.80540788
vn 0.48969558 -0.49188161 -0.71989632
vn 0.48969558 -0.49188161 -0.71989632
vn 0.48969558 -0.49188161 -0.71989632
vn -0.53791922 0.84002918 0.07066707
vn -0.53791922 0.84002918 0.07066707
vn -0.53791922 0.84002918 0.07066707
vn 0.48147079 -0.50732976 -0.71470439
vn 0.48147079 -0.50732976 -0.71470439
vn 0.48147079 -0.50732976 -0.71470439
vn 0.42711908 -0.54135710 -0.72422493
vn 0.42711908 -0.54135710 -0.72422493
vn 0.42711908 -0.54135710 -0.72422493
vn 0.41615069 -0.51508987 -0.74933374
vn 0.41615069 -0.51508987 -0.74933374
vn 0.41615069 -0.51508987 -0.74933374
vn 0.46092615 -0.50929409 -0.72675073
vn 0.46092615 -0.50929409 -0.72675073
vn 0.46092615 -0.50929409 -0.72675073
vn 0.42406377 -0.51281941 -0.74644905
vn 0.42406377 -0.51281941 -0.74644905
vn 0.42406377 -0.51281941 -0.74644905
vn -0.39962047 0.91596681 0.03616962
vn -0.39962047 0.91596681 0.03616962
vn -0.39962047 0.91596681 0.03616962
vn -0.34238151 0.89077795 0.29881352
vn -0.34238151 0.89077795 0.29881352
vn -0.34238151 0.89077795 0.29881352
vn -0.43170229 0.90094203 0.04400679
vn -0.43170229 0.90094203 0.04400679
vn -0.43170229 0.90094203 0.04400679
vn -0.39819831 0.91650057 0.03827265
vn -0.39819831 0.91650057 0.03827265
vn -0.39819831 0.91650057 0.03827265
vn -0.39578763 0.85597599 0.33265188
vn -0.39578763 0.85597599 0.33265188
vn -0.39578763 0.85597599 0.33265188
vn -0.37957737 0.87379301 0.30398494
vn -0.37957737 0.87379301 0.30398494
vn -0.37957737 0.87379301 0.30398494
vn -0.38979828 0.86243445 0.32289949
vn -0.38979828 0.86243445 0.32289949
vn -0.38979828 0.86243445 0.32289949
vn 0.49429739 -0.72833961 -0.47454348
vn 0.49429739 -0.72833961 -0.47454348
vn 0.49429739 -0.72833961 -0.47454348
vn 0.49786976 -0.74016714 -0.45197162
vn 0.49786976 -0.74016714 -0.45197162
vn 0.49786976 -0.74016714 -0.45197162
vn 0.45948386 -0.75839514 -0.46228933
vn 0.45948386 -0.75839514 -0.46228933
vn 0.45948386 -0.75839514 -0.46228933
vn -0.25488344 0.90876967 0.33041203
vn -0.25488344 0.90876967 0.33041203
vn -0.25488344 0.90876967 0.33041203
vn -0.40828729 0.91228265 0.03227886
vn -0.40828729 0.91228265 0.03227886
vn -0.40828729 0.91228265 0.03227886
vn 0.47534198 -0.68773651 -0.54869711
vn 0.47534198 -0.68773651 -0.54869711
vn 0.47534198 -0.68773651 -0.54869711
vn 0.47423425 -0.73660612 -0.48219633
vn 0.47423425 -0.73660612 -0.48219633
vn 0.47423425 -0.73660612 -0.48219633
vn -0.36190382 0.87765831 0.31423163
vn -0.36190382 0.87765831 0.31423163
vn -0.36190382 0.87765831 0.31423163
vn -0.41984960 0.87515372 0.24048351
vn -0.41984960 0.87515372 0.24048351
vn -0.41984960 0.87515372 0.24048351
vn -0.39299434 0.88887572 0.23548964
vn -0.39299434 0.88887572 0.23548964
vn -0.39299434 0.88887572 0.23548964
vn 0.55277771 -0.75164741 -0.35980958
vn 0.55277771 -0.75164741 -0.35980958
vn 0.55277771 -0.75164741 -0.35980958
vn 0.49704152 -0.75303215 -0.43115234
vn 0.49704152 -0.75303215 -0.43115234
vn 0.49704152 -0.75303215 -0.43115234
vn -0.36162883 0.90580130 0.22079085
vn -0.36162883 0.90580130 0.22079085
vn -0.36162883 0.90580130 0.22079085
vn -0.31358835 0.86502528 0.39165503
vn -0.31358835 0.86502528 0.39165503
vn -0.31358835 0.86502528 0.39165503
vn 0.09885827 0.92788941 0.35951123
vn 0.09885827 0.92788941 0.35951123
vn 0.09885827 0.92788941 0.35951123
vn 0.87960911 -0.40221462 -0.25399065
vn 0.87960911 -0.40221462 -0.25399065
vn 0.87960911 -0.40221462 -0.25399065
vn 0.79496258 -0.42961746 -0.42832622
vn 0.79496258 -0.42961746 -0.42832622
vn 0.79496258 -0.42961746 -0.42832622
vn 0.79076493 -0.49291793 -0.36293626
vn 0.79076493 -0.49291793 -0.36293626
vn 0.79076493 -0.49291793 -0.36293626
vn 0.90954739 -0.36426094 -0.20009385
vn 0.90954739 -0.36426094 -0.20009385
vn 0.90954739 -0.36426094 -0.20009385
vn 0.15568446 0.87885475 0.45097309
vn 0.15568446 0.87885475 0.45097309
vn 0.15568446 0.87885475 0.45097309
vn 0.65418631 -0.72307646 -0.22181234
vn 0.65418631 -0.72307646 -0.22181234
vn 0.65418631 -0.72307646 -0.22181234
vn 0.80620772 -0.53608614 -0.25028151
vn 0.80620772 -0.53608614 -0.25028151
vn 0.80620772 -0.53608614 -0.25028151
vn 0.90880632 -0.36369684 -0.20444001
vn 0.90880632 -0.36369684 -0.20444001
vn 0.90880632 -0.36369684 -0.20444001
vn 0.82582176 -0.50773495 -0.24540512
vn 0.82582176 -0.50773495 -0.24540512
vn 0.82582176 -0.50773495 -0.24540512
vn 0.66641009 -0.65187573 -0.36187792
vn 0.66641009 -0.65187573 -0.36187792
vn 0.66641009 -0.65187573 -0.36187792
vn 0.88659453 -0.44049498 -0.14111793
vn 0.88659453 -0.44049498 -0.14111793
vn 0.88659453 -0.44049498 -0.14111793
vn 0.80528080 -0.54076433 -0.24309835
vn 0.80528080 -0.54076433 -0.24309835
vn 0.80528080 -0.54076433 -0.24309835
vn 0.73667729 -0.62500691 -0.25821093
vn 0.73667729 -0.62500691 -0.25821093
vn 0.73667729 -0.62500691 -0.25821093
vn 0.46691710 -0.36460471 -0.80563754
vn 0.46691710 -0.36460471 -0.80563754
vn 0.46691710 -0.36460471 -0.80563754
vn -0.26184422 0.95546383 0.13611202
vn -0.26184422 0.95546383 0.13611202
vn -0.26184422 0.95546383 0.13611202
vn -0.13857150 0.93334329 0.33116201
vn -0.13857150 0.93334329 0.33116201
vn -0.13857150 0.93334329 0.33116201
vn 0.53309721 -0.72660285 -0.43342319
vn 0.53309721 -0.72660285 -0.43342319
vn 0.53309721 -0.72660285 -0.43342319
vn -0.03691806 0.91576982 0.40000334
vn -0.03691806 0.91576982 0.40000334
vn -0.03691806 0.91576982 0.40000334
vn 0.57620227 -0.73250264 -0.36253384
vn 0.57620227 -0.73250264 -0.36253384
vn 0.57620227 -0.73250264 -0.36253384
vn 0.57624048 -0.73221064 -0.36306262
vn 0.57624048 -0.73221064 -0.36306262
vn 0.57624048 -0.73221064 -0.36306262
vn 0.56047213 -0.63932961 -0.52643013
vn 0.56047213 -0.63932961 -0.52643013
vn 0.56047213 -0.63932961 -0.52643013
vn 0.54924047 -0.75476170 -0.35870558
vn 0.54924047 -0.75476170 -0.35870558
vn 0.54924047 -0.75476170 -0.35870558
vn -0.45555538 0.87821281 -0.14564176
vn -0.45555538 0.87821281 -0.14564176
vn -0.45555538 0.87821281 -0.14564176
vn -0.34868139 0.91779715 -0.18992026
vn -0.34868139 0.91779715 -0.18992026
vn -0.34868139 0.91779715 -0.18992026
vn -0.32279876 0.91208833 -0.25277621
vn -0.32279876 0.91208833 -0.25277621
vn -0.32279876 0.91208833 -0.25277621
vn 0.46427324 -0.64843827 -0.60330600
vn 0.46427324 -0.64843827 -0.60330600
vn 0.46427324 -0.64843827 -0.60330600
vn 0.45922762 -0.70202029 -0.54431379
vn 0.45922762 -0.70202029 -0.54431379
vn 0.45922762 -0.70202029 -0.54431379
vn 0.46917364 -0.67252523 -0.57235122
vn 0.46917364 -0.67252523 -0.57235122
vn 0.46917364 -0.67252523 -0.57235122
vn 0.45072344 -0.57480174 -0.68297243
vn 0.45072344 -0.57480174 -0.68297243
vn 0.45072344 -0.57480174 -0.68297243
vn -0.37499535 0.90065908 -0.21952599
vn -0.37499535 0.90065908 -0.21952599
vn -0.37499535 0.90065908 -0.21952599
vn 0.42457947 -0.67842579 -0.59955877
vn 0.42457947 -0.67842579 -0.59955877
vn 0.42457947 -0.67842579 -0.59955877
vn 0.57075888 -0.40822774 -0.71244961
vn 0.57075888 -0.40822774 -0.71244961
vn 0.57075888 -0.40822774 -0.71244961
vn -0.49478224 0.84408522 -0.20666562
vn -0.49478224 0.84408522 -0.20666562
vn -0.49478224 0.84408522 -0.20666562
vn -0.32269984 0.94650137 -0.00004469
vn -0.32269984 0.94650137 -0.00004469
vn -0.32269984 0.94650137 -0.00004469
vn -0.24651217 0.92205268 0.29841337
vn -0.24651217 0.92205268 0.29841337
vn -0.24651217 0.92205268 0.29841337
vn -0.40669227 0.85902911 0.31091854
vn -0.40669227 0.85902911 0.31091854
vn -0.40669227 0.85902911 0.31091854
vn 0.89553040 -0.38354653 -0.22564884
vn 0.89553040 -0.38354653 -0.22564884
vn 0.89553040 -0.38354653 -0.22564884
vn 0.71059567 -0.40708348 -0.57387877
vn 0.71059567 -0.40708348 -0.57387877
vn 0.71059567 -0.40708348 -0.57387877
vn 0.15830165 0.86785942 0.47091463
vn 0.15830165 0.86785942 0.47091463
vn 0.15830165 0.86785942 0.47091463
vn 0.90706527 -0.35182083 -0.23120265
vn 0.90706527 -0.35182083 -0.23120265
vn 0.90706527 -0.35182083 -0.23120265
vn -0.38939181 0.89747798 -0.20714064
vn -0.38939181 0.89747798 -0.20714064
vn -0.38939181 0.89747798 -0.20714064
vn 0.52955365 -0.39904937 -0.74855363
vn 0.52955365 -0.39904937 -0.74855363
vn 0.52955365 -0.39904937 -0.74855363
vn 0.54501772 -0.22004156 -0.80903488
vn 0.54501772 -0.22004156 -0.80903488
vn 0.54501772 -0.22004156 -0.80903488
vn -0.09109944 0.91928780 0.38289794
vn -0.09109944 0.91928780 0.38289794
vn -0.09109944 0.91928780 0.38289794
vn -0.40997189 0.90010357 -0.14743330
vn -0.40997189 0.90010357 -0.14743330
vn -0.40997189 0.90010357 -0.14743330
vn 0.53694338 -0.49423343 -0.68368500
vn 0.53694338 -0.49423343 -0.68368500
vn 0.53694338 -0.49423343 -0.68368500
vn 0.44918290 -0.75642335 -0.47545603
vn 0.44918290 -0.75642335 -0.47545603
vn 0.44918290 -0.75642335 -0.47545603
vn 0.45929080 -0.79954821 -0.38700724
vn 0.45929080 -0.79954821 -0.38700724
vn 0.45929080 -0.79954821 -0.38700724
vn 0.46870220 -0.79068762 -0.39386719
vn 0.46870220 -0.79068762 -0.39386719
vn 0.46870220 -0.79068762 -0.39386719
vn 0.46615645 -0.79646814 -0.38514498
vn 0.46615645 -0.79646814 -0.38514498
vn 0.46615645 -0.79646814 -0.38514498
vn 0.53577542 -0.75997764 -0.36793840
vn 0.53577542 -0.75997764 -0.36793840
vn 0.53577542 -0.75997764 -0.36793840
vn 0.51566696 -0.78291833 -0.34803233
vn 0.51566696 -0.78291833 -0.34803233
vn 0.51566696 -0.78291833 -0.34803233
vn 0.50481164 -0.76495683 -0.40000784
vn 0.50481164 -0.76495683 -0.40000784
vn 0.50481164 -0.76495683 -0.40000784
vn 0.42709753 -0.78650832 -0.44608560
vn 0.42709753 -0.78650832 -0.44608560
vn 0.42709753 -0.78650832 -0.44608560
vn 0.45292628 -0.76688391 -0.45469427
vn 0.45292628 -0.76688391 -0.45469427
vn 0.45292628 -0.76688391 -0.45469427
vn 0.49148530 -0.75630087 -0.43179995
vn 0.49148530 -0.75630087 -0.43179995
vn 0.49148530 -0.75630087 -0.43179995
vn -0.40360600 0.81506968 0.41564849
vn -0.40360600 0.81506968 0.41564849
vn -0.40360600 0.81506968 0.41564849
vn -0.44380668 0.75644171 0.48044938
vn -0.44380668 0.75644171 0.48044938
vn -0.44380668 0.75644171 0.48044938
vn -0.44771054 0.75893635 0.47283280
vn -0.44771054 0.75893635 0.47283280
vn -0.44771054 0.75893635 0.47283280
vn -0.44695932 0.76134342 0.46966329
vn -0.44695932 0.76134342 0.46966329
vn -0.44695932 0.76134342 0.46966329
vn -0.16203323 0.90298909 0.39793965
vn -0.16203323 0.90298909 0.39793965
vn -0.16203323 0.90298909 0.39793965
vn -0.15335292 0.90609342 0.39430642
vn -0.15335292 0.90609342 0.39430642
vn -0.15335292 0.90609342 0.39430642
vn -0.14310345 0.87419277 0.46401334
vn -0.14310345 0.87419277 0.46401334
vn -0.14310345 0.87419277 0.46401334
vn -0.34916547 0.86727411 0.35485089
vn -0.34916547 0.86727411 0.35485089
vn -0.34916547 0.86727411 0.35485089
vn -0.35997576 0.83663899 0.41285917
vn -0.35997576 0.83663899 0.41285917
vn -0.35997576 0.83663899 0.41285917
vn -0.38668504 0.76056486 0.52155131
vn -0.38668504 0.76056486 0.52155131
vn -0.38668504 0.76056486 0.52155131
vn -0.41284469 0.77408153 0.47995523
vn -0.41284469 0.77408153 0.47995523
vn -0.41284469 0.77408153 0.47995523
vn -0.13393116 0.88252789 0.45078489
vn -0.13393116 0.88252789 0.45078489
vn -0.13393116 0.88252789 0.45078489
vn -0.43324015 0.78110135 0.44964838
vn -0.43324015 0.78110135 0.44964838
vn -0.43324015 0.78110135 0.44964838
vn -0.41482899 0.80669874 0.42089668
vn -0.41482899 0.80669874 0.42089668
vn -0.41482899 0.80669874 0.42089668
vn -0.42959985 0.79361171 0.43084151
vn -0.42959985 0.79361171 0.43084151
vn -0.42959985 0.79361171 0.43084151
vn -0.14679259 0.86637908 0.47732508
vn -0.14679259 0.86637908 0.47732508
vn -0.14679259 0.86637908 0.47732508
vn -0.41631183 0.79149061 0.44746745
vn -0.41631183 0.79149061 0.44746745
vn -0.41631183 0.79149061 0.44746745
vn -0.41153246 0.80421448 0.42881241
vn -0.41153246 0.80421448 0.42881241
vn -0.41153246 0.80421448 0.42881241
vn -0.39554453 0.80744702 0.43769148
vn -0.39554453 0.80744702 0.43769148
vn -0.39554453 0.80744702 0.43769148
vn -0.24950978 0.77543479 0.58003944
vn -0.24950978 0.77543479 0.58003944
vn -0.24950978 0.77543479 0.58003944
vn -0.25614309 0.74038970 0.62146097
vn -0.25614309 0.74038970 0.62146097
vn -0.25614309 0.74038970 0.62146097
vn -0.35631889 0.70116246 0.61758244
vn -0.35631889 0.70116246 0.61758244
vn -0.35631889 0.70116246 0.61758244
vn 0.04325531 0.89684021 0.44023469
vn 0.04325531 0.89684021 0.44023469
vn 0.04325531 0.89684021 0.44023469
vn 0.04133052 0.90465319 0.42413965
vn 0.04133052 0.90465319 0.42413965
vn 0.04133052 0.90465319 0.42413965
vn 0.79114419 -0.56554323 -0.23291996
vn 0.79114419 -0.56554323 -0.23291996
vn 0.79114419 -0.56554323 -0.23291996
vn 0.86557543 -0.46473303 -0.18655403
vn 0.86557543 -0.46473303 -0.18655403
vn 0.86557543 -0.46473303 -0.18655403
vn 0.84465247 -0.48637936 -0.22360079
vn 0.84465247 -0.48637936 -0.22360079
vn 0.84465247 -0.48637936 -0.22360079
vn 0.88816905 -0.43872008 -0.13667628
vn 0.88816905 -0.43872008 -0.13667628
vn 0.88816905 -0.43872008 -0.13667628
vn 0.03026118 0.88623291 0.46225047
vn 0.03026118 0.88623291 0.46225047
vn 0.03026118 0.88623291 0.46225047
vn 0.88602287 -0.42750257 -0.17945759
vn 0.88602287 -0.42750257 -0.17945759
vn 0.88602287 -0.42750257 -0.17945759
vn 0.03247539 0.89876145 0.43723363
vn 0.03247539 0.89876145 0.43723363
vn 0.03247539 0.89876145 0.43723363
vn 0.88566595 -0.42676535 -0.18294027
vn 0.88566595 -0.42676535 -0.18294027
vn 0.88566595 -0.42676535 -0.18294027
vn 0.86747444 -0.45500943 -0.20113310
vn 0.86747444 -0.45500943 -0.20113310
vn 0.86747444 -0.45500943 -0.20113310
vn 0.89011621 -0.41906223 -0.17910886
vn 0.89011621 -0.41906223 -0.17910886
vn 0.89011621 -0.41906223 -0.17910886
vn 0.02933930 0.89142412 0.45221931
vn 0.02933930 0.89142412 0.45221931
vn 0.02933930 0.89142412 0.45221931
vn 0.34429422 -0.84983420 -0.39905301
vn 0.34429422 -0.84983420 -0.39905301
vn 0.34429422 -0.84983420 -0.39905301
vn 0.01228533 0.86870557 0.49517640
vn 0.01228533 0.86870557 0.49517640
vn 0.01228533 0.86870557 0.49517640
vn 0.01133213 0.88075364 0.47343910
vn 0.01133213 0.88075364 0.47343910
vn 0.01133213 0.88075364 0.47343910
vn -0.08410438 0.83988613 0.53620678
vn -0.08410438 0.83988613 0.53620678
vn -0.08410438 0.83988613 0.53620678
vn 0.06224570 0.90716136 0.41615346
vn 0.06224570 0.90716136 0.41615346
vn 0.06224570 0.90716136 0.41615346
vn 0.06225569 0.90553993 0.41966850
vn 0.06225569 0.90553993 0.41966850
vn 0.06225569 0.90553993 0.41966850
vn 0.04366197 0.88773376 0.45828202
vn 0.04366197 0.88773376 0.45828202
vn 0.04366197 0.88773376 0.45828202
vn 0.04385520 0.87315428 0.48546708
vn 0.04385520 0.87315428 0.48546708
vn 0.04385520 0.87315428 0.48546708
vn 0.07481758 0.89231855 0.44516283
vn 0.07481758 0.89231855 0.44516283
vn 0.07481758 0.89231855 0.44516283
vn -0.02149202 0.82785672 0.56052774
vn -0.02149202 0.82785672 0.56052774
vn -0.02149202 0.82785672 0.56052774
vn -0.06735478 0.76851994 0.63627070
vn -0.06735478 0.76851994 0.63627070
vn -0.06735478 0.76851994 0.63627070
vn -0.43494707 0.74246854 0.50947183
vn -0.43494707 0.74246854 0.50947183
vn -0.43494707 0.74246854 0.50947183
vn -0.37856421 0.71729696 0.58495665
vn -0.37856421 0.71729696 0.58495665
vn -0.37856421 0.71729696 0.58495665
vn -0.19169667 0.82643890 0.52938753
vn -0.19169667 0.82643890 0.52938753
vn -0.19169667 0.82643890 0.52938753
vn -0.38232934 0.77074021 0.50968993
vn -0.38232934 0.77074021 0.50968993
vn -0.38232934 0.77074021 0.50968993
vn 0.89016986 -0.43342030 -0.14051493
vn 0.89016986 -0.43342030 -0.14051493
vn 0.89016986 -0.43342030 -0.14051493
vn 0.03013090 0.87888092 0.47608870
vn 0.03013090 0.87888092 0.47608870
vn 0.03013090 0.87888092 0.47608870
vn 0.03645406 0.84826416 0.52831715
vn 0.03645406 0.84826416 0.52831715
vn 0.03645406 0.84826416 0.52831715
vn 0.46210024 -0.83797652 -0.29027355
vn 0.46210024 -0.83797652 -0.29027355
vn 0.46210024 -0.83797652 -0.29027355
vn 0.45204252 -0.87886810 -0.15247427
vn 0.45204252 -0.87886810 -0.15247427
vn 0.45204252 -0.87886810 -0.15247427
vn 0.45993820 -0.87448305 -0.15406588
vn 0.45993820 -0.87448305 -0.15406588
vn 0.45993820 -0.87448305 -0.15406588
vn 0.53735393 -0.76903170 -0.34618065
vn 0.53735393 -0.76903170 -0.34618065
vn 0.53735393 -0.76903170 -0.34618065
vn 0.53955513 -0.78525066 -0.30374599
vn 0.53955513 -0.78525066 -0.30374599
vn 0.53955513 -0.78525066 -0.30374599
vn 0.53879720 -0.76792282 -0.34639880
vn 0.53879720 -0.76792282 -0.34639880
vn 0.53879720 -0.76792282 -0.34639880
vn 0.48325831 -0.83931822 -0.24901080
vn 0.48325831 -0.83931822 -0.24901080
vn 0.48325831 -0.83931822 -0.24901080
vn 0.51012230 -0.80581796 -0.30072021
vn 0.51012230 -0.80581796 -0.30072021
vn 0.51012230 -0.80581796 -0.30072021
vn 0.48374212 -0.84977329 -0.20947289
vn 0.48374212 -0.84977329 -0.20947289
vn 0.48374212 -0.84977329 -0.20947289
vn 0.51892877 -0.79717124 -0.30859509
vn 0.51892877 -0.79717124 -0.30859509
vn 0.51892877 -0.79717124 -0.30859509
vn 0.53190547 -0.80088043 -0.27507654
vn 0.53190547 -0.80088043 -0.27507654
vn 0.53190547 -0.80088043 -0.27507654
vn 0.45593870 -0.85321176 -0.25327763
vn 0.45593870 -0.85321176 -0.25327763
vn 0.45593870 -0.85321176 -0.25327763
vn 0.45562315 -0.84200162 -0.28886127
vn 0.45562315 -0.84200162 -0.28886127
vn 0.45562315 -0.84200162 -0.28886127
vn 0.46523181 -0.83368409 -0.29754031
vn 0.46523181 -0.83368409 -0.29754031
vn 0.46523181 -0.83368409 -0.29754031
vn 0.44197899 -0.86456704 -0.23912013
vn 0.44197899 -0.86456704 -0.23912013
vn 0.44197899 -0.86456704 -0.23912013
vn 0.47471189 -0.83654326 -0.27357635
vn 0.47471189 -0.83654326 -0.27357635
vn 0.47471189 -0.83654326 -0.27357635
vn 0.49053723 -0.84108078 -0.22793941
vn 0.49053723 -0.84108078 -0.22793941
vn 0.49053723 -0.84108078 -0.22793941
vn 0.49730420 -0.82185692 -0.27792040
vn 0.49730420 -0.82185692 -0.27792040
vn 0.49730420 -0.82185692 -0.27792040
vn -0.43532240 0.61673480 0.65584499
vn -0.43532240 0.61673480 0.65584499
vn -0.43532240 0.61673480 0.65584499
vn -0.36171922 0.51768273 0.77534753
vn -0.36171922 0.51768273 0.77534753
vn -0.36171922 0.51768273 0.77534753
vn -0.41193104 0.63369298 0.65478700
vn -0.41193104 0.63369298 0.65478700
vn -0.41193104 0.63369298 0.65478700
vn 0.34963357 -0.90696573 0.23488195
vn 0.34963357 -0.90696573 0.23488195
vn 0.34963357 -0.90696573 0.23488195
vn 0.38067454 -0.89058697 0.24888088
vn 0.38067454 -0.89058697 0.24888088
vn 0.38067454 -0.89058697 0.24888088
vn 0.41613963 -0.88354719 0.21487720
vn 0.41613963 -0.88354719 0.21487720
vn 0.41613963 -0.88354719 0.21487720
vn -0.35409194 0.49124610 0.79579908
vn -0.35409194 0.49124610 0.79579908
vn -0.35409194 0.49124610 0.79579908
vn -0.37515533 0.51473004 0.77091599
vn -0.37515533 0.51473004 0.77091599
vn -0.37515533 0.51473004 0.77091599
vn 0.37870726 -0.89904493 0.21977046
vn 0.37870726 -0.89904493 0.21977046
vn 0.37870726 -0.89904493 0.21977046
vn -0.39975330 0.45387092 0.79636580
vn -0.39975330 0.45387092 0.79636580
vn -0.39975330 0.45387092 0.79636580
vn -0.34961310 0.50312907 0.79033649
vn -0.34961310 0.50312907 0.79033649
vn -0.34961310 0.50312907 0.79033649
vn -0.27541190 0.55971992 0.78157651
vn -0.27541190 0.55971992 0.78157651
vn -0.27541190 0.55971992 0.78157651
vn 0.38194674 -0.87042069 0.31061959
vn 0.38194674 -0.87042069 0.31061959
vn 0.38194674 -0.87042069 0.31061959
vn 0.37544996 -0.90590835 0.19587594
vn 0.37544996 -0.90590835 0.19587594
vn 0.37544996 -0.90590835 0.19587594
vn -0.36939600 0.57562590 0.72952139
vn -0.36939600 0.57562590 0.72952139
vn -0.36939600 0.57562590 0.72952139
vn 0.38636395 -0.88283277 0.26707521
vn 0.38636395 -0.88283277 0.26707521
vn 0.38636395 -0.88283277 0.26707521
vn -0.34925172 0.49901551 0.79309946
vn -0.34925172 0.49901551 0.79309946
vn -0.34925172 0.49901551 0.79309946
vn -0.17061873 0.48001653 -0.86050761
vn -0.17061873 0.48001653 -0.86050761
vn -0.17061873 0.48001653 -0.86050761
vn 0.34668288 -0.90107232 0.26053727
vn 0.34668288 -0.90107232 0.26053727
vn 0.34668288 -0.90107232 0.26053727
vn 0.61673868 -0.74349231 -0.25855866
vn 0.61673868 -0.74349231 -0.25855866
vn 0.61673868 -0.74349231 -0.25855866
vn 0.60531354 -0.79068488 0.09172169
vn 0.60531354 -0.79068488 0.09172169
vn 0.60531354 -0.79068488 0.09172169
vn 0.89296401 -0.44988677 -0.01473611
vn 0.89296401 -0.44988677 -0.01473611
vn 0.89296401 -0.44988677 -0.01473611
vn -0.47434413 0.87373406 -0.10764034
vn -0.47434413 0.87373406 -0.10764034
vn -0.47434413 0.87373406 -0.10764034
vn 0.61639088 -0.78401268 -0.07339219
vn 0.61639088 -0.78401268 -0.07339219
vn 0.61639088 -0.78401268 -0.07339219
vn 0.60419816 -0.72846633 -0.32292631
vn 0.60419816 -0.72846633 -0.32292631
vn 0.60419816 -0.72846633 -0.32292631
vn 0.60208982 -0.74920511 -0.27600652
vn 0.60208982 -0.74920511 -0.27600652
vn 0.60208982 -0.74920511 -0.27600652
vn 0.59570432 -0.75893116 -0.26298267
vn 0.59570432 -0.75893116 -0.26298267
vn 0.59570432 -0.75893116 -0.26298267
vn 0.58949250 -0.73907912 -0.32597637
vn 0.58949250 -0.73907912 -0.32597637
vn 0.58949250 -0.73907912 -0.32597637
vn 0.54749233 -0.81111515 0.20577753
vn 0.54749233 -0.81111515 0.20577753
vn 0.54749233 -0.81111515 0.20577753
vn 0.44682360 -0.82182568 0.35348442
vn 0.44682360 -0.82182568 0.35348442
vn 0.44682360 -0.82182568 0.35348442
vn -0.31549770 0.62269622 0.71603811
vn -0.31549770 0.62269622 0.71603811
vn -0.31549770 0.62269622 0.71603811
vn 0.41565514 -0.85597104 0.30748069
vn 0.41565514 -0.85597104 0.30748069
vn 0.41565514 -0.85597104 0.30748069
vn 0.46002960 -0.87699199 -0.13877246
vn 0.46002960 -0.87699199 -0.13877246
vn 0.46002960 -0.87699199 -0.13877246
vn 0.41467470 -0.90735298 0.06896011
vn 0.41467470 -0.90735298 0.06896011
vn 0.41467470 -0.90735298 0.06896011
vn 0.39442095 -0.91663969 0.06483654
vn 0.39442095 -0.91663969 0.06483654
vn 0.39442095 -0.91663969 0.06483654
vn 0.40440699 -0.90438342 -0.13618229
vn 0.40440699 -0.90438342 -0.13618229
vn 0.40440699 -0.90438342 -0.13618229
vn 0.43607238 -0.89777815 -0.06192985
vn 0.43607238 -0.89777815 -0.06192985
vn 0.43607238 -0.89777815 -0.06192985
vn 0.64857537 -0.74094594 -0.17420995
vn 0.64857537 -0.74094594 -0.17420995
vn 0.64857537 -0.74094594 -0.17420995
vn 0.88373977 -0.44586480 -0.14215705
vn 0.88373977 -0.44586480 -0.14215705
vn 0.88373977 -0.44586480 -0.14215705
vn 0.59441060 -0.79399973 -0.12743814
vn 0.59441060 -0.79399973 -0.12743814
vn 0.59441060 -0.79399973 -0.12743814
vn -0.27497962 0.94064182 -0.19894511
vn -0.27497962 0.94064182 -0.19894511
vn -0.27497962 0.94064182 -0.19894511
vn 0.40951848 -0.50069803 -0.76262450
vn 0.40951848 -0.50069803 -0.76262450
vn 0.40951848 -0.50069803 -0.76262450
vn 0.41973847 -0.56389594 -0.71122497
vn 0.41973847 -0.56389594 -0.71122497
vn 0.41973847 -0.56389594 -0.71122497
vn 0.36895528 -0.51890826 -0.77110714
vn 0.36895528 -0.51890826 -0.77110714
vn 0.36895528 -0.51890826 -0.77110714
vn -0.33368060 0.94135749 0.05003375
vn -0.33368060 0.94135749 0.05003375
vn -0.33368060 0.94135749 0.05003375
vn -0.42378557 0.85115504 0.30974329
vn -0.42378557 0.85115504 0.30974329
vn -0.42378557 0.85115504 0.30974329
vn -0.44303688 0.86397523 0.23930138
vn -0.44303688 0.86397523 0.23930138
vn -0.44303688 0.86397523 0.23930138
vn -0.37009335 0.91348732 -0.16903211
vn -0.37009335 0.91348732 -0.16903211
vn -0.37009335 0.91348732 -0.16903211
vn 0.43615571 -0.77505386 -0.45723054
vn 0.43615571 -0.77505386 -0.45723054
vn 0.43615571 -0.77505386 -0.45723054
vn 0.43602109 -0.76599735 -0.47237030
vn 0.43602109 -0.76599735 -0.47237030
vn 0.43602109 -0.76599735 -0.47237030
vn 0.41091189 -0.81670660 -0.40514413
vn 0.41091189 -0.81670660 -0.40514413
vn 0.41091189 -0.81670660 -0.40514413
vn 0.42527708 -0.83282280 -0.35432413
vn 0.42527708 -0.83282280 -0.35432413
vn 0.42527708 -0.83282280 -0.35432413
vn 0.42424804 -0.80515862 -0.41440707
vn 0.42424804 -0.80515862 -0.41440707
vn 0.42424804 -0.80515862 -0.41440707
vn 0.44405574 -0.74402052 -0.49924743
vn 0.44405574 -0.74402052 -0.49924743
vn 0.44405574 -0.74402052 -0.49924743
vn -0.39028129 0.81190211 0.43416065
vn -0.39028129 0.81190211 0.43416065
vn -0.39028129 0.81190211 0.43416065
vn -0.39554495 0.78442883 0.47771913
vn -0.39554495 0.78442883 0.47771913
vn -0.39554495 0.78442883 0.47771913
vn -0.39630193 0.77281237 0.49568728
vn -0.39630193 0.77281237 0.49568728
vn -0.39630193 0.77281237 0.49568728
vn -0.37976676 0.84106350 0.38521340
vn -0.37976676 0.84106350 0.38521340
vn -0.37976676 0.84106350 0.38521340
vn -0.38129210 0.79171240 0.47729212
vn -0.38129210 0.79171240 0.47729212
vn -0.38129210 0.79171240 0.47729212
vn 0.42671266 -0.85440695 -0.29648790
vn 0.42671266 -0.85440695 -0.29648790
vn 0.42671266 -0.85440695 -0.29648790
vn 0.44592777 -0.86360973 -0.23521614
vn 0.44592777 -0.86360973 -0.23521614
vn 0.44592777 -0.86360973 -0.23521614
vn 0.41054475 -0.90119267 -0.13894168
vn 0.41054475 -0.90119267 -0.13894168
vn 0.41054475 -0.90119267 -0.13894168
vn 0.43374145 -0.86807877 -0.24146967
vn 0.43374145 -0.86807877 -0.24146967
vn 0.43374145 -0.86807877 -0.24146967
vn -0.42368016 0.64445156 0.63653541
vn -0.42368016 0.64445156 0.63653541
vn -0.42368016 0.64445156 0.63653541
vn -0.39805439 0.55656153 0.72924066
vn -0.39805439 0.55656153 0.72924066
vn -0.39805439 0.55656153 0.72924066
vn 0.41109034 -0.86887401 0.27579463
vn 0.41109034 -0.86887401 0.27579463
vn 0.41109034 -0.86887401 0.27579463
vn 0.34653583 -0.89951205 0.26606572
vn 0.34653583 -0.89951205 0.26606572
vn 0.34653583 -0.89951205 0.26606572
vn -0.38870347 0.49664852 0.77604759
vn -0.38870347 0.49664852 0.77604759
vn -0.38870347 0.49664852 0.77604759
vn -0.42553177 0.71612829 0.55324769
vn -0.42553177 0.71612829 0.55324769
vn -0.42553177 0.71612829 0.55324769
vn 0.43289468 -0.89736074 0.08570797
vn 0.43289468 -0.89736074 0.08570797
vn 0.43289468 -0.89736074 0.08570797
vn -0.55899006 0.74284387 0.36839259
vn -0.55899006 0.74284387 0.36839259
vn -0.55899006 0.74284387 0.36839259
vn -0.45969296 0.81639910 0.34953523
vn -0.45969296 0.81639910 0.34953523
vn -0.45969296 0.81639910 0.34953523
vn -0.41969463 0.82060874 0.38788879
vn -0.41969463 0.82060874 0.38788879
vn -0.41969463 0.82060874 0.38788879
vn -0.62611425 0.71117407 0.31970674
vn -0.62611425 0.71117407 0.31970674
vn -0.62611425 0.71117407 0.31970674
vn -0.36319193 0.86544675 0.34509933
vn -0.36319193 0.86544675 0.34509933
vn -0.36319193 0.86544675 0.34509933
vn -0.39695489 0.83978182 0.37039608
vn -0.39695489 0.83978182 0.37039608
vn -0.39695489 0.83978182 0.37039608
vn -0.20537411 0.90881646 0.36314473
vn -0.20537411 0.90881646 0.36314473
vn -0.20537411 0.90881646 0.36314473
vn -0.36856216 0.86246163 0.34687439
vn -0.36856216 0.86246163 0.34687439
vn -0.36856216 0.86246163 0.34687439
vn 0.88082755 -0.39589822 -0.25962934
vn 0.88082755 -0.39589822 -0.25962934
vn 0.88082755 -0.39589822 -0.25962934
vn 0.07621814 0.88797432 0.45353323
vn 0.07621814 0.88797432 0.45353323
vn 0.07621814 0.88797432 0.45353323
vn 0.74360460 -0.62325984 -0.24207306
vn 0.74360460 -0.62325984 -0.24207306
vn 0.74360460 -0.62325984 -0.24207306
vn 0.82716805 -0.51997507 -0.21311735
vn 0.82716805 -0.51997507 -0.21311735
vn 0.82716805 -0.51997507 -0.21311735
vn 0.88596994 -0.41068363 -0.21539788
vn 0.88596994 -0.41068363 -0.21539788
vn 0.88596994 -0.41068363 -0.21539788
vn 0.00835525 0.89056176 0.45478565
vn 0.00835525 0.89056176 0.45478565
vn 0.00835525 0.89056176 0.45478565
vn 0.58599478 -0.74144542 -0.32690793
vn 0.58599478 -0.74144542 -0.32690793
vn 0.58599478 -0.74144542 -0.32690793
vn -0.72993541 0.62699896 0.27215180
vn -0.72993541 0.62699896 0.27215180
vn -0.72993541 0.62699896 0.27215180
vn 0.56308168 -0.80273175 -0.19636905
vn 0.56308168 -0.80273175 -0.19636905
vn 0.56308168 -0.80273175 -0.19636905
vn -0.33519328 -0.84357047 -0.41956452
vn -0.33519328 -0.84357047 -0.41956452
vn -0.33519328 -0.84357047 -0.41956452
vn -0.73327076 0.58806652 0.34130889
vn -0.73327076 0.58806652 0.34130889
vn -0.73327076 0.58806652 0.34130889
vn -0.64666450 0.70075077 0.30128619
vn -0.64666450 0.70075077 0.30128619
vn -0.64666450 0.70075077 0.30128619
vn -0.70108074 0.64626068 0.30138502
vn -0.70108074 0.64626068 0.30138502
vn -0.70108074 0.64626068 0.30138502
vn 0.20152389 -0.89451516 -0.39903733
vn 0.20152389 -0.89451516 -0.39903733
vn 0.20152389 -0.89451516 -0.39903733
vn 0.36139256 -0.86021692 -0.35975313
vn 0.36139256 -0.86021692 -0.35975313
vn 0.36139256 -0.86021692 -0.35975313
vn 0.37073234 -0.85487795 -0.36296174
vn 0.37073234 -0.85487795 -0.36296174
vn 0.37073234 -0.85487795 -0.36296174
vn 0.32313210 -0.86031491 -0.39426380
vn 0.32313210 -0.86031491 -0.39426380
vn 0.32313210 -0.86031491 -0.39426380
vn -0.62741077 0.70091975 0.33921564
vn -0.62741077 0.70091975 0.33921564
vn -0.62741077 0.70091975 0.33921564
vn -0.03963714 -0.90012890 -0.43381664
vn -0.03963714 -0.90012890 -0.43381664
vn -0.03963714 -0.90012890 -0.43381664
vn 0.45939058 -0.81613874 -0.35053939
vn 0.45939058 -0.81613874 -0.35053939
vn 0.45939058 -0.81613874 -0.35053939
vn 0.53561646 -0.77294010 -0.34011558
vn 0.53561646 -0.77294010 -0.34011558
vn 0.53561646 -0.77294010 -0.34011558
vn 0.53692424 -0.77193272 -0.34034133
vn 0.53692424 -0.77193272 -0.34034133
vn 0.53692424 -0.77193272 -0.34034133
vn 0.41224769 -0.84749293 -0.33437636
vn 0.41224769 -0.84749293 -0.33437636
vn 0.41224769 -0.84749293 -0.33437636
vn 0.50916582 -0.79455972 -0.33079448
vn 0.50916582 -0.79455972 -0.33079448
vn 0.50916582 -0.79455972 -0.33079448
vn -0.88346791 0.10133475 -0.45740101
vn -0.88346791 0.10133475 -0.45740101
vn -0.88346791 0.10133475 -0.45740101
vn -0.81639934 0.56660879 0.11156435
vn -0.81639934 0.56660879 0.11156435
vn -0.81639934 0.56660879 0.11156435
vn 0.32861048 -0.18703182 -0.92576146
vn 0.32861048 -0.18703182 -0.92576146
vn 0.32861048 -0.18703182 -0.92576146
vn -0.81015599 0.51825202 0.27397469
vn -0.81015599 0.51825202 0.27397469
vn -0.81015599 0.51825202 0.27397469
vn -0.70094424 0.56605119 0.43389305
vn -0.70094424 0.56605119 0.43389305
vn -0.70094424 0.56605119 0.43389305
vn 0.26038888 -0.49138314 -0.83110785
vn 0.26038888 -0.49138314 -0.83110785
vn 0.26038888 -0.49138314 -0.83110785
vn 0.43357646 -0.58147961 -0.68839884
vn 0.43357646 -0.58147961 -0.68839884
vn 0.43357646 -0.58147961 -0.68839884
vn 0.44270539 -0.67683250 -0.58814090
vn 0.44270539 -0.67683250 -0.58814090
vn 0.44270539 -0.67683250 -0.58814090
vn 0.63021868 0.31758457 0.70849448
vn 0.63021868 0.31758457 0.70849448
vn 0.63021868 0.31758457 0.70849448
vn 0.41559297 -0.50825733 -0.75429237
vn 0.41559297 -0.50825733 -0.75429237
vn 0.41559297 -0.50825733 -0.75429237
vn -0.64900267 0.71019816 0.27278939
vn -0.64900267 0.71019816 0.27278939
vn -0.64900267 0.71019816 0.27278939
vn -0.70097786 0.64673525 0.30060539
vn -0.70097786 0.64673525 0.30060539
vn -0.70097786 0.64673525 0.30060539
vn -0.59328842 0.74693406 0.30016387
vn -0.59328842 0.74693406 0.30016387
vn -0.59328842 0.74693406 0.30016387
vn -0.75254095 0.61113816 0.24534118
vn -0.75254095 0.61113816 0.24534118
vn -0.75254095 0.61113816 0.24534118
vn 0.32487938 -0.64103681 -0.69535977
vn 0.32487938 -0.64103681 -0.69535977
vn 0.32487938 -0.64103681 -0.69535977
vn -0.57687867 0.73167676 0.36312550
vn -0.57687867 0.73167676 0.36312550
vn -0.57687867 0.73167676 0.36312550
vn -0.63930887 0.67706341 0.36451244
vn -0.63930887 0.67706341 0.36451244
vn -0.63930887 0.67706341 0.36451244
vn -0.42804864 0.75504071 0.49667686
vn -0.42804864 0.75504071 0.49667686
vn -0.42804864 0.75504071 0.49667686
vn -0.42281452 0.77531892 0.46915719
vn -0.42281452 0.77531892 0.46915719
vn -0.42281452 0.77531892 0.46915719
vn -0.46646482 0.72885996 0.50117236
vn -0.46646482 0.72885996 0.50117236
vn -0.46646482 0.72885996 0.50117236
vn -0.56352556 0.71867406 0.40736538
vn -0.56352556 0.71867406 0.40736538
vn -0.56352556 0.71867406 0.40736538
vn 0.45603034 -0.74856222 -0.48134288
vn 0.45603034 -0.74856222 -0.48134288
vn 0.45603034 -0.74856222 -0.48134288
vn 0.45729214 -0.73636621 -0.49864686
vn 0.45729214 -0.73636621 -0.49864686
vn 0.45729214 -0.73636621 -0.49864686
vn 0.55795127 -0.74623811 -0.36306894
vn 0.55795127 -0.74623811 -0.36306894
vn 0.55795127 -0.74623811 -0.36306894
vn 0.53808802 -0.75591177 -0.37290573
vn 0.53808802 -0.75591177 -0.37290573
vn 0.53808802 -0.75591177 -0.37290573
vn 0.50354934 -0.74862182 -0.43128115
vn 0.50354934 -0.74862182 -0.43128115
vn 0.50354934 -0.74862182 -0.43128115
vn 0.49403548 -0.75046211 -0.43901655
vn 0.49403548 -0.75046211 -0.43901655
vn 0.49403548 -0.75046211 -0.43901655
vn 0.43864211 -0.71630353 -0.54268068
vn 0.43864211 -0.71630353 -0.54268068
vn 0.43864211 -0.71630353 -0.54268068
vn -0.37399688 0.68609101 0.62402362
vn -0.37399688 0.68609101 0.62402362
vn -0.37399688 0.68609101 0.62402362
vn -0.41117877 0.73342097 0.54131854
vn -0.41117877 0.73342097 0.54131854
vn -0.41117877 0.73342097 0.54131854
vn -0.28610635 0.61344934 0.73608631
vn -0.28610635 0.61344934 0.73608631
vn -0.28610635 0.61344934 0.73608631
vn -0.34066656 0.62538683 0.70202392
vn -0.34066656 0.62538683 0.70202392
vn -0.34066656 0.62538683 0.70202392
vn 0.67286277 -0.70465791 -0.22519539
vn 0.67286277 -0.70465791 -0.22519539
vn 0.67286277 -0.70465791 -0.22519539
vn 0.78397566 -0.58851618 -0.19756250
vn 0.78397566 -0.58851618 -0.19756250
vn 0.78397566 -0.58851618 -0.19756250
vn 0.88216835 -0.45220998 -0.13147311
vn 0.88216835 -0.45220998 -0.13147311
vn 0.88216835 -0.45220998 -0.13147311
vn 0.73220658 -0.63773566 -0.23909561
vn 0.73220658 -0.63773566 -0.23909561
vn 0.73220658 -0.63773566 -0.23909561
vn 0.82173026 -0.52928394 -0.21122950
vn 0.82173026 -0.52928394 -0.21122950
vn 0.82173026 -0.52928394 -0.21122950
vn -0.39431113 0.74246329 0.54154128
vn -0.39431113 0.74246329 0.54154128
vn -0.39431113 0.74246329 0.54154128
vn -0.45298678 0.62988019 0.63091511
vn -0.45298678 0.62988019 0.63091511
vn -0.45298678 0.62988019 0.63091511
vn 0.30576101 -0.88993156 -0.33842584
vn 0.30576101 -0.88993156 -0.33842584
vn 0.30576101 -0.88993156 -0.33842584
vn -0.42479059 0.75015432 0.50677556
vn -0.42479059 0.75015432 0.50677556
vn -0.42479059 0.75015432 0.50677556
vn 0.90516394 -0.40018201 -0.14329216
vn 0.90516394 -0.40018201 -0.14329216
vn 0.90516394 -0.40018201 -0.14329216
vn 0.60705024 -0.72201216 -0.33194640
vn 0.60705024 -0.72201216 -0.33194640
vn 0.60705024 -0.72201216 -0.33194640
vn -0.17729123 0.65640348 0.73328185
vn -0.17729123 0.65640348 0.73328185
vn -0.17729123 0.65640348 0.73328185
vn -0.65688860 0.68295962 0.31947389
vn -0.65688860 0.68295962 0.31947389
vn -0.65688860 0.68295962 0.31947389
vn 0.57906657 -0.74720252 -0.32614470
vn 0.57906657 -0.74720252 -0.32614470
vn 0.57906657 -0.74720252 -0.32614470
vn 0.45292580 -0.69280040 -0.56114691
vn 0.45292580 -0.69280040 -0.56114691
vn 0.45292580 -0.69280040 -0.56114691
vn -0.41480935 0.75218821 0.51200211
vn -0.41480935 0.75218821 0.51200211
vn -0.41480935 0.75218821 0.51200211
vn -0.40221903 0.83151269 0.38315341
vn -0.40221903 0.83151269 0.38315341
vn -0.40221903 0.83151269 0.38315341
vn 0.42240605 -0.83795834 -0.34554151
vn 0.42240605 -0.83795834 -0.34554151
vn 0.42240605 -0.83795834 -0.34554151
vn -0.77865696 0.62144744 0.08658182
vn -0.77865696 0.62144744 0.08658182
vn -0.77865696 0.62144744 0.08658182
vn -0.74447864 0.62113643 0.24482870
vn -0.74447864 0.62113643 0.24482870
vn -0.74447864 0.62113643 0.24482870
vn 0.36741233 -0.46857074 -0.80339879
vn 0.36741233 -0.46857074 -0.80339879
vn 0.36741233 -0.46857074 -0.80339879
vn -0.42049381 0.90707415 -0.02003737
vn -0.42049381 0.90707415 -0.02003737
vn -0.42049381 0.90707415 -0.02003737
vn -0.50577158 0.85305178 -0.12844373
vn -0.50577158 0.85305178 -0.12844373
vn -0.50577158 0.85305178 -0.12844373
vn -0.35935792 0.90349132 -0.23359226
vn -0.35935792 0.90349132 -0.23359226
vn -0.35935792 0.90349132 -0.23359226
vn 0.43727463 -0.49399495 -0.75150508
vn 0.43727463 -0.49399495 -0.75150508
vn 0.43727463 -0.49399495 -0.75150508
vn 0.41137260 -0.56639934 -0.71411788
vn 0.41137260 -0.56639934 -0.71411788
vn 0.41137260 -0.56639934 -0.71411788
vn 0.34710157 -0.46881354 -0.81224036
vn 0.34710157 -0.46881354 -0.81224036
vn 0.34710157 -0.46881354 -0.81224036
vn -0.48069593 0.86721182 -0.12990405
vn -0.48069593 0.86721182 -0.12990405
vn -0.48069593 0.86721182 -0.12990405
vn -0.32073921 0.94284606 -0.09037519
vn -0.32073921 0.94284606 -0.09037519
vn -0.32073921 0.94284606 -0.09037519
vn 0.18571237 -0.03117367 -0.98210955
vn 0.18571237 -0.03117367 -0.98210955
vn 0.18571237 -0.03117367 -0.98210955
vn -0.39962950 0.90327072 -0.15619935
vn -0.39962950 0.90327072 -0.15619935
vn -0.39962950 0.90327072 -0.15619935
vn 0.33414742 -0.41353849 -0.84695423
vn 0.33414742 -0.41353849 -0.84695423
vn 0.33414742 -0.41353849 -0.84695423
vn 0.31030986 -0.46947190 -0.82662201
vn 0.31030986 -0.46947190 -0.82662201
vn 0.31030986 -0.46947190 -0.82662201
vn 0.33747423 -0.53808218 -0.77238506
vn 0.33747423 -0.53808218 -0.77238506
vn 0.33747423 -0.53808218 -0.77238506
vn 0.25819030 -0.36456954 -0.89466578
vn 0.25819030 -0.36456954 -0.89466578
vn 0.25819030 -0.36456954 -0.89466578
vn -0.31015989 0.93688858 -0.16137120
vn -0.31015989 0.93688858 -0.16137120
vn -0.31015989 0.93688858 -0.16137120
vn 0.18975241 -0.61175054 0.76795530
vn 0.18975241 -0.61175054 0.76795530
vn 0.18975241 -0.61175054 0.76795530
vn 0.36527643 -0.51918632 -0.77266985
vn 0.36527643 -0.51918632 -0.77266985
vn 0.36527643 -0.51918632 -0.77266985
vn -0.39387864 0.90571475 -0.15665399
vn -0.39387864 0.90571475 -0.15665399
vn -0.39387864 0.90571475 -0.15665399
vn 0.35468197 -0.43066391 -0.82989717
vn 0.35468197 -0.43066391 -0.82989717
vn 0.35468197 -0.43066391 -0.82989717
vn -0.60876697 0.73218018 0.30547491
vn -0.60876697 0.73218018 0.30547491
vn -0.60876697 0.73218018 0.30547491
vn -0.60453224 0.74852127 0.27250081
vn -0.60453224 0.74852127 0.27250081
vn -0.60453224 0.74852127 0.27250081
vn -0.58198386 0.78626102 0.20757748
vn -0.58198386 0.78626102 0.20757748
vn -0.58198386 0.78626102 0.20757748
vn -0.63347965 0.72021359 0.28283539
vn -0.63347965 0.72021359 0.28283539
vn -0.63347965 0.72021359 0.28283539
vn -0.66642249 0.68986374 0.28278798
vn -0.66642249 0.68986374 0.28278798
vn -0.66642249 0.68986374 0.28278798
vn -0.49461207 0.85896224 0.13244918
vn -0.49461207 0.85896224 0.13244918
vn -0.49461207 0.85896224 0.13244918
vn -0.47527346 0.83416778 0.27978438
vn -0.47527346 0.83416778 0.27978438
vn -0.47527346 0.83416778 0.27978438
vn -0.58550090 0.78386480 0.20674804
vn -0.58550090 0.78386480 0.20674804
vn -0.58550090 0.78386480 0.20674804
vn -0.61420846 0.73066193 0.29812932
vn -0.61420846 0.73066193 0.29812932
vn -0.61420846 0.73066193 0.29812932
vn -0.60060078 0.75999874 0.24835588
vn -0.60060078 0.75999874 0.24835588
vn -0.60060078 0.75999874 0.24835588
vn -0.48447478 0.84403265 0.22998501
vn -0.48447478 0.84403265 0.22998501
vn -0.48447478 0.84403265 0.22998501
vn -0.63489121 0.73205334 0.24700414
vn -0.63489121 0.73205334 0.24700414
vn -0.63489121 0.73205334 0.24700414
vn -0.68041676 0.68944675 0.24838723
vn -0.68041676 0.68944675 0.24838723
vn -0.68041676 0.68944675 0.24838723
vn -0.55136597 0.81957120 0.15588036
vn -0.55136597 0.81957120 0.15588036
vn -0.55136597 0.81957120 0.15588036
vn -0.43860587 0.85695136 0.27066442
vn -0.43860587 0.85695136 0.27066442
vn -0.43860587 0.85695136 0.27066442
vn -0.50152624 0.81723189 0.28390759
vn -0.50152624 0.81723189 0.28390759
vn -0.50152624 0.81723189 0.28390759
vn -0.50506133 0.83775878 0.20754106
vn -0.50506133 0.83775878 0.20754106
vn -0.50506133 0.83775878 0.20754106
vn -0.58470404 0.77899390 0.22647227
vn -0.58470404 0.77899390 0.22647227
vn -0.58470404 0.77899390 0.22647227
vn -0.41998214 0.89875782 0.12589458
vn -0.41998214 0.89875782 0.12589458
vn -0.41998214 0.89875782 0.12589458
vn -0.68326348 -0.33197585 -0.65034074
vn -0.68326348 -0.33197585 -0.65034074
vn -0.68326348 -0.33197585 -0.65034074
vn -0.54428679 0.78072596 0.30695087
vn -0.54428679 0.78072596 0.30695087
vn -0.54428679 0.78072596 0.30695087
vn -0.44306025 0.88335246 -0.15292488
vn -0.44306025 0.88335246 -0.15292488
vn -0.44306025 0.88335246 -0.15292488
vn -0.40851840 0.88761818 0.21271262
vn -0.40851840 0.88761818 0.21271262
vn -0.40851840 0.88761818 0.21271262
vn -0.58039004 0.81264937 0.05242462
vn -0.58039004 0.81264937 0.05242462
vn -0.58039004 0.81264937 0.05242462
vn -0.55793965 0.82975829 0.01430282
vn -0.55793965 0.82975829 0.01430282
vn -0.55793965 0.82975829 0.01430282
vn -0.53577024 0.84260207 0.05451543
vn -0.53577024 0.84260207 0.05451543
vn -0.53577024 0.84260207 0.05451543
vn -0.50254369 0.80279362 0.32089284
vn -0.50254369 0.80279362 0.32089284
vn -0.50254369 0.80279362 0.32089284
vn -0.22940683 -0.82968163 -0.50892133
vn -0.22940683 -0.82968163 -0.50892133
vn -0.22940683 -0.82968163 -0.50892133
vn -0.24514847 -0.86600125 -0.43582571
vn -0.24514847 -0.86600125 -0.43582571
vn -0.24514847 -0.86600125 -0.43582571
vn -0.11447565 0.90645432 0.40649217
vn -0.11447565 0.90645432 0.40649217
vn -0.11447565 0.90645432 0.40649217
vn -0.15806958 -0.68903041 -0.70728427
vn -0.15806958 -0.68903041 -0.70728427
vn -0.15806958 -0.68903041 -0.70728427
vn -0.84655392 0.50012690 0.18226224
vn -0.84655392 0.50012690 0.18226224
vn -0.84655392 0.50012690 0.18226224
vn -0.81328917 0.51965892 0.26175436
vn -0.81328917 0.51965892 0.26175436
vn -0.81328917 0.51965892 0.26175436
vn -0.81085694 0.53026849 0.24764159
vn -0.81085694 0.53026849 0.24764159
vn -0.81085694 0.53026849 0.24764159
vn -0.17298578 0.89864051 0.40313914
vn -0.17298578 0.89864051 0.40313914
vn -0.17298578 0.89864051 0.40313914
vn -0.63563788 0.70047224 0.32450449
vn -0.63563788 0.70047224 0.32450449
vn -0.63563788 0.70047224 0.32450449
vn -0.78992134 0.52158332 0.32245177
vn -0.78992134 0.52158332 0.32245177
vn -0.78992134 0.52158332 0.32245177
vn -0.14040750 -0.88882208 -0.43621221
vn -0.14040750 -0.88882208 -0.43621221
vn -0.14040750 -0.88882208 -0.43621221
vn -0.31287703 -0.90132678 -0.29952964
vn -0.31287703 -0.90132678 -0.29952964
vn -0.31287703 -0.90132678 -0.29952964
vn -0.53775007 0.77478182 0.33247253
vn -0.53775007 0.77478182 0.33247253
vn -0.53775007 0.77478182 0.33247253
vn -0.81076127 0.51452649 0.27915716
vn -0.81076127 0.51452649 0.27915716
vn -0.81076127 0.51452649 0.27915716
vn -0.82376766 0.46804684 0.31990460
vn -0.82376766 0.46804684 0.31990460
vn -0.82376766 0.46804684 0.31990460
vn -0.30334860 -0.86815035 -0.39280352
vn -0.30334860 -0.86815035 -0.39280352
vn -0.30334860 -0.86815035 -0.39280352
vn -0.18335646 -0.87915891 -0.43984091
vn -0.18335646 -0.87915891 -0.43984091
vn -0.18335646 -0.87915891 -0.43984091
vn -0.27382934 -0.88946074 -0.36589223
vn -0.27382934 -0.88946074 -0.36589223
vn -0.27382934 -0.88946074 -0.36589223
vn -0.82491326 0.51285452 0.23769383
vn -0.82491326 0.51285452 0.23769383
vn -0.82491326 0.51285452 0.23769383
vn -0.78926307 0.52682710 0.31546316
vn -0.78926307 0.52682710 0.31546316
vn -0.78926307 0.52682710 0.31546316
vn -0.83230430 0.47946039 0.27818561
vn -0.83230430 0.47946039 0.27818561
vn -0.83230430 0.47946039 0.27818561
vn 0.29227477 -0.77004486 -0.56710351
vn 0.29227477 -0.77004486 -0.56710351
vn 0.29227477 -0.77004486 -0.56710351
vn 0.27078718 -0.76566505 -0.58346492
vn 0.27078718 -0.76566505 -0.58346492
vn 0.27078718 -0.76566505 -0.58346492
vn 0.24435943 -0.80419147 -0.54181600
vn 0.24435943 -0.80419147 -0.54181600
vn 0.24435943 -0.80419147 -0.54181600
vn 0.41006669 -0.77408755 -0.48232123
vn 0.41006669 -0.77408755 -0.48232123
vn 0.41006669 -0.77408755 -0.48232123
vn 0.41177967 -0.69144106 -0.59358799
vn 0.41177967 -0.69144106 -0.59358799
vn 0.41177967 -0.69144106 -0.59358799
vn 0.20286098 -0.89055175 -0.40714252
vn 0.20286098 -0.89055175 -0.40714252
vn 0.20286098 -0.89055175 -0.40714252
vn 0.24848531 -0.86485791 -0.43620625
vn 0.24848531 -0.86485791 -0.43620625
vn 0.24848531 -0.86485791 -0.43620625
vn 0.19570880 -0.88471752 -0.42305192
vn 0.19570880 -0.88471752 -0.42305192
vn 0.19570880 -0.88471752 -0.42305192
vn 0.20103630 -0.89024752 -0.40870988
vn 0.20103630 -0.89024752 -0.40870988
vn 0.20103630 -0.89024752 -0.40870988
vn 0.42551839 -0.77481884 -0.46753594
vn 0.42551839 -0.77481884 -0.46753594
vn 0.42551839 -0.77481884 -0.46753594
vn 0.40847379 -0.77280009 -0.48572540
vn 0.40847379 -0.77280009 -0.48572540
vn 0.40847379 -0.77280009 -0.48572540
vn 0.38050646 -0.80547398 -0.45434180
vn 0.38050646 -0.80547398 -0.45434180
vn 0.38050646 -0.80547398 -0.45434180
vn 0.36798728 -0.85047907 -0.37585995
vn 0.36798728 -0.85047907 -0.37585995
vn 0.36798728 -0.85047907 -0.37585995
vn 0.33495307 -0.82929951 -0.44729045
vn 0.33495307 -0.82929951 -0.44729045
vn 0.33495307 -0.82929951 -0.44729045
vn 0.33288905 -0.85980821 -0.38718820
vn 0.33288905 -0.85980821 -0.38718820
vn 0.33288905 -0.85980821 -0.38718820
vn 0.33467758 -0.85635328 -0.39325565
vn 0.33467758 -0.85635328 -0.39325565
vn 0.33467758 -0.85635328 -0.39325565
vn 0.36716059 -0.82766902 -0.42444915
vn 0.36716059 -0.82766902 -0.42444915
vn 0.36716059 -0.82766902 -0.42444915
vn 0.19538017 -0.88608050 -0.42034262
vn 0.19538017 -0.88608050 -0.42034262
vn 0.19538017 -0.88608050 -0.42034262
vn 0.28418055 -0.84786069 -0.44763118
vn 0.28418055 -0.84786069 -0.44763118
vn 0.28418055 -0.84786069 -0.44763118
vn 0.22344019 -0.87282073 -0.43388760
vn 0.22344019 -0.87282073 -0.43388760
vn 0.22344019 -0.87282073 -0.43388760
vn 0.39640155 -0.83367008 -0.38452569
vn 0.39640155 -0.83367008 -0.38452569
vn 0.39640155 -0.83367008 -0.38452569
vn 0.37010863 -0.82233876 -0.43217888
vn 0.37010863 -0.82233876 -0.43217888
vn 0.37010863 -0.82233876 -0.43217888
vn 0.37436482 -0.82475758 -0.42382303
vn 0.37436482 -0.82475758 -0.42382303
vn 0.37436482 -0.82475758 -0.42382303
vn 0.32684290 -0.84550834 -0.42224330
vn 0.32684290 -0.84550834 -0.42224330
vn 0.32684290 -0.84550834 -0.42224330
vn 0.31780615 -0.85759085 -0.40439731
vn 0.31780615 -0.85759085 -0.40439731
vn 0.31780615 -0.85759085 -0.40439731
vn -0.06595544 -0.77624613 -0.62697035
vn -0.06595544 -0.77624613 -0.62697035
vn -0.06595544 -0.77624613 -0.62697035
vn -0.17122926 -0.85810483 -0.48408327
vn -0.17122926 -0.85810483 -0.48408327
vn -0.17122926 -0.85810483 -0.48408327
vn 0.05154042 -0.56897134 -0.82074064
vn 0.05154042 -0.56897134 -0.82074064
vn 0.05154042 -0.56897134 -0.82074064
vn -0.08064368 -0.91524762 -0.39473835
vn -0.08064368 -0.91524762 -0.39473835
vn -0.08064368 -0.91524762 -0.39473835
vn -0.62360978 0.70489442 0.33798626
vn -0.62360978 0.70489442 0.33798626
vn -0.62360978 0.70489442 0.33798626
vn -0.62186903 0.71234673 0.32533225
vn -0.62186903 0.71234673 0.32533225
vn -0.62186903 0.71234673 0.32533225
vn -0.04514185 -0.90392089 -0.42531070
vn -0.04514185 -0.90392089 -0.42531070
vn -0.04514185 -0.90392089 -0.42531070
vn -0.04028777 -0.90334517 -0.42701808
vn -0.04028777 -0.90334517 -0.42701808
vn -0.04028777 -0.90334517 -0.42701808
vn -0.04714856 -0.93178403 -0.35993829
vn -0.04714856 -0.93178403 -0.35993829
vn -0.04714856 -0.93178403 -0.35993829
vn -0.53563279 0.75851452 0.37115127
vn -0.53563279 0.75851452 0.37115127
vn -0.53563279 0.75851452 0.37115127
vn -0.08573351 -0.90015364 -0.42705172
vn -0.08573351 -0.90015364 -0.42705172
vn -0.08573351 -0.90015364 -0.42705172
vn -0.85292900 0.47901478 0.20750181
vn -0.85292900 0.47901478 0.20750181
vn -0.85292900 0.47901478 0.20750181
vn -0.84018296 0.48184973 0.24882415
vn -0.84018296 0.48184973 0.24882415
vn -0.84018296 0.48184973 0.24882415
vn -0.26374897 -0.85755962 -0.44161969
vn -0.26374897 -0.85755962 -0.44161969
vn -0.26374897 -0.85755962 -0.44161969
vn 0.22456723 -0.86797428 -0.44293362
vn 0.22456723 -0.86797428 -0.44293362
vn 0.22456723 -0.86797428 -0.44293362
vn 0.42080978 -0.76911664 -0.48101845
vn 0.42080978 -0.76911664 -0.48101845
vn 0.42080978 -0.76911664 -0.48101845
vn 0.41417080 -0.75608444 -0.50675321
vn 0.41417080 -0.75608444 -0.50675321
vn 0.41417080 -0.75608444 -0.50675321
vn 0.35110459 -0.81753618 -0.45646486
vn 0.35110459 -0.81753618 -0.45646486
vn 0.35110459 -0.81753618 -0.45646486
vn -0.14916191 -0.87978017 -0.45137295
vn -0.14916191 -0.87978017 -0.45137295
vn -0.14916191 -0.87978017 -0.45137295
vn -0.43490174 0.79745066 0.41824985
vn -0.43490174 0.79745066 0.41824985
vn -0.43490174 0.79745066 0.41824985
vn -0.44775355 0.78544062 0.42731690
vn -0.44775355 0.78544062 0.42731690
vn -0.44775355 0.78544062 0.42731690
vn -0.44597495 0.78845567 0.42360833
vn -0.44597495 0.78845567 0.42360833
vn -0.44597495 0.78845567 0.42360833
vn -0.55616248 0.71529156 0.42313269
vn -0.55616248 0.71529156 0.42313269
vn -0.55616248 0.71529156 0.42313269
vn -0.39033318 0.78410900 0.48250714
vn -0.39033318 0.78410900 0.48250714
vn -0.39033318 0.78410900 0.48250714
vn -0.44911572 0.75091869 0.48416546
vn -0.44911572 0.75091869 0.48416546
vn -0.44911572 0.75091869 0.48416546
vn -0.79445285 0.56575620 0.22082698
vn -0.79445285 0.56575620 0.22082698
vn -0.79445285 0.56575620 0.22082698
vn -0.79581660 0.57280713 0.19638725
vn -0.79581660 0.57280713 0.19638725
vn -0.79581660 0.57280713 0.19638725
vn -0.80156779 0.55075675 0.23271446
vn -0.80156779 0.55075675 0.23271446
vn -0.80156779 0.55075675 0.23271446
vn -0.36258808 0.83609307 0.41167739
vn -0.36258808 0.83609307 0.41167739
vn -0.36258808 0.83609307 0.41167739
vn -0.66472089 0.70572865 0.24513917
vn -0.66472089 0.70572865 0.24513917
vn -0.66472089 0.70572865 0.24513917
vn -0.78720742 0.59416497 0.16514376
vn -0.78720742 0.59416497 0.16514376
vn -0.78720742 0.59416497 0.16514376
vn -0.79440755 0.56849915 0.21383505
vn -0.79440755 0.56849915 0.21383505
vn -0.79440755 0.56849915 0.21383505
vn -0.82474756 0.49114987 0.28029144
vn -0.82474756 0.49114987 0.28029144
vn -0.82474756 0.49114987 0.28029144
vn -0.69109386 0.67572594 0.25648332
vn -0.69109386 0.67572594 0.25648332
vn -0.69109386 0.67572594 0.25648332
vn -0.66151559 0.71074212 0.23925470
vn -0.66151559 0.71074212 0.23925470
vn -0.66151559 0.71074212 0.23925470
vn 0.19673176 -0.97814345 -0.06732035
vn 0.19673176 -0.97814345 -0.06732035
vn 0.19673176 -0.97814345 -0.06732035
vn -0.09769775 -0.85546994 -0.50855315
vn -0.09769775 -0.85546994 -0.50855315
vn -0.09769775 -0.85546994 -0.50855315
vn -0.67666578 0.65749669 0.33139336
vn -0.67666578 0.65749669 0.33139336
vn -0.67666578 0.65749669 0.33139336
vn -0.67687154 0.64839208 0.34847188
vn -0.67687154 0.64839208 0.34847188
vn -0.67687154 0.64839208 0.34847188
vn -0.67528588 0.65842700 0.33235955
vn -0.67528588 0.65842700 0.33235955
vn -0.67528588 0.65842700 0.33235955
vn 0.26396176 -0.88879418 -0.37465861
vn 0.26396176 -0.88879418 -0.37465861
vn 0.26396176 -0.88879418 -0.37465861
vn -0.51364052 0.73107576 0.44911209
vn -0.51364052 0.73107576 0.44911209
vn -0.51364052 0.73107576 0.44911209
vn -0.53180355 0.71745002 0.44994494
vn -0.53180355 0.71745002 0.44994494
vn -0.53180355 0.71745002 0.44994494
vn 0.40492770 -0.86792779 -0.28763676
vn 0.40492770 -0.86792779 -0.28763676
vn 0.40492770 -0.86792779 -0.28763676
vn 0.36925557 -0.86744058 -0.33346239
vn 0.36925557 -0.86744058 -0.33346239
vn 0.36925557 -0.86744058 -0.33346239
vn 0.42317116 -0.85766399 -0.29212788
vn 0.42317116 -0.85766399 -0.29212788
vn 0.42317116 -0.85766399 -0.29212788
vn -0.44476029 0.73999065 0.50458109
vn -0.44476029 0.73999065 0.50458109
vn -0.44476029 0.73999065 0.50458109
vn 0.43666321 -0.88944125 -0.13497946
vn 0.43666321 -0.88944125 -0.13497946
vn 0.43666321 -0.88944125 -0.13497946
vn 0.39117074 -0.84344620 -0.36821735
vn 0.39117074 -0.84344620 -0.36821735
vn 0.39117074 -0.84344620 -0.36821735
vn -0.53106499 0.68059200 0.50474203
vn -0.53106499 0.68059200 0.50474203
vn -0.53106499 0.68059200 0.50474203
vn -0.52769411 0.69046617 0.49476802
vn -0.52769411 0.69046617 0.49476802
vn -0.52769411 0.69046617 0.49476802
vn -0.60213977 0.71028841 0.36457929
vn -0.60213977 0.71028841 0.36457929
vn -0.60213977 0.71028841 0.36457929
vn -0.59964579 0.71256566 0.36424595
vn -0.59964579 0.71256566 0.36424595
vn -0.59964579 0.71256566 0.36424595
vn 0.42550483 -0.86727113 -0.25843081
vn 0.42550483 -0.86727113 -0.25843081
vn 0.42550483 -0.86727113 -0.25843081
vn 0.43380994 -0.86257523 -0.26033226
vn 0.43380994 -0.86257523 -0.26033226
vn 0.43380994 -0.86257523 -0.26033226
vn -0.55297518 0.74814779 0.36673334
vn -0.55297518 0.74814779 0.36673334
vn -0.55297518 0.74814779 0.36673334
vn -0.53317344 0.69873112 0.47697055
vn -0.53317344 0.69873112 0.47697055
vn -0.53317344 0.69873112 0.47697055
vn -0.51666331 0.72017217 0.46304548
vn -0.51666331 0.72017217 0.46304548
vn -0.51666331 0.72017217 0.46304548
vn 0.39937177 -0.87530243 -0.27266803
vn 0.39937177 -0.87530243 -0.27266803
vn 0.39937177 -0.87530243 -0.27266803
vn 0.23647624 -0.97011417 0.05438242
vn 0.23647624 -0.97011417 0.05438242
vn 0.23647624 -0.97011417 0.05438242
vn 0.33954853 -0.94058400 0.00292418
vn 0.33954853 -0.94058400 0.00292418
vn 0.33954853 -0.94058400 0.00292418
vn 0.22405869 -0.94424415 -0.24124815
vn 0.22405869 -0.94424415 -0.24124815
vn 0.22405869 -0.94424415 -0.24124815
vn -0.56415015 0.51993072 0.64140987
vn -0.56415015 0.51993072 0.64140987
vn -0.56415015 0.51993072 0.64140987
vn -0.40672207 0.49823645 0.76572686
vn -0.40672207 0.49823645 0.76572686
vn -0.40672207 0.49823645 0.76572686
vn 0.49397019 -0.35005713 -0.79589790
vn 0.49397019 -0.35005713 -0.79589790
vn 0.49397019 -0.35005713 -0.79589790
vn -0.46975166 0.63284069 0.61550468
vn -0.46975166 0.63284069 0.61550468
vn -0.46975166 0.63284069 0.61550468
vn -0.37278399 0.60263640 0.70559299
vn -0.37278399 0.60263640 0.70559299
vn -0.37278399 0.60263640 0.70559299
vn -0.42311063 0.50313789 0.75354475
vn -0.42311063 0.50313789 0.75354475
vn -0.42311063 0.50313789 0.75354475
vn 0.34825516 -0.90600812 0.24055684
vn 0.34825516 -0.90600812 0.24055684
vn 0.34825516 -0.90600812 0.24055684
vn -0.38531107 0.53991985 0.74834615
vn -0.38531107 0.53991985 0.74834615
vn -0.38531107 0.53991985 0.74834615
vn -0.37737840 0.49711278 0.78132224
vn -0.37737840 0.49711278 0.78132224
vn -0.37737840 0.49711278 0.78132224
vn -0.18820025 -0.16518229 0.96814024
vn -0.18820025 -0.16518229 0.96814024
vn -0.18820025 -0.16518229 0.96814024
vn -0.44709092 0.48555273 0.75123113
vn -0.44709092 0.48555273 0.75123113
vn -0.44709092 0.48555273 0.75123113
vn -0.46277153 0.51427221 0.72205716
vn -0.46277153 0.51427221 0.72205716
vn -0.46277153 0.51427221 0.72205716
vn -0.44321892 0.55119491 0.70692372
vn -0.44321892 0.55119491 0.70692372
vn -0.44321892 0.55119491 0.70692372
vn -0.42869663 0.89688241 0.10872500
vn -0.42869663 0.89688241 0.10872500
vn -0.42869663 0.89688241 0.10872500
vn -0.62916809 0.70710564 0.32272151
vn -0.62916809 0.70710564 0.32272151
vn -0.62916809 0.70710564 0.32272151
vn -0.56339478 0.73927712 0.36885718
vn -0.56339478 0.73927712 0.36885718
vn -0.56339478 0.73927712 0.36885718
vn -0.63572240 0.71567488 0.28925154
vn -0.63572240 0.71567488 0.28925154
vn -0.63572240 0.71567488 0.28925154
vn -0.63868016 0.70963484 0.29749966
vn -0.63868016 0.70963484 0.29749966
vn -0.63868016 0.70963484 0.29749966
vn -0.06368347 -0.91884851 -0.38943788
vn -0.06368347 -0.91884851 -0.38943788
vn -0.06368347 -0.91884851 -0.38943788
vn 0.08441519 -0.99029595 -0.11039928
vn 0.08441519 -0.99029595 -0.11039928
vn 0.08441519 -0.99029595 -0.11039928
vn -0.03119785 -0.95734817 -0.28724763
vn -0.03119785 -0.95734817 -0.28724763
vn -0.03119785 -0.95734817 -0.28724763
vn -0.50598133 0.55428916 0.66086793
vn -0.50598133 0.55428916 0.66086793
vn -0.50598133 0.55428916 0.66086793
vn -0.57189798 0.63883990 0.51460302
vn -0.57189798 0.63883990 0.51460302
vn -0.57189798 0.63883990 0.51460302
vn -0.44408712 0.68611783 0.57621950
vn -0.44408712 0.68611783 0.57621950
vn -0.44408712 0.68611783 0.57621950
vn -0.46461713 0.69939512 0.54311818
vn -0.46461713 0.69939512 0.54311818
vn -0.46461713 0.69939512 0.54311818
vn -0.39254162 0.63701785 0.66341490
vn -0.39254162 0.63701785 0.66341490
vn -0.39254162 0.63701785 0.66341490
vn 0.34556216 -0.92732292 0.14373237
vn 0.34556216 -0.92732292 0.14373237
vn 0.34556216 -0.92732292 0.14373237
vn -0.43712199 0.60225797 0.66798931
vn -0.43712199 0.60225797 0.66798931
vn -0.43712199 0.60225797 0.66798931
vn -0.46852833 0.66800809 0.57814044
vn -0.46852833 0.66800809 0.57814044
vn -0.46852833 0.66800809 0.57814044
vn 0.31541300 -0.93525738 0.16064948
vn 0.31541300 -0.93525738 0.16064948
vn 0.31541300 -0.93525738 0.16064948
vn 0.31540352 -0.91435575 0.25391769
vn 0.31540352 -0.91435575 0.25391769
vn 0.31540352 -0.91435575 0.25391769
vn -0.09759104 -0.90701139 -0.40964168
vn -0.09759104 -0.90701139 -0.40964168
vn -0.09759104 -0.90701139 -0.40964168
vn -0.28105322 -0.82847428 -0.48439595
vn -0.28105322 -0.82847428 -0.48439595
vn -0.28105322 -0.82847428 -0.48439595
vn -0.83369672 0.50989074 0.21204053
vn -0.83369672 0.50989074 0.21204053
vn -0.83369672 0.50989074 0.21204053
vn -0.61086863 0.48657855 0.62456453
vn -0.61086863 0.48657855 0.62456453
vn -0.61086863 0.48657855 0.62456453
vn -0.77060854 0.54054892 0.33759344
vn -0.77060854 0.54054892 0.33759344
vn -0.77060854 0.54054892 0.33759344
vn 0.18058735 -0.84594285 -0.50176573
vn 0.18058735 -0.84594285 -0.50176573
vn 0.18058735 -0.84594285 -0.50176573
vn 0.28442684 -0.86472911 -0.41393831
vn 0.28442684 -0.86472911 -0.41393831
vn 0.28442684 -0.86472911 -0.41393831
vn 0.35021904 -0.93666250 0.00316337
vn 0.35021904 -0.93666250 0.00316337
vn 0.35021904 -0.93666250 0.00316337
vn 0.40547690 -0.87472075 -0.26542807
vn 0.40547690 -0.87472075 -0.26542807
vn 0.40547690 -0.87472075 -0.26542807
vn 0.38985997 -0.88460910 -0.25588259
vn 0.38985997 -0.88460910 -0.25588259
vn 0.38985997 -0.88460910 -0.25588259
vn -0.52204061 0.59231794 0.61370438
vn -0.52204061 0.59231794 0.61370438
vn -0.52204061 0.59231794 0.61370438
vn 0.37338987 -0.90977675 0.18134572
vn 0.37338987 -0.90977675 0.18134572
vn 0.37338987 -0.90977675 0.18134572
vn -0.39706361 0.73205769 0.55356300
vn -0.39706361 0.73205769 0.55356300
vn -0.39706361 0.73205769 0.55356300
vn 0.30622119 -0.92130154 0.23964985
vn 0.30622119 -0.92130154 0.23964985
vn 0.30622119 -0.92130154 0.23964985
vn -0.56033760 0.49514031 0.66397125
vn -0.56033760 0.49514031 0.66397125
vn -0.56033760 0.49514031 0.66397125
vn 0.39922523 -0.88292086 0.24712338
vn 0.39922523 -0.88292086 0.24712338
vn 0.39922523 -0.88292086 0.24712338
vn -0.03294135 -0.88454068 -0.46529850
vn -0.03294135 -0.88454068 -0.46529850
vn -0.03294135 -0.88454068 -0.46529850
vn -0.40417778 0.46550328 0.78736717
vn -0.40417778 0.46550328 0.78736717
vn -0.40417778 0.46550328 0.78736717
vn -0.51213026 0.66837323 0.53944397
vn -0.51213026 0.66837323 0.53944397
vn -0.51213026 0.66837323 0.53944397
vn 0.27429950 -0.94831169 0.15957667
vn 0.27429950 -0.94831169 0.15957667
vn 0.27429950 -0.94831169 0.15957667
vn -0.30215415 0.91853881 -0.25493005
vn -0.30215415 0.91853881 -0.25493005
vn -0.30215415 0.91853881 -0.25493005
vn -0.34227538 0.89324647 -0.29147601
vn -0.34227538 0.89324647 -0.29147601
vn -0.34227538 0.89324647 -0.29147601
vn -0.31782308 0.89927900 -0.30047593
vn -0.31782308 0.89927900 -0.30047593
vn -0.31782308 0.89927900 -0.30047593
vn 0.40998265 -0.58169395 -0.70252860
vn 0.40998265 -0.58169395 -0.70252860
vn 0.40998265 -0.58169395 -0.70252860
vn 0.39836875 -0.64518553 -0.65194935
vn 0.39836875 -0.64518553 -0.65194935
vn 0.39836875 -0.64518553 -0.65194935
vn 0.39676690 -0.53408921 -0.74654186
vn 0.39676690 -0.53408921 -0.74654186
vn 0.39676690 -0.53408921 -0.74654186
vn 0.50173360 -0.39228159 -0.77095950
vn 0.50173360 -0.39228159 -0.77095950
vn 0.50173360 -0.39228159 -0.77095950
vn 0.49647239 -0.35309979 -0.79299164
vn 0.49647239 -0.35309979 -0.79299164
vn 0.49647239 -0.35309979 -0.79299164
vn 0.52929986 -0.43944696 -0.72576034
vn 0.52929986 -0.43944696 -0.72576034
vn 0.52929986 -0.43944696 -0.72576034
vn -0.40729254 0.86653101 -0.28850779
vn -0.40729254 0.86653101 -0.28850779
vn -0.40729254 0.86653101 -0.28850779
vn 0.40793487 -0.48698589 -0.77229130
vn 0.40793487 -0.48698589 -0.77229130
vn 0.40793487 -0.48698589 -0.77229130
vn 0.42220554 -0.51262873 -0.74763244
vn 0.42220554 -0.51262873 -0.74763244
vn 0.42220554 -0.51262873 -0.74763244
vn 0.37997821 -0.54367608 -0.74835342
vn 0.37997821 -0.54367608 -0.74835342
vn 0.37997821 -0.54367608 -0.74835342
vn 0.40679643 -0.55903351 -0.72249442
vn 0.40679643 -0.55903351 -0.72249442
vn 0.40679643 -0.55903351 -0.72249442
vn 0.41784599 -0.52034485 -0.74474555
vn 0.41784599 -0.52034485 -0.74474555
vn 0.41784599 -0.52034485 -0.74474555
vn -0.35650501 0.93429339 0.00010236
vn -0.35650501 0.93429339 0.00010236
vn -0.35650501 0.93429339 0.00010236
vn -0.32128486 0.89117700 0.32028058
vn -0.32128486 0.89117700 0.32028058
vn -0.32128486 0.89117700 0.32028058
vn -0.40811506 0.91134810 0.05372873
vn -0.40811506 0.91134810 0.05372873
vn -0.40811506 0.91134810 0.05372873
vn -0.40389776 0.91423279 0.03232597
vn -0.40389776 0.91423279 0.03232597
vn -0.40389776 0.91423279 0.03232597
vn -0.37038186 0.88154644 0.29273397
vn -0.37038186 0.88154644 0.29273397
vn -0.37038186 0.88154644 0.29273397
vn -0.41432652 0.85463125 0.31295204
vn -0.41432652 0.85463125 0.31295204
vn -0.41432652 0.85463125 0.31295204
vn -0.40713617 0.86106771 0.30463511
vn -0.40713617 0.86106771 0.30463511
vn -0.40713617 0.86106771 0.30463511
vn 0.49091175 -0.74034190 -0.45923796
vn 0.49091175 -0.74034190 -0.45923796
vn 0.49091175 -0.74034190 -0.45923796
vn 0.47697389 -0.75608909 -0.44813523
vn 0.47697389 -0.75608909 -0.44813523
vn 0.47697389 -0.75608909 -0.44813523
vn 0.47612104 -0.75795192 -0.44588977
vn 0.47612104 -0.75795192 -0.44588977
vn 0.47612104 -0.75795192 -0.44588977
vn -0.20285271 0.89711374 0.39247641
vn -0.20285271 0.89711374 0.39247641
vn -0.20285271 0.89711374 0.39247641
vn -0.36994800 0.92611969 0.07376194
vn -0.36994800 0.92611969 0.07376194
vn -0.36994800 0.92611969 0.07376194
vn 0.42824891 -0.72689718 -0.53686440
vn 0.42824891 -0.72689718 -0.53686440
vn 0.42824891 -0.72689718 -0.53686440
vn 0.49656445 -0.73648900 -0.45935574
vn 0.49656445 -0.73648900 -0.45935574
vn 0.49656445 -0.73648900 -0.45935574
vn -0.37113532 0.86951333 0.32589123
vn -0.37113532 0.86951333 0.32589123
vn -0.37113532 0.86951333 0.32589123
vn -0.42661786 0.86996490 0.24730194
vn -0.42661786 0.86996490 0.24730194
vn -0.42661786 0.86996490 0.24730194
vn -0.39023310 0.88936925 0.23820263
vn -0.39023310 0.88936925 0.23820263
vn -0.39023310 0.88936925 0.23820263
vn 0.56114841 -0.73461521 -0.38138300
vn 0.56114841 -0.73461521 -0.38138300
vn 0.56114841 -0.73461521 -0.38138300
vn 0.54900831 -0.74377674 -0.38129526
vn 0.54900831 -0.74377674 -0.38129526
vn 0.54900831 -0.74377674 -0.38129526
vn -0.37740454 0.89427489 0.24049576
vn -0.37740454 0.89427489 0.24049576
vn -0.37740454 0.89427489 0.24049576
vn 0.10140822 0.93622875 0.33644027
vn 0.10140822 0.93622875 0.33644027
vn 0.10140822 0.93622875 0.33644027
vn 0.19931696 0.84663332 0.49344176
vn 0.19931696 0.84663332 0.49344176
vn 0.19931696 0.84663332 0.49344176
vn 0.88465524 -0.33866215 -0.32045758
vn 0.88465524 -0.33866215 -0.32045758
vn 0.88465524 -0.33866215 -0.32045758
vn 0.60068500 -0.62108696 -0.50341684
vn 0.60068500 -0.62108696 -0.50341684
vn 0.60068500 -0.62108696 -0.50341684
vn 0.79702771 -0.48886928 -0.35461766
vn 0.79702771 -0.48886928 -0.35461766
vn 0.79702771 -0.48886928 -0.35461766
vn 0.89930856 -0.41263485 -0.14483289
vn 0.89930856 -0.41263485 -0.14483289
vn 0.89930856 -0.41263485 -0.14483289
vn 0.08497130 0.92896461 0.36028406
vn 0.08497130 0.92896461 0.36028406
vn 0.08497130 0.92896461 0.36028406
vn 0.71517599 -0.59815615 -0.36156949
vn 0.71517599 -0.59815615 -0.36156949
vn 0.71517599 -0.59815615 -0.36156949
vn 0.82565194 -0.51889771 -0.22145878
vn 0.82565194 -0.51889771 -0.22145878
vn 0.82565194 -0.51889771 -0.22145878
vn 0.91577071 -0.35260382 -0.19244356
vn 0.91577071 -0.35260382 -0.19244356
vn 0.91577071 -0.35260382 -0.19244356
vn 0.83496231 -0.49788734 -0.23440583
vn 0.83496231 -0.49788734 -0.23440583
vn 0.83496231 -0.49788734 -0.23440583
vn 0.68797588 -0.58253312 -0.43283290
vn 0.68797588 -0.58253312 -0.43283290
vn 0.68797588 -0.58253312 -0.43283290
vn 0.90019107 -0.38676947 -0.20016345
vn 0.90019107 -0.38676947 -0.20016345
vn 0.90019107 -0.38676947 -0.20016345
vn 0.83536625 -0.49594244 -0.23707440
vn 0.83536625 -0.49594244 -0.23707440
vn 0.83536625 -0.49594244 -0.23707440
vn 0.77115768 -0.54613733 -0.32718480
vn 0.77115768 -0.54613733 -0.32718480
vn 0.77115768 -0.54613733 -0.32718480
vn 0.50345480 -0.39757994 -0.76711375
vn 0.50345480 -0.39757994 -0.76711375
vn 0.50345480 -0.39757994 -0.76711375
vn -0.16490373 0.98550779 0.03976428
vn -0.16490373 0.98550779 0.03976428
vn -0.16490373 0.98550779 0.03976428
vn -0.09078310 0.92118478 0.37838742
vn -0.09078310 0.92118478 0.37838742
vn -0.09078310 0.92118478 0.37838742
vn 0.53554243 -0.72642958 -0.43069059
vn 0.53554243 -0.72642958 -0.43069059
vn 0.53554243 -0.72642958 -0.43069059
vn 0.00836826 0.88979781 0.45627820
vn 0.00836826 0.88979781 0.45627820
vn 0.00836826 0.88979781 0.45627820
vn 0.56052172 -0.74534041 -0.36094752
vn 0.56052172 -0.74534041 -0.36094752
vn 0.56052172 -0.74534041 -0.36094752
vn 0.57768565 -0.73175395 -0.36168423
vn 0.57768565 -0.73175395 -0.36168423
vn 0.57768565 -0.73175395 -0.36168423
vn 0.53434634 -0.66316348 -0.52410704
vn 0.53434634 -0.66316348 -0.52410704
vn 0.53434634 -0.66316348 -0.52410704
vn 0.55842191 -0.75181246 -0.35063219
vn 0.55842191 -0.75181246 -0.35063219
vn 0.55842191 -0.75181246 -0.35063219
vn -0.39061531 0.89690310 -0.20732714
vn -0.39061531 0.89690310 -0.20732714
vn -0.39061531 0.89690310 -0.20732714
vn -0.40273580 0.89838141 -0.17525630
vn -0.40273580 0.89838141 -0.17525630
vn -0.40273580 0.89838141 -0.17525630
vn -0.38598794 0.90030873 -0.20114052
vn -0.38598794 0.90030873 -0.20114052
vn -0.38598794 0.90030873 -0.20114052
vn 0.46143612 -0.68709427 -0.56122917
vn 0.46143612 -0.68709427 -0.56122917
vn 0.46143612 -0.68709427 -0.56122917
vn 0.44303158 -0.69967604 -0.56051445
vn 0.44303158 -0.69967604 -0.56051445
vn 0.44303158 -0.69967604 -0.56051445
vn 0.42164072 -0.66750562 -0.61372256
vn 0.42164072 -0.66750562 -0.61372256
vn 0.42164072 -0.66750562 -0.61372256
vn 0.45349154 -0.63705254 -0.62330532
vn 0.45349154 -0.63705254 -0.62330532
vn 0.45349154 -0.63705254 -0.62330532
vn -0.32802659 0.91031730 -0.25243017
vn -0.32802659 0.91031730 -0.25243017
vn -0.32802659 0.91031730 -0.25243017
vn 0.44203064 -0.68478245 -0.57938063
vn 0.44203064 -0.68478245 -0.57938063
vn 0.44203064 -0.68478245 -0.57938063
vn 0.58136725 -0.43442860 -0.68795633
vn 0.58136725 -0.43442860 -0.68795633
vn 0.58136725 -0.43442860 -0.68795633
vn -0.52050430 0.82592577 -0.21661481
vn -0.52050430 0.82592577 -0.21661481
vn -0.52050430 0.82592577 -0.21661481
vn -0.42402461 0.90259784 0.07429831
vn -0.42402461 0.90259784 0.07429831
vn -0.42402461 0.90259784 0.07429831
vn -0.33118150 0.87031722 0.36450890
vn -0.33118150 0.87031722 0.36450890
vn -0.33118150 0.87031722 0.36450890
vn -0.33083487 0.91924113 0.21341038
vn -0.33083487 0.91924113 0.21341038
vn -0.33083487 0.91924113 0.21341038
vn 0.90017670 -0.34711567 -0.26304480
vn 0.90017670 -0.34711567 -0.26304480
vn 0.90017670 -0.34711567 -0.26304480
vn 0.47406220 -0.44966996 -0.75700855
vn 0.47406220 -0.44966996 -0.75700855
vn 0.47406220 -0.44966996 -0.75700855
vn 0.18814287 0.90619385 0.37870166
vn 0.18814287 0.90619385 0.37870166
vn 0.18814287 0.90619385 0.37870166
vn 0.89935392 -0.39299428 -0.19161955
vn 0.89935392 -0.39299428 -0.19161955
vn 0.89935392 -0.39299428 -0.19161955
vn -0.41723263 0.87962621 -0.22841771
vn -0.41723263 0.87962621 -0.22841771
vn -0.41723263 0.87962621 -0.22841771
vn 0.58035368 -0.37583277 -0.72245371
vn 0.58035368 -0.37583277 -0.72245371
vn 0.58035368 -0.37583277 -0.72245371
vn 0.41908541 -0.36786216 -0.83008724
vn 0.41908541 -0.36786216 -0.83008724
vn 0.41908541 -0.36786216 -0.83008724
vn -0.04308109 0.87835658 0.47606063
vn -0.04308109 0.87835658 0.47606063
vn -0.04308109 0.87835658 0.47606063
vn -0.33601412 0.94001639 -0.05885281
vn -0.33601412 0.94001639 -0.05885281
vn -0.33601412 0.94001639 -0.05885281
vn 0.53068453 -0.49337196 -0.68917197
vn 0.53068453 -0.49337196 -0.68917197
vn 0.53068453 -0.49337196 -0.68917197
vn 0.44851464 -0.75641024 -0.47610727
vn 0.44851464 -0.75641024 -0.47610727
vn 0.44851464 -0.75641024 -0.47610727
vn 0.46605721 -0.78692371 -0.40440297
vn 0.46605721 -0.78692371 -0.40440297
vn 0.46605721 -0.78692371 -0.40440297
vn 0.45592871 -0.79968619 -0.39068016
vn 0.45592871 -0.79968619 -0.39068016
vn 0.45592871 -0.79968619 -0.39068016
vn 0.45192632 -0.79735231 -0.39998984
vn 0.45192632 -0.79735231 -0.39998984
vn 0.45192632 -0.79735231 -0.39998984
vn 0.52779973 -0.76089174 -0.37745357
vn 0.52779973 -0.76089174 -0.37745357
vn 0.52779973 -0.76089174 -0.37745357
vn 0.52734762 -0.77409834 -0.35025170
vn 0.52734762 -0.77409834 -0.35025170
vn 0.52734762 -0.77409834 -0.35025170
vn 0.53200209 -0.76210439 -0.36901304
vn 0.53200209 -0.76210439 -0.36901304
vn 0.53200209 -0.76210439 -0.36901304
vn 0.42502585 -0.79160017 -0.43900132
vn 0.42502585 -0.79160017 -0.43900132
vn 0.42502585 -0.79160017 -0.43900132
vn 0.47103617 -0.76659054 -0.43642169
vn 0.47103617 -0.76659054 -0.43642169
vn 0.47103617 -0.76659054 -0.43642169
vn 0.50201750 -0.75577122 -0.42046198
vn 0.50201750 -0.75577122 -0.42046198
vn 0.50201750 -0.75577122 -0.42046198
vn -0.41814417 0.81505889 0.40104175
vn -0.41814417 0.81505889 0.40104175
vn -0.41814417 0.81505889 0.40104175
vn -0.44199169 0.76267183 0.47220236
vn -0.44199169 0.76267183 0.47220236
vn -0.44199169 0.76267183 0.47220236
vn -0.45026940 0.75657618 0.47418344
vn -0.45026940 0.75657618 0.47418344
vn -0.45026940 0.75657618 0.47418344
vn -0.44360712 0.76131356 0.47287881
vn -0.44360712 0.76131356 0.47287881
vn -0.44360712 0.76131356 0.47287881
vn -0.15621246 0.89765042 0.41209388
vn -0.15621246 0.89765042 0.41209388
vn -0.15621246 0.89765042 0.41209388
vn -0.13681841 0.89882690 0.41640240
vn -0.13681841 0.89882690 0.41640240
vn -0.13681841 0.89882690 0.41640240
vn -0.19398610 0.83280164 0.51846975
vn -0.19398610 0.83280164 0.51846975
vn -0.19398610 0.83280164 0.51846975
vn -0.37864062 0.84708136 0.37294024
vn -0.37864062 0.84708136 0.37294024
vn -0.37864062 0.84708136 0.37294024
vn -0.40215445 0.84042734 0.36325431
vn -0.40215445 0.84042734 0.36325431
vn -0.40215445 0.84042734 0.36325431
vn -0.43306422 0.72333765 0.53780854
vn -0.43306422 0.72333765 0.53780854
vn -0.43306422 0.72333765 0.53780854
vn -0.41887912 0.77547693 0.47241488
vn -0.41887912 0.77547693 0.47241488
vn -0.41887912 0.77547693 0.47241488
vn -0.14225084 0.88581395 0.44169936
vn -0.14225084 0.88581395 0.44169936
vn -0.14225084 0.88581395 0.44169936
vn -0.44805765 0.78366053 0.43025628
vn -0.44805765 0.78366053 0.43025628
vn -0.44805765 0.78366053 0.43025628
vn -0.42086846 0.79355150 0.43948355
vn -0.42086846 0.79355150 0.43948355
vn -0.42086846 0.79355150 0.43948355
vn -0.43235517 0.79163682 0.43171766
vn -0.43235517 0.79163682 0.43171766
vn -0.43235517 0.79163682 0.43171766
vn -0.14505722 0.86470616 0.48087591
vn -0.14505722 0.86470616 0.48087591
vn -0.14505722 0.86470616 0.48087591
vn -0.41093004 0.80420774 0.42940235
vn -0.41093004 0.80420774 0.42940235
vn -0.41093004 0.80420774 0.42940235
vn -0.42488015 0.79294705 0.43670565
vn -0.42488015 0.79294705 0.43670565
vn -0.42488015 0.79294705 0.43670565
vn -0.41966617 0.80807161 0.41340125
vn -0.41966617 0.80807161 0.41340125
vn -0.41966617 0.80807161 0.41340125
vn -0.20856419 0.81032127 0.54761338
vn -0.20856419 0.81032127 0.54761338
vn -0.20856419 0.81032127 0.54761338
vn -0.26117250 0.74405575 0.61495525
vn -0.26117250 0.74405575 0.61495525
vn -0.26117250 0.74405575 0.61495525
vn -0.38018388 0.70452529 0.59925312
vn -0.38018388 0.70452529 0.59925312
vn -0.38018388 0.70452529 0.59925312
vn 0.04495756 0.89932656 0.43496037
vn 0.04495756 0.89932656 0.43496037
vn 0.04495756 0.89932656 0.43496037
vn 0.03245904 0.89870119 0.43735871
vn 0.03245904 0.89870119 0.43735871
vn 0.03245904 0.89870119 0.43735871
vn 0.80069625 -0.52056938 -0.29646751
vn 0.80069625 -0.52056938 -0.29646751
vn 0.80069625 -0.52056938 -0.29646751
vn 0.89265454 -0.41376999 -0.17877989
vn 0.89265454 -0.41376999 -0.17877989
vn 0.89265454 -0.41376999 -0.17877989
vn 0.88648570 -0.43763340 -0.15039986
vn 0.88648570 -0.43763340 -0.15039986
vn 0.88648570 -0.43763340 -0.15039986
vn 0.89009440 -0.43325463 -0.14150041
vn 0.89009440 -0.43325463 -0.14150041
vn 0.89009440 -0.43325463 -0.14150041
vn 0.03324075 0.88808882 0.45846841
vn 0.03324075 0.88808882 0.45846841
vn 0.03324075 0.88808882 0.45846841
vn 0.91556680 -0.38085851 -0.12916736
vn 0.91556680 -0.38085851 -0.12916736
vn 0.91556680 -0.38085851 -0.12916736
vn 0.02510185 0.90410262 0.42657745
vn 0.02510185 0.90410262 0.42657745
vn 0.02510185 0.90410262 0.42657745
vn 0.89523566 -0.41115913 -0.17175949
vn 0.89523566 -0.41115913 -0.17175949
vn 0.89523566 -0.41115913 -0.17175949
vn 0.88682169 -0.42793378 -0.17441317
vn 0.88682169 -0.42793378 -0.17441317
vn 0.88682169 -0.42793378 -0.17441317
vn 0.88190961 -0.44623011 -0.15203328
vn 0.88190961 -0.44623011 -0.15203328
vn 0.88190961 -0.44623011 -0.15203328
vn 0.02684485 0.88819158 0.45868838
vn 0.02684485 0.88819158 0.45868838
vn 0.02684485 0.88819158 0.45868838
vn 0.88025594 -0.44105050 -0.17499693
vn 0.88025594 -0.44105050 -0.17499693
vn 0.88025594 -0.44105050 -0.17499693
vn 0.02332533 0.87931389 0.47567108
vn 0.02332533 0.87931389 0.47567108
vn 0.02332533 0.87931389 0.47567108
vn -0.08512875 0.82524276 0.55832559
vn -0.08512875 0.82524276 0.55832559
vn -0.08512875 0.82524276 0.55832559
vn -0.24303231 0.91192049 0.33066049
vn -0.24303231 0.91192049 0.33066049
vn -0.24303231 0.91192049 0.33066049
vn 0.04795164 0.89664644 0.44014296
vn 0.04795164 0.89664644 0.44014296
vn 0.04795164 0.89664644 0.44014296
vn 0.07487798 0.89665109 0.43636003
vn 0.07487798 0.89665109 0.43636003
vn 0.07487798 0.89665109 0.43636003
vn 0.03564483 0.88243610 0.46907991
vn 0.03564483 0.88243610 0.46907991
vn 0.03564483 0.88243610 0.46907991
vn 0.06487971 0.88992923 0.45146048
vn 0.06487971 0.88992923 0.45146048
vn 0.06487971 0.88992923 0.45146048
vn 0.06479992 0.89735091 0.43653446
vn 0.06479992 0.89735091 0.43653446
vn 0.06479992 0.89735091 0.43653446
vn -0.06465928 0.86702663 0.49404860
vn -0.06465928 0.86702663 0.49404860
vn -0.06465928 0.86702663 0.49404860
vn -0.14178331 0.82154852 0.55222780
vn -0.14178331 0.82154852 0.55222780
vn -0.14178331 0.82154852 0.55222780
vn -0.44249699 0.74288183 0.50231767
vn -0.44249699 0.74288183 0.50231767
vn -0.44249699 0.74288183 0.50231767
vn -0.36533555 0.78962374 0.49297494
vn -0.36533555 0.78962374 0.49297494
vn -0.36533555 0.78962374 0.49297494
vn -0.20532051 0.83085996 0.51721877
vn -0.20532051 0.83085996 0.51721877
vn -0.20532051 0.83085996 0.51721877
vn -0.39177921 0.77139181 0.50146157
vn -0.39177921 0.77139181 0.50146157
vn -0.39177921 0.77139181 0.50146157
vn 0.88282573 -0.45520034 -0.11580761
vn 0.88282573 -0.45520034 -0.11580761
vn 0.88282573 -0.45520034 -0.11580761
vn 0.02322781 0.88440436 0.46614316
vn 0.02322781 0.88440436 0.46614316
vn 0.02322781 0.88440436 0.46614316
vn -0.01731235 0.87915391 0.47622335
vn -0.01731235 0.87915391 0.47622335
vn -0.01731235 0.87915391 0.47622335
vn 0.44914159 -0.84019095 -0.30389312
vn 0.44914159 -0.84019095 -0.30389312
vn 0.44914159 -0.84019095 -0.30389312
vn 0.41275629 -0.90314496 -0.11815851
vn 0.41275629 -0.90314496 -0.11815851
vn 0.41275629 -0.90314496 -0.11815851
vn 0.38384536 -0.89509791 -0.22685330
vn 0.38384536 -0.89509791 -0.22685330
vn 0.38384536 -0.89509791 -0.22685330
vn 0.52395308 -0.78819084 -0.32284421
vn 0.52395308 -0.78819084 -0.32284421
vn 0.52395308 -0.78819084 -0.32284421
vn 0.52405828 -0.79646009 -0.30168563
vn 0.52405828 -0.79646009 -0.30168563
vn 0.52405828 -0.79646009 -0.30168563
vn 0.54088658 -0.76761782 -0.34380892
vn 0.54088658 -0.76761782 -0.34380892
vn 0.54088658 -0.76761782 -0.34380892
vn 0.44339886 -0.84903204 -0.28730124
vn 0.44339886 -0.84903204 -0.28730124
vn 0.44339886 -0.84903204 -0.28730124
vn 0.48865175 -0.81305009 -0.31649488
vn 0.48865175 -0.81305009 -0.31649488
vn 0.48865175 -0.81305009 -0.31649488
vn 0.41914612 -0.86597759 -0.27276242
vn 0.41914612 -0.86597759 -0.27276242
vn 0.41914612 -0.86597759 -0.27276242
vn 0.54650998 -0.75851959 -0.35492939
vn 0.54650998 -0.75851959 -0.35492939
vn 0.54650998 -0.75851959 -0.35492939
vn 0.47935146 -0.81166130 -0.33380854
vn 0.47935146 -0.81166130 -0.33380854
vn 0.47935146 -0.81166130 -0.33380854
vn 0.45277697 -0.85391885 -0.25654545
vn 0.45277697 -0.85391885 -0.25654545
vn 0.45277697 -0.85391885 -0.25654545
vn 0.46961376 -0.82735467 -0.30813503
vn 0.46961376 -0.82735467 -0.30813503
vn 0.46961376 -0.82735467 -0.30813503
vn 0.45102820 -0.84258008 -0.29433385
vn 0.45102820 -0.84258008 -0.29433385
vn 0.45102820 -0.84258008 -0.29433385
vn 0.48146102 -0.82958531 -0.28281349
vn 0.48146102 -0.82958531 -0.28281349
vn 0.48146102 -0.82958531 -0.28281349
vn 0.46493828 -0.84651369 -0.25932023
vn 0.46493828 -0.84651369 -0.25932023
vn 0.46493828 -0.84651369 -0.25932023
vn 0.45509943 -0.86235493 -0.22187497
vn 0.45509943 -0.86235493 -0.22187497
vn 0.45509943 -0.86235493 -0.22187497
vn 0.48773396 -0.82381237 -0.28887507
vn 0.48773396 -0.82381237 -0.28887507
vn 0.48773396 -0.82381237 -0.28887507
vn -0.42623314 0.51998180 0.74023253
vn -0.42623314 0.51998180 0.74023253
vn -0.42623314 0.51998180 0.74023253
vn -0.36286640 0.51857662 0.77421331
vn -0.36286640 0.51857662 0.77421331
vn -0.36286640 0.51857662 0.77421331
vn -0.39083299 0.62685424 0.67402029
vn -0.39083299 0.62685424 0.67402029
vn -0.39083299 0.62685424 0.67402029
vn 0.37481210 -0.88646936 0.27145526
vn 0.37481210 -0.88646936 0.27145526
vn 0.37481210 -0.88646936 0.27145526
vn 0.39041960 -0.88899386 0.23929565
vn 0.39041960 -0.88899386 0.23929565
vn 0.39041960 -0.88899386 0.23929565
vn 0.34854847 -0.90044606 0.26021305
vn 0.34854847 -0.90044606 0.26021305
vn 0.34854847 -0.90044606 0.26021305
vn -0.51425695 0.16089290 0.84240919
vn -0.51425695 0.16089290 0.84240919
vn -0.51425695 0.16089290 0.84240919
vn -0.33542341 0.50482804 0.79538655
vn -0.33542341 0.50482804 0.79538655
vn -0.33542341 0.50482804 0.79538655
vn 0.34407157 -0.90395844 0.25391716
vn 0.34407157 -0.90395844 0.25391716
vn 0.34407157 -0.90395844 0.25391716
vn -0.39615339 0.48258761 0.78113484
vn -0.39615339 0.48258761 0.78113484
vn -0.39615339 0.48258761 0.78113484
vn -0.31541991 0.49222231 0.81131220
vn -0.31541991 0.49222231 0.81131220
vn -0.31541991 0.49222231 0.81131220
vn -0.35094702 0.61228222 0.70848197
vn -0.35094702 0.61228222 0.70848197
vn -0.35094702 0.61228222 0.70848197
vn -0.41919976 0.71245110 0.56274772
vn -0.41919976 0.71245110 0.56274772
vn -0.41919976 0.71245110 0.56274772
vn 0.41921842 -0.90775967 -0.01510954
vn 0.41921842 -0.90775967 -0.01510954
vn 0.41921842 -0.90775967 -0.01510954
vn -0.35257575 0.59138876 0.72522390
vn -0.35257575 0.59138876 0.72522390
vn -0.35257575 0.59138876 0.72522390
vn 0.32142830 -0.92361462 0.20885360
vn 0.32142830 -0.92361462 0.20885360
vn 0.32142830 -0.92361462 0.20885360
vn -0.44884273 0.58915973 0.67188615
vn -0.44884273 0.58915973 0.67188615
vn -0.44884273 0.58915973 0.67188615
vn 0.44782400 -0.86559767 0.22404103
vn 0.44782400 -0.86559767 0.22404103
vn 0.44782400 -0.86559767 0.22404103
vn 0.37600031 -0.88639569 0.27004904
vn 0.37600031 -0.88639569 0.27004904
vn 0.37600031 -0.88639569 0.27004904
vn 0.62765384 -0.72172934 -0.29181749
vn 0.62765384 -0.72172934 -0.29181749
vn 0.62765384 -0.72172934 -0.29181749
vn 0.63048232 -0.76764977 0.11491675
vn 0.63048232 -0.76764977 0.11491675
vn 0.63048232 -0.76764977 0.11491675
vn 0.84082603 -0.53805417 0.05923932
vn 0.84082603 -0.53805417 0.05923932
vn 0.84082603 -0.53805417 0.05923932
vn 0.31947288 -0.90084893 0.29395297
vn 0.31947288 -0.90084893 0.29395297
vn 0.31947288 -0.90084893 0.29395297
vn 0.59446174 -0.76488167 -0.24813552
vn 0.59446174 -0.76488167 -0.24813552
vn 0.59446174 -0.76488167 -0.24813552
vn 0.58615786 -0.73245955 -0.34629756
vn 0.58615786 -0.73245955 -0.34629756
vn 0.58615786 -0.73245955 -0.34629756
vn 0.60255384 -0.74881297 -0.27605790
vn 0.60255384 -0.74881297 -0.27605790
vn 0.60255384 -0.74881297 -0.27605790
vn 0.57573855 -0.76509708 -0.28836018
vn 0.57573855 -0.76509708 -0.28836018
vn 0.57573855 -0.76509708 -0.28836018
vn 0.60828805 -0.73053366 -0.31033239
vn 0.60828805 -0.73053366 -0.31033239
vn 0.60828805 -0.73053366 -0.31033239
vn 0.43407628 -0.89464945 0.10573629
vn 0.43407628 -0.89464945 0.10573629
vn 0.43407628 -0.89464945 0.10573629
vn 0.34862587 -0.89405239 0.28130123
vn 0.34862587 -0.89405239 0.28130123
vn 0.34862587 -0.89405239 0.28130123
vn -0.30982536 0.85983974 -0.40581262
vn -0.30982536 0.85983974 -0.40581262
vn -0.30982536 0.85983974 -0.40581262
vn 0.41409656 -0.85613579 0.30912054
vn 0.41409656 -0.85613579 0.30912054
vn 0.41409656 -0.85613579 0.30912054
vn 0.46419382 -0.87541062 -0.13483463
vn 0.46419382 -0.87541062 -0.13483463
vn 0.46419382 -0.87541062 -0.13483463
vn 0.38804024 -0.91796303 0.08227153
vn 0.38804024 -0.91796303 0.08227153
vn 0.38804024 -0.91796303 0.08227153
vn 0.39200261 -0.91751897 0.06702871
vn 0.39200261 -0.91751897 0.06702871
vn 0.39200261 -0.91751897 0.06702871
vn 0.49964783 -0.86348230 -0.06892337
vn 0.49964783 -0.86348230 -0.06892337
vn 0.49964783 -0.86348230 -0.06892337
vn 0.34500498 -0.93632609 0.06530697
vn 0.34500498 -0.93632609 0.06530697
vn 0.34500498 -0.93632609 0.06530697
vn 0.63028830 -0.76038635 -0.15668207
vn 0.63028830 -0.76038635 -0.15668207
vn 0.63028830 -0.76038635 -0.15668207
vn 0.88283205 -0.44709304 -0.14392854
vn 0.88283205 -0.44709304 -0.14392854
vn 0.88283205 -0.44709304 -0.14392854
vn 0.56488484 -0.81074220 -0.15362996
vn 0.56488484 -0.81074220 -0.15362996
vn 0.56488484 -0.81074220 -0.15362996
vn -0.36265758 0.89425725 -0.26226598
vn -0.36265758 0.89425725 -0.26226598
vn -0.36265758 0.89425725 -0.26226598
vn 0.36251923 -0.54165721 -0.75841099
vn 0.36251923 -0.54165721 -0.75841099
vn 0.36251923 -0.54165721 -0.75841099
vn 0.42822033 -0.56755435 -0.70321363
vn 0.42822033 -0.56755435 -0.70321363
vn 0.42822033 -0.56755435 -0.70321363
vn 0.36332363 -0.52373600 -0.77051705
vn 0.36332363 -0.52373600 -0.77051705
vn 0.36332363 -0.52373600 -0.77051705
vn -0.45208472 0.88119334 0.13826656
vn -0.45208472 0.88119334 0.13826656
vn -0.45208472 0.88119334 0.13826656
vn -0.41275617 0.85282004 0.31989107
vn -0.41275617 0.85282004 0.31989107
vn -0.41275617 0.85282004 0.31989107
vn -0.43146512 0.86717176 0.24869862
vn -0.43146512 0.86717176 0.24869862
vn -0.43146512 0.86717176 0.24869862
vn -0.38532794 0.90900004 -0.15887502
vn -0.38532794 0.90900004 -0.15887502
vn -0.38532794 0.90900004 -0.15887502
vn 0.42067900 -0.78642541 -0.45228776
vn 0.42067900 -0.78642541 -0.45228776
vn 0.42067900 -0.78642541 -0.45228776
vn 0.42916596 -0.76583630 -0.47886467
vn 0.42916596 -0.76583630 -0.47886467
vn 0.42916596 -0.76583630 -0.47886467
vn 0.42028344 -0.81653905 -0.39575979
vn 0.42028344 -0.81653905 -0.39575979
vn 0.42028344 -0.81653905 -0.39575979
vn 0.40047529 -0.84798390 -0.34719276
vn 0.40047529 -0.84798390 -0.34719276
vn 0.40047529 -0.84798390 -0.34719276
vn 0.40507430 -0.80502003 -0.43342537
vn 0.40507430 -0.80502003 -0.43342537
vn 0.40507430 -0.80502003 -0.43342537
vn 0.42582178 -0.74313170 -0.51616967
vn 0.42582178 -0.74313170 -0.51616967
vn 0.42582178 -0.74313170 -0.51616967
vn -0.39105883 0.81191933 0.43342823
vn -0.39105883 0.81191933 0.43342823
vn -0.39105883 0.81191933 0.43342823
vn -0.40616852 0.77568305 0.48305589
vn -0.40616852 0.77568305 0.48305589
vn -0.40616852 0.77568305 0.48305589
vn -0.40995413 0.77612394 0.47913384
vn -0.40995413 0.77612394 0.47913384
vn -0.40995413 0.77612394 0.47913384
vn -0.43304241 0.80658811 0.40235546
vn -0.43304241 0.80658811 0.40235546
vn -0.43304241 0.80658811 0.40235546
vn -0.40027699 0.79283452 0.45955607
vn -0.40027699 0.79283452 0.45955607
vn -0.40027699 0.79283452 0.45955607
vn 0.42680770 -0.85438764 -0.29640675
vn 0.42680770 -0.85438764 -0.29640675
vn 0.42680770 -0.85438764 -0.29640675
vn 0.39842284 -0.88866305 -0.22701816
vn 0.39842284 -0.88866305 -0.22701816
vn 0.39842284 -0.88866305 -0.22701816
vn 0.43104723 -0.89434481 -0.11977323
vn 0.43104723 -0.89434481 -0.11977323
vn 0.43104723 -0.89434481 -0.11977323
vn 0.41780207 -0.87076789 -0.25923875
vn 0.41780207 -0.87076789 -0.25923875
vn 0.41780207 -0.87076789 -0.25923875
vn -0.44744623 0.61787707 0.64654452
vn -0.44744623 0.61787707 0.64654452
vn -0.44744623 0.61787707 0.64654452
vn -0.38821104 0.55315578 0.73709625
vn -0.38821104 0.55315578 0.73709625
vn -0.38821104 0.55315578 0.73709625
vn 0.33085859 -0.91194451 0.24267212
vn 0.33085859 -0.91194451 0.24267212
vn 0.33085859 -0.91194451 0.24267212
vn 0.36976469 -0.89713281 0.24171638
vn 0.36976469 -0.89713281 0.24171638
vn 0.36976469 -0.89713281 0.24171638
vn -0.38872260 0.49663356 0.77604759
vn -0.38872260 0.49663356 0.77604759
vn -0.38872260 0.49663356 0.77604759
vn -0.44583732 0.72254568 0.52835298
vn -0.44583732 0.72254568 0.52835298
vn -0.44583732 0.72254568 0.52835298
vn 0.35594997 -0.92344892 0.14332359
vn 0.35594997 -0.92344892 0.14332359
vn 0.35594997 -0.92344892 0.14332359
vn -0.50896454 0.81228125 0.28487590
vn -0.50896454 0.81228125 0.28487590
vn -0.50896454 0.81228125 0.28487590
vn -0.43315056 0.82310349 0.36726180
vn -0.43315056 0.82310349 0.36726180
vn -0.43315056 0.82310349 0.36726180
vn -0.40346345 0.84073436 0.36108583
vn -0.40346345 0.84073436 0.36108583
vn -0.40346345 0.84073436 0.36108583
vn -0.63722652 0.70678115 0.30725032
vn -0.63722652 0.70678115 0.30725032
vn -0.63722652 0.70678115 0.30725032
vn -0.36158797 0.86719435 0.34238589
vn -0.36158797 0.86719435 0.34238589
vn -0.36158797 0.86719435 0.34238589
vn -0.41597381 0.83754700 0.35423270
vn -0.41597381 0.83754700 0.35423270
vn -0.41597381 0.83754700 0.35423270
vn -0.16444148 0.89566678 0.41320699
vn -0.16444148 0.89566678 0.41320699
vn -0.16444148 0.89566678 0.41320699
vn -0.37093455 0.86242014 0.34444019
vn -0.37093455 0.86242014 0.34444019
vn -0.37093455 0.86242014 0.34444019
vn 0.86542320 -0.46479234 -0.18711162
vn 0.86542320 -0.46479234 -0.18711162
vn 0.86542320 -0.46479234 -0.18711162
vn 0.04233723 0.91239882 0.40710685
vn 0.04233723 0.91239882 0.40710685
vn 0.04233723 0.91239882 0.40710685
vn 0.77825445 -0.55712807 -0.28970385
vn 0.77825445 -0.55712807 -0.28970385
vn 0.77825445 -0.55712807 -0.28970385
vn 0.84331393 -0.48565072 -0.23014119
vn 0.84331393 -0.48565072 -0.23014119
vn 0.84331393 -0.48565072 -0.23014119
vn 0.90170473 -0.38748255 -0.19179650
vn 0.90170473 -0.38748255 -0.19179650
vn 0.90170473 -0.38748255 -0.19179650
vn 0.04782245 0.90723372 0.41789946
vn 0.04782245 0.90723372 0.41789946
vn 0.04782245 0.90723372 0.41789946
vn 0.59459376 -0.73791957 -0.31926936
vn 0.59459376 -0.73791957 -0.31926936
vn 0.59459376 -0.73791957 -0.31926936
vn -0.74722707 0.59497577 0.29606676
vn -0.74722707 0.59497577 0.29606676
vn -0.74722707 0.59497577 0.29606676
vn -0.81882739 0.46669784 0.33423775
vn -0.81882739 0.46669784 0.33423775
vn -0.81882739 0.46669784 0.33423775
vn -0.33212370 -0.84686458 -0.41534832
vn -0.33212370 -0.84686458 -0.41534832
vn -0.33212370 -0.84686458 -0.41534832
vn -0.79613686 0.53757429 0.27781293
vn -0.79613686 0.53757429 0.27781293
vn -0.79613686 0.53757429 0.27781293
vn -0.66048908 0.66847193 0.34190559
vn -0.66048908 0.66847193 0.34190559
vn -0.66048908 0.66847193 0.34190559
vn -0.69474673 0.64923191 0.30955592
vn -0.69474673 0.64923191 0.30955592
vn -0.69474673 0.64923191 0.30955592
vn 0.24027042 -0.86928910 -0.43197989
vn 0.24027042 -0.86928910 -0.43197989
vn 0.24027042 -0.86928910 -0.43197989
vn 0.36179468 -0.85959268 -0.36083937
vn 0.36179468 -0.85959268 -0.36083937
vn 0.36179468 -0.85959268 -0.36083937
vn 0.37709874 -0.85479063 -0.35655221
vn 0.37709874 -0.85479063 -0.35655221
vn 0.37709874 -0.85479063 -0.35655221
vn 0.35798898 -0.86184818 -0.35925147
vn 0.35798898 -0.86184818 -0.35925147
vn 0.35798898 -0.86184818 -0.35925147
vn -0.62572861 0.70150280 0.34111220
vn -0.62572861 0.70150280 0.34111220
vn -0.62572861 0.70150280 0.34111220
vn -0.03396831 -0.90187478 -0.43066004
vn -0.03396831 -0.90187478 -0.43066004
vn -0.03396831 -0.90187478 -0.43066004
vn 0.46689060 -0.81530339 -0.34248146
vn 0.46689060 -0.81530339 -0.34248146
vn 0.46689060 -0.81530339 -0.34248146
vn 0.53787446 -0.76980942 -0.34363434
vn 0.53787446 -0.76980942 -0.34363434
vn 0.53787446 -0.76980942 -0.34363434
vn 0.54035711 -0.77054852 -0.33803728
vn 0.54035711 -0.77054852 -0.33803728
vn 0.54035711 -0.77054852 -0.33803728
vn 0.41937724 -0.83769178 -0.34985030
vn 0.41937724 -0.83769178 -0.34985030
vn 0.41937724 -0.83769178 -0.34985030
vn 0.50295049 -0.79555744 -0.33783004
vn 0.50295049 -0.79555744 -0.33783004
vn 0.50295049 -0.79555744 -0.33783004
vn 0.08647606 -0.79645127 -0.59848750
vn 0.08647606 -0.79645127 -0.59848750
vn 0.08647606 -0.79645127 -0.59848750
vn -0.84258515 0.51576608 0.15503429
vn -0.84258515 0.51576608 0.15503429
vn -0.84258515 0.51576608 0.15503429
vn -0.80195820 0.53397989 0.26782182
vn -0.80195820 0.53397989 0.26782182
vn -0.80195820 0.53397989 0.26782182
vn -0.77148604 0.55923760 0.30341822
vn -0.77148604 0.55923760 0.30341822
vn -0.77148604 0.55923760 0.30341822
vn -0.61283934 0.73230028 0.29692468
vn -0.61283934 0.73230028 0.29692468
vn -0.61283934 0.73230028 0.29692468
vn 0.29732817 -0.52518404 -0.79735667
vn 0.29732817 -0.52518404 -0.79735667
vn 0.29732817 -0.52518404 -0.79735667
vn 0.43511561 -0.67618525 -0.59451485
vn 0.43511561 -0.67618525 -0.59451485
vn 0.43511561 -0.67618525 -0.59451485
vn 0.41143981 -0.70794064 -0.57405347
vn 0.41143981 -0.70794064 -0.57405347
vn 0.41143981 -0.70794064 -0.57405347
vn 0.20047797 -0.50242156 -0.84105957
vn 0.20047797 -0.50242156 -0.84105957
vn 0.20047797 -0.50242156 -0.84105957
vn 0.35906890 -0.57948375 -0.73162019
vn 0.35906890 -0.57948375 -0.73162019
vn 0.35906890 -0.57948375 -0.73162019
vn -0.68625242 0.65037775 0.32567841
vn -0.68625242 0.65037775 0.32567841
vn -0.68625242 0.65037775 0.32567841
vn -0.66870278 0.67998624 0.30075783
vn -0.66870278 0.67998624 0.30075783
vn -0.66870278 0.67998624 0.30075783
vn -0.62535000 0.68375289 0.37605760
vn -0.62535000 0.68375289 0.37605760
vn -0.62535000 0.68375289 0.37605760
vn -0.80843353 0.55790931 0.18754306
vn -0.80843353 0.55790931 0.18754306
vn -0.80843353 0.55790931 0.18754306
vn 0.15571848 -0.54096520 -0.82650369
vn 0.15571848 -0.54096520 -0.82650369
vn 0.15571848 -0.54096520 -0.82650369
vn -0.54921585 0.75427753 0.35976020
vn -0.54921585 0.75427753 0.35976020
vn -0.54921585 0.75427753 0.35976020
vn -0.61872131 0.71167272 0.33272499
vn -0.61872131 0.71167272 0.33272499
vn -0.61872131 0.71167272 0.33272499
vn -0.42864546 0.75275826 0.49961790
vn -0.42864546 0.75275826 0.49961790
vn -0.42864546 0.75275826 0.49961790
vn -0.44905233 0.75571883 0.47669804
vn -0.44905233 0.75571883 0.47669804
vn -0.44905233 0.75571883 0.47669804
vn -0.45149773 0.77558911 0.44114777
vn -0.45149773 0.77558911 0.44114777
vn -0.45149773 0.77558911 0.44114777
vn -0.55568111 0.72520864 0.40655985
vn -0.55568111 0.72520864 0.40655985
vn -0.55568111 0.72520864 0.40655985
vn 0.45532653 -0.75081545 -0.47849128
vn 0.45532653 -0.75081545 -0.47849128
vn 0.45532653 -0.75081545 -0.47849128
vn 0.44216844 -0.74837303 -0.49439347
vn 0.44216844 -0.74837303 -0.49439347
vn 0.44216844 -0.74837303 -0.49439347
vn 0.56611645 -0.73046494 -0.38201201
vn 0.56611645 -0.73046494 -0.38201201
vn 0.56611645 -0.73046494 -0.38201201
vn 0.54857534 -0.74744517 -0.37468764
vn 0.54857534 -0.74744517 -0.37468764
vn 0.54857534 -0.74744517 -0.37468764
vn 0.49921373 -0.75821376 -0.41940144
vn 0.49921373 -0.75821376 -0.41940144
vn 0.49921373 -0.75821376 -0.41940144
vn 0.49591351 -0.74896717 -0.43945196
vn 0.49591351 -0.74896717 -0.43945196
vn 0.49591351 -0.74896717 -0.43945196
vn 0.43457454 -0.73572028 -0.51948112
vn 0.43457454 -0.73572028 -0.51948112
vn 0.43457454 -0.73572028 -0.51948112
vn -0.37593794 0.63753939 0.67246872
vn -0.37593794 0.63753939 0.67246872
vn -0.37593794 0.63753939 0.67246872
vn -0.45875242 0.69254988 0.55670536
vn -0.45875242 0.69254988 0.55670536
vn -0.45875242 0.69254988 0.55670536
vn -0.26457164 0.64257926 0.71909231
vn -0.26457164 0.64257926 0.71909231
vn -0.26457164 0.64257926 0.71909231
vn -0.38003317 0.59522957 0.70800889
vn -0.38003317 0.59522957 0.70800889
vn -0.38003317 0.59522957 0.70800889
vn 0.69912815 -0.62456834 -0.34804341
vn 0.69912815 -0.62456834 -0.34804341
vn 0.69912815 -0.62456834 -0.34804341
vn 0.80819845 -0.49697879 -0.31595466
vn 0.80819845 -0.49697879 -0.31595466
vn 0.80819845 -0.49697879 -0.31595466
vn 0.91448432 -0.38543731 -0.12311175
vn 0.91448432 -0.38543731 -0.12311175
vn 0.91448432 -0.38543731 -0.12311175
vn 0.76249290 -0.58243918 -0.28172541
vn 0.76249290 -0.58243918 -0.28172541
vn 0.76249290 -0.58243918 -0.28172541
vn 0.90046519 -0.43469048 -0.01437435
vn 0.90046519 -0.43469048 -0.01437435
vn 0.90046519 -0.43469048 -0.01437435
vn -0.25296369 0.89114702 0.37665159
vn -0.25296369 0.89114702 0.37665159
vn -0.25296369 0.89114702 0.37665159
vn -0.62443703 0.55081427 0.55378878
vn -0.62443703 0.55081427 0.55378878
vn -0.62443703 0.55081427 0.55378878
vn 0.82262027 -0.54097110 -0.17506030
vn 0.82262027 -0.54097110 -0.17506030
vn 0.82262027 -0.54097110 -0.17506030
vn -0.42818564 0.73412997 0.52698219
vn -0.42818564 0.73412997 0.52698219
vn -0.42818564 0.73412997 0.52698219
vn 0.90780449 -0.39526471 -0.14020291
vn 0.90780449 -0.39526471 -0.14020291
vn 0.90780449 -0.39526471 -0.14020291
vn 0.59689480 -0.73075843 -0.33122310
vn 0.59689480 -0.73075843 -0.33122310
vn 0.59689480 -0.73075843 -0.33122310
vn -0.24051230 0.72442013 0.64604127
vn -0.24051230 0.72442013 0.64604127
vn -0.24051230 0.72442013 0.64604127
vn -0.65280342 0.69178528 0.30867589
vn -0.65280342 0.69178528 0.30867589
vn -0.65280342 0.69178528 0.30867589
vn 0.59469670 -0.72432399 -0.34884176
vn 0.59469670 -0.72432399 -0.34884176
vn 0.59469670 -0.72432399 -0.34884176
vn 0.42863283 -0.71609563 -0.55089104
vn 0.42863283 -0.71609563 -0.55089104
vn 0.42863283 -0.71609563 -0.55089104
vn -0.41784739 0.74979985 0.51303387
vn -0.41784739 0.74979985 0.51303387
vn -0.41784739 0.74979985 0.51303387
vn -0.41670418 0.83106655 0.36835581
vn -0.41670418 0.83106655 0.36835581
vn -0.41670418 0.83106655 0.36835581
vn 0.41852772 -0.83823597 -0.34956408
vn 0.41852772 -0.83823597 -0.34956408
vn 0.41852772 -0.83823597 -0.34956408
f 1//1 2//2 3//3
f 4//4 5//5 6//6
f 7//7 8//8 9//9
f 10//10 11//11 12//12
f 13//13 14//14 15//15
f 16//16 17//17 18//18
f 19//19 20//20 21//21
f 22//22 23//23 24//24
f 25//25 26//26 27//27
f 28//28 29//29 30//30
f 31//31 32//32 33//33
f 34//34 35//35 36//36
f 37//37 38//38 39//39
f 40//40 41//41 42//42
f 43//43 44//44 45//45
f 46//46 47//47 48//48
f 49//49 50//50 51//51
f 52//52 53//53 54//54
f 55//55 56//56 57//57
f 58//58 59//59 60//60
f 61//61 62//62 63//63
f 64//64 65//65 66//66
f 67//67 68//68 69//69
f 70//70 71//71 72//72
f 73//73 74//74 75//75
f 76//76 77//77 78//78
f 79//79 80//80 81//81
f 82//82 83//83 84//84
f 85//85 86//86 87//87
f 88//88 89//89 90//90
f 91//91 92//92 93//93
f 94//94 95//95 96//96
f 97//97 98//98 99//99
f 100//100 101//101 102//102
f 103//103 104//104 105//105
f 106//106 107//107 108//108
f 109//109 110//110 111//111
f 112//112 113//113 114//114
f 115//115 116//116 117//117
f 118//118 119//119 120//120
f 121//121 122//122 123//123
f 124//124 125//125 126//126
f 127//127 128//128 129//129
f 130//130 131//131 132//132
f 133//133 134//134 135//135
f 136//136 137//137 138//138
f 139//139 140//140 141//141
f 142//142 143//143 144//144
f 145//145 146//146 147//147
f 148//148 149//149 150//150
f 151//151 152//152 153//153
f 154//154 155//155 156//156
f 157//157 158//158 159//159
f 160//160 161//161 162//162
f 163//163 164//164 165//165
f 166//166 167//167 168//168
f 169//169 170//170 171//171
f 172//172 173//173 174//174
f 175//175 176//176 177//177
f 178//178 179//179 180//180
f 181//181 182//182 183//183
f 184//184 185//185 186//186
f 187//187 188//188 189//189
f 190//190 191//191 192//192
f 193//193 194//194 195//195
f 196//196 197//197 198//198
f 199//199 200//200 201//201
f 202//202 203//203 204//204
f 205//205 206//206 207//207
f 208//208 209//209 210//210
f 211//211 212//212 213//213
f 214//214 215//215 216//216
f 217//217 218//218 219//219
f 220//220 221//221 222//222
f 223//223 224//224 225//225
f 226//226 227//227 228//228
f 229//229 230//230 231//231
f 232//232 233//233 234//234
f 235//235 236//236 237//237
f 238//238 239//239 240//240
f 241//241 242//242 243//243
f 244//244 245//245 246//246
f 247//247 248//248 249//249
f 250//250 251//251 252//252
f 253//253 254//254 255//255
f 256//256 257//257 258//258
f 259//259 260//260 261//261
f 262//262 263//263 264//264
f 265//265 266//266 267//267
f 268//268 269//269 270//270
f 271//271 272//272 273//273
f 274//274 275//275 276//276
f 277//277 278//278 279//279
f 280//280 281//281 282//282
f 283//283 284//284 285//285
f 286//286 287//287 288//288
f 289//289 290//290 291//291
f 292//292 293//293 294//294
f 295//295 296//296 297//297
f 298//298 299//299 300//300
f 301//301 302//302 303//303
f 304//304 305//305 306//306
f 307//307 308//308 309//309
f 310//310 311//311 312//312
f 313//313 314//314 315//315
f 316//316 317//317 318//318
f 319//319 320//320 321//321
f 322//322 323//323 324//324
f 325//325 326//326 327//327
f 328//328 329//329 330//330
f 331//331 332//332 333//333
f 334//334 335//335 336//336
f 337//337 338//338 339//339
f 340//340 341//341 342//342
f 343//343 344//344 345//345
f 346//346 347//347 348//348
f 349//349 350//350 351//351
f 352//352 353//353 354//354
f 355//355 356//356 357//357
f 358//358 359//359 360//360
f 361//361 362//362 363//363
f 364//364 365//365 366//366
f 367//367 368//368 369//369
f 370//370 371//371 372//372
f 373//373 374//374 375//375
f 376//376 377//377 378//378
f 379//379 380//380 381//381
f 382//382 383//383 384//384
f 385//385 386//386 387//387
f 388//388 389//389 390//390
f 391//391 392//392 393//393
f 394//394 395//395 396//396
f 397//397 398//398 399//399
f 400//400 401//401 402//402
f 403//403 404//404 405//405
f 406//406 407//407 408//408
f 409//409 410//410 411//411
f 412//412 413//413 414//414
f 415//415 416//416 417//417
f 418//418 419//419 420//420
f 421//421 422//422 423//423
f 424//424 425//425 426//426
f 427//427 428//428 429//429
f 430//430 431//431 432//432
f 433//433 434//434 435//435
f 436//436 437//437 438//438
f 439//439 440//440 441//441
f 442//442 443//443 444//444
f 445//445 446//446 447//447
f 448//448 449//449 450//450
f 451//451 452//452 453//453
f 454//454 455//455 456//456
f 457//457 458//458 459//459
f 460//460 461//461 462//462
f 463//463 464//464 465//465
f 466//466 467//467 468//468
f 469//469 470//470 471//471
f 472//472 473//473 474//474
f 475//475 476//476 477//477
f 478//478 479//479 480//480
f 481//481 482//482 483//483
f 484//484 485//485 486//486
f 487//487 488//488 489//489
f 490//490 491//491 492//492
f 493//493 494//494 495//495
f 496//496 497//497 498//498
f 499//499 500//500 501//501
f 502//502 503//503 504//504
f 505//505 506//506 507//507
f 508//508 509//509 510//510
f 511//511 512//512 513//513
f 514//514 515//515 516//516
f 517//517 518//518 519//519
f 520//520 521//521 522//522
f 523//523 524//524 525//525
f 526//526 527//527 528//528
f 529//529 530//530 531//531
f 532//532 533//533 534//534
f 535//535 536//536 537//537
f 538//538 539//539 540//540
f 541//541 542//542 543//543
f 544//544 545//545 546//546
f 547//547 548//548 549//549
f 550//550 551//551 552//552
f 553//553 554//554 555//555
f 556//556 557//557 558//558
f 559//559 560//560 561//561
f 562//562 563//563 564//564
f 565//565 566//566 567//567
f 568//568 569//569 570//570
f 571//571 572//572 573//573
f 574//574 575//575 576//576
f 577//577 578//578 579//579
f 580//580 581//581 582//582
f 583//583 584//584 585//585
f 586//586 587//587 588//588
f 589//589 590//590 591//591
f 592//592 593//593 594//594
f 595//595 596//596 597//597
f 598//598 599//599 600//600
f 601//601 602//602 603//603
f 604//604 605//605 606//606
f 607//607 608//608 609//609
f 610//610 611//611 612//612
f 613//613 614//614 615//615
f 616//616 617//617 618//618
f 619//619 620//620 621//621
f 622//622 623//623 624//624
f 625//625 626//626 627//627
f 628//628 629//629 630//630
f 631//631 632//632 633//633
f 634//634 635//635 636//636
f 637//637 638//638 639//639
f 640//640 641//641 642//642
f 643//643 644//644 645//645
f 646//646 647//647 648//648
f 649//649 650//650 651//651
f 652//652 653//653 654//654
f 655//655 656//656 657//657
f 658//658 659//659 660//660
f 661//661 662//662 663//663
f 664//664 665//665 666//666
f 667//667 668//668 669//669
f 670//670 671//671 672//672
f 673//673 674//674 675//675
f 676//676 677//677 678//678
f 679//679 680//680 681//681
f 682//682 683//683 684//684
f 685//685 686//686 687//687
f 688//688 689//689 690//690
f 691//691 692//692 693//693
f 694//694 695//695 696//696
f 697//697 698//698 699//699
f 700//700 701//701 702//702
f 703//703 704//704 705//705
f 706//706 707//707 708//708
f 709//709 710//710 711//711
f 712//712 713//713 714//714
f 715//715 716//716 717//717
f 718//718 719//719 720//720
f 721//721 722//722 723//723
f 724//724 725//725 726//726
f 727//727 728//728 729//729
f 730//730 731//731 732//732
f 733//733 734//734 735//735
f 736//736 737//737 738//738
f 739//739 740//740 741//741
f 742//742 743//743 744//744
f 745//745 746//746 747//747
f 748//748 749//749 750//750
f 751//751 752//752 753//753
f 754//754 755//755 756//756
f 757//757 758//758 759//759
f 760//760 761//761 762//762
f 763//763 764//764 765//765
f 766//766 767//767 768//768
f 769//769 770//770 771//771
f 772//772 773//773 774//774
f 775//775 776//776 777//777
f 778//778 779//779 780//780
f 781//781 782//782 783//783
f 784//784 785//785 786//786
f 787//787 788//788 789//789
f 790//790 791//791 792//792
f 793//793 794//794 795//795
f 796//796 797//797 798//798
f 799//799 800//800 801//801
f 802//802 803//803 804//804
f 805//805 806//806 807//807
f 808//808 809//809 810//810
f 811//811 812//812 813//813
f 814//814 815//815 816//816
f 817//817 818//818 819//819
f 820//820 821//821 822//822
f 823//823 824//824 825//825
f 826//826 827//827 828//828
f 829//829 830//830 831//831
f 832//832 833//833 834//834
f 835//835 836//836 837//837
f 838//838 839//839 840//840
f 841//841 842//842 843//843
f 844//844 845//845 846//846
f 847//847 848//848 849//849
f 850//850 851//851 852//852
f 853//853 854//854 855//855
f 856//856 857//857 858//858
f 859//859 860//860 861//861
f 862//862 863//863 864//864
f 865//865 866//866 867//867
f 868//868 869//869 870//870
f 871//871 872//872 873//873
f 874//874 875//875 876//876
f 877//877 878//878 879//879
f 880//880 881//881 882//882
f 883//883 884//884 885//885
f 886//886 887//887 888//888
f 889//889 890//890 891//891
f 892//892 893//893 894//894
f 895//895 896//896 897//897
f 898//898 899//899 900//900
f 901//901 902//902 903//903
f 904//904 905//905 906//906
f 907//907 908//908 909//909
f 910//910 911//911 912//912
f 913//913 914//914 915//915
f 916//916 917//917 918//918
f 919//919 920//920 921//921
f 922//922 923//923 924//924
f 925//925 926//926 927//927
f 928//928 929//929 930//930
f 931//931 932//932 933//933
f 934//934 935//935 936//936
f 937//937 938//938 939//939
f 940//940 941//941 942//942
f 943//943 944//944 945//945
f 946//946 947//947 948//948
f 949//949 950//950 951//951
f 952//952 953//953 954//954
f 955//955 956//956 957//957
f 958//958 959//959 960//960
f 961//961 962//962 963//963
f 964//964 965//965 966//966
f 967//967 968//968 969//969
f 970//970 971//971 972//972
f 973//973 974//974 975//975
f 976//976 977//977 978//978
f 979//979 980//980 981//981
f 982//982 983//983 984//984
f 985//985 986//986 987//987
f 988//988 989//989 990//990
f 991//991 992//992 993//993
f 994//994 995//995 996//996
f 997//997 998//998 999//999
f 1000//1000 1001//1001 1002//1002
f 1003//1003 1004//1004 1005//1005
f 1006//1006 1007//1007 1008//1008
f 1009//1009 1010//1010 1011//1011
f 1012//1012 1013//1013 1014//1014
f 1015//1015 1016//1016 1017//1017
f 1018//1018 1019//1019 1020//1020
f 1021//1021 1022//1022 1023//1023
f 1024//1024 1025//1025 1026//1026
f 1027//1027 1028//1028 1029//1029
f 1030//1030 1031//1031 1032//1032
f 1033//1033 1034//1034 1035//1035
f 1036//1036 1037//1037 1038//1038
f 1039//1039 1040//1040 1041//1041
f 1042//1042 1043//1043 1044//1044
f 1045//1045 1046//1046 1047//1047
f 1048//1048 1049//1049 1050//1050
f 1051//1051 1052//1052 1053//1053
f 1054//1054 1055//1055 1056//1056
f 1057//1057 1058//1058 1059//1059
f 1060//1060 1061//1061 1062//1062
f 1063//1063 1064//1064 1065//1065
f 1066//1066 1067//1067 1068//1068
f 1069//1069 1070//1070 1071//1071
f 1072//1072 1073//1073 1074//1074
f 1075//1075 1076//1076 1077//1077
f 1078//1078 1079//1079 1080//1080
f 1081//1081 1082//1082 1083//1083
f 1084//1084 1085//1085 1086//1086
f 1087//1087 1088//1088 1089//1089
f 1090//1090 1091//1091 1092//1092
f 1093//1093 1094//1094 1095//1095
f 1096//1096 1097//1097 1098//1098
f 1099//1099 1100//1100 1101//1101
f 1102//1102 1103//1103 1104//1104
f 1105//1105 1106//1106 1107//1107
f 1108//1108 1109//1109 1110//1110
f 1111//1111 1112//1112 1113//1113
f 1114//1114 1115//1115 1116//1116
f 1117//1117 1118//1118 1119//1119
f 1120//1120 1121//1121 1122//1122
f 1123//1123 1124//1124 1125//1125
f 1126//1126 1127//1127 1128//1128
f 1129//1129 1130//1130 1131//1131
f 1132//1132 1133//1133 1134//1134
f 1135//1135 1136//1136 1137//1137
f 1138//1138 1139//1139 1140//1140
f 1141//1141 1142//1142 1143//1143
f 1144//1144 1145//1145 1146//1146
f 1147//1147 1148//1148 1149//1149
f 1150//1150 1151//1151 1152//1152
f 1153//1153 1154//1154 1155//1155
f 1156//1156 1157//1157 1158//1158
f 1159//1159 1160//1160 1161//1161
f 1162//1162 1163//1163 1164//1164
f 1165//1165 1166//1166 1167//1167
f 1168//1168 1169//1169 1170//1170
f 1171//1171 1172//1172 1173//1173
f 1174//1174 1175//1175 1176//1176
f 1177//1177 1178//1178 1179//1179
f 1180//1180 1181//1181 1182//1182
f 1183//1183 1184//1184 1185//1185
f 1186//1186 1187//1187 1188//1188
f 1189//1189 1190//1190 1191//1191
f 1192//1192 1193//1193 1194//1194
f 1195//1195 1196//1196 1197//1197
f 1198//1198 1199//1199 1200//1200
f 1201//1201 1202//1202 1203//1203
f 1204//1204 1205//1205 1206//1206
f 1207//1207 1208//1208 1209//1209
f 1210//1210 1211//1211 1212//1212
f 1213//1213 1214//1214 1215//1215
f 1216//1216 1217//1217 1218//1218
f 1219//1219 1220//1220 1221//1221
f 1222//1222 1223//1223 1224//1224
f 1225//1225 1226//1226 1227//1227
f 1228//1228 1229//1229 1230//1230
f 1231//1231 1232//1232 1233//1233
f 1234//1234 1235//1235 1236//1236
f 1237//1237 1238//1238 1239//1239
f 1240//1240 1241//1241 1242//1242
f 1243//1243 1244//1244 1245//1245
f 1246//1246 1247//1247 1248//1248
f 1249//1249 1250//1250 1251//1251
f 1252//1252 1253//1253 1254//1254
f 1255//1255 1256//1256 1257//1257
f 1258//1258 1259//1259 1260//1260
f 1261//1261 1262//1262 1263//1263
f 1264//1264 1265//1265 1266//1266
f 1267//1267 1268//1268 1269//1269
f 1270//1270 1271//1271 1272//1272
f 1273//1273 1274//1274 1275//1275
f 1276//1276 1277//1277 1278//1278
f 1279//1279 1280//1280 1281//1281
f 1282//1282 1283//1283 1284//1284
f 1285//1285 1286//1286 1287//1287
f 1288//1288 1289//1289 1290//1290
f 1291//1291 1292//1292 1293//1293
f 1294//1294 1295//1295 1296//1296
f 1297//1297 1298//1298 1299//1299
f 1300//1300 1301//1301 1302//1302
f 1303//1303 1304//1304 1305//1305
f 1306//1306 1307//1307 1308//1308
f 1309//1309 1310//1310 1311//1311
f 1312//1312 1313//1313 1314//1314
f 1315//1315 1316//1316 1317//1317
f 1318//1318 1319//1319 1320//1320
f 1321//1321 1322//1322 1323//1323
f 1324//1324 1325//1325 1326//1326
f 1327//1327 1328//1328 1329//1329
f 1330//1330 1331//1331 1332//1332
f 1333//1333 1334//1334 1335//1335
f 1336//1336 1337//1337 1338//1338
f 1339//1339 1340//1340 1341//1341
f 1342//1342 1343//1343 1344//1344
f 1345//1345 1346//1346 1347//1347
f 1348//1348 1349//1349 1350//1350
f 1351//1351 1352//1352 1353//1353
f 1354//1354 1355//1355 1356//1356
f 1357//1357 1358//1358 1359//1359
f 1360//1360 1361//1361 1362//1362
f 1363//1363 1364//1364 1365//1365
f 1366//1366 1367//1367 1368//1368
f 1369//1369 1370//1370 1371//1371
f 1372//1372 1373//1373 1374//1374
f 1375//1375 1376//1376 1377//1377
f 1378//1378 1379//1379 1380//1380
f 1381//1381 1382//1382 1383//1383
f 1384//1384 1385//1385 1386//1386
f 1387//1387 1388//1388 1389//1389
f 1390//1390 1391//1391 1392//1392
f 1393//1393 1394//1394 1395//1395
f 1396//1396 1397//1397 1398//1398
f 1399//1399 1400//1400 1401//1401
f 1402//1402 1403//1403 1404//1404
f 1405//1405 1406//1406 1407//1407
f 1408//1408 1409//1409 1410//1410
f 1411//1411 1412//1412 1413//1413
f 1414//1414 1415//1415 1416//1416
f 1417//1417 1418//1418 1419//1419
f 1420//1420 1421//1421 1422//1422
f 1423//1423 1424//1424 1425//1425
f 1426//1426 1427//1427 1428//1428
f 1429//1429 1430//1430 1431//1431
f 1432//1432 1433//1433 1434//1434
f 1435//1435 1436//1436 1437//1437
f 1438//1438 1439//1439 1440//1440
f 1441//1441 1442//1442 1443//1443
f 1444//1444 1445//1445 1446//1446
f 1447//1447 1448//1448 1449//1449
f 1450//1450 1451//1451 1452//1452
f 1453//1453 1454//1454 1455//1455
f 1456//1456 1457//1457 1458//1458
f 1459//1459 1460//1460 1461//1461
f 1462//1462 1463//1463 1464//1464
f 1465//1465 1466//1466 1467//1467
f 1468//1468 1469//1469 1470//1470
f 1471//1471 1472//1472 1473//1473
f 1474//1474 1475//1475 1476//1476
f 1477//1477 1478//1478 1479//1479
f 1480//1480 1481//1481 1482//1482
f 1483//1483 1484//1484 1485//1485
f 1486//1486 1487//1487 1488//1488
f 1489//1489 1490//1490 1491//1491
f 1492//1492 1493//1493 1494//1494
f 1495//1495 1496//1496 1497//1497
f 1498//1498 1499//1499 1500//1500
f 1501//1501 1502//1502 1503//1503
f 1504//1504 1505//1505 1506//1506
f 1507//1507 1508//1508 1509//1509
f 1510//1510 1511//1511 1512//1512
f 1513//1513 1514//1514 1515//1515
f 1516//1516 1517//1517 1518//1518
f 1519//1519 1520//1520 1521//1521
f 1522//1522 1523//1523 1524//1524
f 1525//1525 1526//1526 1527//1527
f 1528//1528 1529//1529 1530//1530
f 1531//1531 1532//1532 1533//1533
f 1534//1534 1535//1535 1536//1536
f 1537//1537 1538//1538 1539//1539
f 1540//1540 1541//1541 1542//1542
f 1543//1543 1544//1544 1545//1545
f 1546//1546 1547//1547 1548//1548
f 1549//1549 1550//1550 1551//1551
f 1552//1552 1553//1553 1554//1554
f 1555//1555 1556//1556 1557//1557
f 1558//1558 1559//1559 1560//1560
f 1561//1561 1562//1562 1563//1563
f 1564//1564 1565//1565 1566//1566
f 1567//1567 1568//1568 1569//1569
f 1570//1570 1571//1571 1572//1572
f 1573//1573 1574//1574 1575//1575
f 1576//1576 1577//1577 1578//1578
f 1579//1579 1580//1580 1581//1581
f 1582//1582 1583//1583 1584//1584
f 1585//1585 1586//1586 1587//1587
f 1588//1588 1589//1589 1590//1590
f 1591//1591 1592//1592 1593//1593
f 1594//1594 1595//1595 1596//1596
f 1597//1597 1598//1598 1599//1599
f 1600//1600 1601//1601 1602//1602
f 1603//1603 1604//1604 1605//1605
f 1606//1606 1607//1607 1608//1608
f 1609//1609 1610//1610 1611//1611
f 1612//1612 1613//1613 1614//1614
f 1615//1615 1616//1616 1617//1617
f 1618//1618 1619//1619 1620//1620
f 1621//1621 1622//1622 1623//1623
f 1624//1624 1625//1625 1626//1626
f 1627//1627 1628//1628 1629//1629
f 1630//1630 1631//1631 1632//1632
f 1633//1633 1634//1634 1635//1635
f 1636//1636 1637//1637 1638//1638
f 1639//1639 1640//1640 1641//1641
f 1642//1642 1643//1643 1644//1644
f 1645//1645 1646//1646 1647//1647
f 1648//1648 1649//1649 1650//1650
f 1651//1651 1652//1652 1653//1653
f 1654//1654 1655//1655 1656//1656
f 1657//1657 1658//1658 1659//1659
f 1660//1660 1661//1661 1662//1662
f 1663//1663 1664//1664 1665//1665
f 1666//1666 1667//1667 1668//1668
f 1669//1669 1670//1670 1671//1671
f 1672//1672 1673//1673 1674//1674
f 1675//1675 1676//1676 1677//1677
f 1678//1678 1679//1679 1680//1680
f 1681//1681 1682//1682 1683//1683
f 1684//1684 1685//1685 1686//1686
f 1687//1687 1688//1688 1689//1689
f 1690//1690 1691//1691 1692//1692
f 1693//1693 1694//1694 1695//1695
f 1696//1696 1697//1697 1698//1698
f 1699//1699 1700//1700 1701//1701
f 1702//1702 1703//1703 1704//1704
f 1705//1705 1706//1706 1707//1707
f 1708//1708 1709//1709 1710//1710
f 1711//1711 1712//1712 1713//1713
f 1714//1714 1715//1715 1716//1716
f 1717//1717 1718//1718 1719//1719
f 1720//1720 1721//1721 1722//1722
f 1723//1723 1724//1724 1725//1725
f 1726//1726 1727//1727 1728//1728
f 1729//1729 1730//1730 1731//1731
f 1732//1732 1733//1733 1734//1734
f 1735//1735 1736//1736 1737//1737
f 1738//1738 1739//1739 1740//1740
f 1741//1741 1742//1742 1743//1743
f 1744//1744 1745//1745 1746//1746
f 1747//1747 1748//1748 1749//1749
f 1750//1750 1751//1751 1752//1752
f 1753//1753 1754//1754 1755//1755
f 1756//1756 1757//1757 1758//1758
f 1759//1759 1760//1760 1761//1761
f 1762//1762 1763//1763 1764//1764
f 1765//1765 1766//1766 1767//1767
f 1768//1768 1769//1769 1770//1770
f 1771//1771 1772//1772 1773//1773
f 1774//1774 1775//1775 1776//1776
f 1777//1777 1778//1778 1779//1779
f 1780//1780 1781//1781 1782//1782
f 1783//1783 1784//1784 1785//1785
f 1786//1786 1787//1787 1788//1788
f 1789//1789 1790//1790 1791//1791
f 1792//1792 1793//1793 1794//1794
f 1795//1795 1796//1796 1797//1797
f 1798//1798 1799//1799 1800//1800
f 1801//1801 1802//1802 1803//1803
f 1804//1804 1805//1805 1806//1806
f 1807//1807 1808//1808 1809//1809
f 1810//1810 1811//1811 1812//1812
f 1813//1813 1814//1814 1815//1815
f 1816//1816 1817//1817 1818//1818
f 1819//1819 1820//1820 1821//1821
f 1822//1822 1823//1823 1824//1824
f 1825//1825 1826//1826 1827//1827
f 1828//1828 1829//1829 1830//1830
f 1831//1831 1832//1832 1833//1833
f 1834//1834 1835//1835 1836//1836
f 1837//1837 1838//1838 1839//1839
f 1840//1840 1841//1841 1842//1842
f 1843//1843 1844//1844 1845//1845
f 1846//1846 1847//1847 1848//1848
f 1849//1849 1850//1850 1851//1851
f 1852//1852 1853//1853 1854//1854
f 1855//1855 1856//1856 1857//1857
f 1858//1858 1859//1859 1860//1860
f 1861//1861 1862//1862 1863//1863
f 1864//1864 1865//1865 1866//1866
f 1867//1867 1868//1868 1869//1869
f 1870//1870 1871//1871 1872//1872
f 1873//1873 1874//1874 1875//1875
f 1876//1876 1877//1877 1878//1878
f 1879//1879 1880//1880 1881//1881
f 1882//1882 1883//1883 1884//1884
f 1885//1885 1886//1886 1887//1887
f 1888//1888 1889//1889 1890//1890
f 1891//1891 1892//1892 1893//1893
f 1894//1894 1895//1895 1896//1896
f 1897//1897 1898//1898 1899//1899
f 1900//1900 1901//1901 1902//1902
f 1903//1903 1904//1904 1905//1905
f 1906//1906 1907//1907 1908//1908
f 1909//1909 1910//1910 1911//1911
f 1912//1912 1913//1913 1914//1914
f 1915//1915 1916//1916 1917//1917
f 1918//1918 1919//1919 1920//1920
f 1921//1921 1922//1922 1923//1923
f 1924//1924 1925//1925 1926//1926
f 1927//1927 1928//1928 1929//1929
f 1930//1930 1931//1931 1932//1932
f 1933//1933 1934//1934 1935//1935
f 1936//1936 1937//1937 1938//1938
f 1939//1939 1940//1940 1941//1941
f 1942//1942 1943//1943 1944//1944
f 1945//1945 1946//1946 1947//1947
f 1948//1948 1949//1949 1950//1950
f 1951//1951 1952//1952 1953//1953
f 1954//1954 1955//1955 1956//1956
f 1957//1957 1958//1958 1959//1959
f 1960//1960 1961//1961 1962//1962
f 1963//1963 1964//1964 1965//1965
f 1966//1966 1967//1967 1968//1968
f 1969//1969 1970//1970 1971//1971
f 1972//1972 1973//1973 1974//1974
f 1975//1975 1976//1976 1977//1977
f 1978//1978 1979//1979 1980//1980
f 1981//1981 1982//1982 1983//1983
f 1984//1984 1985//1985 1986//1986
f 1987//1987 1988//1988 1989//1989
f 1990//1990 1991//1991 1992//1992
f 1993//1993 1994//1994 1995//1995
f 1996//1996 1997//1997 1998//1998
f 1999//1999 2000//2000 2001//2001
f 2002//2002 2003//2003 2004//2004
f 2005//2005 2006//2006 2007//2007
f 2008//2008 2009//2009 2010//2010
f 2011//2011 2012//2012 2013//2013
f 2014//2014 2015//2015 2016//2016
f 2017//2017 2018//2018 2019//2019
f 2020//2020 2021//2021 2022//2022
f 2023//2023 2024//2024 2025//2025
f 2026//2026 2027//2027 2028//2028
f 2029//2029 2030//2030 2031//2031
f 2032//2032 2033//2033 2034//2034
f 2035//2035 2036//2036 2037//2037
f 2038//2038 2039//2039 2040//2040
f 2041//2041 2042//2042 2043//2043
f 2044//2044 2045//2045 2046//2046
f 2047//2047 2048//2048 2049//2049
f 2050//2050 2051//2051 2052//2052
f 2053//2053 2054//2054 2055//2055
f 2056//2056 2057//2057 2058//2058
f 2059//2059 2060//2060 2061//2061
f 2062//2062 2063//2063 2064//2064
f 2065//2065 2066//2066 2067//2067
f 2068//2068 2069//2069 2070//2070
f 2071//2071 2072//2072 2073//2073
f 2074//2074 2075//2075 2076//2076
f 2077//2077 2078//2078 2079//2079
f 2080//2080 2081//2081 2082//2082
f 2083//2083 2084//2084 2085//2085
f 2086//2086 2087//2087 2088//2088
f 2089//2089 2090//2090 2091//2091
f 2092//2092 2093//2093 2094//2094
f 2095//2095 2096//2096 2097//2097
f 2098//2098 2099//2099 2100//2100
f 2101//2101 2102//2102 2103//2103
f 2104//2104 2105//2105 2106//2106
f 2107//2107 2108//2108 2109//2109
f 2110//2110 2111//2111 2112//2112
f 2113//2113 2114//2114 2115//2115
f 2116//2116 2117//2117 2118//2118
f 2119//2119 2120//2120 2121//2121
f 2122//2122 2123//2123 2124//2124
f 2125//2125 2126//2126 2127//2127
f 2128//2128 2129//2129 2130//2130
f 2131//2131 2132//2132 2133//2133
f 2134//2134 2135//2135 2136//2136
f 2137//2137 2138//2138 2139//2139
f 2140//2140 2141//2141 2142//2142
f 2143//2143 2144//2144 2145//2145
f 2146//2146 2147//2147 2148//2148
f 2149//2149 2150//2150 2151//2151
f 2152//2152 2153//2153 2154//2154
f 2155//2155 2156//2156 2157//2157
f 2158//2158 2159//2159 2160//2160
f 2161//2161 2162//2162 2163//2163
f 2164//2164 2165//2165 2166//2166
f 2167//2167 2168//2168 2169//2169
f 2170//2170 2171//2171 2172//2172
f 2173//2173 2174//2174 2175//2175
f 2176//2176 2177//2177 2178//2178
f 2179//2179 2180//2180 2181//2181
f 2182//2182 2183//2183 2184//2184
f 2185//2185 2186//2186 2187//2187
f 2188//2188 2189//2189 2190//2190
f 2191//2191 2192//2192 2193//2193
f 2194//2194 2195//2195 2196//2196
f 2197//2197 2198//2198 2199//2199
f 2200//2200 2201//2201 2202//2202
f 2203//2203 2204//2204 2205//2205
f 2206//2206 2207//2207 2208//2208
f 2209//2209 2210//2210 2211//2211
f 2212//2212 2213//2213 2214//2214
f 2215//2215 2216//2216 2217//2217
f 2218//2218 2219//2219 2220//2220
f 2221//2221 2222//2222 2223//2223
f 2224//2224 2225//2225 2226//2226
f 2227//2227 2228//2228 2229//2229
f 2230//2230 2231//2231 2232//2232
f 2233//2233 2234//2234 2235//2235
f 2236//2236 2237//2237 2238//2238
f 2239//2239 2240//2240 2241//2241
f 2242//2242 2243//2243 2244//2244
f 2245//2245 2246//2246 2247//2247
f 2248//2248 2249//2249 2250//2250
f 2251//2251 2252//2252 2253//2253
f 2254//2254 2255//2255 2256//2256
f 2257//2257 2258//2258 2259//2259
f 2260//2260 2261//2261 2262//2262
f 2263//2263 2264//2264 2265//2265
f 2266//2266 2267//2267 2268//2268
f 2269//2269 2270//2270 2271//2271
f 2272//2272 2273//2273 2274//2274
f 2275//2275 2276//2276 2277//2277
f 2278//2278 2279//2279 2280//2280
f 2281//2281 2282//2282 2283//2283
f 2284//2284 2285//2285 2286//2286
f 2287//2287 2288//2288 2289//2289
f 2290//2290 2291//2291 2292//2292
f 2293//2293 2294//2294 2295//2295
f 2296//2296 2297//2297 2298//2298
f 2299//2299 2300//2300 2301//2301
f 2302//2302 2303//2303 2304//2304
f 2305//2305 2306//2306 2307//2307
f 2308//2308 2309//2309 2310//2310
f 2311//2311 2312//2312 2313//2313
f 2314//2314 2315//2315 2316//2316
f 2317//2317 2318//2318 2319//2319
f 2320//2320 2321//2321 2322//2322
f 2323//2323 2324//2324 2325//2325
f 2326//2326 2327//2327 2328//2328
f 2329//2329 2330//2330 2331//2331
f 2332//2332 2333//2333 2334//2334
f 2335//2335 2336//2336 2337//2337
f 2338//2338 2339//2339 2340//2340
f 2341//2341 2342//2342 2343//2343
f 2344//2344 2345//2345 2346//2346
f 2347//2347 2348//2348 2349//2349
f 2350//2350 2351//2351 2352//2352
f 2353//2353 2354//2354 2355//2355
f 2356//2356 2357//2357 2358//2358
f 2359//2359 2360//2360 2361//2361
f 2362//2362 2363//2363 2364//2364
f 2365//2365 2366//2366 2367//2367
f 2368//2368 2369//2369 2370//2370
f 2371//2371 2372//2372 2373//2373
f 2374//2374 2375//2375 2376//2376
f 2377//2377 2378//2378 2379//2379
f 2380//2380 2381//2381 2382//2382
f 2383//2383 2384//2384 2385//2385
f 2386//2386 2387//2387 2388//2388
f 2389//2389 2390//2390 2391//2391
f 2392//2392 2393//2393 2394//2394
f 2395//2395 2396//2396 2397//2397
f 2398//2398 2399//2399 2400//2400
f 2401//2401 2402//2402 2403//2403
f 2404//2404 2405//2405 2406//2406
f 2407//2407 2408//2408 2409//2409
f 2410//2410 2411//2411 2412//2412
f 2413//2413 2414//2414 2415//2415
f 2416//2416 2417//2417 2418//2418
f 2419//2419 2420//2420 2421//2421
f 2422//2422 2423//2423 2424//2424
f 2425//2425 2426//2426 2427//2427
f 2428//2428 2429//2429 2430//2430
f 2431//2431 2432//2432 2433//2433
f 2434//2434 2435//2435 2436//2436
f 2437//2437 2438//2438 2439//2439
f 2440//2440 2441//2441 2442//2442
f 2443//2443 2444//2444 2445//2445
f 2446//2446 2447//2447 2448//2448
f 2449//2449 2450//2450 2451//2451
f 2452//2452 2453//2453 2454//2454
f 2455//2455 2456//2456 2457//2457
f 2458//2458 2459//2459 2460//2460
f 2461//2461 2462//2462 2463//2463
f 2464//2464 2465//2465 2466//2466
f 2467//2467 2468//2468 2469//2469
f 2470//2470 2471//2471 2472//2472
f 2473//2473 2474//2474 2475//2475
f 2476//2476 2477//2477 2478//2478
f 2479//2479 2480//2480 2481//2481
f 2482//2482 2483//2483 2484//2484
f 2485//2485 2486//2486 2487//2487
f 2488//2488 2489//2489 2490//2490
f 2491//2491 2492//2492 2493//2493
f 2494//2494 2495//2495 2496//2496
f 2497//2497 2498//2498 2499//2499
f 2500//2500 2501//2501 2502//2502
f 2503//2503 2504//2504 2505//2505
f 2506//2506 2507//2507 2508//2508
f 2509//2509 2510//2510 2511//2511
f 2512//2512 2513//2513 2514//2514
f 2515//2515 2516//2516 2517//2517
f 2518//2518 2519//2519 2520//2520
f 2521//2521 2522//2522 2523//2523
f 2524//2524 2525//2525 2526//2526
f 2527//2527 2528//2528 2529//2529
f 2530//2530 2531//2531 2532//2532
f 2533//2533 2534//2534 2535//2535
f 2536//2536 2537//2537 2538//2538
f 2539//2539 2540//2540 2541//2541
f 2542//2542 2543//2543 2544//2544
f 2545//2545 2546//2546 2547//2547
f 2548//2548 2549//2549 2550//2550
f 2551//2551 2552//2552 2553//2553
f 2554//2554 2555//2555 2556//2556
f 2557//2557 2558//2558 2559//2559
f 2560//2560 2561//2561 2562//2562
f 2563//2563 2564//2564 2565//2565
f 2566//2566 2567//2567 2568//2568
f 2569//2569 2570//2570 2571//2571
f 2572//2572 2573//2573 2574//2574
f 2575//2575 2576//2576 2577//2577
f 2578//2578 2579//2579 2580//2580
f 2581//2581 2582//2582 2583//2583
f 2584//2584 2585//2585 2586//2586
f 2587//2587 2588//2588 2589//2589
f 2590//2590 2591//2591 2592//2592
f 2593//2593 2594//2594 2595//2595
f 2596//2596 2597//2597 2598//2598
f 2599//2599 2600//2600 2601//2601
f 2602//2602 2603//2603 2604//2604
f 2605//2605 2606//2606 2607//2607
f 2608//2608 2609//2609 2610//2610
f 2611//2611 2612//2612 2613//2613
f 2614//2614 2615//2615 2616//2616
f 2617//2617 2618//2618 2619//2619
f 2620//2620 2621//2621 2622//2622
f 2623//2623 2624//2624 2625//2625
f 2626//2626 2627//2627 2628//2628
f 2629//2629 2630//2630 2631//2631
f 2632//2632 2633//2633 2634//2634
f 2635//2635 2636//2636 2637//2637
f 2638//2638 2639//2639 2640//2640
f 2641//2641 2642//2642 2643//2643
f 2644//2644 2645//2645 2646//2646
f 2647//2647 2648//2648 2649//2649
f 2650//2650 2651//2651 2652//2652
f 2653//2653 2654//2654 2655//2655
f 2656//2656 2657//2657 2658//2658
f 2659//2659 2660//2660 2661//2661
f 2662//2662 2663//2663 2664//2664
f 2665//2665 2666//2666 2667//2667
f 2668//2668 2669//2669 2670//2670
f 2671//2671 2672//2672 2673//2673
f 2674//2674 2675//2675 2676//2676
f 2677//2677 2678//2678 2679//2679
f 2680//2680 2681//2681 2682//2682
f 2683//2683 2684//2684 2685//2685
f 2686//2686 2687//2687 2688//2688
f 2689//2689 2690//2690 2691//2691
f 2692//2692 2693//2693 2694//2694
f 2695//2695 2696//2696 2697//2697
f 2698//2698 2699//2699 2700//2700
f 2701//2701 2702//2702 2703//2703
f 2704//2704 2705//2705 2706//2706
f 2707//2707 2708//2708 2709//2709
f 2710//2710 2711//2711 2712//2712
f 2713//2713 2714//2714 2715//2715
f 2716//2716 2717//2717 2718//2718
f 2719//2719 2720//2720 2721//2721
f 2722//2722 2723//2723 2724//2724
f 2725//2725 2726//2726 2727//2727
f 2728//2728 2729//2729 2730//2730
f 2731//2731 2732//2732 2733//2733
f 2734//2734 2735//2735 2736//2736
f 2737//2737 2738//2738 2739//2739
f 2740//2740 2741//2741 2742//2742
f 2743//2743 2744//2744 2745//2745
f 2746//2746 2747//2747 2748//2748
f 2749//2749 2750//2750 2751//2751
f 2752//2752 2753//2753 2754//2754
f 2755//2755 2756//2756 2757//2757
f 2758//2758 2759//2759 2760//2760
f 2761//2761 2762//2762 2763//2763
f 2764//2764 2765//2765 2766//2766
f 2767//2767 2768//2768 2769//2769
f 2770//2770 2771//2771 2772//2772
f 2773//2773 2774//2774 2775//2775
f 2776//2776 2777//2777 2778//2778
f 2779//2779 2780//2780 2781//2781
f 2782//2782 2783//2783 2784//2784
f 2785//2785 2786//2786 2787//2787
f 2788//2788 2789//2789 2790//2790
f 2791//2791 2792//2792 2793//2793
f 2794//2794 2795//2795 2796//2796
f 2797//2797 2798//2798 2799//2799
f 2800//2800 2801//2801 2802//2802
f 2803//2803 2804//2804 2805//2805
f 2806//2806 2807//2807 2808//2808
f 2809//2809 2810//2810 2811//2811
f 2812//2812 2813//2813 2814//2814
f 2815//2815 2816//2816 2817//2817
f 2818//2818 2819//2819 2820//2820
f 2821//2821 2822//2822 2823//2823
f 2824//2824 2825//2825 2826//2826
f 2827//2827 2828//2828 2829//2829
f 2830//2830 2831//2831 2832//2832
f 2833//2833 2834//2834 2835//2835
f 2836//2836 2837//2837 2838//2838
f 2839//2839 2840//2840 2841//2841
f 2842//2842 2843//2843 2844//2844
f 2845//2845 2846//2846 2847//2847
f 2848//2848 2849//2849 2850//2850
f 2851//2851 2852//2852 2853//2853
f 2854//2854 2855//2855 2856//2856
f 2857//2857 2858//2858 2859//2859
f 2860//2860 2861//2861 2862//2862
f 2863//2863 2864//2864 2865//2865
f 2866//2866 2867//2867 2868//2868
f 2869//2869 2870//2870 2871//2871
f 2872//2872 2873//2873 2874//2874
f 2875//2875 2876//2876 2877//2877
f 2878//2878 2879//2879 2880//2880
f 2881//2881 2882//2882 2883//2883
f 2884//2884 2885//2885 2886//2886
f 2887//2887 2888//2888 2889//2889
f 2890//2890 2891//2891 2892//2892
f 2893//2893 2894//2894 2895//2895
f 2896//2896 2897//2897 2898//2898
f 2899//2899 2900//2900 2901//2901
f 2902//2902 2903//2903 2904//2904
f 2905//2905 2906//2906 2907//2907
f 2908//2908 2909//2909 2910//2910
f 2911//2911 2912//2912 2913//2913
f 2914//2914 2915//2915 2916//2916
f 2917//2917 2918//2918 2919//2919
f 2920//2920 2921//2921 2922//2922
f 2923//2923 2924//2924 2925//2925
f 2926//2926 2927//2927 2928//2928
f 2929//2929 2930//2930 2931//2931
f 2932//2932 2933//2933 2934//2934
f 2935//2935 2936//2936 2937//2937
f 2938//2938 2939//2939 2940//2940
f 2941//2941 2942//2942 2943//2943
f 2944//2944 2945//2945 2946//2946
f 2947//2947 2948//2948 2949//2949
f 2950//2950 2951//2951 2952//2952
f 2953//2953 2954//2954 2955//2955
f 2956//2956 2957//2957 2958//2958
f 2959//2959 2960//2960 2961//2961
f 2962//2962 2963//2963 2964//2964
f 2965//2965 2966//2966 2967//2967
f 2968//2968 2969//2969 2970//2970
f 2971//2971 2972//2972 2973//2973
f 2974//2974 2975//2975 2976//2976
f 2977//2977 2978//2978 2979//2979
f 2980//2980 2981//2981 2982//2982
f 2983//2983 2984//2984 2985//2985
f 2986//2986 2987//2987 2988//2988
f 2989//2989 2990//2990 2991//2991
f 2992//2992 2993//2993 2994//2994
f 2995//2995 2996//2996 2997//2997
f 2998//2998 2999//2999 3000//3000
f 3001//3001 3002//3002 3003//3003
f 3004//3004 3005//3005 3006//3006
f 3007//3007 3008//3008 3009//3009
f 3010//3010 3011//3011 3012//3012
f 3013//3013 3014//3014 3015//3015
f 3016//3016 3017//3017 3018//3018
f 3019//3019 3020//3020 3021//3021
f 3022//3022 3023//3023 3024//3024
f 3025//3025 3026//3026 3027//3027
f 3028//3028 3029//3029 3030//3030
f 3031//3031 3032//3032 3033//3033
f 3034//3034 3035//3035 3036//3036
f 3037//3037 3038//3038 3039//3039
f 3040//3040 3041//3041 3042//3042
f 3043//3043 3044//3044 3045//3045
f 3046//3046 3047//3047 3048//3048
f 3049//3049 3050//3050 3051//3051
f 3052//3052 3053//3053 3054//3054
f 3055//3055 3056//3056 3057//3057
f 3058//3058 3059//3059 3060//3060
f 3061//3061 3062//3062 3063//3063
f 3064//3064 3065//3065 3066//3066
f 3067//3067 3068//3068 3069//3069
f 3070//3070 3071//3071 3072//3072
f 3073//3073 3074//3074 3075//3075
f 3076//3076 3077//3077 3078//3078
f 3079//3079 3080//3080 3081//3081
f 3082//3082 3083//3083 3084//3084
f 3085//3085 3086//3086 3087//3087
f 3088//3088 3089//3089 3090//3090
f 3091//3091 3092//3092 3093//3093
f 3094//3094 3095//3095 3096//3096
f 3097//3097 3098//3098 3099//3099
f 3100//3100 3101//3101 3102//3102
f 3103//3103 3104//3104 3105//3105
f 3106//3106 3107//3107 3108//3108
f 3109//3109 3110//3110 3111//3111
f 3112//3112 3113//3113 3114//3114
f 3115//3115 3116//3116 3117//3117
f 3118//3118 3119//3119 3120//3120
f 3121//3121 3122//3122 3123//3123
f 3124//3124 3125//3125 3126//3126
f 3127//3127 3128//3128 3129//3129
f 3130//3130 3131//3131 3132//3132
f 3133//3133 3134//3134 3135//3135
f 3136//3136 3137//3137 3138//3138
f 3139//3139 3140//3140 3141//3141
f 3142//3142 3143//3143 3144//3144

