# https://github.com/mikedh/trimesh
mtllib material.mtl
usemtl material_0
v -0.13767798 0.47801620 -0.08759814
v -0.13809128 0.47606298 -0.09130014
v -0.13555479 0.47746858 -0.08598804
v -0.13684608 0.47973439 -0.08575424
v -0.13767798 0.47801620 -0.08759814
v -0.13555479 0.47746858 -0.08598804
v -0.13684608 0.47973439 -0.08575424
v -0.13967238 0.48078218 -0.09247393
v -0.13767798 0.47801620 -0.08759814
v -0.13684608 0.47973439 -0.08575424
v -0.13754418 0.48244548 -0.09021523
v -0.13967238 0.48078218 -0.09247393
v -0.13520999 0.48159719 -0.08663944
v -0.13754418 0.48244548 -0.09021523
v -0.13684608 0.47973439 -0.08575424
v -0.13684608 0.47973439 -0.08575424
v -0.13468428 0.47955808 -0.08437233
v -0.13520999 0.48159719 -0.08663944
v -0.13494608 0.48400989 -0.09225474
v -0.13754418 0.48244548 -0.09021523
v -0.13520999 0.48159719 -0.08663944
v -0.13520999 0.48159719 -0.08663944
v -0.13244238 0.48452529 -0.09571693
v -0.13494608 0.48400989 -0.09225474
v -0.13298269 0.48151809 -0.08830374
v -0.13244238 0.48452529 -0.09571693
v -0.13520999 0.48159719 -0.08663944
v -0.13520999 0.48159719 -0.08663944
v -0.13468428 0.47955808 -0.08437233
v -0.13298269 0.48151809 -0.08830374
v -0.13149938 0.48030370 -0.08977013
v -0.13298269 0.48151809 -0.08830374
v -0.13468428 0.47955808 -0.08437233
v -0.13298269 0.48151809 -0.08830374
v -0.13149938 0.48030370 -0.08977013
v -0.13004468 0.48251909 -0.09643894
v -0.13328049 0.47711030 -0.08766273
v -0.13030699 0.47844419 -0.09284454
v -0.13149938 0.48030370 -0.08977013
v -0.13328049 0.47711030 -0.08766273
v -0.13149938 0.48030370 -0.08977013
v -0.13468428 0.47955808 -0.08437233
v -0.13468428 0.47955808 -0.08437233
v -0.13684608 0.47973439 -0.08575424
v -0.13555479 0.47746858 -0.08598804
v -0.13555479 0.47746858 -0.08598804
v -0.13328049 0.47711030 -0.08766273
v -0.13468428 0.47955808 -0.08437233
v -0.13555479 0.47746858 -0.08598804
v -0.13558438 0.47382849 -0.09486134
v -0.13328049 0.47711030 -0.08766273
v -0.13400358 0.48177999 -0.12752014
v -0.13045038 0.47564599 -0.12732804
v -0.13485768 0.47287649 -0.12732953
v -0.13400358 0.48177999 -0.12752014
v -0.13485768 0.47287649 -0.12732953
v -0.14079298 0.48165029 -0.12729123
v -0.13400358 0.48177999 -0.12752014
v -0.14079298 0.48165029 -0.12729123
v -0.13604608 0.48613280 -0.12716693
v -0.13400358 0.48177999 -0.12752014
v -0.13604608 0.48613280 -0.12716693
v -0.13071598 0.48529860 -0.12694663
v -0.13400358 0.48177999 -0.12752014
v -0.12837279 0.48268738 -0.12686273
v -0.12762578 0.47948459 -0.12701783
v -0.13400358 0.48177999 -0.12752014
v -0.12762578 0.47948459 -0.12701783
v -0.13045038 0.47564599 -0.12732804
v -0.13873449 0.47122800 -0.11684164
v -0.13566808 0.47067380 -0.11911253
v -0.13673648 0.47064629 -0.11243383
v -0.13566808 0.47067380 -0.11911253
v -0.13873449 0.47122800 -0.11684164
v -0.13665849 0.47196510 -0.12673354
v -0.13673648 0.47064629 -0.11243383
v -0.13566808 0.47067380 -0.11911253
v -0.13326938 0.47065309 -0.11200463
v -0.13673648 0.47064629 -0.11243383
v -0.13514808 0.47139478 -0.10485574
v -0.13730709 0.47164509 -0.10506543
v -0.13673648 0.47064629 -0.11243383
v -0.13326938 0.47065309 -0.11200463
v -0.13514808 0.47139478 -0.10485574
v -0.13673648 0.47064629 -0.11243383
v -0.13730709 0.47164509 -0.10506543
v -0.13898568 0.47167659 -0.10930384
v -0.13730709 0.47164509 -0.10506543
v -0.13919438 0.47287560 -0.10307183
v -0.13898568 0.47167659 -0.10930384
v -0.13898568 0.47167659 -0.10930384
v -0.13873449 0.47122800 -0.11684164
v -0.13673648 0.47064629 -0.11243383
v -0.13558438 0.47382849 -0.09486134
v -0.13514808 0.47139478 -0.10485574
v -0.13358599 0.47328478 -0.09733943
v -0.13558438 0.47382849 -0.09486134
v -0.13730709 0.47164509 -0.10506543
v -0.13514808 0.47139478 -0.10485574
v -0.13809128 0.47606298 -0.09130014
v -0.13558438 0.47382849 -0.09486134
v -0.13555479 0.47746858 -0.08598804
v -0.13558438 0.47382849 -0.09486134
v -0.13809128 0.47606298 -0.09130014
v -0.13843648 0.47370079 -0.09841094
v -0.13558438 0.47382849 -0.09486134
v -0.13843648 0.47370079 -0.09841094
v -0.13730709 0.47164509 -0.10506543
v -0.13843648 0.47370079 -0.09841094
v -0.13919438 0.47287560 -0.10307183
v -0.13730709 0.47164509 -0.10506543
v -0.13873449 0.47122800 -0.11684164
v -0.14053659 0.47231689 -0.11708423
v -0.13964929 0.47335458 -0.12683883
v -0.13898568 0.47167659 -0.10930384
v -0.14053659 0.47231689 -0.11708423
v -0.13873449 0.47122800 -0.11684164
v -0.14102298 0.47353390 -0.10634733
v -0.13898568 0.47167659 -0.10930384
v -0.13919438 0.47287560 -0.10307183
v -0.13898568 0.47167659 -0.10930384
v -0.14102298 0.47353390 -0.10634733
v -0.14053659 0.47231689 -0.11708423
v -0.14102298 0.47353390 -0.10634733
v -0.14277498 0.47460559 -0.11424614
v -0.14053659 0.47231689 -0.11708423
v -0.14144088 0.47500271 -0.12601113
v -0.13964929 0.47335458 -0.12683883
v -0.14053659 0.47231689 -0.11708423
v -0.14144088 0.47500271 -0.12601113
v -0.14053659 0.47231689 -0.11708423
v -0.14277498 0.47460559 -0.11424614
v -0.14144088 0.47500271 -0.12601113
v -0.14277498 0.47460559 -0.11424614
v -0.14370999 0.47731000 -0.11807763
v -0.14370999 0.47731000 -0.11807763
v -0.14268568 0.47811830 -0.12614915
v -0.14144088 0.47500271 -0.12601113
v -0.14102298 0.47353390 -0.10634733
v -0.14275019 0.47644028 -0.10575283
v -0.14277498 0.47460559 -0.11424614
v -0.13809128 0.47606298 -0.09130014
v -0.14078419 0.47533739 -0.10008623
v -0.13843648 0.47370079 -0.09841094
v -0.14078419 0.47533739 -0.10008623
v -0.13919438 0.47287560 -0.10307183
v -0.13843648 0.47370079 -0.09841094
v -0.14078419 0.47533739 -0.10008623
v -0.14102298 0.47353390 -0.10634733
v -0.13919438 0.47287560 -0.10307183
v -0.14115039 0.47825781 -0.09689554
v -0.13809128 0.47606298 -0.09130014
v -0.13767798 0.47801620 -0.08759814
v -0.14078419 0.47533739 -0.10008623
v -0.14275019 0.47644028 -0.10575283
v -0.14102298 0.47353390 -0.10634733
v -0.13809128 0.47606298 -0.09130014
v -0.14115039 0.47825781 -0.09689554
v -0.14078419 0.47533739 -0.10008623
v -0.14078419 0.47533739 -0.10008623
v -0.14115039 0.47825781 -0.09689554
v -0.14275019 0.47644028 -0.10575283
v -0.14387329 0.47893360 -0.11069494
v -0.14277498 0.47460559 -0.11424614
v -0.14275019 0.47644028 -0.10575283
v -0.14387329 0.47893360 -0.11069494
v -0.14370999 0.47731000 -0.11807763
v -0.14277498 0.47460559 -0.11424614
v -0.14275019 0.47644028 -0.10575283
v -0.14290129 0.47895679 -0.10378753
v -0.14387329 0.47893360 -0.11069494
v -0.14370999 0.47731000 -0.11807763
v -0.14387329 0.47893360 -0.11069494
v -0.14378849 0.48097110 -0.11772453
v -0.14115039 0.47825781 -0.09689554
v -0.14290129 0.47895679 -0.10378753
v -0.14275019 0.47644028 -0.10575283
v -0.14115039 0.47825781 -0.09689554
v -0.13767798 0.47801620 -0.08759814
v -0.13967238 0.48078218 -0.09247393
v -0.14378849 0.48097110 -0.11772453
v -0.14259098 0.48394158 -0.11805914
v -0.14231119 0.48162940 -0.12650815
v -0.14341068 0.48198259 -0.11002294
v -0.14378849 0.48097110 -0.11772453
v -0.14387329 0.47893360 -0.11069494
v -0.14341068 0.48198259 -0.11002294
v -0.14387329 0.47893360 -0.11069494
v -0.14290129 0.47895679 -0.10378753
v -0.14341068 0.48198259 -0.11002294
v -0.14290129 0.47895679 -0.10378753
v -0.14212549 0.48152858 -0.10147043
v -0.14378849 0.48097110 -0.11772453
v -0.14341068 0.48198259 -0.11002294
v -0.14259098 0.48394158 -0.11805914
v -0.13967238 0.48078218 -0.09247393
v -0.14212549 0.48152858 -0.10147043
v -0.14115039 0.47825781 -0.09689554
v -0.14212549 0.48152858 -0.10147043
v -0.14290129 0.47895679 -0.10378753
v -0.14115039 0.47825781 -0.09689554
v -0.14259098 0.48394158 -0.11805914
v -0.14042519 0.48655918 -0.11623373
v -0.14067888 0.48463100 -0.12616792
v -0.14192429 0.48451978 -0.10853583
v -0.14259098 0.48394158 -0.11805914
v -0.14341068 0.48198259 -0.11002294
v -0.14341068 0.48198259 -0.11002294
v -0.14212549 0.48152858 -0.10147043
v -0.14192429 0.48451978 -0.10853583
v -0.14192429 0.48451978 -0.10853583
v -0.14042519 0.48655918 -0.11623373
v -0.14259098 0.48394158 -0.11805914
v -0.13967238 0.48078218 -0.09247393
v -0.13949288 0.48394868 -0.09764313
v -0.14212549 0.48152858 -0.10147043
v -0.13967238 0.48078218 -0.09247393
v -0.13754418 0.48244548 -0.09021523
v -0.13949288 0.48394868 -0.09764313
v -0.13949288 0.48394868 -0.09764313
v -0.14192429 0.48451978 -0.10853583
v -0.14212549 0.48152858 -0.10147043
v -0.14042519 0.48655918 -0.11623373
v -0.13680468 0.48789209 -0.11863824
v -0.13762549 0.48638329 -0.12685823
v -0.13936609 0.48673040 -0.10781724
v -0.14042519 0.48655918 -0.11623373
v -0.14192429 0.48451978 -0.10853583
v -0.13936609 0.48673040 -0.10781724
v -0.13625899 0.48810378 -0.11215424
v -0.14042519 0.48655918 -0.11623373
v -0.13949288 0.48394868 -0.09764313
v -0.13936609 0.48673040 -0.10781724
v -0.14192429 0.48451978 -0.10853583
v -0.13949288 0.48394868 -0.09764313
v -0.13754418 0.48244548 -0.09021523
v -0.13709189 0.48637781 -0.10144383
v -0.13949288 0.48394868 -0.09764313
v -0.13709189 0.48637781 -0.10144383
v -0.13936609 0.48673040 -0.10781724
v -0.13680468 0.48789209 -0.11863824
v -0.14042519 0.48655918 -0.11623373
v -0.13625899 0.48810378 -0.11215424
v -0.13680468 0.48789209 -0.11863824
v -0.13625899 0.48810378 -0.11215424
v -0.13412619 0.48815739 -0.11414694
v -0.13625899 0.48810378 -0.11215424
v -0.13936609 0.48673040 -0.10781724
v -0.13506758 0.48688549 -0.10245384
v -0.13506758 0.48688549 -0.10245384
v -0.13936609 0.48673040 -0.10781724
v -0.13709189 0.48637781 -0.10144383
v -0.13494608 0.48400989 -0.09225474
v -0.13709189 0.48637781 -0.10144383
v -0.13754418 0.48244548 -0.09021523
v -0.13494608 0.48400989 -0.09225474
v -0.13506758 0.48688549 -0.10245384
v -0.13709189 0.48637781 -0.10144383
v -0.13179019 0.48730859 -0.11904793
v -0.13383679 0.48694950 -0.12593943
v -0.13412619 0.48815739 -0.11414694
v -0.13412619 0.48815739 -0.11414694
v -0.13383679 0.48694950 -0.12593943
v -0.13680468 0.48789209 -0.11863824
v -0.13214728 0.48742008 -0.10875223
v -0.13412619 0.48815739 -0.11414694
v -0.13625899 0.48810378 -0.11215424
v -0.13625899 0.48810378 -0.11215424
v -0.13506758 0.48688549 -0.10245384
v -0.13214728 0.48742008 -0.10875223
v -0.13214728 0.48742008 -0.10875223
v -0.13506758 0.48688549 -0.10245384
v -0.13244238 0.48452529 -0.09571693
v -0.13214728 0.48742008 -0.10875223
v -0.13179019 0.48730859 -0.11904793
v -0.13412619 0.48815739 -0.11414694
v -0.13506758 0.48688549 -0.10245384
v -0.13494608 0.48400989 -0.09225474
v -0.13244238 0.48452529 -0.09571693
v -0.12902848 0.48543710 -0.11940343
v -0.13071598 0.48529860 -0.12694663
v -0.13179019 0.48730859 -0.11904793
v -0.12902848 0.48543710 -0.11940343
v -0.13179019 0.48730859 -0.11904793
v -0.12943698 0.48618680 -0.11218103
v -0.13214728 0.48742008 -0.10875223
v -0.12943698 0.48618680 -0.11218103
v -0.13179019 0.48730859 -0.11904793
v -0.12943698 0.48618680 -0.11218103
v -0.13214728 0.48742008 -0.10875223
v -0.12935969 0.48465699 -0.10438273
v -0.13244238 0.48452529 -0.09571693
v -0.13298269 0.48151809 -0.08830374
v -0.13004468 0.48251909 -0.09643894
v -0.13244238 0.48452529 -0.09571693
v -0.12935969 0.48465699 -0.10438273
v -0.13214728 0.48742008 -0.10875223
v -0.13244238 0.48452529 -0.09571693
v -0.13004468 0.48251909 -0.09643894
v -0.12935969 0.48465699 -0.10438273
v -0.12902848 0.48543710 -0.11940343
v -0.12943698 0.48618680 -0.11218103
v -0.12691468 0.48254910 -0.11739943
v -0.12691468 0.48254910 -0.11739943
v -0.12837279 0.48268738 -0.12686273
v -0.12902848 0.48543710 -0.11940343
v -0.12734719 0.48337620 -0.11110013
v -0.12691468 0.48254910 -0.11739943
v -0.12943698 0.48618680 -0.11218103
v -0.12734719 0.48337620 -0.11110013
v -0.12943698 0.48618680 -0.11218103
v -0.12935969 0.48465699 -0.10438273
v -0.12734719 0.48337620 -0.11110013
v -0.12935969 0.48465699 -0.10438273
v -0.12734729 0.48169830 -0.10548254
v -0.13004468 0.48251909 -0.09643894
v -0.12734729 0.48169830 -0.10548254
v -0.12935969 0.48465699 -0.10438273
v -0.12837279 0.48268738 -0.12686273
v -0.12691468 0.48254910 -0.11739943
v -0.12762578 0.47948459 -0.12701783
v -0.12762578 0.47948459 -0.12701783
v -0.12691468 0.48254910 -0.11739943
v -0.12616308 0.47915208 -0.11405403
v -0.12734729 0.48169830 -0.10548254
v -0.12616308 0.47915208 -0.11405403
v -0.12734719 0.48337620 -0.11110013
v -0.12616308 0.47915208 -0.11405403
v -0.12691468 0.48254910 -0.11739943
v -0.12734719 0.48337620 -0.11110013
v -0.12616308 0.47915208 -0.11405403
v -0.12734729 0.48169830 -0.10548254
v -0.12707949 0.47746670 -0.10627573
v -0.12734729 0.48169830 -0.10548254
v -0.12826549 0.48013839 -0.09996483
v -0.12707949 0.47746670 -0.10627573
v -0.12826549 0.48013839 -0.09996483
v -0.13004468 0.48251909 -0.09643894
v -0.13149938 0.48030370 -0.08977013
v -0.13004468 0.48251909 -0.09643894
v -0.12826549 0.48013839 -0.09996483
v -0.12734729 0.48169830 -0.10548254
v -0.13149938 0.48030370 -0.08977013
v -0.13030699 0.47844419 -0.09284454
v -0.12826549 0.48013839 -0.09996483
v -0.12703119 0.47632569 -0.11928874
v -0.12762578 0.47948459 -0.12701783
v -0.12616308 0.47915208 -0.11405403
v -0.12616308 0.47915208 -0.11405403
v -0.12725559 0.47519079 -0.11217973
v -0.12703119 0.47632569 -0.11928874
v -0.12707949 0.47746670 -0.10627573
v -0.12725559 0.47519079 -0.11217973
v -0.12616308 0.47915208 -0.11405403
v -0.13030699 0.47844419 -0.09284454
v -0.12707949 0.47746670 -0.10627573
v -0.12826549 0.48013839 -0.09996483
v -0.13030699 0.47844419 -0.09284454
v -0.12927319 0.47491619 -0.10144453
v -0.12707949 0.47746670 -0.10627573
v -0.12849039 0.47360250 -0.11798023
v -0.12827238 0.47610080 -0.12644774
v -0.12703119 0.47632569 -0.11928874
v -0.12849039 0.47360250 -0.11798023
v -0.12703119 0.47632569 -0.11928874
v -0.12725559 0.47519079 -0.11217973
v -0.12725559 0.47519079 -0.11217973
v -0.12707949 0.47746670 -0.10627573
v -0.12927319 0.47491619 -0.10144453
v -0.12725559 0.47519079 -0.11217973
v -0.12927319 0.47491619 -0.10144453
v -0.12959218 0.47250959 -0.11099804
v -0.12725559 0.47519079 -0.11217973
v -0.12959218 0.47250959 -0.11099804
v -0.12849039 0.47360250 -0.11798023
v -0.13160598 0.47562820 -0.09371374
v -0.13030699 0.47844419 -0.09284454
v -0.13328049 0.47711030 -0.08766273
v -0.12927319 0.47491619 -0.10144453
v -0.13030699 0.47844419 -0.09284454
v -0.13160598 0.47562820 -0.09371374
v -0.13279289 0.47097060 -0.11829153
v -0.13215099 0.47239259 -0.12637314
v -0.13060349 0.47201228 -0.11955353
v -0.13279289 0.47097060 -0.11829153
v -0.13440458 0.47181639 -0.12649342
v -0.13215099 0.47239259 -0.12637314
v -0.13279289 0.47097060 -0.11829153
v -0.13060349 0.47201228 -0.11955353
v -0.13326938 0.47065309 -0.11200463
v -0.13279289 0.47097060 -0.11829153
v -0.13326938 0.47065309 -0.11200463
v -0.13566808 0.47067380 -0.11911253
v -0.13279289 0.47097060 -0.11829153
v -0.13566808 0.47067380 -0.11911253
v -0.13440458 0.47181639 -0.12649342
v -0.13566808 0.47067380 -0.11911253
v -0.13665849 0.47196510 -0.12673354
v -0.13440458 0.47181639 -0.12649342
v -0.13202359 0.47208250 -0.10407863
v -0.13514808 0.47139478 -0.10485574
v -0.13326938 0.47065309 -0.11200463
v -0.13558438 0.47382849 -0.09486134
v -0.13358599 0.47328478 -0.09733943
v -0.13328049 0.47711030 -0.08766273
v -0.13358599 0.47328478 -0.09733943
v -0.13514808 0.47139478 -0.10485574
v -0.13202359 0.47208250 -0.10407863
v -0.13060349 0.47201228 -0.11955353
v -0.12996109 0.47389448 -0.12653485
v -0.12849039 0.47360250 -0.11798023
v -0.13060349 0.47201228 -0.11955353
v -0.12849039 0.47360250 -0.11798023
v -0.12959218 0.47250959 -0.11099804
v -0.13060349 0.47201228 -0.11955353
v -0.12959218 0.47250959 -0.11099804
v -0.13326938 0.47065309 -0.11200463
v -0.13202359 0.47208250 -0.10407863
v -0.12959218 0.47250959 -0.11099804
v -0.12927319 0.47491619 -0.10144453
v -0.13202359 0.47208250 -0.10407863
v -0.13326938 0.47065309 -0.11200463
v -0.12959218 0.47250959 -0.11099804
v -0.13160598 0.47562820 -0.09371374
v -0.13202359 0.47208250 -0.10407863
v -0.12927319 0.47491619 -0.10144453
v -0.13358599 0.47328478 -0.09733943
v -0.13160598 0.47562820 -0.09371374
v -0.13328049 0.47711030 -0.08766273
v -0.13160598 0.47562820 -0.09371374
v -0.13358599 0.47328478 -0.09733943
v -0.13202359 0.47208250 -0.10407863
v -0.13440458 0.47181639 -0.12649342
v -0.13665849 0.47196510 -0.12673354
v -0.13485768 0.47287649 -0.12732953
v -0.13964929 0.47335458 -0.12683883
v -0.13485768 0.47287649 -0.12732953
v -0.13665849 0.47196510 -0.12673354
v -0.13964929 0.47335458 -0.12683883
v -0.13665849 0.47196510 -0.12673354
v -0.13873449 0.47122800 -0.11684164
v -0.13964929 0.47335458 -0.12683883
v -0.14144088 0.47500271 -0.12601113
v -0.14221208 0.47795829 -0.12694883
v -0.13964929 0.47335458 -0.12683883
v -0.14221208 0.47795829 -0.12694883
v -0.13485768 0.47287649 -0.12732953
v -0.14144088 0.47500271 -0.12601113
v -0.14268568 0.47811830 -0.12614915
v -0.14221208 0.47795829 -0.12694883
v -0.14221208 0.47795829 -0.12694883
v -0.14079298 0.48165029 -0.12729123
v -0.13485768 0.47287649 -0.12732953
v -0.14231119 0.48162940 -0.12650815
v -0.14079298 0.48165029 -0.12729123
v -0.14221208 0.47795829 -0.12694883
v -0.14221208 0.47795829 -0.12694883
v -0.14268568 0.47811830 -0.12614915
v -0.14231119 0.48162940 -0.12650815
v -0.14231119 0.48162940 -0.12650815
v -0.14268568 0.47811830 -0.12614915
v -0.14378849 0.48097110 -0.11772453
v -0.14378849 0.48097110 -0.11772453
v -0.14268568 0.47811830 -0.12614915
v -0.14370999 0.47731000 -0.11807763
v -0.14067888 0.48463100 -0.12616792
v -0.14231119 0.48162940 -0.12650815
v -0.14259098 0.48394158 -0.11805914
v -0.14231119 0.48162940 -0.12650815
v -0.13762549 0.48638329 -0.12685823
v -0.14079298 0.48165029 -0.12729123
v -0.14067888 0.48463100 -0.12616792
v -0.13762549 0.48638329 -0.12685823
v -0.14231119 0.48162940 -0.12650815
v -0.14067888 0.48463100 -0.12616792
v -0.14042519 0.48655918 -0.11623373
v -0.13762549 0.48638329 -0.12685823
v -0.14079298 0.48165029 -0.12729123
v -0.13762549 0.48638329 -0.12685823
v -0.13604608 0.48613280 -0.12716693
v -0.13604608 0.48613280 -0.12716693
v -0.13762549 0.48638329 -0.12685823
v -0.13383679 0.48694950 -0.12593943
v -0.13762549 0.48638329 -0.12685823
v -0.13680468 0.48789209 -0.11863824
v -0.13383679 0.48694950 -0.12593943
v -0.13383679 0.48694950 -0.12593943
v -0.13071598 0.48529860 -0.12694663
v -0.13604608 0.48613280 -0.12716693
v -0.12837279 0.48268738 -0.12686273
v -0.13400358 0.48177999 -0.12752014
v -0.13071598 0.48529860 -0.12694663
v -0.13071598 0.48529860 -0.12694663
v -0.13383679 0.48694950 -0.12593943
v -0.13179019 0.48730859 -0.11904793
v -0.12837279 0.48268738 -0.12686273
v -0.13071598 0.48529860 -0.12694663
v -0.12902848 0.48543710 -0.11940343
v -0.12827238 0.47610080 -0.12644774
v -0.13045038 0.47564599 -0.12732804
v -0.12762578 0.47948459 -0.12701783
v -0.12762578 0.47948459 -0.12701783
v -0.12703119 0.47632569 -0.11928874
v -0.12827238 0.47610080 -0.12644774
v -0.12827238 0.47610080 -0.12644774
v -0.12996109 0.47389448 -0.12653485
v -0.13045038 0.47564599 -0.12732804
v -0.12827238 0.47610080 -0.12644774
v -0.12849039 0.47360250 -0.11798023
v -0.12996109 0.47389448 -0.12653485
v -0.13440458 0.47181639 -0.12649342
v -0.13485768 0.47287649 -0.12732953
v -0.13215099 0.47239259 -0.12637314
v -0.12996109 0.47389448 -0.12653485
v -0.13060349 0.47201228 -0.11955353
v -0.13215099 0.47239259 -0.12637314
v -0.13215099 0.47239259 -0.12637314
v -0.13485768 0.47287649 -0.12732953
v -0.12996109 0.47389448 -0.12653485
v -0.12996109 0.47389448 -0.12653485
v -0.13485768 0.47287649 -0.12732953
v -0.13045038 0.47564599 -0.12732804
v -0.13546249 0.47784740 -0.08667473
v -0.13548228 0.47592899 -0.09088533
v -0.13786359 0.47575039 -0.09386713
v -0.13546249 0.47784740 -0.08667473
v -0.13749078 0.47810429 -0.08892513
v -0.13620499 0.47941968 -0.08569034
v -0.13749078 0.47810429 -0.08892513
v -0.13546249 0.47784740 -0.08667473
v -0.13786359 0.47575039 -0.09386713
v -0.13749078 0.47810429 -0.08892513
v -0.13924128 0.48056349 -0.09338983
v -0.13620499 0.47941968 -0.08569034
v -0.13620499 0.47941968 -0.08569034
v -0.13924128 0.48056349 -0.09338983
v -0.13760279 0.48161080 -0.09074963
v -0.13535169 0.48123729 -0.08727034
v -0.13620499 0.47941968 -0.08569034
v -0.13760279 0.48161080 -0.09074963
v -0.13535169 0.48123729 -0.08727034
v -0.13373698 0.48147190 -0.08844533
v -0.13479818 0.47929439 -0.08508974
v -0.13373698 0.48147190 -0.08844533
v -0.13272779 0.47943079 -0.08843864
v -0.13479818 0.47929439 -0.08508974
v -0.13373698 0.48147190 -0.08844533
v -0.13180318 0.48246819 -0.09389823
v -0.13272779 0.47943079 -0.08843864
v -0.13272779 0.47943079 -0.08843864
v -0.13343388 0.47772178 -0.08804954
v -0.13479818 0.47929439 -0.08508974
v -0.13479818 0.47929439 -0.08508974
v -0.13620499 0.47941968 -0.08569034
v -0.13535169 0.48123729 -0.08727034
v -0.13479818 0.47929439 -0.08508974
v -0.13343388 0.47772178 -0.08804954
v -0.13546249 0.47784740 -0.08667473
v -0.13479818 0.47929439 -0.08508974
v -0.13546249 0.47784740 -0.08667473
v -0.13620499 0.47941968 -0.08569034
v -0.13343388 0.47772178 -0.08804954
v -0.13548228 0.47592899 -0.09088533
v -0.13546249 0.47784740 -0.08667473
v -0.13548228 0.47592899 -0.09088533
v -0.13343388 0.47772178 -0.08804954
v -0.13400379 0.47554091 -0.09243124
v -0.12930879 0.47834730 -0.12687492
v -0.13310988 0.47347710 -0.12696972
v -0.12992969 0.47486678 -0.12668005
v -0.13310988 0.47347710 -0.12696972
v -0.12930879 0.47834730 -0.12687492
v -0.13229398 0.48543760 -0.12679893
v -0.12930879 0.47834730 -0.12687492
v -0.12853779 0.48117191 -0.12665033
v -0.13229398 0.48543760 -0.12679893
v -0.14193918 0.47949278 -0.12682003
v -0.13229398 0.48543760 -0.12679893
v -0.13715988 0.48592058 -0.12661543
v -0.13310988 0.47347710 -0.12696972
v -0.13229398 0.48543760 -0.12679893
v -0.14193918 0.47949278 -0.12682003
v -0.14193918 0.47949278 -0.12682003
v -0.14132358 0.47645479 -0.12663135
v -0.13310988 0.47347710 -0.12696972
v -0.13664028 0.47136539 -0.11751013
v -0.13771228 0.47298899 -0.12649024
v -0.13911879 0.47241700 -0.11868114
v -0.13664028 0.47136539 -0.11751013
v -0.13911879 0.47241700 -0.11868114
v -0.13777119 0.47164848 -0.11118943
v -0.13664028 0.47136539 -0.11751013
v -0.13465388 0.47234759 -0.12604442
v -0.13771228 0.47298899 -0.12649024
v -0.13664028 0.47136539 -0.11751013
v -0.13408038 0.47142830 -0.11876104
v -0.13465388 0.47234759 -0.12604442
v -0.13777119 0.47164848 -0.11118943
v -0.13880289 0.47280848 -0.10611544
v -0.13680258 0.47299340 -0.10142203
v -0.13777119 0.47164848 -0.11118943
v -0.13680258 0.47299340 -0.10142203
v -0.13484418 0.47123849 -0.11050563
v -0.13680258 0.47299340 -0.10142203
v -0.13489829 0.47324690 -0.09956113
v -0.13484418 0.47123849 -0.11050563
v -0.13777119 0.47164848 -0.11118943
v -0.13484418 0.47123849 -0.11050563
v -0.13664028 0.47136539 -0.11751013
v -0.13680258 0.47299340 -0.10142203
v -0.13786359 0.47575039 -0.09386713
v -0.13548228 0.47592899 -0.09088533
v -0.13680258 0.47299340 -0.10142203
v -0.13548228 0.47592899 -0.09088533
v -0.13489829 0.47324690 -0.09956113
v -0.13489829 0.47324690 -0.09956113
v -0.13548228 0.47592899 -0.09088533
v -0.13400379 0.47554091 -0.09243124
v -0.13911879 0.47241700 -0.11868114
v -0.14023228 0.47456110 -0.12617233
v -0.14125189 0.47386828 -0.11605064
v -0.13911879 0.47241700 -0.11868114
v -0.14125189 0.47386828 -0.11605064
v -0.13777119 0.47164848 -0.11118943
v -0.14103979 0.47400340 -0.10932074
v -0.13777119 0.47164848 -0.11118943
v -0.14125189 0.47386828 -0.11605064
v -0.13880289 0.47280848 -0.10611544
v -0.14103979 0.47400340 -0.10932074
v -0.14055389 0.47574049 -0.10076543
v -0.13880289 0.47280848 -0.10611544
v -0.13777119 0.47164848 -0.11118943
v -0.14103979 0.47400340 -0.10932074
v -0.14055389 0.47574049 -0.10076543
v -0.13786359 0.47575039 -0.09386713
v -0.13880289 0.47280848 -0.10611544
v -0.13786359 0.47575039 -0.09386713
v -0.13680258 0.47299340 -0.10142203
v -0.13880289 0.47280848 -0.10611544
v -0.14262749 0.47662070 -0.11916394
v -0.14023228 0.47456110 -0.12617233
v -0.14132358 0.47645479 -0.12663135
v -0.14262749 0.47662070 -0.11916394
v -0.14306718 0.47747609 -0.11076403
v -0.14125189 0.47386828 -0.11605064
v -0.14262749 0.47662070 -0.11916394
v -0.14125189 0.47386828 -0.11605064
v -0.14023228 0.47456110 -0.12617233
v -0.14103979 0.47400340 -0.10932074
v -0.14125189 0.47386828 -0.11605064
v -0.14306718 0.47747609 -0.11076403
v -0.14103979 0.47400340 -0.10932074
v -0.14306718 0.47747609 -0.11076403
v -0.14055389 0.47574049 -0.10076543
v -0.14055389 0.47574049 -0.10076543
v -0.13972439 0.47861379 -0.09435033
v -0.13786359 0.47575039 -0.09386713
v -0.13786359 0.47575039 -0.09386713
v -0.13972439 0.47861379 -0.09435033
v -0.13749078 0.47810429 -0.08892513
v -0.14262749 0.47662070 -0.11916394
v -0.14193918 0.47949278 -0.12682003
v -0.14339909 0.47988778 -0.11589844
v -0.14262749 0.47662070 -0.11916394
v -0.14132358 0.47645479 -0.12663135
v -0.14193918 0.47949278 -0.12682003
v -0.14339909 0.47988778 -0.11589844
v -0.14306718 0.47747609 -0.11076403
v -0.14262749 0.47662070 -0.11916394
v -0.14306718 0.47747609 -0.11076403
v -0.14212829 0.47932318 -0.10332974
v -0.14055389 0.47574049 -0.10076543
v -0.14055389 0.47574049 -0.10076543
v -0.14212829 0.47932318 -0.10332974
v -0.13972439 0.47861379 -0.09435033
v -0.13972439 0.47861379 -0.09435033
v -0.13924128 0.48056349 -0.09338983
v -0.13749078 0.47810429 -0.08892513
v -0.14339909 0.47988778 -0.11589844
v -0.14106308 0.48297390 -0.12654585
v -0.14114799 0.48415399 -0.12159974
v -0.14339909 0.47988778 -0.11589844
v -0.14114799 0.48415399 -0.12159974
v -0.14194839 0.48420489 -0.11380894
v -0.14339909 0.47988778 -0.11589844
v -0.14193918 0.47949278 -0.12682003
v -0.14106308 0.48297390 -0.12654585
v -0.14238629 0.48189080 -0.10738104
v -0.14339909 0.47988778 -0.11589844
v -0.14194839 0.48420489 -0.11380894
v -0.14238629 0.48189080 -0.10738104
v -0.14194839 0.48420489 -0.11380894
v -0.14140138 0.48410121 -0.10831503
v -0.14212829 0.47932318 -0.10332974
v -0.14238629 0.48189080 -0.10738104
v -0.14101899 0.48119920 -0.09974433
v -0.14238629 0.48189080 -0.10738104
v -0.14212829 0.47932318 -0.10332974
v -0.14306718 0.47747609 -0.11076403
v -0.14238629 0.48189080 -0.10738104
v -0.14306718 0.47747609 -0.11076403
v -0.14339909 0.47988778 -0.11589844
v -0.14101899 0.48119920 -0.09974433
v -0.13924128 0.48056349 -0.09338983
v -0.13972439 0.47861379 -0.09435033
v -0.14101899 0.48119920 -0.09974433
v -0.13972439 0.47861379 -0.09435033
v -0.14212829 0.47932318 -0.10332974
v -0.13951558 0.48300448 -0.09814363
v -0.13760279 0.48161080 -0.09074963
v -0.13924128 0.48056349 -0.09338983
v -0.13951558 0.48300448 -0.09814363
v -0.14101899 0.48119920 -0.09974433
v -0.14140138 0.48410121 -0.10831503
v -0.14101899 0.48119920 -0.09974433
v -0.14238629 0.48189080 -0.10738104
v -0.14140138 0.48410121 -0.10831503
v -0.13951558 0.48300448 -0.09814363
v -0.13924128 0.48056349 -0.09338983
v -0.14101899 0.48119920 -0.09974433
v -0.14114799 0.48415399 -0.12159974
v -0.13715988 0.48592058 -0.12661543
v -0.13817939 0.48686689 -0.11770644
v -0.14114799 0.48415399 -0.12159974
v -0.13817939 0.48686689 -0.11770644
v -0.14194839 0.48420489 -0.11380894
v -0.14114799 0.48415399 -0.12159974
v -0.14106308 0.48297390 -0.12654585
v -0.13715988 0.48592058 -0.12661543
v -0.13914628 0.48617449 -0.10910333
v -0.14194839 0.48420489 -0.11380894
v -0.13817939 0.48686689 -0.11770644
v -0.13914628 0.48617449 -0.10910333
v -0.13858929 0.48550120 -0.10394693
v -0.14140138 0.48410121 -0.10831503
v -0.13914628 0.48617449 -0.10910333
v -0.14140138 0.48410121 -0.10831503
v -0.14194839 0.48420489 -0.11380894
v -0.13749759 0.48373830 -0.09569604
v -0.13858929 0.48550120 -0.10394693
v -0.13690668 0.48611999 -0.10343543
v -0.13760279 0.48161080 -0.09074963
v -0.13749759 0.48373830 -0.09569604
v -0.13535169 0.48123729 -0.08727034
v -0.13749759 0.48373830 -0.09569604
v -0.13760279 0.48161080 -0.09074963
v -0.13951558 0.48300448 -0.09814363
v -0.13749759 0.48373830 -0.09569604
v -0.13951558 0.48300448 -0.09814363
v -0.13858929 0.48550120 -0.10394693
v -0.13858929 0.48550120 -0.10394693
v -0.13951558 0.48300448 -0.09814363
v -0.14140138 0.48410121 -0.10831503
v -0.13817939 0.48686689 -0.11770644
v -0.13715988 0.48592058 -0.12661543
v -0.13455719 0.48663279 -0.12412434
v -0.13817939 0.48686689 -0.11770644
v -0.13455719 0.48663279 -0.12412434
v -0.13563478 0.48758429 -0.11394594
v -0.13563478 0.48758429 -0.11394594
v -0.13385698 0.48719519 -0.10934674
v -0.13690668 0.48611999 -0.10343543
v -0.13690668 0.48611999 -0.10343543
v -0.13385698 0.48719519 -0.10934674
v -0.13404079 0.48576680 -0.10128654
v -0.13563478 0.48758429 -0.11394594
v -0.13690668 0.48611999 -0.10343543
v -0.13914628 0.48617449 -0.10910333
v -0.13914628 0.48617449 -0.10910333
v -0.13690668 0.48611999 -0.10343543
v -0.13858929 0.48550120 -0.10394693
v -0.13914628 0.48617449 -0.10910333
v -0.13817939 0.48686689 -0.11770644
v -0.13563478 0.48758429 -0.11394594
v -0.13507658 0.48442709 -0.09578174
v -0.13690668 0.48611999 -0.10343543
v -0.13404079 0.48576680 -0.10128654
v -0.13507658 0.48442709 -0.09578174
v -0.13535169 0.48123729 -0.08727034
v -0.13749759 0.48373830 -0.09569604
v -0.13507658 0.48442709 -0.09578174
v -0.13749759 0.48373830 -0.09569604
v -0.13690668 0.48611999 -0.10343543
v -0.13455719 0.48663279 -0.12412434
v -0.13177378 0.48683679 -0.11642484
v -0.13563478 0.48758429 -0.11394594
v -0.13385698 0.48719519 -0.10934674
v -0.13563478 0.48758429 -0.11394594
v -0.13177378 0.48683679 -0.11642484
v -0.13385698 0.48719519 -0.10934674
v -0.13139558 0.48573670 -0.10558783
v -0.13404079 0.48576680 -0.10128654
v -0.13507658 0.48442709 -0.09578174
v -0.13404079 0.48576680 -0.10128654
v -0.13180318 0.48246819 -0.09389823
v -0.13507658 0.48442709 -0.09578174
v -0.13180318 0.48246819 -0.09389823
v -0.13373698 0.48147190 -0.08844533
v -0.13373698 0.48147190 -0.08844533
v -0.13535169 0.48123729 -0.08727034
v -0.13507658 0.48442709 -0.09578174
v -0.13177378 0.48683679 -0.11642484
v -0.12989919 0.48528349 -0.11951243
v -0.12936229 0.48521018 -0.11320164
v -0.12989919 0.48528349 -0.11951243
v -0.13229398 0.48543760 -0.12679893
v -0.13011329 0.48413149 -0.12626764
v -0.12989919 0.48528349 -0.11951243
v -0.13177378 0.48683679 -0.11642484
v -0.13229398 0.48543760 -0.12679893
v -0.13139558 0.48573670 -0.10558783
v -0.12936229 0.48521018 -0.11320164
v -0.12930518 0.48394910 -0.10572674
v -0.13139558 0.48573670 -0.10558783
v -0.13385698 0.48719519 -0.10934674
v -0.12936229 0.48521018 -0.11320164
v -0.12936229 0.48521018 -0.11320164
v -0.13385698 0.48719519 -0.10934674
v -0.13177378 0.48683679 -0.11642484
v -0.13180318 0.48246819 -0.09389823
v -0.13139558 0.48573670 -0.10558783
v -0.12930518 0.48394910 -0.10572674
v -0.13180318 0.48246819 -0.09389823
v -0.13404079 0.48576680 -0.10128654
v -0.13139558 0.48573670 -0.10558783
v -0.13011329 0.48413149 -0.12626764
v -0.12853779 0.48117191 -0.12665033
v -0.12788698 0.48261309 -0.11907693
v -0.12788698 0.48261309 -0.11907693
v -0.12773149 0.48281139 -0.11217583
v -0.12936229 0.48521018 -0.11320164
v -0.12788698 0.48261309 -0.11907693
v -0.12936229 0.48521018 -0.11320164
v -0.12989919 0.48528349 -0.11951243
v -0.12788698 0.48261309 -0.11907693
v -0.12989919 0.48528349 -0.11951243
v -0.13011329 0.48413149 -0.12626764
v -0.12773149 0.48281139 -0.11217583
v -0.12778398 0.48060229 -0.10578654
v -0.12930518 0.48394910 -0.10572674
v -0.12930518 0.48394910 -0.10572674
v -0.12778398 0.48060229 -0.10578654
v -0.12974669 0.48101839 -0.09769473
v -0.12930518 0.48394910 -0.10572674
v -0.12936229 0.48521018 -0.11320164
v -0.12773149 0.48281139 -0.11217583
v -0.12974669 0.48101839 -0.09769473
v -0.13180318 0.48246819 -0.09389823
v -0.12930518 0.48394910 -0.10572674
v -0.12853779 0.48117191 -0.12665033
v -0.12828138 0.47812778 -0.12631354
v -0.12703688 0.47965509 -0.11757403
v -0.12788698 0.48261309 -0.11907693
v -0.12703688 0.47965509 -0.11757403
v -0.12773149 0.48281139 -0.11217583
v -0.12703688 0.47965509 -0.11757403
v -0.12788698 0.48261309 -0.11907693
v -0.12853779 0.48117191 -0.12665033
v -0.12696339 0.47920248 -0.11193383
v -0.12773149 0.48281139 -0.11217583
v -0.12703688 0.47965509 -0.11757403
v -0.12696339 0.47920248 -0.11193383
v -0.12778398 0.48060229 -0.10578654
v -0.12773149 0.48281139 -0.11217583
v -0.12974669 0.48101839 -0.09769473
v -0.12778398 0.48060229 -0.10578654
v -0.12952168 0.47834799 -0.09778174
v -0.12974669 0.48101839 -0.09769473
v -0.13272779 0.47943079 -0.08843864
v -0.13180318 0.48246819 -0.09389823
v -0.12750919 0.47643870 -0.11691294
v -0.12696339 0.47920248 -0.11193383
v -0.12703688 0.47965509 -0.11757403
v -0.12750919 0.47643870 -0.11691294
v -0.12703688 0.47965509 -0.11757403
v -0.12828138 0.47812778 -0.12631354
v -0.12696339 0.47920248 -0.11193383
v -0.12750919 0.47643870 -0.11691294
v -0.12784928 0.47695860 -0.10682263
v -0.12696339 0.47920248 -0.11193383
v -0.12784928 0.47695860 -0.10682263
v -0.12778398 0.48060229 -0.10578654
v -0.12784928 0.47695860 -0.10682263
v -0.12952168 0.47834799 -0.09778174
v -0.12778398 0.48060229 -0.10578654
v -0.12952168 0.47834799 -0.09778174
v -0.12784928 0.47695860 -0.10682263
v -0.12951249 0.47547370 -0.10225173
v -0.12952168 0.47834799 -0.09778174
v -0.13343388 0.47772178 -0.08804954
v -0.13272779 0.47943079 -0.08843864
v -0.12952168 0.47834799 -0.09778174
v -0.13272779 0.47943079 -0.08843864
v -0.12974669 0.48101839 -0.09769473
v -0.12908259 0.47376630 -0.11172774
v -0.12750919 0.47643870 -0.11691294
v -0.12924789 0.47389230 -0.11892254
v -0.12908259 0.47376630 -0.11172774
v -0.12951249 0.47547370 -0.10225173
v -0.12784928 0.47695860 -0.10682263
v -0.12908259 0.47376630 -0.11172774
v -0.12784928 0.47695860 -0.10682263
v -0.12750919 0.47643870 -0.11691294
v -0.12951249 0.47547370 -0.10225173
v -0.13158098 0.47560698 -0.09592923
v -0.12952168 0.47834799 -0.09778174
v -0.12952168 0.47834799 -0.09778174
v -0.13158098 0.47560698 -0.09592923
v -0.13343388 0.47772178 -0.08804954
v -0.13408038 0.47142830 -0.11876104
v -0.13484418 0.47123849 -0.11050563
v -0.13223028 0.47160739 -0.11344054
v -0.13408038 0.47142830 -0.11876104
v -0.13664028 0.47136539 -0.11751013
v -0.13484418 0.47123849 -0.11050563
v -0.13220748 0.47279048 -0.12514183
v -0.13408038 0.47142830 -0.11876104
v -0.13223028 0.47160739 -0.11344054
v -0.13223028 0.47160739 -0.11344054
v -0.13484418 0.47123849 -0.11050563
v -0.13245238 0.47277409 -0.10365253
v -0.13484418 0.47123849 -0.11050563
v -0.13489829 0.47324690 -0.09956113
v -0.13245238 0.47277409 -0.10365253
v -0.13245238 0.47277409 -0.10365253
v -0.13489829 0.47324690 -0.09956113
v -0.13400379 0.47554091 -0.09243124
v -0.13245238 0.47277409 -0.10365253
v -0.13400379 0.47554091 -0.09243124
v -0.13158098 0.47560698 -0.09592923
v -0.12924789 0.47389230 -0.11892254
v -0.13220748 0.47279048 -0.12514183
v -0.13223028 0.47160739 -0.11344054
v -0.12924789 0.47389230 -0.11892254
v -0.13223028 0.47160739 -0.11344054
v -0.12908259 0.47376630 -0.11172774
v -0.12908259 0.47376630 -0.11172774
v -0.13223028 0.47160739 -0.11344054
v -0.13245238 0.47277409 -0.10365253
v -0.13245238 0.47277409 -0.10365253
v -0.12951249 0.47547370 -0.10225173
v -0.12908259 0.47376630 -0.11172774
v -0.13400379 0.47554091 -0.09243124
v -0.13343388 0.47772178 -0.08804954
v -0.13158098 0.47560698 -0.09592923
v -0.13158098 0.47560698 -0.09592923
v -0.12951249 0.47547370 -0.10225173
v -0.13245238 0.47277409 -0.10365253
v -0.13771228 0.47298899 -0.12649024
v -0.13465388 0.47234759 -0.12604442
v -0.13310988 0.47347710 -0.12696972
v -0.14023228 0.47456110 -0.12617233
v -0.13771228 0.47298899 -0.12649024
v -0.14132358 0.47645479 -0.12663135
v -0.13771228 0.47298899 -0.12649024
v -0.13310988 0.47347710 -0.12696972
v -0.14132358 0.47645479 -0.12663135
v -0.13771228 0.47298899 -0.12649024
v -0.14023228 0.47456110 -0.12617233
v -0.13911879 0.47241700 -0.11868114
v -0.13715988 0.48592058 -0.12661543
v -0.14106308 0.48297390 -0.12654585
v -0.14193918 0.47949278 -0.12682003
v -0.13455719 0.48663279 -0.12412434
v -0.13229398 0.48543760 -0.12679893
v -0.13177378 0.48683679 -0.11642484
v -0.13229398 0.48543760 -0.12679893
v -0.13455719 0.48663279 -0.12412434
v -0.13715988 0.48592058 -0.12661543
v -0.13011329 0.48413149 -0.12626764
v -0.13229398 0.48543760 -0.12679893
v -0.12853779 0.48117191 -0.12665033
v -0.12828138 0.47812778 -0.12631354
v -0.12853779 0.48117191 -0.12665033
v -0.12930879 0.47834730 -0.12687492
v -0.12992969 0.47486678 -0.12668005
v -0.12924789 0.47389230 -0.11892254
v -0.12750919 0.47643870 -0.11691294
v -0.12992969 0.47486678 -0.12668005
v -0.12750919 0.47643870 -0.11691294
v -0.12828138 0.47812778 -0.12631354
v -0.12992969 0.47486678 -0.12668005
v -0.12828138 0.47812778 -0.12631354
v -0.12930879 0.47834730 -0.12687492
v -0.13465388 0.47234759 -0.12604442
v -0.13220748 0.47279048 -0.12514183
v -0.13310988 0.47347710 -0.12696972
v -0.13465388 0.47234759 -0.12604442
v -0.13408038 0.47142830 -0.11876104
v -0.13220748 0.47279048 -0.12514183
v -0.13310988 0.47347710 -0.12696972
v -0.13220748 0.47279048 -0.12514183
v -0.12992969 0.47486678 -0.12668005
v -0.13220748 0.47279048 -0.12514183
v -0.12924789 0.47389230 -0.11892254
v -0.12992969 0.47486678 -0.12668005
vn -0.78806156 -0.38404185 0.48111412
vn -0.61310118 -0.70455325 0.35736769
vn -0.16304561 -0.72617406 0.66789770
vn -0.68932444 0.17287695 0.70352352
vn -0.78806156 -0.38404185 0.48111412
vn -0.16304561 -0.72617406 0.66789770
vn -0.68932444 0.17287695 0.70352352
vn -0.90011173 0.26291442 0.34738293
vn -0.78806156 -0.38404185 0.48111412
vn -0.68932444 0.17287695 0.70352352
vn -0.55797768 0.73121202 0.39241549
vn -0.90011173 0.26291442 0.34738293
vn -0.04378437 0.82484078 0.56366706
vn -0.55797768 0.73121202 0.39241549
vn -0.68932444 0.17287695 0.70352352
vn -0.68932444 0.17287695 0.70352352
vn 0.18943796 0.07082038 0.97933537
vn -0.04378437 0.82484078 0.56366706
vn 0.02676032 0.93375063 0.35692254
vn -0.55797768 0.73121202 0.39241549
vn -0.04378437 0.82484078 0.56366706
vn -0.04378437 0.82484078 0.56366706
vn 0.44440734 0.84751666 0.29020268
vn 0.02676032 0.93375063 0.35692254
vn 0.60107529 0.65388221 0.45950684
vn 0.44440734 0.84751666 0.29020268
vn -0.04378437 0.82484078 0.56366706
vn -0.04378437 0.82484078 0.56366706
vn 0.18943796 0.07082038 0.97933537
vn 0.60107529 0.65388221 0.45950684
vn 0.88507646 0.18342701 0.42777818
vn 0.60107529 0.65388221 0.45950684
vn 0.18943796 0.07082038 0.97933537
vn 0.60107529 0.65388221 0.45950684
vn 0.88507646 0.18342701 0.42777818
vn 0.81529558 0.50409424 0.28492475
vn 0.58875364 -0.63532031 0.49973720
vn 0.92209947 -0.19681020 0.33316413
vn 0.88507646 0.18342701 0.42777818
vn 0.58875364 -0.63532031 0.49973720
vn 0.88507646 0.18342701 0.42777818
vn 0.18943796 0.07082038 0.97933537
vn 0.18943796 0.07082038 0.97933537
vn -0.68932444 0.17287695 0.70352352
vn -0.16304561 -0.72617406 0.66789770
vn -0.16304561 -0.72617406 0.66789770
vn 0.58875364 -0.63532031 0.49973720
vn 0.18943796 0.07082038 0.97933537
vn -0.16304561 -0.72617406 0.66789770
vn -0.08049020 -0.94108683 0.32844618
vn 0.58875364 -0.63532031 0.49973720
vn 0.02724674 0.04022676 -0.99881899
vn 0.21200810 -0.17021187 -0.96233076
vn 0.03988717 -0.33091912 -0.94281578
vn 0.02724674 0.04022676 -0.99881899
vn 0.03988717 -0.33091912 -0.94281578
vn -0.27111790 0.14768843 -0.95114839
vn 0.02724674 0.04022676 -0.99881899
vn -0.27111790 0.14768843 -0.95114839
vn -0.00076448 0.48244292 -0.87592709
vn 0.02724674 0.04022676 -0.99881899
vn -0.00076448 0.48244292 -0.87592709
vn 0.42361727 0.58322340 -0.69310808
vn 0.02724674 0.04022676 -0.99881899
vn 0.66071182 0.34441343 -0.66696268
vn 0.72550303 0.01160089 -0.68812114
vn 0.02724674 0.04022676 -0.99881899
vn 0.72550303 0.01160089 -0.68812114
vn 0.21200810 -0.17021187 -0.96233076
vn -0.38305277 -0.92236245 -0.05018115
vn -0.06149644 -0.99343550 -0.09645772
vn -0.17384702 -0.98372692 0.04537100
vn -0.06149644 -0.99343550 -0.09645772
vn -0.38305277 -0.92236245 -0.05018115
vn -0.19352320 -0.78875208 -0.58345431
vn -0.17384702 -0.98372692 0.04537100
vn -0.06149644 -0.99343550 -0.09645772
vn 0.22321160 -0.97363716 0.04698131
vn -0.17384702 -0.98372692 0.04537100
vn 0.01327929 -0.98426592 0.17619388
vn -0.26229852 -0.94942075 0.17262587
vn -0.17384702 -0.98372692 0.04537100
vn 0.22321160 -0.97363716 0.04698131
vn 0.01327929 -0.98426592 0.17619388
vn -0.17384702 -0.98372692 0.04537100
vn -0.26229852 -0.94942075 0.17262587
vn -0.46416205 -0.88123882 0.08928454
vn -0.26229852 -0.94942075 0.17262587
vn -0.52307153 -0.82552558 0.21190494
vn -0.46416205 -0.88123882 0.08928454
vn -0.46416205 -0.88123882 0.08928454
vn -0.38305277 -0.92236245 -0.05018115
vn -0.17384702 -0.98372692 0.04537100
vn -0.08049020 -0.94108683 0.32844618
vn 0.01327929 -0.98426592 0.17619388
vn 0.27012947 -0.92369777 0.27168456
vn -0.08049020 -0.94108683 0.32844618
vn -0.26229852 -0.94942075 0.17262587
vn 0.01327929 -0.98426592 0.17619388
vn -0.61310118 -0.70455325 0.35736769
vn -0.08049020 -0.94108683 0.32844618
vn -0.16304561 -0.72617406 0.66789770
vn -0.08049020 -0.94108683 0.32844618
vn -0.61310118 -0.70455325 0.35736769
vn -0.48093000 -0.83712608 0.26062664
vn -0.08049020 -0.94108683 0.32844618
vn -0.48093000 -0.83712608 0.26062664
vn -0.26229852 -0.94942075 0.17262587
vn -0.48093000 -0.83712608 0.26062664
vn -0.52307153 -0.82552558 0.21190494
vn -0.26229852 -0.94942075 0.17262587
vn -0.38305277 -0.92236245 -0.05018115
vn -0.63877761 -0.76683855 -0.06262464
vn -0.45110747 -0.58328044 -0.67548943
vn -0.46416205 -0.88123882 0.08928454
vn -0.63877761 -0.76683855 -0.06262464
vn -0.38305277 -0.92236245 -0.05018115
vn -0.71369284 -0.68608832 0.14115725
vn -0.46416205 -0.88123882 0.08928454
vn -0.52307153 -0.82552558 0.21190494
vn -0.46416205 -0.88123882 0.08928454
vn -0.71369284 -0.68608832 0.14115725
vn -0.63877761 -0.76683855 -0.06262464
vn -0.71369284 -0.68608832 0.14115725
vn -0.85137528 -0.52428961 0.01674989
vn -0.63877761 -0.76683855 -0.06262464
vn -0.78475851 -0.50227374 -0.36314613
vn -0.45110747 -0.58328044 -0.67548943
vn -0.63877761 -0.76683855 -0.06262464
vn -0.78475851 -0.50227374 -0.36314613
vn -0.63877761 -0.76683855 -0.06262464
vn -0.85137528 -0.52428961 0.01674989
vn -0.78475851 -0.50227374 -0.36314613
vn -0.85137528 -0.52428961 0.01674989
vn -0.96872061 -0.23432815 -0.08167411
vn -0.96872061 -0.23432815 -0.08167411
vn -0.93910772 -0.13854067 -0.31445691
vn -0.78475851 -0.50227374 -0.36314613
vn -0.71369284 -0.68608832 0.14115725
vn -0.92006201 -0.35996363 0.15463546
vn -0.85137528 -0.52428961 0.01674989
vn -0.61310118 -0.70455325 0.35736769
vn -0.79555035 -0.55340040 0.24667323
vn -0.48093000 -0.83712608 0.26062664
vn -0.79555035 -0.55340040 0.24667323
vn -0.52307153 -0.82552558 0.21190494
vn -0.48093000 -0.83712608 0.26062664
vn -0.79555035 -0.55340040 0.24667323
vn -0.71369284 -0.68608832 0.14115725
vn -0.52307153 -0.82552558 0.21190494
vn -0.94084918 -0.17808370 0.28825167
vn -0.61310118 -0.70455325 0.35736769
vn -0.78806156 -0.38404185 0.48111412
vn -0.79555035 -0.55340040 0.24667323
vn -0.92006201 -0.35996363 0.15463546
vn -0.71369284 -0.68608832 0.14115725
vn -0.61310118 -0.70455325 0.35736769
vn -0.94084918 -0.17808370 0.28825167
vn -0.79555035 -0.55340040 0.24667323
vn -0.79555035 -0.55340040 0.24667323
vn -0.94084918 -0.17808370 0.28825167
vn -0.92006201 -0.35996363 0.15463546
vn -0.99517155 -0.06868030 0.07011885
vn -0.85137528 -0.52428961 0.01674989
vn -0.92006201 -0.35996363 0.15463546
vn -0.99517155 -0.06868030 0.07011885
vn -0.96872061 -0.23432815 -0.08167411
vn -0.85137528 -0.52428961 0.01674989
vn -0.92006201 -0.35996363 0.15463546
vn -0.98118562 -0.03725853 0.18943770
vn -0.99517155 -0.06868030 0.07011885
vn -0.96872061 -0.23432815 -0.08167411
vn -0.99517155 -0.06868030 0.07011885
vn -0.98115396 0.18185300 -0.06531768
vn -0.94084918 -0.17808370 0.28825167
vn -0.98118562 -0.03725853 0.18943770
vn -0.92006201 -0.35996363 0.15463546
vn -0.94084918 -0.17808370 0.28825167
vn -0.78806156 -0.38404185 0.48111412
vn -0.90011173 0.26291442 0.34738293
vn -0.98115396 0.18185300 -0.06531768
vn -0.84893674 0.52365649 -0.07134650
vn -0.78908020 0.26896772 -0.55227607
vn -0.94783032 0.30781823 0.08285937
vn -0.98115396 0.18185300 -0.06531768
vn -0.99517155 -0.06868030 0.07011885
vn -0.94783032 0.30781823 0.08285937
vn -0.99517155 -0.06868030 0.07011885
vn -0.98118562 -0.03725853 0.18943770
vn -0.94783032 0.30781823 0.08285937
vn -0.98118562 -0.03725853 0.18943770
vn -0.92132562 0.31529444 0.22748294
vn -0.98115396 0.18185300 -0.06531768
vn -0.94783032 0.30781823 0.08285937
vn -0.84893674 0.52365649 -0.07134650
vn -0.90011173 0.26291442 0.34738293
vn -0.92132562 0.31529444 0.22748294
vn -0.94084918 -0.17808370 0.28825167
vn -0.92132562 0.31529444 0.22748294
vn -0.98118562 -0.03725853 0.18943770
vn -0.94084918 -0.17808370 0.28825167
vn -0.84893674 0.52365649 -0.07134650
vn -0.58203417 0.81263489 -0.02933883
vn -0.62610769 0.58590305 -0.51449662
vn -0.78966993 0.60214645 0.11764797
vn -0.84893674 0.52365649 -0.07134650
vn -0.94783032 0.30781823 0.08285937
vn -0.94783032 0.30781823 0.08285937
vn -0.92132562 0.31529444 0.22748294
vn -0.78966993 0.60214645 0.11764797
vn -0.78966993 0.60214645 0.11764797
vn -0.58203417 0.81263489 -0.02933883
vn -0.84893674 0.52365649 -0.07134650
vn -0.90011173 0.26291442 0.34738293
vn -0.65638322 0.70354706 0.27236477
vn -0.92132562 0.31529444 0.22748294
vn -0.90011173 0.26291442 0.34738293
vn -0.55797768 0.73121202 0.39241549
vn -0.65638322 0.70354706 0.27236477
vn -0.65638322 0.70354706 0.27236477
vn -0.78966993 0.60214645 0.11764797
vn -0.92132562 0.31529444 0.22748294
vn -0.58203417 0.81263489 -0.02933883
vn -0.18424746 0.97850102 -0.09267483
vn -0.28787839 0.71795034 -0.63377708
vn -0.47451910 0.86994988 0.13423444
vn -0.58203417 0.81263489 -0.02933883
vn -0.78966993 0.60214645 0.11764797
vn -0.47451910 0.86994988 0.13423444
vn -0.15023617 0.98676848 0.06096722
vn -0.58203417 0.81263489 -0.02933883
vn -0.65638322 0.70354706 0.27236477
vn -0.47451910 0.86994988 0.13423444
vn -0.78966993 0.60214645 0.11764797
vn -0.65638322 0.70354706 0.27236477
vn -0.55797768 0.73121202 0.39241549
vn -0.29913813 0.92703050 0.22612137
vn -0.65638322 0.70354706 0.27236477
vn -0.29913813 0.92703050 0.22612137
vn -0.47451910 0.86994988 0.13423444
vn -0.18424746 0.97850102 -0.09267483
vn -0.58203417 0.81263489 -0.02933883
vn -0.15023617 0.98676848 0.06096722
vn -0.18424746 0.97850102 -0.09267483
vn -0.15023617 0.98676848 0.06096722
vn 0.14557120 0.98934388 -0.00277503
vn -0.15023617 0.98676848 0.06096722
vn -0.47451910 0.86994988 0.13423444
vn 0.04617822 0.97946751 0.19624218
vn 0.04617822 0.97946751 0.19624218
vn -0.47451910 0.86994988 0.13423444
vn -0.29913813 0.92703050 0.22612137
vn 0.02676032 0.93375063 0.35692254
vn -0.29913813 0.92703050 0.22612137
vn -0.55797768 0.73121202 0.39241549
vn 0.02676032 0.93375063 0.35692254
vn 0.04617822 0.97946751 0.19624218
vn -0.29913813 0.92703050 0.22612137
vn 0.37187931 0.92394245 -0.08964474
vn 0.15437335 0.90931332 -0.38641712
vn 0.14557120 0.98934388 -0.00277503
vn 0.14557120 0.98934388 -0.00277503
vn 0.15437335 0.90931332 -0.38641712
vn -0.18424746 0.97850102 -0.09267483
vn 0.33187100 0.93510807 0.12423593
vn 0.14557120 0.98934388 -0.00277503
vn -0.15023617 0.98676848 0.06096722
vn -0.15023617 0.98676848 0.06096722
vn 0.04617822 0.97946751 0.19624218
vn 0.33187100 0.93510807 0.12423593
vn 0.33187100 0.93510807 0.12423593
vn 0.04617822 0.97946751 0.19624218
vn 0.44440734 0.84751666 0.29020268
vn 0.33187100 0.93510807 0.12423593
vn 0.37187931 0.92394245 -0.08964474
vn 0.14557120 0.98934388 -0.00277503
vn 0.04617822 0.97946751 0.19624218
vn 0.02676032 0.93375063 0.35692254
vn 0.44440734 0.84751666 0.29020268
vn 0.70727432 0.70034099 -0.09636151
vn 0.42361727 0.58322340 -0.69310808
vn 0.37187931 0.92394245 -0.08964474
vn 0.70727432 0.70034099 -0.09636151
vn 0.37187931 0.92394245 -0.08964474
vn 0.63910300 0.76839119 0.03350057
vn 0.33187100 0.93510807 0.12423593
vn 0.63910300 0.76839119 0.03350057
vn 0.37187931 0.92394245 -0.08964474
vn 0.63910300 0.76839119 0.03350057
vn 0.33187100 0.93510807 0.12423593
vn 0.70515418 0.68324238 0.18957172
vn 0.44440734 0.84751666 0.29020268
vn 0.60107529 0.65388221 0.45950684
vn 0.81529558 0.50409424 0.28492475
vn 0.44440734 0.84751666 0.29020268
vn 0.70515418 0.68324238 0.18957172
vn 0.33187100 0.93510807 0.12423593
vn 0.44440734 0.84751666 0.29020268
vn 0.81529558 0.50409424 0.28492475
vn 0.70515418 0.68324238 0.18957172
vn 0.70727432 0.70034099 -0.09636151
vn 0.63910300 0.76839119 0.03350057
vn 0.93045169 0.36077794 -0.06402278
vn 0.93045169 0.36077794 -0.06402278
vn 0.66071182 0.34441343 -0.66696268
vn 0.70727432 0.70034099 -0.09636151
vn 0.89321601 0.44516414 0.06319857
vn 0.93045169 0.36077794 -0.06402278
vn 0.63910300 0.76839119 0.03350057
vn 0.89321601 0.44516414 0.06319857
vn 0.63910300 0.76839119 0.03350057
vn 0.70515418 0.68324238 0.18957172
vn 0.89321601 0.44516414 0.06319857
vn 0.70515418 0.68324238 0.18957172
vn 0.94561118 0.28098929 0.16390395
vn 0.81529558 0.50409424 0.28492475
vn 0.94561118 0.28098929 0.16390395
vn 0.70515418 0.68324238 0.18957172
vn 0.66071182 0.34441343 -0.66696268
vn 0.93045169 0.36077794 -0.06402278
vn 0.72550303 0.01160089 -0.68812114
vn 0.72550303 0.01160089 -0.68812114
vn 0.93045169 0.36077794 -0.06402278
vn 0.99988794 -0.01250852 0.00822065
vn 0.94561118 0.28098929 0.16390395
vn 0.99988794 -0.01250852 0.00822065
vn 0.89321601 0.44516414 0.06319857
vn 0.99988794 -0.01250852 0.00822065
vn 0.93045169 0.36077794 -0.06402278
vn 0.89321601 0.44516414 0.06319857
vn 0.99988794 -0.01250852 0.00822065
vn 0.94561118 0.28098929 0.16390395
vn 0.96387869 -0.21505539 0.15712748
vn 0.94561118 0.28098929 0.16390395
vn 0.96464348 0.09267095 0.24672867
vn 0.96387869 -0.21505539 0.15712748
vn 0.96464348 0.09267095 0.24672867
vn 0.81529558 0.50409424 0.28492475
vn 0.88507646 0.18342701 0.42777818
vn 0.81529558 0.50409424 0.28492475
vn 0.96464348 0.09267095 0.24672867
vn 0.94561118 0.28098929 0.16390395
vn 0.88507646 0.18342701 0.42777818
vn 0.92209947 -0.19681020 0.33316413
vn 0.96464348 0.09267095 0.24672867
vn 0.94249320 -0.31793332 -0.10307775
vn 0.72550303 0.01160089 -0.68812114
vn 0.99988794 -0.01250852 0.00822065
vn 0.99988794 -0.01250852 0.00822065
vn 0.88582957 -0.46129349 0.05014257
vn 0.94249320 -0.31793332 -0.10307775
vn 0.96387869 -0.21505539 0.15712748
vn 0.88582957 -0.46129349 0.05014257
vn 0.99988794 -0.01250852 0.00822065
vn 0.92209947 -0.19681020 0.33316413
vn 0.96387869 -0.21505539 0.15712748
vn 0.96464348 0.09267095 0.24672867
vn 0.92209947 -0.19681020 0.33316413
vn 0.77825975 -0.58350360 0.23202443
vn 0.96387869 -0.21505539 0.15712748
vn 0.75538814 -0.65168291 -0.06854318
vn 0.75976050 -0.37252292 -0.53290778
vn 0.94249320 -0.31793332 -0.10307775
vn 0.75538814 -0.65168291 -0.06854318
vn 0.94249320 -0.31793332 -0.10307775
vn 0.88582957 -0.46129349 0.05014257
vn 0.88582957 -0.46129349 0.05014257
vn 0.96387869 -0.21505539 0.15712748
vn 0.77825975 -0.58350360 0.23202443
vn 0.88582957 -0.46129349 0.05014257
vn 0.77825975 -0.58350360 0.23202443
vn 0.61968780 -0.78138602 0.07364074
vn 0.88582957 -0.46129349 0.05014257
vn 0.61968780 -0.78138602 0.07364074
vn 0.75538814 -0.65168291 -0.06854318
vn 0.65031856 -0.68881094 0.32035181
vn 0.92209947 -0.19681020 0.33316413
vn 0.58875364 -0.63532031 0.49973720
vn 0.77825975 -0.58350360 0.23202443
vn 0.92209947 -0.19681020 0.33316413
vn 0.65031856 -0.68881094 0.32035181
vn 0.27130103 -0.96015781 -0.06702800
vn 0.35248435 -0.76943797 -0.53265369
vn 0.51983315 -0.84856302 -0.09856138
vn 0.27130103 -0.96015781 -0.06702800
vn 0.12359321 -0.85847658 -0.49773759
vn 0.35248435 -0.76943797 -0.53265369
vn 0.27130103 -0.96015781 -0.06702800
vn 0.51983315 -0.84856302 -0.09856138
vn 0.22321160 -0.97363716 0.04698131
vn 0.27130103 -0.96015781 -0.06702800
vn 0.22321160 -0.97363716 0.04698131
vn -0.06149644 -0.99343550 -0.09645772
vn 0.27130103 -0.96015781 -0.06702800
vn -0.06149644 -0.99343550 -0.09645772
vn 0.12359321 -0.85847658 -0.49773759
vn -0.06149644 -0.99343550 -0.09645772
vn -0.19352320 -0.78875208 -0.58345431
vn 0.12359321 -0.85847658 -0.49773759
vn 0.40191248 -0.89606762 0.18849194
vn 0.01327929 -0.98426592 0.17619388
vn 0.22321160 -0.97363716 0.04698131
vn -0.08049020 -0.94108683 0.32844618
vn 0.27012947 -0.92369777 0.27168456
vn 0.58875364 -0.63532031 0.49973720
vn 0.27012947 -0.92369777 0.27168456
vn 0.01327929 -0.98426592 0.17619388
vn 0.40191248 -0.89606762 0.18849194
vn 0.51983315 -0.84856302 -0.09856138
vn 0.55194020 -0.59793997 -0.58123124
vn 0.75538814 -0.65168291 -0.06854318
vn 0.51983315 -0.84856302 -0.09856138
vn 0.75538814 -0.65168291 -0.06854318
vn 0.61968780 -0.78138602 0.07364074
vn 0.51983315 -0.84856302 -0.09856138
vn 0.61968780 -0.78138602 0.07364074
vn 0.22321160 -0.97363716 0.04698131
vn 0.40191248 -0.89606762 0.18849194
vn 0.61968780 -0.78138602 0.07364074
vn 0.77825975 -0.58350360 0.23202443
vn 0.40191248 -0.89606762 0.18849194
vn 0.22321160 -0.97363716 0.04698131
vn 0.61968780 -0.78138602 0.07364074
vn 0.65031856 -0.68881094 0.32035181
vn 0.40191248 -0.89606762 0.18849194
vn 0.77825975 -0.58350360 0.23202443
vn 0.27012947 -0.92369777 0.27168456
vn 0.65031856 -0.68881094 0.32035181
vn 0.58875364 -0.63532031 0.49973720
vn 0.65031856 -0.68881094 0.32035181
vn 0.27012947 -0.92369777 0.27168456
vn 0.40191248 -0.89606762 0.18849194
vn 0.12359321 -0.85847658 -0.49773759
vn -0.19352320 -0.78875208 -0.58345431
vn 0.03988717 -0.33091912 -0.94281578
vn -0.45110747 -0.58328044 -0.67548943
vn 0.03988717 -0.33091912 -0.94281578
vn -0.19352320 -0.78875208 -0.58345431
vn -0.45110747 -0.58328044 -0.67548943
vn -0.19352320 -0.78875208 -0.58345431
vn -0.38305277 -0.92236245 -0.05018115
vn -0.45110747 -0.58328044 -0.67548943
vn -0.78475851 -0.50227374 -0.36314613
vn -0.58473998 -0.14272812 -0.79856610
vn -0.45110747 -0.58328044 -0.67548943
vn -0.58473998 -0.14272812 -0.79856610
vn 0.03988717 -0.33091912 -0.94281578
vn -0.78475851 -0.50227374 -0.36314613
vn -0.93910772 -0.13854067 -0.31445691
vn -0.58473998 -0.14272812 -0.79856610
vn -0.58473998 -0.14272812 -0.79856610
vn -0.27111790 0.14768843 -0.95114839
vn 0.03988717 -0.33091912 -0.94281578
vn -0.78908020 0.26896772 -0.55227607
vn -0.27111790 0.14768843 -0.95114839
vn -0.58473998 -0.14272812 -0.79856610
vn -0.58473998 -0.14272812 -0.79856610
vn -0.93910772 -0.13854067 -0.31445691
vn -0.78908020 0.26896772 -0.55227607
vn -0.78908020 0.26896772 -0.55227607
vn -0.93910772 -0.13854067 -0.31445691
vn -0.98115396 0.18185300 -0.06531768
vn -0.98115396 0.18185300 -0.06531768
vn -0.93910772 -0.13854067 -0.31445691
vn -0.96872061 -0.23432815 -0.08167411
vn -0.62610769 0.58590305 -0.51449662
vn -0.78908020 0.26896772 -0.55227607
vn -0.84893674 0.52365649 -0.07134650
vn -0.78908020 0.26896772 -0.55227607
vn -0.28787839 0.71795034 -0.63377708
vn -0.27111790 0.14768843 -0.95114839
vn -0.62610769 0.58590305 -0.51449662
vn -0.28787839 0.71795034 -0.63377708
vn -0.78908020 0.26896772 -0.55227607
vn -0.62610769 0.58590305 -0.51449662
vn -0.58203417 0.81263489 -0.02933883
vn -0.28787839 0.71795034 -0.63377708
vn -0.27111790 0.14768843 -0.95114839
vn -0.28787839 0.71795034 -0.63377708
vn -0.00076448 0.48244292 -0.87592709
vn -0.00076448 0.48244292 -0.87592709
vn -0.28787839 0.71795034 -0.63377708
vn 0.15437335 0.90931332 -0.38641712
vn -0.28787839 0.71795034 -0.63377708
vn -0.18424746 0.97850102 -0.09267483
vn 0.15437335 0.90931332 -0.38641712
vn 0.15437335 0.90931332 -0.38641712
vn 0.42361727 0.58322340 -0.69310808
vn -0.00076448 0.48244292 -0.87592709
vn 0.66071182 0.34441343 -0.66696268
vn 0.02724674 0.04022676 -0.99881899
vn 0.42361727 0.58322340 -0.69310808
vn 0.42361727 0.58322340 -0.69310808
vn 0.15437335 0.90931332 -0.38641712
vn 0.37187931 0.92394245 -0.08964474
vn 0.66071182 0.34441343 -0.66696268
vn 0.42361727 0.58322340 -0.69310808
vn 0.70727432 0.70034099 -0.09636151
vn 0.75976050 -0.37252292 -0.53290778
vn 0.21200810 -0.17021187 -0.96233076
vn 0.72550303 0.01160089 -0.68812114
vn 0.72550303 0.01160089 -0.68812114
vn 0.94249320 -0.31793332 -0.10307775
vn 0.75976050 -0.37252292 -0.53290778
vn 0.75976050 -0.37252292 -0.53290778
vn 0.55194020 -0.59793997 -0.58123124
vn 0.21200810 -0.17021187 -0.96233076
vn 0.75976050 -0.37252292 -0.53290778
vn 0.75538814 -0.65168291 -0.06854318
vn 0.55194020 -0.59793997 -0.58123124
vn 0.12359321 -0.85847658 -0.49773759
vn 0.03988717 -0.33091912 -0.94281578
vn 0.35248435 -0.76943797 -0.53265369
vn 0.55194020 -0.59793997 -0.58123124
vn 0.51983315 -0.84856302 -0.09856138
vn 0.35248435 -0.76943797 -0.53265369
vn 0.35248435 -0.76943797 -0.53265369
vn 0.03988717 -0.33091912 -0.94281578
vn 0.55194020 -0.59793997 -0.58123124
vn 0.55194020 -0.59793997 -0.58123124
vn 0.03988717 -0.33091912 -0.94281578
vn 0.21200810 -0.17021187 -0.96233076
vn 0.16690683 0.80741715 -0.56587952
vn 0.11056338 0.91480809 -0.38846087
vn 0.58922195 0.74278522 -0.31794271
vn 0.16690683 0.80741715 -0.56587952
vn 0.80963856 0.41217408 -0.41784915
vn 0.63439578 -0.06870914 -0.76994878
vn 0.80963856 0.41217408 -0.41784915
vn 0.16690683 0.80741715 -0.56587952
vn 0.58922195 0.74278522 -0.31794271
vn 0.80963856 0.41217408 -0.41784915
vn 0.90131348 -0.27274901 -0.33651441
vn 0.63439578 -0.06870914 -0.76994878
vn 0.63439578 -0.06870914 -0.76994878
vn 0.90131348 -0.27274901 -0.33651441
vn 0.67041910 -0.63500011 -0.38381386
vn 0.14338712 -0.83177733 -0.53627098
vn 0.63439578 -0.06870914 -0.76994878
vn 0.67041910 -0.63500011 -0.38381386
vn 0.14338712 -0.83177733 -0.53627098
vn -0.52565259 -0.72416371 -0.44640371
vn -0.23251316 0.00737876 -0.97256523
vn -0.52565259 -0.72416371 -0.44640371
vn -0.89739126 -0.06575557 -0.43630850
vn -0.23251316 0.00737876 -0.97256523
vn -0.52565259 -0.72416371 -0.44640371
vn -0.67098248 -0.66660118 -0.32469276
vn -0.89739126 -0.06575557 -0.43630850
vn -0.89739126 -0.06575557 -0.43630850
vn -0.62464839 0.62464488 -0.46865031
vn -0.23251316 0.00737876 -0.97256523
vn -0.23251316 0.00737876 -0.97256523
vn 0.63439578 -0.06870914 -0.76994878
vn 0.14338712 -0.83177733 -0.53627098
vn -0.23251316 0.00737876 -0.97256523
vn -0.62464839 0.62464488 -0.46865031
vn 0.16690683 0.80741715 -0.56587952
vn -0.23251316 0.00737876 -0.97256523
vn 0.16690683 0.80741715 -0.56587952
vn 0.63439578 -0.06870914 -0.76994878
vn -0.62464839 0.62464488 -0.46865031
vn 0.11056338 0.91480809 -0.38846087
vn 0.16690683 0.80741715 -0.56587952
vn 0.11056338 0.91480809 -0.38846087
vn -0.62464839 0.62464488 -0.46865031
vn -0.28807899 0.89850360 -0.33121264
vn -0.25125393 0.04249947 0.96698773
vn -0.17052810 0.48187232 0.85948777
vn -0.57383758 0.47792706 0.66505349
vn -0.17052810 0.48187232 0.85948777
vn -0.25125393 0.04249947 0.96698773
vn -0.26372522 -0.62873191 0.73153621
vn -0.25125393 0.04249947 0.96698773
vn -0.70139474 -0.21005064 0.68111980
vn -0.26372522 -0.62873191 0.73153621
vn 0.69843894 -0.02546177 0.71521658
vn -0.26372522 -0.62873191 0.73153621
vn 0.23494259 -0.68618268 0.68844414
vn -0.17052810 0.48187232 0.85948777
vn -0.26372522 -0.62873191 0.73153621
vn 0.69843894 -0.02546177 0.71521658
vn 0.69843894 -0.02546177 0.71521658
vn 0.65219045 0.30668032 0.69324946
vn -0.17052810 0.48187232 0.85948777
vn 0.18705617 0.98051322 0.06003220
vn 0.28348807 0.68879443 0.66723067
vn 0.50142896 0.86052185 0.08983932
vn 0.18705617 0.98051322 0.06003220
vn 0.50142896 0.86052185 0.08983932
vn 0.35693565 0.93206620 -0.06204462
vn 0.18705617 0.98051322 0.06003220
vn -0.04281748 0.89030242 0.45335224
vn 0.28348807 0.68879443 0.66723067
vn 0.18705617 0.98051322 0.06003220
vn -0.15822729 0.98336726 0.08917952
vn -0.04281748 0.89030242 0.45335224
vn 0.35693565 0.93206620 -0.06204462
vn 0.48471743 0.85843432 -0.16774844
vn 0.26920822 0.93707424 -0.22230336
vn 0.35693565 0.93206620 -0.06204462
vn 0.26920822 0.93707424 -0.22230336
vn -0.03951837 0.99460447 -0.09591813
vn 0.26920822 0.93707424 -0.22230336
vn -0.05610408 0.96421796 -0.25910616
vn -0.03951837 0.99460447 -0.09591813
vn 0.35693565 0.93206620 -0.06204462
vn -0.03951837 0.99460447 -0.09591813
vn 0.18705617 0.98051322 0.06003220
vn 0.26920822 0.93707424 -0.22230336
vn 0.58922195 0.74278522 -0.31794271
vn 0.11056338 0.91480809 -0.38846087
vn 0.26920822 0.93707424 -0.22230336
vn 0.11056338 0.91480809 -0.38846087
vn -0.05610408 0.96421796 -0.25910616
vn -0.05610408 0.96421796 -0.25910616
vn 0.11056338 0.91480809 -0.38846087
vn -0.28807899 0.89850360 -0.33121264
vn 0.50142896 0.86052185 0.08983932
vn 0.61908275 0.62049097 0.48138091
vn 0.74776316 0.66371137 0.01837097
vn 0.50142896 0.86052185 0.08983932
vn 0.74776316 0.66371137 0.01837097
vn 0.35693565 0.93206620 -0.06204462
vn 0.74423838 0.66107571 -0.09533156
vn 0.35693565 0.93206620 -0.06204462
vn 0.74776316 0.66371137 0.01837097
vn 0.48471743 0.85843432 -0.16774844
vn 0.74423838 0.66107571 -0.09533156
vn 0.81007296 0.53762966 -0.23395760
vn 0.48471743 0.85843432 -0.16774844
vn 0.35693565 0.93206620 -0.06204462
vn 0.74423838 0.66107571 -0.09533156
vn 0.81007296 0.53762966 -0.23395760
vn 0.58922195 0.74278522 -0.31794271
vn 0.48471743 0.85843432 -0.16774844
vn 0.58922195 0.74278522 -0.31794271
vn 0.26920822 0.93707424 -0.22230336
vn 0.48471743 0.85843432 -0.16774844
vn 0.93547064 0.33842701 0.10179337
vn 0.61908275 0.62049097 0.48138091
vn 0.65219045 0.30668032 0.69324946
vn 0.93547064 0.33842701 0.10179337
vn 0.97079617 0.22502688 -0.08317284
vn 0.74776316 0.66371137 0.01837097
vn 0.93547064 0.33842701 0.10179337
vn 0.74776316 0.66371137 0.01837097
vn 0.61908275 0.62049097 0.48138091
vn 0.74423838 0.66107571 -0.09533156
vn 0.74776316 0.66371137 0.01837097
vn 0.97079617 0.22502688 -0.08317284
vn 0.74423838 0.66107571 -0.09533156
vn 0.97079617 0.22502688 -0.08317284
vn 0.81007296 0.53762966 -0.23395760
vn 0.81007296 0.53762966 -0.23395760
vn 0.92912799 0.18934786 -0.31759813
vn 0.58922195 0.74278522 -0.31794271
vn 0.58922195 0.74278522 -0.31794271
vn 0.92912799 0.18934786 -0.31759813
vn 0.80963856 0.41217408 -0.41784915
vn 0.93547064 0.33842701 0.10179337
vn 0.69843894 -0.02546177 0.71521658
vn 0.99505055 -0.08963478 0.04289552
vn 0.93547064 0.33842701 0.10179337
vn 0.65219045 0.30668032 0.69324946
vn 0.69843894 -0.02546177 0.71521658
vn 0.99505055 -0.08963478 0.04289552
vn 0.97079617 0.22502688 -0.08317284
vn 0.93547064 0.33842701 0.10179337
vn 0.97079617 0.22502688 -0.08317284
vn 0.97990590 0.03870034 -0.19567002
vn 0.81007296 0.53762966 -0.23395760
vn 0.81007296 0.53762966 -0.23395760
vn 0.97990590 0.03870034 -0.19567002
vn 0.92912799 0.18934786 -0.31759813
vn 0.92912799 0.18934786 -0.31759813
vn 0.90131348 -0.27274901 -0.33651441
vn 0.80963856 0.41217408 -0.41784915
vn 0.99505055 -0.08963478 0.04289552
vn 0.63208777 -0.42144120 0.65027106
vn 0.77449960 -0.61971003 0.12692447
vn 0.99505055 -0.08963478 0.04289552
vn 0.77449960 -0.61971003 0.12692447
vn 0.81133121 -0.58458054 0.00269436
vn 0.99505055 -0.08963478 0.04289552
vn 0.69843894 -0.02546177 0.71521658
vn 0.63208777 -0.42144120 0.65027106
vn 0.94936174 -0.28330603 -0.13583061
vn 0.99505055 -0.08963478 0.04289552
vn 0.81133121 -0.58458054 0.00269436
vn 0.94936174 -0.28330603 -0.13583061
vn 0.81133121 -0.58458054 0.00269436
vn 0.77926582 -0.61130786 -0.13801256
vn 0.97990590 0.03870034 -0.19567002
vn 0.94936174 -0.28330603 -0.13583061
vn 0.92238164 -0.29762772 -0.24623132
vn 0.94936174 -0.28330603 -0.13583061
vn 0.97990590 0.03870034 -0.19567002
vn 0.97079617 0.22502688 -0.08317284
vn 0.94936174 -0.28330603 -0.13583061
vn 0.97079617 0.22502688 -0.08317284
vn 0.99505055 -0.08963478 0.04289552
vn 0.92238164 -0.29762772 -0.24623132
vn 0.90131348 -0.27274901 -0.33651441
vn 0.92912799 0.18934786 -0.31759813
vn 0.92238164 -0.29762772 -0.24623132
vn 0.92912799 0.18934786 -0.31759813
vn 0.97990590 0.03870034 -0.19567002
vn 0.73181289 -0.63012844 -0.25959200
vn 0.67041910 -0.63500011 -0.38381386
vn 0.90131348 -0.27274901 -0.33651441
vn 0.73181289 -0.63012844 -0.25959200
vn 0.92238164 -0.29762772 -0.24623132
vn 0.77926582 -0.61130786 -0.13801256
vn 0.92238164 -0.29762772 -0.24623132
vn 0.94936174 -0.28330603 -0.13583061
vn 0.77926582 -0.61130786 -0.13801256
vn 0.73181289 -0.63012844 -0.25959200
vn 0.90131348 -0.27274901 -0.33651441
vn 0.92238164 -0.29762772 -0.24623132
vn 0.77449960 -0.61971003 0.12692447
vn 0.23494259 -0.68618268 0.68844414
vn 0.38960749 -0.91782725 0.07615192
vn 0.77449960 -0.61971003 0.12692447
vn 0.38960749 -0.91782725 0.07615192
vn 0.81133121 -0.58458054 0.00269436
vn 0.77449960 -0.61971003 0.12692447
vn 0.63208777 -0.42144120 0.65027106
vn 0.23494259 -0.68618268 0.68844414
vn 0.47121114 -0.87635684 -0.09979337
vn 0.81133121 -0.58458054 0.00269436
vn 0.38960749 -0.91782725 0.07615192
vn 0.47121114 -0.87635684 -0.09979337
vn 0.52689797 -0.82644320 -0.19841921
vn 0.77926582 -0.61130786 -0.13801256
vn 0.47121114 -0.87635684 -0.09979337
vn 0.77926582 -0.61130786 -0.13801256
vn 0.81133121 -0.58458054 0.00269436
vn 0.44028848 -0.84649426 -0.29932177
vn 0.52689797 -0.82644320 -0.19841921
vn 0.21543138 -0.95675439 -0.19547467
vn 0.67041910 -0.63500011 -0.38381386
vn 0.44028848 -0.84649426 -0.29932177
vn 0.14338712 -0.83177733 -0.53627098
vn 0.44028848 -0.84649426 -0.29932177
vn 0.67041910 -0.63500011 -0.38381386
vn 0.73181289 -0.63012844 -0.25959200
vn 0.44028848 -0.84649426 -0.29932177
vn 0.73181289 -0.63012844 -0.25959200
vn 0.52689797 -0.82644320 -0.19841921
vn 0.52689797 -0.82644320 -0.19841921
vn 0.73181289 -0.63012844 -0.25959200
vn 0.77926582 -0.61130786 -0.13801256
vn 0.38960749 -0.91782725 0.07615192
vn 0.23494259 -0.68618268 0.68844414
vn -0.08684265 -0.97945523 0.18200484
vn 0.38960749 -0.91782725 0.07615192
vn -0.08684265 -0.97945523 0.18200484
vn 0.06610270 -0.99776429 -0.00984119
vn 0.06610270 -0.99776429 -0.00984119
vn -0.17510580 -0.97912419 -0.10321741
vn 0.21543138 -0.95675439 -0.19547467
vn 0.21543138 -0.95675439 -0.19547467
vn -0.17510580 -0.97912419 -0.10321741
vn -0.19415581 -0.95221496 -0.23577584
vn 0.06610270 -0.99776429 -0.00984119
vn 0.21543138 -0.95675439 -0.19547467
vn 0.47121114 -0.87635684 -0.09979337
vn 0.47121114 -0.87635684 -0.09979337
vn 0.21543138 -0.95675439 -0.19547467
vn 0.52689797 -0.82644320 -0.19841921
vn 0.47121114 -0.87635684 -0.09979337
vn 0.38960749 -0.91782725 0.07615192
vn 0.06610270 -0.99776429 -0.00984119
vn -0.04986929 -0.95129997 -0.30420613
vn 0.21543138 -0.95675439 -0.19547467
vn -0.19415581 -0.95221496 -0.23577584
vn -0.04986929 -0.95129997 -0.30420613
vn 0.14338712 -0.83177733 -0.53627098
vn 0.44028848 -0.84649426 -0.29932177
vn -0.04986929 -0.95129997 -0.30420613
vn 0.44028848 -0.84649426 -0.29932177
vn 0.21543138 -0.95675439 -0.19547467
vn -0.08684265 -0.97945523 0.18200484
vn -0.38135940 -0.92353779 0.04053407
vn 0.06610270 -0.99776429 -0.00984119
vn -0.17510580 -0.97912419 -0.10321741
vn 0.06610270 -0.99776429 -0.00984119
vn -0.38135940 -0.92353779 0.04053407
vn -0.17510580 -0.97912419 -0.10321741
vn -0.49191004 -0.85404581 -0.16920486
vn -0.19415581 -0.95221496 -0.23577584
vn -0.04986929 -0.95129997 -0.30420613
vn -0.19415581 -0.95221496 -0.23577584
vn -0.67098248 -0.66660118 -0.32469276
vn -0.04986929 -0.95129997 -0.30420613
vn -0.67098248 -0.66660118 -0.32469276
vn -0.52565259 -0.72416371 -0.44640371
vn -0.52565259 -0.72416371 -0.44640371
vn 0.14338712 -0.83177733 -0.53627098
vn -0.04986929 -0.95129997 -0.30420613
vn -0.38135940 -0.92353779 0.04053407
vn -0.66446662 -0.73908347 0.11063325
vn -0.67913032 -0.73318285 -0.03499920
vn -0.66446662 -0.73908347 0.11063325
vn -0.26372522 -0.62873191 0.73153621
vn -0.64087594 -0.58324987 0.49909678
vn -0.66446662 -0.73908347 0.11063325
vn -0.38135940 -0.92353779 0.04053407
vn -0.26372522 -0.62873191 0.73153621
vn -0.49191004 -0.85404581 -0.16920486
vn -0.67913032 -0.73318285 -0.03499920
vn -0.78505206 -0.59451962 -0.17389552
vn -0.49191004 -0.85404581 -0.16920486
vn -0.17510580 -0.97912419 -0.10321741
vn -0.67913032 -0.73318285 -0.03499920
vn -0.67913032 -0.73318285 -0.03499920
vn -0.17510580 -0.97912419 -0.10321741
vn -0.38135940 -0.92353779 0.04053407
vn -0.67098248 -0.66660118 -0.32469276
vn -0.49191004 -0.85404581 -0.16920486
vn -0.78505206 -0.59451962 -0.17389552
vn -0.67098248 -0.66660118 -0.32469276
vn -0.19415581 -0.95221496 -0.23577584
vn -0.49191004 -0.85404581 -0.16920486
vn -0.64087594 -0.58324987 0.49909678
vn -0.70139474 -0.21005064 0.68111980
vn -0.90498000 -0.41523734 0.09267768
vn -0.90498000 -0.41523734 0.09267768
vn -0.91232836 -0.40695453 -0.04522125
vn -0.67913032 -0.73318285 -0.03499920
vn -0.90498000 -0.41523734 0.09267768
vn -0.67913032 -0.73318285 -0.03499920
vn -0.66446662 -0.73908347 0.11063325
vn -0.90498000 -0.41523734 0.09267768
vn -0.66446662 -0.73908347 0.11063325
vn -0.64087594 -0.58324987 0.49909678
vn -0.91232836 -0.40695453 -0.04522125
vn -0.96943551 -0.17469010 -0.17227356
vn -0.78505206 -0.59451962 -0.17389552
vn -0.78505206 -0.59451962 -0.17389552
vn -0.96943551 -0.17469010 -0.17227356
vn -0.91629219 -0.29793790 -0.26765949
vn -0.78505206 -0.59451962 -0.17389552
vn -0.67913032 -0.73318285 -0.03499920
vn -0.91232836 -0.40695453 -0.04522125
vn -0.91629219 -0.29793790 -0.26765949
vn -0.67098248 -0.66660118 -0.32469276
vn -0.78505206 -0.59451962 -0.17389552
vn -0.70139474 -0.21005064 0.68111980
vn -0.83587253 0.16516025 0.52348751
vn -0.99664754 -0.04611168 0.06758298
vn -0.90498000 -0.41523734 0.09267768
vn -0.99664754 -0.04611168 0.06758298
vn -0.91232836 -0.40695453 -0.04522125
vn -0.99664754 -0.04611168 0.06758298
vn -0.90498000 -0.41523734 0.09267768
vn -0.70139474 -0.21005064 0.68111980
vn -0.99855727 0.02177757 -0.04908331
vn -0.91232836 -0.40695453 -0.04522125
vn -0.99664754 -0.04611168 0.06758298
vn -0.99855727 0.02177757 -0.04908331
vn -0.96943551 -0.17469010 -0.17227356
vn -0.91232836 -0.40695453 -0.04522125
vn -0.91629219 -0.29793790 -0.26765949
vn -0.96943551 -0.17469010 -0.17227356
vn -0.94130319 0.18181299 -0.28441569
vn -0.91629219 -0.29793790 -0.26765949
vn -0.89739126 -0.06575557 -0.43630850
vn -0.67098248 -0.66660118 -0.32469276
vn -0.93391854 0.35373950 0.05161931
vn -0.99855727 0.02177757 -0.04908331
vn -0.99664754 -0.04611168 0.06758298
vn -0.93391854 0.35373950 0.05161931
vn -0.99664754 -0.04611168 0.06758298
vn -0.83587253 0.16516025 0.52348751
vn -0.99855727 0.02177757 -0.04908331
vn -0.93391854 0.35373950 0.05161931
vn -0.94303465 0.30036086 -0.14307012
vn -0.99855727 0.02177757 -0.04908331
vn -0.94303465 0.30036086 -0.14307012
vn -0.96943551 -0.17469010 -0.17227356
vn -0.94303465 0.30036086 -0.14307012
vn -0.94130319 0.18181299 -0.28441569
vn -0.96943551 -0.17469010 -0.17227356
vn -0.94130319 0.18181299 -0.28441569
vn -0.94303465 0.30036086 -0.14307012
vn -0.78650463 0.57925570 -0.21418056
vn -0.94130319 0.18181299 -0.28441569
vn -0.62464839 0.62464488 -0.46865031
vn -0.89739126 -0.06575557 -0.43630850
vn -0.94130319 0.18181299 -0.28441569
vn -0.89739126 -0.06575557 -0.43630850
vn -0.91629219 -0.29793790 -0.26765949
vn -0.73673993 0.67325068 -0.06283183
vn -0.93391854 0.35373950 0.05161931
vn -0.71293992 0.69465405 0.09577265
vn -0.73673993 0.67325068 -0.06283183
vn -0.78650463 0.57925570 -0.21418056
vn -0.94303465 0.30036086 -0.14307012
vn -0.73673993 0.67325068 -0.06283183
vn -0.94303465 0.30036086 -0.14307012
vn -0.93391854 0.35373950 0.05161931
vn -0.78650463 0.57925570 -0.21418056
vn -0.66793042 0.68122923 -0.29965931
vn -0.94130319 0.18181299 -0.28441569
vn -0.94130319 0.18181299 -0.28441569
vn -0.66793042 0.68122923 -0.29965931
vn -0.62464839 0.62464488 -0.46865031
vn -0.15822729 0.98336726 0.08917952
vn -0.03951837 0.99460447 -0.09591813
vn -0.36929059 0.92924017 -0.01171405
vn -0.15822729 0.98336726 0.08917952
vn 0.18705617 0.98051322 0.06003220
vn -0.03951837 0.99460447 -0.09591813
vn -0.41222483 0.87260431 0.26197797
vn -0.15822729 0.98336726 0.08917952
vn -0.36929059 0.92924017 -0.01171405
vn -0.36929059 0.92924017 -0.01171405
vn -0.03951837 0.99460447 -0.09591813
vn -0.38459203 0.90356863 -0.18881927
vn -0.03951837 0.99460447 -0.09591813
vn -0.05610408 0.96421796 -0.25910616
vn -0.38459203 0.90356863 -0.18881927
vn -0.38459203 0.90356863 -0.18881927
vn -0.05610408 0.96421796 -0.25910616
vn -0.28807899 0.89850360 -0.33121264
vn -0.38459203 0.90356863 -0.18881927
vn -0.28807899 0.89850360 -0.33121264
vn -0.66793042 0.68122923 -0.29965931
vn -0.71293992 0.69465405 0.09577265
vn -0.41222483 0.87260431 0.26197797
vn -0.36929059 0.92924017 -0.01171405
vn -0.71293992 0.69465405 0.09577265
vn -0.36929059 0.92924017 -0.01171405
vn -0.73673993 0.67325068 -0.06283183
vn -0.73673993 0.67325068 -0.06283183
vn -0.36929059 0.92924017 -0.01171405
vn -0.38459203 0.90356863 -0.18881927
vn -0.38459203 0.90356863 -0.18881927
vn -0.78650463 0.57925570 -0.21418056
vn -0.73673993 0.67325068 -0.06283183
vn -0.28807899 0.89850360 -0.33121264
vn -0.62464839 0.62464488 -0.46865031
vn -0.66793042 0.68122923 -0.29965931
vn -0.66793042 0.68122923 -0.29965931
vn -0.78650463 0.57925570 -0.21418056
vn -0.38459203 0.90356863 -0.18881927
vn 0.28348807 0.68879443 0.66723067
vn -0.04281748 0.89030242 0.45335224
vn -0.17052810 0.48187232 0.85948777
vn 0.61908275 0.62049097 0.48138091
vn 0.28348807 0.68879443 0.66723067
vn 0.65219045 0.30668032 0.69324946
vn 0.28348807 0.68879443 0.66723067
vn -0.17052810 0.48187232 0.85948777
vn 0.65219045 0.30668032 0.69324946
vn 0.28348807 0.68879443 0.66723067
vn 0.61908275 0.62049097 0.48138091
vn 0.50142896 0.86052185 0.08983932
vn 0.23494259 -0.68618268 0.68844414
vn 0.63208777 -0.42144120 0.65027106
vn 0.69843894 -0.02546177 0.71521658
vn -0.08684265 -0.97945523 0.18200484
vn -0.26372522 -0.62873191 0.73153621
vn -0.38135940 -0.92353779 0.04053407
vn -0.26372522 -0.62873191 0.73153621
vn -0.08684265 -0.97945523 0.18200484
vn 0.23494259 -0.68618268 0.68844414
vn -0.64087594 -0.58324987 0.49909678
vn -0.26372522 -0.62873191 0.73153621
vn -0.70139474 -0.21005064 0.68111980
vn -0.83587253 0.16516025 0.52348751
vn -0.70139474 -0.21005064 0.68111980
vn -0.25125393 0.04249947 0.96698773
vn -0.57383758 0.47792706 0.66505349
vn -0.71293992 0.69465405 0.09577265
vn -0.93391854 0.35373950 0.05161931
vn -0.57383758 0.47792706 0.66505349
vn -0.93391854 0.35373950 0.05161931
vn -0.83587253 0.16516025 0.52348751
vn -0.57383758 0.47792706 0.66505349
vn -0.83587253 0.16516025 0.52348751
vn -0.25125393 0.04249947 0.96698773
vn -0.04281748 0.89030242 0.45335224
vn -0.41222483 0.87260431 0.26197797
vn -0.17052810 0.48187232 0.85948777
vn -0.04281748 0.89030242 0.45335224
vn -0.15822729 0.98336726 0.08917952
vn -0.41222483 0.87260431 0.26197797
vn -0.17052810 0.48187232 0.85948777
vn -0.41222483 0.87260431 0.26197797
vn -0.57383758 0.47792706 0.66505349
vn -0.41222483 0.87260431 0.26197797
vn -0.71293992 0.69465405 0.09577265
vn -0.57383758 0.47792706 0.66505349
vt 0.00000000 0.00000000
vt 0.00000000 0.00000000
vt 0.00000000 0.00000000
vt 0.00000000 0.00000000
vt 0.00000000 0.00000000
vt 0.00000000 0.00000000
vt 0.00000000 0.00000000
vt 0.00000000 0.00000000
vt 0.00000000 0.00000000
vt 0.00000000 0.00000000
vt 0.00000000 0.00000000
vt 0.00000000 0.00000000
vt 0.00000000 0.00000000
vt 0.00000000 0.00000000
vt 0.00000000 0.00000000
vt 0.00000000 0.00000000
vt 0.00000000 0.00000000
vt 0.00000000 0.00000000
vt 0.00000000 0.00000000
vt 0.00000000 0.00000000
vt 0.00000000 0.00000000
vt 0.00000000 0.00000000
vt 0.00000000 0.00000000
vt 0.00000000 0.00000000
vt 0.00000000 0.00000000
vt 0.00000000 0.00000000
vt 0.00000000 0.00000000
vt 0.00000000 0.00000000
vt 0.00000000 0.00000000
vt 0.00000000 0.00000000
vt 0.00000000 0.00000000
vt 0.00000000 0.00000000
vt 0.00000000 0.00000000
vt 0.00000000 0.00000000
vt 0.00000000 0.00000000
vt 0.00000000 0.00000000
vt 0.00000000 0.00000000
vt 0.00000000 0.00000000
vt 0.00000000 0.00000000
vt 0.00000000 0.00000000
vt 0.00000000 0.00000000
vt 0.00000000 0.00000000
vt 0.00000000 0.00000000
vt 0.00000000 0.00000000
vt 0.00000000 0.00000000
vt 0.00000000 0.00000000
vt 0.00000000 0.00000000
vt 0.00000000 0.00000000
vt 0.00000000 0.00000000
vt 0.00000000 0.00000000
vt 0.00000000 0.00000000
vt 0.00000000 0.00000000
vt 0.00000000 0.00000000
vt 0.00000000 0.00000000
vt 0.00000000 0.00000000
vt 0.00000000 0.00000000
vt 0.00000000 0.00000000
vt 0.00000000 0.00000000
vt 0.00000000 0.00000000
vt 0.00000000 0.00000000
vt 0.00000000 0.00000000
vt 0.00000000 0.00000000
vt 0.00000000 0.00000000
vt 0.00000000 0.00000000
vt 0.00000000 0.00000000
vt 0.00000000 0.00000000
vt 0.00000000 0.00000000
vt 0.00000000 0.00000000
vt 0.00000000 0.00000000
vt 0.00000000 0.00000000
vt 0.00000000 0.00000000
vt 0.00000000 0.00000000
vt 0.00000000 0.00000000
vt 0.00000000 0.00000000
vt 0.00000000 0.00000000
vt 0.00000000 0.00000000
vt 0.00000000 0.00000000
vt 0.00000000 0.00000000
vt 0.00000000 0.00000000
vt 0.00000000 0.00000000
vt 0.00000000 0.00000000
vt 0.00000000 0.00000000
vt 0.00000000 0.00000000
vt 0.00000000 0.00000000
vt 0.00000000 0.00000000
vt 0.00000000 0.00000000
vt 0.00000000 0.00000000
vt 0.00000000 0.00000000
vt 0.00000000 0.00000000
vt 0.00000000 0.00000000
vt 0.00000000 0.00000000
vt 0.00000000 0.00000000
vt 0.00000000 0.00000000
vt 0.00000000 0.00000000
vt 0.00000000 0.00000000
vt 0.00000000 0.00000000
vt 0.00000000 0.00000000
vt 0.00000000 0.00000000
vt 0.00000000 0.00000000
vt 0.00000000 0.00000000
vt 0.00000000 0.00000000
vt 0.00000000 0.00000000
vt 0.00000000 0.00000000
vt 0.00000000 0.00000000
vt 0.00000000 0.00000000
vt 0.00000000 0.00000000
vt 0.00000000 0.00000000
vt 0.00000000 0.00000000
vt 0.00000000 0.00000000
vt 0.00000000 0.00000000
vt 0.00000000 0.00000000
vt 0.00000000 0.00000000
vt 0.00000000 0.00000000
vt 0.00000000 0.00000000
vt 0.00000000 0.00000000
vt 0.00000000 0.00000000
vt 0.00000000 0.00000000
vt 0.00000000 0.00000000
vt 0.00000000 0.00000000
vt 0.00000000 0.00000000
vt 0.00000000 0.00000000
vt 0.00000000 0.00000000
vt 0.00000000 0.00000000
vt 0.00000000 0.00000000
vt 0.00000000 0.00000000
vt 0.00000000 0.00000000
vt 0.00000000 0.00000000
vt 0.00000000 0.00000000
vt 0.00000000 0.00000000
vt 0.00000000 0.00000000
vt 0.00000000 0.00000000
vt 0.00000000 0.00000000
vt 0.00000000 0.00000000
vt 0.00000000 0.00000000
vt 0.00000000 0.00000000
vt 0.00000000 0.00000000
vt 0.00000000 0.00000000
vt 0.00000000 0.00000000
vt 0.00000000 0.00000000
vt 0.00000000 0.00000000
vt 0.00000000 0.00000000
vt 0.00000000 0.00000000
vt 0.00000000 0.00000000
vt 0.00000000 0.00000000
vt 0.00000000 0.00000000
vt 0.00000000 0.00000000
vt 0.00000000 0.00000000
vt 0.00000000 0.00000000
vt 0.00000000 0.00000000
vt 0.00000000 0.00000000
vt 0.00000000 0.00000000
vt 0.00000000 0.00000000
vt 0.00000000 0.00000000
vt 0.00000000 0.00000000
vt 0.00000000 0.00000000
vt 0.00000000 0.00000000
vt 0.00000000 0.00000000
vt 0.00000000 0.00000000
vt 0.00000000 0.00000000
vt 0.00000000 0.00000000
vt 0.00000000 0.00000000
vt 0.00000000 0.00000000
vt 0.00000000 0.00000000
vt 0.00000000 0.00000000
vt 0.00000000 0.00000000
vt 0.00000000 0.00000000
vt 0.00000000 0.00000000
vt 0.00000000 0.00000000
vt 0.00000000 0.00000000
vt 0.00000000 0.00000000
vt 0.00000000 0.00000000
vt 0.00000000 0.00000000
vt 0.00000000 0.00000000
vt 0.00000000 0.00000000
vt 0.00000000 0.00000000
vt 0.00000000 0.00000000
vt 0.00000000 0.00000000
vt 0.00000000 0.00000000
vt 0.00000000 0.00000000
vt 0.00000000 0.00000000
vt 0.00000000 0.00000000
vt 0.00000000 0.00000000
vt 0.00000000 0.00000000
vt 0.00000000 0.00000000
vt 0.00000000 0.00000000
vt 0.00000000 0.00000000
vt 0.00000000 0.00000000
vt 0.00000000 0.00000000
vt 0.00000000 0.00000000
vt 0.00000000 0.00000000
vt 0.00000000 0.00000000
vt 0.00000000 0.00000000
vt 0.00000000 0.00000000
vt 0.00000000 0.00000000
vt 0.00000000 0.00000000
vt 0.00000000 0.00000000
vt 0.00000000 0.00000000
vt 0.00000000 0.00000000
vt 0.00000000 0.00000000
vt 0.00000000 0.00000000
vt 0.00000000 0.00000000
vt 0.00000000 0.00000000
vt 0.00000000 0.00000000
vt 0.00000000 0.00000000
vt 0.00000000 0.00000000
vt 0.00000000 0.00000000
vt 0.00000000 0.00000000
vt 0.00000000 0.00000000
vt 0.00000000 0.00000000
vt 0.00000000 0.00000000
vt 0.00000000 0.00000000
vt 0.00000000 0.00000000
vt 0.00000000 0.00000000
vt 0.00000000 0.00000000
vt 0.00000000 0.00000000
vt 0.00000000 0.00000000
vt 0.00000000 0.00000000
vt 0.00000000 0.00000000
vt 0.00000000 0.00000000
vt 0.00000000 0.00000000
vt 0.00000000 0.00000000
vt 0.00000000 0.00000000
vt 0.00000000 0.00000000
vt 0.00000000 0.00000000
vt 0.00000000 0.00000000
vt 0.00000000 0.00000000
vt 0.00000000 0.00000000
vt 0.00000000 0.00000000
vt 0.00000000 0.00000000
vt 0.00000000 0.00000000
vt 0.00000000 0.00000000
vt 0.00000000 0.00000000
vt 0.00000000 0.00000000
vt 0.00000000 0.00000000
vt 0.00000000 0.00000000
vt 0.00000000 0.00000000
vt 0.00000000 0.00000000
vt 0.00000000 0.00000000
vt 0.00000000 0.00000000
vt 0.00000000 0.00000000
vt 0.00000000 0.00000000
vt 0.00000000 0.00000000
vt 0.00000000 0.00000000
vt 0.00000000 0.00000000
vt 0.00000000 0.00000000
vt 0.00000000 0.00000000
vt 0.00000000 0.00000000
vt 0.00000000 0.00000000
vt 0.00000000 0.00000000
vt 0.00000000 0.00000000
vt 0.00000000 0.00000000
vt 0.00000000 0.00000000
vt 0.00000000 0.00000000
vt 0.00000000 0.00000000
vt 0.00000000 0.00000000
vt 0.00000000 0.00000000
vt 0.00000000 0.00000000
vt 0.00000000 0.00000000
vt 0.00000000 0.00000000
vt 0.00000000 0.00000000
vt 0.00000000 0.00000000
vt 0.00000000 0.00000000
vt 0.00000000 0.00000000
vt 0.00000000 0.00000000
vt 0.00000000 0.00000000
vt 0.00000000 0.00000000
vt 0.00000000 0.00000000
vt 0.00000000 0.00000000
vt 0.00000000 0.00000000
vt 0.00000000 0.00000000
vt 0.00000000 0.00000000
vt 0.00000000 0.00000000
vt 0.00000000 0.00000000
vt 0.00000000 0.00000000
vt 0.00000000 0.00000000
vt 0.00000000 0.00000000
vt 0.00000000 0.00000000
vt 0.00000000 0.00000000
vt 0.00000000 0.00000000
vt 0.00000000 0.00000000
vt 0.00000000 0.00000000
vt 0.00000000 0.00000000
vt 0.00000000 0.00000000
vt 0.00000000 0.00000000
vt 0.00000000 0.00000000
vt 0.00000000 0.00000000
vt 0.00000000 0.00000000
vt 0.00000000 0.00000000
vt 0.00000000 0.00000000
vt 0.00000000 0.00000000
vt 0.00000000 0.00000000
vt 0.00000000 0.00000000
vt 0.00000000 0.00000000
vt 0.00000000 0.00000000
vt 0.00000000 0.00000000
vt 0.00000000 0.00000000
vt 0.00000000 0.00000000
vt 0.00000000 0.00000000
vt 0.00000000 0.00000000
vt 0.00000000 0.00000000
vt 0.00000000 0.00000000
vt 0.00000000 0.00000000
vt 0.00000000 0.00000000
vt 0.00000000 0.00000000
vt 0.00000000 0.00000000
vt 0.00000000 0.00000000
vt 0.00000000 0.00000000
vt 0.00000000 0.00000000
vt 0.00000000 0.00000000
vt 0.00000000 0.00000000
vt 0.00000000 0.00000000
vt 0.00000000 0.00000000
vt 0.00000000 0.00000000
vt 0.00000000 0.00000000
vt 0.00000000 0.00000000
vt 0.00000000 0.00000000
vt 0.00000000 0.00000000
vt 0.00000000 0.00000000
vt 0.00000000 0.00000000
vt 0.00000000 0.00000000
vt 0.00000000 0.00000000
vt 0.00000000 0.00000000
vt 0.00000000 0.00000000
vt 0.00000000 0.00000000
vt 0.00000000 0.00000000
vt 0.00000000 0.00000000
vt 0.00000000 0.00000000
vt 0.00000000 0.00000000
vt 0.00000000 0.00000000
vt 0.00000000 0.00000000
vt 0.00000000 0.00000000
vt 0.00000000 0.00000000
vt 0.00000000 0.00000000
vt 0.00000000 0.00000000
vt 0.00000000 0.00000000
vt 0.00000000 0.00000000
vt 0.00000000 0.00000000
vt 0.00000000 0.00000000
vt 0.00000000 0.00000000
vt 0.00000000 0.00000000
vt 0.00000000 0.00000000
vt 0.00000000 0.00000000
vt 0.00000000 0.00000000
vt 0.00000000 0.00000000
vt 0.00000000 0.00000000
vt 0.00000000 0.00000000
vt 0.00000000 0.00000000
vt 0.00000000 0.00000000
vt 0.00000000 0.00000000
vt 0.00000000 0.00000000
vt 0.00000000 0.00000000
vt 0.00000000 0.00000000
vt 0.00000000 0.00000000
vt 0.00000000 0.00000000
vt 0.00000000 0.00000000
vt 0.00000000 0.00000000
vt 0.00000000 0.00000000
vt 0.00000000 0.00000000
vt 0.00000000 0.00000000
vt 0.00000000 0.00000000
vt 0.00000000 0.00000000
vt 0.00000000 0.00000000
vt 0.00000000 0.00000000
vt 0.00000000 0.00000000
vt 0.00000000 0.00000000
vt 0.00000000 0.00000000
vt 0.00000000 0.00000000
vt 0.00000000 0.00000000
vt 0.00000000 0.00000000
vt 0.00000000 0.00000000
vt 0.00000000 0.00000000
vt 0.00000000 0.00000000
vt 0.00000000 0.00000000
vt 0.00000000 0.00000000
vt 0.00000000 0.00000000
vt 0.00000000 0.00000000
vt 0.00000000 0.00000000
vt 0.00000000 0.00000000
vt 0.00000000 0.00000000
vt 0.00000000 0.00000000
vt 0.00000000 0.00000000
vt 0.00000000 0.00000000
vt 0.00000000 0.00000000
vt 0.00000000 0.00000000
vt 0.00000000 0.00000000
vt 0.00000000 0.00000000
vt 0.00000000 0.00000000
vt 0.00000000 0.00000000
vt 0.00000000 0.00000000
vt 0.00000000 0.00000000
vt 0.00000000 0.00000000
vt 0.00000000 0.00000000
vt 0.00000000 0.00000000
vt 0.00000000 0.00000000
vt 0.00000000 0.00000000
vt 0.00000000 0.00000000
vt 0.00000000 0.00000000
vt 0.00000000 0.00000000
vt 0.00000000 0.00000000
vt 0.00000000 0.00000000
vt 0.00000000 0.00000000
vt 0.00000000 0.00000000
vt 0.00000000 0.00000000
vt 0.00000000 0.00000000
vt 0.00000000 0.00000000
vt 0.00000000 0.00000000
vt 0.00000000 0.00000000
vt 0.00000000 0.00000000
vt 0.00000000 0.00000000
vt 0.00000000 0.00000000
vt 0.00000000 0.00000000
vt 0.00000000 0.00000000
vt 0.00000000 0.00000000
vt 0.00000000 0.00000000
vt 0.00000000 0.00000000
vt 0.00000000 0.00000000
vt 0.00000000 0.00000000
vt 0.00000000 0.00000000
vt 0.00000000 0.00000000
vt 0.00000000 0.00000000
vt 0.00000000 0.00000000
vt 0.00000000 0.00000000
vt 0.00000000 0.00000000
vt 0.00000000 0.00000000
vt 0.00000000 0.00000000
vt 0.00000000 0.00000000
vt 0.00000000 0.00000000
vt 0.00000000 0.00000000
vt 0.00000000 0.00000000
vt 0.00000000 0.00000000
vt 0.00000000 0.00000000
vt 0.00000000 0.00000000
vt 0.00000000 0.00000000
vt 0.00000000 0.00000000
vt 0.00000000 0.00000000
vt 0.00000000 0.00000000
vt 0.00000000 0.00000000
vt 0.00000000 0.00000000
vt 0.00000000 0.00000000
vt 0.00000000 0.00000000
vt 0.00000000 0.00000000
vt 0.00000000 0.00000000
vt 0.00000000 0.00000000
vt 0.00000000 0.00000000
vt 0.00000000 0.00000000
vt 0.00000000 0.00000000
vt 0.00000000 0.00000000
vt 0.00000000 0.00000000
vt 0.00000000 0.00000000
vt 0.00000000 0.00000000
vt 0.00000000 0.00000000
vt 0.00000000 0.00000000
vt 0.00000000 0.00000000
vt 0.00000000 0.00000000
vt 0.00000000 0.00000000
vt 0.00000000 0.00000000
vt 0.00000000 0.00000000
vt 0.00000000 0.00000000
vt 0.00000000 0.00000000
vt 0.00000000 0.00000000
vt 0.00000000 0.00000000
vt 0.00000000 0.00000000
vt 0.00000000 0.00000000
vt 0.00000000 0.00000000
vt 0.00000000 0.00000000
vt 0.00000000 0.00000000
vt 0.00000000 0.00000000
vt 0.00000000 0.00000000
vt 0.00000000 0.00000000
vt 0.00000000 0.00000000
vt 0.00000000 0.00000000
vt 0.00000000 0.00000000
vt 0.00000000 0.00000000
vt 0.00000000 0.00000000
vt 0.00000000 0.00000000
vt 0.00000000 0.00000000
vt 0.00000000 0.00000000
vt 0.00000000 0.00000000
vt 0.00000000 0.00000000
vt 0.00000000 0.00000000
vt 0.00000000 0.00000000
vt 0.00000000 0.00000000
vt 0.00000000 0.00000000
vt 0.00000000 0.00000000
vt 0.00000000 0.00000000
vt 0.00000000 0.00000000
vt 0.00000000 0.00000000
vt 0.00000000 0.00000000
vt 0.00000000 0.00000000
vt 0.00000000 0.00000000
vt 0.00000000 0.00000000
vt 0.00000000 0.00000000
vt 0.00000000 0.00000000
vt 0.00000000 0.00000000
vt 0.00000000 0.00000000
vt 0.00000000 0.00000000
vt 0.00000000 0.00000000
vt 0.00000000 0.00000000
vt 0.00000000 0.00000000
vt 0.00000000 0.00000000
vt 0.00000000 0.00000000
vt 0.00000000 0.00000000
vt 0.00000000 0.00000000
vt 0.00000000 0.00000000
vt 0.00000000 0.00000000
vt 0.00000000 0.00000000
vt 0.00000000 0.00000000
vt 0.00000000 0.00000000
vt 0.00000000 0.00000000
vt 0.00000000 0.00000000
vt 0.00000000 0.00000000
vt 0.00000000 0.00000000
vt 0.00000000 0.00000000
vt 0.00000000 0.00000000
vt 0.00000000 0.00000000
vt 0.00000000 0.00000000
vt 0.00000000 0.00000000
vt 0.00000000 0.00000000
vt 0.00000000 0.00000000
vt 0.00000000 0.00000000
vt 0.00000000 0.00000000
vt 0.00000000 0.00000000
vt 0.00000000 0.00000000
vt 0.00000000 0.00000000
vt 0.00000000 0.00000000
vt 0.00000000 0.00000000
vt 0.00000000 0.00000000
vt 0.00000000 0.00000000
vt 0.00000000 0.00000000
vt 0.00000000 0.00000000
vt 0.00000000 0.00000000
vt 0.00000000 0.00000000
vt 0.00000000 0.00000000
vt 0.00000000 0.00000000
vt 0.00000000 0.00000000
vt 0.00000000 0.00000000
vt 0.00000000 0.00000000
vt 0.00000000 0.00000000
vt 0.00000000 0.00000000
vt 0.00000000 0.00000000
vt 0.00000000 0.00000000
vt 0.00000000 0.00000000
vt 0.00000000 0.00000000
vt 0.00000000 0.00000000
vt 0.00000000 0.00000000
vt 0.00000000 0.00000000
vt 0.00000000 0.00000000
vt 0.00000000 0.00000000
vt 0.00000000 0.00000000
vt 0.00000000 0.00000000
vt 0.00000000 0.00000000
vt 0.00000000 0.00000000
vt 0.00000000 0.00000000
vt 0.00000000 0.00000000
vt 0.00000000 0.00000000
vt 0.00000000 0.00000000
vt 0.00000000 0.00000000
vt 0.00000000 0.00000000
vt 0.00000000 0.00000000
vt 0.00000000 0.00000000
vt 0.00000000 0.00000000
vt 0.00000000 0.00000000
vt 0.00000000 0.00000000
vt 0.00000000 0.00000000
vt 0.00000000 0.00000000
vt 0.00000000 0.00000000
vt 0.00000000 0.00000000
vt 0.00000000 0.00000000
vt 0.00000000 0.00000000
vt 0.00000000 0.00000000
vt 0.00000000 0.00000000
vt 0.00000000 0.00000000
vt 0.00000000 0.00000000
vt 0.00000000 0.00000000
vt 0.00000000 0.00000000
vt 0.00000000 0.00000000
vt 0.00000000 0.00000000
vt 0.00000000 0.00000000
vt 0.00000000 0.00000000
vt 0.00000000 0.00000000
vt 0.00000000 0.00000000
vt 0.00000000 0.00000000
vt 0.00000000 0.00000000
vt 0.00000000 0.00000000
vt 0.00000000 0.00000000
vt 0.00000000 0.00000000
vt 0.00000000 0.00000000
vt 0.00000000 0.00000000
vt 0.00000000 0.00000000
vt 0.00000000 0.00000000
vt 0.00000000 0.00000000
vt 0.00000000 0.00000000
vt 0.00000000 0.00000000
vt 0.00000000 0.00000000
vt 0.00000000 0.00000000
vt 0.00000000 0.00000000
vt 0.00000000 0.00000000
vt 0.00000000 0.00000000
vt 0.00000000 0.00000000
vt 0.00000000 0.00000000
vt 0.00000000 0.00000000
vt 0.00000000 0.00000000
vt 0.00000000 0.00000000
vt 0.00000000 0.00000000
vt 0.00000000 0.00000000
vt 0.00000000 0.00000000
vt 0.00000000 0.00000000
vt 0.00000000 0.00000000
vt 0.00000000 0.00000000
vt 0.00000000 0.00000000
vt 0.00000000 0.00000000
vt 0.00000000 0.00000000
vt 0.00000000 0.00000000
vt 0.00000000 0.00000000
vt 0.00000000 0.00000000
vt 0.00000000 0.00000000
vt 0.00000000 0.00000000
vt 0.00000000 0.00000000
vt 0.00000000 0.00000000
vt 0.00000000 0.00000000
vt 0.00000000 0.00000000
vt 0.00000000 0.00000000
vt 0.00000000 0.00000000
vt 0.00000000 0.00000000
vt 0.00000000 0.00000000
vt 0.00000000 0.00000000
vt 0.00000000 0.00000000
vt 0.00000000 0.00000000
vt 0.00000000 0.00000000
vt 0.00000000 0.00000000
vt 0.00000000 0.00000000
vt 0.00000000 0.00000000
vt 0.00000000 0.00000000
vt 0.00000000 0.00000000
vt 0.00000000 0.00000000
vt 0.00000000 0.00000000
vt 0.00000000 0.00000000
vt 0.00000000 0.00000000
vt 0.00000000 0.00000000
vt 0.00000000 0.00000000
vt 0.00000000 0.00000000
vt 0.00000000 0.00000000
vt 0.00000000 0.00000000
vt 0.00000000 0.00000000
vt 0.00000000 0.00000000
vt 0.00000000 0.00000000
vt 0.00000000 0.00000000
vt 0.00000000 0.00000000
vt 0.00000000 0.00000000
vt 0.00000000 0.00000000
vt 0.00000000 0.00000000
vt 0.00000000 0.00000000
vt 0.00000000 0.00000000
vt 0.00000000 0.00000000
vt 0.00000000 0.00000000
vt 0.00000000 0.00000000
vt 0.00000000 0.00000000
vt 0.00000000 0.00000000
vt 0.00000000 0.00000000
vt 0.00000000 0.00000000
vt 0.00000000 0.00000000
vt 0.00000000 0.00000000
vt 0.00000000 0.00000000
vt 0.00000000 0.00000000
vt 0.00000000 0.00000000
vt 0.00000000 0.00000000
vt 0.00000000 0.00000000
vt 0.00000000 0.00000000
vt 0.00000000 0.00000000
vt 0.00000000 0.00000000
vt 0.00000000 0.00000000
vt 0.00000000 0.00000000
vt 0.00000000 0.00000000
vt 0.00000000 0.00000000
vt 0.00000000 0.00000000
vt 0.00000000 0.00000000
vt 0.00000000 0.00000000
vt 0.00000000 0.00000000
vt 0.00000000 0.00000000
vt 0.00000000 0.00000000
vt 0.00000000 0.00000000
vt 0.00000000 0.00000000
vt 0.00000000 0.00000000
vt 0.00000000 0.00000000
vt 0.00000000 0.00000000
vt 0.00000000 0.00000000
vt 0.00000000 0.00000000
vt 0.00000000 0.00000000
vt 0.00000000 0.00000000
vt 0.00000000 0.00000000
vt 0.00000000 0.00000000
vt 0.00000000 0.00000000
vt 0.00000000 0.00000000
vt 0.00000000 0.00000000
vt 0.00000000 0.00000000
vt 0.00000000 0.00000000
vt 0.00000000 0.00000000
vt 0.00000000 0.00000000
vt 0.00000000 0.00000000
vt 0.00000000 0.00000000
vt 0.00000000 0.00000000
vt 0.00000000 0.00000000
vt 0.00000000 0.00000000
vt 0.00000000 0.00000000
vt 0.00000000 0.00000000
vt 0.00000000 0.00000000
vt 0.00000000 0.00000000
vt 0.00000000 0.00000000
vt 0.00000000 0.00000000
vt 0.00000000 0.00000000
vt 0.00000000 0.00000000
vt 0.00000000 0.00000000
vt 0.00000000 0.00000000
vt 0.00000000 0.00000000
vt 0.00000000 0.00000000
vt 0.00000000 0.00000000
vt 0.00000000 0.00000000
vt 0.00000000 0.00000000
vt 0.00000000 0.00000000
vt 0.00000000 0.00000000
vt 0.00000000 0.00000000
vt 0.00000000 0.00000000
vt 0.00000000 0.00000000
vt 0.00000000 0.00000000
vt 0.00000000 0.00000000
vt 0.00000000 0.00000000
vt 0.00000000 0.00000000
vt 0.00000000 0.00000000
vt 0.00000000 0.00000000
vt 0.00000000 0.00000000
vt 0.00000000 0.00000000
vt 0.00000000 0.00000000
vt 0.00000000 0.00000000
vt 0.00000000 0.00000000
vt 0.00000000 0.00000000
vt 0.00000000 0.00000000
vt 0.00000000 0.00000000
vt 0.00000000 0.00000000
vt 0.00000000 0.00000000
vt 0.00000000 0.00000000
vt 0.00000000 0.00000000
vt 0.00000000 0.00000000
vt 0.00000000 0.00000000
vt 0.00000000 0.00000000
vt 0.00000000 0.00000000
vt 0.00000000 0.00000000
vt 0.00000000 0.00000000
vt 0.00000000 0.00000000
vt 0.00000000 0.00000000
vt 0.00000000 0.00000000
vt 0.00000000 0.00000000
vt 0.00000000 0.00000000
vt 0.00000000 0.00000000
vt 0.00000000 0.00000000
vt 0.00000000 0.00000000
vt 0.00000000 0.00000000
vt 0.00000000 0.00000000
vt 0.00000000 0.00000000
vt 0.00000000 0.00000000
vt 0.00000000 0.00000000
vt 0.00000000 0.00000000
vt 0.00000000 0.00000000
vt 0.00000000 0.00000000
vt 0.00000000 0.00000000
vt 0.00000000 0.00000000
vt 0.00000000 0.00000000
vt 0.00000000 0.00000000
vt 0.00000000 0.00000000
vt 0.00000000 0.00000000
vt 0.00000000 0.00000000
vt 0.00000000 0.00000000
vt 0.00000000 0.00000000
vt 0.00000000 0.00000000
vt 0.00000000 0.00000000
vt 0.00000000 0.00000000
vt 0.00000000 0.00000000
vt 0.00000000 0.00000000
vt 0.00000000 0.00000000
vt 0.00000000 0.00000000
vt 0.00000000 0.00000000
vt 0.00000000 0.00000000
vt 0.00000000 0.00000000
vt 0.00000000 0.00000000
vt 0.00000000 0.00000000
vt 0.00000000 0.00000000
vt 0.00000000 0.00000000
vt 0.00000000 0.00000000
vt 0.00000000 0.00000000
vt 0.00000000 0.00000000
vt 0.00000000 0.00000000
vt 0.00000000 0.00000000
vt 0.00000000 0.00000000
vt 0.00000000 0.00000000
vt 0.00000000 0.00000000
vt 0.00000000 0.00000000
vt 0.00000000 0.00000000
vt 0.00000000 0.00000000
vt 0.00000000 0.00000000
vt 0.00000000 0.00000000
vt 0.00000000 0.00000000
vt 0.00000000 0.00000000
vt 0.00000000 0.00000000
vt 0.00000000 0.00000000
vt 0.00000000 0.00000000
vt 0.00000000 0.00000000
vt 0.00000000 0.00000000
vt 0.00000000 0.00000000
vt 0.00000000 0.00000000
vt 0.00000000 0.00000000
vt 0.00000000 0.00000000
vt 0.00000000 0.00000000
vt 0.00000000 0.00000000
vt 0.00000000 0.00000000
vt 0.00000000 0.00000000
vt 0.00000000 0.00000000
vt 0.00000000 0.00000000
vt 0.00000000 0.00000000
vt 0.00000000 0.00000000
vt 0.00000000 0.00000000
vt 0.00000000 0.00000000
vt 0.00000000 0.00000000
vt 0.00000000 0.00000000
vt 0.00000000 0.00000000
vt 0.00000000 0.00000000
vt 0.00000000 0.00000000
vt 0.00000000 0.00000000
vt 0.00000000 0.00000000
vt 0.00000000 0.00000000
vt 0.00000000 0.00000000
vt 0.00000000 0.00000000
vt 0.00000000 0.00000000
vt 0.00000000 0.00000000
vt 0.00000000 0.00000000
vt 0.00000000 0.00000000
vt 0.00000000 0.00000000
vt 0.00000000 0.00000000
vt 0.00000000 0.00000000
vt 0.00000000 0.00000000
vt 0.00000000 0.00000000
vt 0.00000000 0.00000000
vt 0.00000000 0.00000000
vt 0.00000000 0.00000000
vt 0.00000000 0.00000000
vt 0.00000000 0.00000000
vt 0.00000000 0.00000000
vt 0.00000000 0.00000000
vt 0.00000000 0.00000000
vt 0.00000000 0.00000000
vt 0.00000000 0.00000000
vt 0.00000000 0.00000000
vt 0.00000000 0.00000000
vt 0.00000000 0.00000000
vt 0.00000000 0.00000000
vt 0.00000000 0.00000000
vt 0.00000000 0.00000000
vt 0.00000000 0.00000000
vt 0.00000000 0.00000000
vt 0.00000000 0.00000000
vt 0.00000000 0.00000000
vt 0.00000000 0.00000000
vt 0.00000000 0.00000000
vt 0.00000000 0.00000000
vt 0.00000000 0.00000000
vt 0.00000000 0.00000000
vt 0.00000000 0.00000000
vt 0.00000000 0.00000000
vt 0.00000000 0.00000000
vt 0.00000000 0.00000000
vt 0.00000000 0.00000000
vt 0.00000000 0.00000000
vt 0.00000000 0.00000000
vt 0.00000000 0.00000000
vt 0.00000000 0.00000000
vt 0.00000000 0.00000000
vt 0.00000000 0.00000000
vt 0.00000000 0.00000000
vt 0.00000000 0.00000000
vt 0.00000000 0.00000000
vt 0.00000000 0.00000000
vt 0.00000000 0.00000000
vt 0.00000000 0.00000000
vt 0.00000000 0.00000000
vt 0.00000000 0.00000000
vt 0.00000000 0.00000000
vt 0.00000000 0.00000000
vt 0.00000000 0.00000000
vt 0.00000000 0.00000000
vt 0.00000000 0.00000000
vt 0.00000000 0.00000000
vt 0.00000000 0.00000000
vt 0.00000000 0.00000000
vt 0.00000000 0.00000000
vt 0.00000000 0.00000000
vt 0.00000000 0.00000000
vt 0.00000000 0.00000000
vt 0.00000000 0.00000000
vt 0.00000000 0.00000000
vt 0.00000000 0.00000000
vt 0.00000000 0.00000000
vt 0.00000000 0.00000000
vt 0.00000000 0.00000000
vt 0.00000000 0.00000000
vt 0.00000000 0.00000000
vt 0.00000000 0.00000000
vt 0.00000000 0.00000000
vt 0.00000000 0.00000000
vt 0.00000000 0.00000000
vt 0.00000000 0.00000000
vt 0.00000000 0.00000000
vt 0.00000000 0.00000000
vt 0.00000000 0.00000000
vt 0.00000000 0.00000000
vt 0.00000000 0.00000000
vt 0.00000000 0.00000000
vt 0.00000000 0.00000000
vt 0.00000000 0.00000000
vt 0.00000000 0.00000000
vt 0.00000000 0.00000000
vt 0.00000000 0.00000000
vt 0.00000000 0.00000000
vt 0.00000000 0.00000000
vt 0.00000000 0.00000000
vt 0.00000000 0.00000000
vt 0.00000000 0.00000000
vt 0.00000000 0.00000000
vt 0.00000000 0.00000000
vt 0.00000000 0.00000000
vt 0.00000000 0.00000000
vt 0.00000000 0.00000000
vt 0.00000000 0.00000000
vt 0.00000000 0.00000000
vt 0.00000000 0.00000000
vt 0.00000000 0.00000000
vt 0.00000000 0.00000000
vt 0.00000000 0.00000000
vt 0.00000000 0.00000000
vt 0.00000000 0.00000000
vt 0.00000000 0.00000000
vt 0.00000000 0.00000000
vt 0.00000000 0.00000000
vt 0.00000000 0.00000000
vt 0.00000000 0.00000000
vt 0.00000000 0.00000000
vt 0.00000000 0.00000000
vt 0.00000000 0.00000000
vt 0.00000000 0.00000000
vt 0.00000000 0.00000000
vt 0.00000000 0.00000000
vt 0.00000000 0.00000000
vt 0.00000000 0.00000000
vt 0.00000000 0.00000000
vt 0.00000000 0.00000000
vt 0.00000000 0.00000000
vt 0.00000000 0.00000000
vt 0.00000000 0.00000000
vt 0.00000000 0.00000000
vt 0.00000000 0.00000000
vt 0.00000000 0.00000000
vt 0.00000000 0.00000000
vt 0.00000000 0.00000000
vt 0.00000000 0.00000000
vt 0.00000000 0.00000000
vt 0.00000000 0.00000000
vt 0.00000000 0.00000000
vt 0.00000000 0.00000000
vt 0.00000000 0.00000000
vt 0.00000000 0.00000000
vt 0.00000000 0.00000000
vt 0.00000000 0.00000000
vt 0.00000000 0.00000000
vt 0.00000000 0.00000000
vt 0.00000000 0.00000000
vt 0.00000000 0.00000000
vt 0.00000000 0.00000000
vt 0.00000000 0.00000000
vt 0.00000000 0.00000000
vt 0.00000000 0.00000000
vt 0.00000000 0.00000000
vt 0.00000000 0.00000000
vt 0.00000000 0.00000000
vt 0.00000000 0.00000000
vt 0.00000000 0.00000000
vt 0.00000000 0.00000000
vt 0.00000000 0.00000000
vt 0.00000000 0.00000000
vt 0.00000000 0.00000000
vt 0.00000000 0.00000000
vt 0.00000000 0.00000000
vt 0.00000000 0.00000000
vt 0.00000000 0.00000000
vt 0.00000000 0.00000000
vt 0.00000000 0.00000000
vt 0.00000000 0.00000000
vt 0.00000000 0.00000000
vt 0.00000000 0.00000000
vt 0.00000000 0.00000000
f 1/1/1 2/2/2 3/3/3
f 4/4/4 5/5/5 6/6/6
f 7/7/7 8/8/8 9/9/9
f 10/10/10 11/11/11 12/12/12
f 13/13/13 14/14/14 15/15/15
f 16/16/16 17/17/17 18/18/18
f 19/19/19 20/20/20 21/21/21
f 22/22/22 23/23/23 24/24/24
f 25/25/25 26/26/26 27/27/27
f 28/28/28 29/29/29 30/30/30
f 31/31/31 32/32/32 33/33/33
f 34/34/34 35/35/35 36/36/36
f 37/37/37 38/38/38 39/39/39
f 40/40/40 41/41/41 42/42/42
f 43/43/43 44/44/44 45/45/45
f 46/46/46 47/47/47 48/48/48
f 49/49/49 50/50/50 51/51/51
f 52/52/52 53/53/53 54/54/54
f 55/55/55 56/56/56 57/57/57
f 58/58/58 59/59/59 60/60/60
f 61/61/61 62/62/62 63/63/63
f 64/64/64 65/65/65 66/66/66
f 67/67/67 68/68/68 69/69/69
f 70/70/70 71/71/71 72/72/72
f 73/73/73 74/74/74 75/75/75
f 76/76/76 77/77/77 78/78/78
f 79/79/79 80/80/80 81/81/81
f 82/82/82 83/83/83 84/84/84
f 85/85/85 86/86/86 87/87/87
f 88/88/88 89/89/89 90/90/90
f 91/91/91 92/92/92 93/93/93
f 94/94/94 95/95/95 96/96/96
f 97/97/97 98/98/98 99/99/99
f 100/100/100 101/101/101 102/102/102
f 103/103/103 104/104/104 105/105/105
f 106/106/106 107/107/107 108/108/108
f 109/109/109 110/110/110 111/111/111
f 112/112/112 113/113/113 114/114/114
f 115/115/115 116/116/116 117/117/117
f 118/118/118 119/119/119 120/120/120
f 121/121/121 122/122/122 123/123/123
f 124/124/124 125/125/125 126/126/126
f 127/127/127 128/128/128 129/129/129
f 130/130/130 131/131/131 132/132/132
f 133/133/133 134/134/134 135/135/135
f 136/136/136 137/137/137 138/138/138
f 139/139/139 140/140/140 141/141/141
f 142/142/142 143/143/143 144/144/144
f 145/145/145 146/146/146 147/147/147
f 148/148/148 149/149/149 150/150/150
f 151/151/151 152/152/152 153/153/153
f 154/154/154 155/155/155 156/156/156
f 157/157/157 158/158/158 159/159/159
f 160/160/160 161/161/161 162/162/162
f 163/163/163 164/164/164 165/165/165
f 166/166/166 167/167/167 168/168/168
f 169/169/169 170/170/170 171/171/171
f 172/172/172 173/173/173 174/174/174
f 175/175/175 176/176/176 177/177/177
f 178/178/178 179/179/179 180/180/180
f 181/181/181 182/182/182 183/183/183
f 184/184/184 185/185/185 186/186/186
f 187/187/187 188/188/188 189/189/189
f 190/190/190 191/191/191 192/192/192
f 193/193/193 194/194/194 195/195/195
f 196/196/196 197/197/197 198/198/198
f 199/199/199 200/200/200 201/201/201
f 202/202/202 203/203/203 204/204/204
f 205/205/205 206/206/206 207/207/207
f 208/208/208 209/209/209 210/210/210
f 211/211/211 212/212/212 213/213/213
f 214/214/214 215/215/215 216/216/216
f 217/217/217 218/218/218 219/219/219
f 220/220/220 221/221/221 222/222/222
f 223/223/223 224/224/224 225/225/225
f 226/226/226 227/227/227 228/228/228
f 229/229/229 230/230/230 231/231/231
f 232/232/232 233/233/233 234/234/234
f 235/235/235 236/236/236 237/237/237
f 238/238/238 239/239/239 240/240/240
f 241/241/241 242/242/242 243/243/243
f 244/244/244 245/245/245 246/246/246
f 247/247/247 248/248/248 249/249/249
f 250/250/250 251/251/251 252/252/252
f 253/253/253 254/254/254 255/255/255
f 256/256/256 257/257/257 258/258/258
f 259/259/259 260/260/260 261/261/261
f 262/262/262 263/263/263 264/264/264
f 265/265/265 266/266/266 267/267/267
f 268/268/268 269/269/269 270/270/270
f 271/271/271 272/272/272 273/273/273
f 274/274/274 275/275/275 276/276/276
f 277/277/277 278/278/278 279/279/279
f 280/280/280 281/281/281 282/282/282
f 283/283/283 284/284/284 285/285/285
f 286/286/286 287/287/287 288/288/288
f 289/289/289 290/290/290 291/291/291
f 292/292/292 293/293/293 294/294/294
f 295/295/295 296/296/296 297/297/297
f 298/298/298 299/299/299 300/300/300
f 301/301/301 302/302/302 303/303/303
f 304/304/304 305/305/305 306/306/306
f 307/307/307 308/308/308 309/309/309
f 310/310/310 311/311/311 312/312/312
f 313/313/313 314/314/314 315/315/315
f 316/316/316 317/317/317 318/318/318
f 319/319/319 320/320/320 321/321/321
f 322/322/322 323/323/323 324/324/324
f 325/325/325 326/326/326 327/327/327
f 328/328/328 329/329/329 330/330/330
f 331/331/331 332/332/332 333/333/333
f 334/334/334 335/335/335 336/336/336
f 337/337/337 338/338/338 339/339/339
f 340/340/340 341/341/341 342/342/342
f 343/343/343 344/344/344 345/345/345
f 346/346/346 347/347/347 348/348/348
f 349/349/349 350/350/350 351/351/351
f 352/352/352 353/353/353 354/354/354
f 355/355/355 356/356/356 357/357/357
f 358/358/358 359/359/359 360/360/360
f 361/361/361 362/362/362 363/363/363
f 364/364/364 365/365/365 366/366/366
f 367/367/367 368/368/368 369/369/369
f 370/370/370 371/371/371 372/372/372
f 373/373/373 374/374/374 375/375/375
f 376/376/376 377/377/377 378/378/378
f 379/379/379 380/380/380 381/381/381
f 382/382/382 383/383/383 384/384/384
f 385/385/385 386/386/386 387/387/387
f 388/388/388 389/389/389 390/390/390
f 391/391/391 392/392/392 393/393/393
f 394/394/394 395/395/395 396/396/396
f 397/397/397 398/398/398 399/399/399
f 400/400/400 401/401/401 402/402/402
f 403/403/403 404/404/404 405/405/405
f 406/406/406 407/407/407 408/408/408
f 409/409/409 410/410/410 411/411/411
f 412/412/412 413/413/413 414/414/414
f 415/415/415 416/416/416 417/417/417
f 418/418/418 419/419/419 420/420/420
f 421/421/421 422/422/422 423/423/423
f 424/424/424 425/425/425 426/426/426
f 427/427/427 428/428/428 429/429/429
f 430/430/430 431/431/431 432/432/432
f 433/433/433 434/434/434 435/435/435
f 436/436/436 437/437/437 438/438/438
f 439/439/439 440/440/440 441/441/441
f 442/442/442 443/443/443 444/444/444
f 445/445/445 446/446/446 447/447/447
f 448/448/448 449/449/449 450/450/450
f 451/451/451 452/452/452 453/453/453
f 454/454/454 455/455/455 456/456/456
f 457/457/457 458/458/458 459/459/459
f 460/460/460 461/461/461 462/462/462
f 463/463/463 464/464/464 465/465/465
f 466/466/466 467/467/467 468/468/468
f 469/469/469 470/470/470 471/471/471
f 472/472/472 473/473/473 474/474/474
f 475/475/475 476/476/476 477/477/477
f 478/478/478 479/479/479 480/480/480
f 481/481/481 482/482/482 483/483/483
f 484/484/484 485/485/485 486/486/486
f 487/487/487 488/488/488 489/489/489
f 490/490/490 491/491/491 492/492/492
f 493/493/493 494/494/494 495/495/495
f 496/496/496 497/497/497 498/498/498
f 499/499/499 500/500/500 501/501/501
f 502/502/502 503/503/503 504/504/504
f 505/505/505 506/506/506 507/507/507
f 508/508/508 509/509/509 510/510/510
f 511/511/511 512/512/512 513/513/513
f 514/514/514 515/515/515 516/516/516
f 517/517/517 518/518/518 519/519/519
f 520/520/520 521/521/521 522/522/522
f 523/523/523 524/524/524 525/525/525
f 526/526/526 527/527/527 528/528/528
f 529/529/529 530/530/530 531/531/531
f 532/532/532 533/533/533 534/534/534
f 535/535/535 536/536/536 537/537/537
f 538/538/538 539/539/539 540/540/540
f 541/541/541 542/542/542 543/543/543
f 544/544/544 545/545/545 546/546/546
f 547/547/547 548/548/548 549/549/549
f 550/550/550 551/551/551 552/552/552
f 553/553/553 554/554/554 555/555/555
f 556/556/556 557/557/557 558/558/558
f 559/559/559 560/560/560 561/561/561
f 562/562/562 563/563/563 564/564/564
f 565/565/565 566/566/566 567/567/567
f 568/568/568 569/569/569 570/570/570
f 571/571/571 572/572/572 573/573/573
f 574/574/574 575/575/575 576/576/576
f 577/577/577 578/578/578 579/579/579
f 580/580/580 581/581/581 582/582/582
f 583/583/583 584/584/584 585/585/585
f 586/586/586 587/587/587 588/588/588
f 589/589/589 590/590/590 591/591/591
f 592/592/592 593/593/593 594/594/594
f 595/595/595 596/596/596 597/597/597
f 598/598/598 599/599/599 600/600/600
f 601/601/601 602/602/602 603/603/603
f 604/604/604 605/605/605 606/606/606
f 607/607/607 608/608/608 609/609/609
f 610/610/610 611/611/611 612/612/612
f 613/613/613 614/614/614 615/615/615
f 616/616/616 617/617/617 618/618/618
f 619/619/619 620/620/620 621/621/621
f 622/622/622 623/623/623 624/624/624
f 625/625/625 626/626/626 627/627/627
f 628/628/628 629/629/629 630/630/630
f 631/631/631 632/632/632 633/633/633
f 634/634/634 635/635/635 636/636/636
f 637/637/637 638/638/638 639/639/639
f 640/640/640 641/641/641 642/642/642
f 643/643/643 644/644/644 645/645/645
f 646/646/646 647/647/647 648/648/648
f 649/649/649 650/650/650 651/651/651
f 652/652/652 653/653/653 654/654/654
f 655/655/655 656/656/656 657/657/657
f 658/658/658 659/659/659 660/660/660
f 661/661/661 662/662/662 663/663/663
f 664/664/664 665/665/665 666/666/666
f 667/667/667 668/668/668 669/669/669
f 670/670/670 671/671/671 672/672/672
f 673/673/673 674/674/674 675/675/675
f 676/676/676 677/677/677 678/678/678
f 679/679/679 680/680/680 681/681/681
f 682/682/682 683/683/683 684/684/684
f 685/685/685 686/686/686 687/687/687
f 688/688/688 689/689/689 690/690/690
f 691/691/691 692/692/692 693/693/693
f 694/694/694 695/695/695 696/696/696
f 697/697/697 698/698/698 699/699/699
f 700/700/700 701/701/701 702/702/702
f 703/703/703 704/704/704 705/705/705
f 706/706/706 707/707/707 708/708/708
f 709/709/709 710/710/710 711/711/711
f 712/712/712 713/713/713 714/714/714
f 715/715/715 716/716/716 717/717/717
f 718/718/718 719/719/719 720/720/720
f 721/721/721 722/722/722 723/723/723
f 724/724/724 725/725/725 726/726/726
f 727/727/727 728/728/728 729/729/729
f 730/730/730 731/731/731 732/732/732
f 733/733/733 734/734/734 735/735/735
f 736/736/736 737/737/737 738/738/738
f 739/739/739 740/740/740 741/741/741
f 742/742/742 743/743/743 744/744/744
f 745/745/745 746/746/746 747/747/747
f 748/748/748 749/749/749 750/750/750
f 751/751/751 752/752/752 753/753/753
f 754/754/754 755/755/755 756/756/756
f 757/757/757 758/758/758 759/759/759
f 760/760/760 761/761/761 762/762/762
f 763/763/763 764/764/764 765/765/765
f 766/766/766 767/767/767 768/768/768
f 769/769/769 770/770/770 771/771/771
f 772/772/772 773/773/773 774/774/774
f 775/775/775 776/776/776 777/777/777
f 778/778/778 779/779/779 780/780/780
f 781/781/781 782/782/782 783/783/783
f 784/784/784 785/785/785 786/786/786
f 787/787/787 788/788/788 789/789/789
f 790/790/790 791/791/791 792/792/792
f 793/793/793 794/794/794 795/795/795
f 796/796/796 797/797/797 798/798/798
f 799/799/799 800/800/800 801/801/801
f 802/802/802 803/803/803 804/804/804
f 805/805/805 806/806/806 807/807/807
f 808/808/808 809/809/809 810/810/810
f 811/811/811 812/812/812 813/813/813
f 814/814/814 815/815/815 816/816/816
f 817/817/817 818/818/818 819/819/819
f 820/820/820 821/821/821 822/822/822
f 823/823/823 824/824/824 825/825/825
f 826/826/826 827/827/827 828/828/828
f 829/829/829 830/830/830 831/831/831
f 832/832/832 833/833/833 834/834/834
f 835/835/835 836/836/836 837/837/837
f 838/838/838 839/839/839 840/840/840
f 841/841/841 842/842/842 843/843/843
f 844/844/844 845/845/845 846/846/846
f 847/847/847 848/848/848 849/849/849
f 850/850/850 851/851/851 852/852/852
f 853/853/853 854/854/854 855/855/855
f 856/856/856 857/857/857 858/858/858
f 859/859/859 860/860/860 861/861/861
f 862/862/862 863/863/863 864/864/864
f 865/865/865 866/866/866 867/867/867
f 868/868/868 869/869/869 870/870/870
f 871/871/871 872/872/872 873/873/873
f 874/874/874 875/875/875 876/876/876
f 877/877/877 878/878/878 879/879/879
f 880/880/880 881/881/881 882/882/882
f 883/883/883 884/884/884 885/885/885
f 886/886/886 887/887/887 888/888/888
f 889/889/889 890/890/890 891/891/891
f 892/892/892 893/893/893 894/894/894
f 895/895/895 896/896/896 897/897/897
f 898/898/898 899/899/899 900/900/900
f 901/901/901 902/902/902 903/903/903
f 904/904/904 905/905/905 906/906/906
f 907/907/907 908/908/908 909/909/909
f 910/910/910 911/911/911 912/912/912
f 913/913/913 914/914/914 915/915/915
f 916/916/916 917/917/917 918/918/918
f 919/919/919 920/920/920 921/921/921
f 922/922/922 923/923/923 924/924/924
f 925/925/925 926/926/926 927/927/927
f 928/928/928 929/929/929 930/930/930
f 931/931/931 932/932/932 933/933/933
f 934/934/934 935/935/935 936/936/936
f 937/937/937 938/938/938 939/939/939
f 940/940/940 941/941/941 942/942/942
f 943/943/943 944/944/944 945/945/945
f 946/946/946 947/947/947 948/948/948
f 949/949/949 950/950/950 951/951/951
f 952/952/952 953/953/953 954/954/954
f 955/955/955 956/956/956 957/957/957
f 958/958/958 959/959/959 960/960/960
f 961/961/961 962/962/962 963/963/963
f 964/964/964 965/965/965 966/966/966
f 967/967/967 968/968/968 969/969/969
f 970/970/970 971/971/971 972/972/972
f 973/973/973 974/974/974 975/975/975
f 976/976/976 977/977/977 978/978/978
f 979/979/979 980/980/980 981/981/981
f 982/982/982 983/983/983 984/984/984
f 985/985/985 986/986/986 987/987/987
f 988/988/988 989/989/989 990/990/990
f 991/991/991 992/992/992 993/993/993
f 994/994/994 995/995/995 996/996/996

