# https://github.com/mikedh/trimesh
mtllib material.mtl
usemtl material_0
v -0.01864887 0.47380900 -0.13887486
v -0.01664447 0.47694752 -0.13274217
v -0.01852447 0.47811490 -0.13095406
v -0.01864887 0.47380900 -0.13887486
v -0.01852447 0.47811490 -0.13095406
v -0.02141997 0.47611523 -0.13701716
v -0.02141997 0.47611523 -0.13701716
v -0.01852447 0.47811490 -0.13095406
v -0.02188227 0.47938773 -0.13613497
v -0.02141997 0.47611523 -0.13701716
v -0.02188227 0.47938773 -0.13613497
v -0.02465977 0.47852993 -0.14350356
v -0.02188227 0.47938773 -0.13613497
v -0.01852447 0.47811490 -0.13095406
v -0.01953017 0.48139080 -0.13376036
v -0.01953017 0.48139080 -0.13376036
v -0.02200937 0.48266831 -0.13992956
v -0.02188227 0.47938773 -0.13613497
v -0.01953017 0.48139080 -0.13376036
v -0.01721297 0.48089772 -0.13247576
v -0.01663397 0.48431870 -0.13994977
v -0.01953017 0.48139080 -0.13376036
v -0.01663397 0.48431870 -0.13994977
v -0.01958347 0.48548222 -0.14348885
v -0.01721297 0.48089772 -0.13247576
v -0.01348317 0.48295033 -0.14094347
v -0.01663397 0.48431870 -0.13994977
v -0.01721297 0.48089772 -0.13247576
v -0.01557647 0.47954550 -0.13279556
v -0.01348317 0.48295033 -0.14094347
v -0.01557647 0.47954550 -0.13279556
v -0.01145567 0.47872722 -0.14211306
v -0.01348317 0.48295033 -0.14094347
v -0.01145567 0.47872722 -0.14211306
v -0.00924877 0.48157972 -0.15128526
v -0.01348317 0.48295033 -0.14094347
v -0.01557647 0.47954550 -0.13279556
v -0.01311897 0.47631872 -0.13948706
v -0.01145567 0.47872722 -0.14211306
v -0.01311897 0.47631872 -0.13948706
v -0.01557647 0.47954550 -0.13279556
v -0.01664447 0.47694752 -0.13274217
v -0.01664447 0.47694752 -0.13274217
v -0.01490417 0.47359332 -0.14121866
v -0.01311897 0.47631872 -0.13948706
v -0.01852447 0.47811490 -0.13095406
v -0.01664447 0.47694752 -0.13274217
v -0.01557647 0.47954550 -0.13279556
v -0.01852447 0.47811490 -0.13095406
v -0.01557647 0.47954550 -0.13279556
v -0.01721297 0.48089772 -0.13247576
v -0.01852447 0.47811490 -0.13095406
v -0.01721297 0.48089772 -0.13247576
v -0.01953017 0.48139080 -0.13376036
v -0.01664447 0.47694752 -0.13274217
v -0.01864887 0.47380900 -0.13887486
v -0.01490417 0.47359332 -0.14121866
v -0.01591657 0.48600683 -0.18544637
v -0.01592277 0.47189271 -0.18535125
v -0.02351827 0.47256872 -0.18522416
v -0.01591657 0.48600683 -0.18544637
v -0.02351827 0.47256872 -0.18522416
v -0.02685557 0.47968772 -0.18500406
v -0.01591657 0.48600683 -0.18544637
v -0.02685557 0.47968772 -0.18500406
v -0.02606347 0.48377851 -0.18474707
v -0.01591657 0.48600683 -0.18544637
v -0.02606347 0.48377851 -0.18474707
v -0.01814977 0.48824072 -0.18495935
v -0.01591657 0.48600683 -0.18544637
v -0.00971417 0.48374280 -0.18466456
v -0.00865277 0.48028421 -0.18506426
v -0.01591657 0.48600683 -0.18544637
v -0.00865277 0.48028421 -0.18506426
v -0.01592277 0.47189271 -0.18535125
v -0.02210857 0.46869731 -0.17445415
v -0.02082617 0.46976802 -0.18401965
v -0.01767347 0.46779171 -0.17372906
v -0.02210857 0.46869731 -0.17445415
v -0.01767347 0.46779171 -0.17372906
v -0.02239357 0.46855623 -0.16626465
v -0.02239357 0.46855623 -0.16626465
v -0.01767347 0.46779171 -0.17372906
v -0.01709247 0.46808290 -0.16177827
v -0.02239357 0.46855623 -0.16626465
v -0.01709247 0.46808290 -0.16177827
v -0.02245257 0.46988893 -0.15653005
v -0.02245257 0.46988893 -0.15653005
v -0.01709247 0.46808290 -0.16177827
v -0.01878637 0.46965203 -0.15285626
v -0.01878637 0.46965203 -0.15285626
v -0.01709247 0.46808290 -0.16177827
v -0.01566217 0.46952373 -0.15430947
v -0.01878637 0.46965203 -0.15285626
v -0.01591057 0.47205582 -0.14443597
v -0.01864887 0.47380900 -0.13887486
v -0.01864887 0.47380900 -0.13887486
v -0.02195297 0.47299573 -0.14455077
v -0.01878637 0.46965203 -0.15285626
v -0.01878637 0.46965203 -0.15285626
v -0.02195297 0.47299573 -0.14455077
v -0.02245257 0.46988893 -0.15653005
v -0.02210857 0.46869731 -0.17445415
v -0.02630047 0.47133383 -0.16737166
v -0.02596447 0.47201401 -0.17789216
v -0.02210857 0.46869731 -0.17445415
v -0.02239357 0.46855623 -0.16626465
v -0.02630047 0.47133383 -0.16737166
v -0.02210857 0.46869731 -0.17445415
v -0.02596447 0.47201401 -0.17789216
v -0.02511397 0.47257602 -0.18450506
v -0.02239357 0.46855623 -0.16626465
v -0.02245257 0.46988893 -0.15653005
v -0.02630047 0.47133383 -0.16737166
v -0.02630047 0.47133383 -0.16737166
v -0.02245257 0.46988893 -0.15653005
v -0.02523347 0.47282910 -0.15350056
v -0.02195297 0.47299573 -0.14455077
v -0.01864887 0.47380900 -0.13887486
v -0.02141997 0.47611523 -0.13701716
v -0.02195297 0.47299573 -0.14455077
v -0.02523347 0.47282910 -0.15350056
v -0.02245257 0.46988893 -0.15653005
v -0.02596447 0.47201401 -0.17789216
v -0.02630047 0.47133383 -0.16737166
v -0.02773737 0.47341421 -0.17032726
v -0.02596447 0.47201401 -0.17789216
v -0.02773737 0.47341421 -0.17032726
v -0.02854747 0.47633332 -0.17472556
v -0.02596447 0.47201401 -0.17789216
v -0.02739467 0.47645831 -0.18323037
v -0.02511397 0.47257602 -0.18450506
v -0.02596447 0.47201401 -0.17789216
v -0.02854747 0.47633332 -0.17472556
v -0.02739467 0.47645831 -0.18323037
v -0.02630047 0.47133383 -0.16737166
v -0.02523347 0.47282910 -0.15350056
v -0.02827727 0.47650921 -0.15970147
v -0.02630047 0.47133383 -0.16737166
v -0.02827727 0.47650921 -0.15970147
v -0.02773737 0.47341421 -0.17032726
v -0.02510317 0.47534573 -0.14806765
v -0.02523347 0.47282910 -0.15350056
v -0.02195297 0.47299573 -0.14455077
v -0.02195297 0.47299573 -0.14455077
v -0.02141997 0.47611523 -0.13701716
v -0.02510317 0.47534573 -0.14806765
v -0.02510317 0.47534573 -0.14806765
v -0.02827727 0.47650921 -0.15970147
v -0.02523347 0.47282910 -0.15350056
v -0.02906617 0.47747281 -0.16876897
v -0.02854747 0.47633332 -0.17472556
v -0.02773737 0.47341421 -0.17032726
v -0.02854747 0.47633332 -0.17472556
v -0.02872597 0.48189461 -0.17188306
v -0.02753437 0.48028412 -0.18363327
v -0.02854747 0.47633332 -0.17472556
v -0.02906617 0.47747281 -0.16876897
v -0.02872597 0.48189461 -0.17188306
v -0.02854747 0.47633332 -0.17472556
v -0.02753437 0.48028412 -0.18363327
v -0.02739467 0.47645831 -0.18323037
v -0.02827727 0.47650921 -0.15970147
v -0.02906617 0.47747281 -0.16876897
v -0.02773737 0.47341421 -0.17032726
v -0.02465977 0.47852993 -0.14350356
v -0.02726627 0.47854951 -0.15319416
v -0.02510317 0.47534573 -0.14806765
v -0.02726627 0.47854951 -0.15319416
v -0.02827727 0.47650921 -0.15970147
v -0.02510317 0.47534573 -0.14806765
v -0.02465977 0.47852993 -0.14350356
v -0.02510317 0.47534573 -0.14806765
v -0.02141997 0.47611523 -0.13701716
v -0.02872597 0.48189461 -0.17188306
v -0.02906617 0.47747281 -0.16876897
v -0.02880667 0.48147193 -0.16583517
v -0.02753437 0.48028412 -0.18363327
v -0.02872597 0.48189461 -0.17188306
v -0.02606347 0.48377851 -0.18474707
v -0.02606347 0.48377851 -0.18474707
v -0.02872597 0.48189461 -0.17188306
v -0.02655487 0.48582813 -0.17373726
v -0.02880667 0.48147193 -0.16583517
v -0.02906617 0.47747281 -0.16876897
v -0.02827727 0.47650921 -0.15970147
v -0.02880667 0.48147193 -0.16583517
v -0.02827727 0.47650921 -0.15970147
v -0.02728897 0.48232183 -0.15632567
v -0.02728897 0.48232183 -0.15632567
v -0.02827727 0.47650921 -0.15970147
v -0.02726627 0.47854951 -0.15319416
v -0.02880667 0.48147193 -0.16583517
v -0.02728897 0.48232183 -0.15632567
v -0.02662487 0.48579472 -0.16370906
v -0.02465977 0.47852993 -0.14350356
v -0.02539007 0.48137110 -0.14748776
v -0.02726627 0.47854951 -0.15319416
v -0.02465977 0.47852993 -0.14350356
v -0.02188227 0.47938773 -0.13613497
v -0.02539007 0.48137110 -0.14748776
v -0.02539007 0.48137110 -0.14748776
v -0.02188227 0.47938773 -0.13613497
v -0.02200937 0.48266831 -0.13992956
v -0.02539007 0.48137110 -0.14748776
v -0.02728897 0.48232183 -0.15632567
v -0.02726627 0.47854951 -0.15319416
v -0.02539007 0.48137110 -0.14748776
v -0.02390657 0.48330691 -0.14577696
v -0.02728897 0.48232183 -0.15632567
v -0.02655487 0.48582813 -0.17373726
v -0.02872597 0.48189461 -0.17188306
v -0.02662487 0.48579472 -0.16370906
v -0.02655487 0.48582813 -0.17373726
v -0.02321547 0.48726401 -0.18326056
v -0.02606347 0.48377851 -0.18474707
v -0.02662487 0.48579472 -0.16370906
v -0.02872597 0.48189461 -0.17188306
v -0.02880667 0.48147193 -0.16583517
v -0.02662487 0.48579472 -0.16370906
v -0.02728897 0.48232183 -0.15632567
v -0.02479067 0.48641241 -0.15707186
v -0.02390657 0.48330691 -0.14577696
v -0.02479067 0.48641241 -0.15707186
v -0.02728897 0.48232183 -0.15632567
v -0.02390657 0.48330691 -0.14577696
v -0.02539007 0.48137110 -0.14748776
v -0.02200937 0.48266831 -0.13992956
v -0.02390657 0.48330691 -0.14577696
v -0.02194037 0.48637143 -0.14938205
v -0.02479067 0.48641241 -0.15707186
v -0.02321547 0.48726401 -0.18326056
v -0.02655487 0.48582813 -0.17373726
v -0.02305007 0.48896253 -0.16841906
v -0.02479067 0.48641241 -0.15707186
v -0.02305007 0.48896253 -0.16841906
v -0.02662487 0.48579472 -0.16370906
v -0.02662487 0.48579472 -0.16370906
v -0.02305007 0.48896253 -0.16841906
v -0.02655487 0.48582813 -0.17373726
v -0.02147827 0.48931763 -0.16267106
v -0.02479067 0.48641241 -0.15707186
v -0.02194037 0.48637143 -0.14938205
v -0.02479067 0.48641241 -0.15707186
v -0.02147827 0.48931763 -0.16267106
v -0.02305007 0.48896253 -0.16841906
v -0.02194037 0.48637143 -0.14938205
v -0.02390657 0.48330691 -0.14577696
v -0.02200937 0.48266831 -0.13992956
v -0.02194037 0.48637143 -0.14938205
v -0.02200937 0.48266831 -0.13992956
v -0.01958347 0.48548222 -0.14348885
v -0.02200937 0.48266831 -0.13992956
v -0.01953017 0.48139080 -0.13376036
v -0.01958347 0.48548222 -0.14348885
v -0.01974507 0.48978060 -0.17456757
v -0.02321547 0.48726401 -0.18326056
v -0.02305007 0.48896253 -0.16841906
v -0.02147827 0.48931763 -0.16267106
v -0.01974507 0.48978060 -0.17456757
v -0.02305007 0.48896253 -0.16841906
v -0.01899867 0.48851150 -0.15436935
v -0.02147827 0.48931763 -0.16267106
v -0.02194037 0.48637143 -0.14938205
v -0.02147827 0.48931763 -0.16267106
v -0.01899867 0.48851150 -0.15436935
v -0.01611397 0.49025092 -0.16821976
v -0.01611397 0.49025092 -0.16821976
v -0.01646577 0.49003071 -0.17249356
v -0.02147827 0.48931763 -0.16267106
v -0.02147827 0.48931763 -0.16267106
v -0.01646577 0.49003071 -0.17249356
v -0.01974507 0.48978060 -0.17456757
v -0.01958347 0.48548222 -0.14348885
v -0.01899867 0.48851150 -0.15436935
v -0.02194037 0.48637143 -0.14938205
v -0.01646577 0.49003071 -0.17249356
v -0.01814977 0.48824072 -0.18495935
v -0.01974507 0.48978060 -0.17456757
v -0.01646577 0.49003071 -0.17249356
v -0.01611397 0.49025092 -0.16821976
v -0.01270977 0.48849523 -0.17552096
v -0.01646577 0.49003071 -0.17249356
v -0.01270977 0.48849523 -0.17552096
v -0.01427037 0.48782682 -0.18399337
v -0.01611397 0.49025092 -0.16821976
v -0.01899867 0.48851150 -0.15436935
v -0.01523217 0.48889592 -0.15808067
v -0.01523217 0.48889592 -0.15808067
v -0.01204247 0.48846373 -0.16557705
v -0.01611397 0.49025092 -0.16821976
v -0.01454757 0.48691922 -0.14997396
v -0.01523217 0.48889592 -0.15808067
v -0.01899867 0.48851150 -0.15436935
v -0.01454757 0.48691922 -0.14997396
v -0.01899867 0.48851150 -0.15436935
v -0.01958347 0.48548222 -0.14348885
v -0.01454757 0.48691922 -0.14997396
v -0.01958347 0.48548222 -0.14348885
v -0.01663397 0.48431870 -0.13994977
v -0.01270977 0.48849523 -0.17552096
v -0.01611397 0.49025092 -0.16821976
v -0.01204247 0.48846373 -0.16557705
v -0.01270977 0.48849523 -0.17552096
v -0.00985237 0.48688832 -0.16843235
v -0.01109557 0.48586503 -0.18398146
v -0.01270977 0.48849523 -0.17552096
v -0.01204247 0.48846373 -0.16557705
v -0.00985237 0.48688832 -0.16843235
v -0.01204247 0.48846373 -0.16557705
v -0.01523217 0.48889592 -0.15808067
v -0.01111527 0.48596391 -0.15474316
v -0.01111527 0.48596391 -0.15474316
v -0.01523217 0.48889592 -0.15808067
v -0.01454757 0.48691922 -0.14997396
v -0.01204247 0.48846373 -0.16557705
v -0.01111527 0.48596391 -0.15474316
v -0.00985237 0.48688832 -0.16843235
v -0.01348317 0.48295033 -0.14094347
v -0.01454757 0.48691922 -0.14997396
v -0.01663397 0.48431870 -0.13994977
v -0.01454757 0.48691922 -0.14997396
v -0.01348317 0.48295033 -0.14094347
v -0.01111527 0.48596391 -0.15474316
v -0.01109557 0.48586503 -0.18398146
v -0.00985237 0.48688832 -0.16843235
v -0.00778987 0.48302132 -0.17566457
v -0.00778987 0.48302132 -0.17566457
v -0.00985237 0.48688832 -0.16843235
v -0.00771007 0.48388952 -0.16854036
v -0.01109557 0.48586503 -0.18398146
v -0.00778987 0.48302132 -0.17566457
v -0.00971417 0.48374280 -0.18466456
v -0.00758037 0.48257613 -0.16111976
v -0.00771007 0.48388952 -0.16854036
v -0.00985237 0.48688832 -0.16843235
v -0.00758037 0.48257613 -0.16111976
v -0.00985237 0.48688832 -0.16843235
v -0.01111527 0.48596391 -0.15474316
v -0.01348317 0.48295033 -0.14094347
v -0.00924877 0.48157972 -0.15128526
v -0.01111527 0.48596391 -0.15474316
v -0.01111527 0.48596391 -0.15474316
v -0.00924877 0.48157972 -0.15128526
v -0.00758037 0.48257613 -0.16111976
v -0.00668827 0.47977692 -0.17113516
v -0.00778987 0.48302132 -0.17566457
v -0.00771007 0.48388952 -0.16854036
v -0.00778987 0.48302132 -0.17566457
v -0.00668827 0.47977692 -0.17113516
v -0.00776797 0.47812751 -0.18131097
v -0.00758037 0.48257613 -0.16111976
v -0.00924877 0.48157972 -0.15128526
v -0.00803217 0.47701353 -0.15605867
v -0.00771007 0.48388952 -0.16854036
v -0.00758037 0.48257613 -0.16111976
v -0.00668827 0.47977692 -0.17113516
v -0.00758037 0.48257613 -0.16111976
v -0.00803217 0.47701353 -0.15605867
v -0.00673707 0.47694772 -0.16846746
v -0.00758037 0.48257613 -0.16111976
v -0.00673707 0.47694772 -0.16846746
v -0.00668827 0.47977692 -0.17113516
v -0.00924877 0.48157972 -0.15128526
v -0.01145567 0.47872722 -0.14211306
v -0.00803217 0.47701353 -0.15605867
v -0.00777057 0.47495821 -0.17577367
v -0.00776797 0.47812751 -0.18131097
v -0.00673707 0.47694772 -0.16846746
v -0.00673707 0.47694772 -0.16846746
v -0.00776797 0.47812751 -0.18131097
v -0.00668827 0.47977692 -0.17113516
v -0.00764557 0.47455573 -0.16403987
v -0.00673707 0.47694772 -0.16846746
v -0.00803217 0.47701353 -0.15605867
v -0.01145567 0.47872722 -0.14211306
v -0.00976677 0.47393632 -0.15361476
v -0.00803217 0.47701353 -0.15605867
v -0.01145567 0.47872722 -0.14211306
v -0.01311897 0.47631872 -0.13948706
v -0.00976677 0.47393632 -0.15361476
v -0.00957367 0.47179133 -0.17497696
v -0.00942407 0.47469181 -0.18451867
v -0.00777057 0.47495821 -0.17577367
v -0.00957367 0.47179133 -0.17497696
v -0.00777057 0.47495821 -0.17577367
v -0.00764557 0.47455573 -0.16403987
v -0.00777057 0.47495821 -0.17577367
v -0.00673707 0.47694772 -0.16846746
v -0.00764557 0.47455573 -0.16403987
v -0.00957367 0.47179133 -0.17497696
v -0.00764557 0.47455573 -0.16403987
v -0.00903957 0.47220403 -0.16435936
v -0.00957367 0.47179133 -0.17497696
v -0.00903957 0.47220403 -0.16435936
v -0.01235297 0.46910521 -0.17272437
v -0.00957367 0.47179133 -0.17497696
v -0.01145017 0.47176981 -0.18410257
v -0.00942407 0.47469181 -0.18451867
v -0.00903957 0.47220403 -0.16435936
v -0.00764557 0.47455573 -0.16403987
v -0.00976677 0.47393632 -0.15361476
v -0.00976677 0.47393632 -0.15361476
v -0.00764557 0.47455573 -0.16403987
v -0.00803217 0.47701353 -0.15605867
v -0.00903957 0.47220403 -0.16435936
v -0.00976677 0.47393632 -0.15361476
v -0.01204317 0.47118232 -0.15469396
v -0.00976677 0.47393632 -0.15361476
v -0.01311897 0.47631872 -0.13948706
v -0.01490417 0.47359332 -0.14121866
v -0.01767347 0.46779171 -0.17372906
v -0.01458997 0.46983573 -0.18364605
v -0.01235297 0.46910521 -0.17272437
v -0.01235297 0.46910521 -0.17272437
v -0.01566077 0.46784732 -0.16871166
v -0.01767347 0.46779171 -0.17372906
v -0.01709247 0.46808290 -0.16177827
v -0.01566077 0.46784732 -0.16871166
v -0.01242967 0.46924573 -0.16410565
v -0.01242967 0.46924573 -0.16410565
v -0.01566077 0.46784732 -0.16871166
v -0.01235297 0.46910521 -0.17272437
v -0.01242967 0.46924573 -0.16410565
v -0.01566217 0.46952373 -0.15430947
v -0.01709247 0.46808290 -0.16177827
v -0.01566077 0.46784732 -0.16871166
v -0.01709247 0.46808290 -0.16177827
v -0.01767347 0.46779171 -0.17372906
v -0.01591057 0.47205582 -0.14443597
v -0.01490417 0.47359332 -0.14121866
v -0.01864887 0.47380900 -0.13887486
v -0.01591057 0.47205582 -0.14443597
v -0.01878637 0.46965203 -0.15285626
v -0.01566217 0.46952373 -0.15430947
v -0.01235297 0.46910521 -0.17272437
v -0.01145017 0.47176981 -0.18410257
v -0.00957367 0.47179133 -0.17497696
v -0.01242967 0.46924573 -0.16410565
v -0.01235297 0.46910521 -0.17272437
v -0.00903957 0.47220403 -0.16435936
v -0.01242967 0.46924573 -0.16410565
v -0.00903957 0.47220403 -0.16435936
v -0.01204317 0.47118232 -0.15469396
v -0.01242967 0.46924573 -0.16410565
v -0.01204317 0.47118232 -0.15469396
v -0.01566217 0.46952373 -0.15430947
v -0.01591057 0.47205582 -0.14443597
v -0.01204317 0.47118232 -0.15469396
v -0.01490417 0.47359332 -0.14121866
v -0.01490417 0.47359332 -0.14121866
v -0.01204317 0.47118232 -0.15469396
v -0.00976677 0.47393632 -0.15361476
v -0.01591057 0.47205582 -0.14443597
v -0.01566217 0.46952373 -0.15430947
v -0.01204317 0.47118232 -0.15469396
v -0.02082617 0.46976802 -0.18401965
v -0.01733647 0.46951592 -0.18463767
v -0.01767347 0.46779171 -0.17372906
v -0.02082617 0.46976802 -0.18401965
v -0.02351827 0.47256872 -0.18522416
v -0.01733647 0.46951592 -0.18463767
v -0.01733647 0.46951592 -0.18463767
v -0.02351827 0.47256872 -0.18522416
v -0.01592277 0.47189271 -0.18535125
v -0.02082617 0.46976802 -0.18401965
v -0.02511397 0.47257602 -0.18450506
v -0.02351827 0.47256872 -0.18522416
v -0.02511397 0.47257602 -0.18450506
v -0.02082617 0.46976802 -0.18401965
v -0.02210857 0.46869731 -0.17445415
v -0.02685557 0.47968772 -0.18500406
v -0.02511397 0.47257602 -0.18450506
v -0.02739467 0.47645831 -0.18323037
v -0.02685557 0.47968772 -0.18500406
v -0.02739467 0.47645831 -0.18323037
v -0.02753437 0.48028412 -0.18363327
v -0.02511397 0.47257602 -0.18450506
v -0.02685557 0.47968772 -0.18500406
v -0.02351827 0.47256872 -0.18522416
v -0.02753437 0.48028412 -0.18363327
v -0.02606347 0.48377851 -0.18474707
v -0.02685557 0.47968772 -0.18500406
v -0.02321547 0.48726401 -0.18326056
v -0.01814977 0.48824072 -0.18495935
v -0.02606347 0.48377851 -0.18474707
v -0.01814977 0.48824072 -0.18495935
v -0.02321547 0.48726401 -0.18326056
v -0.01974507 0.48978060 -0.17456757
v -0.01814977 0.48824072 -0.18495935
v -0.01646577 0.49003071 -0.17249356
v -0.01427037 0.48782682 -0.18399337
v -0.01427037 0.48782682 -0.18399337
v -0.01591657 0.48600683 -0.18544637
v -0.01814977 0.48824072 -0.18495935
v -0.01427037 0.48782682 -0.18399337
v -0.01109557 0.48586503 -0.18398146
v -0.01591657 0.48600683 -0.18544637
v -0.01109557 0.48586503 -0.18398146
v -0.01427037 0.48782682 -0.18399337
v -0.01270977 0.48849523 -0.17552096
v -0.01109557 0.48586503 -0.18398146
v -0.00971417 0.48374280 -0.18466456
v -0.01591657 0.48600683 -0.18544637
v -0.00865277 0.48028421 -0.18506426
v -0.00971417 0.48374280 -0.18466456
v -0.00778987 0.48302132 -0.17566457
v -0.00865277 0.48028421 -0.18506426
v -0.00778987 0.48302132 -0.17566457
v -0.00776797 0.47812751 -0.18131097
v -0.00865277 0.48028421 -0.18506426
v -0.00776797 0.47812751 -0.18131097
v -0.00942407 0.47469181 -0.18451867
v -0.00776797 0.47812751 -0.18131097
v -0.00777057 0.47495821 -0.17577367
v -0.00942407 0.47469181 -0.18451867
v -0.00942407 0.47469181 -0.18451867
v -0.01349887 0.47079343 -0.18475085
v -0.01592277 0.47189271 -0.18535125
v -0.00942407 0.47469181 -0.18451867
v -0.01592277 0.47189271 -0.18535125
v -0.00865277 0.48028421 -0.18506426
v -0.01145017 0.47176981 -0.18410257
v -0.01349887 0.47079343 -0.18475085
v -0.00942407 0.47469181 -0.18451867
v -0.01733647 0.46951592 -0.18463767
v -0.01592277 0.47189271 -0.18535125
v -0.01349887 0.47079343 -0.18475085
v -0.01733647 0.46951592 -0.18463767
v -0.01458997 0.46983573 -0.18364605
v -0.01767347 0.46779171 -0.17372906
v -0.01349887 0.47079343 -0.18475085
v -0.01458997 0.46983573 -0.18364605
v -0.01733647 0.46951592 -0.18463767
v -0.01349887 0.47079343 -0.18475085
v -0.01145017 0.47176981 -0.18410257
v -0.01458997 0.46983573 -0.18364605
v -0.01145017 0.47176981 -0.18410257
v -0.01235297 0.46910521 -0.17272437
v -0.01458997 0.46983573 -0.18364605
v -0.01918667 0.47608042 -0.13587636
v -0.02124517 0.47868010 -0.13625637
v -0.01814767 0.47839811 -0.13173766
v -0.02124517 0.47868010 -0.13625637
v -0.02383017 0.48022690 -0.14410707
v -0.02225867 0.48298693 -0.14360216
v -0.02124517 0.47868010 -0.13625637
v -0.02225867 0.48298693 -0.14360216
v -0.01864417 0.48068401 -0.13369316
v -0.02124517 0.47868010 -0.13625637
v -0.01864417 0.48068401 -0.13369316
v -0.01814767 0.47839811 -0.13173766
v -0.01864417 0.48068401 -0.13369316
v -0.02225867 0.48298693 -0.14360216
v -0.01863547 0.48326451 -0.13913476
v -0.01864417 0.48068401 -0.13369316
v -0.01863547 0.48326451 -0.13913476
v -0.01660087 0.48135930 -0.13528576
v -0.01660087 0.48135930 -0.13528576
v -0.01863547 0.48326451 -0.13913476
v -0.01408597 0.48390213 -0.14458197
v -0.01864417 0.48068401 -0.13369316
v -0.01660087 0.48135930 -0.13528576
v -0.01625017 0.47921112 -0.13300186
v -0.01625017 0.47921112 -0.13300186
v -0.01660087 0.48135930 -0.13528576
v -0.01334787 0.48070991 -0.14056846
v -0.01334787 0.48070991 -0.14056846
v -0.01224267 0.47723451 -0.14342266
v -0.01625017 0.47921112 -0.13300186
v -0.01529137 0.47667262 -0.13676606
v -0.01625017 0.47921112 -0.13300186
v -0.01224267 0.47723451 -0.14342266
v -0.01814767 0.47839811 -0.13173766
v -0.01864417 0.48068401 -0.13369316
v -0.01625017 0.47921112 -0.13300186
v -0.01918667 0.47608042 -0.13587636
v -0.01814767 0.47839811 -0.13173766
v -0.01638147 0.47509971 -0.13861866
v -0.01638147 0.47509971 -0.13861866
v -0.01814767 0.47839811 -0.13173766
v -0.01529137 0.47667262 -0.13676606
v -0.01529137 0.47667262 -0.13676606
v -0.01814767 0.47839811 -0.13173766
v -0.01625017 0.47921112 -0.13300186
v -0.01778577 0.48611793 -0.18486875
v -0.01121617 0.47345611 -0.18469436
v -0.01161587 0.48381141 -0.18465647
v -0.01778577 0.48611793 -0.18486875
v -0.02282907 0.48469943 -0.18473347
v -0.01965477 0.47116992 -0.18475506
v -0.01965477 0.47116992 -0.18475506
v -0.02282907 0.48469943 -0.18473347
v -0.02652547 0.47824782 -0.18435407
v -0.01778577 0.48611793 -0.18486875
v -0.01965477 0.47116992 -0.18475506
v -0.01121617 0.47345611 -0.18469436
v -0.01844067 0.46868262 -0.17370987
v -0.02070697 0.47053093 -0.18379825
v -0.02374087 0.47076011 -0.17570136
v -0.01844067 0.46868262 -0.17370987
v -0.02442247 0.47065541 -0.16777077
v -0.01989167 0.46885261 -0.16465005
v -0.01844067 0.46868262 -0.17370987
v -0.02374087 0.47076011 -0.17570136
v -0.02442247 0.47065541 -0.16777077
v -0.01844067 0.46868262 -0.17370987
v -0.01540377 0.47030851 -0.18393366
v -0.02070697 0.47053093 -0.18379825
v -0.02200427 0.47073773 -0.15631317
v -0.01647187 0.46984982 -0.15610406
v -0.01989167 0.46885261 -0.16465005
v -0.01647187 0.46984982 -0.15610406
v -0.02200427 0.47073773 -0.15631317
v -0.01878767 0.47275892 -0.14426596
v -0.02442247 0.47065541 -0.16777077
v -0.02461037 0.47230580 -0.15767686
v -0.02200427 0.47073773 -0.15631317
v -0.02442247 0.47065541 -0.16777077
v -0.02200427 0.47073773 -0.15631317
v -0.01989167 0.46885261 -0.16465005
v -0.02200427 0.47073773 -0.15631317
v -0.02461037 0.47230580 -0.15767686
v -0.02269437 0.47340682 -0.14828846
v -0.01878767 0.47275892 -0.14426596
v -0.02269437 0.47340682 -0.14828846
v -0.01918667 0.47608042 -0.13587636
v -0.02269437 0.47340682 -0.14828846
v -0.01878767 0.47275892 -0.14426596
v -0.02200427 0.47073773 -0.15631317
v -0.02645477 0.47398052 -0.17697866
v -0.02782897 0.47558621 -0.16708165
v -0.02442247 0.47065541 -0.16777077
v -0.02645477 0.47398052 -0.17697866
v -0.02442247 0.47065541 -0.16777077
v -0.02374087 0.47076011 -0.17570136
v -0.02645477 0.47398052 -0.17697866
v -0.02374087 0.47076011 -0.17570136
v -0.02493937 0.47371593 -0.18425846
v -0.02782897 0.47558621 -0.16708165
v -0.02654287 0.47676951 -0.15482967
v -0.02461037 0.47230580 -0.15767686
v -0.02782897 0.47558621 -0.16708165
v -0.02461037 0.47230580 -0.15767686
v -0.02442247 0.47065541 -0.16777077
v -0.02474397 0.47587880 -0.14899856
v -0.02461037 0.47230580 -0.15767686
v -0.02654287 0.47676951 -0.15482967
v -0.02269437 0.47340682 -0.14828846
v -0.02474397 0.47587880 -0.14899856
v -0.02124517 0.47868010 -0.13625637
v -0.02269437 0.47340682 -0.14828846
v -0.02124517 0.47868010 -0.13625637
v -0.01918667 0.47608042 -0.13587636
v -0.02269437 0.47340682 -0.14828846
v -0.02461037 0.47230580 -0.15767686
v -0.02474397 0.47587880 -0.14899856
v -0.02645477 0.47398052 -0.17697866
v -0.02803977 0.47803521 -0.17412457
v -0.02782897 0.47558621 -0.16708165
v -0.02803977 0.47803521 -0.17412457
v -0.02645477 0.47398052 -0.17697866
v -0.02652547 0.47824782 -0.18435407
v -0.02782897 0.47558621 -0.16708165
v -0.02729247 0.48023450 -0.15806127
v -0.02654287 0.47676951 -0.15482967
v -0.02474397 0.47587880 -0.14899856
v -0.02654287 0.47676951 -0.15482967
v -0.02383017 0.48022690 -0.14410707
v -0.02383017 0.48022690 -0.14410707
v -0.02124517 0.47868010 -0.13625637
v -0.02474397 0.47587880 -0.14899856
v -0.02635187 0.48138061 -0.18405896
v -0.02651307 0.48443073 -0.17330697
v -0.02806607 0.48099062 -0.16942307
v -0.02635187 0.48138061 -0.18405896
v -0.02806607 0.48099062 -0.16942307
v -0.02803977 0.47803521 -0.17412457
v -0.02731867 0.48260722 -0.16274667
v -0.02806607 0.48099062 -0.16942307
v -0.02651307 0.48443073 -0.17330697
v -0.02731867 0.48260722 -0.16274667
v -0.02729247 0.48023450 -0.15806127
v -0.02806607 0.48099062 -0.16942307
v -0.02729247 0.48023450 -0.15806127
v -0.02782897 0.47558621 -0.16708165
v -0.02806607 0.48099062 -0.16942307
v -0.02806607 0.48099062 -0.16942307
v -0.02782897 0.47558621 -0.16708165
v -0.02803977 0.47803521 -0.17412457
v -0.02383017 0.48022690 -0.14410707
v -0.02654287 0.47676951 -0.15482967
v -0.02729247 0.48023450 -0.15806127
v -0.02651307 0.48443073 -0.17330697
v -0.02515337 0.48391113 -0.18364576
v -0.02173007 0.48706362 -0.18377417
v -0.02651307 0.48443073 -0.17330697
v -0.02635187 0.48138061 -0.18405896
v -0.02515337 0.48391113 -0.18364576
v -0.02553477 0.48596713 -0.16592306
v -0.02444177 0.48420072 -0.15261386
v -0.02731867 0.48260722 -0.16274667
v -0.02553477 0.48596713 -0.16592306
v -0.02731867 0.48260722 -0.16274667
v -0.02651307 0.48443073 -0.17330697
v -0.02444177 0.48420072 -0.15261386
v -0.02225867 0.48298693 -0.14360216
v -0.02383017 0.48022690 -0.14410707
v -0.02383017 0.48022690 -0.14410707
v -0.02729247 0.48023450 -0.15806127
v -0.02444177 0.48420072 -0.15261386
v -0.02444177 0.48420072 -0.15261386
v -0.02729247 0.48023450 -0.15806127
v -0.02731867 0.48260722 -0.16274667
v -0.02240807 0.48814252 -0.17357126
v -0.02553477 0.48596713 -0.16592306
v -0.02651307 0.48443073 -0.17330697
v -0.02240807 0.48814252 -0.17357126
v -0.02323847 0.48762962 -0.16324286
v -0.02553477 0.48596713 -0.16592306
v -0.02240807 0.48814252 -0.17357126
v -0.02651307 0.48443073 -0.17330697
v -0.02173007 0.48706362 -0.18377417
v -0.02323847 0.48762962 -0.16324286
v -0.02240807 0.48814252 -0.17357126
v -0.01938077 0.48917192 -0.16477406
v -0.02323847 0.48762962 -0.16324286
v -0.02444177 0.48420072 -0.15261386
v -0.02553477 0.48596713 -0.16592306
v -0.02323847 0.48762962 -0.16324286
v -0.02068497 0.48666310 -0.15207006
v -0.02444177 0.48420072 -0.15261386
v -0.02068497 0.48666310 -0.15207006
v -0.01863547 0.48326451 -0.13913476
v -0.02225867 0.48298693 -0.14360216
v -0.02225867 0.48298693 -0.14360216
v -0.02444177 0.48420072 -0.15261386
v -0.02068497 0.48666310 -0.15207006
v -0.01737867 0.48902112 -0.17472667
v -0.02173007 0.48706362 -0.18377417
v -0.01669637 0.48769042 -0.18351276
v -0.01737867 0.48902112 -0.17472667
v -0.01938077 0.48917192 -0.16477406
v -0.02240807 0.48814252 -0.17357126
v -0.02240807 0.48814252 -0.17357126
v -0.02173007 0.48706362 -0.18377417
v -0.01737867 0.48902112 -0.17472667
v -0.01938077 0.48917192 -0.16477406
v -0.01644297 0.48840913 -0.15894827
v -0.02068497 0.48666310 -0.15207006
v -0.01938077 0.48917192 -0.16477406
v -0.02068497 0.48666310 -0.15207006
v -0.02323847 0.48762962 -0.16324286
v -0.01676677 0.48628440 -0.14861026
v -0.02068497 0.48666310 -0.15207006
v -0.01644297 0.48840913 -0.15894827
v -0.01676677 0.48628440 -0.14861026
v -0.01863547 0.48326451 -0.13913476
v -0.02068497 0.48666310 -0.15207006
v -0.01737867 0.48902112 -0.17472667
v -0.01669637 0.48769042 -0.18351276
v -0.01224627 0.48780781 -0.17144266
v -0.01737867 0.48902112 -0.17472667
v -0.01224627 0.48780781 -0.17144266
v -0.01352397 0.48846760 -0.16910657
v -0.01737867 0.48902112 -0.17472667
v -0.01352397 0.48846760 -0.16910657
v -0.01938077 0.48917192 -0.16477406
v -0.01644297 0.48840913 -0.15894827
v -0.01352397 0.48846760 -0.16910657
v -0.01294647 0.48696253 -0.15829636
v -0.01352397 0.48846760 -0.16910657
v -0.01644297 0.48840913 -0.15894827
v -0.01938077 0.48917192 -0.16477406
v -0.01676677 0.48628440 -0.14861026
v -0.01408597 0.48390213 -0.14458197
v -0.01863547 0.48326451 -0.13913476
v -0.01352397 0.48846760 -0.16910657
v -0.01224627 0.48780781 -0.17144266
v -0.01031587 0.48549441 -0.16236196
v -0.01352397 0.48846760 -0.16910657
v -0.01031587 0.48549441 -0.16236196
v -0.01294647 0.48696253 -0.15829636
v -0.01031587 0.48549441 -0.16236196
v -0.01192457 0.48385981 -0.14952007
v -0.01294647 0.48696253 -0.15829636
v -0.01294647 0.48696253 -0.15829636
v -0.01676677 0.48628440 -0.14861026
v -0.01644297 0.48840913 -0.15894827
v -0.01192457 0.48385981 -0.14952007
v -0.01676677 0.48628440 -0.14861026
v -0.01294647 0.48696253 -0.15829636
v -0.01192457 0.48385981 -0.14952007
v -0.01408597 0.48390213 -0.14458197
v -0.01676677 0.48628440 -0.14861026
v -0.00800817 0.48187843 -0.17281456
v -0.00890677 0.48421180 -0.17132096
v -0.00934827 0.48120761 -0.18391237
v -0.00890677 0.48421180 -0.17132096
v -0.01224627 0.48780781 -0.17144266
v -0.01234267 0.48586240 -0.18407147
v -0.01031587 0.48549441 -0.16236196
v -0.00890677 0.48421180 -0.17132096
v -0.00851087 0.48158452 -0.15990216
v -0.01031587 0.48549441 -0.16236196
v -0.00851087 0.48158452 -0.15990216
v -0.01192457 0.48385981 -0.14952007
v -0.01031587 0.48549441 -0.16236196
v -0.01224627 0.48780781 -0.17144266
v -0.00890677 0.48421180 -0.17132096
v -0.01408597 0.48390213 -0.14458197
v -0.01192457 0.48385981 -0.14952007
v -0.01334787 0.48070991 -0.14056846
v -0.01334787 0.48070991 -0.14056846
v -0.01660087 0.48135930 -0.13528576
v -0.01408597 0.48390213 -0.14458197
v -0.00800817 0.48187843 -0.17281456
v -0.00934827 0.48120761 -0.18391237
v -0.00787797 0.47818753 -0.17498636
v -0.00800817 0.48187843 -0.17281456
v -0.00787797 0.47818753 -0.17498636
v -0.00741987 0.47823003 -0.16864467
v -0.00851087 0.48158452 -0.15990216
v -0.00741987 0.47823003 -0.16864467
v -0.00822167 0.47751373 -0.16022557
v -0.00851087 0.48158452 -0.15990216
v -0.00822167 0.47751373 -0.16022557
v -0.01019097 0.47951573 -0.14988856
v -0.00851087 0.48158452 -0.15990216
v -0.00800817 0.48187843 -0.17281456
v -0.00741987 0.47823003 -0.16864467
v -0.00851087 0.48158452 -0.15990216
v -0.00890677 0.48421180 -0.17132096
v -0.00800817 0.48187843 -0.17281456
v -0.01019097 0.47951573 -0.14988856
v -0.01224267 0.47723451 -0.14342266
v -0.01334787 0.48070991 -0.14056846
v -0.01019097 0.47951573 -0.14988856
v -0.01334787 0.48070991 -0.14056846
v -0.01192457 0.48385981 -0.14952007
v -0.01019097 0.47951573 -0.14988856
v -0.01192457 0.48385981 -0.14952007
v -0.00851087 0.48158452 -0.15990216
v -0.00787797 0.47818753 -0.17498636
v -0.00942497 0.47689843 -0.18429086
v -0.00824857 0.47539732 -0.17294106
v -0.00824857 0.47539732 -0.17294106
v -0.00942497 0.47689843 -0.18429086
v -0.00965537 0.47301602 -0.17438036
v -0.00787797 0.47818753 -0.17498636
v -0.00824857 0.47539732 -0.17294106
v -0.00741987 0.47823003 -0.16864467
v -0.00822167 0.47751373 -0.16022557
v -0.00741987 0.47823003 -0.16864467
v -0.00918757 0.47335273 -0.16550067
v -0.00918757 0.47335273 -0.16550067
v -0.00741987 0.47823003 -0.16864467
v -0.00824857 0.47539732 -0.17294106
v -0.00822167 0.47751373 -0.16022557
v -0.00918757 0.47335273 -0.16550067
v -0.01029927 0.47385880 -0.15571576
v -0.01019097 0.47951573 -0.14988856
v -0.01029927 0.47385880 -0.15571576
v -0.01224267 0.47723451 -0.14342266
v -0.01019097 0.47951573 -0.14988856
v -0.00822167 0.47751373 -0.16022557
v -0.01029927 0.47385880 -0.15571576
v -0.00965537 0.47301602 -0.17438036
v -0.01121617 0.47345611 -0.18469436
v -0.01322877 0.46979281 -0.17438516
v -0.00965537 0.47301602 -0.17438036
v -0.00918757 0.47335273 -0.16550067
v -0.00824857 0.47539732 -0.17294106
v -0.01121617 0.47345611 -0.18469436
v -0.00965537 0.47301602 -0.17438036
v -0.00942497 0.47689843 -0.18429086
v -0.01029927 0.47385880 -0.15571576
v -0.00918757 0.47335273 -0.16550067
v -0.01215907 0.47019982 -0.16797806
v -0.01029927 0.47385880 -0.15571576
v -0.01426857 0.47328162 -0.14633477
v -0.01224267 0.47723451 -0.14342266
v -0.01224267 0.47723451 -0.14342266
v -0.01426857 0.47328162 -0.14633477
v -0.01529137 0.47667262 -0.13676606
v -0.01322877 0.46979281 -0.17438516
v -0.01844067 0.46868262 -0.17370987
v -0.01547597 0.46888411 -0.16528146
v -0.01322877 0.46979281 -0.17438516
v -0.01547597 0.46888411 -0.16528146
v -0.01215907 0.47019982 -0.16797806
v -0.01844067 0.46868262 -0.17370987
v -0.01322877 0.46979281 -0.17438516
v -0.01540377 0.47030851 -0.18393366
v -0.01547597 0.46888411 -0.16528146
v -0.01844067 0.46868262 -0.17370987
v -0.01989167 0.46885261 -0.16465005
v -0.01547597 0.46888411 -0.16528146
v -0.01989167 0.46885261 -0.16465005
v -0.01647187 0.46984982 -0.15610406
v -0.01878767 0.47275892 -0.14426596
v -0.01371997 0.47098681 -0.15534216
v -0.01647187 0.46984982 -0.15610406
v -0.01878767 0.47275892 -0.14426596
v -0.01918667 0.47608042 -0.13587636
v -0.01638147 0.47509971 -0.13861866
v -0.01878767 0.47275892 -0.14426596
v -0.01638147 0.47509971 -0.13861866
v -0.01426857 0.47328162 -0.14633477
v -0.01878767 0.47275892 -0.14426596
v -0.01426857 0.47328162 -0.14633477
v -0.01371997 0.47098681 -0.15534216
v -0.01322877 0.46979281 -0.17438516
v -0.01215907 0.47019982 -0.16797806
v -0.00965537 0.47301602 -0.17438036
v -0.00965537 0.47301602 -0.17438036
v -0.01215907 0.47019982 -0.16797806
v -0.00918757 0.47335273 -0.16550067
v -0.01322877 0.46979281 -0.17438516
v -0.01121617 0.47345611 -0.18469436
v -0.01540377 0.47030851 -0.18393366
v -0.01215907 0.47019982 -0.16797806
v -0.01547597 0.46888411 -0.16528146
v -0.01647187 0.46984982 -0.15610406
v -0.01215907 0.47019982 -0.16797806
v -0.01647187 0.46984982 -0.15610406
v -0.01371997 0.47098681 -0.15534216
v -0.01215907 0.47019982 -0.16797806
v -0.01371997 0.47098681 -0.15534216
v -0.01029927 0.47385880 -0.15571576
v -0.01426857 0.47328162 -0.14633477
v -0.01638147 0.47509971 -0.13861866
v -0.01529137 0.47667262 -0.13676606
v -0.01426857 0.47328162 -0.14633477
v -0.01029927 0.47385880 -0.15571576
v -0.01371997 0.47098681 -0.15534216
v -0.01965477 0.47116992 -0.18475506
v -0.02070697 0.47053093 -0.18379825
v -0.01540377 0.47030851 -0.18393366
v -0.02070697 0.47053093 -0.18379825
v -0.01965477 0.47116992 -0.18475506
v -0.02493937 0.47371593 -0.18425846
v -0.02070697 0.47053093 -0.18379825
v -0.02493937 0.47371593 -0.18425846
v -0.02374087 0.47076011 -0.17570136
v -0.02652547 0.47824782 -0.18435407
v -0.02645477 0.47398052 -0.17697866
v -0.02493937 0.47371593 -0.18425846
v -0.02652547 0.47824782 -0.18435407
v -0.02493937 0.47371593 -0.18425846
v -0.01965477 0.47116992 -0.18475506
v -0.02635187 0.48138061 -0.18405896
v -0.02652547 0.47824782 -0.18435407
v -0.02282907 0.48469943 -0.18473347
v -0.02635187 0.48138061 -0.18405896
v -0.02803977 0.47803521 -0.17412457
v -0.02652547 0.47824782 -0.18435407
v -0.02515337 0.48391113 -0.18364576
v -0.02635187 0.48138061 -0.18405896
v -0.02282907 0.48469943 -0.18473347
v -0.02173007 0.48706362 -0.18377417
v -0.02515337 0.48391113 -0.18364576
v -0.02282907 0.48469943 -0.18473347
v -0.02173007 0.48706362 -0.18377417
v -0.02282907 0.48469943 -0.18473347
v -0.01778577 0.48611793 -0.18486875
v -0.01669637 0.48769042 -0.18351276
v -0.01778577 0.48611793 -0.18486875
v -0.01234267 0.48586240 -0.18407147
v -0.01669637 0.48769042 -0.18351276
v -0.01234267 0.48586240 -0.18407147
v -0.01224627 0.48780781 -0.17144266
v -0.01669637 0.48769042 -0.18351276
v -0.02173007 0.48706362 -0.18377417
v -0.01778577 0.48611793 -0.18486875
v -0.01234267 0.48586240 -0.18407147
v -0.01778577 0.48611793 -0.18486875
v -0.01161587 0.48381141 -0.18465647
v -0.01161587 0.48381141 -0.18465647
v -0.00934827 0.48120761 -0.18391237
v -0.01234267 0.48586240 -0.18407147
v -0.01234267 0.48586240 -0.18407147
v -0.00934827 0.48120761 -0.18391237
v -0.00890677 0.48421180 -0.17132096
v -0.00942497 0.47689843 -0.18429086
v -0.01161587 0.48381141 -0.18465647
v -0.01121617 0.47345611 -0.18469436
v -0.00934827 0.48120761 -0.18391237
v -0.01161587 0.48381141 -0.18465647
v -0.00942497 0.47689843 -0.18429086
v -0.00942497 0.47689843 -0.18429086
v -0.00787797 0.47818753 -0.17498636
v -0.00934827 0.48120761 -0.18391237
v -0.01540377 0.47030851 -0.18393366
v -0.01121617 0.47345611 -0.18469436
v -0.01965477 0.47116992 -0.18475506
vn -0.12849903 -0.90934479 0.39570200
vn 0.43249938 -0.65801454 0.61640990
vn -0.21440837 -0.20988235 0.95392793
vn -0.12849903 -0.90934479 0.39570200
vn -0.21440837 -0.20988235 0.95392793
vn -0.69968873 -0.56690770 0.43480030
vn -0.69968873 -0.56690770 0.43480030
vn -0.21440837 -0.20988235 0.95392793
vn -0.88712507 0.09545735 0.45154953
vn -0.69968873 -0.56690770 0.43480030
vn -0.88712507 0.09545735 0.45154953
vn -0.94488728 -0.06205788 0.32146055
vn -0.88712507 0.09545735 0.45154953
vn -0.21440837 -0.20988235 0.95392793
vn -0.48155728 0.66969794 0.56533813
vn -0.48155728 0.66969794 0.56533813
vn -0.69742203 0.62142986 0.35696980
vn -0.88712507 0.09545735 0.45154953
vn -0.48155728 0.66969794 0.56533813
vn 0.19906707 0.67528516 0.71018463
vn 0.20137364 0.90562201 0.37322578
vn -0.48155728 0.66969794 0.56533813
vn 0.20137364 0.90562201 0.37322578
vn -0.21688147 0.92476642 0.31268117
vn 0.19906707 0.67528516 0.71018463
vn 0.70729387 0.61172742 0.35429502
vn 0.20137364 0.90562201 0.37322578
vn 0.19906707 0.67528516 0.71018463
vn 0.74806762 0.16857402 0.64185482
vn 0.70729387 0.61172742 0.35429502
vn 0.74806762 0.16857402 0.64185482
vn 0.94430470 0.00418681 0.32904568
vn 0.70729387 0.61172742 0.35429502
vn 0.94430470 0.00418681 0.32904568
vn 0.92585713 0.29040593 0.24177052
vn 0.70729387 0.61172742 0.35429502
vn 0.74806762 0.16857402 0.64185482
vn 0.81090486 -0.44655845 0.37817830
vn 0.94430470 0.00418681 0.32904568
vn 0.81090486 -0.44655845 0.37817830
vn 0.74806762 0.16857402 0.64185482
vn 0.43249938 -0.65801454 0.61640990
vn 0.43249938 -0.65801454 0.61640990
vn 0.47169405 -0.80901247 0.35071865
vn 0.81090486 -0.44655845 0.37817830
vn -0.21440837 -0.20988235 0.95392793
vn 0.43249938 -0.65801454 0.61640990
vn 0.74806762 0.16857402 0.64185482
vn -0.21440837 -0.20988235 0.95392793
vn 0.74806762 0.16857402 0.64185482
vn 0.19906707 0.67528516 0.71018463
vn -0.21440837 -0.20988235 0.95392793
vn 0.19906707 0.67528516 0.71018463
vn -0.48155728 0.66969794 0.56533813
vn 0.43249938 -0.65801454 0.61640990
vn -0.12849903 -0.90934479 0.39570200
vn 0.47169405 -0.80901247 0.35071865
vn 0.10800152 0.22734873 -0.96780586
vn 0.05323127 -0.16508175 -0.98484236
vn -0.22510840 -0.31047073 -0.92354435
vn 0.10800152 0.22734873 -0.96780586
vn -0.22510840 -0.31047073 -0.92354435
vn -0.57348108 0.00930764 -0.81916589
vn 0.10800152 0.22734873 -0.96780586
vn -0.57348108 0.00930764 -0.81916589
vn -0.61407018 0.39707610 -0.68209118
vn 0.10800152 0.22734873 -0.96780586
vn -0.61407018 0.39707610 -0.68209118
vn -0.04751178 0.72133923 -0.69095033
vn 0.10800152 0.22734873 -0.96780586
vn 0.65055078 0.40480974 -0.64258289
vn 0.68493539 0.08002653 -0.72419560
vn 0.10800152 0.22734873 -0.96780586
vn 0.68493539 0.08002653 -0.72419560
vn 0.05323127 -0.16508175 -0.98484236
vn -0.39942494 -0.91252929 -0.08803421
vn -0.28772703 -0.82931733 -0.47900516
vn 0.02223514 -0.99642420 -0.08151312
vn -0.39942494 -0.91252929 -0.08803421
vn 0.02223514 -0.99642420 -0.08151312
vn -0.37818867 -0.92447537 0.04815225
vn -0.37818867 -0.92447537 0.04815225
vn 0.02223514 -0.99642420 -0.08151312
vn 0.05009349 -0.99243116 0.11212064
vn -0.37818867 -0.92447537 0.04815225
vn 0.05009349 -0.99243116 0.11212064
vn -0.43627158 -0.88516748 0.16169605
vn -0.43627158 -0.88516748 0.16169605
vn 0.05009349 -0.99243116 0.11212064
vn -0.11878276 -0.96638149 0.22802952
vn -0.11878276 -0.96638149 0.22802952
vn 0.05009349 -0.99243116 0.11212064
vn 0.24556166 -0.94791806 0.20285662
vn -0.11878276 -0.96638149 0.22802952
vn 0.22997166 -0.93003297 0.28662109
vn -0.12849903 -0.90934479 0.39570200
vn -0.12849903 -0.90934479 0.39570200
vn -0.53077942 -0.79279470 0.29958266
vn -0.11878276 -0.96638149 0.22802952
vn -0.11878276 -0.96638149 0.22802952
vn -0.53077942 -0.79279470 0.29958266
vn -0.43627158 -0.88516748 0.16169605
vn -0.39942494 -0.91252929 -0.08803421
vn -0.73830611 -0.67310894 0.04276074
vn -0.75161934 -0.64735174 -0.12650715
vn -0.39942494 -0.91252929 -0.08803421
vn -0.37818867 -0.92447537 0.04815225
vn -0.73830611 -0.67310894 0.04276074
vn -0.39942494 -0.91252929 -0.08803421
vn -0.75161934 -0.64735174 -0.12650715
vn -0.63693303 -0.53327024 -0.55672181
vn -0.37818867 -0.92447537 0.04815225
vn -0.43627158 -0.88516748 0.16169605
vn -0.73830611 -0.67310894 0.04276074
vn -0.73830611 -0.67310894 0.04276074
vn -0.43627158 -0.88516748 0.16169605
vn -0.76332933 -0.61304367 0.20372976
vn -0.53077942 -0.79279470 0.29958266
vn -0.12849903 -0.90934479 0.39570200
vn -0.69968873 -0.56690770 0.43480030
vn -0.53077942 -0.79279470 0.29958266
vn -0.76332933 -0.61304367 0.20372976
vn -0.43627158 -0.88516748 0.16169605
vn -0.75161934 -0.64735174 -0.12650715
vn -0.73830611 -0.67310894 0.04276074
vn -0.88202214 -0.47059876 -0.02395356
vn -0.75161934 -0.64735174 -0.12650715
vn -0.88202214 -0.47059876 -0.02395356
vn -0.97071266 -0.21586269 -0.10545256
vn -0.75161934 -0.64735174 -0.12650715
vn -0.90483779 -0.24893819 -0.34539589
vn -0.63693303 -0.53327024 -0.55672181
vn -0.75161934 -0.64735174 -0.12650715
vn -0.97071266 -0.21586269 -0.10545256
vn -0.90483779 -0.24893819 -0.34539589
vn -0.73830611 -0.67310894 0.04276074
vn -0.76332933 -0.61304367 0.20372976
vn -0.96496874 -0.22425628 0.13617806
vn -0.73830611 -0.67310894 0.04276074
vn -0.96496874 -0.22425628 0.13617806
vn -0.88202214 -0.47059876 -0.02395356
vn -0.86755216 -0.41566771 0.27308172
vn -0.76332933 -0.61304367 0.20372976
vn -0.53077942 -0.79279470 0.29958266
vn -0.53077942 -0.79279470 0.29958266
vn -0.69968873 -0.56690770 0.43480030
vn -0.86755216 -0.41566771 0.27308172
vn -0.86755216 -0.41566771 0.27308172
vn -0.96496874 -0.22425628 0.13617806
vn -0.76332933 -0.61304367 0.20372976
vn -0.99166250 -0.12871873 0.00607731
vn -0.97071266 -0.21586269 -0.10545256
vn -0.88202214 -0.47059876 -0.02395356
vn -0.97071266 -0.21586269 -0.10545256
vn -0.96395260 0.25943863 -0.05905090
vn -0.94820058 0.12795810 -0.29076174
vn -0.97071266 -0.21586269 -0.10545256
vn -0.99166250 -0.12871873 0.00607731
vn -0.96395260 0.25943863 -0.05905090
vn -0.97071266 -0.21586269 -0.10545256
vn -0.94820058 0.12795810 -0.29076174
vn -0.90483779 -0.24893819 -0.34539589
vn -0.96496874 -0.22425628 0.13617806
vn -0.99166250 -0.12871873 0.00607731
vn -0.88202214 -0.47059876 -0.02395356
vn -0.94488728 -0.06205788 0.32146055
vn -0.97546005 -0.03939936 0.21662270
vn -0.86755216 -0.41566771 0.27308172
vn -0.97546005 -0.03939936 0.21662270
vn -0.96496874 -0.22425628 0.13617806
vn -0.86755216 -0.41566771 0.27308172
vn -0.94488728 -0.06205788 0.32146055
vn -0.86755216 -0.41566771 0.27308172
vn -0.69968873 -0.56690770 0.43480030
vn -0.96395260 0.25943863 -0.05905090
vn -0.99166250 -0.12871873 0.00607731
vn -0.97148633 0.22848994 0.06329849
vn -0.94820058 0.12795810 -0.29076174
vn -0.96395260 0.25943863 -0.05905090
vn -0.61407018 0.39707610 -0.68209118
vn -0.61407018 0.39707610 -0.68209118
vn -0.96395260 0.25943863 -0.05905090
vn -0.76920033 0.63427883 -0.07759671
vn -0.97148633 0.22848994 0.06329849
vn -0.99166250 -0.12871873 0.00607731
vn -0.96496874 -0.22425628 0.13617806
vn -0.97148633 0.22848994 0.06329849
vn -0.96496874 -0.22425628 0.13617806
vn -0.92750859 0.32930207 0.17688386
vn -0.92750859 0.32930207 0.17688386
vn -0.96496874 -0.22425628 0.13617806
vn -0.97546005 -0.03939936 0.21662270
vn -0.97148633 0.22848994 0.06329849
vn -0.92750859 0.32930207 0.17688386
vn -0.77996463 0.62086582 0.07861829
vn -0.94488728 -0.06205788 0.32146055
vn -0.91960621 0.28997549 0.26502571
vn -0.97546005 -0.03939936 0.21662270
vn -0.94488728 -0.06205788 0.32146055
vn -0.88712507 0.09545735 0.45154953
vn -0.91960621 0.28997549 0.26502571
vn -0.91960621 0.28997549 0.26502571
vn -0.88712507 0.09545735 0.45154953
vn -0.69742203 0.62142986 0.35696980
vn -0.91960621 0.28997549 0.26502571
vn -0.92750859 0.32930207 0.17688386
vn -0.97546005 -0.03939936 0.21662270
vn -0.91960621 0.28997549 0.26502571
vn -0.77011341 0.56889009 0.28859898
vn -0.92750859 0.32930207 0.17688386
vn -0.76920033 0.63427883 -0.07759671
vn -0.96395260 0.25943863 -0.05905090
vn -0.77996463 0.62086582 0.07861829
vn -0.76920033 0.63427883 -0.07759671
vn -0.47837830 0.78973615 -0.38401958
vn -0.61407018 0.39707610 -0.68209118
vn -0.77996463 0.62086582 0.07861829
vn -0.96395260 0.25943863 -0.05905090
vn -0.97148633 0.22848994 0.06329849
vn -0.77996463 0.62086582 0.07861829
vn -0.92750859 0.32930207 0.17688386
vn -0.66624701 0.72357506 0.18042748
vn -0.77011341 0.56889009 0.28859898
vn -0.66624701 0.72357506 0.18042748
vn -0.92750859 0.32930207 0.17688386
vn -0.77011341 0.56889009 0.28859898
vn -0.91960621 0.28997549 0.26502571
vn -0.69742203 0.62142986 0.35696980
vn -0.77011341 0.56889009 0.28859898
vn -0.47196504 0.84536809 0.25020343
vn -0.66624701 0.72357506 0.18042748
vn -0.47837830 0.78973615 -0.38401958
vn -0.76920033 0.63427883 -0.07759671
vn -0.46641910 0.88456327 -0.00100210
vn -0.66624701 0.72357506 0.18042748
vn -0.46641910 0.88456327 -0.00100210
vn -0.77996463 0.62086582 0.07861829
vn -0.77996463 0.62086582 0.07861829
vn -0.46641910 0.88456327 -0.00100210
vn -0.76920033 0.63427883 -0.07759671
vn -0.31399441 0.94392991 0.10199941
vn -0.66624701 0.72357506 0.18042748
vn -0.47196504 0.84536809 0.25020343
vn -0.66624701 0.72357506 0.18042748
vn -0.31399441 0.94392991 0.10199941
vn -0.46641910 0.88456327 -0.00100210
vn -0.47196504 0.84536809 0.25020343
vn -0.77011341 0.56889009 0.28859898
vn -0.69742203 0.62142986 0.35696980
vn -0.47196504 0.84536809 0.25020343
vn -0.69742203 0.62142986 0.35696980
vn -0.21688147 0.92476642 0.31268117
vn -0.69742203 0.62142986 0.35696980
vn -0.48155728 0.66969794 0.56533813
vn -0.21688147 0.92476642 0.31268117
vn -0.19436227 0.97649127 -0.09321019
vn -0.47837830 0.78973615 -0.38401958
vn -0.46641910 0.88456327 -0.00100210
vn -0.31399441 0.94392991 0.10199941
vn -0.19436227 0.97649127 -0.09321019
vn -0.46641910 0.88456327 -0.00100210
vn -0.10957953 0.97211444 0.20733029
vn -0.31399441 0.94392991 0.10199941
vn -0.47196504 0.84536809 0.25020343
vn -0.31399441 0.94392991 0.10199941
vn -0.10957953 0.97211444 0.20733029
vn 0.11377124 0.99349511 0.00484954
vn 0.11377124 0.99349511 0.00484954
vn 0.11248820 0.99145448 -0.06606345
vn -0.31399441 0.94392991 0.10199941
vn -0.31399441 0.94392991 0.10199941
vn 0.11248820 0.99145448 -0.06606345
vn -0.19436227 0.97649127 -0.09321019
vn -0.21688147 0.92476642 0.31268117
vn -0.10957953 0.97211444 0.20733029
vn -0.47196504 0.84536809 0.25020343
vn 0.11248820 0.99145448 -0.06606345
vn -0.04751178 0.72133923 -0.69095033
vn -0.19436227 0.97649127 -0.09321019
vn 0.11248820 0.99145448 -0.06606345
vn 0.11377124 0.99349511 0.00484954
vn 0.48707101 0.86716843 -0.10383018
vn 0.11248820 0.99145448 -0.06606345
vn 0.48707101 0.86716843 -0.10383018
vn 0.33113611 0.79150116 -0.51368737
vn 0.11377124 0.99349511 0.00484954
vn -0.10957953 0.97211444 0.20733029
vn 0.26188913 0.95222569 0.15709968
vn 0.26188913 0.95222569 0.15709968
vn 0.51846904 0.85209632 0.07156668
vn 0.11377124 0.99349511 0.00484954
vn 0.34555528 0.90111798 0.26187390
vn 0.26188913 0.95222569 0.15709968
vn -0.10957953 0.97211444 0.20733029
vn 0.34555528 0.90111798 0.26187390
vn -0.10957953 0.97211444 0.20733029
vn -0.21688147 0.92476642 0.31268117
vn 0.34555528 0.90111798 0.26187390
vn -0.21688147 0.92476642 0.31268117
vn 0.20137364 0.90562201 0.37322578
vn 0.48707101 0.86716843 -0.10383018
vn 0.11377124 0.99349511 0.00484954
vn 0.51846904 0.85209632 0.07156668
vn 0.48707101 0.86716843 -0.10383018
vn 0.71107280 0.70311743 -0.00117190
vn 0.56809181 0.65561646 -0.49743217
vn 0.48707101 0.86716843 -0.10383018
vn 0.51846904 0.85209632 0.07156668
vn 0.71107280 0.70311743 -0.00117190
vn 0.51846904 0.85209632 0.07156668
vn 0.26188913 0.95222569 0.15709968
vn 0.68040705 0.70722961 0.19202217
vn 0.68040705 0.70722961 0.19202217
vn 0.26188913 0.95222569 0.15709968
vn 0.34555528 0.90111798 0.26187390
vn 0.51846904 0.85209632 0.07156668
vn 0.68040705 0.70722961 0.19202217
vn 0.71107280 0.70311743 -0.00117190
vn 0.70729387 0.61172742 0.35429502
vn 0.34555528 0.90111798 0.26187390
vn 0.20137364 0.90562201 0.37322578
vn 0.34555528 0.90111798 0.26187390
vn 0.70729387 0.61172742 0.35429502
vn 0.68040705 0.70722961 0.19202217
vn 0.56809181 0.65561646 -0.49743217
vn 0.71107280 0.70311743 -0.00117190
vn 0.91251576 0.39330453 -0.11236791
vn 0.91251576 0.39330453 -0.11236791
vn 0.71107280 0.70311743 -0.00117190
vn 0.90161663 0.43252414 0.00320982
vn 0.56809181 0.65561646 -0.49743217
vn 0.91251576 0.39330453 -0.11236791
vn 0.65055078 0.40480974 -0.64258289
vn 0.93785375 0.32547900 0.12039024
vn 0.90161663 0.43252414 0.00320982
vn 0.71107280 0.70311743 -0.00117190
vn 0.93785375 0.32547900 0.12039024
vn 0.71107280 0.70311743 -0.00117190
vn 0.68040705 0.70722961 0.19202217
vn 0.70729387 0.61172742 0.35429502
vn 0.92585713 0.29040593 0.24177052
vn 0.68040705 0.70722961 0.19202217
vn 0.68040705 0.70722961 0.19202217
vn 0.92585713 0.29040593 0.24177052
vn 0.93785375 0.32547900 0.12039024
vn 0.99555272 0.08433552 -0.04198031
vn 0.91251576 0.39330453 -0.11236791
vn 0.90161663 0.43252414 0.00320982
vn 0.91251576 0.39330453 -0.11236791
vn 0.99555272 0.08433552 -0.04198031
vn 0.98089719 -0.07184987 -0.18077137
vn 0.93785375 0.32547900 0.12039024
vn 0.92585713 0.29040593 0.24177052
vn 0.97077006 -0.15655804 0.18192057
vn 0.90161663 0.43252414 0.00320982
vn 0.93785375 0.32547900 0.12039024
vn 0.99555272 0.08433552 -0.04198031
vn 0.93785375 0.32547900 0.12039024
vn 0.97077006 -0.15655804 0.18192057
vn 0.98531955 -0.17008102 0.01475752
vn 0.93785375 0.32547900 0.12039024
vn 0.98531955 -0.17008102 0.01475752
vn 0.99555272 0.08433552 -0.04198031
vn 0.92585713 0.29040593 0.24177052
vn 0.94430470 0.00418681 0.32904568
vn 0.97077006 -0.15655804 0.18192057
vn 0.92795110 -0.35968053 -0.09765600
vn 0.98089719 -0.07184987 -0.18077137
vn 0.98531955 -0.17008102 0.01475752
vn 0.98531955 -0.17008102 0.01475752
vn 0.98089719 -0.07184987 -0.18077137
vn 0.99555272 0.08433552 -0.04198031
vn 0.92327571 -0.37634161 0.07699942
vn 0.98531955 -0.17008102 0.01475752
vn 0.97077006 -0.15655804 0.18192057
vn 0.94430470 0.00418681 0.32904568
vn 0.82681048 -0.51304901 0.23057573
vn 0.97077006 -0.15655804 0.18192057
vn 0.94430470 0.00418681 0.32904568
vn 0.81090486 -0.44655845 0.37817830
vn 0.82681048 -0.51304901 0.23057573
vn 0.76540536 -0.63798457 -0.08444126
vn 0.67713702 -0.33568227 -0.65483046
vn 0.92795110 -0.35968053 -0.09765600
vn 0.76540536 -0.63798457 -0.08444126
vn 0.92795110 -0.35968053 -0.09765600
vn 0.92327571 -0.37634161 0.07699942
vn 0.92795110 -0.35968053 -0.09765600
vn 0.98531955 -0.17008102 0.01475752
vn 0.92327571 -0.37634161 0.07699942
vn 0.76540536 -0.63798457 -0.08444126
vn 0.92327571 -0.37634161 0.07699942
vn 0.77191842 -0.63278788 0.06100379
vn 0.76540536 -0.63798457 -0.08444126
vn 0.77191842 -0.63278788 0.06100379
vn 0.49043217 -0.86917216 -0.06337266
vn 0.76540536 -0.63798457 -0.08444126
vn 0.60956389 -0.64929503 -0.45480525
vn 0.67713702 -0.33568227 -0.65483046
vn 0.77191842 -0.63278788 0.06100379
vn 0.92327571 -0.37634161 0.07699942
vn 0.82681048 -0.51304901 0.23057573
vn 0.82681048 -0.51304901 0.23057573
vn 0.92327571 -0.37634161 0.07699942
vn 0.97077006 -0.15655804 0.18192057
vn 0.77191842 -0.63278788 0.06100379
vn 0.82681048 -0.51304901 0.23057573
vn 0.58540952 -0.78564680 0.20013705
vn 0.82681048 -0.51304901 0.23057573
vn 0.81090486 -0.44655845 0.37817830
vn 0.47169405 -0.80901247 0.35071865
vn 0.02223514 -0.99642420 -0.08151312
vn 0.32509145 -0.90745819 -0.26614887
vn 0.49043217 -0.86917216 -0.06337266
vn 0.49043217 -0.86917216 -0.06337266
vn 0.17611878 -0.98429191 0.01231433
vn 0.02223514 -0.99642420 -0.08151312
vn 0.05009349 -0.99243116 0.11212064
vn 0.17611878 -0.98429191 0.01231433
vn 0.49355453 -0.86556536 0.08485588
vn 0.49355453 -0.86556536 0.08485588
vn 0.17611878 -0.98429191 0.01231433
vn 0.49043217 -0.86917216 -0.06337266
vn 0.49355453 -0.86556536 0.08485588
vn 0.24556166 -0.94791806 0.20285662
vn 0.05009349 -0.99243116 0.11212064
vn 0.17611878 -0.98429191 0.01231433
vn 0.05009349 -0.99243116 0.11212064
vn 0.02223514 -0.99642420 -0.08151312
vn 0.22997166 -0.93003297 0.28662109
vn 0.47169405 -0.80901247 0.35071865
vn -0.12849903 -0.90934479 0.39570200
vn 0.22997166 -0.93003297 0.28662109
vn -0.11878276 -0.96638149 0.22802952
vn 0.24556166 -0.94791806 0.20285662
vn 0.49043217 -0.86917216 -0.06337266
vn 0.60956389 -0.64929503 -0.45480525
vn 0.76540536 -0.63798457 -0.08444126
vn 0.49355453 -0.86556536 0.08485588
vn 0.49043217 -0.86917216 -0.06337266
vn 0.77191842 -0.63278788 0.06100379
vn 0.49355453 -0.86556536 0.08485588
vn 0.77191842 -0.63278788 0.06100379
vn 0.58540952 -0.78564680 0.20013705
vn 0.49355453 -0.86556536 0.08485588
vn 0.58540952 -0.78564680 0.20013705
vn 0.24556166 -0.94791806 0.20285662
vn 0.22997166 -0.93003297 0.28662109
vn 0.58540952 -0.78564680 0.20013705
vn 0.47169405 -0.80901247 0.35071865
vn 0.47169405 -0.80901247 0.35071865
vn 0.58540952 -0.78564680 0.20013705
vn 0.82681048 -0.51304901 0.23057573
vn 0.22997166 -0.93003297 0.28662109
vn 0.24556166 -0.94791806 0.20285662
vn 0.58540952 -0.78564680 0.20013705
vn -0.28772703 -0.82931733 -0.47900516
vn 0.01993105 -0.76662111 -0.64179033
vn 0.02223514 -0.99642420 -0.08151312
vn -0.28772703 -0.82931733 -0.47900516
vn -0.22510840 -0.31047073 -0.92354435
vn 0.01993105 -0.76662111 -0.64179033
vn 0.01993105 -0.76662111 -0.64179033
vn -0.22510840 -0.31047073 -0.92354435
vn 0.05323127 -0.16508175 -0.98484236
vn -0.28772703 -0.82931733 -0.47900516
vn -0.63693303 -0.53327024 -0.55672181
vn -0.22510840 -0.31047073 -0.92354435
vn -0.63693303 -0.53327024 -0.55672181
vn -0.28772703 -0.82931733 -0.47900516
vn -0.39942494 -0.91252929 -0.08803421
vn -0.57348108 0.00930764 -0.81916589
vn -0.63693303 -0.53327024 -0.55672181
vn -0.90483779 -0.24893819 -0.34539589
vn -0.57348108 0.00930764 -0.81916589
vn -0.90483779 -0.24893819 -0.34539589
vn -0.94820058 0.12795810 -0.29076174
vn -0.63693303 -0.53327024 -0.55672181
vn -0.57348108 0.00930764 -0.81916589
vn -0.22510840 -0.31047073 -0.92354435
vn -0.94820058 0.12795810 -0.29076174
vn -0.61407018 0.39707610 -0.68209118
vn -0.57348108 0.00930764 -0.81916589
vn -0.47837830 0.78973615 -0.38401958
vn -0.04751178 0.72133923 -0.69095033
vn -0.61407018 0.39707610 -0.68209118
vn -0.04751178 0.72133923 -0.69095033
vn -0.47837830 0.78973615 -0.38401958
vn -0.19436227 0.97649127 -0.09321019
vn -0.04751178 0.72133923 -0.69095033
vn 0.11248820 0.99145448 -0.06606345
vn 0.33113611 0.79150116 -0.51368737
vn 0.33113611 0.79150116 -0.51368737
vn 0.10800152 0.22734873 -0.96780586
vn -0.04751178 0.72133923 -0.69095033
vn 0.33113611 0.79150116 -0.51368737
vn 0.56809181 0.65561646 -0.49743217
vn 0.10800152 0.22734873 -0.96780586
vn 0.56809181 0.65561646 -0.49743217
vn 0.33113611 0.79150116 -0.51368737
vn 0.48707101 0.86716843 -0.10383018
vn 0.56809181 0.65561646 -0.49743217
vn 0.65055078 0.40480974 -0.64258289
vn 0.10800152 0.22734873 -0.96780586
vn 0.68493539 0.08002653 -0.72419560
vn 0.65055078 0.40480974 -0.64258289
vn 0.91251576 0.39330453 -0.11236791
vn 0.68493539 0.08002653 -0.72419560
vn 0.91251576 0.39330453 -0.11236791
vn 0.98089719 -0.07184987 -0.18077137
vn 0.68493539 0.08002653 -0.72419560
vn 0.98089719 -0.07184987 -0.18077137
vn 0.67713702 -0.33568227 -0.65483046
vn 0.98089719 -0.07184987 -0.18077137
vn 0.92795110 -0.35968053 -0.09765600
vn 0.67713702 -0.33568227 -0.65483046
vn 0.67713702 -0.33568227 -0.65483046
vn 0.34790766 -0.59165567 -0.72725773
vn 0.05323127 -0.16508175 -0.98484236
vn 0.67713702 -0.33568227 -0.65483046
vn 0.05323127 -0.16508175 -0.98484236
vn 0.68493539 0.08002653 -0.72419560
vn 0.60956389 -0.64929503 -0.45480525
vn 0.34790766 -0.59165567 -0.72725773
vn 0.67713702 -0.33568227 -0.65483046
vn 0.01993105 -0.76662111 -0.64179033
vn 0.05323127 -0.16508175 -0.98484236
vn 0.34790766 -0.59165567 -0.72725773
vn 0.01993105 -0.76662111 -0.64179033
vn 0.32509145 -0.90745819 -0.26614887
vn 0.02223514 -0.99642420 -0.08151312
vn 0.34790766 -0.59165567 -0.72725773
vn 0.32509145 -0.90745819 -0.26614887
vn 0.01993105 -0.76662111 -0.64179033
vn 0.34790766 -0.59165567 -0.72725773
vn 0.60956389 -0.64929503 -0.45480525
vn 0.32509145 -0.90745819 -0.26614887
vn 0.60956389 -0.64929503 -0.45480525
vn 0.49043217 -0.86917216 -0.06337266
vn 0.32509145 -0.90745819 -0.26614887
vn 0.36513522 0.80789018 -0.46259028
vn 0.88992518 0.04235958 -0.45413524
vn 0.11514442 0.17641522 -0.97755790
vn 0.88992518 0.04235958 -0.45413524
vn 0.93717623 -0.17291149 -0.30298901
vn 0.67748880 -0.66174835 -0.32108888
vn 0.88992518 0.04235958 -0.45413524
vn 0.67748880 -0.66174835 -0.32108888
vn 0.33564898 -0.69387585 -0.63708401
vn 0.88992518 0.04235958 -0.45413524
vn 0.33564898 -0.69387585 -0.63708401
vn 0.11514442 0.17641522 -0.97755790
vn 0.33564898 -0.69387585 -0.63708401
vn 0.67748880 -0.66174835 -0.32108888
vn 0.14376308 -0.91921890 -0.36656353
vn 0.33564898 -0.69387585 -0.63708401
vn 0.14376308 -0.91921890 -0.36656353
vn -0.41805983 -0.78071666 -0.46444321
vn -0.41805983 -0.78071666 -0.46444321
vn 0.14376308 -0.91921890 -0.36656353
vn -0.54015541 -0.77781296 -0.32130849
vn 0.33564898 -0.69387585 -0.63708401
vn -0.41805983 -0.78071666 -0.46444321
vn -0.67877156 -0.14077099 -0.72073066
vn -0.67877156 -0.14077099 -0.72073066
vn -0.41805983 -0.78071666 -0.46444321
vn -0.87284076 -0.32675633 -0.36246282
vn -0.87284076 -0.32675633 -0.36246282
vn -0.90153629 0.29408675 -0.31740403
vn -0.67877156 -0.14077099 -0.72073066
vn -0.68203336 0.58134961 -0.44369262
vn -0.67877156 -0.14077099 -0.72073066
vn -0.90153629 0.29408675 -0.31740403
vn 0.11514442 0.17641522 -0.97755790
vn 0.33564898 -0.69387585 -0.63708401
vn -0.67877156 -0.14077099 -0.72073066
vn 0.36513522 0.80789018 -0.46259028
vn 0.11514442 0.17641522 -0.97755790
vn -0.30117381 0.87606734 -0.37656394
vn -0.30117381 0.87606734 -0.37656394
vn 0.11514442 0.17641522 -0.97755790
vn -0.68203336 0.58134961 -0.44369262
vn -0.68203336 0.58134961 -0.44369262
vn 0.11514442 0.17641522 -0.97755790
vn -0.67877156 -0.14077099 -0.72073066
vn -0.00768313 -0.36050957 0.93272388
vn -0.53499770 0.44915572 0.71556735
vn -0.38005114 -0.24553868 0.89178020
vn -0.00768313 -0.36050957 0.93272388
vn 0.27467585 -0.28468052 0.91842812
vn 0.08996179 0.44862100 0.88918281
vn 0.08996179 0.44862100 0.88918281
vn 0.27467585 -0.28468052 0.91842812
vn 0.71200687 0.08452700 0.69706625
vn -0.00768313 -0.36050957 0.93272388
vn 0.08996179 0.44862100 0.88918281
vn -0.53499770 0.44915572 0.71556735
vn 0.07551084 0.99473423 0.06929581
vn 0.30787769 0.84621203 0.43489835
vn 0.55698383 0.82501942 0.09545639
vn 0.07551084 0.99473423 0.06929581
vn 0.61905551 0.78525251 -0.01219650
vn 0.20354624 0.97670972 -0.06787489
vn 0.07551084 0.99473423 0.06929581
vn 0.55698383 0.82501942 0.09545639
vn 0.61905551 0.78525251 -0.01219650
vn 0.07551084 0.99473423 0.06929581
vn -0.23086603 0.80269074 0.54989862
vn 0.30787769 0.84621203 0.43489835
vn 0.38677967 0.90304208 -0.18685961
vn -0.11164294 0.97566468 -0.18871751
vn 0.20354624 0.97670972 -0.06787489
vn -0.11164294 0.97566468 -0.18871751
vn 0.38677967 0.90304208 -0.18685961
vn 0.11673271 0.94580168 -0.30303907
vn 0.61905551 0.78525251 -0.01219650
vn 0.73359859 0.66187280 -0.15413466
vn 0.38677967 0.90304208 -0.18685961
vn 0.61905551 0.78525251 -0.01219650
vn 0.38677967 0.90304208 -0.18685961
vn 0.20354624 0.97670972 -0.06787489
vn 0.38677967 0.90304208 -0.18685961
vn 0.73359859 0.66187280 -0.15413466
vn 0.62250257 0.73003572 -0.28202552
vn 0.11673271 0.94580168 -0.30303907
vn 0.62250257 0.73003572 -0.28202552
vn 0.36513522 0.80789018 -0.46259028
vn 0.62250257 0.73003572 -0.28202552
vn 0.11673271 0.94580168 -0.30303907
vn 0.38677967 0.90304208 -0.18685961
vn 0.86705858 0.48438269 0.11654531
vn 0.94735390 0.31742391 -0.04198374
vn 0.61905551 0.78525251 -0.01219650
vn 0.86705858 0.48438269 0.11654531
vn 0.61905551 0.78525251 -0.01219650
vn 0.55698383 0.82501942 0.09545639
vn 0.86705858 0.48438269 0.11654531
vn 0.55698383 0.82501942 0.09545639
vn 0.60358137 0.44237098 0.66332299
vn 0.94735390 0.31742391 -0.04198374
vn 0.94898123 0.24503969 -0.19846970
vn 0.73359859 0.66187280 -0.15413466
vn 0.94735390 0.31742391 -0.04198374
vn 0.73359859 0.66187280 -0.15413466
vn 0.61905551 0.78525251 -0.01219650
vn 0.88832355 0.36597812 -0.27738291
vn 0.73359859 0.66187280 -0.15413466
vn 0.94898123 0.24503969 -0.19846970
vn 0.62250257 0.73003572 -0.28202552
vn 0.88832355 0.36597812 -0.27738291
vn 0.88992518 0.04235958 -0.45413524
vn 0.62250257 0.73003572 -0.28202552
vn 0.88992518 0.04235958 -0.45413524
vn 0.36513522 0.80789018 -0.46259028
vn 0.62250257 0.73003572 -0.28202552
vn 0.73359859 0.66187280 -0.15413466
vn 0.88832355 0.36597812 -0.27738291
vn 0.86705858 0.48438269 0.11654531
vn 0.99270481 0.07705104 0.09273784
vn 0.94735390 0.31742391 -0.04198374
vn 0.99270481 0.07705104 0.09273784
vn 0.86705858 0.48438269 0.11654531
vn 0.71200687 0.08452700 0.69706625
vn 0.94735390 0.31742391 -0.04198374
vn 0.97649330 -0.13754100 -0.16596171
vn 0.94898123 0.24503969 -0.19846970
vn 0.88832355 0.36597812 -0.27738291
vn 0.94898123 0.24503969 -0.19846970
vn 0.93717623 -0.17291149 -0.30298901
vn 0.93717623 -0.17291149 -0.30298901
vn 0.88992518 0.04235958 -0.45413524
vn 0.88832355 0.36597812 -0.27738291
vn 0.76383471 -0.23415230 0.60143930
vn 0.83320922 -0.54642510 0.08474681
vn 0.98154062 -0.19124204 0.00211068
vn 0.76383471 -0.23415230 0.60143930
vn 0.98154062 -0.19124204 0.00211068
vn 0.99270481 0.07705104 0.09273784
vn 0.92465466 -0.36728799 -0.10056499
vn 0.98154062 -0.19124204 0.00211068
vn 0.83320922 -0.54642510 0.08474681
vn 0.92465466 -0.36728799 -0.10056499
vn 0.97649330 -0.13754100 -0.16596171
vn 0.98154062 -0.19124204 0.00211068
vn 0.97649330 -0.13754100 -0.16596171
vn 0.94735390 0.31742391 -0.04198374
vn 0.98154062 -0.19124204 0.00211068
vn 0.98154062 -0.19124204 0.00211068
vn 0.94735390 0.31742391 -0.04198374
vn 0.99270481 0.07705104 0.09273784
vn 0.93717623 -0.17291149 -0.30298901
vn 0.94898123 0.24503969 -0.19846970
vn 0.97649330 -0.13754100 -0.16596171
vn 0.83320922 -0.54642510 0.08474681
vn 0.70820713 -0.54033750 0.45439860
vn 0.35383227 -0.78098911 0.51464432
vn 0.83320922 -0.54642510 0.08474681
vn 0.76383471 -0.23415230 0.60143930
vn 0.70820713 -0.54033750 0.45439860
vn 0.74689472 -0.66399640 -0.03545527
vn 0.76465130 -0.60442686 -0.22355442
vn 0.92465466 -0.36728799 -0.10056499
vn 0.74689472 -0.66399640 -0.03545527
vn 0.92465466 -0.36728799 -0.10056499
vn 0.83320922 -0.54642510 0.08474681
vn 0.76465130 -0.60442686 -0.22355442
vn 0.67748880 -0.66174835 -0.32108888
vn 0.93717623 -0.17291149 -0.30298901
vn 0.93717623 -0.17291149 -0.30298901
vn 0.97649330 -0.13754100 -0.16596171
vn 0.76465130 -0.60442686 -0.22355442
vn 0.76465130 -0.60442686 -0.22355442
vn 0.97649330 -0.13754100 -0.16596171
vn 0.92465466 -0.36728799 -0.10056499
vn 0.44632804 -0.89122850 0.08064138
vn 0.74689472 -0.66399640 -0.03545527
vn 0.83320922 -0.54642510 0.08474681
vn 0.44632804 -0.89122850 0.08064138
vn 0.51184499 -0.85208142 -0.10941657
vn 0.74689472 -0.66399640 -0.03545527
vn 0.44632804 -0.89122850 0.08064138
vn 0.83320922 -0.54642510 0.08474681
vn 0.35383227 -0.78098911 0.51464432
vn 0.51184499 -0.85208142 -0.10941657
vn 0.44632804 -0.89122850 0.08064138
vn 0.11672764 -0.99138129 -0.05947905
vn 0.51184499 -0.85208142 -0.10941657
vn 0.76465130 -0.60442686 -0.22355442
vn 0.74689472 -0.66399640 -0.03545527
vn 0.51184499 -0.85208142 -0.10941657
vn 0.33349428 -0.91582686 -0.22370227
vn 0.76465130 -0.60442686 -0.22355442
vn 0.33349428 -0.91582686 -0.22370227
vn 0.14376308 -0.91921890 -0.36656353
vn 0.67748880 -0.66174835 -0.32108888
vn 0.67748880 -0.66174835 -0.32108888
vn 0.76465130 -0.60442686 -0.22355442
vn 0.33349428 -0.91582686 -0.22370227
vn -0.04901502 -0.99432015 0.09447226
vn 0.35383227 -0.78098911 0.51464432
vn -0.11931071 -0.87918347 0.46130404
vn -0.04901502 -0.99432015 0.09447226
vn 0.11672764 -0.99138129 -0.05947905
vn 0.44632804 -0.89122850 0.08064138
vn 0.44632804 -0.89122850 0.08064138
vn 0.35383227 -0.78098911 0.51464432
vn -0.04901502 -0.99432015 0.09447226
vn 0.11672764 -0.99138129 -0.05947905
vn -0.13982628 -0.97750556 -0.15789714
vn 0.33349428 -0.91582686 -0.22370227
vn 0.11672764 -0.99138129 -0.05947905
vn 0.33349428 -0.91582686 -0.22370227
vn 0.51184499 -0.85208142 -0.10941657
vn -0.16037604 -0.95230186 -0.25961643
vn 0.33349428 -0.91582686 -0.22370227
vn -0.13982628 -0.97750556 -0.15789714
vn -0.16037604 -0.95230186 -0.25961643
vn 0.14376308 -0.91921890 -0.36656353
vn 0.33349428 -0.91582686 -0.22370227
vn -0.04901502 -0.99432015 0.09447226
vn -0.11931071 -0.87918347 0.46130404
vn -0.54585463 -0.83556014 0.06230595
vn -0.04901502 -0.99432015 0.09447226
vn -0.54585463 -0.83556014 0.06230595
vn -0.36132014 -0.93199533 -0.02885333
vn -0.04901502 -0.99432015 0.09447226
vn -0.36132014 -0.93199533 -0.02885333
vn 0.11672764 -0.99138129 -0.05947905
vn -0.13982628 -0.97750556 -0.15789714
vn -0.36132014 -0.93199533 -0.02885333
vn -0.51200211 -0.84304774 -0.16469467
vn -0.36132014 -0.93199533 -0.02885333
vn -0.13982628 -0.97750556 -0.15789714
vn 0.11672764 -0.99138129 -0.05947905
vn -0.16037604 -0.95230186 -0.25961643
vn -0.54015541 -0.77781296 -0.32130849
vn 0.14376308 -0.91921890 -0.36656353
vn -0.36132014 -0.93199533 -0.02885333
vn -0.54585463 -0.83556014 0.06230595
vn -0.75521904 -0.64782494 -0.09983508
vn -0.36132014 -0.93199533 -0.02885333
vn -0.75521904 -0.64782494 -0.09983508
vn -0.51200211 -0.84304774 -0.16469467
vn -0.75521904 -0.64782494 -0.09983508
vn -0.74076545 -0.62487566 -0.24657033
vn -0.51200211 -0.84304774 -0.16469467
vn -0.51200211 -0.84304774 -0.16469467
vn -0.16037604 -0.95230186 -0.25961643
vn -0.13982628 -0.97750556 -0.15789714
vn -0.74076545 -0.62487566 -0.24657033
vn -0.16037604 -0.95230186 -0.25961643
vn -0.51200211 -0.84304774 -0.16469467
vn -0.74076545 -0.62487566 -0.24657033
vn -0.54015541 -0.77781296 -0.32130849
vn -0.16037604 -0.95230186 -0.25961643
vn -0.96214229 -0.26336840 0.07013748
vn -0.85020250 -0.52564245 0.02925316
vn -0.80455124 -0.22346686 0.55023617
vn -0.85020250 -0.52564245 0.02925316
vn -0.54585463 -0.83556014 0.06230595
vn -0.49946344 -0.65656984 0.56520110
vn -0.75521904 -0.64782494 -0.09983508
vn -0.85020250 -0.52564245 0.02925316
vn -0.94904363 -0.28206176 -0.14056066
vn -0.75521904 -0.64782494 -0.09983508
vn -0.94904363 -0.28206176 -0.14056066
vn -0.74076545 -0.62487566 -0.24657033
vn -0.75521904 -0.64782494 -0.09983508
vn -0.54585463 -0.83556014 0.06230595
vn -0.85020250 -0.52564245 0.02925316
vn -0.54015541 -0.77781296 -0.32130849
vn -0.74076545 -0.62487566 -0.24657033
vn -0.87284076 -0.32675633 -0.36246282
vn -0.87284076 -0.32675633 -0.36246282
vn -0.41805983 -0.78071666 -0.46444321
vn -0.54015541 -0.77781296 -0.32130849
vn -0.96214229 -0.26336840 0.07013748
vn -0.80455124 -0.22346686 0.55023617
vn -0.99183798 0.05780154 0.11365040
vn -0.96214229 -0.26336840 0.07013748
vn -0.99183798 0.05780154 0.11365040
vn -0.99786514 0.06073867 -0.02399837
vn -0.94904363 -0.28206176 -0.14056066
vn -0.99786514 0.06073867 -0.02399837
vn -0.97872388 0.15147756 -0.13839854
vn -0.94904363 -0.28206176 -0.14056066
vn -0.97872388 0.15147756 -0.13839854
vn -0.96833140 -0.05941675 -0.24249525
vn -0.94904363 -0.28206176 -0.14056066
vn -0.96214229 -0.26336840 0.07013748
vn -0.99786514 0.06073867 -0.02399837
vn -0.94904363 -0.28206176 -0.14056066
vn -0.85020250 -0.52564245 0.02925316
vn -0.96214229 -0.26336840 0.07013748
vn -0.96833140 -0.05941675 -0.24249525
vn -0.90153629 0.29408675 -0.31740403
vn -0.87284076 -0.32675633 -0.36246282
vn -0.96833140 -0.05941675 -0.24249525
vn -0.87284076 -0.32675633 -0.36246282
vn -0.74076545 -0.62487566 -0.24657033
vn -0.96833140 -0.05941675 -0.24249525
vn -0.74076545 -0.62487566 -0.24657033
vn -0.94904363 -0.28206176 -0.14056066
vn -0.99183798 0.05780154 0.11365040
vn -0.74867082 0.14921506 0.64593101
vn -0.93555284 0.34680614 0.06683072
vn -0.93555284 0.34680614 0.06683072
vn -0.74867082 0.14921506 0.64593101
vn -0.79261243 0.60153246 0.09962066
vn -0.99183798 0.05780154 0.11365040
vn -0.93555284 0.34680614 0.06683072
vn -0.99786514 0.06073867 -0.02399837
vn -0.97872388 0.15147756 -0.13839854
vn -0.99786514 0.06073867 -0.02399837
vn -0.84043539 0.53765833 -0.06776363
vn -0.84043539 0.53765833 -0.06776363
vn -0.99786514 0.06073867 -0.02399837
vn -0.93555284 0.34680614 0.06683072
vn -0.97872388 0.15147756 -0.13839854
vn -0.84043539 0.53765833 -0.06776363
vn -0.82287228 0.53318548 -0.19645470
vn -0.96833140 -0.05941675 -0.24249525
vn -0.82287228 0.53318548 -0.19645470
vn -0.90153629 0.29408675 -0.31740403
vn -0.96833140 -0.05941675 -0.24249525
vn -0.97872388 0.15147756 -0.13839854
vn -0.82287228 0.53318548 -0.19645470
vn -0.79261243 0.60153246 0.09962066
vn -0.53499770 0.44915572 0.71556735
vn -0.45092312 0.88807589 0.08938423
vn -0.79261243 0.60153246 0.09962066
vn -0.84043539 0.53765833 -0.06776363
vn -0.93555284 0.34680614 0.06683072
vn -0.53499770 0.44915572 0.71556735
vn -0.79261243 0.60153246 0.09962066
vn -0.74867082 0.14921506 0.64593101
vn -0.82287228 0.53318548 -0.19645470
vn -0.84043539 0.53765833 -0.06776363
vn -0.56543308 0.82432282 -0.02788064
vn -0.82287228 0.53318548 -0.19645470
vn -0.51436847 0.80889493 -0.28480521
vn -0.90153629 0.29408675 -0.31740403
vn -0.90153629 0.29408675 -0.31740403
vn -0.51436847 0.80889493 -0.28480521
vn -0.68203336 0.58134961 -0.44369262
vn -0.45092312 0.88807589 0.08938423
vn 0.07551084 0.99473423 0.06929581
vn -0.24024819 0.96770704 -0.07631479
vn -0.45092312 0.88807589 0.08938423
vn -0.24024819 0.96770704 -0.07631479
vn -0.56543308 0.82432282 -0.02788064
vn 0.07551084 0.99473423 0.06929581
vn -0.45092312 0.88807589 0.08938423
vn -0.23086603 0.80269074 0.54989862
vn -0.24024819 0.96770704 -0.07631479
vn 0.07551084 0.99473423 0.06929581
vn 0.20354624 0.97670972 -0.06787489
vn -0.24024819 0.96770704 -0.07631479
vn 0.20354624 0.97670972 -0.06787489
vn -0.11164294 0.97566468 -0.18871751
vn 0.11673271 0.94580168 -0.30303907
vn -0.48129696 0.85479099 -0.19412792
vn -0.11164294 0.97566468 -0.18871751
vn 0.11673271 0.94580168 -0.30303907
vn 0.36513522 0.80789018 -0.46259028
vn -0.30117381 0.87606734 -0.37656394
vn 0.11673271 0.94580168 -0.30303907
vn -0.30117381 0.87606734 -0.37656394
vn -0.51436847 0.80889493 -0.28480521
vn 0.11673271 0.94580168 -0.30303907
vn -0.51436847 0.80889493 -0.28480521
vn -0.48129696 0.85479099 -0.19412792
vn -0.45092312 0.88807589 0.08938423
vn -0.56543308 0.82432282 -0.02788064
vn -0.79261243 0.60153246 0.09962066
vn -0.79261243 0.60153246 0.09962066
vn -0.56543308 0.82432282 -0.02788064
vn -0.84043539 0.53765833 -0.06776363
vn -0.45092312 0.88807589 0.08938423
vn -0.53499770 0.44915572 0.71556735
vn -0.23086603 0.80269074 0.54989862
vn -0.56543308 0.82432282 -0.02788064
vn -0.24024819 0.96770704 -0.07631479
vn -0.11164294 0.97566468 -0.18871751
vn -0.56543308 0.82432282 -0.02788064
vn -0.11164294 0.97566468 -0.18871751
vn -0.48129696 0.85479099 -0.19412792
vn -0.56543308 0.82432282 -0.02788064
vn -0.48129696 0.85479099 -0.19412792
vn -0.82287228 0.53318548 -0.19645470
vn -0.51436847 0.80889493 -0.28480521
vn -0.30117381 0.87606734 -0.37656394
vn -0.68203336 0.58134961 -0.44369262
vn -0.51436847 0.80889493 -0.28480521
vn -0.82287228 0.53318548 -0.19645470
vn -0.48129696 0.85479099 -0.19412792
vn 0.08996179 0.44862100 0.88918281
vn 0.30787769 0.84621203 0.43489835
vn -0.23086603 0.80269074 0.54989862
vn 0.30787769 0.84621203 0.43489835
vn 0.08996179 0.44862100 0.88918281
vn 0.60358137 0.44237098 0.66332299
vn 0.30787769 0.84621203 0.43489835
vn 0.60358137 0.44237098 0.66332299
vn 0.55698383 0.82501942 0.09545639
vn 0.71200687 0.08452700 0.69706625
vn 0.86705858 0.48438269 0.11654531
vn 0.60358137 0.44237098 0.66332299
vn 0.71200687 0.08452700 0.69706625
vn 0.60358137 0.44237098 0.66332299
vn 0.08996179 0.44862100 0.88918281
vn 0.76383471 -0.23415230 0.60143930
vn 0.71200687 0.08452700 0.69706625
vn 0.27467585 -0.28468052 0.91842812
vn 0.76383471 -0.23415230 0.60143930
vn 0.99270481 0.07705104 0.09273784
vn 0.71200687 0.08452700 0.69706625
vn 0.70820713 -0.54033750 0.45439860
vn 0.76383471 -0.23415230 0.60143930
vn 0.27467585 -0.28468052 0.91842812
vn 0.35383227 -0.78098911 0.51464432
vn 0.70820713 -0.54033750 0.45439860
vn 0.27467585 -0.28468052 0.91842812
vn 0.35383227 -0.78098911 0.51464432
vn 0.27467585 -0.28468052 0.91842812
vn -0.00768313 -0.36050957 0.93272388
vn -0.11931071 -0.87918347 0.46130404
vn -0.00768313 -0.36050957 0.93272388
vn -0.49946344 -0.65656984 0.56520110
vn -0.11931071 -0.87918347 0.46130404
vn -0.49946344 -0.65656984 0.56520110
vn -0.54585463 -0.83556014 0.06230595
vn -0.11931071 -0.87918347 0.46130404
vn 0.35383227 -0.78098911 0.51464432
vn -0.00768313 -0.36050957 0.93272388
vn -0.49946344 -0.65656984 0.56520110
vn -0.00768313 -0.36050957 0.93272388
vn -0.38005114 -0.24553868 0.89178020
vn -0.38005114 -0.24553868 0.89178020
vn -0.80455124 -0.22346686 0.55023617
vn -0.49946344 -0.65656984 0.56520110
vn -0.49946344 -0.65656984 0.56520110
vn -0.80455124 -0.22346686 0.55023617
vn -0.85020250 -0.52564245 0.02925316
vn -0.74867082 0.14921506 0.64593101
vn -0.38005114 -0.24553868 0.89178020
vn -0.53499770 0.44915572 0.71556735
vn -0.80455124 -0.22346686 0.55023617
vn -0.38005114 -0.24553868 0.89178020
vn -0.74867082 0.14921506 0.64593101
vn -0.74867082 0.14921506 0.64593101
vn -0.99183798 0.05780154 0.11365040
vn -0.80455124 -0.22346686 0.55023617
vn -0.23086603 0.80269074 0.54989862
vn -0.53499770 0.44915572 0.71556735
vn 0.08996179 0.44862100 0.88918281
vt 0.00000000 0.00000000
vt 0.00000000 0.00000000
vt 0.00000000 0.00000000
vt 0.00000000 0.00000000
vt 0.00000000 0.00000000
vt 0.00000000 0.00000000
vt 0.00000000 0.00000000
vt 0.00000000 0.00000000
vt 0.00000000 0.00000000
vt 0.00000000 0.00000000
vt 0.00000000 0.00000000
vt 0.00000000 0.00000000
vt 0.00000000 0.00000000
vt 0.00000000 0.00000000
vt 0.00000000 0.00000000
vt 0.00000000 0.00000000
vt 0.00000000 0.00000000
vt 0.00000000 0.00000000
vt 0.00000000 0.00000000
vt 0.00000000 0.00000000
vt 0.00000000 0.00000000
vt 0.00000000 0.00000000
vt 0.00000000 0.00000000
vt 0.00000000 0.00000000
vt 0.00000000 0.00000000
vt 0.00000000 0.00000000
vt 0.00000000 0.00000000
vt 0.00000000 0.00000000
vt 0.00000000 0.00000000
vt 0.00000000 0.00000000
vt 0.00000000 0.00000000
vt 0.00000000 0.00000000
vt 0.00000000 0.00000000
vt 0.00000000 0.00000000
vt 0.00000000 0.00000000
vt 0.00000000 0.00000000
vt 0.00000000 0.00000000
vt 0.00000000 0.00000000
vt 0.00000000 0.00000000
vt 0.00000000 0.00000000
vt 0.00000000 0.00000000
vt 0.00000000 0.00000000
vt 0.00000000 0.00000000
vt 0.00000000 0.00000000
vt 0.00000000 0.00000000
vt 0.00000000 0.00000000
vt 0.00000000 0.00000000
vt 0.00000000 0.00000000
vt 0.00000000 0.00000000
vt 0.00000000 0.00000000
vt 0.00000000 0.00000000
vt 0.00000000 0.00000000
vt 0.00000000 0.00000000
vt 0.00000000 0.00000000
vt 0.00000000 0.00000000
vt 0.00000000 0.00000000
vt 0.00000000 0.00000000
vt 0.00000000 0.00000000
vt 0.00000000 0.00000000
vt 0.00000000 0.00000000
vt 0.00000000 0.00000000
vt 0.00000000 0.00000000
vt 0.00000000 0.00000000
vt 0.00000000 0.00000000
vt 0.00000000 0.00000000
vt 0.00000000 0.00000000
vt 0.00000000 0.00000000
vt 0.00000000 0.00000000
vt 0.00000000 0.00000000
vt 0.00000000 0.00000000
vt 0.00000000 0.00000000
vt 0.00000000 0.00000000
vt 0.00000000 0.00000000
vt 0.00000000 0.00000000
vt 0.00000000 0.00000000
vt 0.00000000 0.00000000
vt 0.00000000 0.00000000
vt 0.00000000 0.00000000
vt 0.00000000 0.00000000
vt 0.00000000 0.00000000
vt 0.00000000 0.00000000
vt 0.00000000 0.00000000
vt 0.00000000 0.00000000
vt 0.00000000 0.00000000
vt 0.00000000 0.00000000
vt 0.00000000 0.00000000
vt 0.00000000 0.00000000
vt 0.00000000 0.00000000
vt 0.00000000 0.00000000
vt 0.00000000 0.00000000
vt 0.00000000 0.00000000
vt 0.00000000 0.00000000
vt 0.00000000 0.00000000
vt 0.00000000 0.00000000
vt 0.00000000 0.00000000
vt 0.00000000 0.00000000
vt 0.00000000 0.00000000
vt 0.00000000 0.00000000
vt 0.00000000 0.00000000
vt 0.00000000 0.00000000
vt 0.00000000 0.00000000
vt 0.00000000 0.00000000
vt 0.00000000 0.00000000
vt 0.00000000 0.00000000
vt 0.00000000 0.00000000
vt 0.00000000 0.00000000
vt 0.00000000 0.00000000
vt 0.00000000 0.00000000
vt 0.00000000 0.00000000
vt 0.00000000 0.00000000
vt 0.00000000 0.00000000
vt 0.00000000 0.00000000
vt 0.00000000 0.00000000
vt 0.00000000 0.00000000
vt 0.00000000 0.00000000
vt 0.00000000 0.00000000
vt 0.00000000 0.00000000
vt 0.00000000 0.00000000
vt 0.00000000 0.00000000
vt 0.00000000 0.00000000
vt 0.00000000 0.00000000
vt 0.00000000 0.00000000
vt 0.00000000 0.00000000
vt 0.00000000 0.00000000
vt 0.00000000 0.00000000
vt 0.00000000 0.00000000
vt 0.00000000 0.00000000
vt 0.00000000 0.00000000
vt 0.00000000 0.00000000
vt 0.00000000 0.00000000
vt 0.00000000 0.00000000
vt 0.00000000 0.00000000
vt 0.00000000 0.00000000
vt 0.00000000 0.00000000
vt 0.00000000 0.00000000
vt 0.00000000 0.00000000
vt 0.00000000 0.00000000
vt 0.00000000 0.00000000
vt 0.00000000 0.00000000
vt 0.00000000 0.00000000
vt 0.00000000 0.00000000
vt 0.00000000 0.00000000
vt 0.00000000 0.00000000
vt 0.00000000 0.00000000
vt 0.00000000 0.00000000
vt 0.00000000 0.00000000
vt 0.00000000 0.00000000
vt 0.00000000 0.00000000
vt 0.00000000 0.00000000
vt 0.00000000 0.00000000
vt 0.00000000 0.00000000
vt 0.00000000 0.00000000
vt 0.00000000 0.00000000
vt 0.00000000 0.00000000
vt 0.00000000 0.00000000
vt 0.00000000 0.00000000
vt 0.00000000 0.00000000
vt 0.00000000 0.00000000
vt 0.00000000 0.00000000
vt 0.00000000 0.00000000
vt 0.00000000 0.00000000
vt 0.00000000 0.00000000
vt 0.00000000 0.00000000
vt 0.00000000 0.00000000
vt 0.00000000 0.00000000
vt 0.00000000 0.00000000
vt 0.00000000 0.00000000
vt 0.00000000 0.00000000
vt 0.00000000 0.00000000
vt 0.00000000 0.00000000
vt 0.00000000 0.00000000
vt 0.00000000 0.00000000
vt 0.00000000 0.00000000
vt 0.00000000 0.00000000
vt 0.00000000 0.00000000
vt 0.00000000 0.00000000
vt 0.00000000 0.00000000
vt 0.00000000 0.00000000
vt 0.00000000 0.00000000
vt 0.00000000 0.00000000
vt 0.00000000 0.00000000
vt 0.00000000 0.00000000
vt 0.00000000 0.00000000
vt 0.00000000 0.00000000
vt 0.00000000 0.00000000
vt 0.00000000 0.00000000
vt 0.00000000 0.00000000
vt 0.00000000 0.00000000
vt 0.00000000 0.00000000
vt 0.00000000 0.00000000
vt 0.00000000 0.00000000
vt 0.00000000 0.00000000
vt 0.00000000 0.00000000
vt 0.00000000 0.00000000
vt 0.00000000 0.00000000
vt 0.00000000 0.00000000
vt 0.00000000 0.00000000
vt 0.00000000 0.00000000
vt 0.00000000 0.00000000
vt 0.00000000 0.00000000
vt 0.00000000 0.00000000
vt 0.00000000 0.00000000
vt 0.00000000 0.00000000
vt 0.00000000 0.00000000
vt 0.00000000 0.00000000
vt 0.00000000 0.00000000
vt 0.00000000 0.00000000
vt 0.00000000 0.00000000
vt 0.00000000 0.00000000
vt 0.00000000 0.00000000
vt 0.00000000 0.00000000
vt 0.00000000 0.00000000
vt 0.00000000 0.00000000
vt 0.00000000 0.00000000
vt 0.00000000 0.00000000
vt 0.00000000 0.00000000
vt 0.00000000 0.00000000
vt 0.00000000 0.00000000
vt 0.00000000 0.00000000
vt 0.00000000 0.00000000
vt 0.00000000 0.00000000
vt 0.00000000 0.00000000
vt 0.00000000 0.00000000
vt 0.00000000 0.00000000
vt 0.00000000 0.00000000
vt 0.00000000 0.00000000
vt 0.00000000 0.00000000
vt 0.00000000 0.00000000
vt 0.00000000 0.00000000
vt 0.00000000 0.00000000
vt 0.00000000 0.00000000
vt 0.00000000 0.00000000
vt 0.00000000 0.00000000
vt 0.00000000 0.00000000
vt 0.00000000 0.00000000
vt 0.00000000 0.00000000
vt 0.00000000 0.00000000
vt 0.00000000 0.00000000
vt 0.00000000 0.00000000
vt 0.00000000 0.00000000
vt 0.00000000 0.00000000
vt 0.00000000 0.00000000
vt 0.00000000 0.00000000
vt 0.00000000 0.00000000
vt 0.00000000 0.00000000
vt 0.00000000 0.00000000
vt 0.00000000 0.00000000
vt 0.00000000 0.00000000
vt 0.00000000 0.00000000
vt 0.00000000 0.00000000
vt 0.00000000 0.00000000
vt 0.00000000 0.00000000
vt 0.00000000 0.00000000
vt 0.00000000 0.00000000
vt 0.00000000 0.00000000
vt 0.00000000 0.00000000
vt 0.00000000 0.00000000
vt 0.00000000 0.00000000
vt 0.00000000 0.00000000
vt 0.00000000 0.00000000
vt 0.00000000 0.00000000
vt 0.00000000 0.00000000
vt 0.00000000 0.00000000
vt 0.00000000 0.00000000
vt 0.00000000 0.00000000
vt 0.00000000 0.00000000
vt 0.00000000 0.00000000
vt 0.00000000 0.00000000
vt 0.00000000 0.00000000
vt 0.00000000 0.00000000
vt 0.00000000 0.00000000
vt 0.00000000 0.00000000
vt 0.00000000 0.00000000
vt 0.00000000 0.00000000
vt 0.00000000 0.00000000
vt 0.00000000 0.00000000
vt 0.00000000 0.00000000
vt 0.00000000 0.00000000
vt 0.00000000 0.00000000
vt 0.00000000 0.00000000
vt 0.00000000 0.00000000
vt 0.00000000 0.00000000
vt 0.00000000 0.00000000
vt 0.00000000 0.00000000
vt 0.00000000 0.00000000
vt 0.00000000 0.00000000
vt 0.00000000 0.00000000
vt 0.00000000 0.00000000
vt 0.00000000 0.00000000
vt 0.00000000 0.00000000
vt 0.00000000 0.00000000
vt 0.00000000 0.00000000
vt 0.00000000 0.00000000
vt 0.00000000 0.00000000
vt 0.00000000 0.00000000
vt 0.00000000 0.00000000
vt 0.00000000 0.00000000
vt 0.00000000 0.00000000
vt 0.00000000 0.00000000
vt 0.00000000 0.00000000
vt 0.00000000 0.00000000
vt 0.00000000 0.00000000
vt 0.00000000 0.00000000
vt 0.00000000 0.00000000
vt 0.00000000 0.00000000
vt 0.00000000 0.00000000
vt 0.00000000 0.00000000
vt 0.00000000 0.00000000
vt 0.00000000 0.00000000
vt 0.00000000 0.00000000
vt 0.00000000 0.00000000
vt 0.00000000 0.00000000
vt 0.00000000 0.00000000
vt 0.00000000 0.00000000
vt 0.00000000 0.00000000
vt 0.00000000 0.00000000
vt 0.00000000 0.00000000
vt 0.00000000 0.00000000
vt 0.00000000 0.00000000
vt 0.00000000 0.00000000
vt 0.00000000 0.00000000
vt 0.00000000 0.00000000
vt 0.00000000 0.00000000
vt 0.00000000 0.00000000
vt 0.00000000 0.00000000
vt 0.00000000 0.00000000
vt 0.00000000 0.00000000
vt 0.00000000 0.00000000
vt 0.00000000 0.00000000
vt 0.00000000 0.00000000
vt 0.00000000 0.00000000
vt 0.00000000 0.00000000
vt 0.00000000 0.00000000
vt 0.00000000 0.00000000
vt 0.00000000 0.00000000
vt 0.00000000 0.00000000
vt 0.00000000 0.00000000
vt 0.00000000 0.00000000
vt 0.00000000 0.00000000
vt 0.00000000 0.00000000
vt 0.00000000 0.00000000
vt 0.00000000 0.00000000
vt 0.00000000 0.00000000
vt 0.00000000 0.00000000
vt 0.00000000 0.00000000
vt 0.00000000 0.00000000
vt 0.00000000 0.00000000
vt 0.00000000 0.00000000
vt 0.00000000 0.00000000
vt 0.00000000 0.00000000
vt 0.00000000 0.00000000
vt 0.00000000 0.00000000
vt 0.00000000 0.00000000
vt 0.00000000 0.00000000
vt 0.00000000 0.00000000
vt 0.00000000 0.00000000
vt 0.00000000 0.00000000
vt 0.00000000 0.00000000
vt 0.00000000 0.00000000
vt 0.00000000 0.00000000
vt 0.00000000 0.00000000
vt 0.00000000 0.00000000
vt 0.00000000 0.00000000
vt 0.00000000 0.00000000
vt 0.00000000 0.00000000
vt 0.00000000 0.00000000
vt 0.00000000 0.00000000
vt 0.00000000 0.00000000
vt 0.00000000 0.00000000
vt 0.00000000 0.00000000
vt 0.00000000 0.00000000
vt 0.00000000 0.00000000
vt 0.00000000 0.00000000
vt 0.00000000 0.00000000
vt 0.00000000 0.00000000
vt 0.00000000 0.00000000
vt 0.00000000 0.00000000
vt 0.00000000 0.00000000
vt 0.00000000 0.00000000
vt 0.00000000 0.00000000
vt 0.00000000 0.00000000
vt 0.00000000 0.00000000
vt 0.00000000 0.00000000
vt 0.00000000 0.00000000
vt 0.00000000 0.00000000
vt 0.00000000 0.00000000
vt 0.00000000 0.00000000
vt 0.00000000 0.00000000
vt 0.00000000 0.00000000
vt 0.00000000 0.00000000
vt 0.00000000 0.00000000
vt 0.00000000 0.00000000
vt 0.00000000 0.00000000
vt 0.00000000 0.00000000
vt 0.00000000 0.00000000
vt 0.00000000 0.00000000
vt 0.00000000 0.00000000
vt 0.00000000 0.00000000
vt 0.00000000 0.00000000
vt 0.00000000 0.00000000
vt 0.00000000 0.00000000
vt 0.00000000 0.00000000
vt 0.00000000 0.00000000
vt 0.00000000 0.00000000
vt 0.00000000 0.00000000
vt 0.00000000 0.00000000
vt 0.00000000 0.00000000
vt 0.00000000 0.00000000
vt 0.00000000 0.00000000
vt 0.00000000 0.00000000
vt 0.00000000 0.00000000
vt 0.00000000 0.00000000
vt 0.00000000 0.00000000
vt 0.00000000 0.00000000
vt 0.00000000 0.00000000
vt 0.00000000 0.00000000
vt 0.00000000 0.00000000
vt 0.00000000 0.00000000
vt 0.00000000 0.00000000
vt 0.00000000 0.00000000
vt 0.00000000 0.00000000
vt 0.00000000 0.00000000
vt 0.00000000 0.00000000
vt 0.00000000 0.00000000
vt 0.00000000 0.00000000
vt 0.00000000 0.00000000
vt 0.00000000 0.00000000
vt 0.00000000 0.00000000
vt 0.00000000 0.00000000
vt 0.00000000 0.00000000
vt 0.00000000 0.00000000
vt 0.00000000 0.00000000
vt 0.00000000 0.00000000
vt 0.00000000 0.00000000
vt 0.00000000 0.00000000
vt 0.00000000 0.00000000
vt 0.00000000 0.00000000
vt 0.00000000 0.00000000
vt 0.00000000 0.00000000
vt 0.00000000 0.00000000
vt 0.00000000 0.00000000
vt 0.00000000 0.00000000
vt 0.00000000 0.00000000
vt 0.00000000 0.00000000
vt 0.00000000 0.00000000
vt 0.00000000 0.00000000
vt 0.00000000 0.00000000
vt 0.00000000 0.00000000
vt 0.00000000 0.00000000
vt 0.00000000 0.00000000
vt 0.00000000 0.00000000
vt 0.00000000 0.00000000
vt 0.00000000 0.00000000
vt 0.00000000 0.00000000
vt 0.00000000 0.00000000
vt 0.00000000 0.00000000
vt 0.00000000 0.00000000
vt 0.00000000 0.00000000
vt 0.00000000 0.00000000
vt 0.00000000 0.00000000
vt 0.00000000 0.00000000
vt 0.00000000 0.00000000
vt 0.00000000 0.00000000
vt 0.00000000 0.00000000
vt 0.00000000 0.00000000
vt 0.00000000 0.00000000
vt 0.00000000 0.00000000
vt 0.00000000 0.00000000
vt 0.00000000 0.00000000
vt 0.00000000 0.00000000
vt 0.00000000 0.00000000
vt 0.00000000 0.00000000
vt 0.00000000 0.00000000
vt 0.00000000 0.00000000
vt 0.00000000 0.00000000
vt 0.00000000 0.00000000
vt 0.00000000 0.00000000
vt 0.00000000 0.00000000
vt 0.00000000 0.00000000
vt 0.00000000 0.00000000
vt 0.00000000 0.00000000
vt 0.00000000 0.00000000
vt 0.00000000 0.00000000
vt 0.00000000 0.00000000
vt 0.00000000 0.00000000
vt 0.00000000 0.00000000
vt 0.00000000 0.00000000
vt 0.00000000 0.00000000
vt 0.00000000 0.00000000
vt 0.00000000 0.00000000
vt 0.00000000 0.00000000
vt 0.00000000 0.00000000
vt 0.00000000 0.00000000
vt 0.00000000 0.00000000
vt 0.00000000 0.00000000
vt 0.00000000 0.00000000
vt 0.00000000 0.00000000
vt 0.00000000 0.00000000
vt 0.00000000 0.00000000
vt 0.00000000 0.00000000
vt 0.00000000 0.00000000
vt 0.00000000 0.00000000
vt 0.00000000 0.00000000
vt 0.00000000 0.00000000
vt 0.00000000 0.00000000
vt 0.00000000 0.00000000
vt 0.00000000 0.00000000
vt 0.00000000 0.00000000
vt 0.00000000 0.00000000
vt 0.00000000 0.00000000
vt 0.00000000 0.00000000
vt 0.00000000 0.00000000
vt 0.00000000 0.00000000
vt 0.00000000 0.00000000
vt 0.00000000 0.00000000
vt 0.00000000 0.00000000
vt 0.00000000 0.00000000
vt 0.00000000 0.00000000
vt 0.00000000 0.00000000
vt 0.00000000 0.00000000
vt 0.00000000 0.00000000
vt 0.00000000 0.00000000
vt 0.00000000 0.00000000
vt 0.00000000 0.00000000
vt 0.00000000 0.00000000
vt 0.00000000 0.00000000
vt 0.00000000 0.00000000
vt 0.00000000 0.00000000
vt 0.00000000 0.00000000
vt 0.00000000 0.00000000
vt 0.00000000 0.00000000
vt 0.00000000 0.00000000
vt 0.00000000 0.00000000
vt 0.00000000 0.00000000
vt 0.00000000 0.00000000
vt 0.00000000 0.00000000
vt 0.00000000 0.00000000
vt 0.00000000 0.00000000
vt 0.00000000 0.00000000
vt 0.00000000 0.00000000
vt 0.00000000 0.00000000
vt 0.00000000 0.00000000
vt 0.00000000 0.00000000
vt 0.00000000 0.00000000
vt 0.00000000 0.00000000
vt 0.00000000 0.00000000
vt 0.00000000 0.00000000
vt 0.00000000 0.00000000
vt 0.00000000 0.00000000
vt 0.00000000 0.00000000
vt 0.00000000 0.00000000
vt 0.00000000 0.00000000
vt 0.00000000 0.00000000
vt 0.00000000 0.00000000
vt 0.00000000 0.00000000
vt 0.00000000 0.00000000
vt 0.00000000 0.00000000
vt 0.00000000 0.00000000
vt 0.00000000 0.00000000
vt 0.00000000 0.00000000
vt 0.00000000 0.00000000
vt 0.00000000 0.00000000
vt 0.00000000 0.00000000
vt 0.00000000 0.00000000
vt 0.00000000 0.00000000
vt 0.00000000 0.00000000
vt 0.00000000 0.00000000
vt 0.00000000 0.00000000
vt 0.00000000 0.00000000
vt 0.00000000 0.00000000
vt 0.00000000 0.00000000
vt 0.00000000 0.00000000
vt 0.00000000 0.00000000
vt 0.00000000 0.00000000
vt 0.00000000 0.00000000
vt 0.00000000 0.00000000
vt 0.00000000 0.00000000
vt 0.00000000 0.00000000
vt 0.00000000 0.00000000
vt 0.00000000 0.00000000
vt 0.00000000 0.00000000
vt 0.00000000 0.00000000
vt 0.00000000 0.00000000
vt 0.00000000 0.00000000
vt 0.00000000 0.00000000
vt 0.00000000 0.00000000
vt 0.00000000 0.00000000
vt 0.00000000 0.00000000
vt 0.00000000 0.00000000
vt 0.00000000 0.00000000
vt 0.00000000 0.00000000
vt 0.00000000 0.00000000
vt 0.00000000 0.00000000
vt 0.00000000 0.00000000
vt 0.00000000 0.00000000
vt 0.00000000 0.00000000
vt 0.00000000 0.00000000
vt 0.00000000 0.00000000
vt 0.00000000 0.00000000
vt 0.00000000 0.00000000
vt 0.00000000 0.00000000
vt 0.00000000 0.00000000
vt 0.00000000 0.00000000
vt 0.00000000 0.00000000
vt 0.00000000 0.00000000
vt 0.00000000 0.00000000
vt 0.00000000 0.00000000
vt 0.00000000 0.00000000
vt 0.00000000 0.00000000
vt 0.00000000 0.00000000
vt 0.00000000 0.00000000
vt 0.00000000 0.00000000
vt 0.00000000 0.00000000
vt 0.00000000 0.00000000
vt 0.00000000 0.00000000
vt 0.00000000 0.00000000
vt 0.00000000 0.00000000
vt 0.00000000 0.00000000
vt 0.00000000 0.00000000
vt 0.00000000 0.00000000
vt 0.00000000 0.00000000
vt 0.00000000 0.00000000
vt 0.00000000 0.00000000
vt 0.00000000 0.00000000
vt 0.00000000 0.00000000
vt 0.00000000 0.00000000
vt 0.00000000 0.00000000
vt 0.00000000 0.00000000
vt 0.00000000 0.00000000
vt 0.00000000 0.00000000
vt 0.00000000 0.00000000
vt 0.00000000 0.00000000
vt 0.00000000 0.00000000
vt 0.00000000 0.00000000
vt 0.00000000 0.00000000
vt 0.00000000 0.00000000
vt 0.00000000 0.00000000
vt 0.00000000 0.00000000
vt 0.00000000 0.00000000
vt 0.00000000 0.00000000
vt 0.00000000 0.00000000
vt 0.00000000 0.00000000
vt 0.00000000 0.00000000
vt 0.00000000 0.00000000
vt 0.00000000 0.00000000
vt 0.00000000 0.00000000
vt 0.00000000 0.00000000
vt 0.00000000 0.00000000
vt 0.00000000 0.00000000
vt 0.00000000 0.00000000
vt 0.00000000 0.00000000
vt 0.00000000 0.00000000
vt 0.00000000 0.00000000
vt 0.00000000 0.00000000
vt 0.00000000 0.00000000
vt 0.00000000 0.00000000
vt 0.00000000 0.00000000
vt 0.00000000 0.00000000
vt 0.00000000 0.00000000
vt 0.00000000 0.00000000
vt 0.00000000 0.00000000
vt 0.00000000 0.00000000
vt 0.00000000 0.00000000
vt 0.00000000 0.00000000
vt 0.00000000 0.00000000
vt 0.00000000 0.00000000
vt 0.00000000 0.00000000
vt 0.00000000 0.00000000
vt 0.00000000 0.00000000
vt 0.00000000 0.00000000
vt 0.00000000 0.00000000
vt 0.00000000 0.00000000
vt 0.00000000 0.00000000
vt 0.00000000 0.00000000
vt 0.00000000 0.00000000
vt 0.00000000 0.00000000
vt 0.00000000 0.00000000
vt 0.00000000 0.00000000
vt 0.00000000 0.00000000
vt 0.00000000 0.00000000
vt 0.00000000 0.00000000
vt 0.00000000 0.00000000
vt 0.00000000 0.00000000
vt 0.00000000 0.00000000
vt 0.00000000 0.00000000
vt 0.00000000 0.00000000
vt 0.00000000 0.00000000
vt 0.00000000 0.00000000
vt 0.00000000 0.00000000
vt 0.00000000 0.00000000
vt 0.00000000 0.00000000
vt 0.00000000 0.00000000
vt 0.00000000 0.00000000
vt 0.00000000 0.00000000
vt 0.00000000 0.00000000
vt 0.00000000 0.00000000
vt 0.00000000 0.00000000
vt 0.00000000 0.00000000
vt 0.00000000 0.00000000
vt 0.00000000 0.00000000
vt 0.00000000 0.00000000
vt 0.00000000 0.00000000
vt 0.00000000 0.00000000
vt 0.00000000 0.00000000
vt 0.00000000 0.00000000
vt 0.00000000 0.00000000
vt 0.00000000 0.00000000
vt 0.00000000 0.00000000
vt 0.00000000 0.00000000
vt 0.00000000 0.00000000
vt 0.00000000 0.00000000
vt 0.00000000 0.00000000
vt 0.00000000 0.00000000
vt 0.00000000 0.00000000
vt 0.00000000 0.00000000
vt 0.00000000 0.00000000
vt 0.00000000 0.00000000
vt 0.00000000 0.00000000
vt 0.00000000 0.00000000
vt 0.00000000 0.00000000
vt 0.00000000 0.00000000
vt 0.00000000 0.00000000
vt 0.00000000 0.00000000
vt 0.00000000 0.00000000
vt 0.00000000 0.00000000
vt 0.00000000 0.00000000
vt 0.00000000 0.00000000
vt 0.00000000 0.00000000
vt 0.00000000 0.00000000
vt 0.00000000 0.00000000
vt 0.00000000 0.00000000
vt 0.00000000 0.00000000
vt 0.00000000 0.00000000
vt 0.00000000 0.00000000
vt 0.00000000 0.00000000
vt 0.00000000 0.00000000
vt 0.00000000 0.00000000
vt 0.00000000 0.00000000
vt 0.00000000 0.00000000
vt 0.00000000 0.00000000
vt 0.00000000 0.00000000
vt 0.00000000 0.00000000
vt 0.00000000 0.00000000
vt 0.00000000 0.00000000
vt 0.00000000 0.00000000
vt 0.00000000 0.00000000
vt 0.00000000 0.00000000
vt 0.00000000 0.00000000
vt 0.00000000 0.00000000
vt 0.00000000 0.00000000
vt 0.00000000 0.00000000
vt 0.00000000 0.00000000
vt 0.00000000 0.00000000
vt 0.00000000 0.00000000
vt 0.00000000 0.00000000
vt 0.00000000 0.00000000
vt 0.00000000 0.00000000
vt 0.00000000 0.00000000
vt 0.00000000 0.00000000
vt 0.00000000 0.00000000
vt 0.00000000 0.00000000
vt 0.00000000 0.00000000
vt 0.00000000 0.00000000
vt 0.00000000 0.00000000
vt 0.00000000 0.00000000
vt 0.00000000 0.00000000
vt 0.00000000 0.00000000
vt 0.00000000 0.00000000
vt 0.00000000 0.00000000
vt 0.00000000 0.00000000
vt 0.00000000 0.00000000
vt 0.00000000 0.00000000
vt 0.00000000 0.00000000
vt 0.00000000 0.00000000
vt 0.00000000 0.00000000
vt 0.00000000 0.00000000
vt 0.00000000 0.00000000
vt 0.00000000 0.00000000
vt 0.00000000 0.00000000
vt 0.00000000 0.00000000
vt 0.00000000 0.00000000
vt 0.00000000 0.00000000
vt 0.00000000 0.00000000
vt 0.00000000 0.00000000
vt 0.00000000 0.00000000
vt 0.00000000 0.00000000
vt 0.00000000 0.00000000
vt 0.00000000 0.00000000
vt 0.00000000 0.00000000
vt 0.00000000 0.00000000
vt 0.00000000 0.00000000
vt 0.00000000 0.00000000
vt 0.00000000 0.00000000
vt 0.00000000 0.00000000
vt 0.00000000 0.00000000
vt 0.00000000 0.00000000
vt 0.00000000 0.00000000
vt 0.00000000 0.00000000
vt 0.00000000 0.00000000
vt 0.00000000 0.00000000
vt 0.00000000 0.00000000
vt 0.00000000 0.00000000
vt 0.00000000 0.00000000
vt 0.00000000 0.00000000
vt 0.00000000 0.00000000
vt 0.00000000 0.00000000
vt 0.00000000 0.00000000
vt 0.00000000 0.00000000
vt 0.00000000 0.00000000
vt 0.00000000 0.00000000
vt 0.00000000 0.00000000
vt 0.00000000 0.00000000
vt 0.00000000 0.00000000
vt 0.00000000 0.00000000
vt 0.00000000 0.00000000
vt 0.00000000 0.00000000
vt 0.00000000 0.00000000
vt 0.00000000 0.00000000
vt 0.00000000 0.00000000
vt 0.00000000 0.00000000
vt 0.00000000 0.00000000
vt 0.00000000 0.00000000
vt 0.00000000 0.00000000
vt 0.00000000 0.00000000
vt 0.00000000 0.00000000
vt 0.00000000 0.00000000
vt 0.00000000 0.00000000
vt 0.00000000 0.00000000
vt 0.00000000 0.00000000
vt 0.00000000 0.00000000
vt 0.00000000 0.00000000
vt 0.00000000 0.00000000
vt 0.00000000 0.00000000
vt 0.00000000 0.00000000
vt 0.00000000 0.00000000
vt 0.00000000 0.00000000
vt 0.00000000 0.00000000
vt 0.00000000 0.00000000
vt 0.00000000 0.00000000
vt 0.00000000 0.00000000
vt 0.00000000 0.00000000
vt 0.00000000 0.00000000
vt 0.00000000 0.00000000
vt 0.00000000 0.00000000
vt 0.00000000 0.00000000
vt 0.00000000 0.00000000
vt 0.00000000 0.00000000
vt 0.00000000 0.00000000
vt 0.00000000 0.00000000
vt 0.00000000 0.00000000
vt 0.00000000 0.00000000
vt 0.00000000 0.00000000
vt 0.00000000 0.00000000
vt 0.00000000 0.00000000
vt 0.00000000 0.00000000
vt 0.00000000 0.00000000
vt 0.00000000 0.00000000
vt 0.00000000 0.00000000
vt 0.00000000 0.00000000
vt 0.00000000 0.00000000
vt 0.00000000 0.00000000
vt 0.00000000 0.00000000
vt 0.00000000 0.00000000
vt 0.00000000 0.00000000
vt 0.00000000 0.00000000
vt 0.00000000 0.00000000
vt 0.00000000 0.00000000
vt 0.00000000 0.00000000
vt 0.00000000 0.00000000
vt 0.00000000 0.00000000
vt 0.00000000 0.00000000
vt 0.00000000 0.00000000
vt 0.00000000 0.00000000
vt 0.00000000 0.00000000
vt 0.00000000 0.00000000
vt 0.00000000 0.00000000
vt 0.00000000 0.00000000
vt 0.00000000 0.00000000
vt 0.00000000 0.00000000
vt 0.00000000 0.00000000
vt 0.00000000 0.00000000
vt 0.00000000 0.00000000
vt 0.00000000 0.00000000
vt 0.00000000 0.00000000
vt 0.00000000 0.00000000
vt 0.00000000 0.00000000
vt 0.00000000 0.00000000
vt 0.00000000 0.00000000
vt 0.00000000 0.00000000
vt 0.00000000 0.00000000
vt 0.00000000 0.00000000
vt 0.00000000 0.00000000
vt 0.00000000 0.00000000
vt 0.00000000 0.00000000
vt 0.00000000 0.00000000
vt 0.00000000 0.00000000
vt 0.00000000 0.00000000
vt 0.00000000 0.00000000
vt 0.00000000 0.00000000
vt 0.00000000 0.00000000
vt 0.00000000 0.00000000
vt 0.00000000 0.00000000
vt 0.00000000 0.00000000
vt 0.00000000 0.00000000
vt 0.00000000 0.00000000
vt 0.00000000 0.00000000
vt 0.00000000 0.00000000
vt 0.00000000 0.00000000
vt 0.00000000 0.00000000
vt 0.00000000 0.00000000
vt 0.00000000 0.00000000
vt 0.00000000 0.00000000
vt 0.00000000 0.00000000
vt 0.00000000 0.00000000
vt 0.00000000 0.00000000
vt 0.00000000 0.00000000
vt 0.00000000 0.00000000
vt 0.00000000 0.00000000
vt 0.00000000 0.00000000
vt 0.00000000 0.00000000
vt 0.00000000 0.00000000
vt 0.00000000 0.00000000
vt 0.00000000 0.00000000
vt 0.00000000 0.00000000
vt 0.00000000 0.00000000
vt 0.00000000 0.00000000
vt 0.00000000 0.00000000
vt 0.00000000 0.00000000
vt 0.00000000 0.00000000
vt 0.00000000 0.00000000
vt 0.00000000 0.00000000
vt 0.00000000 0.00000000
vt 0.00000000 0.00000000
vt 0.00000000 0.00000000
vt 0.00000000 0.00000000
vt 0.00000000 0.00000000
vt 0.00000000 0.00000000
vt 0.00000000 0.00000000
vt 0.00000000 0.00000000
vt 0.00000000 0.00000000
vt 0.00000000 0.00000000
vt 0.00000000 0.00000000
vt 0.00000000 0.00000000
vt 0.00000000 0.00000000
vt 0.00000000 0.00000000
vt 0.00000000 0.00000000
vt 0.00000000 0.00000000
vt 0.00000000 0.00000000
vt 0.00000000 0.00000000
vt 0.00000000 0.00000000
vt 0.00000000 0.00000000
vt 0.00000000 0.00000000
vt 0.00000000 0.00000000
vt 0.00000000 0.00000000
vt 0.00000000 0.00000000
vt 0.00000000 0.00000000
vt 0.00000000 0.00000000
vt 0.00000000 0.00000000
vt 0.00000000 0.00000000
vt 0.00000000 0.00000000
vt 0.00000000 0.00000000
vt 0.00000000 0.00000000
vt 0.00000000 0.00000000
vt 0.00000000 0.00000000
vt 0.00000000 0.00000000
vt 0.00000000 0.00000000
vt 0.00000000 0.00000000
vt 0.00000000 0.00000000
vt 0.00000000 0.00000000
vt 0.00000000 0.00000000
vt 0.00000000 0.00000000
vt 0.00000000 0.00000000
vt 0.00000000 0.00000000
vt 0.00000000 0.00000000
vt 0.00000000 0.00000000
vt 0.00000000 0.00000000
vt 0.00000000 0.00000000
vt 0.00000000 0.00000000
vt 0.00000000 0.00000000
vt 0.00000000 0.00000000
vt 0.00000000 0.00000000
vt 0.00000000 0.00000000
vt 0.00000000 0.00000000
vt 0.00000000 0.00000000
vt 0.00000000 0.00000000
vt 0.00000000 0.00000000
vt 0.00000000 0.00000000
vt 0.00000000 0.00000000
vt 0.00000000 0.00000000
vt 0.00000000 0.00000000
vt 0.00000000 0.00000000
vt 0.00000000 0.00000000
vt 0.00000000 0.00000000
vt 0.00000000 0.00000000
vt 0.00000000 0.00000000
vt 0.00000000 0.00000000
f 1/1/1 2/2/2 3/3/3
f 4/4/4 5/5/5 6/6/6
f 7/7/7 8/8/8 9/9/9
f 10/10/10 11/11/11 12/12/12
f 13/13/13 14/14/14 15/15/15
f 16/16/16 17/17/17 18/18/18
f 19/19/19 20/20/20 21/21/21
f 22/22/22 23/23/23 24/24/24
f 25/25/25 26/26/26 27/27/27
f 28/28/28 29/29/29 30/30/30
f 31/31/31 32/32/32 33/33/33
f 34/34/34 35/35/35 36/36/36
f 37/37/37 38/38/38 39/39/39
f 40/40/40 41/41/41 42/42/42
f 43/43/43 44/44/44 45/45/45
f 46/46/46 47/47/47 48/48/48
f 49/49/49 50/50/50 51/51/51
f 52/52/52 53/53/53 54/54/54
f 55/55/55 56/56/56 57/57/57
f 58/58/58 59/59/59 60/60/60
f 61/61/61 62/62/62 63/63/63
f 64/64/64 65/65/65 66/66/66
f 67/67/67 68/68/68 69/69/69
f 70/70/70 71/71/71 72/72/72
f 73/73/73 74/74/74 75/75/75
f 76/76/76 77/77/77 78/78/78
f 79/79/79 80/80/80 81/81/81
f 82/82/82 83/83/83 84/84/84
f 85/85/85 86/86/86 87/87/87
f 88/88/88 89/89/89 90/90/90
f 91/91/91 92/92/92 93/93/93
f 94/94/94 95/95/95 96/96/96
f 97/97/97 98/98/98 99/99/99
f 100/100/100 101/101/101 102/102/102
f 103/103/103 104/104/104 105/105/105
f 106/106/106 107/107/107 108/108/108
f 109/109/109 110/110/110 111/111/111
f 112/112/112 113/113/113 114/114/114
f 115/115/115 116/116/116 117/117/117
f 118/118/118 119/119/119 120/120/120
f 121/121/121 122/122/122 123/123/123
f 124/124/124 125/125/125 126/126/126
f 127/127/127 128/128/128 129/129/129
f 130/130/130 131/131/131 132/132/132
f 133/133/133 134/134/134 135/135/135
f 136/136/136 137/137/137 138/138/138
f 139/139/139 140/140/140 141/141/141
f 142/142/142 143/143/143 144/144/144
f 145/145/145 146/146/146 147/147/147
f 148/148/148 149/149/149 150/150/150
f 151/151/151 152/152/152 153/153/153
f 154/154/154 155/155/155 156/156/156
f 157/157/157 158/158/158 159/159/159
f 160/160/160 161/161/161 162/162/162
f 163/163/163 164/164/164 165/165/165
f 166/166/166 167/167/167 168/168/168
f 169/169/169 170/170/170 171/171/171
f 172/172/172 173/173/173 174/174/174
f 175/175/175 176/176/176 177/177/177
f 178/178/178 179/179/179 180/180/180
f 181/181/181 182/182/182 183/183/183
f 184/184/184 185/185/185 186/186/186
f 187/187/187 188/188/188 189/189/189
f 190/190/190 191/191/191 192/192/192
f 193/193/193 194/194/194 195/195/195
f 196/196/196 197/197/197 198/198/198
f 199/199/199 200/200/200 201/201/201
f 202/202/202 203/203/203 204/204/204
f 205/205/205 206/206/206 207/207/207
f 208/208/208 209/209/209 210/210/210
f 211/211/211 212/212/212 213/213/213
f 214/214/214 215/215/215 216/216/216
f 217/217/217 218/218/218 219/219/219
f 220/220/220 221/221/221 222/222/222
f 223/223/223 224/224/224 225/225/225
f 226/226/226 227/227/227 228/228/228
f 229/229/229 230/230/230 231/231/231
f 232/232/232 233/233/233 234/234/234
f 235/235/235 236/236/236 237/237/237
f 238/238/238 239/239/239 240/240/240
f 241/241/241 242/242/242 243/243/243
f 244/244/244 245/245/245 246/246/246
f 247/247/247 248/248/248 249/249/249
f 250/250/250 251/251/251 252/252/252
f 253/253/253 254/254/254 255/255/255
f 256/256/256 257/257/257 258/258/258
f 259/259/259 260/260/260 261/261/261
f 262/262/262 263/263/263 264/264/264
f 265/265/265 266/266/266 267/267/267
f 268/268/268 269/269/269 270/270/270
f 271/271/271 272/272/272 273/273/273
f 274/274/274 275/275/275 276/276/276
f 277/277/277 278/278/278 279/279/279
f 280/280/280 281/281/281 282/282/282
f 283/283/283 284/284/284 285/285/285
f 286/286/286 287/287/287 288/288/288
f 289/289/289 290/290/290 291/291/291
f 292/292/292 293/293/293 294/294/294
f 295/295/295 296/296/296 297/297/297
f 298/298/298 299/299/299 300/300/300
f 301/301/301 302/302/302 303/303/303
f 304/304/304 305/305/305 306/306/306
f 307/307/307 308/308/308 309/309/309
f 310/310/310 311/311/311 312/312/312
f 313/313/313 314/314/314 315/315/315
f 316/316/316 317/317/317 318/318/318
f 319/319/319 320/320/320 321/321/321
f 322/322/322 323/323/323 324/324/324
f 325/325/325 326/326/326 327/327/327
f 328/328/328 329/329/329 330/330/330
f 331/331/331 332/332/332 333/333/333
f 334/334/334 335/335/335 336/336/336
f 337/337/337 338/338/338 339/339/339
f 340/340/340 341/341/341 342/342/342
f 343/343/343 344/344/344 345/345/345
f 346/346/346 347/347/347 348/348/348
f 349/349/349 350/350/350 351/351/351
f 352/352/352 353/353/353 354/354/354
f 355/355/355 356/356/356 357/357/357
f 358/358/358 359/359/359 360/360/360
f 361/361/361 362/362/362 363/363/363
f 364/364/364 365/365/365 366/366/366
f 367/367/367 368/368/368 369/369/369
f 370/370/370 371/371/371 372/372/372
f 373/373/373 374/374/374 375/375/375
f 376/376/376 377/377/377 378/378/378
f 379/379/379 380/380/380 381/381/381
f 382/382/382 383/383/383 384/384/384
f 385/385/385 386/386/386 387/387/387
f 388/388/388 389/389/389 390/390/390
f 391/391/391 392/392/392 393/393/393
f 394/394/394 395/395/395 396/396/396
f 397/397/397 398/398/398 399/399/399
f 400/400/400 401/401/401 402/402/402
f 403/403/403 404/404/404 405/405/405
f 406/406/406 407/407/407 408/408/408
f 409/409/409 410/410/410 411/411/411
f 412/412/412 413/413/413 414/414/414
f 415/415/415 416/416/416 417/417/417
f 418/418/418 419/419/419 420/420/420
f 421/421/421 422/422/422 423/423/423
f 424/424/424 425/425/425 426/426/426
f 427/427/427 428/428/428 429/429/429
f 430/430/430 431/431/431 432/432/432
f 433/433/433 434/434/434 435/435/435
f 436/436/436 437/437/437 438/438/438
f 439/439/439 440/440/440 441/441/441
f 442/442/442 443/443/443 444/444/444
f 445/445/445 446/446/446 447/447/447
f 448/448/448 449/449/449 450/450/450
f 451/451/451 452/452/452 453/453/453
f 454/454/454 455/455/455 456/456/456
f 457/457/457 458/458/458 459/459/459
f 460/460/460 461/461/461 462/462/462
f 463/463/463 464/464/464 465/465/465
f 466/466/466 467/467/467 468/468/468
f 469/469/469 470/470/470 471/471/471
f 472/472/472 473/473/473 474/474/474
f 475/475/475 476/476/476 477/477/477
f 478/478/478 479/479/479 480/480/480
f 481/481/481 482/482/482 483/483/483
f 484/484/484 485/485/485 486/486/486
f 487/487/487 488/488/488 489/489/489
f 490/490/490 491/491/491 492/492/492
f 493/493/493 494/494/494 495/495/495
f 496/496/496 497/497/497 498/498/498
f 499/499/499 500/500/500 501/501/501
f 502/502/502 503/503/503 504/504/504
f 505/505/505 506/506/506 507/507/507
f 508/508/508 509/509/509 510/510/510
f 511/511/511 512/512/512 513/513/513
f 514/514/514 515/515/515 516/516/516
f 517/517/517 518/518/518 519/519/519
f 520/520/520 521/521/521 522/522/522
f 523/523/523 524/524/524 525/525/525
f 526/526/526 527/527/527 528/528/528
f 529/529/529 530/530/530 531/531/531
f 532/532/532 533/533/533 534/534/534
f 535/535/535 536/536/536 537/537/537
f 538/538/538 539/539/539 540/540/540
f 541/541/541 542/542/542 543/543/543
f 544/544/544 545/545/545 546/546/546
f 547/547/547 548/548/548 549/549/549
f 550/550/550 551/551/551 552/552/552
f 553/553/553 554/554/554 555/555/555
f 556/556/556 557/557/557 558/558/558
f 559/559/559 560/560/560 561/561/561
f 562/562/562 563/563/563 564/564/564
f 565/565/565 566/566/566 567/567/567
f 568/568/568 569/569/569 570/570/570
f 571/571/571 572/572/572 573/573/573
f 574/574/574 575/575/575 576/576/576
f 577/577/577 578/578/578 579/579/579
f 580/580/580 581/581/581 582/582/582
f 583/583/583 584/584/584 585/585/585
f 586/586/586 587/587/587 588/588/588
f 589/589/589 590/590/590 591/591/591
f 592/592/592 593/593/593 594/594/594
f 595/595/595 596/596/596 597/597/597
f 598/598/598 599/599/599 600/600/600
f 601/601/601 602/602/602 603/603/603
f 604/604/604 605/605/605 606/606/606
f 607/607/607 608/608/608 609/609/609
f 610/610/610 611/611/611 612/612/612
f 613/613/613 614/614/614 615/615/615
f 616/616/616 617/617/617 618/618/618
f 619/619/619 620/620/620 621/621/621
f 622/622/622 623/623/623 624/624/624
f 625/625/625 626/626/626 627/627/627
f 628/628/628 629/629/629 630/630/630
f 631/631/631 632/632/632 633/633/633
f 634/634/634 635/635/635 636/636/636
f 637/637/637 638/638/638 639/639/639
f 640/640/640 641/641/641 642/642/642
f 643/643/643 644/644/644 645/645/645
f 646/646/646 647/647/647 648/648/648
f 649/649/649 650/650/650 651/651/651
f 652/652/652 653/653/653 654/654/654
f 655/655/655 656/656/656 657/657/657
f 658/658/658 659/659/659 660/660/660
f 661/661/661 662/662/662 663/663/663
f 664/664/664 665/665/665 666/666/666
f 667/667/667 668/668/668 669/669/669
f 670/670/670 671/671/671 672/672/672
f 673/673/673 674/674/674 675/675/675
f 676/676/676 677/677/677 678/678/678
f 679/679/679 680/680/680 681/681/681
f 682/682/682 683/683/683 684/684/684
f 685/685/685 686/686/686 687/687/687
f 688/688/688 689/689/689 690/690/690
f 691/691/691 692/692/692 693/693/693
f 694/694/694 695/695/695 696/696/696
f 697/697/697 698/698/698 699/699/699
f 700/700/700 701/701/701 702/702/702
f 703/703/703 704/704/704 705/705/705
f 706/706/706 707/707/707 708/708/708
f 709/709/709 710/710/710 711/711/711
f 712/712/712 713/713/713 714/714/714
f 715/715/715 716/716/716 717/717/717
f 718/718/718 719/719/719 720/720/720
f 721/721/721 722/722/722 723/723/723
f 724/724/724 725/725/725 726/726/726
f 727/727/727 728/728/728 729/729/729
f 730/730/730 731/731/731 732/732/732
f 733/733/733 734/734/734 735/735/735
f 736/736/736 737/737/737 738/738/738
f 739/739/739 740/740/740 741/741/741
f 742/742/742 743/743/743 744/744/744
f 745/745/745 746/746/746 747/747/747
f 748/748/748 749/749/749 750/750/750
f 751/751/751 752/752/752 753/753/753
f 754/754/754 755/755/755 756/756/756
f 757/757/757 758/758/758 759/759/759
f 760/760/760 761/761/761 762/762/762
f 763/763/763 764/764/764 765/765/765
f 766/766/766 767/767/767 768/768/768
f 769/769/769 770/770/770 771/771/771
f 772/772/772 773/773/773 774/774/774
f 775/775/775 776/776/776 777/777/777
f 778/778/778 779/779/779 780/780/780
f 781/781/781 782/782/782 783/783/783
f 784/784/784 785/785/785 786/786/786
f 787/787/787 788/788/788 789/789/789
f 790/790/790 791/791/791 792/792/792
f 793/793/793 794/794/794 795/795/795
f 796/796/796 797/797/797 798/798/798
f 799/799/799 800/800/800 801/801/801
f 802/802/802 803/803/803 804/804/804
f 805/805/805 806/806/806 807/807/807
f 808/808/808 809/809/809 810/810/810
f 811/811/811 812/812/812 813/813/813
f 814/814/814 815/815/815 816/816/816
f 817/817/817 818/818/818 819/819/819
f 820/820/820 821/821/821 822/822/822
f 823/823/823 824/824/824 825/825/825
f 826/826/826 827/827/827 828/828/828
f 829/829/829 830/830/830 831/831/831
f 832/832/832 833/833/833 834/834/834
f 835/835/835 836/836/836 837/837/837
f 838/838/838 839/839/839 840/840/840
f 841/841/841 842/842/842 843/843/843
f 844/844/844 845/845/845 846/846/846
f 847/847/847 848/848/848 849/849/849
f 850/850/850 851/851/851 852/852/852
f 853/853/853 854/854/854 855/855/855
f 856/856/856 857/857/857 858/858/858
f 859/859/859 860/860/860 861/861/861
f 862/862/862 863/863/863 864/864/864
f 865/865/865 866/866/866 867/867/867
f 868/868/868 869/869/869 870/870/870
f 871/871/871 872/872/872 873/873/873
f 874/874/874 875/875/875 876/876/876
f 877/877/877 878/878/878 879/879/879
f 880/880/880 881/881/881 882/882/882
f 883/883/883 884/884/884 885/885/885
f 886/886/886 887/887/887 888/888/888
f 889/889/889 890/890/890 891/891/891
f 892/892/892 893/893/893 894/894/894
f 895/895/895 896/896/896 897/897/897
f 898/898/898 899/899/899 900/900/900
f 901/901/901 902/902/902 903/903/903
f 904/904/904 905/905/905 906/906/906
f 907/907/907 908/908/908 909/909/909
f 910/910/910 911/911/911 912/912/912
f 913/913/913 914/914/914 915/915/915
f 916/916/916 917/917/917 918/918/918
f 919/919/919 920/920/920 921/921/921
f 922/922/922 923/923/923 924/924/924
f 925/925/925 926/926/926 927/927/927
f 928/928/928 929/929/929 930/930/930
f 931/931/931 932/932/932 933/933/933
f 934/934/934 935/935/935 936/936/936
f 937/937/937 938/938/938 939/939/939
f 940/940/940 941/941/941 942/942/942
f 943/943/943 944/944/944 945/945/945
f 946/946/946 947/947/947 948/948/948
f 949/949/949 950/950/950 951/951/951
f 952/952/952 953/953/953 954/954/954
f 955/955/955 956/956/956 957/957/957
f 958/958/958 959/959/959 960/960/960
f 961/961/961 962/962/962 963/963/963
f 964/964/964 965/965/965 966/966/966
f 967/967/967 968/968/968 969/969/969
f 970/970/970 971/971/971 972/972/972
f 973/973/973 974/974/974 975/975/975
f 976/976/976 977/977/977 978/978/978
f 979/979/979 980/980/980 981/981/981
f 982/982/982 983/983/983 984/984/984
f 985/985/985 986/986/986 987/987/987
f 988/988/988 989/989/989 990/990/990
f 991/991/991 992/992/992 993/993/993
f 994/994/994 995/995/995 996/996/996

