# https://github.com/mikedh/trimesh
mtllib material.mtl
usemtl material_0
v -0.27771774 0.10109583 -0.36946130
v -0.27703226 0.10287356 -0.36874422
v -0.27493083 0.10283696 -0.36331585
v -0.27771774 0.10109583 -0.36946130
v -0.27493083 0.10283696 -0.36331585
v -0.27516967 0.10117900 -0.36268574
v -0.27683571 0.10414635 -0.36937651
v -0.27435985 0.10484308 -0.36413437
v -0.27493083 0.10283696 -0.36331585
v -0.27683571 0.10414635 -0.36937651
v -0.27493083 0.10283696 -0.36331585
v -0.27703226 0.10287356 -0.36874422
v -0.27683571 0.10414635 -0.36937651
v -0.27594003 0.10588977 -0.36926332
v -0.27435985 0.10484308 -0.36413437
v -0.27435985 0.10484308 -0.36413437
v -0.27416250 0.10404901 -0.36243224
v -0.27493083 0.10283696 -0.36331585
v -0.27435985 0.10484308 -0.36413437
v -0.27292600 0.10600097 -0.36269504
v -0.27416250 0.10404901 -0.36243224
v -0.27435985 0.10484308 -0.36413437
v -0.27594003 0.10588977 -0.36926332
v -0.27496004 0.10787934 -0.37026155
v -0.27435985 0.10484308 -0.36413437
v -0.27496004 0.10787934 -0.37026155
v -0.27292600 0.10600097 -0.36269504
v -0.27292600 0.10600097 -0.36269504
v -0.27496004 0.10787934 -0.37026155
v -0.27340877 0.10940984 -0.37019950
v -0.27292600 0.10600097 -0.36269504
v -0.27340877 0.10940984 -0.37019950
v -0.27164933 0.10727506 -0.36261514
v -0.27054456 0.10897809 -0.36464280
v -0.26934400 0.10937523 -0.36413476
v -0.26962066 0.10868807 -0.36252409
v -0.27054456 0.10897809 -0.36464280
v -0.26962066 0.10868807 -0.36252409
v -0.27164933 0.10727506 -0.36261514
v -0.27054456 0.10897809 -0.36464280
v -0.27164933 0.10727506 -0.36261514
v -0.27340877 0.10940984 -0.37019950
v -0.26934400 0.10937523 -0.36413476
v -0.27054456 0.10897809 -0.36464280
v -0.26953834 0.11184651 -0.37051737
v -0.26934400 0.10937523 -0.36413476
v -0.26953834 0.11184651 -0.37051737
v -0.26782489 0.11153813 -0.36820537
v -0.26934400 0.10937523 -0.36413476
v -0.26782489 0.11153813 -0.36820537
v -0.26730904 0.10967822 -0.36298335
v -0.26934400 0.10937523 -0.36413476
v -0.26730904 0.10967822 -0.36298335
v -0.26962066 0.10868807 -0.36252409
v -0.26782489 0.11153813 -0.36820537
v -0.26615903 0.11236083 -0.36967042
v -0.26467282 0.10989274 -0.36268216
v -0.26782489 0.11153813 -0.36820537
v -0.26467282 0.10989274 -0.36268216
v -0.26730904 0.10967822 -0.36298335
v -0.26408687 0.11224065 -0.36907044
v -0.26467282 0.10989274 -0.36268216
v -0.26615903 0.11236083 -0.36967042
v -0.26197296 0.11047398 -0.36519364
v -0.26215398 0.10962206 -0.36259949
v -0.26467282 0.10989274 -0.36268216
v -0.26197296 0.11047398 -0.36519364
v -0.26467282 0.10989274 -0.36268216
v -0.26408687 0.11224065 -0.36907044
v -0.25927767 0.11076780 -0.36829910
v -0.25979000 0.10868767 -0.36263898
v -0.26197296 0.11047398 -0.36519364
v -0.25927767 0.11076780 -0.36829910
v -0.26197296 0.11047398 -0.36519364
v -0.26102367 0.11192399 -0.36966723
v -0.25979000 0.10868767 -0.36263898
v -0.26215398 0.10962206 -0.36259949
v -0.26197296 0.11047398 -0.36519364
v -0.25815329 0.10794745 -0.36336085
v -0.25979000 0.10868767 -0.36263898
v -0.25927767 0.11076780 -0.36829910
v -0.25653872 0.10635193 -0.36313963
v -0.25815329 0.10794745 -0.36336085
v -0.25606486 0.10887656 -0.36885673
v -0.25653872 0.10635193 -0.36313963
v -0.25606486 0.10887656 -0.36885673
v -0.25457400 0.10693337 -0.36826491
v -0.25580728 0.10510079 -0.36267370
v -0.25653872 0.10635193 -0.36313963
v -0.25457400 0.10693337 -0.36826491
v -0.25457400 0.10693337 -0.36826491
v -0.25483119 0.10382590 -0.36332685
v -0.25580728 0.10510079 -0.36267370
v -0.25457400 0.10693337 -0.36826491
v -0.25244090 0.10555347 -0.37128529
v -0.25483119 0.10382590 -0.36332685
v -0.25483119 0.10382590 -0.36332685
v -0.25229529 0.10313854 -0.36910126
v -0.25439188 0.10210392 -0.36285222
v -0.25401855 0.09995598 -0.36264008
v -0.25206015 0.10185768 -0.36880726
v -0.25130782 0.10007855 -0.37024280
v -0.25401855 0.09995598 -0.36264008
v -0.25439188 0.10210392 -0.36285222
v -0.25206015 0.10185768 -0.36880726
v -0.25206015 0.10185768 -0.36880726
v -0.25439188 0.10210392 -0.36285222
v -0.25229529 0.10313854 -0.36910126
v -0.25130782 0.10007855 -0.37024280
v -0.25137424 0.09752809 -0.37019214
v -0.25394237 0.09750335 -0.36337531
v -0.25401855 0.09995598 -0.36264008
v -0.25130782 0.10007855 -0.37024280
v -0.25394237 0.09750335 -0.36337531
v -0.25394237 0.09750335 -0.36337531
v -0.25265056 0.09506090 -0.36833420
v -0.25458625 0.09535491 -0.36315909
v -0.25394237 0.09750335 -0.36337531
v -0.25137424 0.09752809 -0.37019214
v -0.25265056 0.09506090 -0.36833420
v -0.25265056 0.09506090 -0.36833420
v -0.25275996 0.09371591 -0.36943576
v -0.25518575 0.09335686 -0.36416131
v -0.25265056 0.09506090 -0.36833420
v -0.25518575 0.09335686 -0.36416131
v -0.25458625 0.09535491 -0.36315909
v -0.25518575 0.09335686 -0.36416131
v -0.25610650 0.09203859 -0.36427420
v -0.25629249 0.09270840 -0.36244899
v -0.25518575 0.09335686 -0.36416131
v -0.25629249 0.09270840 -0.36244899
v -0.25458625 0.09535491 -0.36315909
v -0.25353867 0.09179096 -0.37018496
v -0.25610650 0.09203859 -0.36427420
v -0.25518575 0.09335686 -0.36416131
v -0.25353867 0.09179096 -0.37018496
v -0.25518575 0.09335686 -0.36416131
v -0.25275996 0.09371591 -0.36943576
v -0.25504771 0.08986692 -0.37030134
v -0.25610650 0.09203859 -0.36427420
v -0.25353867 0.09179096 -0.37018496
v -0.25504771 0.08986692 -0.37030134
v -0.25651827 0.08847336 -0.37048087
v -0.25765005 0.09120314 -0.36275637
v -0.25765005 0.09120314 -0.36275637
v -0.25610650 0.09203859 -0.36427420
v -0.25504771 0.08986692 -0.37030134
v -0.25765005 0.09120314 -0.36275637
v -0.25629249 0.09270840 -0.36244899
v -0.25610650 0.09203859 -0.36427420
v -0.25934657 0.08998830 -0.36275735
v -0.25765005 0.09120314 -0.36275637
v -0.25651827 0.08847336 -0.37048087
v -0.25651827 0.08847336 -0.37048087
v -0.25855571 0.08703900 -0.37091359
v -0.25934657 0.08998830 -0.36275735
v -0.26088798 0.08929235 -0.36267936
v -0.25934657 0.08998830 -0.36275735
v -0.25855571 0.08703900 -0.37091359
v -0.26234147 0.08878073 -0.36285630
v -0.26253954 0.08586913 -0.37054598
v -0.26379386 0.08841960 -0.36331844
v -0.26234147 0.08878073 -0.36285630
v -0.26088798 0.08929235 -0.36267936
v -0.26035360 0.08597943 -0.37177959
v -0.26541921 0.08593017 -0.36996305
v -0.26379386 0.08841960 -0.36331844
v -0.26253954 0.08586913 -0.37054598
v -0.26617467 0.08798118 -0.36458528
v -0.26379386 0.08841960 -0.36331844
v -0.26541921 0.08593017 -0.36996305
v -0.26617467 0.08798118 -0.36458528
v -0.26545501 0.08862924 -0.36244869
v -0.26379386 0.08841960 -0.36331844
v -0.26617467 0.08798118 -0.36458528
v -0.26912197 0.08929735 -0.36327559
v -0.26750243 0.08898190 -0.36244899
v -0.26617467 0.08798118 -0.36458528
v -0.26750243 0.08898190 -0.36244899
v -0.26545501 0.08862924 -0.36244869
v -0.26617467 0.08798118 -0.36458528
v -0.26779315 0.08585846 -0.37114736
v -0.26912197 0.08929735 -0.36327559
v -0.27017987 0.08741101 -0.36915043
v -0.26912197 0.08929735 -0.36327559
v -0.26779315 0.08585846 -0.37114736
v -0.27238873 0.08853399 -0.36956161
v -0.27132159 0.09060863 -0.36337450
v -0.26912197 0.08929735 -0.36327559
v -0.27238873 0.08853399 -0.36956161
v -0.26912197 0.08929735 -0.36327559
v -0.27017987 0.08741101 -0.36915043
v -0.27467310 0.09063087 -0.36949688
v -0.27285767 0.09208956 -0.36326152
v -0.27132159 0.09060863 -0.36337450
v -0.27467310 0.09063087 -0.36949688
v -0.27132159 0.09060863 -0.36337450
v -0.27238873 0.08853399 -0.36956161
v -0.27285767 0.09208956 -0.36326152
v -0.27307549 0.09264388 -0.36238408
v -0.27132159 0.09060863 -0.36337450
v -0.27410564 0.09381574 -0.36331776
v -0.27285767 0.09208956 -0.36326152
v -0.27467310 0.09063087 -0.36949688
v -0.27467310 0.09063087 -0.36949688
v -0.27625120 0.09284953 -0.36967343
v -0.27410564 0.09381574 -0.36331776
v -0.27480307 0.09517509 -0.36346197
v -0.27410564 0.09381574 -0.36331776
v -0.27625120 0.09284953 -0.36967343
v -0.27480307 0.09517509 -0.36346197
v -0.27625120 0.09284953 -0.36967343
v -0.27692130 0.09465309 -0.36921835
v -0.27480307 0.09517509 -0.36346197
v -0.27692130 0.09465309 -0.36921835
v -0.27510697 0.09680802 -0.36289170
v -0.27510697 0.09680802 -0.36289170
v -0.27709702 0.09748032 -0.36779395
v -0.27550057 0.09834161 -0.36331835
v -0.27510697 0.09680802 -0.36289170
v -0.27692130 0.09465309 -0.36921835
v -0.27709702 0.09748032 -0.36779395
v -0.27758691 0.09913439 -0.36881891
v -0.27532035 0.09950409 -0.36267158
v -0.27550057 0.09834161 -0.36331835
v -0.27758691 0.09913439 -0.36881891
v -0.27550057 0.09834161 -0.36331835
v -0.27709702 0.09748032 -0.36779395
v -0.27758691 0.09913439 -0.36881891
v -0.27771774 0.10109583 -0.36946130
v -0.27532035 0.09950409 -0.36267158
v -0.27532035 0.09950409 -0.36267158
v -0.27771774 0.10109583 -0.36946130
v -0.27516967 0.10117900 -0.36268574
v -0.27771774 0.10109583 -0.36946130
v -0.27817324 0.10379479 -0.37274808
v -0.27703226 0.10287356 -0.36874422
v -0.27934596 0.10116135 -0.37450218
v -0.27935895 0.10310374 -0.37589973
v -0.27817324 0.10379479 -0.37274808
v -0.27934596 0.10116135 -0.37450218
v -0.27817324 0.10379479 -0.37274808
v -0.27771774 0.10109583 -0.36946130
v -0.27817324 0.10379479 -0.37274808
v -0.27754292 0.10567883 -0.37319607
v -0.27683571 0.10414635 -0.36937651
v -0.27683571 0.10414635 -0.36937651
v -0.27703226 0.10287356 -0.36874422
v -0.27817324 0.10379479 -0.37274808
v -0.27683571 0.10414635 -0.36937651
v -0.27754292 0.10567883 -0.37319607
v -0.27594003 0.10588977 -0.36926332
v -0.27680528 0.10767798 -0.37448853
v -0.27496004 0.10787934 -0.37026155
v -0.27594003 0.10588977 -0.36926332
v -0.27680528 0.10767798 -0.37448853
v -0.27594003 0.10588977 -0.36926332
v -0.27754292 0.10567883 -0.37319607
v -0.27491635 0.10988796 -0.37448344
v -0.27340877 0.10940984 -0.37019950
v -0.27496004 0.10787934 -0.37026155
v -0.27491635 0.10988796 -0.37448344
v -0.27496004 0.10787934 -0.37026155
v -0.27680528 0.10767798 -0.37448853
v -0.27215835 0.11084589 -0.37138185
v -0.27054456 0.10897809 -0.36464280
v -0.27340877 0.10940984 -0.37019950
v -0.27215835 0.11084589 -0.37138185
v -0.27340877 0.10940984 -0.37019950
v -0.27491635 0.10988796 -0.37448344
v -0.27215835 0.11084589 -0.37138185
v -0.27491635 0.10988796 -0.37448344
v -0.27349079 0.11147410 -0.37563255
v -0.27215835 0.11084589 -0.37138185
v -0.27349079 0.11147410 -0.37563255
v -0.27224830 0.11227765 -0.37563255
v -0.27003920 0.11329253 -0.37536296
v -0.27215835 0.11084589 -0.37138185
v -0.27224830 0.11227765 -0.37563255
v -0.26953834 0.11184651 -0.37051737
v -0.27215835 0.11084589 -0.37138185
v -0.27003920 0.11329253 -0.37536296
v -0.26953834 0.11184651 -0.37051737
v -0.27054456 0.10897809 -0.36464280
v -0.27215835 0.11084589 -0.37138185
v -0.26782489 0.11153813 -0.36820537
v -0.26805174 0.11372726 -0.37484685
v -0.26615903 0.11236083 -0.36967042
v -0.26782489 0.11153813 -0.36820537
v -0.26953834 0.11184651 -0.37051737
v -0.26805174 0.11372726 -0.37484685
v -0.26805174 0.11372726 -0.37484685
v -0.26594612 0.11436096 -0.37583181
v -0.26615903 0.11236083 -0.36967042
v -0.26805174 0.11372726 -0.37484685
v -0.26953834 0.11184651 -0.37051737
v -0.27003920 0.11329253 -0.37536296
v -0.26594612 0.11436096 -0.37583181
v -0.26408687 0.11224065 -0.36907044
v -0.26615903 0.11236083 -0.36967042
v -0.26594612 0.11436096 -0.37583181
v -0.26335424 0.11388065 -0.37424746
v -0.26408687 0.11224065 -0.36907044
v -0.26226467 0.11286238 -0.37154940
v -0.26102367 0.11192399 -0.36966723
v -0.26197296 0.11047398 -0.36519364
v -0.26226467 0.11286238 -0.37154940
v -0.26197296 0.11047398 -0.36519364
v -0.26408687 0.11224065 -0.36907044
v -0.26226467 0.11286238 -0.37154940
v -0.26408687 0.11224065 -0.36907044
v -0.26335424 0.11388065 -0.37424746
v -0.26226467 0.11286238 -0.37154940
v -0.26081666 0.11390588 -0.37589705
v -0.26102367 0.11192399 -0.36966723
v -0.26226467 0.11286238 -0.37154940
v -0.26335424 0.11388065 -0.37424746
v -0.26081666 0.11390588 -0.37589705
v -0.25885499 0.11279246 -0.37438908
v -0.26102367 0.11192399 -0.36966723
v -0.26081666 0.11390588 -0.37589705
v -0.25927767 0.11076780 -0.36829910
v -0.26102367 0.11192399 -0.36966723
v -0.25885499 0.11279246 -0.37438908
v -0.25646481 0.11066876 -0.37221929
v -0.25606486 0.10887656 -0.36885673
v -0.25815329 0.10794745 -0.36336085
v -0.25646481 0.11066876 -0.37221929
v -0.25815329 0.10794745 -0.36336085
v -0.25927767 0.11076780 -0.36829910
v -0.25646481 0.11066876 -0.37221929
v -0.25927767 0.11076780 -0.36829910
v -0.25885499 0.11279246 -0.37438908
v -0.25606486 0.10887656 -0.36885673
v -0.25646481 0.11066876 -0.37221929
v -0.25466502 0.10990440 -0.37415650
v -0.25606486 0.10887656 -0.36885673
v -0.25466502 0.10990440 -0.37415650
v -0.25315920 0.10822570 -0.37392563
v -0.25606486 0.10887656 -0.36885673
v -0.25315920 0.10822570 -0.37392563
v -0.25457400 0.10693337 -0.36826491
v -0.25315920 0.10822570 -0.37392563
v -0.25244090 0.10555347 -0.37128529
v -0.25457400 0.10693337 -0.36826491
v -0.25315920 0.10822570 -0.37392563
v -0.25121480 0.10626925 -0.37593645
v -0.25244090 0.10555347 -0.37128529
v -0.25244090 0.10555347 -0.37128529
v -0.25105533 0.10376466 -0.37318254
v -0.25229529 0.10313854 -0.36910126
v -0.25244090 0.10555347 -0.37128529
v -0.25229529 0.10313854 -0.36910126
v -0.25483119 0.10382590 -0.36332685
v -0.25206015 0.10185768 -0.36880726
v -0.25038680 0.10189907 -0.37377203
v -0.25130782 0.10007855 -0.37024280
v -0.25206015 0.10185768 -0.36880726
v -0.25229529 0.10313854 -0.36910126
v -0.25105533 0.10376466 -0.37318254
v -0.25206015 0.10185768 -0.36880726
v -0.25105533 0.10376466 -0.37318254
v -0.25038680 0.10189907 -0.37377203
v -0.24954206 0.09902646 -0.37575442
v -0.25130782 0.10007855 -0.37024280
v -0.25038680 0.10189907 -0.37377203
v -0.24954206 0.09902646 -0.37575442
v -0.25137424 0.09752809 -0.37019214
v -0.25130782 0.10007855 -0.37024280
v -0.25137424 0.09752809 -0.37019214
v -0.25078812 0.09606870 -0.37276572
v -0.25265056 0.09506090 -0.36833420
v -0.25078812 0.09606870 -0.37276572
v -0.25137424 0.09752809 -0.37019214
v -0.24954206 0.09902646 -0.37575442
v -0.25078136 0.09398797 -0.37483230
v -0.25275996 0.09371591 -0.36943576
v -0.25078812 0.09606870 -0.37276572
v -0.25078136 0.09398797 -0.37483230
v -0.25182354 0.09192739 -0.37455842
v -0.25275996 0.09371591 -0.36943576
v -0.25275996 0.09371591 -0.36943576
v -0.25265056 0.09506090 -0.36833420
v -0.25078812 0.09606870 -0.37276572
v -0.25353867 0.09179096 -0.37018496
v -0.25275996 0.09371591 -0.36943576
v -0.25182354 0.09192739 -0.37455842
v -0.25353867 0.09179096 -0.37018496
v -0.25182354 0.09192739 -0.37455842
v -0.25291395 0.08930961 -0.37662020
v -0.25504771 0.08986692 -0.37030134
v -0.25353867 0.09179096 -0.37018496
v -0.25291395 0.08930961 -0.37662020
v -0.25504771 0.08986692 -0.37030134
v -0.25291395 0.08930961 -0.37662020
v -0.25440603 0.08762433 -0.37709901
v -0.25504771 0.08986692 -0.37030134
v -0.25440603 0.08762433 -0.37709901
v -0.25651827 0.08847336 -0.37048087
v -0.25651827 0.08847336 -0.37048087
v -0.25680941 0.08694486 -0.37386221
v -0.25855571 0.08703900 -0.37091359
v -0.25680941 0.08694486 -0.37386221
v -0.25651827 0.08847336 -0.37048087
v -0.25440603 0.08762433 -0.37709901
v -0.25855571 0.08703900 -0.37091359
v -0.25680941 0.08694486 -0.37386221
v -0.25882021 0.08458767 -0.37804657
v -0.25855571 0.08703900 -0.37091359
v -0.25882021 0.08458767 -0.37804657
v -0.26035360 0.08597943 -0.37177959
v -0.25855571 0.08703900 -0.37091359
v -0.26035360 0.08597943 -0.37177959
v -0.26088798 0.08929235 -0.36267936
v -0.26253954 0.08586913 -0.37054598
v -0.26234147 0.08878073 -0.36285630
v -0.26035360 0.08597943 -0.37177959
v -0.26253954 0.08586913 -0.37054598
v -0.26035360 0.08597943 -0.37177959
v -0.26188299 0.08435710 -0.37575671
v -0.26430860 0.08488338 -0.37317204
v -0.26253954 0.08586913 -0.37054598
v -0.26188299 0.08435710 -0.37575671
v -0.26430860 0.08488338 -0.37317204
v -0.26650828 0.08369088 -0.37755102
v -0.26541921 0.08593017 -0.36996305
v -0.26541921 0.08593017 -0.36996305
v -0.26253954 0.08586913 -0.37054598
v -0.26430860 0.08488338 -0.37317204
v -0.26779315 0.08585846 -0.37114736
v -0.26617467 0.08798118 -0.36458528
v -0.26541921 0.08593017 -0.36996305
v -0.26779315 0.08585846 -0.37114736
v -0.26541921 0.08593017 -0.36996305
v -0.26650828 0.08369088 -0.37755102
v -0.26779315 0.08585846 -0.37114736
v -0.26650828 0.08369088 -0.37755102
v -0.26946029 0.08488408 -0.37563184
v -0.26946029 0.08488408 -0.37563184
v -0.27017987 0.08741101 -0.36915043
v -0.26779315 0.08585846 -0.37114736
v -0.26946029 0.08488408 -0.37563184
v -0.27203369 0.08557892 -0.37697485
v -0.27158031 0.08693368 -0.37232372
v -0.26946029 0.08488408 -0.37563184
v -0.27158031 0.08693368 -0.37232372
v -0.27017987 0.08741101 -0.36915043
v -0.27238873 0.08853399 -0.36956161
v -0.27017987 0.08741101 -0.36915043
v -0.27158031 0.08693368 -0.37232372
v -0.27158031 0.08693368 -0.37232372
v -0.27411750 0.08829284 -0.37340173
v -0.27238873 0.08853399 -0.36956161
v -0.27158031 0.08693368 -0.37232372
v -0.27203369 0.08557892 -0.37697485
v -0.27411750 0.08829284 -0.37340173
v -0.27411750 0.08829284 -0.37340173
v -0.27611703 0.09020781 -0.37380284
v -0.27467310 0.09063087 -0.36949688
v -0.27467310 0.09063087 -0.36949688
v -0.27238873 0.08853399 -0.36956161
v -0.27411750 0.08829284 -0.37340173
v -0.27611703 0.09020781 -0.37380284
v -0.27813920 0.09276924 -0.37500253
v -0.27625120 0.09284953 -0.36967343
v -0.27611703 0.09020781 -0.37380284
v -0.27625120 0.09284953 -0.36967343
v -0.27467310 0.09063087 -0.36949688
v -0.27611703 0.09020781 -0.37380284
v -0.27743134 0.09106242 -0.37576079
v -0.27813920 0.09276924 -0.37500253
v -0.27813920 0.09276924 -0.37500253
v -0.27692130 0.09465309 -0.36921835
v -0.27625120 0.09284953 -0.36967343
v -0.27813920 0.09276924 -0.37500253
v -0.27893341 0.09440207 -0.37548792
v -0.27800798 0.09565990 -0.37135422
v -0.27813920 0.09276924 -0.37500253
v -0.27800798 0.09565990 -0.37135422
v -0.27692130 0.09465309 -0.36921835
v -0.27800798 0.09565990 -0.37135422
v -0.27917543 0.09816408 -0.37360629
v -0.27709702 0.09748032 -0.36779395
v -0.27800798 0.09565990 -0.37135422
v -0.27709702 0.09748032 -0.36779395
v -0.27692130 0.09465309 -0.36921835
v -0.27800798 0.09565990 -0.37135422
v -0.27893341 0.09440207 -0.37548792
v -0.27941182 0.09574008 -0.37580749
v -0.27800798 0.09565990 -0.37135422
v -0.27941182 0.09574008 -0.37580749
v -0.27917543 0.09816408 -0.37360629
v -0.27917543 0.09816408 -0.37360629
v -0.27934596 0.10116135 -0.37450218
v -0.27771774 0.10109583 -0.36946130
v -0.27758691 0.09913439 -0.36881891
v -0.27917543 0.09816408 -0.37360629
v -0.27771774 0.10109583 -0.36946130
v -0.27758691 0.09913439 -0.36881891
v -0.27709702 0.09748032 -0.36779395
v -0.27917543 0.09816408 -0.37360629
v -0.27934596 0.10116135 -0.37450218
v -0.28050357 0.10097115 -0.37863520
v -0.27935895 0.10310374 -0.37589973
v -0.28050357 0.10097115 -0.37863520
v -0.28103924 0.10322821 -0.38259140
v -0.27935895 0.10310374 -0.37589973
v -0.28050357 0.10097115 -0.37863520
v -0.28150699 0.09996136 -0.38259688
v -0.28170168 0.10158521 -0.38426739
v -0.28050357 0.10097115 -0.37863520
v -0.28170168 0.10158521 -0.38426739
v -0.28103924 0.10322821 -0.38259140
v -0.27965933 0.10470505 -0.37876356
v -0.27935895 0.10310374 -0.37589973
v -0.28103924 0.10322821 -0.38259140
v -0.27965933 0.10470505 -0.37876356
v -0.28017837 0.10643561 -0.38379347
v -0.27858141 0.10704827 -0.37874639
v -0.27965933 0.10470505 -0.37876356
v -0.27858141 0.10704827 -0.37874639
v -0.27754292 0.10567883 -0.37319607
v -0.27965933 0.10470505 -0.37876356
v -0.27754292 0.10567883 -0.37319607
v -0.27817324 0.10379479 -0.37274808
v -0.27965933 0.10470505 -0.37876356
v -0.27817324 0.10379479 -0.37274808
v -0.27935895 0.10310374 -0.37589973
v -0.27858141 0.10704827 -0.37874639
v -0.27780181 0.10900203 -0.38045242
v -0.27680528 0.10767798 -0.37448853
v -0.27858141 0.10704827 -0.37874639
v -0.27680528 0.10767798 -0.37448853
v -0.27754292 0.10567883 -0.37319607
v -0.27595565 0.11045434 -0.37852201
v -0.27680528 0.10767798 -0.37448853
v -0.27780181 0.10900203 -0.38045242
v -0.27595565 0.11045434 -0.37852201
v -0.27491635 0.10988796 -0.37448344
v -0.27680528 0.10767798 -0.37448853
v -0.27349079 0.11147410 -0.37563255
v -0.27460819 0.11255611 -0.38153782
v -0.27325869 0.11347594 -0.38155836
v -0.27349079 0.11147410 -0.37563255
v -0.27325869 0.11347594 -0.38155836
v -0.27224830 0.11227765 -0.37563255
v -0.27349079 0.11147410 -0.37563255
v -0.27491635 0.10988796 -0.37448344
v -0.27595565 0.11045434 -0.37852201
v -0.27349079 0.11147410 -0.37563255
v -0.27595565 0.11045434 -0.37852201
v -0.27460819 0.11255611 -0.38153782
v -0.27133214 0.11354674 -0.37815937
v -0.27325869 0.11347594 -0.38155836
v -0.27224380 0.11480039 -0.38488823
v -0.27133214 0.11354674 -0.37815937
v -0.27224380 0.11480039 -0.38488823
v -0.26952928 0.11508781 -0.38133517
v -0.27133214 0.11354674 -0.37815937
v -0.26952928 0.11508781 -0.38133517
v -0.27003920 0.11329253 -0.37536296
v -0.27133214 0.11354674 -0.37815937
v -0.27224830 0.11227765 -0.37563255
v -0.27325869 0.11347594 -0.38155836
v -0.27133214 0.11354674 -0.37815937
v -0.27003920 0.11329253 -0.37536296
v -0.27224830 0.11227765 -0.37563255
v -0.26952928 0.11508781 -0.38133517
v -0.26621139 0.11576420 -0.38148895
v -0.26594612 0.11436096 -0.37583181
v -0.26952928 0.11508781 -0.38133517
v -0.26594612 0.11436096 -0.37583181
v -0.26805174 0.11372726 -0.37484685
v -0.26952928 0.11508781 -0.38133517
v -0.26805174 0.11372726 -0.37484685
v -0.27003920 0.11329253 -0.37536296
v -0.26621139 0.11576420 -0.38148895
v -0.26385072 0.11556643 -0.38044783
v -0.26594612 0.11436096 -0.37583181
v -0.26594612 0.11436096 -0.37583181
v -0.26385072 0.11556643 -0.38044783
v -0.26335424 0.11388065 -0.37424746
v -0.26224184 0.11499098 -0.37877962
v -0.26081666 0.11390588 -0.37589705
v -0.26335424 0.11388065 -0.37424746
v -0.26224184 0.11499098 -0.37877962
v -0.26335424 0.11388065 -0.37424746
v -0.26385072 0.11556643 -0.38044783
v -0.26224184 0.11499098 -0.37877962
v -0.26069209 0.11558658 -0.38258931
v -0.26081666 0.11390588 -0.37589705
v -0.25915021 0.11461289 -0.38047576
v -0.25885499 0.11279246 -0.37438908
v -0.26081666 0.11390588 -0.37589705
v -0.25915021 0.11461289 -0.38047576
v -0.26081666 0.11390588 -0.37589705
v -0.26069209 0.11558658 -0.38258931
v -0.25915021 0.11461289 -0.38047576
v -0.25701845 0.11369754 -0.38043168
v -0.25885499 0.11279246 -0.37438908
v -0.25578773 0.11211468 -0.37761924
v -0.25646481 0.11066876 -0.37221929
v -0.25885499 0.11279246 -0.37438908
v -0.25578773 0.11211468 -0.37761924
v -0.25885499 0.11279246 -0.37438908
v -0.25701845 0.11369754 -0.38043168
v -0.25701845 0.11369754 -0.38043168
v -0.25467440 0.11291105 -0.38317382
v -0.25578773 0.11211468 -0.37761924
v -0.25355500 0.11156416 -0.38153970
v -0.25578773 0.11211468 -0.37761924
v -0.25467440 0.11291105 -0.38317382
v -0.25466502 0.10990440 -0.37415650
v -0.25578773 0.11211468 -0.37761924
v -0.25355500 0.11156416 -0.38153970
v -0.25466502 0.10990440 -0.37415650
v -0.25355500 0.11156416 -0.38153970
v -0.25254631 0.11019263 -0.38045013
v -0.25466502 0.10990440 -0.37415650
v -0.25254631 0.11019263 -0.38045013
v -0.25315920 0.10822570 -0.37392563
v -0.25466502 0.10990440 -0.37415650
v -0.25646481 0.11066876 -0.37221929
v -0.25578773 0.11211468 -0.37761924
v -0.25315920 0.10822570 -0.37392563
v -0.25122657 0.10803761 -0.37939098
v -0.25121480 0.10626925 -0.37593645
v -0.25315920 0.10822570 -0.37392563
v -0.25254631 0.11019263 -0.38045013
v -0.25122657 0.10803761 -0.37939098
v -0.24957639 0.10642514 -0.38212514
v -0.25121480 0.10626925 -0.37593645
v -0.25122657 0.10803761 -0.37939098
v -0.24957639 0.10642514 -0.38212514
v -0.24940065 0.10466117 -0.37985882
v -0.25121480 0.10626925 -0.37593645
v -0.25121480 0.10626925 -0.37593645
v -0.24940065 0.10466117 -0.37985882
v -0.25105533 0.10376466 -0.37318254
v -0.25121480 0.10626925 -0.37593645
v -0.25105533 0.10376466 -0.37318254
v -0.25244090 0.10555347 -0.37128529
v -0.24919511 0.10300490 -0.37877223
v -0.24850625 0.10160027 -0.38044685
v -0.25038680 0.10189907 -0.37377203
v -0.24919511 0.10300490 -0.37877223
v -0.25038680 0.10189907 -0.37377203
v -0.25105533 0.10376466 -0.37318254
v -0.24919511 0.10300490 -0.37877223
v -0.25105533 0.10376466 -0.37318254
v -0.24940065 0.10466117 -0.37985882
v -0.24954206 0.09902646 -0.37575442
v -0.25038680 0.10189907 -0.37377203
v -0.24850625 0.10160027 -0.38044685
v -0.24954206 0.09902646 -0.37575442
v -0.24850625 0.10160027 -0.38044685
v -0.24813116 0.09928966 -0.38124269
v -0.24892950 0.09678937 -0.37877852
v -0.24911530 0.09528819 -0.37925106
v -0.25078812 0.09606870 -0.37276572
v -0.24892950 0.09678937 -0.37877852
v -0.25078812 0.09606870 -0.37276572
v -0.24954206 0.09902646 -0.37575442
v -0.24892950 0.09678937 -0.37877852
v -0.24954206 0.09902646 -0.37575442
v -0.24813116 0.09928966 -0.38124269
v -0.25078136 0.09398797 -0.37483230
v -0.24911530 0.09528819 -0.37925106
v -0.24903394 0.09366892 -0.38154292
v -0.25078136 0.09398797 -0.37483230
v -0.24903394 0.09366892 -0.38154292
v -0.25003964 0.09226260 -0.37986082
v -0.25078136 0.09398797 -0.37483230
v -0.25003964 0.09226260 -0.37986082
v -0.25182354 0.09192739 -0.37455842
v -0.25078136 0.09398797 -0.37483230
v -0.25078812 0.09606870 -0.37276572
v -0.24911530 0.09528819 -0.37925106
v -0.25182354 0.09192739 -0.37455842
v -0.25086841 0.09033347 -0.38074127
v -0.25291395 0.08930961 -0.37662020
v -0.25182354 0.09192739 -0.37455842
v -0.25003964 0.09226260 -0.37986082
v -0.25086841 0.09033347 -0.38074127
v -0.25291395 0.08930961 -0.37662020
v -0.25086841 0.09033347 -0.38074127
v -0.25285390 0.08740801 -0.38205633
v -0.25291395 0.08930961 -0.37662020
v -0.25285390 0.08740801 -0.38205633
v -0.25440603 0.08762433 -0.37709901
v -0.25680941 0.08694486 -0.37386221
v -0.25440603 0.08762433 -0.37709901
v -0.25592285 0.08551509 -0.38011304
v -0.25592285 0.08551509 -0.38011304
v -0.25440603 0.08762433 -0.37709901
v -0.25285390 0.08740801 -0.38205633
v -0.25749585 0.08412551 -0.38211855
v -0.25882021 0.08458767 -0.37804657
v -0.25592285 0.08551509 -0.38011304
v -0.25882021 0.08458767 -0.37804657
v -0.25680941 0.08694486 -0.37386221
v -0.25592285 0.08551509 -0.38011304
v -0.26188299 0.08435710 -0.37575671
v -0.26061779 0.08312829 -0.38154122
v -0.26327667 0.08330162 -0.37888953
v -0.26188299 0.08435710 -0.37575671
v -0.26035360 0.08597943 -0.37177959
v -0.25882021 0.08458767 -0.37804657
v -0.26188299 0.08435710 -0.37575671
v -0.25882021 0.08458767 -0.37804657
v -0.26061779 0.08312829 -0.38154122
v -0.26327667 0.08330162 -0.37888953
v -0.26541403 0.08227497 -0.38321981
v -0.26650828 0.08369088 -0.37755102
v -0.26327667 0.08330162 -0.37888953
v -0.26650828 0.08369088 -0.37755102
v -0.26430860 0.08488338 -0.37317204
v -0.26327667 0.08330162 -0.37888953
v -0.26430860 0.08488338 -0.37317204
v -0.26188299 0.08435710 -0.37575671
v -0.26650828 0.08369088 -0.37755102
v -0.26955742 0.08321526 -0.38204765
v -0.26946029 0.08488408 -0.37563184
v -0.26955742 0.08321526 -0.38204765
v -0.27250391 0.08427292 -0.38283095
v -0.27203369 0.08557892 -0.37697485
v -0.26955742 0.08321526 -0.38204765
v -0.27203369 0.08557892 -0.37697485
v -0.26946029 0.08488408 -0.37563184
v -0.27203369 0.08557892 -0.37697485
v -0.27428904 0.08636101 -0.37923977
v -0.27411750 0.08829284 -0.37340173
v -0.27203369 0.08557892 -0.37697485
v -0.27250391 0.08427292 -0.38283095
v -0.27428904 0.08636101 -0.37923977
v -0.27547118 0.08749259 -0.37876955
v -0.27661961 0.08847924 -0.37925115
v -0.27611703 0.09020781 -0.37380284
v -0.27547118 0.08749259 -0.37876955
v -0.27611703 0.09020781 -0.37380284
v -0.27411750 0.08829284 -0.37340173
v -0.27547118 0.08749259 -0.37876955
v -0.27411750 0.08829284 -0.37340173
v -0.27428904 0.08636101 -0.37923977
v -0.27743134 0.09106242 -0.37576079
v -0.27611703 0.09020781 -0.37380284
v -0.27661961 0.08847924 -0.37925115
v -0.27743134 0.09106242 -0.37576079
v -0.27661961 0.08847924 -0.37925115
v -0.27830526 0.09053783 -0.37958974
v -0.27979487 0.09204369 -0.38211906
v -0.27813920 0.09276924 -0.37500253
v -0.27830526 0.09053783 -0.37958974
v -0.27979487 0.09204369 -0.38211906
v -0.27995265 0.09381235 -0.37983179
v -0.27813920 0.09276924 -0.37500253
v -0.27813920 0.09276924 -0.37500253
v -0.27743134 0.09106242 -0.37576079
v -0.27830526 0.09053783 -0.37958974
v -0.27813920 0.09276924 -0.37500253
v -0.27995265 0.09381235 -0.37983179
v -0.27893341 0.09440207 -0.37548792
v -0.27941182 0.09574008 -0.37580749
v -0.28079268 0.09516532 -0.38154471
v -0.28074074 0.09780834 -0.37942818
v -0.27941182 0.09574008 -0.37580749
v -0.28074074 0.09780834 -0.37942818
v -0.27917543 0.09816408 -0.37360629
v -0.27941182 0.09574008 -0.37580749
v -0.27893341 0.09440207 -0.37548792
v -0.27995265 0.09381235 -0.37983179
v -0.27941182 0.09574008 -0.37580749
v -0.27995265 0.09381235 -0.37983179
v -0.28079268 0.09516532 -0.38154471
v -0.28074074 0.09780834 -0.37942818
v -0.28185546 0.09745129 -0.38460469
v -0.28150699 0.09996136 -0.38259688
v -0.28074074 0.09780834 -0.37942818
v -0.28150699 0.09996136 -0.38259688
v -0.28050357 0.10097115 -0.37863520
v -0.27917543 0.09816408 -0.37360629
v -0.28074074 0.09780834 -0.37942818
v -0.28050357 0.10097115 -0.37863520
v -0.27917543 0.09816408 -0.37360629
v -0.28050357 0.10097115 -0.37863520
v -0.27934596 0.10116135 -0.37450218
v -0.28170168 0.10158521 -0.38426739
v -0.28191859 0.10325873 -0.38729739
v -0.28103924 0.10322821 -0.38259140
v -0.28170168 0.10158521 -0.38426739
v -0.28150699 0.09996136 -0.38259688
v -0.28241009 0.09979521 -0.38746673
v -0.28170168 0.10158521 -0.38426739
v -0.28241009 0.09979521 -0.38746673
v -0.28266948 0.10148299 -0.39025536
v -0.28170168 0.10158521 -0.38426739
v -0.28266948 0.10148299 -0.39025536
v -0.28191859 0.10325873 -0.38729739
v -0.28101650 0.10488875 -0.38484347
v -0.28103924 0.10322821 -0.38259140
v -0.28191859 0.10325873 -0.38729739
v -0.28101650 0.10488875 -0.38484347
v -0.28191859 0.10325873 -0.38729739
v -0.28174505 0.10496037 -0.38928676
v -0.28101650 0.10488875 -0.38484347
v -0.28174505 0.10496037 -0.38928676
v -0.28105938 0.10658920 -0.38894516
v -0.28101650 0.10488875 -0.38484347
v -0.28105938 0.10658920 -0.38894516
v -0.28017837 0.10643561 -0.38379347
v -0.28101650 0.10488875 -0.38484347
v -0.28017837 0.10643561 -0.38379347
v -0.27965933 0.10470505 -0.37876356
v -0.28101650 0.10488875 -0.38484347
v -0.27965933 0.10470505 -0.37876356
v -0.28103924 0.10322821 -0.38259140
v -0.27937731 0.10871012 -0.38581833
v -0.27780181 0.10900203 -0.38045242
v -0.27858141 0.10704827 -0.37874639
v -0.27937731 0.10871012 -0.38581833
v -0.27858141 0.10704827 -0.37874639
v -0.28017837 0.10643561 -0.38379347
v -0.27937731 0.10871012 -0.38581833
v -0.28017837 0.10643561 -0.38379347
v -0.28105938 0.10658920 -0.38894516
v -0.27819973 0.11104535 -0.38877851
v -0.27686870 0.11129867 -0.38409546
v -0.27937731 0.10871012 -0.38581833
v -0.27819973 0.11104535 -0.38877851
v -0.27706161 0.11232603 -0.38924485
v -0.27686870 0.11129867 -0.38409546
v -0.27686870 0.11129867 -0.38409546
v -0.27780181 0.10900203 -0.38045242
v -0.27937731 0.10871012 -0.38581833
v -0.27686870 0.11129867 -0.38409546
v -0.27595565 0.11045434 -0.37852201
v -0.27780181 0.10900203 -0.38045242
v -0.27460819 0.11255611 -0.38153782
v -0.27595565 0.11045434 -0.37852201
v -0.27686870 0.11129867 -0.38409546
v -0.27542400 0.11328086 -0.38715407
v -0.27426878 0.11448763 -0.38924757
v -0.27325869 0.11347594 -0.38155836
v -0.27542400 0.11328086 -0.38715407
v -0.27325869 0.11347594 -0.38155836
v -0.27460819 0.11255611 -0.38153782
v -0.27542400 0.11328086 -0.38715407
v -0.27460819 0.11255611 -0.38153782
v -0.27686870 0.11129867 -0.38409546
v -0.27542400 0.11328086 -0.38715407
v -0.27686870 0.11129867 -0.38409546
v -0.27706161 0.11232603 -0.38924485
v -0.27224380 0.11480039 -0.38488823
v -0.27325869 0.11347594 -0.38155836
v -0.27426878 0.11448763 -0.38924757
v -0.27224380 0.11480039 -0.38488823
v -0.27204576 0.11602810 -0.39158568
v -0.26986858 0.11618666 -0.38725939
v -0.27224380 0.11480039 -0.38488823
v -0.26986858 0.11618666 -0.38725939
v -0.26952928 0.11508781 -0.38133517
v -0.26952928 0.11508781 -0.38133517
v -0.26986858 0.11618666 -0.38725939
v -0.26751131 0.11658700 -0.38651070
v -0.26952928 0.11508781 -0.38133517
v -0.26751131 0.11658700 -0.38651070
v -0.26621139 0.11576420 -0.38148895
v -0.26621139 0.11576420 -0.38148895
v -0.26751131 0.11658700 -0.38651070
v -0.26481006 0.11680949 -0.38638651
v -0.26621139 0.11576420 -0.38148895
v -0.26481006 0.11680949 -0.38638651
v -0.26385072 0.11556643 -0.38044783
v -0.26232639 0.11635492 -0.38484985
v -0.26069209 0.11558658 -0.38258931
v -0.26224184 0.11499098 -0.37877962
v -0.26232639 0.11635492 -0.38484985
v -0.26224184 0.11499098 -0.37877962
v -0.26385072 0.11556643 -0.38044783
v -0.26232639 0.11635492 -0.38484985
v -0.26385072 0.11556643 -0.38044783
v -0.26481006 0.11680949 -0.38638651
v -0.26232639 0.11635492 -0.38484985
v -0.26070523 0.11682835 -0.38933542
v -0.26069209 0.11558658 -0.38258931
v -0.26232639 0.11635492 -0.38484985
v -0.26481006 0.11680949 -0.38638651
v -0.26241595 0.11716974 -0.38980395
v -0.26232639 0.11635492 -0.38484985
v -0.26241595 0.11716974 -0.38980395
v -0.26070523 0.11682835 -0.38933542
v -0.25903124 0.11556453 -0.38484496
v -0.26069209 0.11558658 -0.38258931
v -0.26070523 0.11682835 -0.38933542
v -0.25903124 0.11556453 -0.38484496
v -0.26070523 0.11682835 -0.38933542
v -0.25898495 0.11628740 -0.38912317
v -0.25903124 0.11556453 -0.38484496
v -0.25898495 0.11628740 -0.38912317
v -0.25743252 0.11526035 -0.38644397
v -0.25903124 0.11556453 -0.38484496
v -0.25743252 0.11526035 -0.38644397
v -0.25701845 0.11369754 -0.38043168
v -0.25903124 0.11556453 -0.38484496
v -0.25701845 0.11369754 -0.38043168
v -0.25915021 0.11461289 -0.38047576
v -0.25903124 0.11556453 -0.38484496
v -0.25915021 0.11461289 -0.38047576
v -0.26069209 0.11558658 -0.38258931
v -0.25701845 0.11369754 -0.38043168
v -0.25592107 0.11432576 -0.38581944
v -0.25467440 0.11291105 -0.38317382
v -0.25701845 0.11369754 -0.38043168
v -0.25743252 0.11526035 -0.38644397
v -0.25592107 0.11432576 -0.38581944
v -0.25592107 0.11432576 -0.38581944
v -0.25426093 0.11392433 -0.38924557
v -0.25467440 0.11291105 -0.38317382
v -0.25592107 0.11432576 -0.38581944
v -0.25743252 0.11526035 -0.38644397
v -0.25637913 0.11560971 -0.39181447
v -0.25592107 0.11432576 -0.38581944
v -0.25637913 0.11560971 -0.39181447
v -0.25426093 0.11392433 -0.38924557
v -0.25293517 0.11267079 -0.38816863
v -0.25355500 0.11156416 -0.38153970
v -0.25467440 0.11291105 -0.38317382
v -0.25293517 0.11267079 -0.38816863
v -0.25467440 0.11291105 -0.38317382
v -0.25426093 0.11392433 -0.38924557
v -0.25293517 0.11267079 -0.38816863
v -0.25159466 0.11160964 -0.38924387
v -0.25201476 0.11095888 -0.38480824
v -0.25293517 0.11267079 -0.38816863
v -0.25201476 0.11095888 -0.38480824
v -0.25355500 0.11156416 -0.38153970
v -0.25355500 0.11156416 -0.38153970
v -0.25201476 0.11095888 -0.38480824
v -0.25254631 0.11019263 -0.38045013
v -0.25051036 0.10885472 -0.38404670
v -0.25122657 0.10803761 -0.37939098
v -0.25254631 0.11019263 -0.38045013
v -0.25051036 0.10885472 -0.38404670
v -0.25254631 0.11019263 -0.38045013
v -0.25201476 0.11095888 -0.38480824
v -0.24989006 0.10950837 -0.38909784
v -0.25051036 0.10885472 -0.38404670
v -0.25201476 0.11095888 -0.38480824
v -0.24989006 0.10950837 -0.38909784
v -0.25201476 0.11095888 -0.38480824
v -0.25159466 0.11160964 -0.38924387
v -0.24860188 0.10719936 -0.38878459
v -0.24957639 0.10642514 -0.38212514
v -0.25051036 0.10885472 -0.38404670
v -0.24860188 0.10719936 -0.38878459
v -0.25051036 0.10885472 -0.38404670
v -0.24989006 0.10950837 -0.38909784
v -0.24860188 0.10719936 -0.38878459
v -0.24811541 0.10543399 -0.38712475
v -0.24957639 0.10642514 -0.38212514
v -0.24957639 0.10642514 -0.38212514
v -0.24811541 0.10543399 -0.38712475
v -0.24940065 0.10466117 -0.37985882
v -0.24957639 0.10642514 -0.38212514
v -0.25122657 0.10803761 -0.37939098
v -0.25051036 0.10885472 -0.38404670
v -0.24813654 0.10352620 -0.38397411
v -0.24721631 0.10153405 -0.38670009
v -0.24850625 0.10160027 -0.38044685
v -0.24813654 0.10352620 -0.38397411
v -0.24850625 0.10160027 -0.38044685
v -0.24919511 0.10300490 -0.37877223
v -0.24813654 0.10352620 -0.38397411
v -0.24919511 0.10300490 -0.37877223
v -0.24940065 0.10466117 -0.37985882
v -0.24813654 0.10352620 -0.38397411
v -0.24940065 0.10466117 -0.37985882
v -0.24811541 0.10543399 -0.38712475
v -0.24745047 0.10387795 -0.38816926
v -0.24721631 0.10153405 -0.38670009
v -0.24813654 0.10352620 -0.38397411
v -0.24745047 0.10387795 -0.38816926
v -0.24813654 0.10352620 -0.38397411
v -0.24811541 0.10543399 -0.38712475
v -0.24813116 0.09928966 -0.38124269
v -0.24850625 0.10160027 -0.38044685
v -0.24721631 0.10153405 -0.38670009
v -0.24813116 0.09928966 -0.38124269
v -0.24721631 0.10153405 -0.38670009
v -0.24711388 0.09861856 -0.38651019
v -0.24756537 0.09687404 -0.38484955
v -0.24806812 0.09521797 -0.38397411
v -0.24911530 0.09528819 -0.37925106
v -0.24756537 0.09687404 -0.38484955
v -0.24911530 0.09528819 -0.37925106
v -0.24892950 0.09678937 -0.37877852
v -0.24756537 0.09687404 -0.38484955
v -0.24892950 0.09678937 -0.37877852
v -0.24813116 0.09928966 -0.38124269
v -0.24756537 0.09687404 -0.38484955
v -0.24813116 0.09928966 -0.38124269
v -0.24711388 0.09861856 -0.38651019
v -0.24756537 0.09687404 -0.38484955
v -0.24712455 0.09522426 -0.38924557
v -0.24806812 0.09521797 -0.38397411
v -0.24756537 0.09687404 -0.38484955
v -0.24711388 0.09861856 -0.38651019
v -0.24655458 0.09799314 -0.39035410
v -0.24756537 0.09687404 -0.38484955
v -0.24655458 0.09799314 -0.39035410
v -0.24712455 0.09522426 -0.38924557
v -0.24768066 0.09349330 -0.38878301
v -0.24903394 0.09366892 -0.38154292
v -0.24806812 0.09521797 -0.38397411
v -0.24768066 0.09349330 -0.38878301
v -0.24806812 0.09521797 -0.38397411
v -0.24712455 0.09522426 -0.38924557
v -0.24768066 0.09349330 -0.38878301
v -0.24841070 0.09087002 -0.39127183
v -0.24915023 0.09114898 -0.38599169
v -0.24768066 0.09349330 -0.38878301
v -0.24915023 0.09114898 -0.38599169
v -0.24903394 0.09366892 -0.38154292
v -0.24903394 0.09366892 -0.38154292
v -0.24915023 0.09114898 -0.38599169
v -0.25003964 0.09226260 -0.37986082
v -0.24903394 0.09366892 -0.38154292
v -0.24911530 0.09528819 -0.37925106
v -0.24806812 0.09521797 -0.38397411
v -0.25086841 0.09033347 -0.38074127
v -0.24915023 0.09114898 -0.38599169
v -0.25082114 0.08916271 -0.38414174
v -0.25086841 0.09033347 -0.38074127
v -0.25003964 0.09226260 -0.37986082
v -0.24915023 0.09114898 -0.38599169
v -0.24915023 0.09114898 -0.38599169
v -0.24999587 0.08880876 -0.38924575
v -0.25082114 0.08916271 -0.38414174
v -0.25193435 0.08692032 -0.38721231
v -0.25082114 0.08916271 -0.38414174
v -0.24999587 0.08880876 -0.38924575
v -0.25285390 0.08740801 -0.38205633
v -0.25082114 0.08916271 -0.38414174
v -0.25193435 0.08692032 -0.38721231
v -0.25285390 0.08740801 -0.38205633
v -0.25086841 0.09033347 -0.38074127
v -0.25082114 0.08916271 -0.38414174
v -0.25417116 0.08536539 -0.38546857
v -0.25605962 0.08381983 -0.38687491
v -0.25592285 0.08551509 -0.38011304
v -0.25417116 0.08536539 -0.38546857
v -0.25592285 0.08551509 -0.38011304
v -0.25285390 0.08740801 -0.38205633
v -0.25417116 0.08536539 -0.38546857
v -0.25285390 0.08740801 -0.38205633
v -0.25193435 0.08692032 -0.38721231
v -0.25605962 0.08381983 -0.38687491
v -0.25564381 0.08346768 -0.39042342
v -0.25900182 0.08191743 -0.39069778
v -0.25605962 0.08381983 -0.38687491
v -0.25900182 0.08191743 -0.39069778
v -0.25867221 0.08299894 -0.38499925
v -0.25605962 0.08381983 -0.38687491
v -0.25867221 0.08299894 -0.38499925
v -0.25749585 0.08412551 -0.38211855
v -0.25749585 0.08412551 -0.38211855
v -0.25592285 0.08551509 -0.38011304
v -0.25605962 0.08381983 -0.38687491
v -0.25749585 0.08412551 -0.38211855
v -0.25867221 0.08299894 -0.38499925
v -0.25882021 0.08458767 -0.37804657
v -0.26061779 0.08312829 -0.38154122
v -0.26287773 0.08200859 -0.38494986
v -0.26327667 0.08330162 -0.37888953
v -0.26061779 0.08312829 -0.38154122
v -0.25882021 0.08458767 -0.37804657
v -0.25867221 0.08299894 -0.38499925
v -0.26014087 0.08214583 -0.38716254
v -0.26287773 0.08200859 -0.38494986
v -0.26061779 0.08312829 -0.38154122
v -0.26014087 0.08214583 -0.38716254
v -0.26061779 0.08312829 -0.38154122
v -0.25867221 0.08299894 -0.38499925
v -0.26014087 0.08214583 -0.38716254
v -0.25867221 0.08299894 -0.38499925
v -0.25900182 0.08191743 -0.39069778
v -0.26014087 0.08214583 -0.38716254
v -0.26243770 0.08127166 -0.38985184
v -0.26287773 0.08200859 -0.38494986
v -0.26287773 0.08200859 -0.38494986
v -0.26243770 0.08127166 -0.38985184
v -0.26518995 0.08115497 -0.38981342
v -0.26287773 0.08200859 -0.38494986
v -0.26518995 0.08115497 -0.38981342
v -0.26541403 0.08227497 -0.38321981
v -0.26287773 0.08200859 -0.38494986
v -0.26541403 0.08227497 -0.38321981
v -0.26327667 0.08330162 -0.37888953
v -0.26705703 0.08199223 -0.38546729
v -0.26956698 0.08238039 -0.38622257
v -0.26955742 0.08321526 -0.38204765
v -0.26705703 0.08199223 -0.38546729
v -0.26955742 0.08321526 -0.38204765
v -0.26650828 0.08369088 -0.37755102
v -0.26705703 0.08199223 -0.38546729
v -0.26650828 0.08369088 -0.37755102
v -0.26541403 0.08227497 -0.38321981
v -0.26705703 0.08199223 -0.38546729
v -0.26541403 0.08227497 -0.38321981
v -0.26518995 0.08115497 -0.38981342
v -0.26705703 0.08199223 -0.38546729
v -0.26944491 0.08179785 -0.38955283
v -0.26956698 0.08238039 -0.38622257
v -0.26956698 0.08238039 -0.38622257
v -0.27201971 0.08313157 -0.38713092
v -0.26955742 0.08321526 -0.38204765
v -0.26955742 0.08321526 -0.38204765
v -0.27201971 0.08313157 -0.38713092
v -0.27250391 0.08427292 -0.38283095
v -0.27250391 0.08427292 -0.38283095
v -0.27475747 0.08536878 -0.38414225
v -0.27428904 0.08636101 -0.37923977
v -0.27440941 0.08408802 -0.38898796
v -0.27475747 0.08536878 -0.38414225
v -0.27250391 0.08427292 -0.38283095
v -0.27440941 0.08408802 -0.38898796
v -0.27250391 0.08427292 -0.38283095
v -0.27201971 0.08313157 -0.38713092
v -0.27626327 0.08628033 -0.38521737
v -0.27475747 0.08536878 -0.38414225
v -0.27440941 0.08408802 -0.38898796
v -0.27626327 0.08628033 -0.38521737
v -0.27788410 0.08674380 -0.39041850
v -0.27769440 0.08812110 -0.38385969
v -0.27626327 0.08628033 -0.38521737
v -0.27769440 0.08812110 -0.38385969
v -0.27661961 0.08847924 -0.37925115
v -0.27626327 0.08628033 -0.38521737
v -0.27661961 0.08847924 -0.37925115
v -0.27547118 0.08749259 -0.37876955
v -0.27626327 0.08628033 -0.38521737
v -0.27547118 0.08749259 -0.37876955
v -0.27428904 0.08636101 -0.37923977
v -0.27626327 0.08628033 -0.38521737
v -0.27428904 0.08636101 -0.37923977
v -0.27475747 0.08536878 -0.38414225
v -0.27769440 0.08812110 -0.38385969
v -0.27918512 0.08935081 -0.38614377
v -0.27830526 0.09053783 -0.37958974
v -0.27769440 0.08812110 -0.38385969
v -0.27830526 0.09053783 -0.37958974
v -0.27661961 0.08847924 -0.37925115
v -0.27918512 0.08935081 -0.38614377
v -0.27769440 0.08812110 -0.38385969
v -0.27788410 0.08674380 -0.39041850
v -0.28068438 0.09131724 -0.38816595
v -0.27979487 0.09204369 -0.38211906
v -0.27918512 0.08935081 -0.38614377
v -0.28068438 0.09131724 -0.38816595
v -0.28158128 0.09278111 -0.38980925
v -0.28095266 0.09319161 -0.38531229
v -0.28068438 0.09131724 -0.38816595
v -0.28095266 0.09319161 -0.38531229
v -0.27979487 0.09204369 -0.38211906
v -0.27979487 0.09204369 -0.38211906
v -0.27830526 0.09053783 -0.37958974
v -0.27918512 0.08935081 -0.38614377
v -0.27979487 0.09204369 -0.38211906
v -0.28095266 0.09319161 -0.38531229
v -0.27995265 0.09381235 -0.37983179
v -0.28079268 0.09516532 -0.38154471
v -0.28185546 0.09745129 -0.38460469
v -0.28074074 0.09780834 -0.37942818
v -0.28079268 0.09516532 -0.38154471
v -0.27995265 0.09381235 -0.37983179
v -0.28095266 0.09319161 -0.38531229
v -0.28177446 0.09468850 -0.38716325
v -0.28238443 0.09681729 -0.38819885
v -0.28185546 0.09745129 -0.38460469
v -0.28177446 0.09468850 -0.38716325
v -0.28185546 0.09745129 -0.38460469
v -0.28079268 0.09516532 -0.38154471
v -0.28177446 0.09468850 -0.38716325
v -0.28079268 0.09516532 -0.38154471
v -0.28095266 0.09319161 -0.38531229
v -0.28177446 0.09468850 -0.38716325
v -0.28095266 0.09319161 -0.38531229
v -0.28158128 0.09278111 -0.38980925
v -0.28185546 0.09745129 -0.38460469
v -0.28238443 0.09681729 -0.38819885
v -0.28241009 0.09979521 -0.38746673
v -0.28185546 0.09745129 -0.38460469
v -0.28241009 0.09979521 -0.38746673
v -0.28150699 0.09996136 -0.38259688
v -0.28266948 0.10148299 -0.39025536
v -0.28272074 0.10322282 -0.39310521
v -0.28191859 0.10325873 -0.38729739
v -0.28266948 0.10148299 -0.39025536
v -0.28241009 0.09979521 -0.38746673
v -0.28308746 0.09888994 -0.39228711
v -0.28313690 0.10138764 -0.39492175
v -0.28272074 0.10322282 -0.39310521
v -0.28266948 0.10148299 -0.39025536
v -0.28313690 0.10138764 -0.39492175
v -0.28266948 0.10148299 -0.39025536
v -0.28308746 0.09888994 -0.39228711
v -0.28236449 0.10495089 -0.39463651
v -0.28174505 0.10496037 -0.38928676
v -0.28272074 0.10322282 -0.39310521
v -0.28236449 0.10495089 -0.39463651
v -0.28163633 0.10667627 -0.39365184
v -0.28174505 0.10496037 -0.38928676
v -0.28174505 0.10496037 -0.38928676
v -0.28163633 0.10667627 -0.39365184
v -0.28105938 0.10658920 -0.38894516
v -0.28174505 0.10496037 -0.38928676
v -0.28191859 0.10325873 -0.38729739
v -0.28272074 0.10322282 -0.39310521
v -0.28015780 0.10899983 -0.39137873
v -0.27937731 0.10871012 -0.38581833
v -0.28105938 0.10658920 -0.38894516
v -0.28015780 0.10899983 -0.39137873
v -0.28105938 0.10658920 -0.38894516
v -0.28163633 0.10667627 -0.39365184
v -0.28015780 0.10899983 -0.39137873
v -0.28163633 0.10667627 -0.39365184
v -0.28110757 0.10827757 -0.39781618
v -0.28015780 0.10899983 -0.39137873
v -0.28110757 0.10827757 -0.39781618
v -0.28006676 0.10985574 -0.39626962
v -0.27886975 0.11130845 -0.39523509
v -0.27819973 0.11104535 -0.38877851
v -0.28015780 0.10899983 -0.39137873
v -0.27886975 0.11130845 -0.39523509
v -0.28015780 0.10899983 -0.39137873
v -0.28006676 0.10985574 -0.39626962
v -0.27886975 0.11130845 -0.39523509
v -0.27753893 0.11256957 -0.39397398
v -0.27706161 0.11232603 -0.38924485
v -0.27886975 0.11130845 -0.39523509
v -0.27706161 0.11232603 -0.38924485
v -0.27819973 0.11104535 -0.38877851
v -0.27819973 0.11104535 -0.38877851
v -0.27937731 0.10871012 -0.38581833
v -0.28015780 0.10899983 -0.39137873
v -0.27593681 0.11364878 -0.39144427
v -0.27426878 0.11448763 -0.38924757
v -0.27542400 0.11328086 -0.38715407
v -0.27593681 0.11364878 -0.39144427
v -0.27542400 0.11328086 -0.38715407
v -0.27706161 0.11232603 -0.38924485
v -0.27593681 0.11364878 -0.39144427
v -0.27472407 0.11486192 -0.39463830
v -0.27426878 0.11448763 -0.38924757
v -0.27593681 0.11364878 -0.39144427
v -0.27706161 0.11232603 -0.38924485
v -0.27753893 0.11256957 -0.39397398
v -0.27593681 0.11364878 -0.39144427
v -0.27753893 0.11256957 -0.39397398
v -0.27630863 0.11384185 -0.39620841
v -0.27593681 0.11364878 -0.39144427
v -0.27630863 0.11384185 -0.39620841
v -0.27472407 0.11486192 -0.39463830
v -0.27204576 0.11602810 -0.39158568
v -0.27426878 0.11448763 -0.38924757
v -0.27472407 0.11486192 -0.39463830
v -0.27204576 0.11602810 -0.39158568
v -0.27224380 0.11480039 -0.38488823
v -0.27426878 0.11448763 -0.38924757
v -0.26986858 0.11618666 -0.38725939
v -0.26966584 0.11699471 -0.39305255
v -0.26779312 0.11716066 -0.39074832
v -0.26986858 0.11618666 -0.38725939
v -0.26779312 0.11716066 -0.39074832
v -0.26751131 0.11658700 -0.38651070
v -0.26986858 0.11618666 -0.38725939
v -0.27204576 0.11602810 -0.39158568
v -0.26966584 0.11699471 -0.39305255
v -0.26966584 0.11699471 -0.39305255
v -0.26805145 0.11762003 -0.39626384
v -0.26779312 0.11716066 -0.39074832
v -0.26966584 0.11699471 -0.39305255
v -0.27204576 0.11602810 -0.39158568
v -0.27237239 0.11627553 -0.39618456
v -0.26522416 0.11754005 -0.39150432
v -0.26779312 0.11716066 -0.39074832
v -0.26805145 0.11762003 -0.39626384
v -0.26522416 0.11754005 -0.39150432
v -0.26805145 0.11762003 -0.39626384
v -0.26537684 0.11795832 -0.39710617
v -0.26522416 0.11754005 -0.39150432
v -0.26481006 0.11680949 -0.38638651
v -0.26751131 0.11658700 -0.38651070
v -0.26522416 0.11754005 -0.39150432
v -0.26751131 0.11658700 -0.38651070
v -0.26779312 0.11716066 -0.39074832
v -0.26241595 0.11716974 -0.38980395
v -0.26481006 0.11680949 -0.38638651
v -0.26522416 0.11754005 -0.39150432
v -0.26252696 0.11773552 -0.39523768
v -0.26076400 0.11746953 -0.39568171
v -0.26070523 0.11682835 -0.38933542
v -0.26252696 0.11773552 -0.39523768
v -0.26070523 0.11682835 -0.38933542
v -0.26241595 0.11716974 -0.38980395
v -0.26252696 0.11773552 -0.39523768
v -0.26241595 0.11716974 -0.38980395
v -0.26522416 0.11754005 -0.39150432
v -0.26252696 0.11773552 -0.39523768
v -0.26522416 0.11754005 -0.39150432
v -0.26537684 0.11795832 -0.39710617
v -0.25896251 0.11693168 -0.39469853
v -0.26070523 0.11682835 -0.38933542
v -0.26076400 0.11746953 -0.39568171
v -0.25898495 0.11628740 -0.38912317
v -0.26070523 0.11682835 -0.38933542
v -0.25896251 0.11693168 -0.39469853
v -0.25898495 0.11628740 -0.38912317
v -0.25896251 0.11693168 -0.39469853
v -0.25637913 0.11560971 -0.39181447
v -0.25898495 0.11628740 -0.38912317
v -0.25637913 0.11560971 -0.39181447
v -0.25743252 0.11526035 -0.38644397
v -0.25637913 0.11560971 -0.39181447
v -0.25411561 0.11444014 -0.39397368
v -0.25426093 0.11392433 -0.38924557
v -0.25255013 0.11334817 -0.39474082
v -0.25426093 0.11392433 -0.38924557
v -0.25411561 0.11444014 -0.39397368
v -0.25255013 0.11334817 -0.39474082
v -0.25064990 0.11138603 -0.39418942
v -0.25159466 0.11160964 -0.38924387
v -0.25293517 0.11267079 -0.38816863
v -0.25426093 0.11392433 -0.38924557
v -0.25255013 0.11334817 -0.39474082
v -0.25293517 0.11267079 -0.38816863
v -0.25255013 0.11334817 -0.39474082
v -0.25159466 0.11160964 -0.38924387
v -0.25064990 0.11138603 -0.39418942
v -0.24864967 0.10854375 -0.39403182
v -0.24989006 0.10950837 -0.38909784
v -0.25064990 0.11138603 -0.39418942
v -0.24989006 0.10950837 -0.38909784
v -0.25159466 0.11160964 -0.38924387
v -0.24864967 0.10854375 -0.39403182
v -0.24860188 0.10719936 -0.38878459
v -0.24989006 0.10950837 -0.38909784
v -0.24864967 0.10854375 -0.39403182
v -0.24732651 0.10611586 -0.39620999
v -0.24757664 0.10586803 -0.39219904
v -0.24864967 0.10854375 -0.39403182
v -0.24757664 0.10586803 -0.39219904
v -0.24860188 0.10719936 -0.38878459
v -0.24860188 0.10719936 -0.38878459
v -0.24757664 0.10586803 -0.39219904
v -0.24811541 0.10543399 -0.38712475
v -0.24745047 0.10387795 -0.38816926
v -0.24683562 0.10350017 -0.39198631
v -0.24721631 0.10153405 -0.38670009
v -0.24745047 0.10387795 -0.38816926
v -0.24811541 0.10543399 -0.38712475
v -0.24757664 0.10586803 -0.39219904
v -0.24745047 0.10387795 -0.38816926
v -0.24757664 0.10586803 -0.39219904
v -0.24683562 0.10350017 -0.39198631
v -0.24683562 0.10350017 -0.39198631
v -0.24757664 0.10586803 -0.39219904
v -0.24732651 0.10611586 -0.39620999
v -0.24683562 0.10350017 -0.39198631
v -0.24732651 0.10611586 -0.39620999
v -0.24643052 0.10335027 -0.39667773
v -0.24603915 0.09985305 -0.39533216
v -0.24657433 0.10051727 -0.39044455
v -0.24683562 0.10350017 -0.39198631
v -0.24603915 0.09985305 -0.39533216
v -0.24683562 0.10350017 -0.39198631
v -0.24643052 0.10335027 -0.39667773
v -0.24603915 0.09985305 -0.39533216
v -0.24655458 0.09799314 -0.39035410
v -0.24657433 0.10051727 -0.39044455
v -0.24657433 0.10051727 -0.39044455
v -0.24655458 0.09799314 -0.39035410
v -0.24711388 0.09861856 -0.38651019
v -0.24657433 0.10051727 -0.39044455
v -0.24711388 0.09861856 -0.38651019
v -0.24721631 0.10153405 -0.38670009
v -0.24657433 0.10051727 -0.39044455
v -0.24721631 0.10153405 -0.38670009
v -0.24683562 0.10350017 -0.39198631
v -0.24631691 0.09705934 -0.39379975
v -0.24641146 0.09530713 -0.39627200
v -0.24712455 0.09522426 -0.38924557
v -0.24631691 0.09705934 -0.39379975
v -0.24712455 0.09522426 -0.38924557
v -0.24655458 0.09799314 -0.39035410
v -0.24631691 0.09705934 -0.39379975
v -0.24655458 0.09799314 -0.39035410
v -0.24603915 0.09985305 -0.39533216
v -0.24709414 0.09351724 -0.39379975
v -0.24768066 0.09349330 -0.38878301
v -0.24712455 0.09522426 -0.38924557
v -0.24709414 0.09351724 -0.39379975
v -0.24712455 0.09522426 -0.38924557
v -0.24641146 0.09530713 -0.39627200
v -0.24709414 0.09351724 -0.39379975
v -0.24782847 0.09104216 -0.39723226
v -0.24841070 0.09087002 -0.39127183
v -0.24709414 0.09351724 -0.39379975
v -0.24841070 0.09087002 -0.39127183
v -0.24768066 0.09349330 -0.38878301
v -0.24841070 0.09087002 -0.39127183
v -0.24999587 0.08880876 -0.38924575
v -0.24915023 0.09114898 -0.38599169
v -0.24841070 0.09087002 -0.39127183
v -0.24934013 0.08863163 -0.39567861
v -0.24999587 0.08880876 -0.38924575
v -0.25098878 0.08675396 -0.39376923
v -0.24999587 0.08880876 -0.38924575
v -0.24934013 0.08863163 -0.39567861
v -0.25193435 0.08692032 -0.38721231
v -0.24999587 0.08880876 -0.38924575
v -0.25098878 0.08675396 -0.39376923
v -0.25355622 0.08488757 -0.39044914
v -0.25564381 0.08346768 -0.39042342
v -0.25605962 0.08381983 -0.38687491
v -0.25355622 0.08488757 -0.39044914
v -0.25605962 0.08381983 -0.38687491
v -0.25417116 0.08536539 -0.38546857
v -0.25355622 0.08488757 -0.39044914
v -0.25417116 0.08536539 -0.38546857
v -0.25193435 0.08692032 -0.38721231
v -0.25355622 0.08488757 -0.39044914
v -0.25193435 0.08692032 -0.38721231
v -0.25098878 0.08675396 -0.39376923
v -0.25371480 0.08421049 -0.39473057
v -0.25564381 0.08346768 -0.39042342
v -0.25355622 0.08488757 -0.39044914
v -0.25371480 0.08421049 -0.39473057
v -0.25355622 0.08488757 -0.39044914
v -0.25098878 0.08675396 -0.39376923
v -0.25622797 0.08269025 -0.39464837
v -0.25564381 0.08346768 -0.39042342
v -0.25371480 0.08421049 -0.39473057
v -0.25622797 0.08269025 -0.39464837
v -0.25903532 0.08151042 -0.39483926
v -0.25900182 0.08191743 -0.39069778
v -0.25622797 0.08269025 -0.39464837
v -0.25900182 0.08191743 -0.39069778
v -0.25564381 0.08346768 -0.39042342
v -0.25900182 0.08191743 -0.39069778
v -0.26243770 0.08127166 -0.38985184
v -0.26014087 0.08214583 -0.38716254
v -0.25900182 0.08191743 -0.39069778
v -0.26139301 0.08095440 -0.39463690
v -0.26243770 0.08127166 -0.38985184
v -0.25900182 0.08191743 -0.39069778
v -0.25903532 0.08151042 -0.39483926
v -0.26139301 0.08095440 -0.39463690
v -0.26320207 0.08071316 -0.39464250
v -0.26243770 0.08127166 -0.38985184
v -0.26139301 0.08095440 -0.39463690
v -0.26320207 0.08071316 -0.39464250
v -0.26502776 0.08071636 -0.39397147
v -0.26518995 0.08115497 -0.38981342
v -0.26320207 0.08071316 -0.39464250
v -0.26518995 0.08115497 -0.38981342
v -0.26243770 0.08127166 -0.38985184
v -0.26692310 0.08108636 -0.39143929
v -0.26944491 0.08179785 -0.38955283
v -0.26705703 0.08199223 -0.38546729
v -0.26692310 0.08108636 -0.39143929
v -0.26705703 0.08199223 -0.38546729
v -0.26518995 0.08115497 -0.38981342
v -0.26692310 0.08108636 -0.39143929
v -0.26861295 0.08095929 -0.39627212
v -0.26944491 0.08179785 -0.38955283
v -0.26692310 0.08108636 -0.39143929
v -0.26518995 0.08115497 -0.38981342
v -0.26502776 0.08071636 -0.39397147
v -0.26692310 0.08108636 -0.39143929
v -0.26502776 0.08071636 -0.39397147
v -0.26675743 0.08060186 -0.39781469
v -0.26692310 0.08108636 -0.39143929
v -0.26675743 0.08060186 -0.39781469
v -0.26861295 0.08095929 -0.39627212
v -0.27040315 0.08155569 -0.39463702
v -0.26944491 0.08179785 -0.38955283
v -0.26861295 0.08095929 -0.39627212
v -0.27040315 0.08155569 -0.39463702
v -0.27210867 0.08234090 -0.39305267
v -0.26944491 0.08179785 -0.38955283
v -0.26944491 0.08179785 -0.38955283
v -0.27210867 0.08234090 -0.39305267
v -0.27201971 0.08313157 -0.38713092
v -0.26944491 0.08179785 -0.38955283
v -0.27201971 0.08313157 -0.38713092
v -0.26956698 0.08238039 -0.38622257
v -0.27440941 0.08408802 -0.38898796
v -0.27201971 0.08313157 -0.38713092
v -0.27210867 0.08234090 -0.39305267
v -0.27440941 0.08408802 -0.38898796
v -0.27210867 0.08234090 -0.39305267
v -0.27464539 0.08368061 -0.39312518
v -0.27464539 0.08368061 -0.39312518
v -0.27210867 0.08234090 -0.39305267
v -0.27454534 0.08325455 -0.39809582
v -0.27662906 0.08538763 -0.39144266
v -0.27440941 0.08408802 -0.38898796
v -0.27464539 0.08368061 -0.39312518
v -0.27662906 0.08538763 -0.39144266
v -0.27464539 0.08368061 -0.39312518
v -0.27674595 0.08491421 -0.39723104
v -0.27662906 0.08538763 -0.39144266
v -0.27674595 0.08491421 -0.39723104
v -0.27807885 0.08631046 -0.39525145
v -0.27662906 0.08538763 -0.39144266
v -0.27807885 0.08631046 -0.39525145
v -0.27788410 0.08674380 -0.39041850
v -0.27662906 0.08538763 -0.39144266
v -0.27788410 0.08674380 -0.39041850
v -0.27626327 0.08628033 -0.38521737
v -0.27662906 0.08538763 -0.39144266
v -0.27626327 0.08628033 -0.38521737
v -0.27440941 0.08408802 -0.38898796
v -0.27970541 0.08864669 -0.39198452
v -0.27918512 0.08935081 -0.38614377
v -0.27788410 0.08674380 -0.39041850
v -0.27970541 0.08864669 -0.39198452
v -0.27788410 0.08674380 -0.39041850
v -0.27807885 0.08631046 -0.39525145
v -0.28120244 0.09079473 -0.39410225
v -0.28240827 0.09359363 -0.39478540
v -0.28158128 0.09278111 -0.38980925
v -0.28068438 0.09131724 -0.38816595
v -0.27970541 0.08864669 -0.39198452
v -0.28120244 0.09079473 -0.39410225
v -0.28068438 0.09131724 -0.38816595
v -0.28120244 0.09079473 -0.39410225
v -0.28158128 0.09278111 -0.38980925
v -0.28068438 0.09131724 -0.38816595
v -0.27918512 0.08935081 -0.38614377
v -0.27970541 0.08864669 -0.39198452
v -0.28268781 0.09516313 -0.39281920
v -0.28238443 0.09681729 -0.38819885
v -0.28177446 0.09468850 -0.38716325
v -0.28268781 0.09516313 -0.39281920
v -0.28177446 0.09468850 -0.38716325
v -0.28158128 0.09278111 -0.38980925
v -0.28268781 0.09516313 -0.39281920
v -0.28158128 0.09278111 -0.38980925
v -0.28240827 0.09359363 -0.39478540
v -0.28308746 0.09888994 -0.39228711
v -0.28238443 0.09681729 -0.38819885
v -0.28268781 0.09516313 -0.39281920
v -0.28308746 0.09888994 -0.39228711
v -0.28241009 0.09979521 -0.38746673
v -0.28238443 0.09681729 -0.38819885
v -0.28313690 0.10138764 -0.39492175
v -0.28321332 0.10228404 -0.40024608
v -0.28272074 0.10322282 -0.39310521
v -0.28313690 0.10138764 -0.39492175
v -0.28308746 0.09888994 -0.39228711
v -0.28344917 0.09941822 -0.39933252
v -0.28313690 0.10138764 -0.39492175
v -0.28344917 0.09941822 -0.39933252
v -0.28321332 0.10228404 -0.40024608
v -0.28236449 0.10495089 -0.39463651
v -0.28272074 0.10322282 -0.39310521
v -0.28321332 0.10228404 -0.40024608
v -0.28236449 0.10495089 -0.39463651
v -0.28321332 0.10228404 -0.40024608
v -0.28257853 0.10480499 -0.40081146
v -0.28236449 0.10495089 -0.39463651
v -0.28257853 0.10480499 -0.40081146
v -0.28193983 0.10657564 -0.39983958
v -0.28236449 0.10495089 -0.39463651
v -0.28193983 0.10657564 -0.39983958
v -0.28163633 0.10667627 -0.39365184
v -0.28110757 0.10827757 -0.39781618
v -0.28163633 0.10667627 -0.39365184
v -0.28193983 0.10657564 -0.39983958
v -0.28110757 0.10827757 -0.39781618
v -0.28015053 0.10967542 -0.40220302
v -0.28006676 0.10985574 -0.39626962
v -0.27906623 0.11120772 -0.40130582
v -0.27886975 0.11130845 -0.39523509
v -0.28006676 0.10985574 -0.39626962
v -0.27906623 0.11120772 -0.40130582
v -0.28006676 0.10985574 -0.39626962
v -0.28015053 0.10967542 -0.40220302
v -0.27906623 0.11120772 -0.40130582
v -0.27781320 0.11262642 -0.39876273
v -0.27886975 0.11130845 -0.39523509
v -0.27886975 0.11130845 -0.39523509
v -0.27781320 0.11262642 -0.39876273
v -0.27753893 0.11256957 -0.39397398
v -0.27630863 0.11384185 -0.39620841
v -0.27495188 0.11492275 -0.39983737
v -0.27472407 0.11486192 -0.39463830
v -0.27630863 0.11384185 -0.39620841
v -0.27753893 0.11256957 -0.39397398
v -0.27781320 0.11262642 -0.39876273
v -0.27645472 0.11378242 -0.40130773
v -0.27495188 0.11492275 -0.39983737
v -0.27630863 0.11384185 -0.39620841
v -0.27645472 0.11378242 -0.40130773
v -0.27630863 0.11384185 -0.39620841
v -0.27781320 0.11262642 -0.39876273
v -0.27271158 0.11619803 -0.40041640
v -0.27237239 0.11627553 -0.39618456
v -0.27495188 0.11492275 -0.39983737
v -0.27237239 0.11627553 -0.39618456
v -0.27472407 0.11486192 -0.39463830
v -0.27495188 0.11492275 -0.39983737
v -0.27237239 0.11627553 -0.39618456
v -0.27204576 0.11602810 -0.39158568
v -0.27472407 0.11486192 -0.39463830
v -0.26990777 0.11723955 -0.39833570
v -0.26805145 0.11762003 -0.39626384
v -0.26966584 0.11699471 -0.39305255
v -0.26990777 0.11723955 -0.39833570
v -0.26966584 0.11699471 -0.39305255
v -0.27237239 0.11627553 -0.39618456
v -0.26990777 0.11723955 -0.39833570
v -0.27237239 0.11627553 -0.39618456
v -0.27271158 0.11619803 -0.40041640
v -0.26990777 0.11723955 -0.39833570
v -0.26744670 0.11773521 -0.40140766
v -0.26805145 0.11762003 -0.39626384
v -0.26537684 0.11795832 -0.39710617
v -0.26805145 0.11762003 -0.39626384
v -0.26744670 0.11773521 -0.40140766
v -0.26537684 0.11795832 -0.39710617
v -0.26744670 0.11773521 -0.40140766
v -0.26459932 0.11786956 -0.40274507
v -0.26271656 0.11785240 -0.40075541
v -0.26095429 0.11753246 -0.40226597
v -0.26076400 0.11746953 -0.39568171
v -0.26271656 0.11785240 -0.40075541
v -0.26076400 0.11746953 -0.39568171
v -0.26252696 0.11773552 -0.39523768
v -0.26271656 0.11785240 -0.40075541
v -0.26252696 0.11773552 -0.39523768
v -0.26537684 0.11795832 -0.39710617
v -0.26271656 0.11785240 -0.40075541
v -0.26537684 0.11795832 -0.39710617
v -0.26459932 0.11786956 -0.40274507
v -0.25907978 0.11710471 -0.39985472
v -0.25896251 0.11693168 -0.39469853
v -0.26076400 0.11746953 -0.39568171
v -0.25907978 0.11710471 -0.39985472
v -0.26076400 0.11746953 -0.39568171
v -0.26095429 0.11753246 -0.40226597
v -0.25907978 0.11710471 -0.39985472
v -0.25654900 0.11606719 -0.40188608
v -0.25648534 0.11609003 -0.39760703
v -0.25907978 0.11710471 -0.39985472
v -0.25648534 0.11609003 -0.39760703
v -0.25896251 0.11693168 -0.39469853
v -0.25896251 0.11693168 -0.39469853
v -0.25648534 0.11609003 -0.39760703
v -0.25637913 0.11560971 -0.39181447
v -0.25648534 0.11609003 -0.39760703
v -0.25411323 0.11472010 -0.39875865
v -0.25411561 0.11444014 -0.39397368
v -0.25648534 0.11609003 -0.39760703
v -0.25411561 0.11444014 -0.39397368
v -0.25637913 0.11560971 -0.39181447
v -0.25648534 0.11609003 -0.39760703
v -0.25654900 0.11606719 -0.40188608
v -0.25411323 0.11472010 -0.39875865
v -0.25271249 0.11361396 -0.40130582
v -0.25255013 0.11334817 -0.39474082
v -0.25411323 0.11472010 -0.39875865
v -0.25271249 0.11361396 -0.40130582
v -0.25076970 0.11162201 -0.40307519
v -0.25130275 0.11232532 -0.39846283
v -0.25271249 0.11361396 -0.40130582
v -0.25130275 0.11232532 -0.39846283
v -0.25255013 0.11334817 -0.39474082
v -0.25255013 0.11334817 -0.39474082
v -0.25130275 0.11232532 -0.39846283
v -0.25064990 0.11138603 -0.39418942
v -0.25255013 0.11334817 -0.39474082
v -0.25411561 0.11444014 -0.39397368
v -0.25411323 0.11472010 -0.39875865
v -0.24960379 0.11036886 -0.39784282
v -0.24864967 0.10854375 -0.39403182
v -0.25064990 0.11138603 -0.39418942
v -0.24960379 0.11036886 -0.39784282
v -0.25064990 0.11138603 -0.39418942
v -0.25130275 0.11232532 -0.39846283
v -0.24960379 0.11036886 -0.39784282
v -0.25130275 0.11232532 -0.39846283
v -0.25076970 0.11162201 -0.40307519
v -0.24960379 0.11036886 -0.39784282
v -0.25076970 0.11162201 -0.40307519
v -0.24912199 0.10952602 -0.40220004
v -0.24806045 0.10785510 -0.39775106
v -0.24960379 0.11036886 -0.39784282
v -0.24912199 0.10952602 -0.40220004
v -0.24806045 0.10785510 -0.39775106
v -0.24912199 0.10952602 -0.40220004
v -0.24763159 0.10697107 -0.40084526
v -0.24806045 0.10785510 -0.39775106
v -0.24763159 0.10697107 -0.40084526
v -0.24732651 0.10611586 -0.39620999
v -0.24806045 0.10785510 -0.39775106
v -0.24732651 0.10611586 -0.39620999
v -0.24864967 0.10854375 -0.39403182
v -0.24806045 0.10785510 -0.39775106
v -0.24864967 0.10854375 -0.39403182
v -0.24960379 0.11036886 -0.39784282
v -0.24673091 0.10453890 -0.40075082
v -0.24643052 0.10335027 -0.39667773
v -0.24732651 0.10611586 -0.39620999
v -0.24673091 0.10453890 -0.40075082
v -0.24732651 0.10611586 -0.39620999
v -0.24763159 0.10697107 -0.40084526
v -0.24673091 0.10453890 -0.40075082
v -0.24639322 0.10278369 -0.40274248
v -0.24643052 0.10335027 -0.39667773
v -0.24594732 0.09996934 -0.40026012
v -0.24603915 0.09985305 -0.39533216
v -0.24643052 0.10335027 -0.39667773
v -0.24594732 0.09996934 -0.40026012
v -0.24643052 0.10335027 -0.39667773
v -0.24639322 0.10278369 -0.40274248
v -0.24594732 0.09996934 -0.40026012
v -0.24639322 0.10278369 -0.40274248
v -0.24610607 0.10026813 -0.40321660
v -0.24605332 0.09716685 -0.39833260
v -0.24641146 0.09530713 -0.39627200
v -0.24631691 0.09705934 -0.39379975
v -0.24605332 0.09716685 -0.39833260
v -0.24631691 0.09705934 -0.39379975
v -0.24603915 0.09985305 -0.39533216
v -0.24605332 0.09716685 -0.39833260
v -0.24603915 0.09985305 -0.39533216
v -0.24594732 0.09996934 -0.40026012
v -0.24605332 0.09716685 -0.39833260
v -0.24655618 0.09462008 -0.40142781
v -0.24641146 0.09530713 -0.39627200
v -0.24683362 0.09357418 -0.39775804
v -0.24641146 0.09530713 -0.39627200
v -0.24655618 0.09462008 -0.40142781
v -0.24683362 0.09357418 -0.39775804
v -0.24655618 0.09462008 -0.40142781
v -0.24782817 0.09115307 -0.40189624
v -0.24683362 0.09357418 -0.39775804
v -0.24782817 0.09115307 -0.40189624
v -0.24782847 0.09104216 -0.39723226
v -0.24683362 0.09357418 -0.39775804
v -0.24782847 0.09104216 -0.39723226
v -0.24709414 0.09351724 -0.39379975
v -0.24683362 0.09357418 -0.39775804
v -0.24709414 0.09351724 -0.39379975
v -0.24641146 0.09530713 -0.39627200
v -0.24782847 0.09104216 -0.39723226
v -0.24934013 0.08863163 -0.39567861
v -0.24841070 0.09087002 -0.39127183
v -0.24782847 0.09104216 -0.39723226
v -0.24919879 0.08872618 -0.40075341
v -0.24934013 0.08863163 -0.39567861
v -0.24782847 0.09104216 -0.39723226
v -0.24782817 0.09115307 -0.40189624
v -0.24919879 0.08872618 -0.40075341
v -0.25102392 0.08636241 -0.39870250
v -0.24934013 0.08863163 -0.39567861
v -0.24919879 0.08872618 -0.40075341
v -0.25098878 0.08675396 -0.39376923
v -0.24934013 0.08863163 -0.39567861
v -0.25102392 0.08636241 -0.39870250
v -0.25371480 0.08421049 -0.39473057
v -0.25290358 0.08466217 -0.40081665
v -0.25442597 0.08354715 -0.39927468
v -0.25371480 0.08421049 -0.39473057
v -0.25098878 0.08675396 -0.39376923
v -0.25102392 0.08636241 -0.39870250
v -0.25371480 0.08421049 -0.39473057
v -0.25102392 0.08636241 -0.39870250
v -0.25290358 0.08466217 -0.40081665
v -0.25622797 0.08269025 -0.39464837
v -0.25371480 0.08421049 -0.39473057
v -0.25442597 0.08354715 -0.39927468
v -0.25622797 0.08269025 -0.39464837
v -0.25442597 0.08354715 -0.39927468
v -0.25597355 0.08264329 -0.40081534
v -0.25622797 0.08269025 -0.39464837
v -0.25597355 0.08264329 -0.40081534
v -0.25852001 0.08149976 -0.40002239
v -0.25622797 0.08269025 -0.39464837
v -0.25852001 0.08149976 -0.40002239
v -0.25903532 0.08151042 -0.39483926
v -0.25903532 0.08151042 -0.39483926
v -0.25852001 0.08149976 -0.40002239
v -0.26120561 0.08081099 -0.39983937
v -0.25903532 0.08151042 -0.39483926
v -0.26120561 0.08081099 -0.39983937
v -0.26139301 0.08095440 -0.39463690
v -0.26320207 0.08071316 -0.39464250
v -0.26139301 0.08095440 -0.39463690
v -0.26120561 0.08081099 -0.39983937
v -0.26320207 0.08071316 -0.39464250
v -0.26120561 0.08081099 -0.39983937
v -0.26298794 0.08056795 -0.40025505
v -0.26320207 0.08071316 -0.39464250
v -0.26298794 0.08056795 -0.40025505
v -0.26487058 0.08047101 -0.39933223
v -0.26320207 0.08071316 -0.39464250
v -0.26487058 0.08047101 -0.39933223
v -0.26502776 0.08071636 -0.39397147
v -0.26675743 0.08060186 -0.39781469
v -0.26502776 0.08071636 -0.39397147
v -0.26487058 0.08047101 -0.39933223
v -0.26675743 0.08060186 -0.39781469
v -0.26841459 0.08095131 -0.40220651
v -0.26861295 0.08095929 -0.39627212
v -0.27026063 0.08133908 -0.40025315
v -0.26861295 0.08095929 -0.39627212
v -0.26841459 0.08095131 -0.40220651
v -0.27040315 0.08155569 -0.39463702
v -0.26861295 0.08095929 -0.39627212
v -0.27026063 0.08133908 -0.40025315
v -0.27040315 0.08155569 -0.39463702
v -0.27026063 0.08133908 -0.40025315
v -0.27203587 0.08198135 -0.39875746
v -0.27040315 0.08155569 -0.39463702
v -0.27203587 0.08198135 -0.39875746
v -0.27210867 0.08234090 -0.39305267
v -0.27454534 0.08325455 -0.39809582
v -0.27210867 0.08234090 -0.39305267
v -0.27203587 0.08198135 -0.39875746
v -0.27674595 0.08491421 -0.39723104
v -0.27454534 0.08325455 -0.39809582
v -0.27652773 0.08488338 -0.40314192
v -0.27674595 0.08491421 -0.39723104
v -0.27652773 0.08488338 -0.40314192
v -0.27807128 0.08610940 -0.39927018
v -0.27674595 0.08491421 -0.39723104
v -0.27807128 0.08610940 -0.39927018
v -0.27807885 0.08631046 -0.39525145
v -0.27674595 0.08491421 -0.39723104
v -0.27464539 0.08368061 -0.39312518
v -0.27454534 0.08325455 -0.39809582
v -0.27989131 0.08827958 -0.39767367
v -0.27970541 0.08864669 -0.39198452
v -0.27807885 0.08631046 -0.39525145
v -0.27989131 0.08827958 -0.39767367
v -0.27807885 0.08631046 -0.39525145
v -0.27807128 0.08610940 -0.39927018
v -0.27989131 0.08827958 -0.39767367
v -0.27807128 0.08610940 -0.39927018
v -0.27992752 0.08846159 -0.40239441
v -0.28129715 0.09056076 -0.39927289
v -0.27989131 0.08827958 -0.39767367
v -0.27992752 0.08846159 -0.40239441
v -0.28120244 0.09079473 -0.39410225
v -0.27989131 0.08827958 -0.39767367
v -0.28129715 0.09056076 -0.39927289
v -0.28120244 0.09079473 -0.39410225
v -0.28129715 0.09056076 -0.39927289
v -0.28238234 0.09296432 -0.40003914
v -0.28120244 0.09079473 -0.39410225
v -0.28238234 0.09296432 -0.40003914
v -0.28240827 0.09359363 -0.39478540
v -0.28120244 0.09079473 -0.39410225
v -0.27970541 0.08864669 -0.39198452
v -0.27989131 0.08827958 -0.39767367
v -0.28240827 0.09359363 -0.39478540
v -0.28238234 0.09296432 -0.40003914
v -0.28330338 0.09683205 -0.39819697
v -0.28240827 0.09359363 -0.39478540
v -0.28330338 0.09683205 -0.39819697
v -0.28268781 0.09516313 -0.39281920
v -0.28330338 0.09683205 -0.39819697
v -0.28315318 0.09660925 -0.40269908
v -0.28344917 0.09941822 -0.39933252
v -0.28330338 0.09683205 -0.39819697
v -0.28344917 0.09941822 -0.39933252
v -0.28308746 0.09888994 -0.39228711
v -0.28330338 0.09683205 -0.39819697
v -0.28308746 0.09888994 -0.39228711
v -0.28268781 0.09516313 -0.39281920
v -0.28321332 0.10228404 -0.40024608
v -0.28344917 0.09941822 -0.39933252
v -0.28323007 0.09927720 -0.40356627
v -0.28321332 0.10228404 -0.40024608
v -0.28323007 0.09927720 -0.40356627
v -0.28302571 0.10216007 -0.40346634
v -0.28282583 0.10098771 -0.40632299
v -0.28240958 0.10368049 -0.40608782
v -0.28302571 0.10216007 -0.40346634
v -0.28282583 0.10098771 -0.40632299
v -0.28302571 0.10216007 -0.40346634
v -0.28323007 0.09927720 -0.40356627
v -0.28282583 0.10098771 -0.40632299
v -0.28323007 0.09927720 -0.40356627
v -0.28292787 0.09832077 -0.40609121
v -0.28240958 0.10368049 -0.40608782
v -0.28257853 0.10480499 -0.40081146
v -0.28302571 0.10216007 -0.40346634
v -0.28240958 0.10368049 -0.40608782
v -0.28169468 0.10628501 -0.40499485
v -0.28257853 0.10480499 -0.40081146
v -0.28257853 0.10480499 -0.40081146
v -0.28321332 0.10228404 -0.40024608
v -0.28302571 0.10216007 -0.40346634
v -0.28257853 0.10480499 -0.40081146
v -0.28169468 0.10628501 -0.40499485
v -0.28193983 0.10657564 -0.39983958
v -0.28102946 0.10802246 -0.40361753
v -0.28015053 0.10967542 -0.40220302
v -0.28110757 0.10827757 -0.39781618
v -0.28102946 0.10802246 -0.40361753
v -0.28110757 0.10827757 -0.39781618
v -0.28193983 0.10657564 -0.39983958
v -0.28102946 0.10802246 -0.40361753
v -0.28193983 0.10657564 -0.39983958
v -0.28169468 0.10628501 -0.40499485
v -0.28102946 0.10802246 -0.40361753
v -0.27976096 0.10922793 -0.40718278
v -0.28015053 0.10967542 -0.40220302
v -0.28102946 0.10802246 -0.40361753
v -0.28169468 0.10628501 -0.40499485
v -0.28045562 0.10755271 -0.40843910
v -0.28102946 0.10802246 -0.40361753
v -0.28045562 0.10755271 -0.40843910
v -0.27976096 0.10922793 -0.40718278
v -0.27873990 0.11072341 -0.40681964
v -0.27906623 0.11120772 -0.40130582
v -0.28015053 0.10967542 -0.40220302
v -0.27873990 0.11072341 -0.40681964
v -0.28015053 0.10967542 -0.40220302
v -0.27976096 0.10922793 -0.40718278
v -0.27873990 0.11072341 -0.40681964
v -0.27774495 0.11230418 -0.40453139
v -0.27906623 0.11120772 -0.40130582
v -0.27906623 0.11120772 -0.40130582
v -0.27774495 0.11230418 -0.40453139
v -0.27781320 0.11262642 -0.39876273
v -0.27645472 0.11378242 -0.40130773
v -0.27557868 0.11415870 -0.40450075
v -0.27495188 0.11492275 -0.39983737
v -0.27645472 0.11378242 -0.40130773
v -0.27781320 0.11262642 -0.39876273
v -0.27774495 0.11230418 -0.40453139
v -0.27557868 0.11415870 -0.40450075
v -0.27645472 0.11378242 -0.40130773
v -0.27774495 0.11230418 -0.40453139
v -0.27557868 0.11415870 -0.40450075
v -0.27774495 0.11230418 -0.40453139
v -0.27621228 0.11316966 -0.40705720
v -0.27557868 0.11415870 -0.40450075
v -0.27621228 0.11316966 -0.40705720
v -0.27372444 0.11483849 -0.40747917
v -0.27338585 0.11552195 -0.40440333
v -0.27557868 0.11415870 -0.40450075
v -0.27372444 0.11483849 -0.40747917
v -0.27338585 0.11552195 -0.40440333
v -0.27372444 0.11483849 -0.40747917
v -0.27085814 0.11627254 -0.40697673
v -0.27338585 0.11552195 -0.40440333
v -0.27085814 0.11627254 -0.40697673
v -0.27086282 0.11674747 -0.40370420
v -0.27271158 0.11619803 -0.40041640
v -0.27495188 0.11492275 -0.39983737
v -0.27557868 0.11415870 -0.40450075
v -0.27271158 0.11619803 -0.40041640
v -0.27557868 0.11415870 -0.40450075
v -0.27338585 0.11552195 -0.40440333
v -0.27271158 0.11619803 -0.40041640
v -0.27338585 0.11552195 -0.40440333
v -0.27086282 0.11674747 -0.40370420
v -0.27086282 0.11674747 -0.40370420
v -0.26730266 0.11740301 -0.40566882
v -0.26744670 0.11773521 -0.40140766
v -0.27086282 0.11674747 -0.40370420
v -0.26744670 0.11773521 -0.40140766
v -0.26990777 0.11723955 -0.39833570
v -0.27086282 0.11674747 -0.40370420
v -0.26990777 0.11723955 -0.39833570
v -0.27271158 0.11619803 -0.40041640
v -0.27086282 0.11674747 -0.40370420
v -0.27085814 0.11627254 -0.40697673
v -0.26730266 0.11740301 -0.40566882
v -0.26730266 0.11740301 -0.40566882
v -0.26403013 0.11722220 -0.40764943
v -0.26459932 0.11786956 -0.40274507
v -0.26744670 0.11773521 -0.40140766
v -0.26730266 0.11740301 -0.40566882
v -0.26459932 0.11786956 -0.40274507
v -0.26271656 0.11785240 -0.40075541
v -0.26287085 0.11761005 -0.40440580
v -0.26095429 0.11753246 -0.40226597
v -0.26271656 0.11785240 -0.40075541
v -0.26459932 0.11786956 -0.40274507
v -0.26287085 0.11761005 -0.40440580
v -0.26287085 0.11761005 -0.40440580
v -0.26459932 0.11786956 -0.40274507
v -0.26403013 0.11722220 -0.40764943
v -0.26287085 0.11761005 -0.40440580
v -0.26403013 0.11722220 -0.40764943
v -0.26124200 0.11689468 -0.40761155
v -0.26287085 0.11761005 -0.40440580
v -0.26124200 0.11689468 -0.40761155
v -0.26095429 0.11753246 -0.40226597
v -0.25925583 0.11697795 -0.40361714
v -0.26095429 0.11753246 -0.40226597
v -0.26124200 0.11689468 -0.40761155
v -0.25925583 0.11697795 -0.40361714
v -0.26124200 0.11689468 -0.40761155
v -0.25860047 0.11613810 -0.40785000
v -0.25925583 0.11697795 -0.40361714
v -0.25860047 0.11613810 -0.40785000
v -0.25676858 0.11595359 -0.40430430
v -0.25925583 0.11697795 -0.40361714
v -0.25676858 0.11595359 -0.40430430
v -0.25654900 0.11606719 -0.40188608
v -0.25925583 0.11697795 -0.40361714
v -0.25654900 0.11606719 -0.40188608
v -0.25907978 0.11710471 -0.39985472
v -0.25925583 0.11697795 -0.40361714
v -0.25907978 0.11710471 -0.39985472
v -0.26095429 0.11753246 -0.40226597
v -0.25654900 0.11606719 -0.40188608
v -0.25676858 0.11595359 -0.40430430
v -0.25434521 0.11463353 -0.40361154
v -0.25654900 0.11606719 -0.40188608
v -0.25434521 0.11463353 -0.40361154
v -0.25411323 0.11472010 -0.39875865
v -0.25676858 0.11595359 -0.40430430
v -0.25860047 0.11613810 -0.40785000
v -0.25627065 0.11513060 -0.40760773
v -0.25676858 0.11595359 -0.40430430
v -0.25627065 0.11513060 -0.40760773
v -0.25474513 0.11423230 -0.40760934
v -0.25676858 0.11595359 -0.40430430
v -0.25474513 0.11423230 -0.40760934
v -0.25434521 0.11463353 -0.40361154
v -0.25241974 0.11281759 -0.40593392
v -0.25271249 0.11361396 -0.40130582
v -0.25434521 0.11463353 -0.40361154
v -0.25241974 0.11281759 -0.40593392
v -0.25434521 0.11463353 -0.40361154
v -0.25474513 0.11423230 -0.40760934
v -0.25241974 0.11281759 -0.40593392
v -0.25076970 0.11162201 -0.40307519
v -0.25271249 0.11361396 -0.40130582
v -0.25271249 0.11361396 -0.40130582
v -0.25411323 0.11472010 -0.39875865
v -0.25434521 0.11463353 -0.40361154
v -0.25076970 0.11162201 -0.40307519
v -0.24955992 0.10938520 -0.40631869
v -0.24912199 0.10952602 -0.40220004
v -0.25076970 0.11162201 -0.40307519
v -0.25241974 0.11281759 -0.40593392
v -0.25075081 0.11075972 -0.40705922
v -0.25076970 0.11162201 -0.40307519
v -0.25075081 0.11075972 -0.40705922
v -0.24955992 0.10938520 -0.40631869
v -0.24796031 0.10712247 -0.40442765
v -0.24912199 0.10952602 -0.40220004
v -0.24955992 0.10938520 -0.40631869
v -0.24763159 0.10697107 -0.40084526
v -0.24912199 0.10952602 -0.40220004
v -0.24796031 0.10712247 -0.40442765
v -0.24673091 0.10453890 -0.40075082
v -0.24739434 0.10505121 -0.40644795
v -0.24639322 0.10278369 -0.40274248
v -0.24673091 0.10453890 -0.40075082
v -0.24763159 0.10697107 -0.40084526
v -0.24796031 0.10712247 -0.40442765
v -0.24673091 0.10453890 -0.40075082
v -0.24796031 0.10712247 -0.40442765
v -0.24739434 0.10505121 -0.40644795
v -0.24739434 0.10505121 -0.40644795
v -0.24676920 0.10194973 -0.40697163
v -0.24639322 0.10278369 -0.40274248
v -0.24610607 0.10026813 -0.40321660
v -0.24639322 0.10278369 -0.40274248
v -0.24676920 0.10194973 -0.40697163
v -0.24610607 0.10026813 -0.40321660
v -0.24676920 0.10194973 -0.40697163
v -0.24658780 0.09928776 -0.40691739
v -0.24626386 0.09737539 -0.40414411
v -0.24695051 0.09453301 -0.40548444
v -0.24655618 0.09462008 -0.40142781
v -0.24626386 0.09737539 -0.40414411
v -0.24655618 0.09462008 -0.40142781
v -0.24605332 0.09716685 -0.39833260
v -0.24626386 0.09737539 -0.40414411
v -0.24605332 0.09716685 -0.39833260
v -0.24594732 0.09996934 -0.40026012
v -0.24626386 0.09737539 -0.40414411
v -0.24594732 0.09996934 -0.40026012
v -0.24610607 0.10026813 -0.40321660
v -0.24626386 0.09737539 -0.40414411
v -0.24610607 0.10026813 -0.40321660
v -0.24658780 0.09928776 -0.40691739
v -0.24655618 0.09462008 -0.40142781
v -0.24695051 0.09453301 -0.40548444
v -0.24767777 0.09218311 -0.40499514
v -0.24655618 0.09462008 -0.40142781
v -0.24767777 0.09218311 -0.40499514
v -0.24782817 0.09115307 -0.40189624
v -0.24782817 0.09115307 -0.40189624
v -0.24907401 0.08969628 -0.40605748
v -0.24919879 0.08872618 -0.40075341
v -0.24907401 0.08969628 -0.40605748
v -0.24782817 0.09115307 -0.40189624
v -0.24767777 0.09218311 -0.40499514
v -0.25050110 0.08732383 -0.40419120
v -0.25191411 0.08655690 -0.40760982
v -0.25159886 0.08608626 -0.40361395
v -0.25050110 0.08732383 -0.40419120
v -0.24919879 0.08872618 -0.40075341
v -0.24907401 0.08969628 -0.40605748
v -0.25050110 0.08732383 -0.40419120
v -0.25159886 0.08608626 -0.40361395
v -0.25102392 0.08636241 -0.39870250
v -0.25050110 0.08732383 -0.40419120
v -0.25102392 0.08636241 -0.39870250
v -0.24919879 0.08872618 -0.40075341
v -0.25290358 0.08466217 -0.40081665
v -0.25439578 0.08374893 -0.40301457
v -0.25442597 0.08354715 -0.39927468
v -0.25290358 0.08466217 -0.40081665
v -0.25102392 0.08636241 -0.39870250
v -0.25159886 0.08608626 -0.40361395
v -0.25367013 0.08469479 -0.40630165
v -0.25439578 0.08374893 -0.40301457
v -0.25290358 0.08466217 -0.40081665
v -0.25367013 0.08469479 -0.40630165
v -0.25290358 0.08466217 -0.40081665
v -0.25159886 0.08608626 -0.40361395
v -0.25367013 0.08469479 -0.40630165
v -0.25159886 0.08608626 -0.40361395
v -0.25191411 0.08655690 -0.40760982
v -0.25606689 0.08317685 -0.40632299
v -0.25597355 0.08264329 -0.40081534
v -0.25439578 0.08374893 -0.40301457
v -0.25606689 0.08317685 -0.40632299
v -0.25439578 0.08374893 -0.40301457
v -0.25367013 0.08469479 -0.40630165
v -0.25606689 0.08317685 -0.40632299
v -0.25882569 0.08222451 -0.40764326
v -0.25828785 0.08191714 -0.40470102
v -0.25606689 0.08317685 -0.40632299
v -0.25828785 0.08191714 -0.40470102
v -0.25597355 0.08264329 -0.40081534
v -0.25597355 0.08264329 -0.40081534
v -0.25828785 0.08191714 -0.40470102
v -0.25852001 0.08149976 -0.40002239
v -0.25597355 0.08264329 -0.40081534
v -0.25442597 0.08354715 -0.39927468
v -0.25439578 0.08374893 -0.40301457
v -0.25852001 0.08149976 -0.40002239
v -0.25828785 0.08191714 -0.40470102
v -0.26109982 0.08117562 -0.40498877
v -0.25852001 0.08149976 -0.40002239
v -0.26109982 0.08117562 -0.40498877
v -0.26120561 0.08081099 -0.39983937
v -0.26298794 0.08056795 -0.40025505
v -0.26120561 0.08081099 -0.39983937
v -0.26109982 0.08117562 -0.40498877
v -0.26298794 0.08056795 -0.40025505
v -0.26109982 0.08117562 -0.40498877
v -0.26288399 0.08091772 -0.40498778
v -0.26298794 0.08056795 -0.40025505
v -0.26288399 0.08091772 -0.40498778
v -0.26469168 0.08082147 -0.40499076
v -0.26298794 0.08056795 -0.40025505
v -0.26469168 0.08082147 -0.40499076
v -0.26487058 0.08047101 -0.39933223
v -0.26655138 0.08077170 -0.40361792
v -0.26841459 0.08095131 -0.40220651
v -0.26675743 0.08060186 -0.39781469
v -0.26655138 0.08077170 -0.40361792
v -0.26675743 0.08060186 -0.39781469
v -0.26487058 0.08047101 -0.39933223
v -0.26655138 0.08077170 -0.40361792
v -0.26487058 0.08047101 -0.39933223
v -0.26469168 0.08082147 -0.40499076
v -0.26655138 0.08077170 -0.40361792
v -0.26752257 0.08123995 -0.40643579
v -0.26841459 0.08095131 -0.40220651
v -0.26655138 0.08077170 -0.40361792
v -0.26469168 0.08082147 -0.40499076
v -0.26752257 0.08123995 -0.40643579
v -0.27006987 0.08156517 -0.40425342
v -0.26841459 0.08095131 -0.40220651
v -0.26752257 0.08123995 -0.40643579
v -0.27006987 0.08156517 -0.40425342
v -0.26752257 0.08123995 -0.40643579
v -0.26914161 0.08186008 -0.40795758
v -0.27006987 0.08156517 -0.40425342
v -0.26914161 0.08186008 -0.40795758
v -0.27158728 0.08247194 -0.40682623
v -0.27006987 0.08156517 -0.40425342
v -0.27158728 0.08247194 -0.40682623
v -0.27182484 0.08211131 -0.40361154
v -0.27026063 0.08133908 -0.40025315
v -0.26841459 0.08095131 -0.40220651
v -0.27006987 0.08156517 -0.40425342
v -0.27026063 0.08133908 -0.40025315
v -0.27006987 0.08156517 -0.40425342
v -0.27182484 0.08211131 -0.40361154
v -0.27026063 0.08133908 -0.40025315
v -0.27182484 0.08211131 -0.40361154
v -0.27203587 0.08198135 -0.39875746
v -0.27408835 0.08322044 -0.40369910
v -0.27454534 0.08325455 -0.39809582
v -0.27203587 0.08198135 -0.39875746
v -0.27408835 0.08322044 -0.40369910
v -0.27203587 0.08198135 -0.39875746
v -0.27182484 0.08211131 -0.40361154
v -0.27408835 0.08322044 -0.40369910
v -0.27182484 0.08211131 -0.40361154
v -0.27158728 0.08247194 -0.40682623
v -0.27408835 0.08322044 -0.40369910
v -0.27158728 0.08247194 -0.40682623
v -0.27429572 0.08367282 -0.40591156
v -0.27652773 0.08488338 -0.40314192
v -0.27408835 0.08322044 -0.40369910
v -0.27429572 0.08367282 -0.40591156
v -0.27652773 0.08488338 -0.40314192
v -0.27429572 0.08367282 -0.40591156
v -0.27604154 0.08528480 -0.40760833
v -0.27652773 0.08488338 -0.40314192
v -0.27604154 0.08528480 -0.40760833
v -0.27736309 0.08646195 -0.40761054
v -0.27652773 0.08488338 -0.40314192
v -0.27736309 0.08646195 -0.40761054
v -0.27783391 0.08614649 -0.40361255
v -0.27652773 0.08488338 -0.40314192
v -0.27783391 0.08614649 -0.40361255
v -0.27807128 0.08610940 -0.39927018
v -0.27652773 0.08488338 -0.40314192
v -0.27454534 0.08325455 -0.39809582
v -0.27408835 0.08322044 -0.40369910
v -0.27992752 0.08846159 -0.40239441
v -0.27807128 0.08610940 -0.39927018
v -0.27783391 0.08614649 -0.40361255
v -0.27869633 0.08769195 -0.40682134
v -0.27992752 0.08846159 -0.40239441
v -0.27783391 0.08614649 -0.40361255
v -0.27869633 0.08769195 -0.40682134
v -0.27783391 0.08614649 -0.40361255
v -0.27736309 0.08646195 -0.40761054
v -0.27869633 0.08769195 -0.40682134
v -0.27993160 0.08966277 -0.40763298
v -0.27992752 0.08846159 -0.40239441
v -0.28103605 0.09054451 -0.40414792
v -0.27992752 0.08846159 -0.40239441
v -0.27993160 0.08966277 -0.40763298
v -0.28103605 0.09054451 -0.40414792
v -0.28107265 0.09185619 -0.40779662
v -0.28201255 0.09297140 -0.40476567
v -0.28103605 0.09054451 -0.40414792
v -0.28201255 0.09297140 -0.40476567
v -0.28238234 0.09296432 -0.40003914
v -0.28103605 0.09054451 -0.40414792
v -0.28238234 0.09296432 -0.40003914
v -0.28129715 0.09056076 -0.39927289
v -0.28103605 0.09054451 -0.40414792
v -0.28129715 0.09056076 -0.39927289
v -0.27992752 0.08846159 -0.40239441
v -0.28238234 0.09296432 -0.40003914
v -0.28201255 0.09297140 -0.40476567
v -0.28315318 0.09660925 -0.40269908
v -0.28238234 0.09296432 -0.40003914
v -0.28315318 0.09660925 -0.40269908
v -0.28330338 0.09683205 -0.39819697
v -0.28201255 0.09297140 -0.40476567
v -0.28225070 0.09490382 -0.40719685
v -0.28315318 0.09660925 -0.40269908
v -0.28292787 0.09832077 -0.40609121
v -0.28315318 0.09660925 -0.40269908
v -0.28225070 0.09490382 -0.40719685
v -0.28292787 0.09832077 -0.40609121
v -0.28323007 0.09927720 -0.40356627
v -0.28315318 0.09660925 -0.40269908
v -0.28315318 0.09660925 -0.40269908
v -0.28323007 0.09927720 -0.40356627
v -0.28344917 0.09941822 -0.39933252
v -0.28282583 0.10098771 -0.40632299
v -0.28194684 0.10163478 -0.41005549
v -0.28240958 0.10368049 -0.40608782
v -0.28282583 0.10098771 -0.40632299
v -0.28292787 0.09832077 -0.40609121
v -0.28236699 0.09762682 -0.40888432
v -0.28282583 0.10098771 -0.40632299
v -0.28236699 0.09762682 -0.40888432
v -0.28194684 0.10163478 -0.41005549
v -0.28194684 0.10163478 -0.41005549
v -0.28236699 0.09762682 -0.40888432
v -0.28131419 0.09970376 -0.41230625
v -0.28082830 0.10491977 -0.41100642
v -0.28146520 0.10502460 -0.40877312
v -0.28194684 0.10163478 -0.41005549
v -0.28146520 0.10502460 -0.40877312
v -0.28240958 0.10368049 -0.40608782
v -0.28194684 0.10163478 -0.41005549
v -0.28146520 0.10502460 -0.40877312
v -0.28169468 0.10628501 -0.40499485
v -0.28240958 0.10368049 -0.40608782
v -0.28045562 0.10755271 -0.40843910
v -0.28169468 0.10628501 -0.40499485
v -0.28146520 0.10502460 -0.40877312
v -0.28045562 0.10755271 -0.40843910
v -0.27873740 0.10841740 -0.41191420
v -0.27976096 0.10922793 -0.40718278
v -0.28045562 0.10755271 -0.40843910
v -0.28146520 0.10502460 -0.40877312
v -0.28082830 0.10491977 -0.41100642
v -0.28045562 0.10755271 -0.40843910
v -0.28082830 0.10491977 -0.41100642
v -0.27919200 0.10677610 -0.41296238
v -0.28045562 0.10755271 -0.40843910
v -0.27919200 0.10677610 -0.41296238
v -0.27873740 0.10841740 -0.41191420
v -0.27759868 0.11058010 -0.41074514
v -0.27873990 0.11072341 -0.40681964
v -0.27976096 0.10922793 -0.40718278
v -0.27759868 0.11058010 -0.41074514
v -0.27976096 0.10922793 -0.40718278
v -0.27873740 0.10841740 -0.41191420
v -0.27759868 0.11058010 -0.41074514
v -0.27671304 0.11208367 -0.40940562
v -0.27873990 0.11072341 -0.40681964
v -0.27873990 0.11072341 -0.40681964
v -0.27671304 0.11208367 -0.40940562
v -0.27774495 0.11230418 -0.40453139
v -0.27621228 0.11316966 -0.40705720
v -0.27671304 0.11208367 -0.40940562
v -0.27445880 0.11363281 -0.41004261
v -0.27621228 0.11316966 -0.40705720
v -0.27445880 0.11363281 -0.41004261
v -0.27372444 0.11483849 -0.40747917
v -0.27621228 0.11316966 -0.40705720
v -0.27774495 0.11230418 -0.40453139
v -0.27671304 0.11208367 -0.40940562
v -0.27218178 0.11474953 -0.41061887
v -0.27372444 0.11483849 -0.40747917
v -0.27445880 0.11363281 -0.41004261
v -0.27218178 0.11474953 -0.41061887
v -0.27064699 0.11579692 -0.40933570
v -0.27372444 0.11483849 -0.40747917
v -0.27372444 0.11483849 -0.40747917
v -0.27064699 0.11579692 -0.40933570
v -0.27085814 0.11627254 -0.40697673
v -0.27085814 0.11627254 -0.40697673
v -0.27064699 0.11579692 -0.40933570
v -0.26748019 0.11672722 -0.40894097
v -0.27085814 0.11627254 -0.40697673
v -0.26748019 0.11672722 -0.40894097
v -0.26730266 0.11740301 -0.40566882
v -0.27064699 0.11579692 -0.40933570
v -0.26887804 0.11547657 -0.41198948
v -0.26748019 0.11672722 -0.40894097
v -0.27064699 0.11579692 -0.40933570
v -0.27218178 0.11474953 -0.41061887
v -0.26887804 0.11547657 -0.41198948
v -0.26748019 0.11672722 -0.40894097
v -0.26887804 0.11547657 -0.41198948
v -0.26647368 0.11548415 -0.41296467
v -0.26748019 0.11672722 -0.40894097
v -0.26647368 0.11548415 -0.41296467
v -0.26388404 0.11625189 -0.41126144
v -0.26748019 0.11672722 -0.40894097
v -0.26388404 0.11625189 -0.41126144
v -0.26403013 0.11722220 -0.40764943
v -0.26730266 0.11740301 -0.40566882
v -0.26748019 0.11672722 -0.40894097
v -0.26403013 0.11722220 -0.40764943
v -0.26388404 0.11625189 -0.41126144
v -0.26151606 0.11596726 -0.41117957
v -0.26124200 0.11689468 -0.40761155
v -0.26388404 0.11625189 -0.41126144
v -0.26124200 0.11689468 -0.40761155
v -0.26403013 0.11722220 -0.40764943
v -0.25924057 0.11542232 -0.41115332
v -0.25860047 0.11613810 -0.40785000
v -0.26124200 0.11689468 -0.40761155
v -0.25924057 0.11542232 -0.41115332
v -0.26124200 0.11689468 -0.40761155
v -0.26151606 0.11596726 -0.41117957
v -0.25606439 0.11400373 -0.41106975
v -0.25474513 0.11423230 -0.40760934
v -0.25627065 0.11513060 -0.40760773
v -0.25606439 0.11400373 -0.41106975
v -0.25627065 0.11513060 -0.40760773
v -0.25860047 0.11613810 -0.40785000
v -0.25606439 0.11400373 -0.41106975
v -0.25860047 0.11613810 -0.40785000
v -0.25924057 0.11542232 -0.41115332
v -0.25301668 0.11236780 -0.40959799
v -0.25474513 0.11423230 -0.40760934
v -0.25606439 0.11400373 -0.41106975
v -0.25301668 0.11236780 -0.40959799
v -0.25241974 0.11281759 -0.40593392
v -0.25474513 0.11423230 -0.40760934
v -0.25075081 0.11075972 -0.40705922
v -0.25132361 0.11037026 -0.41003922
v -0.25008541 0.10839814 -0.41073117
v -0.25075081 0.11075972 -0.40705922
v -0.25008541 0.10839814 -0.41073117
v -0.24955992 0.10938520 -0.40631869
v -0.25075081 0.11075972 -0.40705922
v -0.25241974 0.11281759 -0.40593392
v -0.25301668 0.11236780 -0.40959799
v -0.25075081 0.11075972 -0.40705922
v -0.25301668 0.11236780 -0.40959799
v -0.25132361 0.11037026 -0.41003922
v -0.25008541 0.10839814 -0.41073117
v -0.25002620 0.10632341 -0.41313323
v -0.24861057 0.10685767 -0.40860745
v -0.24861057 0.10685767 -0.40860745
v -0.24955992 0.10938520 -0.40631869
v -0.25008541 0.10839814 -0.41073117
v -0.24861057 0.10685767 -0.40860745
v -0.24739434 0.10505121 -0.40644795
v -0.24796031 0.10712247 -0.40442765
v -0.24861057 0.10685767 -0.40860745
v -0.24796031 0.10712247 -0.40442765
v -0.24955992 0.10938520 -0.40631869
v -0.24739434 0.10505121 -0.40644795
v -0.24740461 0.10185508 -0.40981403
v -0.24676920 0.10194973 -0.40697163
v -0.24842407 0.10432397 -0.41118264
v -0.24740461 0.10185508 -0.40981403
v -0.24739434 0.10505121 -0.40644795
v -0.24842407 0.10432397 -0.41118264
v -0.24739434 0.10505121 -0.40644795
v -0.24861057 0.10685767 -0.40860745
v -0.24842407 0.10432397 -0.41118264
v -0.24861057 0.10685767 -0.40860745
v -0.25002620 0.10632341 -0.41313323
v -0.24842407 0.10432397 -0.41118264
v -0.24855980 0.10261246 -0.41267326
v -0.24740461 0.10185508 -0.40981403
v -0.24676920 0.10194973 -0.40697163
v -0.24740461 0.10185508 -0.40981403
v -0.24728264 0.09936077 -0.41004190
v -0.24676920 0.10194973 -0.40697163
v -0.24728264 0.09936077 -0.41004190
v -0.24658780 0.09928776 -0.40691739
v -0.24701305 0.09683473 -0.40837955
v -0.24734417 0.09469368 -0.40794155
v -0.24695051 0.09453301 -0.40548444
v -0.24701305 0.09683473 -0.40837955
v -0.24695051 0.09453301 -0.40548444
v -0.24626386 0.09737539 -0.40414411
v -0.24701305 0.09683473 -0.40837955
v -0.24626386 0.09737539 -0.40414411
v -0.24658780 0.09928776 -0.40691739
v -0.24701305 0.09683473 -0.40837955
v -0.24658780 0.09928776 -0.40691739
v -0.24728264 0.09936077 -0.41004190
v -0.24762122 0.09685977 -0.41062117
v -0.24701305 0.09683473 -0.40837955
v -0.24728264 0.09936077 -0.41004190
v -0.24846944 0.09446988 -0.41160801
v -0.24734417 0.09469368 -0.40794155
v -0.24701305 0.09683473 -0.40837955
v -0.24846944 0.09446988 -0.41160801
v -0.24701305 0.09683473 -0.40837955
v -0.24762122 0.09685977 -0.41062117
v -0.24846944 0.09446988 -0.41160801
v -0.24863720 0.09211320 -0.40960267
v -0.24734417 0.09469368 -0.40794155
v -0.24734417 0.09469368 -0.40794155
v -0.24863720 0.09211320 -0.40960267
v -0.24767777 0.09218311 -0.40499514
v -0.24734417 0.09469368 -0.40794155
v -0.24767777 0.09218311 -0.40499514
v -0.24695051 0.09453301 -0.40548444
v -0.24907401 0.08969628 -0.40605748
v -0.24863720 0.09211320 -0.40960267
v -0.25014767 0.08967114 -0.41004390
v -0.24907401 0.08969628 -0.40605748
v -0.24767777 0.09218311 -0.40499514
v -0.24863720 0.09211320 -0.40960267
v -0.24863720 0.09211320 -0.40960267
v -0.24996454 0.09214541 -0.41302243
v -0.25014767 0.08967114 -0.41004390
v -0.25092566 0.08806853 -0.40885112
v -0.25014767 0.08967114 -0.41004390
v -0.25233689 0.08784334 -0.41191301
v -0.25092566 0.08806853 -0.40885112
v -0.25233689 0.08784334 -0.41191301
v -0.25191411 0.08655690 -0.40760982
v -0.25092566 0.08806853 -0.40885112
v -0.24907401 0.08969628 -0.40605748
v -0.25014767 0.08967114 -0.41004390
v -0.25092566 0.08806853 -0.40885112
v -0.25191411 0.08655690 -0.40760982
v -0.25050110 0.08732383 -0.40419120
v -0.25092566 0.08806853 -0.40885112
v -0.25050110 0.08732383 -0.40419120
v -0.24907401 0.08969628 -0.40605748
v -0.25367013 0.08469479 -0.40630165
v -0.25191411 0.08655690 -0.40760982
v -0.25411573 0.08531961 -0.40983805
v -0.25411573 0.08531961 -0.40983805
v -0.25191411 0.08655690 -0.40760982
v -0.25233689 0.08784334 -0.41191301
v -0.25710541 0.08372498 -0.41062257
v -0.25411573 0.08531961 -0.40983805
v -0.25465098 0.08576402 -0.41185066
v -0.25606689 0.08317685 -0.40632299
v -0.25367013 0.08469479 -0.40630165
v -0.25411573 0.08531961 -0.40983805
v -0.25606689 0.08317685 -0.40632299
v -0.25411573 0.08531961 -0.40983805
v -0.25710541 0.08372498 -0.41062257
v -0.25606689 0.08317685 -0.40632299
v -0.25710541 0.08372498 -0.41062257
v -0.25882569 0.08222451 -0.40764326
v -0.25882569 0.08222451 -0.40764326
v -0.26114377 0.08206982 -0.40964895
v -0.26109982 0.08117562 -0.40498877
v -0.25882569 0.08222451 -0.40764326
v -0.26109982 0.08117562 -0.40498877
v -0.25828785 0.08191714 -0.40470102
v -0.25959632 0.08297201 -0.41118294
v -0.26114377 0.08206982 -0.40964895
v -0.25882569 0.08222451 -0.40764326
v -0.25959632 0.08297201 -0.41118294
v -0.25882569 0.08222451 -0.40764326
v -0.25710541 0.08372498 -0.41062257
v -0.26285070 0.08160836 -0.40884972
v -0.26114377 0.08206982 -0.40964895
v -0.26373515 0.08267181 -0.41246912
v -0.26285070 0.08160836 -0.40884972
v -0.26373515 0.08267181 -0.41246912
v -0.26539448 0.08166741 -0.40947604
v -0.26285070 0.08160836 -0.40884972
v -0.26539448 0.08166741 -0.40947604
v -0.26469168 0.08082147 -0.40499076
v -0.26285070 0.08160836 -0.40884972
v -0.26469168 0.08082147 -0.40499076
v -0.26288399 0.08091772 -0.40498778
v -0.26285070 0.08160836 -0.40884972
v -0.26288399 0.08091772 -0.40498778
v -0.26109982 0.08117562 -0.40498877
v -0.26285070 0.08160836 -0.40884972
v -0.26109982 0.08117562 -0.40498877
v -0.26114377 0.08206982 -0.40964895
v -0.26752257 0.08123995 -0.40643579
v -0.26539448 0.08166741 -0.40947604
v -0.26914161 0.08186008 -0.40795758
v -0.26752257 0.08123995 -0.40643579
v -0.26469168 0.08082147 -0.40499076
v -0.26539448 0.08166741 -0.40947604
v -0.26539448 0.08166741 -0.40947604
v -0.26874700 0.08248840 -0.41061756
v -0.26914161 0.08186008 -0.40795758
v -0.26874700 0.08248840 -0.41061756
v -0.27122876 0.08310714 -0.41004372
v -0.26914161 0.08186008 -0.40795758
v -0.26914161 0.08186008 -0.40795758
v -0.27122876 0.08310714 -0.41004372
v -0.27158728 0.08247194 -0.40682623
v -0.27378818 0.08385773 -0.40823776
v -0.27429572 0.08367282 -0.40591156
v -0.27158728 0.08247194 -0.40682623
v -0.27378818 0.08385773 -0.40823776
v -0.27158728 0.08247194 -0.40682623
v -0.27122876 0.08310714 -0.41004372
v -0.27316168 0.08441333 -0.41115412
v -0.27378818 0.08385773 -0.40823776
v -0.27122876 0.08310714 -0.41004372
v -0.27537990 0.08596798 -0.41118434
v -0.27604154 0.08528480 -0.40760833
v -0.27378818 0.08385773 -0.40823776
v -0.27537990 0.08596798 -0.41118434
v -0.27378818 0.08385773 -0.40823776
v -0.27316168 0.08441333 -0.41115412
v -0.27537990 0.08596798 -0.41118434
v -0.27738133 0.08775978 -0.41108680
v -0.27736309 0.08646195 -0.40761054
v -0.27537990 0.08596798 -0.41118434
v -0.27736309 0.08646195 -0.40761054
v -0.27604154 0.08528480 -0.40760833
v -0.27604154 0.08528480 -0.40760833
v -0.27429572 0.08367282 -0.40591156
v -0.27378818 0.08385773 -0.40823776
v -0.27738133 0.08775978 -0.41108680
v -0.27875975 0.08964372 -0.41118056
v -0.27993160 0.08966277 -0.40763298
v -0.27738133 0.08775978 -0.41108680
v -0.27993160 0.08966277 -0.40763298
v -0.27869633 0.08769195 -0.40682134
v -0.27738133 0.08775978 -0.41108680
v -0.27869633 0.08769195 -0.40682134
v -0.27736309 0.08646195 -0.40761054
v -0.28010583 0.09184453 -0.41106635
v -0.28107265 0.09185619 -0.40779662
v -0.27993160 0.08966277 -0.40763298
v -0.28010583 0.09184453 -0.41106635
v -0.27993160 0.08966277 -0.40763298
v -0.27875975 0.08964372 -0.41118056
v -0.27993160 0.08966277 -0.40763298
v -0.28107265 0.09185619 -0.40779662
v -0.28103605 0.09054451 -0.40414792
v -0.28225070 0.09490382 -0.40719685
v -0.28201255 0.09297140 -0.40476567
v -0.28107265 0.09185619 -0.40779662
v -0.28136158 0.09489743 -0.41061887
v -0.28236699 0.09762682 -0.40888432
v -0.28225070 0.09490382 -0.40719685
v -0.28136158 0.09489743 -0.41061887
v -0.28225070 0.09490382 -0.40719685
v -0.28107265 0.09185619 -0.40779662
v -0.28136158 0.09489743 -0.41061887
v -0.28107265 0.09185619 -0.40779662
v -0.28010583 0.09184453 -0.41106635
v -0.28236699 0.09762682 -0.40888432
v -0.28136158 0.09489743 -0.41061887
v -0.28120938 0.09743075 -0.41226944
v -0.28236699 0.09762682 -0.40888432
v -0.28120938 0.09743075 -0.41226944
v -0.28131419 0.09970376 -0.41230625
v -0.28236699 0.09762682 -0.40888432
v -0.28292787 0.09832077 -0.40609121
v -0.28225070 0.09490382 -0.40719685
v -0.28131419 0.09970376 -0.41230625
v -0.28064510 0.10305966 -0.41278905
v -0.28194684 0.10163478 -0.41005549
v -0.27995315 0.10127424 -0.41473582
v -0.28064510 0.10305966 -0.41278905
v -0.28131419 0.09970376 -0.41230625
v -0.27995315 0.10127424 -0.41473582
v -0.28131419 0.09970376 -0.41230625
v -0.28006017 0.09826830 -0.41473484
v -0.27939925 0.10452992 -0.41436082
v -0.28064510 0.10305966 -0.41278905
v -0.27995315 0.10127424 -0.41473582
v -0.28064510 0.10305966 -0.41278905
v -0.27939925 0.10452992 -0.41436082
v -0.28082830 0.10491977 -0.41100642
v -0.28064510 0.10305966 -0.41278905
v -0.28082830 0.10491977 -0.41100642
v -0.28194684 0.10163478 -0.41005549
v -0.27919200 0.10677610 -0.41296238
v -0.28082830 0.10491977 -0.41100642
v -0.27939925 0.10452992 -0.41436082
v -0.27919200 0.10677610 -0.41296238
v -0.27716732 0.10826272 -0.41473314
v -0.27873740 0.10841740 -0.41191420
v -0.27919200 0.10677610 -0.41296238
v -0.27939925 0.10452992 -0.41436082
v -0.27717492 0.10603997 -0.41646188
v -0.27919200 0.10677610 -0.41296238
v -0.27717492 0.10603997 -0.41646188
v -0.27716732 0.10826272 -0.41473314
v -0.27716732 0.10826272 -0.41473314
v -0.27697083 0.11011585 -0.41279095
v -0.27873740 0.10841740 -0.41191420
v -0.27716732 0.10826272 -0.41473314
v -0.27449059 0.11054131 -0.41551164
v -0.27697083 0.11011585 -0.41279095
v -0.27697083 0.11011585 -0.41279095
v -0.27759868 0.11058010 -0.41074514
v -0.27873740 0.10841740 -0.41191420
v -0.27524936 0.11183135 -0.41267774
v -0.27237147 0.11354027 -0.41327605
v -0.27445880 0.11363281 -0.41004261
v -0.27524936 0.11183135 -0.41267774
v -0.27445880 0.11363281 -0.41004261
v -0.27671304 0.11208367 -0.40940562
v -0.27524936 0.11183135 -0.41267774
v -0.27671304 0.11208367 -0.40940562
v -0.27759868 0.11058010 -0.41074514
v -0.27524936 0.11183135 -0.41267774
v -0.27759868 0.11058010 -0.41074514
v -0.27697083 0.11011585 -0.41279095
v -0.27449059 0.11054131 -0.41551164
v -0.27237147 0.11354027 -0.41327605
v -0.27524936 0.11183135 -0.41267774
v -0.27449059 0.11054131 -0.41551164
v -0.27524936 0.11183135 -0.41267774
v -0.27697083 0.11011585 -0.41279095
v -0.27237147 0.11354027 -0.41327605
v -0.27449059 0.11054131 -0.41551164
v -0.27118874 0.11256049 -0.41561806
v -0.27237147 0.11354027 -0.41327605
v -0.27218178 0.11474953 -0.41061887
v -0.27445880 0.11363281 -0.41004261
v -0.26887804 0.11547657 -0.41198948
v -0.27218178 0.11474953 -0.41061887
v -0.27237147 0.11354027 -0.41327605
v -0.26875728 0.11385453 -0.41512200
v -0.26887804 0.11547657 -0.41198948
v -0.27237147 0.11354027 -0.41327605
v -0.26875728 0.11385453 -0.41512200
v -0.27237147 0.11354027 -0.41327605
v -0.27118874 0.11256049 -0.41561806
v -0.26647368 0.11548415 -0.41296467
v -0.26887804 0.11547657 -0.41198948
v -0.26875728 0.11385453 -0.41512200
v -0.26647368 0.11548415 -0.41296467
v -0.26875728 0.11385453 -0.41512200
v -0.26563454 0.11384565 -0.41589233
v -0.26647368 0.11548415 -0.41296467
v -0.26563454 0.11384565 -0.41589233
v -0.26412150 0.11515643 -0.41379026
v -0.26647368 0.11548415 -0.41296467
v -0.26412150 0.11515643 -0.41379026
v -0.26388404 0.11625189 -0.41126144
v -0.26388404 0.11625189 -0.41126144
v -0.26412150 0.11515643 -0.41379026
v -0.26101521 0.11473676 -0.41378978
v -0.26388404 0.11625189 -0.41126144
v -0.26101521 0.11473676 -0.41378978
v -0.26151606 0.11596726 -0.41117957
v -0.26412150 0.11515643 -0.41379026
v -0.26563454 0.11384565 -0.41589233
v -0.26344940 0.11394617 -0.41568089
v -0.26412150 0.11515643 -0.41379026
v -0.26344940 0.11394617 -0.41568089
v -0.26063016 0.11346158 -0.41572198
v -0.26412150 0.11515643 -0.41379026
v -0.26063016 0.11346158 -0.41572198
v -0.26101521 0.11473676 -0.41378978
v -0.26101521 0.11473676 -0.41378978
v -0.26063016 0.11346158 -0.41572198
v -0.25807211 0.11372816 -0.41379127
v -0.25924057 0.11542232 -0.41115332
v -0.26151606 0.11596726 -0.41117957
v -0.26101521 0.11473676 -0.41378978
v -0.25924057 0.11542232 -0.41115332
v -0.26101521 0.11473676 -0.41378978
v -0.25807211 0.11372816 -0.41379127
v -0.25606439 0.11400373 -0.41106975
v -0.25807211 0.11372816 -0.41379127
v -0.25510177 0.11239364 -0.41312027
v -0.25606439 0.11400373 -0.41106975
v -0.25924057 0.11542232 -0.41115332
v -0.25807211 0.11372816 -0.41379127
v -0.25807211 0.11372816 -0.41379127
v -0.26063016 0.11346158 -0.41572198
v -0.25722939 0.11205075 -0.41561675
v -0.25807211 0.11372816 -0.41379127
v -0.25722939 0.11205075 -0.41561675
v -0.25510177 0.11239364 -0.41312027
v -0.25524718 0.11105093 -0.41519040
v -0.25510177 0.11239364 -0.41312027
v -0.25722939 0.11205075 -0.41561675
v -0.25524718 0.11105093 -0.41519040
v -0.25385761 0.10936276 -0.41561925
v -0.25281101 0.11037216 -0.41310310
v -0.25524718 0.11105093 -0.41519040
v -0.25281101 0.11037216 -0.41310310
v -0.25510177 0.11239364 -0.41312027
v -0.25510177 0.11239364 -0.41312027
v -0.25281101 0.11037216 -0.41310310
v -0.25301668 0.11236780 -0.40959799
v -0.25510177 0.11239364 -0.41312027
v -0.25301668 0.11236780 -0.40959799
v -0.25606439 0.11400373 -0.41106975
v -0.25281101 0.11037216 -0.41310310
v -0.25200009 0.10887288 -0.41378868
v -0.25008541 0.10839814 -0.41073117
v -0.25281101 0.11037216 -0.41310310
v -0.25008541 0.10839814 -0.41073117
v -0.25132361 0.11037026 -0.41003922
v -0.25281101 0.11037216 -0.41310310
v -0.25132361 0.11037026 -0.41003922
v -0.25301668 0.11236780 -0.40959799
v -0.25200009 0.10887288 -0.41378868
v -0.25281101 0.11037216 -0.41310310
v -0.25385761 0.10936276 -0.41561925
v -0.25200009 0.10887288 -0.41378868
v -0.25385761 0.10936276 -0.41561925
v -0.25221401 0.10690425 -0.41589102
v -0.25002620 0.10632341 -0.41313323
v -0.25200009 0.10887288 -0.41378868
v -0.25221401 0.10690425 -0.41589102
v -0.25002620 0.10632341 -0.41313323
v -0.25221401 0.10690425 -0.41589102
v -0.25033075 0.10431080 -0.41509417
v -0.25008541 0.10839814 -0.41073117
v -0.25200009 0.10887288 -0.41378868
v -0.25002620 0.10632341 -0.41313323
v -0.24842407 0.10432397 -0.41118264
v -0.25033075 0.10431080 -0.41509417
v -0.24855980 0.10261246 -0.41267326
v -0.24842407 0.10432397 -0.41118264
v -0.25002620 0.10632341 -0.41313323
v -0.25033075 0.10431080 -0.41509417
v -0.25033075 0.10431080 -0.41509417
v -0.24976537 0.10141835 -0.41527051
v -0.24855980 0.10261246 -0.41267326
v -0.24976537 0.10141835 -0.41527051
v -0.24849528 0.10027302 -0.41321760
v -0.24855980 0.10261246 -0.41267326
v -0.24976537 0.10141835 -0.41527051
v -0.25015953 0.09884834 -0.41605002
v -0.24849528 0.10027302 -0.41321760
v -0.24849528 0.10027302 -0.41321760
v -0.24847224 0.09831427 -0.41319486
v -0.24728264 0.09936077 -0.41004190
v -0.24849528 0.10027302 -0.41321760
v -0.24728264 0.09936077 -0.41004190
v -0.24740461 0.10185508 -0.40981403
v -0.24849528 0.10027302 -0.41321760
v -0.24740461 0.10185508 -0.40981403
v -0.24855980 0.10261246 -0.41267326
v -0.24847224 0.09831427 -0.41319486
v -0.24879448 0.09626727 -0.41329798
v -0.24762122 0.09685977 -0.41062117
v -0.24847224 0.09831427 -0.41319486
v -0.24762122 0.09685977 -0.41062117
v -0.24728264 0.09936077 -0.41004190
v -0.24847224 0.09831427 -0.41319486
v -0.24849528 0.10027302 -0.41321760
v -0.25015953 0.09884834 -0.41605002
v -0.24847224 0.09831427 -0.41319486
v -0.25015953 0.09884834 -0.41605002
v -0.25047219 0.09620403 -0.41605750
v -0.24847224 0.09831427 -0.41319486
v -0.25047219 0.09620403 -0.41605750
v -0.24879448 0.09626727 -0.41329798
v -0.25027192 0.09441263 -0.41509676
v -0.24846944 0.09446988 -0.41160801
v -0.24879448 0.09626727 -0.41329798
v -0.25027192 0.09441263 -0.41509676
v -0.24879448 0.09626727 -0.41329798
v -0.25047219 0.09620403 -0.41605750
v -0.25027192 0.09441263 -0.41509676
v -0.24996454 0.09214541 -0.41302243
v -0.24846944 0.09446988 -0.41160801
v -0.24846944 0.09446988 -0.41160801
v -0.24996454 0.09214541 -0.41302243
v -0.24863720 0.09211320 -0.40960267
v -0.24846944 0.09446988 -0.41160801
v -0.24762122 0.09685977 -0.41062117
v -0.24879448 0.09626727 -0.41329798
v -0.24996454 0.09214541 -0.41302243
v -0.25161141 0.08980439 -0.41343024
v -0.25014767 0.08967114 -0.41004390
v -0.24996454 0.09214541 -0.41302243
v -0.25176480 0.09160136 -0.41537213
v -0.25161141 0.08980439 -0.41343024
v -0.24996454 0.09214541 -0.41302243
v -0.25027192 0.09441263 -0.41509676
v -0.25176480 0.09160136 -0.41537213
v -0.25161141 0.08980439 -0.41343024
v -0.25176480 0.09160136 -0.41537213
v -0.25342047 0.08924748 -0.41530210
v -0.25161141 0.08980439 -0.41343024
v -0.25342047 0.08924748 -0.41530210
v -0.25233689 0.08784334 -0.41191301
v -0.25233689 0.08784334 -0.41191301
v -0.25014767 0.08967114 -0.41004390
v -0.25161141 0.08980439 -0.41343024
v -0.25465098 0.08576402 -0.41185066
v -0.25459364 0.08725382 -0.41427100
v -0.25631973 0.08567625 -0.41378996
v -0.25465098 0.08576402 -0.41185066
v -0.25411573 0.08531961 -0.40983805
v -0.25233689 0.08784334 -0.41191301
v -0.25465098 0.08576402 -0.41185066
v -0.25233689 0.08784334 -0.41191301
v -0.25459364 0.08725382 -0.41427100
v -0.25459364 0.08725382 -0.41427100
v -0.25233689 0.08784334 -0.41191301
v -0.25342047 0.08924748 -0.41530210
v -0.25459364 0.08725382 -0.41427100
v -0.25702822 0.08675356 -0.41589463
v -0.25631973 0.08567625 -0.41378996
v -0.25631973 0.08567625 -0.41378996
v -0.25702822 0.08675356 -0.41589463
v -0.25854602 0.08459186 -0.41396269
v -0.25710541 0.08372498 -0.41062257
v -0.25465098 0.08576402 -0.41185066
v -0.25631973 0.08567625 -0.41378996
v -0.25710541 0.08372498 -0.41062257
v -0.25631973 0.08567625 -0.41378996
v -0.25854602 0.08459186 -0.41396269
v -0.25959632 0.08297201 -0.41118294
v -0.26067212 0.08364409 -0.41347301
v -0.26114377 0.08206982 -0.40964895
v -0.25959632 0.08297201 -0.41118294
v -0.25710541 0.08372498 -0.41062257
v -0.25854602 0.08459186 -0.41396269
v -0.25959632 0.08297201 -0.41118294
v -0.25854602 0.08459186 -0.41396269
v -0.26067212 0.08364409 -0.41347301
v -0.26067212 0.08364409 -0.41347301
v -0.25854602 0.08459186 -0.41396269
v -0.26027492 0.08541026 -0.41604364
v -0.26067212 0.08364409 -0.41347301
v -0.26027492 0.08541026 -0.41604364
v -0.26229119 0.08460194 -0.41561866
v -0.26373515 0.08267181 -0.41246912
v -0.26067212 0.08364409 -0.41347301
v -0.26229119 0.08460194 -0.41561866
v -0.26373515 0.08267181 -0.41246912
v -0.26229119 0.08460194 -0.41561866
v -0.26539558 0.08415902 -0.41527918
v -0.26373515 0.08267181 -0.41246912
v -0.26114377 0.08206982 -0.40964895
v -0.26067212 0.08364409 -0.41347301
v -0.26689824 0.08297370 -0.41279054
v -0.26874700 0.08248840 -0.41061756
v -0.26539448 0.08166741 -0.40947604
v -0.26689824 0.08297370 -0.41279054
v -0.26539448 0.08166741 -0.40947604
v -0.26373515 0.08267181 -0.41246912
v -0.26539558 0.08415902 -0.41527918
v -0.26878947 0.08363533 -0.41342285
v -0.26689824 0.08297370 -0.41279054
v -0.26539558 0.08415902 -0.41527918
v -0.26689824 0.08297370 -0.41279054
v -0.26373515 0.08267181 -0.41246912
v -0.26539558 0.08415902 -0.41527918
v -0.26807499 0.08479940 -0.41561806
v -0.26878947 0.08363533 -0.41342285
v -0.26878947 0.08363533 -0.41342285
v -0.26807499 0.08479940 -0.41561806
v -0.27081606 0.08573241 -0.41561845
v -0.26878947 0.08363533 -0.41342285
v -0.27081606 0.08573241 -0.41561845
v -0.27139580 0.08460512 -0.41351730
v -0.26878947 0.08363533 -0.41342285
v -0.27139580 0.08460512 -0.41351730
v -0.27122876 0.08310714 -0.41004372
v -0.26878947 0.08363533 -0.41342285
v -0.27122876 0.08310714 -0.41004372
v -0.26874700 0.08248840 -0.41061756
v -0.26878947 0.08363533 -0.41342285
v -0.26874700 0.08248840 -0.41061756
v -0.26689824 0.08297370 -0.41279054
v -0.27316168 0.08441333 -0.41115412
v -0.27139580 0.08460512 -0.41351730
v -0.27388662 0.08612515 -0.41361463
v -0.27316168 0.08441333 -0.41115412
v -0.27122876 0.08310714 -0.41004372
v -0.27139580 0.08460512 -0.41351730
v -0.27139580 0.08460512 -0.41351730
v -0.27081606 0.08573241 -0.41561845
v -0.27369472 0.08714014 -0.41526979
v -0.27139580 0.08460512 -0.41351730
v -0.27369472 0.08714014 -0.41526979
v -0.27388662 0.08612515 -0.41361463
v -0.27369472 0.08714014 -0.41526979
v -0.27563074 0.08801269 -0.41427636
v -0.27388662 0.08612515 -0.41361463
v -0.27537990 0.08596798 -0.41118434
v -0.27316168 0.08441333 -0.41115412
v -0.27388662 0.08612515 -0.41361463
v -0.27537990 0.08596798 -0.41118434
v -0.27388662 0.08612515 -0.41361463
v -0.27563074 0.08801269 -0.41427636
v -0.27537990 0.08596798 -0.41118434
v -0.27563074 0.08801269 -0.41427636
v -0.27738133 0.08775978 -0.41108680
v -0.27738133 0.08775978 -0.41108680
v -0.27777439 0.09033946 -0.41405544
v -0.27875975 0.08964372 -0.41118056
v -0.27738133 0.08775978 -0.41108680
v -0.27563074 0.08801269 -0.41427636
v -0.27777439 0.09033946 -0.41405544
v -0.27839193 0.09258015 -0.41502526
v -0.28007814 0.09357179 -0.41281697
v -0.27777439 0.09033946 -0.41405544
v -0.28010583 0.09184453 -0.41106635
v -0.27875975 0.08964372 -0.41118056
v -0.27777439 0.09033946 -0.41405544
v -0.28010583 0.09184453 -0.41106635
v -0.27777439 0.09033946 -0.41405544
v -0.28007814 0.09357179 -0.41281697
v -0.28007814 0.09357179 -0.41281697
v -0.27993819 0.09536348 -0.41422990
v -0.28136158 0.09489743 -0.41061887
v -0.28007814 0.09357179 -0.41281697
v -0.28136158 0.09489743 -0.41061887
v -0.28010583 0.09184453 -0.41106635
v -0.27993819 0.09536348 -0.41422990
v -0.28007814 0.09357179 -0.41281697
v -0.27839193 0.09258015 -0.41502526
v -0.28006017 0.09826830 -0.41473484
v -0.28120938 0.09743075 -0.41226944
v -0.27993819 0.09536348 -0.41422990
v -0.28006017 0.09826830 -0.41473484
v -0.28131419 0.09970376 -0.41230625
v -0.28120938 0.09743075 -0.41226944
v -0.28120938 0.09743075 -0.41226944
v -0.28136158 0.09489743 -0.41061887
v -0.27993819 0.09536348 -0.41422990
v -0.27876464 0.10109223 -0.41644046
v -0.27995315 0.10127424 -0.41473582
v -0.28006017 0.09826830 -0.41473484
v -0.27876464 0.10109223 -0.41644046
v -0.28006017 0.09826830 -0.41473484
v -0.27866080 0.09838020 -0.41669390
v -0.27740258 0.09981974 -0.41794562
v -0.27713490 0.10219119 -0.41788989
v -0.27876464 0.10109223 -0.41644046
v -0.27740258 0.09981974 -0.41794562
v -0.27876464 0.10109223 -0.41644046
v -0.27866080 0.09838020 -0.41669390
v -0.27713490 0.10219119 -0.41788989
v -0.27812845 0.10381324 -0.41644135
v -0.27876464 0.10109223 -0.41644046
v -0.27713490 0.10219119 -0.41788989
v -0.27591819 0.10427899 -0.41830087
v -0.27812845 0.10381324 -0.41644135
v -0.27812845 0.10381324 -0.41644135
v -0.27939925 0.10452992 -0.41436082
v -0.27995315 0.10127424 -0.41473582
v -0.27812845 0.10381324 -0.41644135
v -0.27995315 0.10127424 -0.41473582
v -0.27876464 0.10109223 -0.41644046
v -0.27717492 0.10603997 -0.41646188
v -0.27939925 0.10452992 -0.41436082
v -0.27812845 0.10381324 -0.41644135
v -0.27717492 0.10603997 -0.41646188
v -0.27812845 0.10381324 -0.41644135
v -0.27591819 0.10427899 -0.41830087
v -0.27717492 0.10603997 -0.41646188
v -0.27591819 0.10427899 -0.41830087
v -0.27464029 0.10717712 -0.41796377
v -0.27464029 0.10717712 -0.41796377
v -0.27538776 0.10847764 -0.41651157
v -0.27717492 0.10603997 -0.41646188
v -0.27538776 0.10847764 -0.41651157
v -0.27449059 0.11054131 -0.41551164
v -0.27716732 0.10826272 -0.41473314
v -0.27538776 0.10847764 -0.41651157
v -0.27716732 0.10826272 -0.41473314
v -0.27717492 0.10603997 -0.41646188
v -0.27287522 0.10848442 -0.41828233
v -0.27182275 0.11071953 -0.41719994
v -0.27449059 0.11054131 -0.41551164
v -0.27287522 0.10848442 -0.41828233
v -0.27449059 0.11054131 -0.41551164
v -0.27538776 0.10847764 -0.41651157
v -0.27287522 0.10848442 -0.41828233
v -0.27538776 0.10847764 -0.41651157
v -0.27464029 0.10717712 -0.41796377
v -0.27287522 0.10848442 -0.41828233
v -0.27067932 0.10889801 -0.41898564
v -0.27182275 0.11071953 -0.41719994
v -0.27182275 0.11071953 -0.41719994
v -0.27067932 0.10889801 -0.41898564
v -0.26899803 0.11149864 -0.41778815
v -0.27118874 0.11256049 -0.41561806
v -0.27449059 0.11054131 -0.41551164
v -0.27182275 0.11071953 -0.41719994
v -0.27118874 0.11256049 -0.41561806
v -0.27182275 0.11071953 -0.41719994
v -0.26899803 0.11149864 -0.41778815
v -0.26875728 0.11385453 -0.41512200
v -0.26899803 0.11149864 -0.41778815
v -0.26638272 0.11307062 -0.41679412
v -0.26875728 0.11385453 -0.41512200
v -0.27118874 0.11256049 -0.41561806
v -0.26899803 0.11149864 -0.41778815
v -0.26638272 0.11307062 -0.41679412
v -0.26899803 0.11149864 -0.41778815
v -0.26530492 0.11072860 -0.41888890
v -0.26638272 0.11307062 -0.41679412
v -0.26530492 0.11072860 -0.41888890
v -0.26368636 0.11208456 -0.41783452
v -0.26563454 0.11384565 -0.41589233
v -0.26875728 0.11385453 -0.41512200
v -0.26638272 0.11307062 -0.41679412
v -0.26344940 0.11394617 -0.41568089
v -0.26368636 0.11208456 -0.41783452
v -0.26091507 0.11231585 -0.41713321
v -0.26344940 0.11394617 -0.41568089
v -0.26091507 0.11231585 -0.41713321
v -0.26063016 0.11346158 -0.41572198
v -0.26344940 0.11394617 -0.41568089
v -0.26563454 0.11384565 -0.41589233
v -0.26638272 0.11307062 -0.41679412
v -0.26344940 0.11394617 -0.41568089
v -0.26638272 0.11307062 -0.41679412
v -0.26368636 0.11208456 -0.41783452
v -0.26091507 0.11231585 -0.41713321
v -0.26368636 0.11208456 -0.41783452
v -0.26108083 0.11063246 -0.41856638
v -0.25722939 0.11205075 -0.41561675
v -0.26063016 0.11346158 -0.41572198
v -0.26091507 0.11231585 -0.41713321
v -0.25722939 0.11205075 -0.41561675
v -0.26091507 0.11231585 -0.41713321
v -0.25788590 0.11092377 -0.41719803
v -0.25788590 0.11092377 -0.41719803
v -0.26091507 0.11231585 -0.41713321
v -0.26108083 0.11063246 -0.41856638
v -0.25788590 0.11092377 -0.41719803
v -0.26108083 0.11063246 -0.41856638
v -0.25751930 0.10873993 -0.41866150
v -0.25544843 0.10899684 -0.41730782
v -0.25788590 0.11092377 -0.41719803
v -0.25751930 0.10873993 -0.41866150
v -0.25524718 0.11105093 -0.41519040
v -0.25722939 0.11205075 -0.41561675
v -0.25788590 0.11092377 -0.41719803
v -0.25524718 0.11105093 -0.41519040
v -0.25788590 0.11092377 -0.41719803
v -0.25544843 0.10899684 -0.41730782
v -0.25524718 0.11105093 -0.41519040
v -0.25544843 0.10899684 -0.41730782
v -0.25385761 0.10936276 -0.41561925
v -0.25385761 0.10936276 -0.41561925
v -0.25544843 0.10899684 -0.41730782
v -0.25387287 0.10653334 -0.41769421
v -0.25385761 0.10936276 -0.41561925
v -0.25387287 0.10653334 -0.41769421
v -0.25221401 0.10690425 -0.41589102
v -0.25544843 0.10899684 -0.41730782
v -0.25751930 0.10873993 -0.41866150
v -0.25387287 0.10653334 -0.41769421
v -0.25387287 0.10653334 -0.41769421
v -0.25389221 0.10433433 -0.41856796
v -0.25203589 0.10323169 -0.41752866
v -0.25387287 0.10653334 -0.41769421
v -0.25203589 0.10323169 -0.41752866
v -0.25221401 0.10690425 -0.41589102
v -0.25221401 0.10690425 -0.41589102
v -0.25203589 0.10323169 -0.41752866
v -0.25033075 0.10431080 -0.41509417
v -0.25033075 0.10431080 -0.41509417
v -0.25203589 0.10323169 -0.41752866
v -0.24976537 0.10141835 -0.41527051
v -0.24976537 0.10141835 -0.41527051
v -0.25203589 0.10323169 -0.41752866
v -0.25169659 0.10019024 -0.41769880
v -0.24976537 0.10141835 -0.41527051
v -0.25169659 0.10019024 -0.41769880
v -0.25015953 0.09884834 -0.41605002
v -0.25252867 0.09704129 -0.41831961
v -0.25047219 0.09620403 -0.41605750
v -0.25015953 0.09884834 -0.41605002
v -0.25252867 0.09704129 -0.41831961
v -0.25015953 0.09884834 -0.41605002
v -0.25169659 0.10019024 -0.41769880
v -0.25242931 0.09424648 -0.41754013
v -0.25047219 0.09620403 -0.41605750
v -0.25252867 0.09704129 -0.41831961
v -0.25047219 0.09620403 -0.41605750
v -0.25242931 0.09424648 -0.41754013
v -0.25027192 0.09441263 -0.41509676
v -0.25176480 0.09160136 -0.41537213
v -0.25242931 0.09424648 -0.41754013
v -0.25348082 0.09241788 -0.41762030
v -0.25176480 0.09160136 -0.41537213
v -0.25027192 0.09441263 -0.41509676
v -0.25242931 0.09424648 -0.41754013
v -0.25342047 0.08924748 -0.41530210
v -0.25176480 0.09160136 -0.41537213
v -0.25348082 0.09241788 -0.41762030
v -0.25342047 0.08924748 -0.41530210
v -0.25348082 0.09241788 -0.41762030
v -0.25502428 0.09033317 -0.41762498
v -0.25342047 0.08924748 -0.41530210
v -0.25502428 0.09033317 -0.41762498
v -0.25565797 0.08822293 -0.41641513
v -0.25565797 0.08822293 -0.41641513
v -0.25702822 0.08675356 -0.41589463
v -0.25459364 0.08725382 -0.41427100
v -0.25565797 0.08822293 -0.41641513
v -0.25459364 0.08725382 -0.41427100
v -0.25342047 0.08924748 -0.41530210
v -0.25502428 0.09033317 -0.41762498
v -0.25791222 0.08900294 -0.41834047
v -0.25565797 0.08822293 -0.41641513
v -0.25878888 0.08683395 -0.41699708
v -0.25702822 0.08675356 -0.41589463
v -0.25565797 0.08822293 -0.41641513
v -0.25878888 0.08683395 -0.41699708
v -0.25565797 0.08822293 -0.41641513
v -0.25791222 0.08900294 -0.41834047
v -0.25878888 0.08683395 -0.41699708
v -0.25791222 0.08900294 -0.41834047
v -0.26164731 0.08735136 -0.41838604
v -0.25702822 0.08675356 -0.41589463
v -0.25878888 0.08683395 -0.41699708
v -0.25854602 0.08459186 -0.41396269
v -0.26027492 0.08541026 -0.41604364
v -0.26248759 0.08589248 -0.41720042
v -0.26229119 0.08460194 -0.41561866
v -0.26027492 0.08541026 -0.41604364
v -0.25854602 0.08459186 -0.41396269
v -0.25878888 0.08683395 -0.41699708
v -0.26164731 0.08735136 -0.41838604
v -0.26248759 0.08589248 -0.41720042
v -0.26027492 0.08541026 -0.41604364
v -0.26164731 0.08735136 -0.41838604
v -0.26027492 0.08541026 -0.41604364
v -0.25878888 0.08683395 -0.41699708
v -0.26248759 0.08589248 -0.41720042
v -0.26164731 0.08735136 -0.41838604
v -0.26531160 0.08703331 -0.41838694
v -0.26248759 0.08589248 -0.41720042
v -0.26531160 0.08703331 -0.41838694
v -0.26585275 0.08611657 -0.41763288
v -0.26229119 0.08460194 -0.41561866
v -0.26248759 0.08589248 -0.41720042
v -0.26585275 0.08611657 -0.41763288
v -0.26229119 0.08460194 -0.41561866
v -0.26585275 0.08611657 -0.41763288
v -0.26539558 0.08415902 -0.41527918
v -0.26539558 0.08415902 -0.41527918
v -0.26585275 0.08611657 -0.41763288
v -0.26807499 0.08479940 -0.41561806
v -0.26908281 0.08644459 -0.41719893
v -0.26585275 0.08611657 -0.41763288
v -0.26909089 0.08810365 -0.41855589
v -0.26807499 0.08479940 -0.41561806
v -0.26585275 0.08611657 -0.41763288
v -0.26908281 0.08644459 -0.41719893
v -0.26807499 0.08479940 -0.41561806
v -0.26908281 0.08644459 -0.41719893
v -0.27081606 0.08573241 -0.41561845
v -0.27081606 0.08573241 -0.41561845
v -0.27193314 0.08797500 -0.41736507
v -0.27369472 0.08714014 -0.41526979
v -0.27081606 0.08573241 -0.41561845
v -0.26908281 0.08644459 -0.41719893
v -0.27193314 0.08797500 -0.41736507
v -0.27193314 0.08797500 -0.41736507
v -0.26908281 0.08644459 -0.41719893
v -0.26909089 0.08810365 -0.41855589
v -0.27193314 0.08797500 -0.41736507
v -0.26909089 0.08810365 -0.41855589
v -0.27114746 0.08944785 -0.41873631
v -0.27193314 0.08797500 -0.41736507
v -0.27114746 0.08944785 -0.41873631
v -0.27446049 0.09086145 -0.41783354
v -0.27193314 0.08797500 -0.41736507
v -0.27446049 0.09086145 -0.41783354
v -0.27453288 0.08909489 -0.41650060
v -0.27369472 0.08714014 -0.41526979
v -0.27193314 0.08797500 -0.41736507
v -0.27453288 0.08909489 -0.41650060
v -0.27369472 0.08714014 -0.41526979
v -0.27453288 0.08909489 -0.41650060
v -0.27563074 0.08801269 -0.41427636
v -0.27595380 0.09059258 -0.41644156
v -0.27777439 0.09033946 -0.41405544
v -0.27563074 0.08801269 -0.41427636
v -0.27595380 0.09059258 -0.41644156
v -0.27563074 0.08801269 -0.41427636
v -0.27453288 0.08909489 -0.41650060
v -0.27446049 0.09086145 -0.41783354
v -0.27595380 0.09059258 -0.41644156
v -0.27453288 0.08909489 -0.41650060
v -0.27554050 0.09334321 -0.41828412
v -0.27714768 0.09300521 -0.41677219
v -0.27595380 0.09059258 -0.41644156
v -0.27554050 0.09334321 -0.41828412
v -0.27595380 0.09059258 -0.41644156
v -0.27446049 0.09086145 -0.41783354
v -0.27714768 0.09300521 -0.41677219
v -0.27839193 0.09258015 -0.41502526
v -0.27777439 0.09033946 -0.41405544
v -0.27714768 0.09300521 -0.41677219
v -0.27777439 0.09033946 -0.41405544
v -0.27595380 0.09059258 -0.41644156
v -0.27840281 0.09556286 -0.41644165
v -0.27993819 0.09536348 -0.41422990
v -0.27839193 0.09258015 -0.41502526
v -0.27840281 0.09556286 -0.41644165
v -0.27839193 0.09258015 -0.41502526
v -0.27714768 0.09300521 -0.41677219
v -0.27685168 0.09632681 -0.41818607
v -0.27840281 0.09556286 -0.41644165
v -0.27714768 0.09300521 -0.41677219
v -0.27685168 0.09632681 -0.41818607
v -0.27714768 0.09300521 -0.41677219
v -0.27554050 0.09334321 -0.41828412
v -0.27685168 0.09632681 -0.41818607
v -0.27866080 0.09838020 -0.41669390
v -0.27840281 0.09556286 -0.41644165
v -0.27685168 0.09632681 -0.41818607
v -0.27740258 0.09981974 -0.41794562
v -0.27866080 0.09838020 -0.41669390
v -0.27866080 0.09838020 -0.41669390
v -0.28006017 0.09826830 -0.41473484
v -0.27993819 0.09536348 -0.41422990
v -0.27866080 0.09838020 -0.41669390
v -0.27993819 0.09536348 -0.41422990
v -0.27840281 0.09556286 -0.41644165
v -0.27584258 0.09967344 -0.41907689
v -0.27536148 0.10233989 -0.41911739
v -0.27713490 0.10219119 -0.41788989
v -0.27584258 0.09967344 -0.41907689
v -0.27713490 0.10219119 -0.41788989
v -0.27740258 0.09981974 -0.41794562
v -0.27341738 0.10103628 -0.42014393
v -0.27536148 0.10233989 -0.41911739
v -0.27584258 0.09967344 -0.41907689
v -0.27341738 0.10103628 -0.42014393
v -0.27584258 0.09967344 -0.41907689
v -0.27353010 0.09761745 -0.42013195
v -0.27276722 0.10323478 -0.42011133
v -0.27536148 0.10233989 -0.41911739
v -0.27341738 0.10103628 -0.42014393
v -0.27536148 0.10233989 -0.41911739
v -0.27591819 0.10427899 -0.41830087
v -0.27713490 0.10219119 -0.41788989
v -0.27591819 0.10427899 -0.41830087
v -0.27317980 0.10552176 -0.41944939
v -0.27464029 0.10717712 -0.41796377
v -0.27591819 0.10427899 -0.41830087
v -0.27536148 0.10233989 -0.41911739
v -0.27317980 0.10552176 -0.41944939
v -0.27317980 0.10552176 -0.41944939
v -0.27536148 0.10233989 -0.41911739
v -0.27276722 0.10323478 -0.42011133
v -0.27317980 0.10552176 -0.41944939
v -0.27276722 0.10323478 -0.42011133
v -0.27008232 0.10561211 -0.42028815
v -0.27317980 0.10552176 -0.41944939
v -0.27147260 0.10687902 -0.41958994
v -0.27287522 0.10848442 -0.41828233
v -0.27317980 0.10552176 -0.41944939
v -0.27287522 0.10848442 -0.41828233
v -0.27464029 0.10717712 -0.41796377
v -0.27287522 0.10848442 -0.41828233
v -0.27147260 0.10687902 -0.41958994
v -0.27067932 0.10889801 -0.41898564
v -0.27147260 0.10687902 -0.41958994
v -0.27317980 0.10552176 -0.41944939
v -0.27008232 0.10561211 -0.42028815
v -0.27147260 0.10687902 -0.41958994
v -0.27008232 0.10561211 -0.42028815
v -0.26760453 0.10734417 -0.42023170
v -0.26846665 0.10919382 -0.41940832
v -0.27067932 0.10889801 -0.41898564
v -0.27147260 0.10687902 -0.41958994
v -0.26846665 0.10919382 -0.41940832
v -0.27147260 0.10687902 -0.41958994
v -0.26760453 0.10734417 -0.42023170
v -0.27067932 0.10889801 -0.41898564
v -0.26846665 0.10919382 -0.41940832
v -0.26899803 0.11149864 -0.41778815
v -0.26846665 0.10919382 -0.41940832
v -0.26530492 0.11072860 -0.41888890
v -0.26899803 0.11149864 -0.41778815
v -0.26846665 0.10919382 -0.41940832
v -0.26760453 0.10734417 -0.42023170
v -0.26448292 0.10832135 -0.42009667
v -0.26448292 0.10832135 -0.42009667
v -0.26530492 0.11072860 -0.41888890
v -0.26846665 0.10919382 -0.41940832
v -0.26530492 0.11072860 -0.41888890
v -0.26175594 0.10933254 -0.41946366
v -0.26108083 0.11063246 -0.41856638
v -0.26530492 0.11072860 -0.41888890
v -0.26108083 0.11063246 -0.41856638
v -0.26368636 0.11208456 -0.41783452
v -0.26448292 0.10832135 -0.42009667
v -0.26175594 0.10933254 -0.41946366
v -0.26530492 0.11072860 -0.41888890
v -0.26175594 0.10933254 -0.41946366
v -0.26448292 0.10832135 -0.42009667
v -0.26026642 0.10714092 -0.42009854
v -0.25751930 0.10873993 -0.41866150
v -0.26175594 0.10933254 -0.41946366
v -0.25797278 0.10759610 -0.41933000
v -0.25751930 0.10873993 -0.41866150
v -0.26108083 0.11063246 -0.41856638
v -0.26175594 0.10933254 -0.41946366
v -0.26026642 0.10714092 -0.42009854
v -0.25797278 0.10759610 -0.41933000
v -0.26175594 0.10933254 -0.41946366
v -0.26026642 0.10714092 -0.42009854
v -0.25851902 0.10520401 -0.42024627
v -0.25797278 0.10759610 -0.41933000
v -0.25582784 0.10602660 -0.41907790
v -0.25387287 0.10653334 -0.41769421
v -0.25751930 0.10873993 -0.41866150
v -0.25582784 0.10602660 -0.41907790
v -0.25751930 0.10873993 -0.41866150
v -0.25797278 0.10759610 -0.41933000
v -0.25585863 0.10398497 -0.41970402
v -0.25582784 0.10602660 -0.41907790
v -0.25797278 0.10759610 -0.41933000
v -0.25585863 0.10398497 -0.41970402
v -0.25797278 0.10759610 -0.41933000
v -0.25851902 0.10520401 -0.42024627
v -0.25585863 0.10398497 -0.41970402
v -0.25851902 0.10520401 -0.42024627
v -0.25596684 0.10139831 -0.42011571
v -0.25389221 0.10433433 -0.41856796
v -0.25582784 0.10602660 -0.41907790
v -0.25585863 0.10398497 -0.41970402
v -0.25389221 0.10433433 -0.41856796
v -0.25387287 0.10653334 -0.41769421
v -0.25582784 0.10602660 -0.41907790
v -0.25365126 0.10093246 -0.41910872
v -0.25203589 0.10323169 -0.41752866
v -0.25389221 0.10433433 -0.41856796
v -0.25365126 0.10093246 -0.41910872
v -0.25389221 0.10433433 -0.41856796
v -0.25585863 0.10398497 -0.41970402
v -0.25585863 0.10398497 -0.41970402
v -0.25596684 0.10139831 -0.42011571
v -0.25365126 0.10093246 -0.41910872
v -0.25596684 0.10139831 -0.42011571
v -0.25514534 0.09781612 -0.41987506
v -0.25365126 0.10093246 -0.41910872
v -0.25365126 0.10093246 -0.41910872
v -0.25169659 0.10019024 -0.41769880
v -0.25203589 0.10323169 -0.41752866
v -0.25252867 0.09704129 -0.41831961
v -0.25169659 0.10019024 -0.41769880
v -0.25365126 0.10093246 -0.41910872
v -0.25252867 0.09704129 -0.41831961
v -0.25365126 0.10093246 -0.41910872
v -0.25514534 0.09781612 -0.41987506
v -0.25514534 0.09781612 -0.41987506
v -0.25723284 0.09555826 -0.42031726
v -0.25499216 0.09460193 -0.41933918
v -0.25252867 0.09704129 -0.41831961
v -0.25514534 0.09781612 -0.41987506
v -0.25499216 0.09460193 -0.41933918
v -0.25252867 0.09704129 -0.41831961
v -0.25499216 0.09460193 -0.41933918
v -0.25242931 0.09424648 -0.41754013
v -0.25499216 0.09460193 -0.41933918
v -0.25639641 0.09157734 -0.41905215
v -0.25348082 0.09241788 -0.41762030
v -0.25499216 0.09460193 -0.41933918
v -0.25348082 0.09241788 -0.41762030
v -0.25242931 0.09424648 -0.41754013
v -0.25499216 0.09460193 -0.41933918
v -0.25815928 0.09299254 -0.42010793
v -0.25639641 0.09157734 -0.41905215
v -0.25499216 0.09460193 -0.41933918
v -0.25723284 0.09555826 -0.42031726
v -0.25815928 0.09299254 -0.42010793
v -0.25639641 0.09157734 -0.41905215
v -0.25502428 0.09033317 -0.41762498
v -0.25348082 0.09241788 -0.41762030
v -0.25639641 0.09157734 -0.41905215
v -0.25791222 0.08900294 -0.41834047
v -0.25502428 0.09033317 -0.41762498
v -0.25815928 0.09299254 -0.42010793
v -0.25972846 0.08985047 -0.41940662
v -0.25639641 0.09157734 -0.41905215
v -0.25815928 0.09299254 -0.42010793
v -0.26088428 0.09163877 -0.42025822
v -0.25972846 0.08985047 -0.41940662
v -0.25972846 0.08985047 -0.41940662
v -0.26088428 0.09163877 -0.42025822
v -0.26233131 0.08970176 -0.41978750
v -0.25791222 0.08900294 -0.41834047
v -0.25639641 0.09157734 -0.41905215
v -0.25972846 0.08985047 -0.41940662
v -0.25791222 0.08900294 -0.41834047
v -0.25972846 0.08985047 -0.41940662
v -0.26164731 0.08735136 -0.41838604
v -0.26164731 0.08735136 -0.41838604
v -0.25972846 0.08985047 -0.41940662
v -0.26233131 0.08970176 -0.41978750
v -0.26233131 0.08970176 -0.41978750
v -0.26549521 0.09076422 -0.42025402
v -0.26575261 0.08894659 -0.41955772
v -0.26164731 0.08735136 -0.41838604
v -0.26233131 0.08970176 -0.41978750
v -0.26575261 0.08894659 -0.41955772
v -0.26164731 0.08735136 -0.41838604
v -0.26575261 0.08894659 -0.41955772
v -0.26531160 0.08703331 -0.41838694
v -0.26575261 0.08894659 -0.41955772
v -0.26549521 0.09076422 -0.42025402
v -0.26910064 0.09216975 -0.42032164
v -0.26575261 0.08894659 -0.41955772
v -0.26910064 0.09216975 -0.42032164
v -0.26892900 0.08988916 -0.41956320
v -0.26909089 0.08810365 -0.41855589
v -0.26531160 0.08703331 -0.41838694
v -0.26575261 0.08894659 -0.41955772
v -0.26909089 0.08810365 -0.41855589
v -0.26575261 0.08894659 -0.41955772
v -0.26892900 0.08988916 -0.41956320
v -0.26909089 0.08810365 -0.41855589
v -0.26585275 0.08611657 -0.41763288
v -0.26531160 0.08703331 -0.41838694
v -0.27114746 0.08944785 -0.41873631
v -0.26909089 0.08810365 -0.41855589
v -0.26892900 0.08988916 -0.41956320
v -0.26892900 0.08988916 -0.41956320
v -0.27152145 0.09114131 -0.41942257
v -0.27114746 0.08944785 -0.41873631
v -0.26892900 0.08988916 -0.41956320
v -0.26910064 0.09216975 -0.42032164
v -0.27152145 0.09114131 -0.41942257
v -0.27152145 0.09114131 -0.41942257
v -0.26910064 0.09216975 -0.42032164
v -0.27205074 0.09388565 -0.42007282
v -0.27114746 0.08944785 -0.41873631
v -0.27152145 0.09114131 -0.41942257
v -0.27446049 0.09086145 -0.41783354
v -0.27354494 0.09244163 -0.41907790
v -0.27554050 0.09334321 -0.41828412
v -0.27446049 0.09086145 -0.41783354
v -0.27354494 0.09244163 -0.41907790
v -0.27446049 0.09086145 -0.41783354
v -0.27152145 0.09114131 -0.41942257
v -0.27205074 0.09388565 -0.42007282
v -0.27354494 0.09244163 -0.41907790
v -0.27152145 0.09114131 -0.41942257
v -0.27205074 0.09388565 -0.42007282
v -0.27488485 0.09600467 -0.41936922
v -0.27354494 0.09244163 -0.41907790
v -0.27205074 0.09388565 -0.42007282
v -0.27353010 0.09761745 -0.42013195
v -0.27488485 0.09600467 -0.41936922
v -0.27554050 0.09334321 -0.41828412
v -0.27354494 0.09244163 -0.41907790
v -0.27488485 0.09600467 -0.41936922
v -0.27685168 0.09632681 -0.41818607
v -0.27554050 0.09334321 -0.41828412
v -0.27488485 0.09600467 -0.41936922
v -0.27353010 0.09761745 -0.42013195
v -0.27584258 0.09967344 -0.41907689
v -0.27488485 0.09600467 -0.41936922
v -0.27685168 0.09632681 -0.41818607
v -0.27488485 0.09600467 -0.41936922
v -0.27584258 0.09967344 -0.41907689
v -0.27685168 0.09632681 -0.41818607
v -0.27584258 0.09967344 -0.41907689
v -0.27740258 0.09981974 -0.41794562
v -0.27341738 0.10103628 -0.42014393
v -0.26985282 0.09904662 -0.42105708
v -0.26930422 0.10205933 -0.42097819
v -0.27276722 0.10323478 -0.42011133
v -0.27341738 0.10103628 -0.42014393
v -0.26930422 0.10205933 -0.42097819
v -0.26930422 0.10205933 -0.42097819
v -0.26727027 0.10340324 -0.42114943
v -0.27008232 0.10561211 -0.42028815
v -0.27276722 0.10323478 -0.42011133
v -0.26930422 0.10205933 -0.42097819
v -0.27008232 0.10561211 -0.42028815
v -0.26545143 0.10437234 -0.42104751
v -0.27008232 0.10561211 -0.42028815
v -0.26727027 0.10340324 -0.42114943
v -0.26760453 0.10734417 -0.42023170
v -0.27008232 0.10561211 -0.42028815
v -0.26545143 0.10437234 -0.42104751
v -0.26760453 0.10734417 -0.42023170
v -0.26545143 0.10437234 -0.42104751
v -0.26448292 0.10832135 -0.42009667
v -0.26225540 0.10445870 -0.42088935
v -0.26448292 0.10832135 -0.42009667
v -0.26545143 0.10437234 -0.42104751
v -0.26225540 0.10445870 -0.42088935
v -0.26545143 0.10437234 -0.42104751
v -0.26398695 0.10393750 -0.42123452
v -0.26026642 0.10714092 -0.42009854
v -0.26448292 0.10832135 -0.42009667
v -0.26225540 0.10445870 -0.42088935
v -0.26026642 0.10714092 -0.42009854
v -0.26225540 0.10445870 -0.42088935
v -0.25851902 0.10520401 -0.42024627
v -0.26225540 0.10445870 -0.42088935
v -0.26398695 0.10393750 -0.42123452
v -0.26155469 0.10276175 -0.42123958
v -0.26024130 0.10202772 -0.42102936
v -0.25851902 0.10520401 -0.42024627
v -0.26225540 0.10445870 -0.42088935
v -0.26024130 0.10202772 -0.42102936
v -0.26225540 0.10445870 -0.42088935
v -0.26155469 0.10276175 -0.42123958
v -0.25851902 0.10520401 -0.42024627
v -0.26024130 0.10202772 -0.42102936
v -0.25596684 0.10139831 -0.42011571
v -0.25596684 0.10139831 -0.42011571
v -0.26024130 0.10202772 -0.42102936
v -0.25814930 0.09920599 -0.42071861
v -0.26024130 0.10202772 -0.42102936
v -0.25995296 0.09951854 -0.42120001
v -0.25814930 0.09920599 -0.42071861
v -0.25596684 0.10139831 -0.42011571
v -0.25814930 0.09920599 -0.42071861
v -0.25514534 0.09781612 -0.41987506
v -0.25814930 0.09920599 -0.42071861
v -0.25723284 0.09555826 -0.42031726
v -0.25514534 0.09781612 -0.41987506
v -0.25814930 0.09920599 -0.42071861
v -0.25997722 0.09778260 -0.42111742
v -0.25723284 0.09555826 -0.42031726
v -0.25814930 0.09920599 -0.42071861
v -0.25995296 0.09951854 -0.42120001
v -0.25997722 0.09778260 -0.42111742
v -0.25997722 0.09778260 -0.42111742
v -0.26101971 0.09552196 -0.42104432
v -0.25723284 0.09555826 -0.42031726
v -0.25723284 0.09555826 -0.42031726
v -0.26101971 0.09552196 -0.42104432
v -0.25815928 0.09299254 -0.42010793
v -0.26088428 0.09163877 -0.42025822
v -0.25815928 0.09299254 -0.42010793
v -0.26101971 0.09552196 -0.42104432
v -0.26088428 0.09163877 -0.42025822
v -0.26101971 0.09552196 -0.42104432
v -0.26432604 0.09394140 -0.42102429
v -0.26549521 0.09076422 -0.42025402
v -0.26088428 0.09163877 -0.42025822
v -0.26432604 0.09394140 -0.42102429
v -0.26549521 0.09076422 -0.42025402
v -0.26233131 0.08970176 -0.41978750
v -0.26088428 0.09163877 -0.42025822
v -0.26549521 0.09076422 -0.42025402
v -0.26432604 0.09394140 -0.42102429
v -0.26737586 0.09481875 -0.42104322
v -0.26549521 0.09076422 -0.42025402
v -0.26737586 0.09481875 -0.42104322
v -0.26910064 0.09216975 -0.42032164
v -0.27205074 0.09388565 -0.42007282
v -0.26910064 0.09216975 -0.42032164
v -0.26926449 0.09640699 -0.42099375
v -0.26926449 0.09640699 -0.42099375
v -0.26910064 0.09216975 -0.42032164
v -0.26737586 0.09481875 -0.42104322
v -0.26926449 0.09640699 -0.42099375
v -0.26985282 0.09904662 -0.42105708
v -0.27353010 0.09761745 -0.42013195
v -0.27205074 0.09388565 -0.42007282
v -0.26926449 0.09640699 -0.42099375
v -0.27353010 0.09761745 -0.42013195
v -0.26985282 0.09904662 -0.42105708
v -0.27341738 0.10103628 -0.42014393
v -0.27353010 0.09761745 -0.42013195
v -0.27464586 0.10400871 -0.36228132
v -0.27601460 0.10343365 -0.36457151
v -0.27548185 0.10201027 -0.36242276
v -0.27464586 0.10400871 -0.36228132
v -0.27542847 0.10574307 -0.36577198
v -0.27601460 0.10343365 -0.36457151
v -0.27601460 0.10343365 -0.36457151
v -0.27542847 0.10574307 -0.36577198
v -0.27723572 0.10570826 -0.37007535
v -0.27601460 0.10343365 -0.36457151
v -0.27723572 0.10570826 -0.37007535
v -0.27738506 0.10359363 -0.36808258
v -0.27776524 0.10173401 -0.36780393
v -0.27548185 0.10201027 -0.36242276
v -0.27601460 0.10343365 -0.36457151
v -0.27776524 0.10173401 -0.36780393
v -0.27601460 0.10343365 -0.36457151
v -0.27738506 0.10359363 -0.36808258
v -0.27776524 0.10173401 -0.36780393
v -0.27729359 0.10046472 -0.36606559
v -0.27548185 0.10201027 -0.36242276
v -0.27548185 0.10201027 -0.36242276
v -0.27729359 0.10046472 -0.36606559
v -0.27596793 0.09993903 -0.36281639
v -0.27216533 0.10770900 -0.36281541
v -0.27413654 0.10768426 -0.36606261
v -0.27376115 0.10622478 -0.36310434
v -0.27216533 0.10770900 -0.36281541
v -0.27256209 0.10983400 -0.36741757
v -0.27413654 0.10768426 -0.36606261
v -0.27413654 0.10768426 -0.36606261
v -0.27256209 0.10983400 -0.36741757
v -0.27419600 0.10940884 -0.36948672
v -0.27542847 0.10574307 -0.36577198
v -0.27376115 0.10622478 -0.36310434
v -0.27413654 0.10768426 -0.36606261
v -0.27376115 0.10622478 -0.36310434
v -0.27542847 0.10574307 -0.36577198
v -0.27464586 0.10400871 -0.36228132
v -0.27041233 0.11113073 -0.36746106
v -0.27046448 0.10933872 -0.36350954
v -0.26859033 0.10959005 -0.36229271
v -0.27041233 0.11113073 -0.36746106
v -0.26859033 0.10959005 -0.36229271
v -0.26747718 0.11092099 -0.36439586
v -0.27041233 0.11113073 -0.36746106
v -0.26747718 0.11092099 -0.36439586
v -0.26812226 0.11236432 -0.36849478
v -0.27256209 0.10983400 -0.36741757
v -0.27046448 0.10933872 -0.36350954
v -0.27041233 0.11113073 -0.36746106
v -0.27046448 0.10933872 -0.36350954
v -0.27256209 0.10983400 -0.36741757
v -0.27216533 0.10770900 -0.36281541
v -0.26408029 0.11126506 -0.36446989
v -0.26615685 0.11027861 -0.36242604
v -0.26297507 0.11045004 -0.36286047
v -0.26408029 0.11126506 -0.36446989
v -0.26608601 0.11247163 -0.36780563
v -0.26615685 0.11027861 -0.36242604
v -0.26408029 0.11126506 -0.36446989
v -0.26271915 0.11281351 -0.36884683
v -0.26497030 0.11350765 -0.37053901
v -0.26408029 0.11126506 -0.36446989
v -0.26497030 0.11350765 -0.37053901
v -0.26608601 0.11247163 -0.36780563
v -0.26747718 0.11092099 -0.36439586
v -0.26615685 0.11027861 -0.36242604
v -0.26608601 0.11247163 -0.36780563
v -0.26747718 0.11092099 -0.36439586
v -0.26608601 0.11247163 -0.36780563
v -0.26812226 0.11236432 -0.36849478
v -0.26747718 0.11092099 -0.36439586
v -0.26859033 0.10959005 -0.36229271
v -0.26615685 0.11027861 -0.36242604
v -0.26033005 0.11145476 -0.36680949
v -0.25978523 0.10958746 -0.36301637
v -0.25821203 0.11178387 -0.37007615
v -0.26271915 0.11281351 -0.36884683
v -0.26297507 0.11045004 -0.36286047
v -0.26033005 0.11145476 -0.36680949
v -0.26271915 0.11281351 -0.36884683
v -0.26408029 0.11126506 -0.36446989
v -0.26297507 0.11045004 -0.36286047
v -0.26297507 0.11045004 -0.36286047
v -0.25978523 0.10958746 -0.36301637
v -0.26033005 0.11145476 -0.36680949
v -0.25574455 0.10738964 -0.36461169
v -0.25788432 0.10799932 -0.36232194
v -0.25536087 0.10574586 -0.36294854
v -0.25574455 0.10738964 -0.36461169
v -0.25663996 0.11018056 -0.36846277
v -0.25788432 0.10799932 -0.36232194
v -0.25574455 0.10738964 -0.36461169
v -0.25450248 0.10863740 -0.36929405
v -0.25663996 0.11018056 -0.36846277
v -0.25663996 0.11018056 -0.36846277
v -0.25821203 0.11178387 -0.37007615
v -0.25978523 0.10958746 -0.36301637
v -0.25663996 0.11018056 -0.36846277
v -0.25978523 0.10958746 -0.36301637
v -0.25788432 0.10799932 -0.36232194
v -0.25429630 0.10408302 -0.36312586
v -0.25367120 0.10176253 -0.36281380
v -0.25267866 0.10218780 -0.36528268
v -0.25221562 0.10406317 -0.36794546
v -0.25357905 0.10582464 -0.36671087
v -0.25429630 0.10408302 -0.36312586
v -0.25221562 0.10406317 -0.36794546
v -0.25429630 0.10408302 -0.36312586
v -0.25267866 0.10218780 -0.36528268
v -0.25357905 0.10582464 -0.36671087
v -0.25536087 0.10574586 -0.36294854
v -0.25429630 0.10408302 -0.36312586
v -0.25357905 0.10582464 -0.36671087
v -0.25281021 0.10752279 -0.37113979
v -0.25450248 0.10863740 -0.36929405
v -0.25357905 0.10582464 -0.36671087
v -0.25450248 0.10863740 -0.36929405
v -0.25574455 0.10738964 -0.36461169
v -0.25357905 0.10582464 -0.36671087
v -0.25574455 0.10738964 -0.36461169
v -0.25536087 0.10574586 -0.36294854
v -0.25323129 0.09973836 -0.36312678
v -0.25389573 0.09752390 -0.36209452
v -0.25235131 0.09736033 -0.36549282
v -0.25134644 0.09947307 -0.36778289
v -0.25323129 0.09973836 -0.36312678
v -0.25235131 0.09736033 -0.36549282
v -0.25267866 0.10218780 -0.36528268
v -0.25323129 0.09973836 -0.36312678
v -0.25134644 0.09947307 -0.36778289
v -0.25267866 0.10218780 -0.36528268
v -0.25134644 0.09947307 -0.36778289
v -0.25054359 0.10234717 -0.37113571
v -0.25267866 0.10218780 -0.36528268
v -0.25054359 0.10234717 -0.37113571
v -0.25221562 0.10406317 -0.36794546
v -0.25367120 0.10176253 -0.36281380
v -0.25323129 0.09973836 -0.36312678
v -0.25267866 0.10218780 -0.36528268
v -0.25240648 0.09485006 -0.36707348
v -0.25391066 0.09531661 -0.36312586
v -0.25487918 0.09329314 -0.36312509
v -0.25240648 0.09485006 -0.36707348
v -0.25487918 0.09329314 -0.36312509
v -0.25276086 0.09249339 -0.36878869
v -0.25235131 0.09736033 -0.36549282
v -0.25391066 0.09531661 -0.36312586
v -0.25240648 0.09485006 -0.36707348
v -0.25235131 0.09736033 -0.36549282
v -0.25389573 0.09752390 -0.36209452
v -0.25391066 0.09531661 -0.36312586
v -0.25647059 0.09121451 -0.36313066
v -0.25813374 0.09002530 -0.36281490
v -0.25707060 0.08909300 -0.36607167
v -0.25647059 0.09121451 -0.36313066
v -0.25707060 0.08909300 -0.36607167
v -0.25493971 0.09055857 -0.36698833
v -0.25276086 0.09249339 -0.36878869
v -0.25487918 0.09329314 -0.36312509
v -0.25493971 0.09055857 -0.36698833
v -0.25487918 0.09329314 -0.36312509
v -0.25647059 0.09121451 -0.36313066
v -0.25493971 0.09055857 -0.36698833
v -0.26006427 0.08892146 -0.36281431
v -0.26262701 0.08834062 -0.36234316
v -0.26148215 0.08702414 -0.36592188
v -0.26006427 0.08892146 -0.36281431
v -0.26148215 0.08702414 -0.36592188
v -0.25923547 0.08761007 -0.36643091
v -0.25813374 0.09002530 -0.36281490
v -0.26006427 0.08892146 -0.36281431
v -0.25923547 0.08761007 -0.36643091
v -0.25813374 0.09002530 -0.36281490
v -0.25923547 0.08761007 -0.36643091
v -0.25707060 0.08909300 -0.36607167
v -0.26613230 0.08784395 -0.36311680
v -0.26409245 0.08710434 -0.36471939
v -0.26262701 0.08834062 -0.36234316
v -0.26613230 0.08784395 -0.36311680
v -0.26262701 0.08834062 -0.36234316
v -0.26515502 0.08848473 -0.36197007
v -0.26409245 0.08710434 -0.36471939
v -0.26613230 0.08784395 -0.36311680
v -0.26584399 0.08558032 -0.36886388
v -0.26409245 0.08710434 -0.36471939
v -0.26584399 0.08558032 -0.36886388
v -0.26379365 0.08517171 -0.36993763
v -0.26148215 0.08702414 -0.36592188
v -0.26409245 0.08710434 -0.36471939
v -0.26379365 0.08517171 -0.36993763
v -0.26148215 0.08702414 -0.36592188
v -0.26379365 0.08517171 -0.36993763
v -0.26162270 0.08529039 -0.37053770
v -0.26262701 0.08834062 -0.36234316
v -0.26409245 0.08710434 -0.36471939
v -0.26148215 0.08702414 -0.36592188
v -0.27035967 0.08734308 -0.36739483
v -0.26778597 0.08694126 -0.36605811
v -0.26977822 0.08901711 -0.36295861
v -0.27035967 0.08734308 -0.36739483
v -0.26931369 0.08578168 -0.37034222
v -0.26778597 0.08694126 -0.36605811
v -0.26778597 0.08694126 -0.36605811
v -0.26584399 0.08558032 -0.36886388
v -0.26613230 0.08784395 -0.36311680
v -0.26613230 0.08784395 -0.36311680
v -0.26977822 0.08901711 -0.36295861
v -0.26778597 0.08694126 -0.36605811
v -0.27421534 0.09162870 -0.36476758
v -0.27187741 0.09038484 -0.36300132
v -0.27257833 0.09170379 -0.36214930
v -0.27421534 0.09162870 -0.36476758
v -0.27257833 0.09170379 -0.36214930
v -0.27414501 0.09349450 -0.36229908
v -0.27412638 0.08895616 -0.36950079
v -0.27264875 0.08821266 -0.36849669
v -0.27187741 0.09038484 -0.36300132
v -0.27412638 0.08895616 -0.36950079
v -0.27187741 0.09038484 -0.36300132
v -0.27421534 0.09162870 -0.36476758
v -0.27264875 0.08821266 -0.36849669
v -0.27035967 0.08734308 -0.36739483
v -0.26977822 0.08901711 -0.36295861
v -0.26977822 0.08901711 -0.36295861
v -0.27187741 0.09038484 -0.36300132
v -0.27264875 0.08821266 -0.36849669
v -0.27462494 0.09492856 -0.36195412
v -0.27578574 0.09463245 -0.36432895
v -0.27414501 0.09349450 -0.36229908
v -0.27462494 0.09492856 -0.36195412
v -0.27581954 0.09732204 -0.36276275
v -0.27578574 0.09463245 -0.36432895
v -0.27578574 0.09463245 -0.36432895
v -0.27757961 0.09479731 -0.36864537
v -0.27685955 0.09250435 -0.36947984
v -0.27421534 0.09162870 -0.36476758
v -0.27578574 0.09463245 -0.36432895
v -0.27685955 0.09250435 -0.36947984
v -0.27421534 0.09162870 -0.36476758
v -0.27685955 0.09250435 -0.36947984
v -0.27581134 0.09074187 -0.36968648
v -0.27414501 0.09349450 -0.36229908
v -0.27578574 0.09463245 -0.36432895
v -0.27421534 0.09162870 -0.36476758
v -0.27596793 0.09993903 -0.36281639
v -0.27704176 0.09868997 -0.36529008
v -0.27581954 0.09732204 -0.36276275
v -0.27596793 0.09993903 -0.36281639
v -0.27729359 0.10046472 -0.36606559
v -0.27704176 0.09868997 -0.36529008
v -0.27704176 0.09868997 -0.36529008
v -0.27729359 0.10046472 -0.36606559
v -0.27869144 0.09965080 -0.36974084
v -0.27704176 0.09868997 -0.36529008
v -0.27869144 0.09965080 -0.36974084
v -0.27871636 0.09764478 -0.37007555
v -0.27772731 0.09653825 -0.36780652
v -0.27581954 0.09732204 -0.36276275
v -0.27704176 0.09868997 -0.36529008
v -0.27772731 0.09653825 -0.36780652
v -0.27704176 0.09868997 -0.36529008
v -0.27871636 0.09764478 -0.37007555
v -0.27772731 0.09653825 -0.36780652
v -0.27757961 0.09479731 -0.36864537
v -0.27578574 0.09463245 -0.36432895
v -0.27772731 0.09653825 -0.36780652
v -0.27578574 0.09463245 -0.36432895
v -0.27581954 0.09732204 -0.36276275
v -0.27738506 0.10359363 -0.36808258
v -0.27723572 0.10570826 -0.37007535
v -0.27897906 0.10421327 -0.37318310
v -0.27897906 0.10421327 -0.37318310
v -0.27723572 0.10570826 -0.37007535
v -0.27893588 0.10618947 -0.37576959
v -0.27923957 0.10174119 -0.37209073
v -0.27897906 0.10421327 -0.37318310
v -0.28076935 0.10174248 -0.37722379
v -0.27923957 0.10174119 -0.37209073
v -0.28076935 0.10174248 -0.37722379
v -0.28056243 0.09978464 -0.37573287
v -0.27923957 0.10174119 -0.37209073
v -0.28056243 0.09978464 -0.37573287
v -0.27869144 0.09965080 -0.36974084
v -0.27776524 0.10173401 -0.36780393
v -0.27738506 0.10359363 -0.36808258
v -0.27897906 0.10421327 -0.37318310
v -0.27776524 0.10173401 -0.36780393
v -0.27897906 0.10421327 -0.37318310
v -0.27923957 0.10174119 -0.37209073
v -0.27776524 0.10173401 -0.36780393
v -0.27923957 0.10174119 -0.37209073
v -0.27869144 0.09965080 -0.36974084
v -0.27776524 0.10173401 -0.36780393
v -0.27869144 0.09965080 -0.36974084
v -0.27729359 0.10046472 -0.36606559
v -0.27419600 0.10940884 -0.36948672
v -0.27600113 0.10985235 -0.37447336
v -0.27651638 0.10747991 -0.37094951
v -0.27419600 0.10940884 -0.36948672
v -0.27651638 0.10747991 -0.37094951
v -0.27413654 0.10768426 -0.36606261
v -0.27600113 0.10985235 -0.37447336
v -0.27727124 0.10881264 -0.37553781
v -0.27651638 0.10747991 -0.37094951
v -0.27600113 0.10985235 -0.37447336
v -0.27419600 0.10940884 -0.36948672
v -0.27528507 0.11121579 -0.37615585
v -0.27651638 0.10747991 -0.37094951
v -0.27727124 0.10881264 -0.37553781
v -0.27858374 0.10770611 -0.37721890
v -0.27651638 0.10747991 -0.37094951
v -0.27858374 0.10770611 -0.37721890
v -0.27893588 0.10618947 -0.37576959
v -0.27651638 0.10747991 -0.37094951
v -0.27893588 0.10618947 -0.37576959
v -0.27723572 0.10570826 -0.37007535
v -0.27651638 0.10747991 -0.37094951
v -0.27723572 0.10570826 -0.37007535
v -0.27542847 0.10574307 -0.36577198
v -0.27651638 0.10747991 -0.37094951
v -0.27542847 0.10574307 -0.36577198
v -0.27413654 0.10768426 -0.36606261
v -0.27081743 0.11308409 -0.37318790
v -0.27306780 0.11209872 -0.37387487
v -0.27041233 0.11113073 -0.36746106
v -0.27081743 0.11308409 -0.37318790
v -0.27041233 0.11113073 -0.36746106
v -0.26812226 0.11236432 -0.36849478
v -0.27081743 0.11308409 -0.37318790
v -0.26812226 0.11236432 -0.36849478
v -0.26941451 0.11346067 -0.37277481
v -0.27306780 0.11209872 -0.37387487
v -0.27528507 0.11121579 -0.37615585
v -0.27419600 0.10940884 -0.36948672
v -0.27306780 0.11209872 -0.37387487
v -0.27419600 0.10940884 -0.36948672
v -0.27256209 0.10983400 -0.36741757
v -0.27256209 0.10983400 -0.36741757
v -0.27041233 0.11113073 -0.36746106
v -0.27306780 0.11209872 -0.37387487
v -0.26497030 0.11350765 -0.37053901
v -0.26720732 0.11396553 -0.37257943
v -0.26608601 0.11247163 -0.36780563
v -0.26497030 0.11350765 -0.37053901
v -0.26271915 0.11281351 -0.36884683
v -0.26365596 0.11488007 -0.37510675
v -0.26497030 0.11350765 -0.37053901
v -0.26365596 0.11488007 -0.37510675
v -0.26541492 0.11548714 -0.37717181
v -0.26497030 0.11350765 -0.37053901
v -0.26541492 0.11548714 -0.37717181
v -0.26720732 0.11396553 -0.37257943
v -0.26812226 0.11236432 -0.36849478
v -0.26608601 0.11247163 -0.36780563
v -0.26720732 0.11396553 -0.37257943
v -0.26812226 0.11236432 -0.36849478
v -0.26720732 0.11396553 -0.37257943
v -0.26941451 0.11346067 -0.37277481
v -0.26033005 0.11145476 -0.36680949
v -0.25821203 0.11178387 -0.37007615
v -0.26006347 0.11307302 -0.37145594
v -0.26006347 0.11307302 -0.37145594
v -0.25821203 0.11178387 -0.37007615
v -0.25832084 0.11383028 -0.37589476
v -0.26006347 0.11307302 -0.37145594
v -0.25832084 0.11383028 -0.37589476
v -0.26134196 0.11463363 -0.37526184
v -0.26134196 0.11463363 -0.37526184
v -0.26271915 0.11281351 -0.36884683
v -0.26006347 0.11307302 -0.37145594
v -0.26134196 0.11463363 -0.37526184
v -0.26365596 0.11488007 -0.37510675
v -0.26271915 0.11281351 -0.36884683
v -0.26271915 0.11281351 -0.36884683
v -0.26033005 0.11145476 -0.36680949
v -0.26006347 0.11307302 -0.37145594
v -0.25408232 0.11053541 -0.37445131
v -0.25572041 0.11220514 -0.37530044
v -0.25663996 0.11018056 -0.36846277
v -0.25408232 0.11053541 -0.37445131
v -0.25663996 0.11018056 -0.36846277
v -0.25450248 0.10863740 -0.36929405
v -0.25408232 0.11053541 -0.37445131
v -0.25450248 0.10863740 -0.36929405
v -0.25313044 0.10930083 -0.37392622
v -0.25572041 0.11220514 -0.37530044
v -0.25832084 0.11383028 -0.37589476
v -0.25821203 0.11178387 -0.37007615
v -0.25572041 0.11220514 -0.37530044
v -0.25821203 0.11178387 -0.37007615
v -0.25663996 0.11018056 -0.36846277
v -0.25175494 0.10548814 -0.37076709
v -0.25357905 0.10582464 -0.36671087
v -0.25221562 0.10406317 -0.36794546
v -0.25175494 0.10548814 -0.37076709
v -0.25221562 0.10406317 -0.36794546
v -0.25001222 0.10420069 -0.37444443
v -0.25175494 0.10548814 -0.37076709
v -0.25001222 0.10420069 -0.37444443
v -0.24937232 0.10552764 -0.37821403
v -0.25175494 0.10548814 -0.37076709
v -0.24937232 0.10552764 -0.37821403
v -0.25126573 0.10696668 -0.37443906
v -0.25281021 0.10752279 -0.37113979
v -0.25175494 0.10548814 -0.37076709
v -0.25126573 0.10696668 -0.37443906
v -0.25281021 0.10752279 -0.37113979
v -0.25313044 0.10930083 -0.37392622
v -0.25450248 0.10863740 -0.36929405
v -0.25281021 0.10752279 -0.37113979
v -0.25357905 0.10582464 -0.36671087
v -0.25175494 0.10548814 -0.37076709
v -0.25134644 0.09947307 -0.36778289
v -0.24973145 0.09815770 -0.37277961
v -0.24987766 0.10023702 -0.37226528
v -0.25054359 0.10234717 -0.37113571
v -0.24987766 0.10023702 -0.37226528
v -0.24868706 0.10141776 -0.37673998
v -0.25054359 0.10234717 -0.37113571
v -0.25001222 0.10420069 -0.37444443
v -0.25221562 0.10406317 -0.36794546
v -0.25054359 0.10234717 -0.37113571
v -0.25134644 0.09947307 -0.36778289
v -0.24987766 0.10023702 -0.37226528
v -0.25240648 0.09485006 -0.36707348
v -0.25055325 0.09385204 -0.37325871
v -0.25019053 0.09605483 -0.37224913
v -0.25240648 0.09485006 -0.36707348
v -0.25276086 0.09249339 -0.36878869
v -0.25055325 0.09385204 -0.37325871
v -0.25055325 0.09385204 -0.37325871
v -0.25276086 0.09249339 -0.36878869
v -0.25159079 0.09192421 -0.37274238
v -0.25055325 0.09385204 -0.37325871
v -0.24922383 0.09453540 -0.37675473
v -0.25019053 0.09605483 -0.37224913
v -0.25235131 0.09736033 -0.36549282
v -0.25240648 0.09485006 -0.36707348
v -0.25019053 0.09605483 -0.37224913
v -0.25235131 0.09736033 -0.36549282
v -0.25019053 0.09605483 -0.37224913
v -0.24973145 0.09815770 -0.37277961
v -0.25235131 0.09736033 -0.36549282
v -0.24973145 0.09815770 -0.37277961
v -0.25134644 0.09947307 -0.36778289
v -0.25493971 0.09055857 -0.36698833
v -0.25707060 0.08909300 -0.36607167
v -0.25499496 0.08802735 -0.37219357
v -0.25493971 0.09055857 -0.36698833
v -0.25499496 0.08802735 -0.37219357
v -0.25305575 0.08927720 -0.37369326
v -0.25159079 0.09192421 -0.37274238
v -0.25305575 0.08927720 -0.37369326
v -0.25184330 0.08995987 -0.37561411
v -0.25276086 0.09249339 -0.36878869
v -0.25493971 0.09055857 -0.36698833
v -0.25305575 0.08927720 -0.37369326
v -0.25276086 0.09249339 -0.36878869
v -0.25305575 0.08927720 -0.37369326
v -0.25159079 0.09192421 -0.37274238
v -0.25923547 0.08761007 -0.36643091
v -0.25790167 0.08576991 -0.37300530
v -0.25721380 0.08723179 -0.37012333
v -0.25923547 0.08761007 -0.36643091
v -0.26148215 0.08702414 -0.36592188
v -0.25995266 0.08498630 -0.37280133
v -0.25923547 0.08761007 -0.36643091
v -0.25995266 0.08498630 -0.37280133
v -0.25790167 0.08576991 -0.37300530
v -0.25567076 0.08663039 -0.37444714
v -0.25721380 0.08723179 -0.37012333
v -0.25790167 0.08576991 -0.37300530
v -0.25567076 0.08663039 -0.37444714
v -0.25499496 0.08802735 -0.37219357
v -0.25721380 0.08723179 -0.37012333
v -0.25721380 0.08723179 -0.37012333
v -0.25499496 0.08802735 -0.37219357
v -0.25707060 0.08909300 -0.36607167
v -0.25721380 0.08723179 -0.37012333
v -0.25707060 0.08909300 -0.36607167
v -0.25923547 0.08761007 -0.36643091
v -0.26379365 0.08517171 -0.36993763
v -0.26584399 0.08558032 -0.36886388
v -0.26488835 0.08369397 -0.37453419
v -0.26379365 0.08517171 -0.36993763
v -0.26488835 0.08369397 -0.37453419
v -0.26183879 0.08380018 -0.37509179
v -0.26162270 0.08529039 -0.37053770
v -0.26379365 0.08517171 -0.36993763
v -0.26183879 0.08380018 -0.37509179
v -0.26162270 0.08529039 -0.37053770
v -0.26183879 0.08380018 -0.37509179
v -0.25995266 0.08498630 -0.37280133
v -0.26162270 0.08529039 -0.37053770
v -0.25995266 0.08498630 -0.37280133
v -0.26148215 0.08702414 -0.36592188
v -0.26931369 0.08578168 -0.37034222
v -0.27035967 0.08734308 -0.36739483
v -0.27227086 0.08592659 -0.37371120
v -0.26931369 0.08578168 -0.37034222
v -0.27227086 0.08592659 -0.37371120
v -0.27079570 0.08478784 -0.37506646
v -0.26931369 0.08578168 -0.37034222
v -0.27079570 0.08478784 -0.37506646
v -0.26829302 0.08351614 -0.37659127
v -0.26724583 0.08479402 -0.37172443
v -0.26931369 0.08578168 -0.37034222
v -0.26829302 0.08351614 -0.37659127
v -0.26724583 0.08479402 -0.37172443
v -0.26488835 0.08369397 -0.37453419
v -0.26584399 0.08558032 -0.36886388
v -0.26724583 0.08479402 -0.37172443
v -0.26584399 0.08558032 -0.36886388
v -0.26778597 0.08694126 -0.36605811
v -0.26724583 0.08479402 -0.37172443
v -0.26778597 0.08694126 -0.36605811
v -0.26931369 0.08578168 -0.37034222
v -0.27412638 0.08895616 -0.36950079
v -0.27421534 0.09162870 -0.36476758
v -0.27581134 0.09074187 -0.36968648
v -0.27412638 0.08895616 -0.36950079
v -0.27581134 0.09074187 -0.36968648
v -0.27689186 0.08955486 -0.37463751
v -0.27412638 0.08895616 -0.36950079
v -0.27689186 0.08955486 -0.37463751
v -0.27508900 0.08680174 -0.37689677
v -0.27412638 0.08895616 -0.36950079
v -0.27508900 0.08680174 -0.37689677
v -0.27264875 0.08821266 -0.36849669
v -0.27227086 0.08592659 -0.37371120
v -0.27264875 0.08821266 -0.36849669
v -0.27508900 0.08680174 -0.37689677
v -0.27264875 0.08821266 -0.36849669
v -0.27227086 0.08592659 -0.37371120
v -0.27035967 0.08734308 -0.36739483
v -0.27896848 0.09363402 -0.37401637
v -0.27793097 0.09161215 -0.37375358
v -0.27685955 0.09250435 -0.36947984
v -0.27896848 0.09363402 -0.37401637
v -0.27685955 0.09250435 -0.36947984
v -0.27757961 0.09479731 -0.36864537
v -0.27689186 0.08955486 -0.37463751
v -0.27581134 0.09074187 -0.36968648
v -0.27685955 0.09250435 -0.36947984
v -0.27689186 0.08955486 -0.37463751
v -0.27685955 0.09250435 -0.36947984
v -0.27793097 0.09161215 -0.37375358
v -0.28056243 0.09978464 -0.37573287
v -0.27871636 0.09764478 -0.37007555
v -0.27869144 0.09965080 -0.36974084
v -0.28056243 0.09978464 -0.37573287
v -0.28068280 0.09690376 -0.37680420
v -0.27871636 0.09764478 -0.37007555
v -0.27980176 0.09572482 -0.37447485
v -0.27871636 0.09764478 -0.37007555
v -0.28068280 0.09690376 -0.37680420
v -0.27980176 0.09572482 -0.37447485
v -0.27896848 0.09363402 -0.37401637
v -0.27757961 0.09479731 -0.36864537
v -0.27772731 0.09653825 -0.36780652
v -0.27871636 0.09764478 -0.37007555
v -0.27980176 0.09572482 -0.37447485
v -0.27772731 0.09653825 -0.36780652
v -0.27980176 0.09572482 -0.37447485
v -0.27757961 0.09479731 -0.36864537
v -0.27897906 0.10421327 -0.37318310
v -0.27893588 0.10618947 -0.37576959
v -0.28089172 0.10417347 -0.37976736
v -0.28089172 0.10417347 -0.37976736
v -0.27893588 0.10618947 -0.37576959
v -0.28067493 0.10667517 -0.38293925
v -0.28076935 0.10174248 -0.37722379
v -0.28089172 0.10417347 -0.37976736
v -0.28211915 0.10170768 -0.38289878
v -0.28076935 0.10174248 -0.37722379
v -0.28211915 0.10170768 -0.38289878
v -0.28228360 0.09998879 -0.38290086
v -0.28076935 0.10174248 -0.37722379
v -0.28228360 0.09998879 -0.38290086
v -0.28056243 0.09978464 -0.37573287
v -0.28076935 0.10174248 -0.37722379
v -0.27897906 0.10421327 -0.37318310
v -0.28089172 0.10417347 -0.37976736
v -0.27752805 0.11082085 -0.38151789
v -0.27879825 0.10957161 -0.38230625
v -0.27727124 0.10881264 -0.37553781
v -0.27752805 0.11082085 -0.38151789
v -0.27727124 0.10881264 -0.37553781
v -0.27600113 0.10985235 -0.37447336
v -0.27752805 0.11082085 -0.38151789
v -0.27600113 0.10985235 -0.37447336
v -0.27528507 0.11121579 -0.37615585
v -0.27752805 0.11082085 -0.38151789
v -0.27528507 0.11121579 -0.37615585
v -0.27669150 0.11230607 -0.38353118
v -0.27858374 0.10770611 -0.37721890
v -0.27727124 0.10881264 -0.37553781
v -0.27879825 0.10957161 -0.38230625
v -0.27858374 0.10770611 -0.37721890
v -0.27879825 0.10957161 -0.38230625
v -0.28019342 0.10831367 -0.38463512
v -0.27858374 0.10770611 -0.37721890
v -0.28019342 0.10831367 -0.38463512
v -0.28067493 0.10667517 -0.38293925
v -0.27858374 0.10770611 -0.37721890
v -0.28067493 0.10667517 -0.38293925
v -0.27893588 0.10618947 -0.37576959
v -0.27081743 0.11308409 -0.37318790
v -0.27276352 0.11413757 -0.37979758
v -0.27306780 0.11209872 -0.37387487
v -0.27081743 0.11308409 -0.37318790
v -0.26941451 0.11346067 -0.37277481
v -0.27003911 0.11455973 -0.37710938
v -0.27081743 0.11308409 -0.37318790
v -0.27003911 0.11455973 -0.37710938
v -0.27276352 0.11413757 -0.37979758
v -0.27276352 0.11413757 -0.37979758
v -0.27003911 0.11455973 -0.37710938
v -0.27067733 0.11567214 -0.38231024
v -0.27492234 0.11298376 -0.38082951
v -0.27306780 0.11209872 -0.37387487
v -0.27276352 0.11413757 -0.37979758
v -0.27492234 0.11298376 -0.38082951
v -0.27669150 0.11230607 -0.38353118
v -0.27528507 0.11121579 -0.37615585
v -0.27492234 0.11298376 -0.38082951
v -0.27528507 0.11121579 -0.37615585
v -0.27306780 0.11209872 -0.37387487
v -0.26541492 0.11548714 -0.37717181
v -0.26772752 0.11524609 -0.37725911
v -0.26720732 0.11396553 -0.37257943
v -0.26541492 0.11548714 -0.37717181
v -0.26365596 0.11488007 -0.37510675
v -0.26381880 0.11606300 -0.37950715
v -0.26541492 0.11548714 -0.37717181
v -0.26381880 0.11606300 -0.37950715
v -0.26564950 0.11722239 -0.38485962
v -0.26541492 0.11548714 -0.37717181
v -0.26564950 0.11722239 -0.38485962
v -0.26810014 0.11630306 -0.38180870
v -0.26541492 0.11548714 -0.37717181
v -0.26810014 0.11630306 -0.38180870
v -0.26772752 0.11524609 -0.37725911
v -0.26810014 0.11630306 -0.38180870
v -0.27067733 0.11567214 -0.38231024
v -0.27003911 0.11455973 -0.37710938
v -0.26810014 0.11630306 -0.38180870
v -0.27003911 0.11455973 -0.37710938
v -0.26772752 0.11524609 -0.37725911
v -0.26772752 0.11524609 -0.37725911
v -0.27003911 0.11455973 -0.37710938
v -0.26941451 0.11346067 -0.37277481
v -0.26772752 0.11524609 -0.37725911
v -0.26941451 0.11346067 -0.37277481
v -0.26720732 0.11396553 -0.37257943
v -0.25890929 0.11548256 -0.38119802
v -0.26144347 0.11581217 -0.37965137
v -0.26134196 0.11463363 -0.37526184
v -0.25890929 0.11548256 -0.38119802
v -0.26134196 0.11463363 -0.37526184
v -0.25832084 0.11383028 -0.37589476
v -0.25890929 0.11548256 -0.38119802
v -0.25832084 0.11383028 -0.37589476
v -0.25642362 0.11459523 -0.38199282
v -0.26134196 0.11463363 -0.37526184
v -0.26144347 0.11581217 -0.37965137
v -0.26381880 0.11606300 -0.37950715
v -0.26134196 0.11463363 -0.37526184
v -0.26381880 0.11606300 -0.37950715
v -0.26365596 0.11488007 -0.37510675
v -0.25408232 0.11053541 -0.37445131
v -0.25325772 0.11226598 -0.38156614
v -0.25572041 0.11220514 -0.37530044
v -0.25408232 0.11053541 -0.37445131
v -0.25313044 0.10930083 -0.37392622
v -0.25217351 0.11052036 -0.37950447
v -0.25408232 0.11053541 -0.37445131
v -0.25217351 0.11052036 -0.37950447
v -0.25325772 0.11226598 -0.38156614
v -0.25325772 0.11226598 -0.38156614
v -0.25520191 0.11348102 -0.38053891
v -0.25572041 0.11220514 -0.37530044
v -0.25520191 0.11348102 -0.38053891
v -0.25642362 0.11459523 -0.38199282
v -0.25832084 0.11383028 -0.37589476
v -0.25572041 0.11220514 -0.37530044
v -0.25520191 0.11348102 -0.38053891
v -0.25832084 0.11383028 -0.37589476
v -0.24937232 0.10552764 -0.37821403
v -0.25021189 0.10786188 -0.37951085
v -0.25126573 0.10696668 -0.37443906
v -0.24937232 0.10552764 -0.37821403
v -0.24838038 0.10607836 -0.38314891
v -0.25021189 0.10786188 -0.37951085
v -0.25142482 0.10892493 -0.37780952
v -0.25021189 0.10786188 -0.37951085
v -0.24998219 0.10906357 -0.38321552
v -0.25142482 0.10892493 -0.37780952
v -0.24998219 0.10906357 -0.38321552
v -0.25217351 0.11052036 -0.37950447
v -0.25142482 0.10892493 -0.37780952
v -0.25126573 0.10696668 -0.37443906
v -0.25021189 0.10786188 -0.37951085
v -0.25142482 0.10892493 -0.37780952
v -0.25217351 0.11052036 -0.37950447
v -0.25313044 0.10930083 -0.37392622
v -0.25142482 0.10892493 -0.37780952
v -0.25313044 0.10930083 -0.37392622
v -0.25281021 0.10752279 -0.37113979
v -0.25142482 0.10892493 -0.37780952
v -0.25281021 0.10752279 -0.37113979
v -0.25126573 0.10696668 -0.37443906
v -0.24802086 0.09900083 -0.37868327
v -0.24868706 0.10141776 -0.37673998
v -0.24987766 0.10023702 -0.37226528
v -0.24802086 0.09900083 -0.37868327
v -0.24987766 0.10023702 -0.37226528
v -0.24973145 0.09815770 -0.37277961
v -0.24802086 0.09900083 -0.37868327
v -0.24734198 0.10110778 -0.38206062
v -0.24868706 0.10141776 -0.37673998
v -0.24872527 0.10311251 -0.37781090
v -0.24868706 0.10141776 -0.37673998
v -0.24734198 0.10110778 -0.38206062
v -0.24872527 0.10311251 -0.37781090
v -0.24734198 0.10110778 -0.38206062
v -0.24778059 0.10357418 -0.38218898
v -0.24872527 0.10311251 -0.37781090
v -0.24778059 0.10357418 -0.38218898
v -0.24937232 0.10552764 -0.37821403
v -0.24872527 0.10311251 -0.37781090
v -0.24937232 0.10552764 -0.37821403
v -0.25001222 0.10420069 -0.37444443
v -0.24872527 0.10311251 -0.37781090
v -0.25001222 0.10420069 -0.37444443
v -0.25054359 0.10234717 -0.37113571
v -0.24872527 0.10311251 -0.37781090
v -0.25054359 0.10234717 -0.37113571
v -0.24868706 0.10141776 -0.37673998
v -0.24922383 0.09453540 -0.37675473
v -0.25055325 0.09385204 -0.37325871
v -0.25159079 0.09192421 -0.37274238
v -0.24922383 0.09453540 -0.37675473
v -0.25159079 0.09192421 -0.37274238
v -0.24945091 0.09198235 -0.37954119
v -0.24922383 0.09453540 -0.37675473
v -0.24945091 0.09198235 -0.37954119
v -0.24798954 0.09416829 -0.38206092
v -0.24829052 0.09669013 -0.37843734
v -0.24922383 0.09453540 -0.37675473
v -0.24798954 0.09416829 -0.38206092
v -0.24829052 0.09669013 -0.37843734
v -0.24802086 0.09900083 -0.37868327
v -0.24973145 0.09815770 -0.37277961
v -0.24829052 0.09669013 -0.37843734
v -0.24973145 0.09815770 -0.37277961
v -0.25019053 0.09605483 -0.37224913
v -0.24829052 0.09669013 -0.37843734
v -0.25019053 0.09605483 -0.37224913
v -0.24922383 0.09453540 -0.37675473
v -0.25305575 0.08927720 -0.37369326
v -0.25499496 0.08802735 -0.37219357
v -0.25349757 0.08681940 -0.37891456
v -0.25188452 0.08767859 -0.38120112
v -0.25080439 0.09004764 -0.37858713
v -0.25184330 0.08995987 -0.37561411
v -0.25188452 0.08767859 -0.38120112
v -0.25184330 0.08995987 -0.37561411
v -0.25305575 0.08927720 -0.37369326
v -0.25188452 0.08767859 -0.38120112
v -0.25305575 0.08927720 -0.37369326
v -0.25349757 0.08681940 -0.37891456
v -0.25080439 0.09004764 -0.37858713
v -0.24945091 0.09198235 -0.37954119
v -0.25159079 0.09192421 -0.37274238
v -0.25080439 0.09004764 -0.37858713
v -0.25159079 0.09192421 -0.37274238
v -0.25184330 0.08995987 -0.37561411
v -0.25776860 0.08433585 -0.37781310
v -0.25562948 0.08543710 -0.37807050
v -0.25790167 0.08576991 -0.37300530
v -0.25776860 0.08433585 -0.37781310
v -0.25790167 0.08576991 -0.37300530
v -0.25995266 0.08498630 -0.37280133
v -0.25776860 0.08433585 -0.37781310
v -0.25995266 0.08498630 -0.37280133
v -0.25904709 0.08335418 -0.37950727
v -0.25776860 0.08433585 -0.37781310
v -0.25904709 0.08335418 -0.37950727
v -0.25683773 0.08306854 -0.38463572
v -0.25776860 0.08433585 -0.37781310
v -0.25683773 0.08306854 -0.38463572
v -0.25471660 0.08456872 -0.38332564
v -0.25776860 0.08433585 -0.37781310
v -0.25471660 0.08456872 -0.38332564
v -0.25562948 0.08543710 -0.37807050
v -0.25562948 0.08543710 -0.37807050
v -0.25471660 0.08456872 -0.38332564
v -0.25349757 0.08681940 -0.37891456
v -0.25567076 0.08663039 -0.37444714
v -0.25562948 0.08543710 -0.37807050
v -0.25349757 0.08681940 -0.37891456
v -0.25567076 0.08663039 -0.37444714
v -0.25349757 0.08681940 -0.37891456
v -0.25499496 0.08802735 -0.37219357
v -0.25567076 0.08663039 -0.37444714
v -0.25790167 0.08576991 -0.37300530
v -0.25562948 0.08543710 -0.37807050
v -0.26488835 0.08369397 -0.37453419
v -0.26314682 0.08219758 -0.38048366
v -0.26183879 0.08380018 -0.37509179
v -0.26488835 0.08369397 -0.37453419
v -0.26555526 0.08224924 -0.38013288
v -0.26314682 0.08219758 -0.38048366
v -0.26183879 0.08380018 -0.37509179
v -0.26314682 0.08219758 -0.38048366
v -0.26049951 0.08263671 -0.38060981
v -0.26183879 0.08380018 -0.37509179
v -0.26049951 0.08263671 -0.38060981
v -0.25904709 0.08335418 -0.37950727
v -0.26183879 0.08380018 -0.37509179
v -0.25904709 0.08335418 -0.37950727
v -0.25995266 0.08498630 -0.37280133
v -0.27079570 0.08478784 -0.37506646
v -0.27047169 0.08296422 -0.38123903
v -0.26829302 0.08351614 -0.37659127
v -0.27079570 0.08478784 -0.37506646
v -0.27198881 0.08387358 -0.38013619
v -0.27047169 0.08296422 -0.38123903
v -0.27047169 0.08296422 -0.38123903
v -0.26808068 0.08193848 -0.38282049
v -0.26829302 0.08351614 -0.37659127
v -0.26808068 0.08193848 -0.38282049
v -0.26555526 0.08224924 -0.38013288
v -0.26829302 0.08351614 -0.37659127
v -0.26829302 0.08351614 -0.37659127
v -0.26555526 0.08224924 -0.38013288
v -0.26488835 0.08369397 -0.37453419
v -0.26829302 0.08351614 -0.37659127
v -0.26488835 0.08369397 -0.37453419
v -0.26724583 0.08479402 -0.37172443
v -0.27508900 0.08680174 -0.37689677
v -0.27689186 0.08955486 -0.37463751
v -0.27732241 0.08774422 -0.38050368
v -0.27508900 0.08680174 -0.37689677
v -0.27732241 0.08774422 -0.38050368
v -0.27653751 0.08589537 -0.38401377
v -0.27508900 0.08680174 -0.37689677
v -0.27653751 0.08589537 -0.38401377
v -0.27426609 0.08469937 -0.38181728
v -0.27426609 0.08469937 -0.38181728
v -0.27227086 0.08592659 -0.37371120
v -0.27508900 0.08680174 -0.37689677
v -0.27426609 0.08469937 -0.38181728
v -0.27198881 0.08387358 -0.38013619
v -0.27227086 0.08592659 -0.37371120
v -0.27227086 0.08592659 -0.37371120
v -0.27198881 0.08387358 -0.38013619
v -0.27079570 0.08478784 -0.37506646
v -0.27987286 0.09328705 -0.37732363
v -0.27917862 0.09059636 -0.37954018
v -0.27793097 0.09161215 -0.37375358
v -0.27987286 0.09328705 -0.37732363
v -0.27793097 0.09161215 -0.37375358
v -0.27896848 0.09363402 -0.37401637
v -0.27987286 0.09328705 -0.37732363
v -0.28112033 0.09240761 -0.38368586
v -0.27917862 0.09059636 -0.37954018
v -0.27853635 0.08891996 -0.38124332
v -0.27732241 0.08774422 -0.38050368
v -0.27689186 0.08955486 -0.37463751
v -0.27689186 0.08955486 -0.37463751
v -0.27917862 0.09059636 -0.37954018
v -0.27853635 0.08891996 -0.38124332
v -0.27689186 0.08955486 -0.37463751
v -0.27793097 0.09161215 -0.37375358
v -0.27917862 0.09059636 -0.37954018
v -0.28205463 0.09833992 -0.38183123
v -0.28068280 0.09690376 -0.37680420
v -0.28056243 0.09978464 -0.37573287
v -0.28205463 0.09833992 -0.38183123
v -0.28056243 0.09978464 -0.37573287
v -0.28228360 0.09998879 -0.38290086
v -0.28140625 0.09500904 -0.38120121
v -0.27980176 0.09572482 -0.37447485
v -0.28068280 0.09690376 -0.37680420
v -0.28140625 0.09500904 -0.38120121
v -0.28112033 0.09240761 -0.38368586
v -0.27987286 0.09328705 -0.37732363
v -0.28140625 0.09500904 -0.38120121
v -0.27987286 0.09328705 -0.37732363
v -0.27980176 0.09572482 -0.37447485
v -0.27980176 0.09572482 -0.37447485
v -0.27987286 0.09328705 -0.37732363
v -0.27896848 0.09363402 -0.37401637
v -0.28089172 0.10417347 -0.37976736
v -0.28067493 0.10667517 -0.38293925
v -0.28234634 0.10434302 -0.38692409
v -0.28234634 0.10434302 -0.38692409
v -0.28067493 0.10667517 -0.38293925
v -0.28189605 0.10692440 -0.39025286
v -0.28305525 0.10162620 -0.38796631
v -0.28211915 0.10170768 -0.38289878
v -0.28234634 0.10434302 -0.38692409
v -0.28305525 0.10162620 -0.38796631
v -0.28346384 0.09975731 -0.38968587
v -0.28228360 0.09998879 -0.38290086
v -0.28305525 0.10162620 -0.38796631
v -0.28228360 0.09998879 -0.38290086
v -0.28211915 0.10170768 -0.38289878
v -0.28211915 0.10170768 -0.38289878
v -0.28089172 0.10417347 -0.37976736
v -0.28234634 0.10434302 -0.38692409
v -0.27752805 0.11082085 -0.38151789
v -0.27864584 0.11144318 -0.38800967
v -0.27879825 0.10957161 -0.38230625
v -0.27752805 0.11082085 -0.38151789
v -0.27669150 0.11230607 -0.38353118
v -0.27864584 0.11144318 -0.38800967
v -0.27864584 0.11144318 -0.38800967
v -0.27992842 0.11005051 -0.38906035
v -0.27879825 0.10957161 -0.38230625
v -0.27864584 0.11144318 -0.38800967
v -0.27669150 0.11230607 -0.38353118
v -0.27694640 0.11364369 -0.39060363
v -0.28019342 0.10831367 -0.38463512
v -0.27879825 0.10957161 -0.38230625
v -0.27992842 0.11005051 -0.38906035
v -0.28019342 0.10831367 -0.38463512
v -0.28189605 0.10692440 -0.39025286
v -0.28067493 0.10667517 -0.38293925
v -0.27276352 0.11413757 -0.37979758
v -0.27067733 0.11567214 -0.38231024
v -0.27339762 0.11505021 -0.38511953
v -0.27339762 0.11505021 -0.38511953
v -0.27067733 0.11567214 -0.38231024
v -0.27142531 0.11668862 -0.38912317
v -0.27339762 0.11505021 -0.38511953
v -0.27142531 0.11668862 -0.38912317
v -0.27394074 0.11555117 -0.38946536
v -0.27567822 0.11363620 -0.38556364
v -0.27339762 0.11505021 -0.38511953
v -0.27394074 0.11555117 -0.38946536
v -0.27567822 0.11363620 -0.38556364
v -0.27394074 0.11555117 -0.38946536
v -0.27694640 0.11364369 -0.39060363
v -0.27567822 0.11363620 -0.38556364
v -0.27694640 0.11364369 -0.39060363
v -0.27669150 0.11230607 -0.38353118
v -0.27492234 0.11298376 -0.38082951
v -0.27276352 0.11413757 -0.37979758
v -0.27339762 0.11505021 -0.38511953
v -0.27492234 0.11298376 -0.38082951
v -0.27339762 0.11505021 -0.38511953
v -0.27567822 0.11363620 -0.38556364
v -0.27492234 0.11298376 -0.38082951
v -0.27567822 0.11363620 -0.38556364
v -0.27669150 0.11230607 -0.38353118
v -0.26564950 0.11722239 -0.38485962
v -0.26381880 0.11606300 -0.37950715
v -0.26399073 0.11716475 -0.38459224
v -0.26564950 0.11722239 -0.38485962
v -0.26789898 0.11766092 -0.38914531
v -0.26810014 0.11630306 -0.38180870
v -0.26564950 0.11722239 -0.38485962
v -0.26399073 0.11716475 -0.38459224
v -0.26338547 0.11810961 -0.39067233
v -0.26949131 0.11714919 -0.38799879
v -0.26810014 0.11630306 -0.38180870
v -0.26789898 0.11766092 -0.38914531
v -0.26949131 0.11714919 -0.38799879
v -0.27142531 0.11668862 -0.38912317
v -0.27067733 0.11567214 -0.38231024
v -0.26810014 0.11630306 -0.38180870
v -0.26949131 0.11714919 -0.38799879
v -0.27067733 0.11567214 -0.38231024
v -0.25890929 0.11548256 -0.38119802
v -0.25878340 0.11668144 -0.38721111
v -0.26134074 0.11664613 -0.38340262
v -0.25890929 0.11548256 -0.38119802
v -0.26134074 0.11664613 -0.38340262
v -0.26144347 0.11581217 -0.37965137
v -0.25890929 0.11548256 -0.38119802
v -0.25642362 0.11459523 -0.38199282
v -0.25708246 0.11613581 -0.38784531
v -0.25890929 0.11548256 -0.38119802
v -0.25708246 0.11613581 -0.38784531
v -0.25878340 0.11668144 -0.38721111
v -0.25878340 0.11668144 -0.38721111
v -0.26156074 0.11749865 -0.38790506
v -0.26134074 0.11664613 -0.38340262
v -0.26156074 0.11749865 -0.38790506
v -0.26338547 0.11810961 -0.39067233
v -0.26399073 0.11716475 -0.38459224
v -0.26156074 0.11749865 -0.38790506
v -0.26399073 0.11716475 -0.38459224
v -0.26134074 0.11664613 -0.38340262
v -0.26134074 0.11664613 -0.38340262
v -0.26399073 0.11716475 -0.38459224
v -0.26381880 0.11606300 -0.37950715
v -0.26134074 0.11664613 -0.38340262
v -0.26381880 0.11606300 -0.37950715
v -0.26144347 0.11581217 -0.37965137
v -0.25325772 0.11226598 -0.38156614
v -0.25463533 0.11466644 -0.38710359
v -0.25520191 0.11348102 -0.38053891
v -0.25325772 0.11226598 -0.38156614
v -0.25217351 0.11052036 -0.37950447
v -0.25151539 0.11142115 -0.38459274
v -0.25249198 0.11317723 -0.38796040
v -0.25463533 0.11466644 -0.38710359
v -0.25325772 0.11226598 -0.38156614
v -0.25249198 0.11317723 -0.38796040
v -0.25325772 0.11226598 -0.38156614
v -0.25151539 0.11142115 -0.38459274
v -0.25249198 0.11317723 -0.38796040
v -0.25151539 0.11142115 -0.38459274
v -0.25050637 0.11172424 -0.39054847
v -0.25463533 0.11466644 -0.38710359
v -0.25708246 0.11613581 -0.38784531
v -0.25642362 0.11459523 -0.38199282
v -0.25642362 0.11459523 -0.38199282
v -0.25520191 0.11348102 -0.38053891
v -0.25463533 0.11466644 -0.38710359
v -0.24838038 0.10607836 -0.38314891
v -0.24816714 0.10739703 -0.38730484
v -0.24998219 0.10906357 -0.38321552
v -0.24838038 0.10607836 -0.38314891
v -0.24998219 0.10906357 -0.38321552
v -0.25021189 0.10786188 -0.37951085
v -0.24816714 0.10739703 -0.38730484
v -0.24928755 0.10969397 -0.38842696
v -0.24998219 0.10906357 -0.38321552
v -0.24816714 0.10739703 -0.38730484
v -0.24838038 0.10607836 -0.38314891
v -0.24722259 0.10589795 -0.38906056
v -0.24928755 0.10969397 -0.38842696
v -0.25050637 0.11172424 -0.39054847
v -0.25151539 0.11142115 -0.38459274
v -0.24928755 0.10969397 -0.38842696
v -0.25151539 0.11142115 -0.38459274
v -0.24998219 0.10906357 -0.38321552
v -0.24998219 0.10906357 -0.38321552
v -0.25151539 0.11142115 -0.38459274
v -0.25217351 0.11052036 -0.37950447
v -0.24734198 0.10110778 -0.38206062
v -0.24802086 0.09900083 -0.37868327
v -0.24675515 0.09853867 -0.38459393
v -0.24734198 0.10110778 -0.38206062
v -0.24675515 0.09853867 -0.38459393
v -0.24663047 0.10133987 -0.38576120
v -0.24663047 0.10133987 -0.38576120
v -0.24675515 0.09853867 -0.38459393
v -0.24584289 0.09871480 -0.39025676
v -0.24677917 0.10405858 -0.38801047
v -0.24663047 0.10133987 -0.38576120
v -0.24589346 0.10166160 -0.39101431
v -0.24677917 0.10405858 -0.38801047
v -0.24722259 0.10589795 -0.38906056
v -0.24838038 0.10607836 -0.38314891
v -0.24778059 0.10357418 -0.38218898
v -0.24734198 0.10110778 -0.38206062
v -0.24663047 0.10133987 -0.38576120
v -0.24778059 0.10357418 -0.38218898
v -0.24663047 0.10133987 -0.38576120
v -0.24677917 0.10405858 -0.38801047
v -0.24778059 0.10357418 -0.38218898
v -0.24677917 0.10405858 -0.38801047
v -0.24838038 0.10607836 -0.38314891
v -0.24778059 0.10357418 -0.38218898
v -0.24838038 0.10607836 -0.38314891
v -0.24937232 0.10552764 -0.37821403
v -0.24798954 0.09416829 -0.38206092
v -0.24781370 0.09222779 -0.38631451
v -0.24701604 0.09506548 -0.38569188
v -0.24798954 0.09416829 -0.38206092
v -0.24945091 0.09198235 -0.37954119
v -0.24781370 0.09222779 -0.38631451
v -0.24631721 0.09684172 -0.38796619
v -0.24712205 0.09674887 -0.38356549
v -0.24701604 0.09506548 -0.38569188
v -0.24631721 0.09684172 -0.38796619
v -0.24584289 0.09871480 -0.39025676
v -0.24675515 0.09853867 -0.38459393
v -0.24631721 0.09684172 -0.38796619
v -0.24675515 0.09853867 -0.38459393
v -0.24712205 0.09674887 -0.38356549
v -0.24712205 0.09674887 -0.38356549
v -0.24675515 0.09853867 -0.38459393
v -0.24802086 0.09900083 -0.37868327
v -0.24712205 0.09674887 -0.38356549
v -0.24802086 0.09900083 -0.37868327
v -0.24829052 0.09669013 -0.37843734
v -0.24712205 0.09674887 -0.38356549
v -0.24829052 0.09669013 -0.37843734
v -0.24798954 0.09416829 -0.38206092
v -0.24712205 0.09674887 -0.38356549
v -0.24798954 0.09416829 -0.38206092
v -0.24701604 0.09506548 -0.38569188
v -0.25188452 0.08767859 -0.38120112
v -0.25080878 0.08709006 -0.38738525
v -0.24968809 0.08947287 -0.38420996
v -0.25188452 0.08767859 -0.38120112
v -0.24968809 0.08947287 -0.38420996
v -0.25080439 0.09004764 -0.37858713
v -0.25188452 0.08767859 -0.38120112
v -0.25349757 0.08681940 -0.37891456
v -0.25230846 0.08594852 -0.38569757
v -0.25188452 0.08767859 -0.38120112
v -0.25230846 0.08594852 -0.38569757
v -0.25080878 0.08709006 -0.38738525
v -0.25080878 0.08709006 -0.38738525
v -0.24855492 0.08940686 -0.39053053
v -0.24968809 0.08947287 -0.38420996
v -0.24968809 0.08947287 -0.38420996
v -0.24855492 0.08940686 -0.39053053
v -0.24781370 0.09222779 -0.38631451
v -0.24968809 0.08947287 -0.38420996
v -0.24781370 0.09222779 -0.38631451
v -0.24945091 0.09198235 -0.37954119
v -0.24968809 0.08947287 -0.38420996
v -0.24945091 0.09198235 -0.37954119
v -0.25080439 0.09004764 -0.37858713
v -0.25683773 0.08306854 -0.38463572
v -0.25904709 0.08335418 -0.37950727
v -0.25833440 0.08222291 -0.38569847
v -0.25683773 0.08306854 -0.38463572
v -0.25463292 0.08328795 -0.39024469
v -0.25471660 0.08456872 -0.38332564
v -0.25471660 0.08456872 -0.38332564
v -0.25463292 0.08328795 -0.39024469
v -0.25319430 0.08441085 -0.38962743
v -0.25471660 0.08456872 -0.38332564
v -0.25319430 0.08441085 -0.38962743
v -0.25230846 0.08594852 -0.38569757
v -0.25471660 0.08456872 -0.38332564
v -0.25230846 0.08594852 -0.38569757
v -0.25349757 0.08681940 -0.37891456
v -0.26314682 0.08219758 -0.38048366
v -0.26344800 0.08073001 -0.38800868
v -0.26193467 0.08168904 -0.38370672
v -0.26314682 0.08219758 -0.38048366
v -0.26555526 0.08224924 -0.38013288
v -0.26532277 0.08088101 -0.38690484
v -0.26314682 0.08219758 -0.38048366
v -0.26532277 0.08088101 -0.38690484
v -0.26344800 0.08073001 -0.38800868
v -0.26344800 0.08073001 -0.38800868
v -0.26155689 0.08080790 -0.38905966
v -0.26193467 0.08168904 -0.38370672
v -0.25986141 0.08132711 -0.38800979
v -0.26193467 0.08168904 -0.38370672
v -0.26155689 0.08080790 -0.38905966
v -0.26049951 0.08263671 -0.38060981
v -0.26193467 0.08168904 -0.38370672
v -0.25986141 0.08132711 -0.38800979
v -0.26049951 0.08263671 -0.38060981
v -0.25986141 0.08132711 -0.38800979
v -0.25833440 0.08222291 -0.38569847
v -0.26049951 0.08263671 -0.38060981
v -0.25833440 0.08222291 -0.38569847
v -0.25904709 0.08335418 -0.37950727
v -0.26049951 0.08263671 -0.38060981
v -0.26314682 0.08219758 -0.38048366
v -0.26193467 0.08168904 -0.38370672
v -0.27047169 0.08296422 -0.38123903
v -0.27198881 0.08387358 -0.38013619
v -0.27306560 0.08280745 -0.38726148
v -0.27061799 0.08186556 -0.38694212
v -0.26808068 0.08193848 -0.38282049
v -0.27047169 0.08296422 -0.38123903
v -0.27061799 0.08186556 -0.38694212
v -0.27047169 0.08296422 -0.38123903
v -0.27306560 0.08280745 -0.38726148
v -0.27061799 0.08186556 -0.38694212
v -0.26779056 0.08089586 -0.38836151
v -0.26808068 0.08193848 -0.38282049
v -0.26779056 0.08089586 -0.38836151
v -0.26532277 0.08088101 -0.38690484
v -0.26808068 0.08193848 -0.38282049
v -0.26808068 0.08193848 -0.38282049
v -0.26532277 0.08088101 -0.38690484
v -0.26555526 0.08224924 -0.38013288
v -0.27653751 0.08589537 -0.38401377
v -0.27541152 0.08432937 -0.38690534
v -0.27426609 0.08469937 -0.38181728
v -0.27653751 0.08589537 -0.38401377
v -0.27732241 0.08774422 -0.38050368
v -0.27797148 0.08685590 -0.38569757
v -0.27653751 0.08589537 -0.38401377
v -0.27797148 0.08685590 -0.38569757
v -0.27692306 0.08515056 -0.38893628
v -0.27653751 0.08589537 -0.38401377
v -0.27692306 0.08515056 -0.38893628
v -0.27541152 0.08432937 -0.38690534
v -0.27306560 0.08280745 -0.38726148
v -0.27426609 0.08469937 -0.38181728
v -0.27541152 0.08432937 -0.38690534
v -0.27426609 0.08469937 -0.38181728
v -0.27306560 0.08280745 -0.38726148
v -0.27198881 0.08387358 -0.38013619
v -0.28112033 0.09240761 -0.38368586
v -0.28007853 0.08975054 -0.38539547
v -0.27917862 0.09059636 -0.37954018
v -0.28137493 0.09096926 -0.38858554
v -0.28007853 0.08975054 -0.38539547
v -0.28112033 0.09240761 -0.38368586
v -0.28137493 0.09096926 -0.38858554
v -0.28112033 0.09240761 -0.38368586
v -0.28229326 0.09250336 -0.39025077
v -0.28137493 0.09096926 -0.38858554
v -0.28056890 0.08924968 -0.38962623
v -0.28007853 0.08975054 -0.38539547
v -0.27944204 0.08787237 -0.38858604
v -0.27853635 0.08891996 -0.38124332
v -0.28007853 0.08975054 -0.38539547
v -0.27944204 0.08787237 -0.38858604
v -0.28007853 0.08975054 -0.38539547
v -0.28056890 0.08924968 -0.38962623
v -0.27944204 0.08787237 -0.38858604
v -0.27797148 0.08685590 -0.38569757
v -0.27853635 0.08891996 -0.38124332
v -0.27853635 0.08891996 -0.38124332
v -0.27917862 0.09059636 -0.37954018
v -0.28007853 0.08975054 -0.38539547
v -0.27853635 0.08891996 -0.38124332
v -0.27797148 0.08685590 -0.38569757
v -0.27732241 0.08774422 -0.38050368
v -0.28205463 0.09833992 -0.38183123
v -0.28223115 0.09648249 -0.38370672
v -0.28068280 0.09690376 -0.37680420
v -0.28326747 0.09798457 -0.38858634
v -0.28320312 0.09608436 -0.38968378
v -0.28223115 0.09648249 -0.38370672
v -0.28326747 0.09798457 -0.38858634
v -0.28223115 0.09648249 -0.38370672
v -0.28205463 0.09833992 -0.38183123
v -0.28326747 0.09798457 -0.38858634
v -0.28205463 0.09833992 -0.38183123
v -0.28228360 0.09998879 -0.38290086
v -0.28326747 0.09798457 -0.38858634
v -0.28228360 0.09998879 -0.38290086
v -0.28346384 0.09975731 -0.38968587
v -0.28259316 0.09440905 -0.38801038
v -0.28223115 0.09648249 -0.38370672
v -0.28320312 0.09608436 -0.38968378
v -0.28259316 0.09440905 -0.38801038
v -0.28229326 0.09250336 -0.39025077
v -0.28112033 0.09240761 -0.38368586
v -0.28140625 0.09500904 -0.38120121
v -0.28223115 0.09648249 -0.38370672
v -0.28259316 0.09440905 -0.38801038
v -0.28140625 0.09500904 -0.38120121
v -0.28259316 0.09440905 -0.38801038
v -0.28112033 0.09240761 -0.38368586
v -0.28140625 0.09500904 -0.38120121
v -0.28068280 0.09690376 -0.37680420
v -0.28223115 0.09648249 -0.38370672
v -0.28305304 0.10458497 -0.39264166
v -0.28234634 0.10434302 -0.38692409
v -0.28189605 0.10692440 -0.39025286
v -0.28305304 0.10458497 -0.39264166
v -0.28189605 0.10692440 -0.39025286
v -0.28202170 0.10777851 -0.39530802
v -0.28367826 0.10151161 -0.39292938
v -0.28397948 0.09955565 -0.39530253
v -0.28346384 0.09975731 -0.38968587
v -0.28305525 0.10162620 -0.38796631
v -0.28234634 0.10434302 -0.38692409
v -0.28305304 0.10458497 -0.39264166
v -0.28305525 0.10162620 -0.38796631
v -0.28305304 0.10458497 -0.39264166
v -0.28367826 0.10151161 -0.39292938
v -0.28305525 0.10162620 -0.38796631
v -0.28367826 0.10151161 -0.39292938
v -0.28346384 0.09975731 -0.38968587
v -0.27925423 0.11170857 -0.39356518
v -0.28063223 0.11024609 -0.39621755
v -0.27992842 0.11005051 -0.38906035
v -0.27925423 0.11170857 -0.39356518
v -0.27992842 0.11005051 -0.38906035
v -0.27864584 0.11144318 -0.38800967
v -0.27925423 0.11170857 -0.39356518
v -0.27864584 0.11144318 -0.38800967
v -0.27694640 0.11364369 -0.39060363
v -0.27925423 0.11170857 -0.39356518
v -0.27694640 0.11364369 -0.39060363
v -0.27796915 0.11335716 -0.39625478
v -0.28125548 0.10861367 -0.39190692
v -0.27992842 0.11005051 -0.38906035
v -0.28063223 0.11024609 -0.39621755
v -0.28125548 0.10861367 -0.39190692
v -0.28202170 0.10777851 -0.39530802
v -0.28189605 0.10692440 -0.39025286
v -0.28125548 0.10861367 -0.39190692
v -0.28189605 0.10692440 -0.39025286
v -0.28019342 0.10831367 -0.38463512
v -0.28125548 0.10861367 -0.39190692
v -0.28019342 0.10831367 -0.38463512
v -0.27992842 0.11005051 -0.38906035
v -0.27348250 0.11642762 -0.39516029
v -0.27581003 0.11514097 -0.39645255
v -0.27394074 0.11555117 -0.38946536
v -0.27348250 0.11642762 -0.39516029
v -0.27394074 0.11555117 -0.38946536
v -0.27142531 0.11668862 -0.38912317
v -0.27348250 0.11642762 -0.39516029
v -0.27142531 0.11668862 -0.38912317
v -0.27173349 0.11715896 -0.39454645
v -0.27694640 0.11364369 -0.39060363
v -0.27394074 0.11555117 -0.38946536
v -0.27581003 0.11514097 -0.39645255
v -0.27694640 0.11364369 -0.39060363
v -0.27581003 0.11514097 -0.39645255
v -0.27796915 0.11335716 -0.39625478
v -0.26608142 0.11814811 -0.39129007
v -0.26789898 0.11766092 -0.38914531
v -0.26564950 0.11722239 -0.38485962
v -0.26608142 0.11814811 -0.39129007
v -0.26564950 0.11722239 -0.38485962
v -0.26338547 0.11810961 -0.39067233
v -0.26608142 0.11814811 -0.39129007
v -0.26810083 0.11818811 -0.39455214
v -0.26789898 0.11766092 -0.38914531
v -0.26608142 0.11814811 -0.39129007
v -0.26338547 0.11810961 -0.39067233
v -0.26344043 0.11861317 -0.39673728
v -0.26608142 0.11814811 -0.39129007
v -0.26344043 0.11861317 -0.39673728
v -0.26634285 0.11857218 -0.39719903
v -0.26608142 0.11814811 -0.39129007
v -0.26634285 0.11857218 -0.39719903
v -0.26810083 0.11818811 -0.39455214
v -0.26994109 0.11776882 -0.39455482
v -0.26949131 0.11714919 -0.38799879
v -0.26789898 0.11766092 -0.38914531
v -0.26994109 0.11776882 -0.39455482
v -0.26789898 0.11766092 -0.38914531
v -0.26810083 0.11818811 -0.39455214
v -0.26994109 0.11776882 -0.39455482
v -0.27173349 0.11715896 -0.39454645
v -0.27142531 0.11668862 -0.38912317
v -0.26994109 0.11776882 -0.39455482
v -0.27142531 0.11668862 -0.38912317
v -0.26949131 0.11714919 -0.38799879
v -0.25878340 0.11668144 -0.38721111
v -0.25784272 0.11714391 -0.39321542
v -0.26055437 0.11791524 -0.39292929
v -0.25878340 0.11668144 -0.38721111
v -0.26055437 0.11791524 -0.39292929
v -0.26156074 0.11749865 -0.38790506
v -0.25878340 0.11668144 -0.38721111
v -0.25708246 0.11613581 -0.38784531
v -0.25784272 0.11714391 -0.39321542
v -0.26338547 0.11810961 -0.39067233
v -0.26055437 0.11791524 -0.39292929
v -0.26344043 0.11861317 -0.39673728
v -0.26156074 0.11749865 -0.38790506
v -0.26055437 0.11791524 -0.39292929
v -0.26338547 0.11810961 -0.39067233
v -0.25249198 0.11317723 -0.38796040
v -0.25147858 0.11315479 -0.39333099
v -0.25373843 0.11479320 -0.39193165
v -0.25249198 0.11317723 -0.38796040
v -0.25373843 0.11479320 -0.39193165
v -0.25463533 0.11466644 -0.38710359
v -0.25249198 0.11317723 -0.38796040
v -0.25050637 0.11172424 -0.39054847
v -0.25147858 0.11315479 -0.39333099
v -0.25147858 0.11315479 -0.39333099
v -0.25371000 0.11519623 -0.39631590
v -0.25373843 0.11479320 -0.39193165
v -0.25530624 0.11605822 -0.39423358
v -0.25373843 0.11479320 -0.39193165
v -0.25371000 0.11519623 -0.39631590
v -0.25530624 0.11605822 -0.39423358
v -0.25784272 0.11714391 -0.39321542
v -0.25708246 0.11613581 -0.38784531
v -0.25463533 0.11466644 -0.38710359
v -0.25373843 0.11479320 -0.39193165
v -0.25530624 0.11605822 -0.39423358
v -0.25463533 0.11466644 -0.38710359
v -0.25530624 0.11605822 -0.39423358
v -0.25708246 0.11613581 -0.38784531
v -0.24816714 0.10739703 -0.38730484
v -0.24809195 0.10877892 -0.39284372
v -0.24928755 0.10969397 -0.38842696
v -0.24816714 0.10739703 -0.38730484
v -0.24722259 0.10589795 -0.38906056
v -0.24809195 0.10877892 -0.39284372
v -0.24809195 0.10877892 -0.39284372
v -0.24722259 0.10589795 -0.38906056
v -0.24680151 0.10623634 -0.39403054
v -0.24809195 0.10877892 -0.39284372
v -0.24680151 0.10623634 -0.39403054
v -0.24745376 0.10816467 -0.39720044
v -0.25050637 0.11172424 -0.39054847
v -0.24928755 0.10969397 -0.38842696
v -0.24809195 0.10877892 -0.39284372
v -0.25050637 0.11172424 -0.39054847
v -0.24809195 0.10877892 -0.39284372
v -0.24894667 0.11058877 -0.39684549
v -0.25050637 0.11172424 -0.39054847
v -0.24894667 0.11058877 -0.39684549
v -0.25147858 0.11315479 -0.39333099
v -0.24589346 0.10166160 -0.39101431
v -0.24663047 0.10133987 -0.38576120
v -0.24584289 0.09871480 -0.39025676
v -0.24589346 0.10166160 -0.39101431
v -0.24584289 0.09871480 -0.39025676
v -0.24532777 0.09893761 -0.39615324
v -0.24589346 0.10166160 -0.39101431
v -0.24532777 0.09893761 -0.39615324
v -0.24532259 0.10089655 -0.39779633
v -0.24589346 0.10166160 -0.39101431
v -0.24532259 0.10089655 -0.39779633
v -0.24590911 0.10341082 -0.39390159
v -0.24590911 0.10341082 -0.39390159
v -0.24677917 0.10405858 -0.38801047
v -0.24589346 0.10166160 -0.39101431
v -0.24590911 0.10341082 -0.39390159
v -0.24680151 0.10623634 -0.39403054
v -0.24722259 0.10589795 -0.38906056
v -0.24590911 0.10341082 -0.39390159
v -0.24722259 0.10589795 -0.38906056
v -0.24677917 0.10405858 -0.38801047
v -0.24660534 0.09326690 -0.39190742
v -0.24598451 0.09509730 -0.39298493
v -0.24701604 0.09506548 -0.38569188
v -0.24660534 0.09326690 -0.39190742
v -0.24701604 0.09506548 -0.38569188
v -0.24781370 0.09222779 -0.38631451
v -0.24660534 0.09326690 -0.39190742
v -0.24781370 0.09222779 -0.38631451
v -0.24721211 0.09155061 -0.39237297
v -0.24558477 0.09699571 -0.39400369
v -0.24532777 0.09893761 -0.39615324
v -0.24584289 0.09871480 -0.39025676
v -0.24631721 0.09684172 -0.38796619
v -0.24598451 0.09509730 -0.39298493
v -0.24558477 0.09699571 -0.39400369
v -0.24631721 0.09684172 -0.38796619
v -0.24558477 0.09699571 -0.39400369
v -0.24584289 0.09871480 -0.39025676
v -0.24631721 0.09684172 -0.38796619
v -0.24701604 0.09506548 -0.38569188
v -0.24598451 0.09509730 -0.39298493
v -0.25080878 0.08709006 -0.38738525
v -0.25016063 0.08678868 -0.39292580
v -0.24855492 0.08940686 -0.39053053
v -0.25080878 0.08709006 -0.38738525
v -0.25230846 0.08594852 -0.38569757
v -0.25167504 0.08556186 -0.39058009
v -0.25080878 0.08709006 -0.38738525
v -0.25167504 0.08556186 -0.39058009
v -0.25016063 0.08678868 -0.39292580
v -0.25016063 0.08678868 -0.39292580
v -0.25167504 0.08556186 -0.39058009
v -0.25122458 0.08534753 -0.39560550
v -0.25016063 0.08678868 -0.39292580
v -0.24825014 0.08898628 -0.39598846
v -0.24855492 0.08940686 -0.39053053
v -0.24855492 0.08940686 -0.39053053
v -0.24825014 0.08898628 -0.39598846
v -0.24721211 0.09155061 -0.39237297
v -0.24855492 0.08940686 -0.39053053
v -0.24721211 0.09155061 -0.39237297
v -0.24781370 0.09222779 -0.38631451
v -0.25615832 0.08229361 -0.39129385
v -0.25463292 0.08328795 -0.39024469
v -0.25683773 0.08306854 -0.38463572
v -0.25615832 0.08229361 -0.39129385
v -0.25683773 0.08306854 -0.38463572
v -0.25833440 0.08222291 -0.38569847
v -0.25615832 0.08229361 -0.39129385
v -0.25833440 0.08222291 -0.38569847
v -0.25779983 0.08132173 -0.39340124
v -0.25615832 0.08229361 -0.39129385
v -0.25779983 0.08132173 -0.39340124
v -0.25575572 0.08200140 -0.39720073
v -0.25615832 0.08229361 -0.39129385
v -0.25575572 0.08200140 -0.39720073
v -0.25338587 0.08354057 -0.39520189
v -0.25615832 0.08229361 -0.39129385
v -0.25338587 0.08354057 -0.39520189
v -0.25463292 0.08328795 -0.39024469
v -0.25338587 0.08354057 -0.39520189
v -0.25319430 0.08441085 -0.38962743
v -0.25463292 0.08328795 -0.39024469
v -0.25338587 0.08354057 -0.39520189
v -0.25122458 0.08534753 -0.39560550
v -0.25167504 0.08556186 -0.39058009
v -0.25338587 0.08354057 -0.39520189
v -0.25167504 0.08556186 -0.39058009
v -0.25319430 0.08441085 -0.38962743
v -0.25319430 0.08441085 -0.38962743
v -0.25167504 0.08556186 -0.39058009
v -0.25230846 0.08594852 -0.38569757
v -0.26344800 0.08073001 -0.38800868
v -0.26532277 0.08088101 -0.38690484
v -0.26509348 0.08010399 -0.39292768
v -0.26236460 0.08009362 -0.39454058
v -0.26155689 0.08080790 -0.38905966
v -0.26344800 0.08073001 -0.38800868
v -0.26236460 0.08009362 -0.39454058
v -0.26344800 0.08073001 -0.38800868
v -0.26509348 0.08010399 -0.39292768
v -0.25943106 0.08069929 -0.39455342
v -0.25986141 0.08132711 -0.38800979
v -0.26155689 0.08080790 -0.38905966
v -0.25943106 0.08069929 -0.39455342
v -0.26155689 0.08080790 -0.38905966
v -0.26236460 0.08009362 -0.39454058
v -0.25943106 0.08069929 -0.39455342
v -0.25779983 0.08132173 -0.39340124
v -0.25986141 0.08132711 -0.38800979
v -0.25986141 0.08132711 -0.38800979
v -0.25779983 0.08132173 -0.39340124
v -0.25833440 0.08222291 -0.38569847
v -0.27065349 0.08115318 -0.39190823
v -0.26767796 0.08035641 -0.39272901
v -0.26779056 0.08089586 -0.38836151
v -0.27065349 0.08115318 -0.39190823
v -0.26779056 0.08089586 -0.38836151
v -0.27061799 0.08186556 -0.38694212
v -0.27065349 0.08115318 -0.39190823
v -0.27061799 0.08186556 -0.38694212
v -0.27306560 0.08280745 -0.38726148
v -0.27065349 0.08115318 -0.39190823
v -0.27306560 0.08280745 -0.38726148
v -0.27354902 0.08216158 -0.39396152
v -0.26779056 0.08089586 -0.38836151
v -0.26767796 0.08035641 -0.39272901
v -0.26509348 0.08010399 -0.39292768
v -0.26779056 0.08089586 -0.38836151
v -0.26509348 0.08010399 -0.39292768
v -0.26532277 0.08088101 -0.38690484
v -0.27692306 0.08515056 -0.38893628
v -0.27715993 0.08459565 -0.39400429
v -0.27563334 0.08367522 -0.39192477
v -0.27692306 0.08515056 -0.38893628
v -0.27563334 0.08367522 -0.39192477
v -0.27541152 0.08432937 -0.38690534
v -0.27692306 0.08515056 -0.38893628
v -0.27797148 0.08685590 -0.38569757
v -0.27841619 0.08615837 -0.39127782
v -0.27692306 0.08515056 -0.38893628
v -0.27841619 0.08615837 -0.39127782
v -0.27715993 0.08459565 -0.39400429
v -0.27715993 0.08459565 -0.39400429
v -0.27841619 0.08615837 -0.39127782
v -0.27922711 0.08635633 -0.39696598
v -0.27715993 0.08459565 -0.39400429
v -0.27568671 0.08330422 -0.39615542
v -0.27563334 0.08367522 -0.39192477
v -0.27354902 0.08216158 -0.39396152
v -0.27563334 0.08367522 -0.39192477
v -0.27568671 0.08330422 -0.39615542
v -0.27306560 0.08280745 -0.38726148
v -0.27541152 0.08432937 -0.38690534
v -0.27563334 0.08367522 -0.39192477
v -0.27306560 0.08280745 -0.38726148
v -0.27563334 0.08367522 -0.39192477
v -0.27354902 0.08216158 -0.39396152
v -0.28178623 0.09054830 -0.39356798
v -0.28036225 0.08803523 -0.39430478
v -0.28056890 0.08924968 -0.38962623
v -0.28178623 0.09054830 -0.39356798
v -0.28056890 0.08924968 -0.38962623
v -0.28137493 0.09096926 -0.38858554
v -0.28178623 0.09054830 -0.39356798
v -0.28137493 0.09096926 -0.38858554
v -0.28229326 0.09250336 -0.39025077
v -0.28178623 0.09054830 -0.39356798
v -0.28229326 0.09250336 -0.39025077
v -0.28268483 0.09209944 -0.39616123
v -0.28036225 0.08803523 -0.39430478
v -0.27944204 0.08787237 -0.38858604
v -0.28056890 0.08924968 -0.38962623
v -0.28036225 0.08803523 -0.39430478
v -0.27922711 0.08635633 -0.39696598
v -0.27841619 0.08615837 -0.39127782
v -0.28036225 0.08803523 -0.39430478
v -0.27841619 0.08615837 -0.39127782
v -0.27944204 0.08787237 -0.38858604
v -0.27944204 0.08787237 -0.38858604
v -0.27841619 0.08615837 -0.39127782
v -0.27797148 0.08685590 -0.38569757
v -0.28393736 0.09768716 -0.39516011
v -0.28320312 0.09608436 -0.38968378
v -0.28326747 0.09798457 -0.38858634
v -0.28393736 0.09768716 -0.39516011
v -0.28326747 0.09798457 -0.38858634
v -0.28346384 0.09975731 -0.38968587
v -0.28393736 0.09768716 -0.39516011
v -0.28346384 0.09975731 -0.38968587
v -0.28397948 0.09955565 -0.39530253
v -0.28393736 0.09768716 -0.39516011
v -0.28372884 0.09574856 -0.39615315
v -0.28320312 0.09608436 -0.38968378
v -0.28322101 0.09397890 -0.39455411
v -0.28259316 0.09440905 -0.38801038
v -0.28320312 0.09608436 -0.38968378
v -0.28322101 0.09397890 -0.39455411
v -0.28320312 0.09608436 -0.38968378
v -0.28372884 0.09574856 -0.39615315
v -0.28322101 0.09397890 -0.39455411
v -0.28268483 0.09209944 -0.39616123
v -0.28229326 0.09250336 -0.39025077
v -0.28322101 0.09397890 -0.39455411
v -0.28229326 0.09250336 -0.39025077
v -0.28259316 0.09440905 -0.38801038
v -0.28293538 0.10577997 -0.39661023
v -0.28386506 0.10237280 -0.39768565
v -0.28305304 0.10458497 -0.39264166
v -0.28293538 0.10577997 -0.39661023
v -0.28305304 0.10458497 -0.39264166
v -0.28202170 0.10777851 -0.39530802
v -0.28321749 0.10500304 -0.40080649
v -0.28386506 0.10237280 -0.39768565
v -0.28293538 0.10577997 -0.39661023
v -0.28321749 0.10500304 -0.40080649
v -0.28293538 0.10577997 -0.39661023
v -0.28212044 0.10788053 -0.40012151
v -0.28321749 0.10500304 -0.40080649
v -0.28383097 0.10213085 -0.40226156
v -0.28386506 0.10237280 -0.39768565
v -0.28386506 0.10237280 -0.39768565
v -0.28383097 0.10213085 -0.40226156
v -0.28411859 0.09942520 -0.39928454
v -0.28386506 0.10237280 -0.39768565
v -0.28411859 0.09942520 -0.39928454
v -0.28397948 0.09955565 -0.39530253
v -0.28386506 0.10237280 -0.39768565
v -0.28397948 0.09955565 -0.39530253
v -0.28367826 0.10151161 -0.39292938
v -0.28386506 0.10237280 -0.39768565
v -0.28367826 0.10151161 -0.39292938
v -0.28305304 0.10458497 -0.39264166
v -0.27955660 0.11174757 -0.39832222
v -0.28063223 0.11024609 -0.39621755
v -0.27925423 0.11170857 -0.39356518
v -0.27955660 0.11174757 -0.39832222
v -0.27925423 0.11170857 -0.39356518
v -0.27796915 0.11335716 -0.39625478
v -0.27955660 0.11174757 -0.39832222
v -0.27796915 0.11335716 -0.39625478
v -0.27871987 0.11257136 -0.40229198
v -0.27955660 0.11174757 -0.39832222
v -0.28069687 0.11004115 -0.40285537
v -0.28063223 0.11024609 -0.39621755
v -0.28212044 0.10788053 -0.40012151
v -0.28063223 0.11024609 -0.39621755
v -0.28069687 0.11004115 -0.40285537
v -0.28202170 0.10777851 -0.39530802
v -0.28063223 0.11024609 -0.39621755
v -0.28212044 0.10788053 -0.40012151
v -0.28202170 0.10777851 -0.39530802
v -0.28212044 0.10788053 -0.40012151
v -0.28293538 0.10577997 -0.39661023
v -0.28202170 0.10777851 -0.39530802
v -0.28125548 0.10861367 -0.39190692
v -0.28063223 0.11024609 -0.39621755
v -0.27348250 0.11642762 -0.39516029
v -0.27173349 0.11715896 -0.39454645
v -0.27194673 0.11726019 -0.39928216
v -0.27370879 0.11640569 -0.40137953
v -0.27581003 0.11514097 -0.39645255
v -0.27348250 0.11642762 -0.39516029
v -0.27370879 0.11640569 -0.40137953
v -0.27348250 0.11642762 -0.39516029
v -0.27194673 0.11726019 -0.39928216
v -0.27370879 0.11640569 -0.40137953
v -0.27623352 0.11486312 -0.40021685
v -0.27581003 0.11514097 -0.39645255
v -0.27623352 0.11486312 -0.40021685
v -0.27871987 0.11257136 -0.40229198
v -0.27796915 0.11335716 -0.39625478
v -0.27623352 0.11486312 -0.40021685
v -0.27796915 0.11335716 -0.39625478
v -0.27581003 0.11514097 -0.39645255
v -0.26634285 0.11857218 -0.39719903
v -0.26829022 0.11832843 -0.39928216
v -0.26810083 0.11818811 -0.39455214
v -0.26634285 0.11857218 -0.39719903
v -0.26344043 0.11861317 -0.39673728
v -0.26455304 0.11861037 -0.40139449
v -0.26634285 0.11857218 -0.39719903
v -0.26455304 0.11861037 -0.40139449
v -0.26649004 0.11851373 -0.40166438
v -0.26634285 0.11857218 -0.39719903
v -0.26649004 0.11851373 -0.40166438
v -0.26829022 0.11832843 -0.39928216
v -0.26994109 0.11776882 -0.39455482
v -0.26810083 0.11818811 -0.39455214
v -0.26829022 0.11832843 -0.39928216
v -0.26994109 0.11776882 -0.39455482
v -0.26829022 0.11832843 -0.39928216
v -0.27018803 0.11786866 -0.40029684
v -0.26994109 0.11776882 -0.39455482
v -0.27018803 0.11786866 -0.40029684
v -0.27194673 0.11726019 -0.39928216
v -0.26994109 0.11776882 -0.39455482
v -0.27194673 0.11726019 -0.39928216
v -0.27173349 0.11715896 -0.39454645
v -0.25881621 0.11776125 -0.39832452
v -0.26070306 0.11826031 -0.39875767
v -0.26055437 0.11791524 -0.39292929
v -0.25881621 0.11776125 -0.39832452
v -0.26055437 0.11791524 -0.39292929
v -0.25784272 0.11714391 -0.39321542
v -0.25881621 0.11776125 -0.39832452
v -0.25784272 0.11714391 -0.39321542
v -0.25618884 0.11675175 -0.39949909
v -0.26344043 0.11861317 -0.39673728
v -0.26070306 0.11826031 -0.39875767
v -0.26178366 0.11835017 -0.40266889
v -0.26344043 0.11861317 -0.39673728
v -0.26178366 0.11835017 -0.40266889
v -0.26455304 0.11861037 -0.40139449
v -0.26344043 0.11861317 -0.39673728
v -0.26055437 0.11791524 -0.39292929
v -0.26070306 0.11826031 -0.39875767
v -0.25214639 0.11407223 -0.39782295
v -0.25371000 0.11519623 -0.39631590
v -0.25147858 0.11315479 -0.39333099
v -0.25214639 0.11407223 -0.39782295
v -0.25147858 0.11315479 -0.39333099
v -0.25080219 0.11284184 -0.39876196
v -0.25214639 0.11407223 -0.39782295
v -0.25383973 0.11529277 -0.40179950
v -0.25371000 0.11519623 -0.39631590
v -0.25214639 0.11407223 -0.39782295
v -0.25080219 0.11284184 -0.39876196
v -0.25241098 0.11410993 -0.40326828
v -0.25214639 0.11407223 -0.39782295
v -0.25241098 0.11410993 -0.40326828
v -0.25383973 0.11529277 -0.40179950
v -0.25618884 0.11675175 -0.39949909
v -0.25371000 0.11519623 -0.39631590
v -0.25383973 0.11529277 -0.40179950
v -0.25530624 0.11605822 -0.39423358
v -0.25371000 0.11519623 -0.39631590
v -0.25618884 0.11675175 -0.39949909
v -0.25530624 0.11605822 -0.39423358
v -0.25618884 0.11675175 -0.39949909
v -0.25784272 0.11714391 -0.39321542
v -0.24745376 0.10816467 -0.39720044
v -0.24894667 0.11058877 -0.39684549
v -0.24809195 0.10877892 -0.39284372
v -0.24745376 0.10816467 -0.39720044
v -0.24680151 0.10623634 -0.39403054
v -0.24666008 0.10649455 -0.39928126
v -0.24745376 0.10816467 -0.39720044
v -0.24666008 0.10649455 -0.39928126
v -0.24759050 0.10826998 -0.40229797
v -0.24745376 0.10816467 -0.39720044
v -0.24759050 0.10826998 -0.40229797
v -0.24855152 0.10990251 -0.40229836
v -0.24745376 0.10816467 -0.39720044
v -0.24855152 0.10990251 -0.40229836
v -0.24894667 0.11058877 -0.39684549
v -0.24997360 0.11188370 -0.40166318
v -0.24894667 0.11058877 -0.39684549
v -0.24855152 0.10990251 -0.40229836
v -0.24997360 0.11188370 -0.40166318
v -0.25080219 0.11284184 -0.39876196
v -0.24894667 0.11058877 -0.39684549
v -0.24894667 0.11058877 -0.39684549
v -0.25080219 0.11284184 -0.39876196
v -0.25147858 0.11315479 -0.39333099
v -0.24532259 0.10089655 -0.39779633
v -0.24575463 0.10374662 -0.39884153
v -0.24590911 0.10341082 -0.39390159
v -0.24532259 0.10089655 -0.39779633
v -0.24532777 0.09893761 -0.39615324
v -0.24527371 0.09909110 -0.40015191
v -0.24575463 0.10374662 -0.39884153
v -0.24666008 0.10649455 -0.39928126
v -0.24680151 0.10623634 -0.39403054
v -0.24575463 0.10374662 -0.39884153
v -0.24680151 0.10623634 -0.39403054
v -0.24590911 0.10341082 -0.39390159
v -0.24623124 0.09333362 -0.39677337
v -0.24566627 0.09525597 -0.39928225
v -0.24598451 0.09509730 -0.39298493
v -0.24623124 0.09333362 -0.39677337
v -0.24598451 0.09509730 -0.39298493
v -0.24660534 0.09326690 -0.39190742
v -0.24623124 0.09333362 -0.39677337
v -0.24660534 0.09326690 -0.39190742
v -0.24721211 0.09155061 -0.39237297
v -0.24623124 0.09333362 -0.39677337
v -0.24721211 0.09155061 -0.39237297
v -0.24687064 0.09158900 -0.39706060
v -0.24649055 0.09247812 -0.40170595
v -0.24566627 0.09525597 -0.39928225
v -0.24623124 0.09333362 -0.39677337
v -0.24649055 0.09247812 -0.40170595
v -0.24623124 0.09333362 -0.39677337
v -0.24687064 0.09158900 -0.39706060
v -0.24537285 0.09714331 -0.39928055
v -0.24527371 0.09909110 -0.40015191
v -0.24532777 0.09893761 -0.39615324
v -0.24558477 0.09699571 -0.39400369
v -0.24598451 0.09509730 -0.39298493
v -0.24566627 0.09525597 -0.39928225
v -0.24558477 0.09699571 -0.39400369
v -0.24566627 0.09525597 -0.39928225
v -0.24537285 0.09714331 -0.39928055
v -0.24558477 0.09699571 -0.39400369
v -0.24537285 0.09714331 -0.39928055
v -0.24532777 0.09893761 -0.39615324
v -0.24981545 0.08672095 -0.39832532
v -0.24825014 0.08898628 -0.39598846
v -0.25016063 0.08678868 -0.39292580
v -0.24981545 0.08672095 -0.39832532
v -0.25016063 0.08678868 -0.39292580
v -0.25122458 0.08534753 -0.39560550
v -0.24981545 0.08672095 -0.39832532
v -0.24805975 0.08918583 -0.40083280
v -0.24825014 0.08898628 -0.39598846
v -0.24981545 0.08672095 -0.39832532
v -0.25122458 0.08534753 -0.39560550
v -0.25106081 0.08540608 -0.40015730
v -0.24805975 0.08918583 -0.40083280
v -0.24649055 0.09247812 -0.40170595
v -0.24687064 0.09158900 -0.39706060
v -0.24805975 0.08918583 -0.40083280
v -0.24687064 0.09158900 -0.39706060
v -0.24825014 0.08898628 -0.39598846
v -0.24825014 0.08898628 -0.39598846
v -0.24687064 0.09158900 -0.39706060
v -0.24721211 0.09155061 -0.39237297
v -0.25575572 0.08200140 -0.39720073
v -0.25779983 0.08132173 -0.39340124
v -0.25742573 0.08120783 -0.39928135
v -0.25575572 0.08200140 -0.39720073
v -0.25323868 0.08352153 -0.39988074
v -0.25338587 0.08354057 -0.39520189
v -0.25575572 0.08200140 -0.39720073
v -0.25742573 0.08120783 -0.39928135
v -0.25486928 0.08257675 -0.40287063
v -0.25575572 0.08200140 -0.39720073
v -0.25486928 0.08257675 -0.40287063
v -0.25323868 0.08352153 -0.39988074
v -0.25323868 0.08352153 -0.39988074
v -0.25106081 0.08540608 -0.40015730
v -0.25122458 0.08534753 -0.39560550
v -0.25323868 0.08352153 -0.39988074
v -0.25122458 0.08534753 -0.39560550
v -0.25338587 0.08354057 -0.39520189
v -0.26236460 0.08009362 -0.39454058
v -0.26509348 0.08010399 -0.39292768
v -0.26488087 0.07979432 -0.39875954
v -0.26236460 0.08009362 -0.39454058
v -0.26488087 0.07979432 -0.39875954
v -0.26178634 0.08000227 -0.39938748
v -0.25943106 0.08069929 -0.39455342
v -0.26236460 0.08009362 -0.39454058
v -0.26178634 0.08000227 -0.39938748
v -0.25943106 0.08069929 -0.39455342
v -0.26178634 0.08000227 -0.39938748
v -0.25922680 0.08059069 -0.39928085
v -0.25943106 0.08069929 -0.39455342
v -0.25922680 0.08059069 -0.39928085
v -0.25742573 0.08120783 -0.39928135
v -0.25943106 0.08069929 -0.39455342
v -0.25742573 0.08120783 -0.39928135
v -0.25779983 0.08132173 -0.39340124
v -0.27058655 0.08077898 -0.39677277
v -0.26765591 0.08000885 -0.39843971
v -0.26767796 0.08035641 -0.39272901
v -0.27058655 0.08077898 -0.39677277
v -0.26767796 0.08035641 -0.39272901
v -0.27065349 0.08115318 -0.39190823
v -0.27058655 0.08077898 -0.39677277
v -0.27065349 0.08115318 -0.39190823
v -0.27354902 0.08216158 -0.39396152
v -0.27058655 0.08077898 -0.39677277
v -0.27354902 0.08216158 -0.39396152
v -0.27230567 0.08134875 -0.39876303
v -0.27044895 0.08071196 -0.40137964
v -0.26765591 0.08000885 -0.39843971
v -0.27058655 0.08077898 -0.39677277
v -0.27044895 0.08071196 -0.40137964
v -0.27058655 0.08077898 -0.39677277
v -0.27230567 0.08134875 -0.39876303
v -0.26765591 0.08000885 -0.39843971
v -0.26488087 0.07979432 -0.39875954
v -0.26509348 0.08010399 -0.39292768
v -0.26765591 0.08000885 -0.39843971
v -0.26509348 0.08010399 -0.39292768
v -0.26767796 0.08035641 -0.39272901
v -0.27715993 0.08459565 -0.39400429
v -0.27715397 0.08434652 -0.39862663
v -0.27568671 0.08330422 -0.39615542
v -0.27715993 0.08459565 -0.39400429
v -0.27922711 0.08635633 -0.39696598
v -0.27715397 0.08434652 -0.39862663
v -0.27715397 0.08434652 -0.39862663
v -0.27467182 0.08255103 -0.40071273
v -0.27568671 0.08330422 -0.39615542
v -0.27715397 0.08434652 -0.39862663
v -0.27922711 0.08635633 -0.39696598
v -0.27781168 0.08498591 -0.40227425
v -0.27715397 0.08434652 -0.39862663
v -0.27781168 0.08498591 -0.40227425
v -0.27467182 0.08255103 -0.40071273
v -0.27354902 0.08216158 -0.39396152
v -0.27568671 0.08330422 -0.39615542
v -0.27467182 0.08255103 -0.40071273
v -0.27354902 0.08216158 -0.39396152
v -0.27467182 0.08255103 -0.40071273
v -0.27230567 0.08134875 -0.39876303
v -0.28192288 0.09029697 -0.39773470
v -0.28094819 0.08859753 -0.39928845
v -0.28036225 0.08803523 -0.39430478
v -0.28192288 0.09029697 -0.39773470
v -0.28036225 0.08803523 -0.39430478
v -0.28178623 0.09054830 -0.39356798
v -0.28192288 0.09029697 -0.39773470
v -0.28178623 0.09054830 -0.39356798
v -0.28268483 0.09209944 -0.39616123
v -0.28192288 0.09029697 -0.39773470
v -0.28268483 0.09209944 -0.39616123
v -0.28303280 0.09276137 -0.39946187
v -0.28192288 0.09029697 -0.39773470
v -0.28303280 0.09276137 -0.39946187
v -0.28171983 0.09018816 -0.40326917
v -0.28192288 0.09029697 -0.39773470
v -0.28171983 0.09018816 -0.40326917
v -0.28094819 0.08859753 -0.39928845
v -0.27922711 0.08635633 -0.39696598
v -0.28094819 0.08859753 -0.39928845
v -0.28009236 0.08763381 -0.40356848
v -0.27922711 0.08635633 -0.39696598
v -0.28009236 0.08763381 -0.40356848
v -0.27781168 0.08498591 -0.40227425
v -0.27922711 0.08635633 -0.39696598
v -0.28036225 0.08803523 -0.39430478
v -0.28094819 0.08859753 -0.39928845
v -0.28393736 0.09768716 -0.39516011
v -0.28397948 0.09955565 -0.39530253
v -0.28411859 0.09942520 -0.39928454
v -0.28391641 0.09643233 -0.40023232
v -0.28372884 0.09574856 -0.39615315
v -0.28393736 0.09768716 -0.39516011
v -0.28391641 0.09643233 -0.40023232
v -0.28393736 0.09768716 -0.39516011
v -0.28411859 0.09942520 -0.39928454
v -0.28303280 0.09276137 -0.39946187
v -0.28372884 0.09574856 -0.39615315
v -0.28391641 0.09643233 -0.40023232
v -0.28322101 0.09397890 -0.39455411
v -0.28372884 0.09574856 -0.39615315
v -0.28303280 0.09276137 -0.39946187
v -0.28322101 0.09397890 -0.39455411
v -0.28303280 0.09276137 -0.39946187
v -0.28268483 0.09209944 -0.39616123
v -0.28321749 0.10500304 -0.40080649
v -0.28315288 0.10414675 -0.40500650
v -0.28383097 0.10213085 -0.40226156
v -0.28321749 0.10500304 -0.40080649
v -0.28212044 0.10788053 -0.40012151
v -0.28201860 0.10744041 -0.40446585
v -0.28321749 0.10500304 -0.40080649
v -0.28201860 0.10744041 -0.40446585
v -0.28315288 0.10414675 -0.40500650
v -0.28315288 0.10414675 -0.40500650
v -0.28201860 0.10744041 -0.40446585
v -0.28215685 0.10568662 -0.40821221
v -0.28348917 0.10105164 -0.40655506
v -0.28383097 0.10213085 -0.40226156
v -0.28315288 0.10414675 -0.40500650
v -0.28348917 0.10105164 -0.40655506
v -0.28383863 0.09924209 -0.40470162
v -0.28383097 0.10213085 -0.40226156
v -0.28383097 0.10213085 -0.40226156
v -0.28383863 0.09924209 -0.40470162
v -0.28411859 0.09942520 -0.39928454
v -0.27871987 0.11257136 -0.40229198
v -0.28069687 0.11004115 -0.40285537
v -0.27955660 0.11174757 -0.39832222
v -0.27879184 0.11180831 -0.40669638
v -0.28069687 0.11004115 -0.40285537
v -0.27871987 0.11257136 -0.40229198
v -0.27879184 0.11180831 -0.40669638
v -0.28090909 0.10850905 -0.40774259
v -0.28069687 0.11004115 -0.40285537
v -0.28201860 0.10744041 -0.40446585
v -0.28069687 0.11004115 -0.40285537
v -0.28090909 0.10850905 -0.40774259
v -0.28201860 0.10744041 -0.40446585
v -0.28090909 0.10850905 -0.40774259
v -0.28215685 0.10568662 -0.40821221
v -0.28212044 0.10788053 -0.40012151
v -0.28069687 0.11004115 -0.40285537
v -0.28201860 0.10744041 -0.40446585
v -0.27370879 0.11640569 -0.40137953
v -0.27531868 0.11516152 -0.40470284
v -0.27623352 0.11486312 -0.40021685
v -0.27370879 0.11640569 -0.40137953
v -0.27194673 0.11726019 -0.39928216
v -0.27200785 0.11693148 -0.40470162
v -0.27362090 0.11587800 -0.40655476
v -0.27531868 0.11516152 -0.40470284
v -0.27370879 0.11640569 -0.40137953
v -0.27362090 0.11587800 -0.40655476
v -0.27370879 0.11640569 -0.40137953
v -0.27200785 0.11693148 -0.40470162
v -0.27682784 0.11409927 -0.40430379
v -0.27879184 0.11180831 -0.40669638
v -0.27871987 0.11257136 -0.40229198
v -0.27682784 0.11409927 -0.40430379
v -0.27871987 0.11257136 -0.40229198
v -0.27623352 0.11486312 -0.40021685
v -0.27682784 0.11409927 -0.40430379
v -0.27623352 0.11486312 -0.40021685
v -0.27531868 0.11516152 -0.40470284
v -0.26649004 0.11851373 -0.40166438
v -0.26657692 0.11811141 -0.40609518
v -0.26841399 0.11801817 -0.40470073
v -0.26649004 0.11851373 -0.40166438
v -0.26841399 0.11801817 -0.40470073
v -0.26829022 0.11832843 -0.39928216
v -0.26649004 0.11851373 -0.40166438
v -0.26455304 0.11861037 -0.40139449
v -0.26468089 0.11832055 -0.40517595
v -0.26649004 0.11851373 -0.40166438
v -0.26468089 0.11832055 -0.40517595
v -0.26657692 0.11811141 -0.40609518
v -0.27018803 0.11786866 -0.40029684
v -0.26841399 0.11801817 -0.40470073
v -0.27022335 0.11737967 -0.40609619
v -0.27018803 0.11786866 -0.40029684
v -0.27022335 0.11737967 -0.40609619
v -0.27200785 0.11693148 -0.40470162
v -0.27018803 0.11786866 -0.40029684
v -0.27200785 0.11693148 -0.40470162
v -0.27194673 0.11726019 -0.39928216
v -0.27018803 0.11786866 -0.40029684
v -0.26829022 0.11832843 -0.39928216
v -0.26841399 0.11801817 -0.40470073
v -0.25900331 0.11767159 -0.40287414
v -0.26178366 0.11835017 -0.40266889
v -0.26070306 0.11826031 -0.39875767
v -0.25900331 0.11767159 -0.40287414
v -0.26070306 0.11826031 -0.39875767
v -0.25881621 0.11776125 -0.39832452
v -0.25900331 0.11767159 -0.40287414
v -0.25881621 0.11776125 -0.39832452
v -0.25618884 0.11675175 -0.39949909
v -0.25900331 0.11767159 -0.40287414
v -0.25618884 0.11675175 -0.39949909
v -0.25647029 0.11663406 -0.40383914
v -0.25923428 0.11732073 -0.40655446
v -0.26222515 0.11797527 -0.40656722
v -0.26178366 0.11835017 -0.40266889
v -0.25923428 0.11732073 -0.40655446
v -0.26178366 0.11835017 -0.40266889
v -0.25900331 0.11767159 -0.40287414
v -0.25923428 0.11732073 -0.40655446
v -0.25900331 0.11767159 -0.40287414
v -0.25647029 0.11663406 -0.40383914
v -0.25923428 0.11732073 -0.40655446
v -0.25647029 0.11663406 -0.40383914
v -0.25659287 0.11628570 -0.40673038
v -0.26222515 0.11797527 -0.40656722
v -0.26468089 0.11832055 -0.40517595
v -0.26178366 0.11835017 -0.40266889
v -0.26178366 0.11835017 -0.40266889
v -0.26468089 0.11832055 -0.40517595
v -0.26455304 0.11861037 -0.40139449
v -0.25241098 0.11410993 -0.40326828
v -0.25080219 0.11284184 -0.39876196
v -0.24997360 0.11188370 -0.40166318
v -0.25241098 0.11410993 -0.40326828
v -0.25417864 0.11502169 -0.40596575
v -0.25383973 0.11529277 -0.40179950
v -0.25241098 0.11410993 -0.40326828
v -0.24997360 0.11188370 -0.40166318
v -0.25136000 0.11261405 -0.40655276
v -0.25241098 0.11410993 -0.40326828
v -0.25136000 0.11261405 -0.40655276
v -0.25375012 0.11422113 -0.40848070
v -0.25241098 0.11410993 -0.40326828
v -0.25375012 0.11422113 -0.40848070
v -0.25417864 0.11502169 -0.40596575
v -0.25647029 0.11663406 -0.40383914
v -0.25383973 0.11529277 -0.40179950
v -0.25417864 0.11502169 -0.40596575
v -0.25647029 0.11663406 -0.40383914
v -0.25417864 0.11502169 -0.40596575
v -0.25659287 0.11628570 -0.40673038
v -0.25618884 0.11675175 -0.39949909
v -0.25383973 0.11529277 -0.40179950
v -0.25647029 0.11663406 -0.40383914
v -0.24759050 0.10826998 -0.40229797
v -0.24666008 0.10649455 -0.39928126
v -0.24646303 0.10563286 -0.40292618
v -0.24802016 0.10816009 -0.40655646
v -0.24952194 0.11064751 -0.40607303
v -0.24855152 0.10990251 -0.40229836
v -0.24802016 0.10816009 -0.40655646
v -0.24855152 0.10990251 -0.40229836
v -0.24759050 0.10826998 -0.40229797
v -0.24802016 0.10816009 -0.40655646
v -0.24759050 0.10826998 -0.40229797
v -0.24646303 0.10563286 -0.40292618
v -0.24802016 0.10816009 -0.40655646
v -0.24646303 0.10563286 -0.40292618
v -0.24725401 0.10649604 -0.40655196
v -0.24952194 0.11064751 -0.40607303
v -0.24997360 0.11188370 -0.40166318
v -0.24855152 0.10990251 -0.40229836
v -0.24952194 0.11064751 -0.40607303
v -0.25136000 0.11261405 -0.40655276
v -0.24997360 0.11188370 -0.40166318
v -0.24540785 0.10021847 -0.40279892
v -0.24577297 0.10294636 -0.40312725
v -0.24575463 0.10374662 -0.39884153
v -0.24540785 0.10021847 -0.40279892
v -0.24575463 0.10374662 -0.39884153
v -0.24532259 0.10089655 -0.39779633
v -0.24540785 0.10021847 -0.40279892
v -0.24532259 0.10089655 -0.39779633
v -0.24527371 0.09909110 -0.40015191
v -0.24588986 0.10111896 -0.40655476
v -0.24639910 0.10404960 -0.40652364
v -0.24577297 0.10294636 -0.40312725
v -0.24588986 0.10111896 -0.40655476
v -0.24577297 0.10294636 -0.40312725
v -0.24540785 0.10021847 -0.40279892
v -0.24588986 0.10111896 -0.40655476
v -0.24540785 0.10021847 -0.40279892
v -0.24580149 0.09927191 -0.40655017
v -0.24639910 0.10404960 -0.40652364
v -0.24646303 0.10563286 -0.40292618
v -0.24577297 0.10294636 -0.40312725
v -0.24639910 0.10404960 -0.40652364
v -0.24725401 0.10649604 -0.40655196
v -0.24646303 0.10563286 -0.40292618
v -0.24646303 0.10563286 -0.40292618
v -0.24666008 0.10649455 -0.39928126
v -0.24575463 0.10374662 -0.39884153
v -0.24646303 0.10563286 -0.40292618
v -0.24575463 0.10374662 -0.39884153
v -0.24577297 0.10294636 -0.40312725
v -0.24649055 0.09247812 -0.40170595
v -0.24606560 0.09446090 -0.40406594
v -0.24566627 0.09525597 -0.39928225
v -0.24606560 0.09446090 -0.40406594
v -0.24649055 0.09247812 -0.40170595
v -0.24761374 0.09097206 -0.40626475
v -0.24606560 0.09446090 -0.40406594
v -0.24761374 0.09097206 -0.40626475
v -0.24697526 0.09396733 -0.40875795
v -0.24606560 0.09446090 -0.40406594
v -0.24697526 0.09396733 -0.40875795
v -0.24625260 0.09560813 -0.40708035
v -0.24554758 0.09730119 -0.40375626
v -0.24606560 0.09446090 -0.40406594
v -0.24625260 0.09560813 -0.40708035
v -0.24554758 0.09730119 -0.40375626
v -0.24625260 0.09560813 -0.40708035
v -0.24623604 0.09670360 -0.40810800
v -0.24554758 0.09730119 -0.40375626
v -0.24623604 0.09670360 -0.40810800
v -0.24580149 0.09927191 -0.40655017
v -0.24554758 0.09730119 -0.40375626
v -0.24580149 0.09927191 -0.40655017
v -0.24540785 0.10021847 -0.40279892
v -0.24554758 0.09730119 -0.40375626
v -0.24540785 0.10021847 -0.40279892
v -0.24527371 0.09909110 -0.40015191
v -0.24554758 0.09730119 -0.40375626
v -0.24527371 0.09909110 -0.40015191
v -0.24537285 0.09714331 -0.39928055
v -0.24554758 0.09730119 -0.40375626
v -0.24537285 0.09714331 -0.39928055
v -0.24566627 0.09525597 -0.39928225
v -0.24554758 0.09730119 -0.40375626
v -0.24566627 0.09525597 -0.39928225
v -0.24606560 0.09446090 -0.40406594
v -0.25047475 0.08613791 -0.40275156
v -0.25081447 0.08632551 -0.40623042
v -0.24877083 0.08855044 -0.40430987
v -0.25047475 0.08613791 -0.40275156
v -0.24877083 0.08855044 -0.40430987
v -0.24805975 0.08918583 -0.40083280
v -0.25047475 0.08613791 -0.40275156
v -0.24805975 0.08918583 -0.40083280
v -0.24981545 0.08672095 -0.39832532
v -0.25047475 0.08613791 -0.40275156
v -0.24981545 0.08672095 -0.39832532
v -0.25106081 0.08540608 -0.40015730
v -0.25081447 0.08632551 -0.40623042
v -0.24961777 0.08818503 -0.40778008
v -0.24877083 0.08855044 -0.40430987
v -0.24761374 0.09097206 -0.40626475
v -0.24877083 0.08855044 -0.40430987
v -0.24961777 0.08818503 -0.40778008
v -0.24805975 0.08918583 -0.40083280
v -0.24877083 0.08855044 -0.40430987
v -0.24761374 0.09097206 -0.40626475
v -0.24805975 0.08918583 -0.40083280
v -0.24761374 0.09097206 -0.40626475
v -0.24649055 0.09247812 -0.40170595
v -0.25486928 0.08257675 -0.40287063
v -0.25742573 0.08120783 -0.39928135
v -0.25641915 0.08191115 -0.40444613
v -0.25641915 0.08191115 -0.40444613
v -0.25421524 0.08363523 -0.40707827
v -0.25486928 0.08257675 -0.40287063
v -0.25261870 0.08431211 -0.40439576
v -0.25486928 0.08257675 -0.40287063
v -0.25421524 0.08363523 -0.40707827
v -0.25261870 0.08431211 -0.40439576
v -0.25081447 0.08632551 -0.40623042
v -0.25047475 0.08613791 -0.40275156
v -0.25261870 0.08431211 -0.40439576
v -0.25047475 0.08613791 -0.40275156
v -0.25106081 0.08540608 -0.40015730
v -0.25261870 0.08431211 -0.40439576
v -0.25106081 0.08540608 -0.40015730
v -0.25323868 0.08352153 -0.39988074
v -0.25261870 0.08431211 -0.40439576
v -0.25323868 0.08352153 -0.39988074
v -0.25486928 0.08257675 -0.40287063
v -0.26217961 0.08011445 -0.40354383
v -0.26178634 0.08000227 -0.39938748
v -0.26488087 0.07979432 -0.39875954
v -0.26217961 0.08011445 -0.40354383
v -0.26488087 0.07979432 -0.39875954
v -0.26608902 0.08001174 -0.40349048
v -0.26217961 0.08011445 -0.40354383
v -0.26608902 0.08001174 -0.40349048
v -0.26372159 0.08024521 -0.40593633
v -0.26372159 0.08024521 -0.40593633
v -0.26099637 0.08104726 -0.40839592
v -0.26217961 0.08011445 -0.40354383
v -0.25917056 0.08116655 -0.40655446
v -0.25916776 0.08074606 -0.40286866
v -0.26217961 0.08011445 -0.40354383
v -0.25917056 0.08116655 -0.40655446
v -0.26217961 0.08011445 -0.40354383
v -0.26099637 0.08104726 -0.40839592
v -0.25917056 0.08116655 -0.40655446
v -0.25751841 0.08211519 -0.40839711
v -0.25641915 0.08191115 -0.40444613
v -0.25917056 0.08116655 -0.40655446
v -0.25641915 0.08191115 -0.40444613
v -0.25916776 0.08074606 -0.40286866
v -0.25916776 0.08074606 -0.40286866
v -0.25641915 0.08191115 -0.40444613
v -0.25742573 0.08120783 -0.39928135
v -0.25916776 0.08074606 -0.40286866
v -0.25742573 0.08120783 -0.39928135
v -0.25922680 0.08059069 -0.39928085
v -0.25916776 0.08074606 -0.40286866
v -0.25922680 0.08059069 -0.39928085
v -0.26178634 0.08000227 -0.39938748
v -0.25916776 0.08074606 -0.40286866
v -0.26178634 0.08000227 -0.39938748
v -0.26217961 0.08011445 -0.40354383
v -0.27044895 0.08071196 -0.40137964
v -0.26848093 0.08038364 -0.40375447
v -0.26765591 0.08000885 -0.39843971
v -0.27044895 0.08071196 -0.40137964
v -0.27230567 0.08134875 -0.39876303
v -0.27210790 0.08144440 -0.40313134
v -0.27096814 0.08122380 -0.40528077
v -0.26848093 0.08038364 -0.40375447
v -0.27044895 0.08071196 -0.40137964
v -0.27096814 0.08122380 -0.40528077
v -0.27044895 0.08071196 -0.40137964
v -0.27210790 0.08144440 -0.40313134
v -0.27096814 0.08122380 -0.40528077
v -0.27101201 0.08159439 -0.40760264
v -0.26831228 0.08080053 -0.40708065
v -0.27096814 0.08122380 -0.40528077
v -0.26831228 0.08080053 -0.40708065
v -0.26848093 0.08038364 -0.40375447
v -0.26608902 0.08001174 -0.40349048
v -0.26848093 0.08038364 -0.40375447
v -0.26831228 0.08080053 -0.40708065
v -0.26608902 0.08001174 -0.40349048
v -0.26831228 0.08080053 -0.40708065
v -0.26588845 0.08085996 -0.40913993
v -0.26608902 0.08001174 -0.40349048
v -0.26588845 0.08085996 -0.40913993
v -0.26372159 0.08024521 -0.40593633
v -0.26608902 0.08001174 -0.40349048
v -0.26488087 0.07979432 -0.39875954
v -0.26765591 0.08000885 -0.39843971
v -0.26608902 0.08001174 -0.40349048
v -0.26765591 0.08000885 -0.39843971
v -0.26848093 0.08038364 -0.40375447
v -0.27781168 0.08498591 -0.40227425
v -0.27455762 0.08285443 -0.40506035
v -0.27467182 0.08255103 -0.40071273
v -0.27723762 0.08521530 -0.40724501
v -0.27455762 0.08285443 -0.40506035
v -0.27781168 0.08498591 -0.40227425
v -0.27455762 0.08285443 -0.40506035
v -0.27101201 0.08159439 -0.40760264
v -0.27096814 0.08122380 -0.40528077
v -0.27455762 0.08285443 -0.40506035
v -0.27096814 0.08122380 -0.40528077
v -0.27210790 0.08144440 -0.40313134
v -0.27467182 0.08255103 -0.40071273
v -0.27455762 0.08285443 -0.40506035
v -0.27210790 0.08144440 -0.40313134
v -0.27467182 0.08255103 -0.40071273
v -0.27210790 0.08144440 -0.40313134
v -0.27230567 0.08134875 -0.39876303
v -0.28171983 0.09018816 -0.40326917
v -0.28009236 0.08763381 -0.40356848
v -0.28094819 0.08859753 -0.39928845
v -0.28171983 0.09018816 -0.40326917
v -0.28303280 0.09276137 -0.39946187
v -0.28238383 0.09191214 -0.40470022
v -0.28171983 0.09018816 -0.40326917
v -0.28238383 0.09191214 -0.40470022
v -0.28109279 0.09038054 -0.40788949
v -0.28171983 0.09018816 -0.40326917
v -0.28109279 0.09038054 -0.40788949
v -0.27981353 0.08827948 -0.40788820
v -0.28171983 0.09018816 -0.40326917
v -0.27981353 0.08827948 -0.40788820
v -0.28009236 0.08763381 -0.40356848
v -0.28009236 0.08763381 -0.40356848
v -0.27981353 0.08827948 -0.40788820
v -0.27723762 0.08521530 -0.40724501
v -0.28009236 0.08763381 -0.40356848
v -0.27723762 0.08521530 -0.40724501
v -0.27781168 0.08498591 -0.40227425
v -0.28383455 0.09739674 -0.40375417
v -0.28331864 0.09463574 -0.40460569
v -0.28391641 0.09643233 -0.40023232
v -0.28383455 0.09739674 -0.40375417
v -0.28391641 0.09643233 -0.40023232
v -0.28411859 0.09942520 -0.39928454
v -0.28383455 0.09739674 -0.40375417
v -0.28411859 0.09942520 -0.39928454
v -0.28383863 0.09924209 -0.40470162
v -0.28383455 0.09739674 -0.40375417
v -0.28383863 0.09924209 -0.40470162
v -0.28306413 0.09732254 -0.40875986
v -0.28383455 0.09739674 -0.40375417
v -0.28306413 0.09732254 -0.40875986
v -0.28331864 0.09463574 -0.40460569
v -0.28331864 0.09463574 -0.40460569
v -0.28238383 0.09191214 -0.40470022
v -0.28303280 0.09276137 -0.39946187
v -0.28331864 0.09463574 -0.40460569
v -0.28303280 0.09276137 -0.39946187
v -0.28391641 0.09643233 -0.40023232
v -0.28215685 0.10568662 -0.40821221
v -0.28256506 0.10325564 -0.40934098
v -0.28315288 0.10414675 -0.40500650
v -0.28256506 0.10325564 -0.40934098
v -0.28215685 0.10568662 -0.40821221
v -0.28116122 0.10497114 -0.41219991
v -0.28256506 0.10325564 -0.40934098
v -0.28116122 0.10497114 -0.41219991
v -0.28147158 0.10283905 -0.41292110
v -0.28298113 0.10005930 -0.40941700
v -0.28256506 0.10325564 -0.40934098
v -0.28147158 0.10283905 -0.41292110
v -0.28298113 0.10005930 -0.40941700
v -0.28147158 0.10283905 -0.41292110
v -0.28200424 0.09963943 -0.41254959
v -0.28348917 0.10105164 -0.40655506
v -0.28256506 0.10325564 -0.40934098
v -0.28298113 0.10005930 -0.40941700
v -0.28348917 0.10105164 -0.40655506
v -0.28298113 0.10005930 -0.40941700
v -0.28383863 0.09924209 -0.40470162
v -0.28348917 0.10105164 -0.40655506
v -0.28315288 0.10414675 -0.40500650
v -0.28256506 0.10325564 -0.40934098
v -0.27879184 0.11180831 -0.40669638
v -0.27924874 0.10967572 -0.41090271
v -0.28090909 0.10850905 -0.40774259
v -0.27879184 0.11180831 -0.40669638
v -0.27721339 0.11233809 -0.41019970
v -0.27924874 0.10967572 -0.41090271
v -0.28032494 0.10741588 -0.41162705
v -0.28090909 0.10850905 -0.40774259
v -0.27924874 0.10967572 -0.41090271
v -0.28032494 0.10741588 -0.41162705
v -0.28116122 0.10497114 -0.41219991
v -0.28215685 0.10568662 -0.40821221
v -0.28032494 0.10741588 -0.41162705
v -0.28215685 0.10568662 -0.40821221
v -0.28090909 0.10850905 -0.40774259
v -0.27362090 0.11587800 -0.40655476
v -0.27246761 0.11538901 -0.41087168
v -0.27579927 0.11404771 -0.40854672
v -0.27362090 0.11587800 -0.40655476
v -0.27579927 0.11404771 -0.40854672
v -0.27531868 0.11516152 -0.40470284
v -0.27362090 0.11587800 -0.40655476
v -0.27200785 0.11693148 -0.40470162
v -0.27124488 0.11631703 -0.40949866
v -0.27362090 0.11587800 -0.40655476
v -0.27124488 0.11631703 -0.40949866
v -0.27246761 0.11538901 -0.41087168
v -0.27246761 0.11538901 -0.41087168
v -0.27470928 0.11394687 -0.41111195
v -0.27579927 0.11404771 -0.40854672
v -0.27721339 0.11233809 -0.41019970
v -0.27579927 0.11404771 -0.40854672
v -0.27470928 0.11394687 -0.41111195
v -0.27579927 0.11404771 -0.40854672
v -0.27721339 0.11233809 -0.41019970
v -0.27879184 0.11180831 -0.40669638
v -0.27579927 0.11404771 -0.40854672
v -0.27879184 0.11180831 -0.40669638
v -0.27682784 0.11409927 -0.40430379
v -0.27579927 0.11404771 -0.40854672
v -0.27682784 0.11409927 -0.40430379
v -0.27531868 0.11516152 -0.40470284
v -0.26657692 0.11811141 -0.40609518
v -0.26658508 0.11692838 -0.41123441
v -0.26835704 0.11701904 -0.41002068
v -0.26657692 0.11811141 -0.40609518
v -0.26835704 0.11701904 -0.41002068
v -0.26841399 0.11801817 -0.40470073
v -0.26657692 0.11811141 -0.40609518
v -0.26468089 0.11832055 -0.40517595
v -0.26481682 0.11739504 -0.41002128
v -0.26657692 0.11811141 -0.40609518
v -0.26481682 0.11739504 -0.41002128
v -0.26658508 0.11692838 -0.41123441
v -0.27124488 0.11631703 -0.40949866
v -0.26835704 0.11701904 -0.41002068
v -0.26956889 0.11540746 -0.41363907
v -0.27124488 0.11631703 -0.40949866
v -0.26956889 0.11540746 -0.41363907
v -0.27246761 0.11538901 -0.41087168
v -0.27022335 0.11737967 -0.40609619
v -0.26835704 0.11701904 -0.41002068
v -0.27124488 0.11631703 -0.40949866
v -0.27022335 0.11737967 -0.40609619
v -0.27124488 0.11631703 -0.40949866
v -0.27200785 0.11693148 -0.40470162
v -0.27022335 0.11737967 -0.40609619
v -0.26841399 0.11801817 -0.40470073
v -0.26835704 0.11701904 -0.41002068
v -0.25923428 0.11732073 -0.40655446
v -0.25824603 0.11620951 -0.41003701
v -0.26132828 0.11700847 -0.41034740
v -0.25923428 0.11732073 -0.40655446
v -0.26132828 0.11700847 -0.41034740
v -0.26222515 0.11797527 -0.40656722
v -0.25923428 0.11732073 -0.40655446
v -0.25659287 0.11628570 -0.40673038
v -0.25824603 0.11620951 -0.41003701
v -0.26132828 0.11700847 -0.41034740
v -0.25824603 0.11620951 -0.41003701
v -0.25981084 0.11592976 -0.41227773
v -0.26132828 0.11700847 -0.41034740
v -0.26237726 0.11624422 -0.41291690
v -0.26481682 0.11739504 -0.41002128
v -0.26222515 0.11797527 -0.40656722
v -0.26132828 0.11700847 -0.41034740
v -0.26481682 0.11739504 -0.41002128
v -0.26222515 0.11797527 -0.40656722
v -0.26481682 0.11739504 -0.41002128
v -0.26468089 0.11832055 -0.40517595
v -0.25375012 0.11422113 -0.40848070
v -0.25136000 0.11261405 -0.40655276
v -0.25142163 0.11150771 -0.41033721
v -0.25309217 0.11236601 -0.41209739
v -0.25375012 0.11422113 -0.40848070
v -0.25142163 0.11150771 -0.41033721
v -0.25309217 0.11236601 -0.41209739
v -0.25493172 0.11336154 -0.41292170
v -0.25375012 0.11422113 -0.40848070
v -0.25631061 0.11519244 -0.41042757
v -0.25375012 0.11422113 -0.40848070
v -0.25493172 0.11336154 -0.41292170
v -0.25659287 0.11628570 -0.40673038
v -0.25375012 0.11422113 -0.40848070
v -0.25631061 0.11519244 -0.41042757
v -0.25659287 0.11628570 -0.40673038
v -0.25631061 0.11519244 -0.41042757
v -0.25824603 0.11620951 -0.41003701
v -0.25659287 0.11628570 -0.40673038
v -0.25417864 0.11502169 -0.40596575
v -0.25375012 0.11422113 -0.40848070
v -0.24802016 0.10816009 -0.40655646
v -0.24928555 0.10815001 -0.41129357
v -0.25010279 0.11023682 -0.40970990
v -0.24802016 0.10816009 -0.40655646
v -0.25010279 0.11023682 -0.40970990
v -0.24952194 0.11064751 -0.40607303
v -0.24802016 0.10816009 -0.40655646
v -0.24725401 0.10649604 -0.40655196
v -0.24762692 0.10534562 -0.41016459
v -0.24802016 0.10816009 -0.40655646
v -0.24762692 0.10534562 -0.41016459
v -0.24928555 0.10815001 -0.41129357
v -0.24928555 0.10815001 -0.41129357
v -0.24762692 0.10534562 -0.41016459
v -0.24869275 0.10604884 -0.41239309
v -0.25010279 0.11023682 -0.40970990
v -0.25142163 0.11150771 -0.41033721
v -0.25136000 0.11261405 -0.40655276
v -0.25010279 0.11023682 -0.40970990
v -0.25136000 0.11261405 -0.40655276
v -0.24952194 0.11064751 -0.40607303
v -0.24588986 0.10111896 -0.40655476
v -0.24675743 0.10215967 -0.41001201
v -0.24639910 0.10404960 -0.40652364
v -0.24588986 0.10111896 -0.40655476
v -0.24580149 0.09927191 -0.40655017
v -0.24646142 0.09934222 -0.40967360
v -0.24588986 0.10111896 -0.40655476
v -0.24646142 0.09934222 -0.40967360
v -0.24675743 0.10215967 -0.41001201
v -0.24675743 0.10215967 -0.41001201
v -0.24646142 0.09934222 -0.40967360
v -0.24752259 0.09985345 -0.41291022
v -0.24675743 0.10215967 -0.41001201
v -0.24752259 0.09985345 -0.41291022
v -0.24740410 0.10187513 -0.41209272
v -0.24762692 0.10534562 -0.41016459
v -0.24675743 0.10215967 -0.41001201
v -0.24740410 0.10187513 -0.41209272
v -0.24639910 0.10404960 -0.40652364
v -0.24675743 0.10215967 -0.41001201
v -0.24762692 0.10534562 -0.41016459
v -0.24639910 0.10404960 -0.40652364
v -0.24762692 0.10534562 -0.41016459
v -0.24725401 0.10649604 -0.40655196
v -0.24697526 0.09396733 -0.40875795
v -0.24623604 0.09670360 -0.40810800
v -0.24625260 0.09560813 -0.40708035
v -0.24697526 0.09396733 -0.40875795
v -0.24761374 0.09097206 -0.40626475
v -0.24829751 0.09155998 -0.41021237
v -0.24697526 0.09396733 -0.40875795
v -0.24700716 0.09677480 -0.41103557
v -0.24623604 0.09670360 -0.40810800
v -0.24697526 0.09396733 -0.40875795
v -0.24829751 0.09155998 -0.41021237
v -0.24821144 0.09349689 -0.41220054
v -0.24697526 0.09396733 -0.40875795
v -0.24821144 0.09349689 -0.41220054
v -0.24700716 0.09677480 -0.41103557
v -0.24700716 0.09677480 -0.41103557
v -0.24752259 0.09985345 -0.41291022
v -0.24646142 0.09934222 -0.40967360
v -0.24700716 0.09677480 -0.41103557
v -0.24646142 0.09934222 -0.40967360
v -0.24623604 0.09670360 -0.40810800
v -0.24623604 0.09670360 -0.40810800
v -0.24646142 0.09934222 -0.40967360
v -0.24580149 0.09927191 -0.40655017
v -0.24961777 0.08818503 -0.40778008
v -0.25081447 0.08632551 -0.40623042
v -0.25184289 0.08657654 -0.41043106
v -0.24990289 0.08883548 -0.41033882
v -0.24961777 0.08818503 -0.40778008
v -0.25184289 0.08657654 -0.41043106
v -0.24761374 0.09097206 -0.40626475
v -0.24961777 0.08818503 -0.40778008
v -0.24990289 0.08883548 -0.41033882
v -0.24761374 0.09097206 -0.40626475
v -0.24990289 0.08883548 -0.41033882
v -0.24829751 0.09155998 -0.41021237
v -0.25526026 0.08367851 -0.41000351
v -0.25421524 0.08363523 -0.40707827
v -0.25641915 0.08191115 -0.40444613
v -0.25526026 0.08367851 -0.41000351
v -0.25641915 0.08191115 -0.40444613
v -0.25751841 0.08211519 -0.40839711
v -0.25526026 0.08367851 -0.41000351
v -0.25751841 0.08211519 -0.40839711
v -0.25870690 0.08287805 -0.41231641
v -0.25295642 0.08510339 -0.40918460
v -0.25526026 0.08367851 -0.41000351
v -0.25362864 0.08604646 -0.41276670
v -0.25295642 0.08510339 -0.40918460
v -0.25362864 0.08604646 -0.41276670
v -0.25184289 0.08657654 -0.41043106
v -0.25295642 0.08510339 -0.40918460
v -0.25421524 0.08363523 -0.40707827
v -0.25526026 0.08367851 -0.41000351
v -0.25295642 0.08510339 -0.40918460
v -0.25184289 0.08657654 -0.41043106
v -0.25081447 0.08632551 -0.40623042
v -0.25295642 0.08510339 -0.40918460
v -0.25081447 0.08632551 -0.40623042
v -0.25261870 0.08431211 -0.40439576
v -0.25295642 0.08510339 -0.40918460
v -0.25261870 0.08431211 -0.40439576
v -0.25421524 0.08363523 -0.40707827
v -0.26372159 0.08024521 -0.40593633
v -0.26277229 0.08117142 -0.40989828
v -0.26099637 0.08104726 -0.40839592
v -0.26372159 0.08024521 -0.40593633
v -0.26588845 0.08085996 -0.40913993
v -0.26277229 0.08117142 -0.40989828
v -0.26277229 0.08117142 -0.40989828
v -0.26588845 0.08085996 -0.40913993
v -0.26530185 0.08220825 -0.41332981
v -0.26277229 0.08117142 -0.40989828
v -0.26530185 0.08220825 -0.41332981
v -0.26195031 0.08200650 -0.41220063
v -0.26277229 0.08117142 -0.40989828
v -0.26195031 0.08200650 -0.41220063
v -0.26099637 0.08104726 -0.40839592
v -0.25928447 0.08189090 -0.40989390
v -0.26099637 0.08104726 -0.40839592
v -0.26195031 0.08200650 -0.41220063
v -0.25928447 0.08189090 -0.40989390
v -0.26195031 0.08200650 -0.41220063
v -0.25870690 0.08287805 -0.41231641
v -0.25928447 0.08189090 -0.40989390
v -0.25870690 0.08287805 -0.41231641
v -0.25751841 0.08211519 -0.40839711
v -0.25917056 0.08116655 -0.40655446
v -0.26099637 0.08104726 -0.40839592
v -0.25928447 0.08189090 -0.40989390
v -0.25917056 0.08116655 -0.40655446
v -0.25928447 0.08189090 -0.40989390
v -0.25751841 0.08211519 -0.40839711
v -0.27101201 0.08159439 -0.40760264
v -0.26807550 0.08152438 -0.41042969
v -0.26831228 0.08080053 -0.40708065
v -0.27068970 0.08254963 -0.41140395
v -0.26807550 0.08152438 -0.41042969
v -0.27101201 0.08159439 -0.40760264
v -0.26588845 0.08085996 -0.40913993
v -0.26807550 0.08152438 -0.41042969
v -0.26530185 0.08220825 -0.41332981
v -0.26588845 0.08085996 -0.40913993
v -0.26831228 0.08080053 -0.40708065
v -0.26807550 0.08152438 -0.41042969
v -0.27723762 0.08521530 -0.40724501
v -0.27486449 0.08381255 -0.40862960
v -0.27455762 0.08285443 -0.40506035
v -0.27518106 0.08495799 -0.41149125
v -0.27486449 0.08381255 -0.40862960
v -0.27723762 0.08521530 -0.40724501
v -0.27518106 0.08495799 -0.41149125
v -0.27723762 0.08521530 -0.40724501
v -0.27685267 0.08681779 -0.41239670
v -0.27325264 0.08299045 -0.40918779
v -0.27486449 0.08381255 -0.40862960
v -0.27518106 0.08495799 -0.41149125
v -0.27325264 0.08299045 -0.40918779
v -0.27518106 0.08495799 -0.41149125
v -0.27263817 0.08397182 -0.41276741
v -0.27325264 0.08299045 -0.40918779
v -0.27263817 0.08397182 -0.41276741
v -0.27068970 0.08254963 -0.41140395
v -0.27325264 0.08299045 -0.40918779
v -0.27068970 0.08254963 -0.41140395
v -0.27101201 0.08159439 -0.40760264
v -0.27325264 0.08299045 -0.40918779
v -0.27101201 0.08159439 -0.40760264
v -0.27455762 0.08285443 -0.40506035
v -0.27325264 0.08299045 -0.40918779
v -0.27455762 0.08285443 -0.40506035
v -0.27486449 0.08381255 -0.40862960
v -0.28109279 0.09038054 -0.40788949
v -0.28238383 0.09191214 -0.40470022
v -0.28171793 0.09206613 -0.40863240
v -0.28017765 0.09077698 -0.41162735
v -0.27875674 0.08847107 -0.41152245
v -0.27981353 0.08827948 -0.40788820
v -0.28017765 0.09077698 -0.41162735
v -0.27981353 0.08827948 -0.40788820
v -0.28109279 0.09038054 -0.40788949
v -0.28017765 0.09077698 -0.41162735
v -0.28109279 0.09038054 -0.40788949
v -0.28171793 0.09206613 -0.40863240
v -0.28017765 0.09077698 -0.41162735
v -0.28171793 0.09206613 -0.40863240
v -0.28092247 0.09233451 -0.41162467
v -0.27875674 0.08847107 -0.41152245
v -0.27685267 0.08681779 -0.41239670
v -0.27723762 0.08521530 -0.40724501
v -0.27875674 0.08847107 -0.41152245
v -0.27723762 0.08521530 -0.40724501
v -0.27981353 0.08827948 -0.40788820
v -0.28306413 0.09732254 -0.40875986
v -0.28262529 0.09463644 -0.40854564
v -0.28331864 0.09463574 -0.40460569
v -0.28306413 0.09732254 -0.40875986
v -0.28383863 0.09924209 -0.40470162
v -0.28298113 0.10005930 -0.40941700
v -0.28306413 0.09732254 -0.40875986
v -0.28173009 0.09444536 -0.41150987
v -0.28262529 0.09463644 -0.40854564
v -0.28306413 0.09732254 -0.40875986
v -0.28298113 0.10005930 -0.40941700
v -0.28200424 0.09963943 -0.41254959
v -0.28306413 0.09732254 -0.40875986
v -0.28200424 0.09963943 -0.41254959
v -0.28191388 0.09649844 -0.41220021
v -0.28306413 0.09732254 -0.40875986
v -0.28191388 0.09649844 -0.41220021
v -0.28173009 0.09444536 -0.41150987
v -0.28173009 0.09444536 -0.41150987
v -0.28092247 0.09233451 -0.41162467
v -0.28171793 0.09206613 -0.40863240
v -0.28173009 0.09444536 -0.41150987
v -0.28171793 0.09206613 -0.40863240
v -0.28262529 0.09463644 -0.40854564
v -0.28262529 0.09463644 -0.40854564
v -0.28171793 0.09206613 -0.40863240
v -0.28238383 0.09191214 -0.40470022
v -0.28262529 0.09463644 -0.40854564
v -0.28238383 0.09191214 -0.40470022
v -0.28331864 0.09463574 -0.40460569
v -0.28116122 0.10497114 -0.41219991
v -0.27973783 0.10524970 -0.41488612
v -0.28147158 0.10283905 -0.41292110
v -0.27948540 0.10397032 -0.41599566
v -0.28065038 0.10126896 -0.41509748
v -0.28147158 0.10283905 -0.41292110
v -0.27948540 0.10397032 -0.41599566
v -0.28147158 0.10283905 -0.41292110
v -0.27973783 0.10524970 -0.41488612
v -0.28065038 0.10126896 -0.41509748
v -0.28079671 0.09821136 -0.41501179
v -0.28200424 0.09963943 -0.41254959
v -0.28200424 0.09963943 -0.41254959
v -0.28147158 0.10283905 -0.41292110
v -0.28065038 0.10126896 -0.41509748
v -0.27744189 0.10996904 -0.41404676
v -0.27857155 0.10757815 -0.41492602
v -0.27924874 0.10967572 -0.41090271
v -0.27744189 0.10996904 -0.41404676
v -0.27924874 0.10967572 -0.41090271
v -0.27721339 0.11233809 -0.41019970
v -0.27744189 0.10996904 -0.41404676
v -0.27721339 0.11233809 -0.41019970
v -0.27623063 0.11169770 -0.41331485
v -0.27744189 0.10996904 -0.41404676
v -0.27469146 0.11124173 -0.41588235
v -0.27660951 0.10873744 -0.41637045
v -0.27744189 0.10996904 -0.41404676
v -0.27660951 0.10873744 -0.41637045
v -0.27857155 0.10757815 -0.41492602
v -0.28032494 0.10741588 -0.41162705
v -0.27924874 0.10967572 -0.41090271
v -0.27857155 0.10757815 -0.41492602
v -0.28032494 0.10741588 -0.41162705
v -0.27857155 0.10757815 -0.41492602
v -0.27973783 0.10524970 -0.41488612
v -0.28032494 0.10741588 -0.41162705
v -0.27973783 0.10524970 -0.41488612
v -0.28116122 0.10497114 -0.41219991
v -0.27338406 0.11357288 -0.41383564
v -0.27470928 0.11394687 -0.41111195
v -0.27246761 0.11538901 -0.41087168
v -0.27338406 0.11357288 -0.41383564
v -0.27246761 0.11538901 -0.41087168
v -0.26956889 0.11540746 -0.41363907
v -0.27338406 0.11357288 -0.41383564
v -0.26956889 0.11540746 -0.41363907
v -0.27074262 0.11318222 -0.41654658
v -0.27338406 0.11357288 -0.41383564
v -0.27074262 0.11318222 -0.41654658
v -0.27469146 0.11124173 -0.41588235
v -0.27469146 0.11124173 -0.41588235
v -0.27623063 0.11169770 -0.41331485
v -0.27338406 0.11357288 -0.41383564
v -0.27469146 0.11124173 -0.41588235
v -0.27744189 0.10996904 -0.41404676
v -0.27623063 0.11169770 -0.41331485
v -0.27623063 0.11169770 -0.41331485
v -0.27721339 0.11233809 -0.41019970
v -0.27470928 0.11394687 -0.41111195
v -0.27623063 0.11169770 -0.41331485
v -0.27470928 0.11394687 -0.41111195
v -0.27338406 0.11357288 -0.41383564
v -0.26658508 0.11692838 -0.41123441
v -0.26570943 0.11534373 -0.41501299
v -0.26956889 0.11540746 -0.41363907
v -0.26658508 0.11692838 -0.41123441
v -0.26956889 0.11540746 -0.41363907
v -0.26835704 0.11701904 -0.41002068
v -0.26658508 0.11692838 -0.41123441
v -0.26481682 0.11739504 -0.41002128
v -0.26410264 0.11590333 -0.41399533
v -0.26658508 0.11692838 -0.41123441
v -0.26410264 0.11590333 -0.41399533
v -0.26570943 0.11534373 -0.41501299
v -0.26570943 0.11534373 -0.41501299
v -0.26799262 0.11474454 -0.41544095
v -0.26956889 0.11540746 -0.41363907
v -0.26570943 0.11534373 -0.41501299
v -0.26654139 0.11362773 -0.41739848
v -0.26799262 0.11474454 -0.41544095
v -0.26956889 0.11540746 -0.41363907
v -0.26799262 0.11474454 -0.41544095
v -0.27074262 0.11318222 -0.41654658
v -0.25981084 0.11592976 -0.41227773
v -0.26093793 0.11493532 -0.41501188
v -0.26237726 0.11624422 -0.41291690
v -0.25981084 0.11592976 -0.41227773
v -0.26237726 0.11624422 -0.41291690
v -0.26132828 0.11700847 -0.41034740
v -0.25981084 0.11592976 -0.41227773
v -0.25824603 0.11620951 -0.41003701
v -0.25758919 0.11466984 -0.41331345
v -0.25981084 0.11592976 -0.41227773
v -0.25758919 0.11466984 -0.41331345
v -0.26093793 0.11493532 -0.41501188
v -0.26093793 0.11493532 -0.41501188
v -0.25758919 0.11466984 -0.41331345
v -0.25806165 0.11371469 -0.41536954
v -0.26093793 0.11493532 -0.41501188
v -0.25806165 0.11371469 -0.41536954
v -0.25989243 0.11335307 -0.41686532
v -0.26410264 0.11590333 -0.41399533
v -0.26237726 0.11624422 -0.41291690
v -0.26093793 0.11493532 -0.41501188
v -0.26410264 0.11590333 -0.41399533
v -0.26093793 0.11493532 -0.41501188
v -0.26343223 0.11416100 -0.41675383
v -0.26410264 0.11590333 -0.41399533
v -0.26343223 0.11416100 -0.41675383
v -0.26570943 0.11534373 -0.41501299
v -0.26237726 0.11624422 -0.41291690
v -0.26410264 0.11590333 -0.41399533
v -0.26481682 0.11739504 -0.41002128
v -0.25415489 0.11117660 -0.41537133
v -0.25605652 0.11253964 -0.41544065
v -0.25493172 0.11336154 -0.41292170
v -0.25415489 0.11117660 -0.41537133
v -0.25493172 0.11336154 -0.41292170
v -0.25309217 0.11236601 -0.41209739
v -0.25806165 0.11371469 -0.41536954
v -0.25758919 0.11466984 -0.41331345
v -0.25493172 0.11336154 -0.41292170
v -0.25806165 0.11371469 -0.41536954
v -0.25493172 0.11336154 -0.41292170
v -0.25605652 0.11253964 -0.41544065
v -0.25758919 0.11466984 -0.41331345
v -0.25824603 0.11620951 -0.41003701
v -0.25631061 0.11519244 -0.41042757
v -0.25758919 0.11466984 -0.41331345
v -0.25631061 0.11519244 -0.41042757
v -0.25493172 0.11336154 -0.41292170
v -0.24928555 0.10815001 -0.41129357
v -0.24869275 0.10604884 -0.41239309
v -0.25098720 0.10770790 -0.41509637
v -0.25098720 0.10770790 -0.41509637
v -0.24869275 0.10604884 -0.41239309
v -0.25011581 0.10550391 -0.41543826
v -0.25200707 0.10988356 -0.41426012
v -0.25415489 0.11117660 -0.41537133
v -0.25309217 0.11236601 -0.41209739
v -0.25200707 0.10988356 -0.41426012
v -0.24928555 0.10815001 -0.41129357
v -0.25098720 0.10770790 -0.41509637
v -0.25200707 0.10988356 -0.41426012
v -0.25309217 0.11236601 -0.41209739
v -0.25142163 0.11150771 -0.41033721
v -0.25200707 0.10988356 -0.41426012
v -0.25142163 0.11150771 -0.41033721
v -0.25010279 0.11023682 -0.40970990
v -0.25200707 0.10988356 -0.41426012
v -0.25010279 0.11023682 -0.40970990
v -0.24928555 0.10815001 -0.41129357
v -0.24740410 0.10187513 -0.41209272
v -0.24752259 0.09985345 -0.41291022
v -0.24825971 0.10355972 -0.41331604
v -0.24882181 0.10100257 -0.41527030
v -0.24929923 0.10332504 -0.41537154
v -0.24825971 0.10355972 -0.41331604
v -0.24882181 0.10100257 -0.41527030
v -0.24825971 0.10355972 -0.41331604
v -0.24752259 0.09985345 -0.41291022
v -0.24882181 0.10100257 -0.41527030
v -0.24752259 0.09985345 -0.41291022
v -0.24914265 0.09872727 -0.41597232
v -0.24929923 0.10332504 -0.41537154
v -0.25011581 0.10550391 -0.41543826
v -0.24869275 0.10604884 -0.41239309
v -0.24929923 0.10332504 -0.41537154
v -0.24869275 0.10604884 -0.41239309
v -0.24825971 0.10355972 -0.41331604
v -0.24825971 0.10355972 -0.41331604
v -0.24869275 0.10604884 -0.41239309
v -0.24762692 0.10534562 -0.41016459
v -0.24825971 0.10355972 -0.41331604
v -0.24762692 0.10534562 -0.41016459
v -0.24740410 0.10187513 -0.41209272
v -0.24821144 0.09349689 -0.41220054
v -0.24910823 0.09384954 -0.41437122
v -0.24802643 0.09715528 -0.41377622
v -0.24821144 0.09349689 -0.41220054
v -0.24802643 0.09715528 -0.41377622
v -0.24700716 0.09677480 -0.41103557
v -0.24910823 0.09384954 -0.41437122
v -0.24994709 0.09580919 -0.41661838
v -0.24802643 0.09715528 -0.41377622
v -0.24910823 0.09384954 -0.41437122
v -0.25068539 0.09288573 -0.41629067
v -0.24994709 0.09580919 -0.41661838
v -0.24802643 0.09715528 -0.41377622
v -0.24994709 0.09580919 -0.41661838
v -0.24914265 0.09872727 -0.41597232
v -0.24802643 0.09715528 -0.41377622
v -0.24914265 0.09872727 -0.41597232
v -0.24752259 0.09985345 -0.41291022
v -0.24802643 0.09715528 -0.41377622
v -0.24752259 0.09985345 -0.41291022
v -0.24700716 0.09677480 -0.41103557
v -0.25197119 0.08796930 -0.41331732
v -0.25001281 0.09067754 -0.41331762
v -0.24990289 0.08883548 -0.41033882
v -0.25197119 0.08796930 -0.41331732
v -0.24990289 0.08883548 -0.41033882
v -0.25184289 0.08657654 -0.41043106
v -0.25205255 0.09000854 -0.41587040
v -0.25001281 0.09067754 -0.41331762
v -0.25197119 0.08796930 -0.41331732
v -0.25205255 0.09000854 -0.41587040
v -0.25197119 0.08796930 -0.41331732
v -0.25397381 0.08796173 -0.41597950
v -0.25068539 0.09288573 -0.41629067
v -0.25001281 0.09067754 -0.41331762
v -0.25205255 0.09000854 -0.41587040
v -0.25068539 0.09288573 -0.41629067
v -0.24910823 0.09384954 -0.41437122
v -0.25001281 0.09067754 -0.41331762
v -0.25001281 0.09067754 -0.41331762
v -0.24910823 0.09384954 -0.41437122
v -0.24821144 0.09349689 -0.41220054
v -0.25001281 0.09067754 -0.41331762
v -0.24821144 0.09349689 -0.41220054
v -0.24829751 0.09155998 -0.41021237
v -0.25001281 0.09067754 -0.41331762
v -0.24829751 0.09155998 -0.41021237
v -0.24990289 0.08883548 -0.41033882
v -0.25594223 0.08466008 -0.41328573
v -0.25526026 0.08367851 -0.41000351
v -0.25870690 0.08287805 -0.41231641
v -0.25594223 0.08466008 -0.41328573
v -0.25870690 0.08287805 -0.41231641
v -0.25829491 0.08422963 -0.41477841
v -0.25829491 0.08422963 -0.41477841
v -0.25506300 0.08649136 -0.41529194
v -0.25594223 0.08466008 -0.41328573
v -0.25829491 0.08422963 -0.41477841
v -0.25743672 0.08612665 -0.41675523
v -0.25506300 0.08649136 -0.41529194
v -0.25506300 0.08649136 -0.41529194
v -0.25362864 0.08604646 -0.41276670
v -0.25594223 0.08466008 -0.41328573
v -0.25506300 0.08649136 -0.41529194
v -0.25397381 0.08796173 -0.41597950
v -0.25197119 0.08796930 -0.41331732
v -0.25506300 0.08649136 -0.41529194
v -0.25197119 0.08796930 -0.41331732
v -0.25362864 0.08604646 -0.41276670
v -0.25362864 0.08604646 -0.41276670
v -0.25197119 0.08796930 -0.41331732
v -0.25184289 0.08657654 -0.41043106
v -0.25362864 0.08604646 -0.41276670
v -0.25526026 0.08367851 -0.41000351
v -0.25594223 0.08466008 -0.41328573
v -0.26195031 0.08200650 -0.41220063
v -0.26530185 0.08220825 -0.41332981
v -0.26205790 0.08296452 -0.41437200
v -0.26205790 0.08296452 -0.41437200
v -0.26530185 0.08220825 -0.41332981
v -0.26519811 0.08392873 -0.41630504
v -0.26205790 0.08296452 -0.41437200
v -0.26519811 0.08392873 -0.41630504
v -0.26297498 0.08408292 -0.41637036
v -0.26205790 0.08296452 -0.41437200
v -0.26297498 0.08408292 -0.41637036
v -0.26077336 0.08442730 -0.41630203
v -0.25829491 0.08422963 -0.41477841
v -0.26205790 0.08296452 -0.41437200
v -0.26077336 0.08442730 -0.41630203
v -0.25870690 0.08287805 -0.41231641
v -0.26195031 0.08200650 -0.41220063
v -0.26205790 0.08296452 -0.41437200
v -0.25870690 0.08287805 -0.41231641
v -0.26205790 0.08296452 -0.41437200
v -0.25829491 0.08422963 -0.41477841
v -0.26864567 0.08271500 -0.41331604
v -0.26807550 0.08152438 -0.41042969
v -0.27068970 0.08254963 -0.41140395
v -0.26864567 0.08271500 -0.41331604
v -0.27068970 0.08254963 -0.41140395
v -0.27137494 0.08441274 -0.41480336
v -0.26892433 0.08422155 -0.41596803
v -0.26864567 0.08271500 -0.41331604
v -0.27137494 0.08441274 -0.41480336
v -0.26530185 0.08220825 -0.41332981
v -0.26864567 0.08271500 -0.41331604
v -0.26892433 0.08422155 -0.41596803
v -0.26530185 0.08220825 -0.41332981
v -0.26892433 0.08422155 -0.41596803
v -0.26519811 0.08392873 -0.41630504
v -0.26530185 0.08220825 -0.41332981
v -0.26807550 0.08152438 -0.41042969
v -0.26864567 0.08271500 -0.41331604
v -0.27518106 0.08495799 -0.41149125
v -0.27685267 0.08681779 -0.41239670
v -0.27417526 0.08605234 -0.41487375
v -0.27417526 0.08605234 -0.41487375
v -0.27685267 0.08681779 -0.41239670
v -0.27574784 0.08786608 -0.41543934
v -0.27137494 0.08441274 -0.41480336
v -0.27263817 0.08397182 -0.41276741
v -0.27417526 0.08605234 -0.41487375
v -0.27263817 0.08397182 -0.41276741
v -0.27518106 0.08495799 -0.41149125
v -0.27417526 0.08605234 -0.41487375
v -0.27263817 0.08397182 -0.41276741
v -0.27137494 0.08441274 -0.41480336
v -0.27068970 0.08254963 -0.41140395
v -0.28017765 0.09077698 -0.41162735
v -0.27910891 0.09129550 -0.41432843
v -0.27781111 0.08926344 -0.41436851
v -0.28017765 0.09077698 -0.41162735
v -0.27781111 0.08926344 -0.41436851
v -0.27875674 0.08847107 -0.41152245
v -0.28017765 0.09077698 -0.41162735
v -0.28092247 0.09233451 -0.41162467
v -0.27958265 0.09284484 -0.41488683
v -0.28017765 0.09077698 -0.41162735
v -0.27958265 0.09284484 -0.41488683
v -0.27910891 0.09129550 -0.41432843
v -0.27910891 0.09129550 -0.41432843
v -0.27958265 0.09284484 -0.41488683
v -0.27805823 0.09263740 -0.41686553
v -0.27910891 0.09129550 -0.41432843
v -0.27805823 0.09263740 -0.41686553
v -0.27707914 0.09005572 -0.41613919
v -0.27910891 0.09129550 -0.41432843
v -0.27707914 0.09005572 -0.41613919
v -0.27781111 0.08926344 -0.41436851
v -0.27781111 0.08926344 -0.41436851
v -0.27707914 0.09005572 -0.41613919
v -0.27574784 0.08786608 -0.41543934
v -0.27781111 0.08926344 -0.41436851
v -0.27574784 0.08786608 -0.41543934
v -0.27685267 0.08681779 -0.41239670
v -0.27875674 0.08847107 -0.41152245
v -0.27781111 0.08926344 -0.41436851
v -0.27685267 0.08681779 -0.41239670
v -0.28191388 0.09649844 -0.41220021
v -0.28079671 0.09821136 -0.41501179
v -0.28038278 0.09504016 -0.41486320
v -0.28191388 0.09649844 -0.41220021
v -0.28200424 0.09963943 -0.41254959
v -0.28079671 0.09821136 -0.41501179
v -0.28079671 0.09821136 -0.41501179
v -0.27956522 0.09825873 -0.41686511
v -0.28038278 0.09504016 -0.41486320
v -0.28173009 0.09444536 -0.41150987
v -0.28191388 0.09649844 -0.41220021
v -0.28038278 0.09504016 -0.41486320
v -0.28173009 0.09444536 -0.41150987
v -0.28038278 0.09504016 -0.41486320
v -0.27958265 0.09284484 -0.41488683
v -0.28173009 0.09444536 -0.41150987
v -0.27958265 0.09284484 -0.41488683
v -0.28092247 0.09233451 -0.41162467
v -0.27948540 0.10397032 -0.41599566
v -0.27920845 0.10115247 -0.41717809
v -0.28065038 0.10126896 -0.41509748
v -0.27775872 0.10386440 -0.41804656
v -0.27774048 0.10032190 -0.41879165
v -0.27920845 0.10115247 -0.41717809
v -0.27775872 0.10386440 -0.41804656
v -0.27920845 0.10115247 -0.41717809
v -0.27948540 0.10397032 -0.41599566
v -0.27775872 0.10386440 -0.41804656
v -0.27633178 0.10322522 -0.41937292
v -0.27774048 0.10032190 -0.41879165
v -0.27774048 0.10032190 -0.41879165
v -0.27956522 0.09825873 -0.41686511
v -0.27920845 0.10115247 -0.41717809
v -0.27920845 0.10115247 -0.41717809
v -0.27956522 0.09825873 -0.41686511
v -0.28079671 0.09821136 -0.41501179
v -0.27920845 0.10115247 -0.41717809
v -0.28079671 0.09821136 -0.41501179
v -0.28065038 0.10126896 -0.41509748
v -0.27660951 0.10873744 -0.41637045
v -0.27485025 0.10797080 -0.41851690
v -0.27737108 0.10665920 -0.41711575
v -0.27660951 0.10873744 -0.41637045
v -0.27737108 0.10665920 -0.41711575
v -0.27857155 0.10757815 -0.41492602
v -0.27660951 0.10873744 -0.41637045
v -0.27469146 0.11124173 -0.41588235
v -0.27421623 0.10939917 -0.41798073
v -0.27660951 0.10873744 -0.41637045
v -0.27421623 0.10939917 -0.41798073
v -0.27485025 0.10797080 -0.41851690
v -0.27485025 0.10797080 -0.41851690
v -0.27606645 0.10596079 -0.41867337
v -0.27737108 0.10665920 -0.41711575
v -0.27606645 0.10596079 -0.41867337
v -0.27633178 0.10322522 -0.41937292
v -0.27775872 0.10386440 -0.41804656
v -0.27737108 0.10665920 -0.41711575
v -0.27606645 0.10596079 -0.41867337
v -0.27775872 0.10386440 -0.41804656
v -0.27737108 0.10665920 -0.41711575
v -0.27775872 0.10386440 -0.41804656
v -0.27948540 0.10397032 -0.41599566
v -0.27737108 0.10665920 -0.41711575
v -0.27948540 0.10397032 -0.41599566
v -0.27973783 0.10524970 -0.41488612
v -0.27737108 0.10665920 -0.41711575
v -0.27973783 0.10524970 -0.41488612
v -0.27857155 0.10757815 -0.41492602
v -0.27074262 0.11318222 -0.41654658
v -0.27220574 0.11129518 -0.41769519
v -0.27469146 0.11124173 -0.41588235
v -0.27220574 0.11129518 -0.41769519
v -0.27074262 0.11318222 -0.41654658
v -0.26959461 0.11139163 -0.41877282
v -0.27220574 0.11129518 -0.41769519
v -0.26959461 0.11139163 -0.41877282
v -0.27239630 0.10972390 -0.41883156
v -0.27421623 0.10939917 -0.41798073
v -0.27220574 0.11129518 -0.41769519
v -0.27239630 0.10972390 -0.41883156
v -0.27421623 0.10939917 -0.41798073
v -0.27239630 0.10972390 -0.41883156
v -0.27485025 0.10797080 -0.41851690
v -0.27469146 0.11124173 -0.41588235
v -0.27220574 0.11129518 -0.41769519
v -0.27421623 0.10939917 -0.41798073
v -0.26654139 0.11362773 -0.41739848
v -0.26401398 0.11205196 -0.41901207
v -0.26722279 0.11144000 -0.41930449
v -0.26959461 0.11139163 -0.41877282
v -0.27074262 0.11318222 -0.41654658
v -0.26654139 0.11362773 -0.41739848
v -0.26959461 0.11139163 -0.41877282
v -0.26654139 0.11362773 -0.41739848
v -0.26722279 0.11144000 -0.41930449
v -0.27074262 0.11318222 -0.41654658
v -0.26799262 0.11474454 -0.41544095
v -0.26654139 0.11362773 -0.41739848
v -0.25989243 0.11335307 -0.41686532
v -0.26162878 0.11273950 -0.41812074
v -0.26093793 0.11493532 -0.41501188
v -0.26162878 0.11273950 -0.41812074
v -0.25989243 0.11335307 -0.41686532
v -0.25921163 0.11120313 -0.41871595
v -0.26401398 0.11205196 -0.41901207
v -0.26343223 0.11416100 -0.41675383
v -0.26162878 0.11273950 -0.41812074
v -0.26401398 0.11205196 -0.41901207
v -0.26654139 0.11362773 -0.41739848
v -0.26343223 0.11416100 -0.41675383
v -0.26343223 0.11416100 -0.41675383
v -0.26654139 0.11362773 -0.41739848
v -0.26570943 0.11534373 -0.41501299
v -0.26343223 0.11416100 -0.41675383
v -0.26093793 0.11493532 -0.41501188
v -0.26162878 0.11273950 -0.41812074
v -0.25534621 0.11015025 -0.41753295
v -0.25735742 0.11191781 -0.41717738
v -0.25605652 0.11253964 -0.41544065
v -0.25534621 0.11015025 -0.41753295
v -0.25605652 0.11253964 -0.41544065
v -0.25415489 0.11117660 -0.41537133
v -0.25534621 0.11015025 -0.41753295
v -0.25771877 0.10967283 -0.41925541
v -0.25735742 0.11191781 -0.41717738
v -0.25534621 0.11015025 -0.41753295
v -0.25485292 0.10736162 -0.41911429
v -0.25771877 0.10967283 -0.41925541
v -0.25921163 0.11120313 -0.41871595
v -0.25735742 0.11191781 -0.41717738
v -0.25771877 0.10967283 -0.41925541
v -0.25921163 0.11120313 -0.41871595
v -0.25989243 0.11335307 -0.41686532
v -0.25735742 0.11191781 -0.41717738
v -0.25735742 0.11191781 -0.41717738
v -0.25989243 0.11335307 -0.41686532
v -0.25806165 0.11371469 -0.41536954
v -0.25735742 0.11191781 -0.41717738
v -0.25806165 0.11371469 -0.41536954
v -0.25605652 0.11253964 -0.41544065
v -0.25187194 0.10499936 -0.41791391
v -0.25306243 0.10814841 -0.41717780
v -0.25098720 0.10770790 -0.41509637
v -0.25187194 0.10499936 -0.41791391
v -0.25098720 0.10770790 -0.41509637
v -0.25011581 0.10550391 -0.41543826
v -0.25187194 0.10499936 -0.41791391
v -0.25485292 0.10736162 -0.41911429
v -0.25306243 0.10814841 -0.41717780
v -0.25485292 0.10736162 -0.41911429
v -0.25534621 0.11015025 -0.41753295
v -0.25306243 0.10814841 -0.41717780
v -0.25306243 0.10814841 -0.41717780
v -0.25534621 0.11015025 -0.41753295
v -0.25415489 0.11117660 -0.41537133
v -0.25306243 0.10814841 -0.41717780
v -0.25415489 0.11117660 -0.41537133
v -0.25200707 0.10988356 -0.41426012
v -0.25306243 0.10814841 -0.41717780
v -0.25200707 0.10988356 -0.41426012
v -0.25098720 0.10770790 -0.41509637
v -0.25057659 0.10243683 -0.41747099
v -0.24929923 0.10332504 -0.41537154
v -0.24882181 0.10100257 -0.41527030
v -0.25057659 0.10243683 -0.41747099
v -0.24882181 0.10100257 -0.41527030
v -0.24914265 0.09872727 -0.41597232
v -0.25057659 0.10243683 -0.41747099
v -0.24914265 0.09872727 -0.41597232
v -0.25047937 0.09879798 -0.41769612
v -0.25229001 0.10147490 -0.41923597
v -0.25057659 0.10243683 -0.41747099
v -0.25047937 0.09879798 -0.41769612
v -0.25229001 0.10147490 -0.41923597
v -0.25047937 0.09879798 -0.41769612
v -0.25209105 0.09895157 -0.41919419
v -0.25057659 0.10243683 -0.41747099
v -0.25229001 0.10147490 -0.41923597
v -0.25187194 0.10499936 -0.41791391
v -0.25057659 0.10243683 -0.41747099
v -0.25187194 0.10499936 -0.41791391
v -0.25011581 0.10550391 -0.41543826
v -0.25057659 0.10243683 -0.41747099
v -0.25011581 0.10550391 -0.41543826
v -0.24929923 0.10332504 -0.41537154
v -0.25228861 0.09565241 -0.41898134
v -0.24994709 0.09580919 -0.41661838
v -0.25068539 0.09288573 -0.41629067
v -0.25047937 0.09879798 -0.41769612
v -0.24994709 0.09580919 -0.41661838
v -0.25228861 0.09565241 -0.41898134
v -0.25047937 0.09879798 -0.41769612
v -0.25228861 0.09565241 -0.41898134
v -0.25209105 0.09895157 -0.41919419
v -0.24914265 0.09872727 -0.41597232
v -0.24994709 0.09580919 -0.41661838
v -0.25047937 0.09879798 -0.41769612
v -0.25205255 0.09000854 -0.41587040
v -0.25397381 0.08796173 -0.41597950
v -0.25465009 0.08948763 -0.41790405
v -0.25205255 0.09000854 -0.41587040
v -0.25465009 0.08948763 -0.41790405
v -0.25311798 0.09174309 -0.41814440
v -0.25311798 0.09174309 -0.41814440
v -0.25465009 0.08948763 -0.41790405
v -0.25652784 0.09004963 -0.41942477
v -0.25311798 0.09174309 -0.41814440
v -0.25652784 0.09004963 -0.41942477
v -0.25456411 0.09297360 -0.41974202
v -0.25311798 0.09174309 -0.41814440
v -0.25456411 0.09297360 -0.41974202
v -0.25228861 0.09565241 -0.41898134
v -0.25311798 0.09174309 -0.41814440
v -0.25228861 0.09565241 -0.41898134
v -0.25068539 0.09288573 -0.41629067
v -0.25068539 0.09288573 -0.41629067
v -0.25205255 0.09000854 -0.41587040
v -0.25311798 0.09174309 -0.41814440
v -0.25743672 0.08612665 -0.41675523
v -0.25619036 0.08790807 -0.41775644
v -0.25506300 0.08649136 -0.41529194
v -0.25743672 0.08612665 -0.41675523
v -0.25829491 0.08422963 -0.41477841
v -0.25965369 0.08594094 -0.41769579
v -0.25889820 0.08791545 -0.41913742
v -0.25619036 0.08790807 -0.41775644
v -0.25743672 0.08612665 -0.41675523
v -0.25889820 0.08791545 -0.41913742
v -0.25743672 0.08612665 -0.41675523
v -0.25965369 0.08594094 -0.41769579
v -0.25619036 0.08790807 -0.41775644
v -0.25889820 0.08791545 -0.41913742
v -0.25652784 0.09004963 -0.41942477
v -0.25619036 0.08790807 -0.41775644
v -0.25652784 0.09004963 -0.41942477
v -0.25465009 0.08948763 -0.41790405
v -0.25397381 0.08796173 -0.41597950
v -0.25619036 0.08790807 -0.41775644
v -0.25465009 0.08948763 -0.41790405
v -0.25397381 0.08796173 -0.41597950
v -0.25506300 0.08649136 -0.41529194
v -0.25619036 0.08790807 -0.41775644
v -0.26297498 0.08408292 -0.41637036
v -0.26241904 0.08548677 -0.41798064
v -0.26077336 0.08442730 -0.41630203
v -0.26297498 0.08408292 -0.41637036
v -0.26519811 0.08392873 -0.41630504
v -0.26513469 0.08530805 -0.41798154
v -0.26297498 0.08408292 -0.41637036
v -0.26513469 0.08530805 -0.41798154
v -0.26241904 0.08548677 -0.41798064
v -0.26241904 0.08548677 -0.41798064
v -0.26513469 0.08530805 -0.41798154
v -0.26465148 0.08702295 -0.41948110
v -0.26241904 0.08548677 -0.41798064
v -0.26465148 0.08702295 -0.41948110
v -0.26248267 0.08751801 -0.41970041
v -0.25965369 0.08594094 -0.41769579
v -0.26241904 0.08548677 -0.41798064
v -0.26248267 0.08751801 -0.41970041
v -0.25965369 0.08594094 -0.41769579
v -0.26248267 0.08751801 -0.41970041
v -0.25889820 0.08791545 -0.41913742
v -0.26077336 0.08442730 -0.41630203
v -0.26241904 0.08548677 -0.41798064
v -0.25965369 0.08594094 -0.41769579
v -0.26077336 0.08442730 -0.41630203
v -0.25965369 0.08594094 -0.41769579
v -0.25829491 0.08422963 -0.41477841
v -0.26837647 0.08538513 -0.41760284
v -0.27025008 0.08737909 -0.41877201
v -0.26748937 0.08722232 -0.41937810
v -0.26513469 0.08530805 -0.41798154
v -0.26837647 0.08538513 -0.41760284
v -0.26748937 0.08722232 -0.41937810
v -0.26513469 0.08530805 -0.41798154
v -0.26748937 0.08722232 -0.41937810
v -0.26465148 0.08702295 -0.41948110
v -0.26519811 0.08392873 -0.41630504
v -0.26837647 0.08538513 -0.41760284
v -0.26513469 0.08530805 -0.41798154
v -0.26519811 0.08392873 -0.41630504
v -0.26892433 0.08422155 -0.41596803
v -0.26837647 0.08538513 -0.41760284
v -0.27384791 0.08773892 -0.41709331
v -0.27201504 0.08655041 -0.41717768
v -0.27417526 0.08605234 -0.41487375
v -0.27384791 0.08773892 -0.41709331
v -0.27417526 0.08605234 -0.41487375
v -0.27574784 0.08786608 -0.41543934
v -0.27384791 0.08773892 -0.41709331
v -0.27574784 0.08786608 -0.41543934
v -0.27521825 0.08935729 -0.41744459
v -0.27239761 0.08856950 -0.41871616
v -0.27201504 0.08655041 -0.41717768
v -0.27384791 0.08773892 -0.41709331
v -0.27239761 0.08856950 -0.41871616
v -0.27384791 0.08773892 -0.41709331
v -0.27521825 0.08935729 -0.41744459
v -0.27239761 0.08856950 -0.41871616
v -0.27521825 0.08935729 -0.41744459
v -0.27430019 0.09083443 -0.41906452
v -0.27025008 0.08737909 -0.41877201
v -0.27201504 0.08655041 -0.41717768
v -0.27239761 0.08856950 -0.41871616
v -0.27025008 0.08737909 -0.41877201
v -0.26837647 0.08538513 -0.41760284
v -0.27201504 0.08655041 -0.41717768
v -0.27201504 0.08655041 -0.41717768
v -0.26837647 0.08538513 -0.41760284
v -0.26892433 0.08422155 -0.41596803
v -0.27201504 0.08655041 -0.41717768
v -0.26892433 0.08422155 -0.41596803
v -0.27137494 0.08441274 -0.41480336
v -0.27201504 0.08655041 -0.41717768
v -0.27137494 0.08441274 -0.41480336
v -0.27417526 0.08605234 -0.41487375
v -0.27805823 0.09263740 -0.41686553
v -0.27615154 0.09194884 -0.41835403
v -0.27707914 0.09005572 -0.41613919
v -0.27615154 0.09194884 -0.41835403
v -0.27805823 0.09263740 -0.41686553
v -0.27740750 0.09458956 -0.41835183
v -0.27615154 0.09194884 -0.41835403
v -0.27740750 0.09458956 -0.41835183
v -0.27632809 0.09493744 -0.41934121
v -0.27430019 0.09083443 -0.41906452
v -0.27521825 0.08935729 -0.41744459
v -0.27615154 0.09194884 -0.41835403
v -0.27521825 0.08935729 -0.41744459
v -0.27707914 0.09005572 -0.41613919
v -0.27615154 0.09194884 -0.41835403
v -0.27521825 0.08935729 -0.41744459
v -0.27574784 0.08786608 -0.41543934
v -0.27707914 0.09005572 -0.41613919
v -0.27956522 0.09825873 -0.41686511
v -0.27793866 0.09721952 -0.41851130
v -0.27883643 0.09544836 -0.41717860
v -0.27956522 0.09825873 -0.41686511
v -0.27883643 0.09544836 -0.41717860
v -0.28038278 0.09504016 -0.41486320
v -0.27793866 0.09721952 -0.41851130
v -0.27956522 0.09825873 -0.41686511
v -0.27774048 0.10032190 -0.41879165
v -0.27740750 0.09458956 -0.41835183
v -0.27883643 0.09544836 -0.41717860
v -0.27793866 0.09721952 -0.41851130
v -0.27740750 0.09458956 -0.41835183
v -0.27793866 0.09721952 -0.41851130
v -0.27632809 0.09493744 -0.41934121
v -0.27740750 0.09458956 -0.41835183
v -0.27805823 0.09263740 -0.41686553
v -0.27883643 0.09544836 -0.41717860
v -0.27883643 0.09544836 -0.41717860
v -0.27805823 0.09263740 -0.41686553
v -0.27958265 0.09284484 -0.41488683
v -0.27883643 0.09544836 -0.41717860
v -0.27958265 0.09284484 -0.41488683
v -0.28038278 0.09504016 -0.41486320
v -0.27633178 0.10322522 -0.41937292
v -0.27570066 0.10065261 -0.42018890
v -0.27774048 0.10032190 -0.41879165
v -0.27633178 0.10322522 -0.41937292
v -0.27482969 0.10447836 -0.41999322
v -0.27570066 0.10065261 -0.42018890
v -0.27368048 0.10231306 -0.42091209
v -0.27570066 0.10065261 -0.42018890
v -0.27482969 0.10447836 -0.41999322
v -0.27368048 0.10231306 -0.42091209
v -0.27335602 0.09839346 -0.42123014
v -0.27570066 0.10065261 -0.42018890
v -0.27570066 0.10065261 -0.42018890
v -0.27335602 0.09839346 -0.42123014
v -0.27572978 0.09777512 -0.42018232
v -0.27290982 0.10781830 -0.41971290
v -0.27298802 0.10499766 -0.42070064
v -0.27482969 0.10447836 -0.41999322
v -0.27290982 0.10781830 -0.41971290
v -0.27482969 0.10447836 -0.41999322
v -0.27606645 0.10596079 -0.41867337
v -0.27290982 0.10781830 -0.41971290
v -0.27606645 0.10596079 -0.41867337
v -0.27485025 0.10797080 -0.41851690
v -0.27298802 0.10499766 -0.42070064
v -0.27368048 0.10231306 -0.42091209
v -0.27482969 0.10447836 -0.41999322
v -0.27482969 0.10447836 -0.41999322
v -0.27633178 0.10322522 -0.41937292
v -0.27606645 0.10596079 -0.41867337
v -0.26990011 0.10989115 -0.41967240
v -0.26954144 0.10841331 -0.42059174
v -0.27290982 0.10781830 -0.41971290
v -0.26990011 0.10989115 -0.41967240
v -0.27290982 0.10781830 -0.41971290
v -0.27239630 0.10972390 -0.41883156
v -0.26990011 0.10989115 -0.41967240
v -0.27239630 0.10972390 -0.41883156
v -0.26959461 0.11139163 -0.41877282
v -0.26954144 0.10841331 -0.42059174
v -0.26786485 0.10692161 -0.42134163
v -0.27010843 0.10503287 -0.42141491
v -0.26954144 0.10841331 -0.42059174
v -0.27010843 0.10503287 -0.42141491
v -0.27298802 0.10499766 -0.42070064
v -0.27290982 0.10781830 -0.41971290
v -0.26954144 0.10841331 -0.42059174
v -0.27298802 0.10499766 -0.42070064
v -0.27290982 0.10781830 -0.41971290
v -0.27485025 0.10797080 -0.41851690
v -0.27239630 0.10972390 -0.41883156
v -0.26722279 0.11144000 -0.41930449
v -0.26401398 0.11205196 -0.41901207
v -0.26569888 0.11005870 -0.42031467
v -0.26569888 0.11005870 -0.42031467
v -0.26414940 0.10826959 -0.42110038
v -0.26786485 0.10692161 -0.42134163
v -0.26954144 0.10841331 -0.42059174
v -0.26569888 0.11005870 -0.42031467
v -0.26786485 0.10692161 -0.42134163
v -0.26722279 0.11144000 -0.41930449
v -0.26569888 0.11005870 -0.42031467
v -0.26954144 0.10841331 -0.42059174
v -0.26722279 0.11144000 -0.41930449
v -0.26954144 0.10841331 -0.42059174
v -0.26990011 0.10989115 -0.41967240
v -0.26722279 0.11144000 -0.41930449
v -0.26990011 0.10989115 -0.41967240
v -0.26959461 0.11139163 -0.41877282
v -0.26191550 0.11032678 -0.41999602
v -0.26162878 0.11273950 -0.41812074
v -0.25921163 0.11120313 -0.41871595
v -0.26057389 0.10774101 -0.42097512
v -0.26414940 0.10826959 -0.42110038
v -0.26191550 0.11032678 -0.41999602
v -0.26057389 0.10774101 -0.42097512
v -0.26191550 0.11032678 -0.41999602
v -0.25997591 0.10914545 -0.42025393
v -0.26414940 0.10826959 -0.42110038
v -0.26569888 0.11005870 -0.42031467
v -0.26191550 0.11032678 -0.41999602
v -0.26401398 0.11205196 -0.41901207
v -0.26191550 0.11032678 -0.41999602
v -0.26569888 0.11005870 -0.42031467
v -0.26401398 0.11205196 -0.41901207
v -0.26162878 0.11273950 -0.41812074
v -0.26191550 0.11032678 -0.41999602
v -0.25771877 0.10967283 -0.41925541
v -0.25789925 0.10718759 -0.42050955
v -0.25997591 0.10914545 -0.42025393
v -0.25771877 0.10967283 -0.41925541
v -0.25485292 0.10736162 -0.41911429
v -0.25789925 0.10718759 -0.42050955
v -0.25789925 0.10718759 -0.42050955
v -0.25781721 0.10439278 -0.42122963
v -0.26057389 0.10774101 -0.42097512
v -0.26057389 0.10774101 -0.42097512
v -0.25997591 0.10914545 -0.42025393
v -0.25789925 0.10718759 -0.42050955
v -0.25771877 0.10967283 -0.41925541
v -0.25997591 0.10914545 -0.42025393
v -0.26191550 0.11032678 -0.41999602
v -0.25771877 0.10967283 -0.41925541
v -0.26191550 0.11032678 -0.41999602
v -0.25921163 0.11120313 -0.41871595
v -0.25463322 0.10378232 -0.42024407
v -0.25602698 0.10515144 -0.42047125
v -0.25485292 0.10736162 -0.41911429
v -0.25463322 0.10378232 -0.42024407
v -0.25485292 0.10736162 -0.41911429
v -0.25187194 0.10499936 -0.41791391
v -0.25602698 0.10515144 -0.42047125
v -0.25463322 0.10378232 -0.42024407
v -0.25650370 0.10151500 -0.42125666
v -0.25602698 0.10515144 -0.42047125
v -0.25650370 0.10151500 -0.42125666
v -0.25781721 0.10439278 -0.42122963
v -0.25602698 0.10515144 -0.42047125
v -0.25781721 0.10439278 -0.42122963
v -0.25789925 0.10718759 -0.42050955
v -0.25485292 0.10736162 -0.41911429
v -0.25602698 0.10515144 -0.42047125
v -0.25789925 0.10718759 -0.42050955
v -0.25229001 0.10147490 -0.41923597
v -0.25209105 0.09895157 -0.41919419
v -0.25424677 0.10003387 -0.42051885
v -0.25424677 0.10003387 -0.42051885
v -0.25665829 0.09758274 -0.42138094
v -0.25650370 0.10151500 -0.42125666
v -0.25463322 0.10378232 -0.42024407
v -0.25424677 0.10003387 -0.42051885
v -0.25650370 0.10151500 -0.42125666
v -0.25229001 0.10147490 -0.41923597
v -0.25424677 0.10003387 -0.42051885
v -0.25463322 0.10378232 -0.42024407
v -0.25229001 0.10147490 -0.41923597
v -0.25463322 0.10378232 -0.42024407
v -0.25187194 0.10499936 -0.41791391
v -0.25228861 0.09565241 -0.41898134
v -0.25456411 0.09297360 -0.41974202
v -0.25470513 0.09615896 -0.42055842
v -0.25424677 0.10003387 -0.42051885
v -0.25470513 0.09615896 -0.42055842
v -0.25665829 0.09758274 -0.42138094
v -0.25209105 0.09895157 -0.41919419
v -0.25228861 0.09565241 -0.41898134
v -0.25470513 0.09615896 -0.42055842
v -0.25209105 0.09895157 -0.41919419
v -0.25470513 0.09615896 -0.42055842
v -0.25424677 0.10003387 -0.42051885
v -0.25456411 0.09297360 -0.41974202
v -0.25652784 0.09004963 -0.41942477
v -0.25787553 0.09113103 -0.42045212
v -0.25743520 0.09334929 -0.42097691
v -0.25470513 0.09615896 -0.42055842
v -0.25456411 0.09297360 -0.41974202
v -0.25743520 0.09334929 -0.42097691
v -0.25456411 0.09297360 -0.41974202
v -0.25787553 0.09113103 -0.42045212
v -0.25470513 0.09615896 -0.42055842
v -0.25743520 0.09334929 -0.42097691
v -0.25665829 0.09758274 -0.42138094
v -0.25889820 0.08791545 -0.41913742
v -0.26075074 0.08998271 -0.42071590
v -0.25787553 0.09113103 -0.42045212
v -0.25889820 0.08791545 -0.41913742
v -0.25787553 0.09113103 -0.42045212
v -0.25652784 0.09004963 -0.41942477
v -0.26075074 0.08998271 -0.42071590
v -0.25997859 0.09357548 -0.42159435
v -0.25787553 0.09113103 -0.42045212
v -0.25787553 0.09113103 -0.42045212
v -0.25997859 0.09357548 -0.42159435
v -0.25743520 0.09334929 -0.42097691
v -0.26465148 0.08702295 -0.41948110
v -0.26611623 0.08873844 -0.42046475
v -0.26248267 0.08751801 -0.41970041
v -0.26370004 0.08981477 -0.42093202
v -0.26248267 0.08751801 -0.41970041
v -0.26611623 0.08873844 -0.42046475
v -0.26075074 0.08998271 -0.42071590
v -0.26248267 0.08751801 -0.41970041
v -0.26370004 0.08981477 -0.42093202
v -0.26248267 0.08751801 -0.41970041
v -0.26075074 0.08998271 -0.42071590
v -0.25889820 0.08791545 -0.41913742
v -0.26748937 0.08722232 -0.41937810
v -0.27025008 0.08737909 -0.41877201
v -0.26992962 0.08911166 -0.42001009
v -0.26748937 0.08722232 -0.41937810
v -0.26992962 0.08911166 -0.42001009
v -0.26611623 0.08873844 -0.42046475
v -0.26611623 0.08873844 -0.42046475
v -0.26992962 0.08911166 -0.42001009
v -0.26935536 0.09093406 -0.42092654
v -0.26611623 0.08873844 -0.42046475
v -0.26935536 0.09093406 -0.42092654
v -0.26573077 0.09042352 -0.42115751
v -0.26573077 0.09042352 -0.42115751
v -0.26370004 0.08981477 -0.42093202
v -0.26611623 0.08873844 -0.42046475
v -0.26465148 0.08702295 -0.41948110
v -0.26748937 0.08722232 -0.41937810
v -0.26611623 0.08873844 -0.42046475
v -0.27220991 0.09123266 -0.42026469
v -0.26992962 0.08911166 -0.42001009
v -0.27239761 0.08856950 -0.41871616
v -0.27220991 0.09123266 -0.42026469
v -0.27239761 0.08856950 -0.41871616
v -0.27430019 0.09083443 -0.41906452
v -0.26935536 0.09093406 -0.42092654
v -0.26992962 0.08911166 -0.42001009
v -0.27220991 0.09123266 -0.42026469
v -0.26935536 0.09093406 -0.42092654
v -0.27220991 0.09123266 -0.42026469
v -0.27195123 0.09416969 -0.42118096
v -0.26992962 0.08911166 -0.42001009
v -0.27025008 0.08737909 -0.41877201
v -0.27239761 0.08856950 -0.41871616
v -0.27440563 0.09416112 -0.42028466
v -0.27615154 0.09194884 -0.41835403
v -0.27632809 0.09493744 -0.41934121
v -0.27195123 0.09416969 -0.42118096
v -0.27440563 0.09416112 -0.42028466
v -0.27335602 0.09839346 -0.42123014
v -0.27220991 0.09123266 -0.42026469
v -0.27440563 0.09416112 -0.42028466
v -0.27195123 0.09416969 -0.42118096
v -0.27430019 0.09083443 -0.41906452
v -0.27440563 0.09416112 -0.42028466
v -0.27220991 0.09123266 -0.42026469
v -0.27430019 0.09083443 -0.41906452
v -0.27615154 0.09194884 -0.41835403
v -0.27440563 0.09416112 -0.42028466
v -0.27572978 0.09777512 -0.42018232
v -0.27793866 0.09721952 -0.41851130
v -0.27774048 0.10032190 -0.41879165
v -0.27572978 0.09777512 -0.42018232
v -0.27774048 0.10032190 -0.41879165
v -0.27570066 0.10065261 -0.42018890
v -0.27440563 0.09416112 -0.42028466
v -0.27572978 0.09777512 -0.42018232
v -0.27335602 0.09839346 -0.42123014
v -0.27632809 0.09493744 -0.41934121
v -0.27572978 0.09777512 -0.42018232
v -0.27440563 0.09416112 -0.42028466
v -0.27632809 0.09493744 -0.41934121
v -0.27793866 0.09721952 -0.41851130
v -0.27572978 0.09777512 -0.42018232
v -0.27131641 0.10218420 -0.42155606
v -0.27335602 0.09839346 -0.42123014
v -0.27368048 0.10231306 -0.42091209
v -0.27090421 0.09784165 -0.42172271
v -0.27131641 0.10218420 -0.42155606
v -0.26949301 0.10171466 -0.42178285
v -0.27090421 0.09784165 -0.42172271
v -0.26949301 0.10171466 -0.42178285
v -0.26937461 0.09815212 -0.42175221
v -0.27335602 0.09839346 -0.42123014
v -0.27131641 0.10218420 -0.42155606
v -0.27090421 0.09784165 -0.42172271
v -0.26949301 0.10171466 -0.42178285
v -0.27131641 0.10218420 -0.42155606
v -0.27010843 0.10503287 -0.42141491
v -0.26949301 0.10171466 -0.42178285
v -0.27010843 0.10503287 -0.42141491
v -0.26755160 0.10439837 -0.42174375
v -0.26949301 0.10171466 -0.42178285
v -0.26755160 0.10439837 -0.42174375
v -0.26705182 0.10314154 -0.42167702
v -0.27131641 0.10218420 -0.42155606
v -0.27368048 0.10231306 -0.42091209
v -0.27298802 0.10499766 -0.42070064
v -0.27131641 0.10218420 -0.42155606
v -0.27298802 0.10499766 -0.42070064
v -0.27010843 0.10503287 -0.42141491
v -0.26755160 0.10439837 -0.42174375
v -0.27010843 0.10503287 -0.42141491
v -0.26786485 0.10692161 -0.42134163
v -0.26755160 0.10439837 -0.42174375
v -0.26433730 0.10450239 -0.42176440
v -0.26705182 0.10314154 -0.42167702
v -0.26414940 0.10826959 -0.42110038
v -0.26426899 0.10548635 -0.42171204
v -0.26786485 0.10692161 -0.42134163
v -0.26426899 0.10548635 -0.42171204
v -0.26134336 0.10534164 -0.42163992
v -0.26433730 0.10450239 -0.42176440
v -0.26755160 0.10439837 -0.42174375
v -0.26786485 0.10692161 -0.42134163
v -0.26426899 0.10548635 -0.42171204
v -0.26755160 0.10439837 -0.42174375
v -0.26426899 0.10548635 -0.42171204
v -0.26433730 0.10450239 -0.42176440
v -0.26134336 0.10534164 -0.42163992
v -0.26414940 0.10826959 -0.42110038
v -0.26057389 0.10774101 -0.42097512
v -0.26414940 0.10826959 -0.42110038
v -0.26134336 0.10534164 -0.42163992
v -0.26426899 0.10548635 -0.42171204
v -0.26134336 0.10534164 -0.42163992
v -0.26057389 0.10774101 -0.42097512
v -0.25781721 0.10439278 -0.42122963
v -0.26134336 0.10534164 -0.42163992
v -0.25908837 0.10212167 -0.42172939
v -0.26080978 0.10262782 -0.42176479
v -0.26134336 0.10534164 -0.42163992
v -0.26080978 0.10262782 -0.42176479
v -0.26433730 0.10450239 -0.42176440
v -0.25781721 0.10439278 -0.42122963
v -0.25650370 0.10151500 -0.42125666
v -0.25908837 0.10212167 -0.42172939
v -0.25908837 0.10212167 -0.42172939
v -0.25957718 0.09990053 -0.42176479
v -0.26080978 0.10262782 -0.42176479
v -0.25781721 0.10439278 -0.42122963
v -0.25908837 0.10212167 -0.42172939
v -0.26134336 0.10534164 -0.42163992
v -0.25650370 0.10151500 -0.42125666
v -0.25665829 0.09758274 -0.42138094
v -0.25908837 0.10212167 -0.42172939
v -0.25908837 0.10212167 -0.42172939
v -0.25665829 0.09758274 -0.42138094
v -0.25872886 0.09743582 -0.42171821
v -0.25908837 0.10212167 -0.42172939
v -0.25872886 0.09743582 -0.42171821
v -0.25957718 0.09990053 -0.42176479
v -0.25872886 0.09743582 -0.42171821
v -0.26006705 0.09695183 -0.42176479
v -0.25957718 0.09990053 -0.42176479
v -0.25997859 0.09357548 -0.42159435
v -0.26211536 0.09476888 -0.42176479
v -0.26006705 0.09695183 -0.42176479
v -0.25872886 0.09743582 -0.42171821
v -0.25997859 0.09357548 -0.42159435
v -0.26006705 0.09695183 -0.42176479
v -0.25665829 0.09758274 -0.42138094
v -0.25997859 0.09357548 -0.42159435
v -0.25872886 0.09743582 -0.42171821
v -0.25665829 0.09758274 -0.42138094
v -0.25743520 0.09334929 -0.42097691
v -0.25997859 0.09357548 -0.42159435
v -0.25997859 0.09357548 -0.42159435
v -0.26075074 0.08998271 -0.42071590
v -0.26359591 0.09251243 -0.42165738
v -0.25997859 0.09357548 -0.42159435
v -0.26359591 0.09251243 -0.42165738
v -0.26211536 0.09476888 -0.42176479
v -0.26359591 0.09251243 -0.42165738
v -0.26370004 0.08981477 -0.42093202
v -0.26573077 0.09042352 -0.42115751
v -0.26359591 0.09251243 -0.42165738
v -0.26466864 0.09437524 -0.42176887
v -0.26211536 0.09476888 -0.42176479
v -0.26359591 0.09251243 -0.42165738
v -0.26075074 0.08998271 -0.42071590
v -0.26370004 0.08981477 -0.42093202
v -0.26573077 0.09042352 -0.42115751
v -0.26842088 0.09356710 -0.42167056
v -0.26359591 0.09251243 -0.42165738
v -0.26573077 0.09042352 -0.42115751
v -0.26935536 0.09093406 -0.42092654
v -0.26842088 0.09356710 -0.42167056
v -0.26842088 0.09356710 -0.42167056
v -0.26781282 0.09558041 -0.42175123
v -0.26466864 0.09437524 -0.42176887
v -0.26359591 0.09251243 -0.42165738
v -0.26842088 0.09356710 -0.42167056
v -0.26466864 0.09437524 -0.42176887
v -0.26842088 0.09356710 -0.42167056
v -0.26935536 0.09093406 -0.42092654
v -0.27195123 0.09416969 -0.42118096
v -0.26842088 0.09356710 -0.42167056
v -0.27090421 0.09784165 -0.42172271
v -0.26937461 0.09815212 -0.42175221
v -0.26842088 0.09356710 -0.42167056
v -0.26937461 0.09815212 -0.42175221
v -0.26781282 0.09558041 -0.42175123
v -0.27195123 0.09416969 -0.42118096
v -0.27090421 0.09784165 -0.42172271
v -0.26842088 0.09356710 -0.42167056
v -0.27335602 0.09839346 -0.42123014
v -0.27090421 0.09784165 -0.42172271
v -0.27195123 0.09416969 -0.42118096
v -0.27516967 0.10117900 -0.36268574
v -0.27488035 0.10242177 -0.36195922
v -0.27538967 0.09955475 -0.36196518
v -0.27416250 0.10404901 -0.36243224
v -0.27338418 0.10542941 -0.36197478
v -0.27488035 0.10242177 -0.36195922
v -0.27416250 0.10404901 -0.36243224
v -0.27488035 0.10242177 -0.36195922
v -0.27516967 0.10117900 -0.36268574
v -0.27416250 0.10404901 -0.36243224
v -0.27516967 0.10117900 -0.36268574
v -0.27493083 0.10283696 -0.36331585
v -0.27464586 0.10400871 -0.36228132
v -0.27488035 0.10242177 -0.36195922
v -0.27338418 0.10542941 -0.36197478
v -0.27464586 0.10400871 -0.36228132
v -0.27548185 0.10201027 -0.36242276
v -0.27488035 0.10242177 -0.36195922
v -0.27548185 0.10201027 -0.36242276
v -0.27538967 0.09955475 -0.36196518
v -0.27488035 0.10242177 -0.36195922
v -0.26909846 0.10075723 -0.42131448
v -0.26930422 0.10205933 -0.42097819
v -0.26985282 0.09904662 -0.42105708
v -0.26909846 0.10075723 -0.42131448
v -0.26917225 0.09889533 -0.42142618
v -0.26892313 0.10102352 -0.42160064
v -0.26892313 0.10102352 -0.42160064
v -0.26917225 0.09889533 -0.42142618
v -0.26937461 0.09815212 -0.42175221
v -0.26892313 0.10102352 -0.42160064
v -0.26937461 0.09815212 -0.42175221
v -0.26949301 0.10171466 -0.42178285
v -0.27292600 0.10600097 -0.36269504
v -0.27338418 0.10542941 -0.36197478
v -0.27416250 0.10404901 -0.36243224
v -0.27164933 0.10727506 -0.36261514
v -0.27123943 0.10765355 -0.36197835
v -0.27338418 0.10542941 -0.36197478
v -0.27164933 0.10727506 -0.36261514
v -0.27338418 0.10542941 -0.36197478
v -0.27292600 0.10600097 -0.36269504
v -0.27293146 0.10632301 -0.36208028
v -0.27338418 0.10542941 -0.36197478
v -0.27123943 0.10765355 -0.36197835
v -0.27293146 0.10632301 -0.36208028
v -0.27123943 0.10765355 -0.36197835
v -0.27091885 0.10807960 -0.36208159
v -0.27293146 0.10632301 -0.36208028
v -0.27091885 0.10807960 -0.36208159
v -0.27216533 0.10770900 -0.36281541
v -0.27293146 0.10632301 -0.36208028
v -0.27216533 0.10770900 -0.36281541
v -0.27376115 0.10622478 -0.36310434
v -0.27293146 0.10632301 -0.36208028
v -0.27376115 0.10622478 -0.36310434
v -0.27464586 0.10400871 -0.36228132
v -0.27293146 0.10632301 -0.36208028
v -0.27464586 0.10400871 -0.36228132
v -0.27338418 0.10542941 -0.36197478
v -0.26727027 0.10340324 -0.42114943
v -0.26909846 0.10075723 -0.42131448
v -0.26892313 0.10102352 -0.42160064
v -0.26727027 0.10340324 -0.42114943
v -0.26892313 0.10102352 -0.42160064
v -0.26705182 0.10314154 -0.42167702
v -0.26727027 0.10340324 -0.42114943
v -0.26930422 0.10205933 -0.42097819
v -0.26909846 0.10075723 -0.42131448
v -0.26892313 0.10102352 -0.42160064
v -0.26949301 0.10171466 -0.42178285
v -0.26705182 0.10314154 -0.42167702
v -0.26962066 0.10868807 -0.36252409
v -0.26902005 0.10891915 -0.36200687
v -0.27123943 0.10765355 -0.36197835
v -0.26962066 0.10868807 -0.36252409
v -0.27123943 0.10765355 -0.36197835
v -0.27164933 0.10727506 -0.36261514
v -0.26902005 0.10891915 -0.36200687
v -0.26962066 0.10868807 -0.36252409
v -0.26730904 0.10967822 -0.36298335
v -0.26902005 0.10891915 -0.36200687
v -0.26730904 0.10967822 -0.36298335
v -0.26647469 0.10974923 -0.36198324
v -0.26859033 0.10959005 -0.36229271
v -0.26902005 0.10891915 -0.36200687
v -0.26647469 0.10974923 -0.36198324
v -0.26859033 0.10959005 -0.36229271
v -0.26647469 0.10974923 -0.36198324
v -0.26615685 0.11027861 -0.36242604
v -0.27091885 0.10807960 -0.36208159
v -0.27123943 0.10765355 -0.36197835
v -0.26902005 0.10891915 -0.36200687
v -0.27091885 0.10807960 -0.36208159
v -0.26902005 0.10891915 -0.36200687
v -0.26859033 0.10959005 -0.36229271
v -0.27091885 0.10807960 -0.36208159
v -0.26859033 0.10959005 -0.36229271
v -0.27046448 0.10933872 -0.36350954
v -0.27091885 0.10807960 -0.36208159
v -0.27046448 0.10933872 -0.36350954
v -0.27216533 0.10770900 -0.36281541
v -0.26705182 0.10314154 -0.42167702
v -0.26433730 0.10450239 -0.42176440
v -0.26508892 0.10372717 -0.42158246
v -0.26730904 0.10967822 -0.36298335
v -0.26467282 0.10989274 -0.36268216
v -0.26647469 0.10974923 -0.36198324
v -0.26467282 0.10989274 -0.36268216
v -0.26408610 0.10993094 -0.36195901
v -0.26647469 0.10974923 -0.36198324
v -0.26467282 0.10989274 -0.36268216
v -0.26215398 0.10962206 -0.36259949
v -0.26408610 0.10993094 -0.36195901
v -0.26408610 0.10993094 -0.36195901
v -0.26615685 0.11027861 -0.36242604
v -0.26647469 0.10974923 -0.36198324
v -0.26408610 0.10993094 -0.36195901
v -0.26297507 0.11045004 -0.36286047
v -0.26615685 0.11027861 -0.36242604
v -0.26727027 0.10340324 -0.42114943
v -0.26705182 0.10314154 -0.42167702
v -0.26508892 0.10372717 -0.42158246
v -0.26727027 0.10340324 -0.42114943
v -0.26508892 0.10372717 -0.42158246
v -0.26398695 0.10393750 -0.42123452
v -0.26727027 0.10340324 -0.42114943
v -0.26398695 0.10393750 -0.42123452
v -0.26545143 0.10437234 -0.42104751
v -0.26386407 0.10370553 -0.42160842
v -0.26508892 0.10372717 -0.42158246
v -0.26433730 0.10450239 -0.42176440
v -0.26215398 0.10962206 -0.36259949
v -0.26108775 0.10936755 -0.36194414
v -0.26408610 0.10993094 -0.36195901
v -0.25979000 0.10868767 -0.36263898
v -0.26108775 0.10936755 -0.36194414
v -0.26215398 0.10962206 -0.36259949
v -0.26108775 0.10936755 -0.36194414
v -0.25788432 0.10799932 -0.36232194
v -0.25978523 0.10958746 -0.36301637
v -0.26108775 0.10936755 -0.36194414
v -0.25978523 0.10958746 -0.36301637
v -0.26297507 0.11045004 -0.36286047
v -0.26108775 0.10936755 -0.36194414
v -0.26297507 0.11045004 -0.36286047
v -0.26408610 0.10993094 -0.36195901
v -0.26398695 0.10393750 -0.42123452
v -0.26508892 0.10372717 -0.42158246
v -0.26386407 0.10370553 -0.42160842
v -0.26151258 0.10249028 -0.42159802
v -0.26386407 0.10370553 -0.42160842
v -0.26433730 0.10450239 -0.42176440
v -0.25807947 0.10754653 -0.36199701
v -0.26108775 0.10936755 -0.36194414
v -0.25979000 0.10868767 -0.36263898
v -0.25807947 0.10754653 -0.36199701
v -0.25979000 0.10868767 -0.36263898
v -0.25815329 0.10794745 -0.36336085
v -0.25807947 0.10754653 -0.36199701
v -0.25815329 0.10794745 -0.36336085
v -0.25688189 0.10643910 -0.36200619
v -0.25688189 0.10643910 -0.36200619
v -0.25815329 0.10794745 -0.36336085
v -0.25653872 0.10635193 -0.36313963
v -0.25688189 0.10643910 -0.36200619
v -0.25653872 0.10635193 -0.36313963
v -0.25580728 0.10510079 -0.36267370
v -0.25653532 0.10639033 -0.36208218
v -0.25788432 0.10799932 -0.36232194
v -0.25807947 0.10754653 -0.36199701
v -0.25653532 0.10639033 -0.36208218
v -0.25807947 0.10754653 -0.36199701
v -0.25688189 0.10643910 -0.36200619
v -0.25653532 0.10639033 -0.36208218
v -0.25536087 0.10574586 -0.36294854
v -0.25788432 0.10799932 -0.36232194
v -0.25788432 0.10799932 -0.36232194
v -0.26108775 0.10936755 -0.36194414
v -0.25807947 0.10754653 -0.36199701
v -0.26155469 0.10276175 -0.42123958
v -0.26398695 0.10393750 -0.42123452
v -0.26386407 0.10370553 -0.42160842
v -0.26155469 0.10276175 -0.42123958
v -0.26386407 0.10370553 -0.42160842
v -0.26151258 0.10249028 -0.42159802
v -0.26151258 0.10249028 -0.42159802
v -0.26433730 0.10450239 -0.42176440
v -0.26080978 0.10262782 -0.42176479
v -0.25580728 0.10510079 -0.36267370
v -0.25499934 0.10352790 -0.36226508
v -0.25538152 0.10454188 -0.36196339
v -0.25580728 0.10510079 -0.36267370
v -0.25538152 0.10454188 -0.36196339
v -0.25688189 0.10643910 -0.36200619
v -0.25580728 0.10510079 -0.36267370
v -0.25483119 0.10382590 -0.36332685
v -0.25499934 0.10352790 -0.36226508
v -0.25499934 0.10352790 -0.36226508
v -0.25483119 0.10382590 -0.36332685
v -0.25439188 0.10210392 -0.36285222
v -0.25499934 0.10352790 -0.36226508
v -0.25439188 0.10210392 -0.36285222
v -0.25468481 0.10321952 -0.36198494
v -0.25499934 0.10352790 -0.36226508
v -0.25468481 0.10321952 -0.36198494
v -0.25538152 0.10454188 -0.36196339
v -0.25468481 0.10321952 -0.36198494
v -0.25367120 0.10176253 -0.36281380
v -0.25429630 0.10408302 -0.36312586
v -0.25538152 0.10454188 -0.36196339
v -0.25468481 0.10321952 -0.36198494
v -0.25429630 0.10408302 -0.36312586
v -0.25538152 0.10454188 -0.36196339
v -0.25429630 0.10408302 -0.36312586
v -0.25536087 0.10574586 -0.36294854
v -0.25538152 0.10454188 -0.36196339
v -0.25536087 0.10574586 -0.36294854
v -0.25653532 0.10639033 -0.36208218
v -0.25538152 0.10454188 -0.36196339
v -0.25653532 0.10639033 -0.36208218
v -0.25688189 0.10643910 -0.36200619
v -0.26155469 0.10276175 -0.42123958
v -0.26151258 0.10249028 -0.42159802
v -0.26039457 0.10053642 -0.42153791
v -0.26155469 0.10276175 -0.42123958
v -0.26039457 0.10053642 -0.42153791
v -0.26024130 0.10202772 -0.42102936
v -0.26039457 0.10053642 -0.42153791
v -0.26151258 0.10249028 -0.42159802
v -0.26080978 0.10262782 -0.42176479
v -0.26039457 0.10053642 -0.42153791
v -0.26080978 0.10262782 -0.42176479
v -0.25957718 0.09990053 -0.42176479
v -0.25401855 0.09995598 -0.36264008
v -0.25404301 0.10050381 -0.36196288
v -0.25468481 0.10321952 -0.36198494
v -0.25401855 0.09995598 -0.36264008
v -0.25468481 0.10321952 -0.36198494
v -0.25439188 0.10210392 -0.36285222
v -0.25401855 0.09995598 -0.36264008
v -0.25421384 0.09748650 -0.36199749
v -0.25404301 0.10050381 -0.36196288
v -0.25389573 0.09752390 -0.36209452
v -0.25404301 0.10050381 -0.36196288
v -0.25421384 0.09748650 -0.36199749
v -0.25389573 0.09752390 -0.36209452
v -0.25323129 0.09973836 -0.36312678
v -0.25404301 0.10050381 -0.36196288
v -0.25404301 0.10050381 -0.36196288
v -0.25323129 0.09973836 -0.36312678
v -0.25367120 0.10176253 -0.36281380
v -0.25404301 0.10050381 -0.36196288
v -0.25367120 0.10176253 -0.36281380
v -0.25468481 0.10321952 -0.36198494
v -0.25995296 0.09951854 -0.42120001
v -0.26039457 0.10053642 -0.42153791
v -0.26030752 0.09844064 -0.42154300
v -0.26039457 0.10053642 -0.42153791
v -0.25995296 0.09951854 -0.42120001
v -0.26024130 0.10202772 -0.42102936
v -0.26030752 0.09844064 -0.42154300
v -0.26039457 0.10053642 -0.42153791
v -0.25957718 0.09990053 -0.42176479
v -0.25421384 0.09748650 -0.36199749
v -0.25401855 0.09995598 -0.36264008
v -0.25394237 0.09750335 -0.36337531
v -0.25421384 0.09748650 -0.36199749
v -0.25394237 0.09750335 -0.36337531
v -0.25458625 0.09535491 -0.36315909
v -0.25421384 0.09748650 -0.36199749
v -0.25458625 0.09535491 -0.36315909
v -0.25502348 0.09465000 -0.36191571
v -0.25502348 0.09465000 -0.36191571
v -0.25487918 0.09329314 -0.36312509
v -0.25391066 0.09531661 -0.36312586
v -0.25502348 0.09465000 -0.36191571
v -0.25391066 0.09531661 -0.36312586
v -0.25389573 0.09752390 -0.36209452
v -0.25389573 0.09752390 -0.36209452
v -0.25421384 0.09748650 -0.36199749
v -0.25502348 0.09465000 -0.36191571
v -0.26030752 0.09844064 -0.42154300
v -0.26091698 0.09680453 -0.42158246
v -0.25997722 0.09778260 -0.42111742
v -0.26030752 0.09844064 -0.42154300
v -0.25997722 0.09778260 -0.42111742
v -0.25995296 0.09951854 -0.42120001
v -0.26030752 0.09844064 -0.42154300
v -0.25957718 0.09990053 -0.42176479
v -0.26006705 0.09695183 -0.42176479
v -0.26030752 0.09844064 -0.42154300
v -0.26006705 0.09695183 -0.42176479
v -0.26091698 0.09680453 -0.42158246
v -0.25629249 0.09270840 -0.36244899
v -0.25626186 0.09260668 -0.36196288
v -0.25502348 0.09465000 -0.36191571
v -0.25629249 0.09270840 -0.36244899
v -0.25502348 0.09465000 -0.36191571
v -0.25458625 0.09535491 -0.36315909
v -0.25765005 0.09120314 -0.36275637
v -0.25626186 0.09260668 -0.36196288
v -0.25629249 0.09270840 -0.36244899
v -0.25765005 0.09120314 -0.36275637
v -0.25809655 0.09082674 -0.36190367
v -0.25626186 0.09260668 -0.36196288
v -0.25809655 0.09082674 -0.36190367
v -0.25813374 0.09002530 -0.36281490
v -0.25647059 0.09121451 -0.36313066
v -0.25809655 0.09082674 -0.36190367
v -0.25647059 0.09121451 -0.36313066
v -0.25626186 0.09260668 -0.36196288
v -0.25626186 0.09260668 -0.36196288
v -0.25647059 0.09121451 -0.36313066
v -0.25487918 0.09329314 -0.36312509
v -0.25626186 0.09260668 -0.36196288
v -0.25487918 0.09329314 -0.36312509
v -0.25502348 0.09465000 -0.36191571
v -0.26153842 0.09583891 -0.42131171
v -0.26091698 0.09680453 -0.42158246
v -0.26221234 0.09541345 -0.42160553
v -0.25997722 0.09778260 -0.42111742
v -0.26091698 0.09680453 -0.42158246
v -0.26153842 0.09583891 -0.42131171
v -0.25997722 0.09778260 -0.42111742
v -0.26153842 0.09583891 -0.42131171
v -0.26101971 0.09552196 -0.42104432
v -0.26221234 0.09541345 -0.42160553
v -0.26091698 0.09680453 -0.42158246
v -0.26006705 0.09695183 -0.42176479
v -0.26221234 0.09541345 -0.42160553
v -0.26006705 0.09695183 -0.42176479
v -0.26211536 0.09476888 -0.42176479
v -0.25934657 0.08998830 -0.36275735
v -0.26088798 0.08929235 -0.36267936
v -0.26029846 0.08945602 -0.36196250
v -0.25934657 0.08998830 -0.36275735
v -0.26029846 0.08945602 -0.36196250
v -0.25809655 0.09082674 -0.36190367
v -0.25934657 0.08998830 -0.36275735
v -0.25809655 0.09082674 -0.36190367
v -0.25765005 0.09120314 -0.36275637
v -0.26088798 0.08929235 -0.36267936
v -0.26234147 0.08878073 -0.36285630
v -0.26251888 0.08876248 -0.36198044
v -0.26088798 0.08929235 -0.36267936
v -0.26251888 0.08876248 -0.36198044
v -0.26029846 0.08945602 -0.36196250
v -0.26029846 0.08945602 -0.36196250
v -0.26251888 0.08876248 -0.36198044
v -0.26262701 0.08834062 -0.36234316
v -0.26029846 0.08945602 -0.36196250
v -0.26262701 0.08834062 -0.36234316
v -0.26006427 0.08892146 -0.36281431
v -0.25809655 0.09082674 -0.36190367
v -0.26029846 0.08945602 -0.36196250
v -0.26006427 0.08892146 -0.36281431
v -0.25809655 0.09082674 -0.36190367
v -0.26006427 0.08892146 -0.36281431
v -0.25813374 0.09002530 -0.36281490
v -0.26332176 0.09494112 -0.42141083
v -0.26153842 0.09583891 -0.42131171
v -0.26221234 0.09541345 -0.42160553
v -0.26332176 0.09494112 -0.42141083
v -0.26432604 0.09394140 -0.42102429
v -0.26101971 0.09552196 -0.42104432
v -0.26332176 0.09494112 -0.42141083
v -0.26101971 0.09552196 -0.42104432
v -0.26153842 0.09583891 -0.42131171
v -0.26251888 0.08876248 -0.36198044
v -0.26234147 0.08878073 -0.36285630
v -0.26379386 0.08841960 -0.36331844
v -0.26545501 0.08862924 -0.36244869
v -0.26515502 0.08848473 -0.36197007
v -0.26251888 0.08876248 -0.36198044
v -0.26545501 0.08862924 -0.36244869
v -0.26251888 0.08876248 -0.36198044
v -0.26379386 0.08841960 -0.36331844
v -0.26515502 0.08848473 -0.36197007
v -0.26262701 0.08834062 -0.36234316
v -0.26251888 0.08876248 -0.36198044
v -0.26565078 0.09482473 -0.42151827
v -0.26432604 0.09394140 -0.42102429
v -0.26332176 0.09494112 -0.42141083
v -0.26466864 0.09437524 -0.42176887
v -0.26332176 0.09494112 -0.42141083
v -0.26221234 0.09541345 -0.42160553
v -0.26466864 0.09437524 -0.42176887
v -0.26221234 0.09541345 -0.42160553
v -0.26211536 0.09476888 -0.42176479
v -0.26466864 0.09437524 -0.42176887
v -0.26565078 0.09482473 -0.42151827
v -0.26332176 0.09494112 -0.42141083
v -0.26750243 0.08898190 -0.36244899
v -0.26753765 0.08891138 -0.36193007
v -0.26515502 0.08848473 -0.36197007
v -0.26750243 0.08898190 -0.36244899
v -0.26515502 0.08848473 -0.36197007
v -0.26545501 0.08862924 -0.36244869
v -0.26950347 0.08976729 -0.36194724
v -0.26753765 0.08891138 -0.36193007
v -0.26750243 0.08898190 -0.36244899
v -0.26950347 0.08976729 -0.36194724
v -0.26750243 0.08898190 -0.36244899
v -0.26912197 0.08929735 -0.36327559
v -0.26950347 0.08976729 -0.36194724
v -0.26977822 0.08901711 -0.36295861
v -0.26753765 0.08891138 -0.36193007
v -0.26753765 0.08891138 -0.36193007
v -0.26977822 0.08901711 -0.36295861
v -0.26613230 0.08784395 -0.36311680
v -0.26753765 0.08891138 -0.36193007
v -0.26613230 0.08784395 -0.36311680
v -0.26515502 0.08848473 -0.36197007
v -0.26565078 0.09482473 -0.42151827
v -0.26737586 0.09481875 -0.42104322
v -0.26432604 0.09394140 -0.42102429
v -0.26565078 0.09482473 -0.42151827
v -0.26466864 0.09437524 -0.42176887
v -0.26781282 0.09558041 -0.42175123
v -0.27136508 0.09093266 -0.36195672
v -0.26950347 0.08976729 -0.36194724
v -0.26912197 0.08929735 -0.36327559
v -0.27136508 0.09093266 -0.36195672
v -0.26912197 0.08929735 -0.36327559
v -0.27132159 0.09060863 -0.36337450
v -0.27307549 0.09264388 -0.36238408
v -0.27136508 0.09093266 -0.36195672
v -0.27132159 0.09060863 -0.36337450
v -0.27307549 0.09264388 -0.36238408
v -0.27371266 0.09351803 -0.36197823
v -0.27136508 0.09093266 -0.36195672
v -0.27257833 0.09170379 -0.36214930
v -0.27136508 0.09093266 -0.36195672
v -0.27371266 0.09351803 -0.36197823
v -0.27257833 0.09170379 -0.36214930
v -0.27371266 0.09351803 -0.36197823
v -0.27414501 0.09349450 -0.36229908
v -0.27257833 0.09170379 -0.36214930
v -0.27187741 0.09038484 -0.36300132
v -0.27136508 0.09093266 -0.36195672
v -0.27136508 0.09093266 -0.36195672
v -0.27187741 0.09038484 -0.36300132
v -0.26977822 0.08901711 -0.36295861
v -0.27136508 0.09093266 -0.36195672
v -0.26977822 0.08901711 -0.36295861
v -0.26950347 0.08976729 -0.36194724
v -0.26751491 0.09576032 -0.42143658
v -0.26872385 0.09729471 -0.42141551
v -0.26926449 0.09640699 -0.42099375
v -0.26751491 0.09576032 -0.42143658
v -0.26926449 0.09640699 -0.42099375
v -0.26737586 0.09481875 -0.42104322
v -0.26751491 0.09576032 -0.42143658
v -0.26737586 0.09481875 -0.42104322
v -0.26565078 0.09482473 -0.42151827
v -0.26781282 0.09558041 -0.42175123
v -0.26751491 0.09576032 -0.42143658
v -0.26565078 0.09482473 -0.42151827
v -0.27307549 0.09264388 -0.36238408
v -0.27443224 0.09501532 -0.36226588
v -0.27371266 0.09351803 -0.36197823
v -0.27307549 0.09264388 -0.36238408
v -0.27285767 0.09208956 -0.36326152
v -0.27410564 0.09381574 -0.36331776
v -0.27307549 0.09264388 -0.36238408
v -0.27410564 0.09381574 -0.36331776
v -0.27443224 0.09501532 -0.36226588
v -0.27443224 0.09501532 -0.36226588
v -0.27462494 0.09492856 -0.36195412
v -0.27371266 0.09351803 -0.36197823
v -0.27443224 0.09501532 -0.36226588
v -0.27410564 0.09381574 -0.36331776
v -0.27480307 0.09517509 -0.36346197
v -0.27443224 0.09501532 -0.36226588
v -0.27480307 0.09517509 -0.36346197
v -0.27510697 0.09680802 -0.36289170
v -0.27443224 0.09501532 -0.36226588
v -0.27510697 0.09680802 -0.36289170
v -0.27462494 0.09492856 -0.36195412
v -0.27462494 0.09492856 -0.36195412
v -0.27414501 0.09349450 -0.36229908
v -0.27371266 0.09351803 -0.36197823
v -0.26781282 0.09558041 -0.42175123
v -0.26872385 0.09729471 -0.42141551
v -0.26751491 0.09576032 -0.42143658
v -0.26937461 0.09815212 -0.42175221
v -0.26872385 0.09729471 -0.42141551
v -0.26781282 0.09558041 -0.42175123
v -0.27523389 0.09789141 -0.36191690
v -0.27462494 0.09492856 -0.36195412
v -0.27510697 0.09680802 -0.36289170
v -0.27523389 0.09789141 -0.36191690
v -0.27510697 0.09680802 -0.36289170
v -0.27550057 0.09834161 -0.36331835
v -0.27532035 0.09950409 -0.36267158
v -0.27538967 0.09955475 -0.36196518
v -0.27523389 0.09789141 -0.36191690
v -0.27532035 0.09950409 -0.36267158
v -0.27523389 0.09789141 -0.36191690
v -0.27550057 0.09834161 -0.36331835
v -0.27532035 0.09950409 -0.36267158
v -0.27516967 0.10117900 -0.36268574
v -0.27538967 0.09955475 -0.36196518
v -0.27538967 0.09955475 -0.36196518
v -0.27548185 0.10201027 -0.36242276
v -0.27596793 0.09993903 -0.36281639
v -0.27538967 0.09955475 -0.36196518
v -0.27596793 0.09993903 -0.36281639
v -0.27581954 0.09732204 -0.36276275
v -0.27538967 0.09955475 -0.36196518
v -0.27581954 0.09732204 -0.36276275
v -0.27523389 0.09789141 -0.36191690
v -0.27523389 0.09789141 -0.36191690
v -0.27581954 0.09732204 -0.36276275
v -0.27462494 0.09492856 -0.36195412
v -0.26917225 0.09889533 -0.42142618
v -0.26909846 0.10075723 -0.42131448
v -0.26985282 0.09904662 -0.42105708
v -0.26917225 0.09889533 -0.42142618
v -0.26985282 0.09904662 -0.42105708
v -0.26926449 0.09640699 -0.42099375
v -0.26917225 0.09889533 -0.42142618
v -0.26926449 0.09640699 -0.42099375
v -0.26872385 0.09729471 -0.42141551
v -0.26937461 0.09815212 -0.42175221
v -0.26917225 0.09889533 -0.42142618
v -0.26872385 0.09729471 -0.42141551
vn 0.93632323 -0.13313314 -0.32492217
vn 0.90471703 -0.25802723 -0.33898240
vn 0.88668358 -0.30302614 -0.34923834
vn 0.93632323 -0.13313314 -0.32492217
vn 0.88668358 -0.30302614 -0.34923834
vn 0.96231437 -0.18789245 -0.19658974
vn 0.87221718 -0.35888115 -0.33232749
vn 0.81672436 -0.46878219 -0.33645889
vn 0.88668358 -0.30302614 -0.34923834
vn 0.87221718 -0.35888115 -0.33232749
vn 0.88668358 -0.30302614 -0.34923834
vn 0.90471703 -0.25802723 -0.33898240
vn 0.87221718 -0.35888115 -0.33232749
vn 0.80911392 -0.48319867 -0.33444539
vn 0.81672436 -0.46878219 -0.33645889
vn 0.81672436 -0.46878219 -0.33645889
vn 0.87708592 -0.43418241 -0.20544082
vn 0.88668358 -0.30302614 -0.34923834
vn 0.81672436 -0.46878219 -0.33645889
vn 0.74330342 -0.63524157 -0.20968586
vn 0.87708592 -0.43418241 -0.20544082
vn 0.81672436 -0.46878219 -0.33645889
vn 0.80911392 -0.48319867 -0.33444539
vn 0.72474808 -0.60777915 -0.32456857
vn 0.81672436 -0.46878219 -0.33645889
vn 0.72474808 -0.60777915 -0.32456857
vn 0.74330342 -0.63524157 -0.20968586
vn 0.74330342 -0.63524157 -0.20968586
vn 0.72474808 -0.60777915 -0.32456857
vn 0.61577344 -0.71674085 -0.32727000
vn 0.74330342 -0.63524157 -0.20968586
vn 0.61577344 -0.71674085 -0.32727000
vn 0.65622962 -0.73259515 -0.18074033
vn 0.49000221 -0.80446291 -0.33576363
vn 0.36628631 -0.87077910 -0.32799104
vn 0.45784986 -0.86172575 -0.21863726
vn 0.49000221 -0.80446291 -0.33576363
vn 0.45784986 -0.86172575 -0.21863726
vn 0.65622962 -0.73259515 -0.18074033
vn 0.49000221 -0.80446291 -0.33576363
vn 0.65622962 -0.73259515 -0.18074033
vn 0.61577344 -0.71674085 -0.32727000
vn 0.36628631 -0.87077910 -0.32799104
vn 0.49000221 -0.80446291 -0.33576363
vn 0.34753695 -0.88138628 -0.31996292
vn 0.36628631 -0.87077910 -0.32799104
vn 0.34753695 -0.88138628 -0.31996292
vn 0.22955821 -0.91048521 -0.34397635
vn 0.36628631 -0.87077910 -0.32799104
vn 0.22955821 -0.91048521 -0.34397635
vn 0.23844087 -0.93936610 -0.24644943
vn 0.36628631 -0.87077910 -0.32799104
vn 0.23844087 -0.93936610 -0.24644943
vn 0.45784986 -0.86172575 -0.21863726
vn 0.22955821 -0.91048521 -0.34397635
vn 0.10756663 -0.94015461 -0.32332441
vn 0.01408638 -0.98799884 -0.15381752
vn 0.22955821 -0.91048521 -0.34397635
vn 0.01408638 -0.98799884 -0.15381752
vn 0.23844087 -0.93936610 -0.24644943
vn -0.04960652 -0.94141424 -0.33358416
vn 0.01408638 -0.98799884 -0.15381752
vn 0.10756663 -0.94015461 -0.32332441
vn -0.22070591 -0.91255492 -0.34428540
vn -0.21996213 -0.96196669 -0.16197748
vn 0.01408638 -0.98799884 -0.15381752
vn -0.22070591 -0.91255492 -0.34428540
vn 0.01408638 -0.98799884 -0.15381752
vn -0.04960652 -0.94141424 -0.33358416
vn -0.40784302 -0.84758925 -0.33949450
vn -0.46142459 -0.86174428 -0.21091272
vn -0.22070591 -0.91255492 -0.34428540
vn -0.40784302 -0.84758925 -0.33949450
vn -0.22070591 -0.91255492 -0.34428540
vn -0.26285216 -0.90687138 -0.32938278
vn -0.46142459 -0.86174428 -0.21091272
vn -0.21996213 -0.96196669 -0.16197748
vn -0.22070591 -0.91255492 -0.34428540
vn -0.57032883 -0.76995915 -0.28616074
vn -0.46142459 -0.86174428 -0.21091272
vn -0.40784302 -0.84758925 -0.33949450
vn -0.72730386 -0.62905872 -0.27443430
vn -0.57032883 -0.76995915 -0.28616074
vn -0.63198870 -0.69989848 -0.33276477
vn -0.72730386 -0.62905872 -0.27443430
vn -0.63198870 -0.69989848 -0.33276477
vn -0.75337589 -0.56496149 -0.33651638
vn -0.81914854 -0.54786992 -0.16980657
vn -0.72730386 -0.62905872 -0.27443430
vn -0.75337589 -0.56496149 -0.33651638
vn -0.75337589 -0.56496149 -0.33651638
vn -0.86197293 -0.40219027 -0.30861890
vn -0.81914854 -0.54786992 -0.16980657
vn -0.75337589 -0.56496149 -0.33651638
vn -0.84144974 -0.43687162 -0.31797090
vn -0.86197293 -0.40219027 -0.30861890
vn -0.86197293 -0.40219027 -0.30861890
vn -0.89495879 -0.29792133 -0.33210191
vn -0.94586951 -0.24494541 -0.21291456
vn -0.98160440 -0.04290101 -0.18604398
vn -0.92424768 -0.18848516 -0.33202338
vn -0.94461250 -0.05519974 -0.32351223
vn -0.98160440 -0.04290101 -0.18604398
vn -0.94586951 -0.24494541 -0.21291456
vn -0.92424768 -0.18848516 -0.33202338
vn -0.92424768 -0.18848516 -0.33202338
vn -0.94586951 -0.24494541 -0.21291456
vn -0.89495879 -0.29792133 -0.33210191
vn -0.94461250 -0.05519974 -0.32351223
vn -0.93695259 0.11440235 -0.33019990
vn -0.94866318 0.14836043 -0.27933389
vn -0.98160440 -0.04290101 -0.18604398
vn -0.94461250 -0.05519974 -0.32351223
vn -0.94866318 0.14836043 -0.27933389
vn -0.94866318 0.14836043 -0.27933389
vn -0.89120412 0.29637989 -0.34338629
vn -0.90385097 0.34586737 -0.25185147
vn -0.94866318 0.14836043 -0.27933389
vn -0.93695259 0.11440235 -0.33019990
vn -0.89120412 0.29637989 -0.34338629
vn -0.89120412 0.29637989 -0.34338629
vn -0.85832989 0.39475355 -0.32777953
vn -0.80671346 0.48121244 -0.34299853
vn -0.89120412 0.29637989 -0.34338629
vn -0.80671346 0.48121244 -0.34299853
vn -0.90385097 0.34586737 -0.25185147
vn -0.80671346 0.48121244 -0.34299853
vn -0.72190332 0.60726660 -0.33178738
vn -0.80281675 0.59304452 -0.06151029
vn -0.80671346 0.48121244 -0.34299853
vn -0.80281675 0.59304452 -0.06151029
vn -0.90385097 0.34586737 -0.25185147
vn -0.78308547 0.53128058 -0.32329258
vn -0.72190332 0.60726660 -0.33178738
vn -0.80671346 0.48121244 -0.34299853
vn -0.78308547 0.53128058 -0.32329258
vn -0.80671346 0.48121244 -0.34299853
vn -0.85832989 0.39475355 -0.32777953
vn -0.68471712 0.65450007 -0.32061207
vn -0.72190332 0.60726660 -0.33178738
vn -0.78308547 0.53128058 -0.32329258
vn -0.68471712 0.65450007 -0.32061207
vn -0.56968606 0.75592983 -0.32253349
vn -0.65089542 0.73715556 -0.18148515
vn -0.65089542 0.73715556 -0.18148515
vn -0.72190332 0.60726660 -0.33178738
vn -0.68471712 0.65450007 -0.32061207
vn -0.65089542 0.73715556 -0.18148515
vn -0.80281675 0.59304452 -0.06151029
vn -0.72190332 0.60726660 -0.33178738
vn -0.50073802 0.84568691 -0.18459424
vn -0.65089542 0.73715556 -0.18148515
vn -0.56968606 0.75592983 -0.32253349
vn -0.56968606 0.75592983 -0.32253349
vn -0.42617103 0.84546494 -0.32181877
vn -0.50073802 0.84568691 -0.18459424
vn -0.34237722 0.92835987 -0.14465742
vn -0.50073802 0.84568691 -0.18459424
vn -0.42617103 0.84546494 -0.32181877
vn -0.25061321 0.95010221 -0.18573849
vn -0.14267161 0.93461525 -0.32579008
vn -0.05887408 0.95679349 -0.28474560
vn -0.25061321 0.95010221 -0.18573849
vn -0.34237722 0.92835987 -0.14465742
vn -0.29788500 0.90385324 -0.30710563
vn 0.04636013 0.94365215 -0.32767576
vn -0.05887408 0.95679349 -0.28474560
vn -0.14267161 0.93461525 -0.32579008
vn 0.13095710 0.93325871 -0.33448234
vn -0.05887408 0.95679349 -0.28474560
vn 0.04636013 0.94365215 -0.32767576
vn 0.13095710 0.93325871 -0.33448234
vn 0.07200524 0.99634850 -0.04587878
vn -0.05887408 0.95679349 -0.28474560
vn 0.13095710 0.93325871 -0.33448234
vn 0.38461664 0.88088614 -0.27587980
vn 0.27468818 0.95841384 -0.07739094
vn 0.13095710 0.93325871 -0.33448234
vn 0.27468818 0.95841384 -0.07739094
vn 0.07200524 0.99634850 -0.04587878
vn 0.13095710 0.93325871 -0.33448234
vn 0.21891709 0.92345160 -0.31513879
vn 0.38461664 0.88088614 -0.27587980
vn 0.38958946 0.85791290 -0.33497095
vn 0.38461664 0.88088614 -0.27587980
vn 0.21891709 0.92345160 -0.31513879
vn 0.55705220 0.76039159 -0.33391249
vn 0.58650172 0.76448047 -0.26755443
vn 0.38461664 0.88088614 -0.27587980
vn 0.55705220 0.76039159 -0.33391249
vn 0.38461664 0.88088614 -0.27587980
vn 0.38958946 0.85791290 -0.33497095
vn 0.71319860 0.61730742 -0.33208331
vn 0.70668191 0.64217299 -0.29700926
vn 0.58650172 0.76448047 -0.26755443
vn 0.71319860 0.61730742 -0.33208331
vn 0.58650172 0.76448047 -0.26755443
vn 0.55705220 0.76039159 -0.33391249
vn 0.70668191 0.64217299 -0.29700926
vn 0.75681239 0.61971676 -0.20781279
vn 0.58650172 0.76448047 -0.26755443
vn 0.82309902 0.48093644 -0.30200690
vn 0.70668191 0.64217299 -0.29700926
vn 0.71319860 0.61730742 -0.33208331
vn 0.71319860 0.61730742 -0.33208331
vn 0.82250661 0.46579787 -0.32636669
vn 0.82309902 0.48093644 -0.30200690
vn 0.88938153 0.34190232 -0.30348518
vn 0.82309902 0.48093644 -0.30200690
vn 0.82250661 0.46579787 -0.32636669
vn 0.88938153 0.34190232 -0.30348518
vn 0.82250661 0.46579787 -0.32636669
vn 0.88384056 0.32498229 -0.33647043
vn 0.88938153 0.34190232 -0.30348518
vn 0.88384056 0.32498229 -0.33647043
vn 0.95226735 0.22563356 -0.20561220
vn 0.95226735 0.22563356 -0.20561220
vn 0.92895305 0.14420548 -0.34095606
vn 0.95509917 0.08097032 -0.28500775
vn 0.95226735 0.22563356 -0.20561220
vn 0.88384056 0.32498229 -0.33647043
vn 0.92895305 0.14420548 -0.34095606
vn 0.94347453 0.01064122 -0.33127421
vn 0.99030781 -0.02306338 -0.13696179
vn 0.95509917 0.08097032 -0.28500775
vn 0.94347453 0.01064122 -0.33127421
vn 0.95509917 0.08097032 -0.28500775
vn 0.92895305 0.14420548 -0.34095606
vn 0.94347453 0.01064122 -0.33127421
vn 0.93632323 -0.13313314 -0.32492217
vn 0.99030781 -0.02306338 -0.13696179
vn 0.99030781 -0.02306338 -0.13696179
vn 0.93632323 -0.13313314 -0.32492217
vn 0.96231437 -0.18789245 -0.19658974
vn 0.93632323 -0.13313314 -0.32492217
vn 0.90723312 -0.29484397 -0.29999188
vn 0.90471703 -0.25802723 -0.33898240
vn 0.95041990 -0.11788991 -0.28775686
vn 0.93100625 -0.24629582 -0.26938027
vn 0.90723312 -0.29484397 -0.29999188
vn 0.95041990 -0.11788991 -0.28775686
vn 0.90723312 -0.29484397 -0.29999188
vn 0.93632323 -0.13313314 -0.32492217
vn 0.90723312 -0.29484397 -0.29999188
vn 0.85424596 -0.42917451 -0.29338220
vn 0.87221718 -0.35888115 -0.33232749
vn 0.87221718 -0.35888115 -0.33232749
vn 0.90471703 -0.25802723 -0.33898240
vn 0.90723312 -0.29484397 -0.29999188
vn 0.87221718 -0.35888115 -0.33232749
vn 0.85424596 -0.42917451 -0.29338220
vn 0.80911392 -0.48319867 -0.33444539
vn 0.78188491 -0.55569601 -0.28259149
vn 0.72474808 -0.60777915 -0.32456857
vn 0.80911392 -0.48319867 -0.33444539
vn 0.78188491 -0.55569601 -0.28259149
vn 0.80911392 -0.48319867 -0.33444539
vn 0.85424596 -0.42917451 -0.29338220
vn 0.66539651 -0.68974835 -0.28547281
vn 0.61577344 -0.71674085 -0.32727000
vn 0.72474808 -0.60777915 -0.32456857
vn 0.66539651 -0.68974835 -0.28547281
vn 0.72474808 -0.60777915 -0.32456857
vn 0.78188491 -0.55569601 -0.28259149
vn 0.50643426 -0.80423254 -0.31102139
vn 0.49000221 -0.80446291 -0.33576363
vn 0.61577344 -0.71674085 -0.32727000
vn 0.50643426 -0.80423254 -0.31102139
vn 0.61577344 -0.71674085 -0.32727000
vn 0.66539651 -0.68974835 -0.28547281
vn 0.50643426 -0.80423254 -0.31102139
vn 0.66539651 -0.68974835 -0.28547281
vn 0.56756866 -0.77766687 -0.27037030
vn 0.50643426 -0.80423254 -0.31102139
vn 0.56756866 -0.77766687 -0.27037030
vn 0.47775164 -0.83417100 -0.27552149
vn 0.34878576 -0.89451981 -0.27961192
vn 0.50643426 -0.80423254 -0.31102139
vn 0.47775164 -0.83417100 -0.27552149
vn 0.34753695 -0.88138628 -0.31996292
vn 0.50643426 -0.80423254 -0.31102139
vn 0.34878576 -0.89451981 -0.27961192
vn 0.34753695 -0.88138628 -0.31996292
vn 0.49000221 -0.80446291 -0.33576363
vn 0.50643426 -0.80423254 -0.31102139
vn 0.22955821 -0.91048521 -0.34397635
vn 0.21232824 -0.93571132 -0.28171095
vn 0.10756663 -0.94015461 -0.32332441
vn 0.22955821 -0.91048521 -0.34397635
vn 0.34753695 -0.88138628 -0.31996292
vn 0.21232824 -0.93571132 -0.28171095
vn 0.21232824 -0.93571132 -0.28171095
vn 0.07976396 -0.96011710 -0.26797932
vn 0.10756663 -0.94015461 -0.32332441
vn 0.21232824 -0.93571132 -0.28171095
vn 0.34753695 -0.88138628 -0.31996292
vn 0.34878576 -0.89451981 -0.27961192
vn 0.07976396 -0.96011710 -0.26797932
vn -0.04960652 -0.94141424 -0.33358416
vn 0.10756663 -0.94015461 -0.32332441
vn 0.07976396 -0.96011710 -0.26797932
vn -0.08314214 -0.95436120 -0.28684849
vn -0.04960652 -0.94141424 -0.33358416
vn -0.17289196 -0.93431699 -0.31170511
vn -0.26285216 -0.90687138 -0.32938278
vn -0.22070591 -0.91255492 -0.34428540
vn -0.17289196 -0.93431699 -0.31170511
vn -0.22070591 -0.91255492 -0.34428540
vn -0.04960652 -0.94141424 -0.33358416
vn -0.17289196 -0.93431699 -0.31170511
vn -0.04960652 -0.94141424 -0.33358416
vn -0.08314214 -0.95436120 -0.28684849
vn -0.17289196 -0.93431699 -0.31170511
vn -0.24550968 -0.93072176 -0.27107567
vn -0.26285216 -0.90687138 -0.32938278
vn -0.17289196 -0.93431699 -0.31170511
vn -0.08314214 -0.95436120 -0.28684849
vn -0.24550968 -0.93072176 -0.27107567
vn -0.38584799 -0.87651074 -0.28783727
vn -0.26285216 -0.90687138 -0.32938278
vn -0.24550968 -0.93072176 -0.27107567
vn -0.40784302 -0.84758925 -0.33949450
vn -0.26285216 -0.90687138 -0.32938278
vn -0.38584799 -0.87651074 -0.28783727
vn -0.54853481 -0.77852279 -0.30497834
vn -0.63198870 -0.69989848 -0.33276477
vn -0.57032883 -0.76995915 -0.28616074
vn -0.54853481 -0.77852279 -0.30497834
vn -0.57032883 -0.76995915 -0.28616074
vn -0.40784302 -0.84758925 -0.33949450
vn -0.54853481 -0.77852279 -0.30497834
vn -0.40784302 -0.84758925 -0.33949450
vn -0.38584799 -0.87651074 -0.28783727
vn -0.63198870 -0.69989848 -0.33276477
vn -0.54853481 -0.77852279 -0.30497834
vn -0.65756398 -0.69837242 -0.28264031
vn -0.63198870 -0.69989848 -0.33276477
vn -0.65756398 -0.69837242 -0.28264031
vn -0.75272471 -0.59085441 -0.29033872
vn -0.63198870 -0.69989848 -0.33276477
vn -0.75272471 -0.59085441 -0.29033872
vn -0.75337589 -0.56496149 -0.33651638
vn -0.75272471 -0.59085441 -0.29033872
vn -0.84144974 -0.43687162 -0.31797090
vn -0.75337589 -0.56496149 -0.33651638
vn -0.75272471 -0.59085441 -0.29033872
vn -0.85481983 -0.44267717 -0.27077660
vn -0.84144974 -0.43687162 -0.31797090
vn -0.84144974 -0.43687162 -0.31797090
vn -0.90605104 -0.30254707 -0.29586622
vn -0.89495879 -0.29792133 -0.33210191
vn -0.84144974 -0.43687162 -0.31797090
vn -0.89495879 -0.29792133 -0.33210191
vn -0.86197293 -0.40219027 -0.30861890
vn -0.92424768 -0.18848516 -0.33202338
vn -0.94307584 -0.16516568 -0.28866643
vn -0.94461250 -0.05519974 -0.32351223
vn -0.92424768 -0.18848516 -0.33202338
vn -0.89495879 -0.29792133 -0.33210191
vn -0.90605104 -0.30254707 -0.29586622
vn -0.92424768 -0.18848516 -0.33202338
vn -0.90605104 -0.30254707 -0.29586622
vn -0.94307584 -0.16516568 -0.28866643
vn -0.96136695 0.00930582 -0.27511266
vn -0.94461250 -0.05519974 -0.32351223
vn -0.94307584 -0.16516568 -0.28866643
vn -0.96136695 0.00930582 -0.27511266
vn -0.93695259 0.11440235 -0.33019990
vn -0.94461250 -0.05519974 -0.32351223
vn -0.93695259 0.11440235 -0.33019990
vn -0.93041646 0.21413252 -0.29744327
vn -0.89120412 0.29637989 -0.34338629
vn -0.93041646 0.21413252 -0.29744327
vn -0.93695259 0.11440235 -0.33019990
vn -0.96136695 0.00930582 -0.27511266
vn -0.89827675 0.33827400 -0.28048101
vn -0.85832989 0.39475355 -0.32777953
vn -0.93041646 0.21413252 -0.29744327
vn -0.89827675 0.33827400 -0.28048101
vn -0.83168226 0.47710052 -0.28404173
vn -0.85832989 0.39475355 -0.32777953
vn -0.85832989 0.39475355 -0.32777953
vn -0.89120412 0.29637989 -0.34338629
vn -0.93041646 0.21413252 -0.29744327
vn -0.78308547 0.53128058 -0.32329258
vn -0.85832989 0.39475355 -0.32777953
vn -0.83168226 0.47710052 -0.28404173
vn -0.78308547 0.53128058 -0.32329258
vn -0.83168226 0.47710052 -0.28404173
vn -0.74026573 0.61668378 -0.26778302
vn -0.68471712 0.65450007 -0.32061207
vn -0.78308547 0.53128058 -0.32329258
vn -0.74026573 0.61668378 -0.26778302
vn -0.68471712 0.65450007 -0.32061207
vn -0.74026573 0.61668378 -0.26778302
vn -0.63296342 0.72904676 -0.26047671
vn -0.68471712 0.65450007 -0.32061207
vn -0.63296342 0.72904676 -0.26047671
vn -0.56968606 0.75592983 -0.32253349
vn -0.56968606 0.75592983 -0.32253349
vn -0.51479787 0.80883282 -0.28420529
vn -0.42617103 0.84546494 -0.32181877
vn -0.51479787 0.80883282 -0.28420529
vn -0.56968606 0.75592983 -0.32253349
vn -0.63296342 0.72904676 -0.26047671
vn -0.42617103 0.84546494 -0.32181877
vn -0.51479787 0.80883282 -0.28420529
vn -0.36119434 0.89663637 -0.25608954
vn -0.42617103 0.84546494 -0.32181877
vn -0.36119434 0.89663637 -0.25608954
vn -0.29788500 0.90385324 -0.30710563
vn -0.42617103 0.84546494 -0.32181877
vn -0.29788500 0.90385324 -0.30710563
vn -0.34237722 0.92835987 -0.14465742
vn -0.14267161 0.93461525 -0.32579008
vn -0.25061321 0.95010221 -0.18573849
vn -0.29788500 0.90385324 -0.30710563
vn -0.14267161 0.93461525 -0.32579008
vn -0.29788500 0.90385324 -0.30710563
vn -0.18369602 0.94396561 -0.27419820
vn -0.02088941 0.95612895 -0.29220039
vn -0.14267161 0.93461525 -0.32579008
vn -0.18369602 0.94396561 -0.27419820
vn -0.02088941 0.95612895 -0.29220039
vn 0.11324076 0.95983702 -0.25668937
vn 0.04636013 0.94365215 -0.32767576
vn 0.04636013 0.94365215 -0.32767576
vn -0.14267161 0.93461525 -0.32579008
vn -0.02088941 0.95612895 -0.29220039
vn 0.21891709 0.92345160 -0.31513879
vn 0.13095710 0.93325871 -0.33448234
vn 0.04636013 0.94365215 -0.32767576
vn 0.21891709 0.92345160 -0.31513879
vn 0.04636013 0.94365215 -0.32767576
vn 0.11324076 0.95983702 -0.25668937
vn 0.21891709 0.92345160 -0.31513879
vn 0.11324076 0.95983702 -0.25668937
vn 0.29837403 0.91403657 -0.27479094
vn 0.29837403 0.91403657 -0.27479094
vn 0.38958946 0.85791290 -0.33497095
vn 0.21891709 0.92345160 -0.31513879
vn 0.29837403 0.91403657 -0.27479094
vn 0.46030200 0.84831834 -0.26168311
vn 0.46551248 0.83286196 -0.29939786
vn 0.29837403 0.91403657 -0.27479094
vn 0.46551248 0.83286196 -0.29939786
vn 0.38958946 0.85791290 -0.33497095
vn 0.55705220 0.76039159 -0.33391249
vn 0.38958946 0.85791290 -0.33497095
vn 0.46551248 0.83286196 -0.29939786
vn 0.46551248 0.83286196 -0.29939786
vn 0.62197846 0.72711480 -0.29059741
vn 0.55705220 0.76039159 -0.33391249
vn 0.46551248 0.83286196 -0.29939786
vn 0.46030200 0.84831834 -0.26168311
vn 0.62197846 0.72711480 -0.29059741
vn 0.62197846 0.72711480 -0.29059741
vn 0.75260890 0.59009266 -0.29218236
vn 0.71319860 0.61730742 -0.33208331
vn 0.71319860 0.61730742 -0.33208331
vn 0.55705220 0.76039159 -0.33391249
vn 0.62197846 0.72711480 -0.29059741
vn 0.75260890 0.59009266 -0.29218236
vn 0.86204189 0.41759157 -0.28723004
vn 0.82250661 0.46579787 -0.32636669
vn 0.75260890 0.59009266 -0.29218236
vn 0.82250661 0.46579787 -0.32636669
vn 0.71319860 0.61730742 -0.33208331
vn 0.75260890 0.59009266 -0.29218236
vn 0.80631292 0.52162325 -0.27887040
vn 0.86204189 0.41759157 -0.28723004
vn 0.86204189 0.41759157 -0.28723004
vn 0.88384056 0.32498229 -0.33647043
vn 0.82250661 0.46579787 -0.32636669
vn 0.86204189 0.41759157 -0.28723004
vn 0.90948123 0.31119898 -0.27567929
vn 0.91868824 0.24318664 -0.31124303
vn 0.86204189 0.41759157 -0.28723004
vn 0.91868824 0.24318664 -0.31124303
vn 0.88384056 0.32498229 -0.33647043
vn 0.91868824 0.24318664 -0.31124303
vn 0.95375675 0.06664903 -0.29309726
vn 0.92895305 0.14420548 -0.34095606
vn 0.91868824 0.24318664 -0.31124303
vn 0.92895305 0.14420548 -0.34095606
vn 0.88384056 0.32498229 -0.33647043
vn 0.91868824 0.24318664 -0.31124303
vn 0.90948123 0.31119898 -0.27567929
vn 0.93971616 0.21156594 -0.26865113
vn 0.91868824 0.24318664 -0.31124303
vn 0.93971616 0.21156594 -0.26865113
vn 0.95375675 0.06664903 -0.29309726
vn 0.95375675 0.06664903 -0.29309726
vn 0.95041990 -0.11788991 -0.28775686
vn 0.93632323 -0.13313314 -0.32492217
vn 0.94347453 0.01064122 -0.33127421
vn 0.95375675 0.06664903 -0.29309726
vn 0.93632323 -0.13313314 -0.32492217
vn 0.94347453 0.01064122 -0.33127421
vn 0.92895305 0.14420548 -0.34095606
vn 0.95375675 0.06664903 -0.29309726
vn 0.95041990 -0.11788991 -0.28775686
vn 0.96335781 -0.10242985 -0.24789079
vn 0.93100625 -0.24629582 -0.26938027
vn 0.96335781 -0.10242985 -0.24789079
vn 0.94848889 -0.23377757 -0.21381514
vn 0.93100625 -0.24629582 -0.26938027
vn 0.96335781 -0.10242985 -0.24789079
vn 0.97690493 -0.03633478 -0.21056254
vn 0.97305298 -0.13559520 -0.18649881
vn 0.96335781 -0.10242985 -0.24789079
vn 0.97305298 -0.13559520 -0.18649881
vn 0.94848889 -0.23377757 -0.21381514
vn 0.91030920 -0.33408120 -0.24439088
vn 0.93100625 -0.24629582 -0.26938027
vn 0.94848889 -0.23377757 -0.21381514
vn 0.91030920 -0.33408120 -0.24439088
vn 0.88590378 -0.41871506 -0.19963014
vn 0.84677941 -0.47167879 -0.24593446
vn 0.91030920 -0.33408120 -0.24439088
vn 0.84677941 -0.47167879 -0.24593446
vn 0.85424596 -0.42917451 -0.29338220
vn 0.91030920 -0.33408120 -0.24439088
vn 0.85424596 -0.42917451 -0.29338220
vn 0.90723312 -0.29484397 -0.29999188
vn 0.91030920 -0.33408120 -0.24439088
vn 0.90723312 -0.29484397 -0.29999188
vn 0.93100625 -0.24629582 -0.26938027
vn 0.84677941 -0.47167879 -0.24593446
vn 0.78156620 -0.58193493 -0.22473551
vn 0.78188491 -0.55569601 -0.28259149
vn 0.84677941 -0.47167879 -0.24593446
vn 0.78188491 -0.55569601 -0.28259149
vn 0.85424596 -0.42917451 -0.29338220
vn 0.68470806 -0.68445873 -0.25038201
vn 0.78188491 -0.55569601 -0.28259149
vn 0.78156620 -0.58193493 -0.22473551
vn 0.68470806 -0.68445873 -0.25038201
vn 0.66539651 -0.68974835 -0.28547281
vn 0.78188491 -0.55569601 -0.28259149
vn 0.56756866 -0.77766687 -0.27037030
vn 0.59326196 -0.77499712 -0.21776077
vn 0.49472299 -0.84113312 -0.21850456
vn 0.56756866 -0.77766687 -0.27037030
vn 0.49472299 -0.84113312 -0.21850456
vn 0.47775164 -0.83417100 -0.27552149
vn 0.56756866 -0.77766687 -0.27037030
vn 0.66539651 -0.68974835 -0.28547281
vn 0.68470806 -0.68445873 -0.25038201
vn 0.56756866 -0.77766687 -0.27037030
vn 0.68470806 -0.68445873 -0.25038201
vn 0.59326196 -0.77499712 -0.21776077
vn 0.41189784 -0.87718034 -0.24676879
vn 0.49472299 -0.84113312 -0.21850456
vn 0.43018639 -0.88389629 -0.18348587
vn 0.41189784 -0.87718034 -0.24676879
vn 0.43018639 -0.88389629 -0.18348587
vn 0.27964285 -0.93413222 -0.22180368
vn 0.41189784 -0.87718034 -0.24676879
vn 0.27964285 -0.93413222 -0.22180368
vn 0.34878576 -0.89451981 -0.27961192
vn 0.41189784 -0.87718034 -0.24676879
vn 0.47775164 -0.83417100 -0.27552149
vn 0.49472299 -0.84113312 -0.21850456
vn 0.41189784 -0.87718034 -0.24676879
vn 0.34878576 -0.89451981 -0.27961192
vn 0.47775164 -0.83417100 -0.27552149
vn 0.27964285 -0.93413222 -0.22180368
vn 0.10075917 -0.97014529 -0.22060311
vn 0.07976396 -0.96011710 -0.26797932
vn 0.27964285 -0.93413222 -0.22180368
vn 0.07976396 -0.96011710 -0.26797932
vn 0.21232824 -0.93571132 -0.28171095
vn 0.27964285 -0.93413222 -0.22180368
vn 0.21232824 -0.93571132 -0.28171095
vn 0.34878576 -0.89451981 -0.27961192
vn 0.10075917 -0.97014529 -0.22060311
vn -0.04706829 -0.97263134 -0.22753657
vn 0.07976396 -0.96011710 -0.26797932
vn 0.07976396 -0.96011710 -0.26797932
vn -0.04706829 -0.97263134 -0.22753657
vn -0.08314214 -0.95436120 -0.28684849
vn -0.15470281 -0.95697659 -0.24548484
vn -0.24550968 -0.93072176 -0.27107567
vn -0.08314214 -0.95436120 -0.28684849
vn -0.15470281 -0.95697659 -0.24548484
vn -0.08314214 -0.95436120 -0.28684849
vn -0.04706829 -0.97263134 -0.22753657
vn -0.15470281 -0.95697659 -0.24548484
vn -0.22883928 -0.95053113 -0.21005525
vn -0.24550968 -0.93072176 -0.27107567
vn -0.32752126 -0.91603488 -0.23153821
vn -0.38584799 -0.87651074 -0.28783727
vn -0.24550968 -0.93072176 -0.27107567
vn -0.32752126 -0.91603488 -0.23153821
vn -0.24550968 -0.93072176 -0.27107567
vn -0.22883928 -0.95053113 -0.21005525
vn -0.32752126 -0.91603488 -0.23153821
vn -0.45459738 -0.86098027 -0.22815393
vn -0.38584799 -0.87651074 -0.28783727
vn -0.55452555 -0.79006410 -0.26134291
vn -0.54853481 -0.77852279 -0.30497834
vn -0.38584799 -0.87651074 -0.28783727
vn -0.55452555 -0.79006410 -0.26134291
vn -0.38584799 -0.87651074 -0.28783727
vn -0.45459738 -0.86098027 -0.22815393
vn -0.45459738 -0.86098027 -0.22815393
vn -0.57624453 -0.79280025 -0.19851960
vn -0.55452555 -0.79006410 -0.26134291
vn -0.65040421 -0.72680372 -0.22075029
vn -0.55452555 -0.79006410 -0.26134291
vn -0.57624453 -0.79280025 -0.19851960
vn -0.65756398 -0.69837242 -0.28264031
vn -0.55452555 -0.79006410 -0.26134291
vn -0.65040421 -0.72680372 -0.22075029
vn -0.65756398 -0.69837242 -0.28264031
vn -0.65040421 -0.72680372 -0.22075029
vn -0.72700793 -0.64477909 -0.23604955
vn -0.65756398 -0.69837242 -0.28264031
vn -0.72700793 -0.64477909 -0.23604955
vn -0.75272471 -0.59085441 -0.29033872
vn -0.65756398 -0.69837242 -0.28264031
vn -0.54853481 -0.77852279 -0.30497834
vn -0.55452555 -0.79006410 -0.26134291
vn -0.75272471 -0.59085441 -0.29033872
vn -0.81092310 -0.53401214 -0.23923777
vn -0.85481983 -0.44267717 -0.27077660
vn -0.75272471 -0.59085441 -0.29033872
vn -0.72700793 -0.64477909 -0.23604955
vn -0.81092310 -0.53401214 -0.23923777
vn -0.88158375 -0.42337802 -0.20871310
vn -0.85481983 -0.44267717 -0.27077660
vn -0.81092310 -0.53401214 -0.23923777
vn -0.88158375 -0.42337802 -0.20871310
vn -0.91434097 -0.32975882 -0.23503140
vn -0.85481983 -0.44267717 -0.27077660
vn -0.85481983 -0.44267717 -0.27077660
vn -0.91434097 -0.32975882 -0.23503140
vn -0.90605104 -0.30254707 -0.29586622
vn -0.85481983 -0.44267717 -0.27077660
vn -0.90605104 -0.30254707 -0.29586622
vn -0.84144974 -0.43687162 -0.31797090
vn -0.94119114 -0.22497298 -0.25208414
vn -0.96375090 -0.13763335 -0.22856353
vn -0.94307584 -0.16516568 -0.28866643
vn -0.94119114 -0.22497298 -0.25208414
vn -0.94307584 -0.16516568 -0.28866643
vn -0.90605104 -0.30254707 -0.29586622
vn -0.94119114 -0.22497298 -0.25208414
vn -0.90605104 -0.30254707 -0.29586622
vn -0.91434097 -0.32975882 -0.23503140
vn -0.96136695 0.00930582 -0.27511266
vn -0.94307584 -0.16516568 -0.28866643
vn -0.96375090 -0.13763335 -0.22856353
vn -0.96136695 0.00930582 -0.27511266
vn -0.96375090 -0.13763335 -0.22856353
vn -0.97556216 0.00014850 -0.21972367
vn -0.95941758 0.13827142 -0.24576202
vn -0.93887657 0.24511999 -0.24171676
vn -0.93041646 0.21413252 -0.29744327
vn -0.95941758 0.13827142 -0.24576202
vn -0.93041646 0.21413252 -0.29744327
vn -0.96136695 0.00930582 -0.27511266
vn -0.95941758 0.13827142 -0.24576202
vn -0.96136695 0.00930582 -0.27511266
vn -0.97556216 0.00014850 -0.21972367
vn -0.89827675 0.33827400 -0.28048101
vn -0.93887657 0.24511999 -0.24171676
vn -0.92067921 0.32718539 -0.21283694
vn -0.89827675 0.33827400 -0.28048101
vn -0.92067921 0.32718539 -0.21283694
vn -0.87750196 0.41547966 -0.23951395
vn -0.89827675 0.33827400 -0.28048101
vn -0.87750196 0.41547966 -0.23951395
vn -0.83168226 0.47710052 -0.28404173
vn -0.89827675 0.33827400 -0.28048101
vn -0.93041646 0.21413252 -0.29744327
vn -0.93887657 0.24511999 -0.24171676
vn -0.83168226 0.47710052 -0.28404173
vn -0.81197190 0.53839886 -0.22545125
vn -0.74026573 0.61668378 -0.26778302
vn -0.83168226 0.47710052 -0.28404173
vn -0.87750196 0.41547966 -0.23951395
vn -0.81197190 0.53839886 -0.22545125
vn -0.74026573 0.61668378 -0.26778302
vn -0.81197190 0.53839886 -0.22545125
vn -0.68852597 0.69198710 -0.21699277
vn -0.74026573 0.61668378 -0.26778302
vn -0.68852597 0.69198710 -0.21699277
vn -0.63296342 0.72904676 -0.26047671
vn -0.51479787 0.80883282 -0.28420529
vn -0.63296342 0.72904676 -0.26047671
vn -0.53136909 0.81423730 -0.23380451
vn -0.53136909 0.81423730 -0.23380451
vn -0.63296342 0.72904676 -0.26047671
vn -0.68852597 0.69198710 -0.21699277
vn -0.41992158 0.88234782 -0.21243401
vn -0.36119434 0.89663637 -0.25608954
vn -0.53136909 0.81423730 -0.23380451
vn -0.36119434 0.89663637 -0.25608954
vn -0.51479787 0.80883282 -0.28420529
vn -0.53136909 0.81423730 -0.23380451
vn -0.18369602 0.94396561 -0.27419820
vn -0.23902455 0.94613808 -0.21838029
vn -0.07969892 0.96653515 -0.24383987
vn -0.18369602 0.94396561 -0.27419820
vn -0.29788500 0.90385324 -0.30710563
vn -0.36119434 0.89663637 -0.25608954
vn -0.18369602 0.94396561 -0.27419820
vn -0.36119434 0.89663637 -0.25608954
vn -0.23902455 0.94613808 -0.21838029
vn -0.07969892 0.96653515 -0.24383987
vn 0.04291702 0.97776002 -0.20528877
vn 0.11324076 0.95983702 -0.25668937
vn -0.07969892 0.96653515 -0.24383987
vn 0.11324076 0.95983702 -0.25668937
vn -0.02088941 0.95612895 -0.29220039
vn -0.07969892 0.96653515 -0.24383987
vn -0.02088941 0.95612895 -0.29220039
vn -0.18369602 0.94396561 -0.27419820
vn 0.11324076 0.95983702 -0.25668937
vn 0.28194290 0.93432868 -0.21803237
vn 0.29837403 0.91403657 -0.27479094
vn 0.28194290 0.93432868 -0.21803237
vn 0.45242500 0.86704880 -0.20865759
vn 0.46030200 0.84831834 -0.26168311
vn 0.28194290 0.93432868 -0.21803237
vn 0.46030200 0.84831834 -0.26168311
vn 0.29837403 0.91403657 -0.27479094
vn 0.46030200 0.84831834 -0.26168311
vn 0.57269150 0.78471196 -0.23717421
vn 0.62197846 0.72711480 -0.29059741
vn 0.46030200 0.84831834 -0.26168311
vn 0.45242500 0.86704880 -0.20865759
vn 0.57269150 0.78471196 -0.23717421
vn 0.65581691 0.71272671 -0.24884693
vn 0.72718167 0.64256811 -0.24148087
vn 0.75260890 0.59009266 -0.29218236
vn 0.65581691 0.71272671 -0.24884693
vn 0.75260890 0.59009266 -0.29218236
vn 0.62197846 0.72711480 -0.29059741
vn 0.65581691 0.71272671 -0.24884693
vn 0.62197846 0.72711480 -0.29059741
vn 0.57269150 0.78471196 -0.23717421
vn 0.80631292 0.52162325 -0.27887040
vn 0.75260890 0.59009266 -0.29218236
vn 0.72718167 0.64256811 -0.24148087
vn 0.80631292 0.52162325 -0.27887040
vn 0.72718167 0.64256811 -0.24148087
vn 0.81894577 0.52213919 -0.23811448
vn 0.88158834 0.42280424 -0.20985366
vn 0.86204189 0.41759157 -0.28723004
vn 0.81894577 0.52213919 -0.23811448
vn 0.88158834 0.42280424 -0.20985366
vn 0.91264802 0.33055916 -0.24042508
vn 0.86204189 0.41759157 -0.28723004
vn 0.86204189 0.41759157 -0.28723004
vn 0.80631292 0.52162325 -0.27887040
vn 0.81894577 0.52213919 -0.23811448
vn 0.86204189 0.41759157 -0.28723004
vn 0.91264802 0.33055916 -0.24042508
vn 0.90948123 0.31119898 -0.27567929
vn 0.93971616 0.21156594 -0.26865113
vn 0.94738859 0.23585291 -0.21639836
vn 0.96624839 0.08337884 -0.24374585
vn 0.93971616 0.21156594 -0.26865113
vn 0.96624839 0.08337884 -0.24374585
vn 0.95375675 0.06664903 -0.29309726
vn 0.93971616 0.21156594 -0.26865113
vn 0.90948123 0.31119898 -0.27567929
vn 0.91264802 0.33055916 -0.24042508
vn 0.93971616 0.21156594 -0.26865113
vn 0.91264802 0.33055916 -0.24042508
vn 0.94738859 0.23585291 -0.21639836
vn 0.96624839 0.08337884 -0.24374585
vn 0.97679865 0.10412322 -0.18714361
vn 0.97690493 -0.03633478 -0.21056254
vn 0.96624839 0.08337884 -0.24374585
vn 0.97690493 -0.03633478 -0.21056254
vn 0.96335781 -0.10242985 -0.24789079
vn 0.95375675 0.06664903 -0.29309726
vn 0.96624839 0.08337884 -0.24374585
vn 0.96335781 -0.10242985 -0.24789079
vn 0.95375675 0.06664903 -0.29309726
vn 0.96335781 -0.10242985 -0.24789079
vn 0.95041990 -0.11788991 -0.28775686
vn 0.97305298 -0.13559520 -0.18649881
vn 0.96296442 -0.21970060 -0.15630491
vn 0.94848889 -0.23377757 -0.21381514
vn 0.97305298 -0.13559520 -0.18649881
vn 0.97690493 -0.03633478 -0.21056254
vn 0.98727059 -0.03043386 -0.15611072
vn 0.97305298 -0.13559520 -0.18649881
vn 0.98727059 -0.03043386 -0.15611072
vn 0.98407328 -0.12381717 -0.12755048
vn 0.97305298 -0.13559520 -0.18649881
vn 0.98407328 -0.12381717 -0.12755048
vn 0.96296442 -0.21970060 -0.15630491
vn 0.92991155 -0.31964043 -0.18191895
vn 0.94848889 -0.23377757 -0.21381514
vn 0.96296442 -0.21970060 -0.15630491
vn 0.92991155 -0.31964043 -0.18191895
vn 0.96296442 -0.21970060 -0.15630491
vn 0.94095892 -0.31064048 -0.13453183
vn 0.92991155 -0.31964043 -0.18191895
vn 0.94095892 -0.31064048 -0.13453183
vn 0.89961773 -0.41280627 -0.14240403
vn 0.92991155 -0.31964043 -0.18191895
vn 0.89961773 -0.41280627 -0.14240403
vn 0.88590378 -0.41871506 -0.19963014
vn 0.92991155 -0.31964043 -0.18191895
vn 0.88590378 -0.41871506 -0.19963014
vn 0.91030920 -0.33408120 -0.24439088
vn 0.92991155 -0.31964043 -0.18191895
vn 0.91030920 -0.33408120 -0.24439088
vn 0.94848889 -0.23377757 -0.21381514
vn 0.82425183 -0.53818399 -0.17597413
vn 0.78156620 -0.58193493 -0.22473551
vn 0.84677941 -0.47167879 -0.24593446
vn 0.82425183 -0.53818399 -0.17597413
vn 0.84677941 -0.47167879 -0.24593446
vn 0.88590378 -0.41871506 -0.19963014
vn 0.82425183 -0.53818399 -0.17597413
vn 0.88590378 -0.41871506 -0.19963014
vn 0.89961773 -0.41280627 -0.14240403
vn 0.75389338 -0.64163142 -0.14125818
vn 0.70146090 -0.68625242 -0.19238032
vn 0.82425183 -0.53818399 -0.17597413
vn 0.75389338 -0.64163142 -0.14125818
vn 0.67919654 -0.72147012 -0.13480714
vn 0.70146090 -0.68625242 -0.19238032
vn 0.70146090 -0.68625242 -0.19238032
vn 0.78156620 -0.58193493 -0.22473551
vn 0.82425183 -0.53818399 -0.17597413
vn 0.70146090 -0.68625242 -0.19238032
vn 0.68470806 -0.68445873 -0.25038201
vn 0.78156620 -0.58193493 -0.22473551
vn 0.59326196 -0.77499712 -0.21776077
vn 0.68470806 -0.68445873 -0.25038201
vn 0.70146090 -0.68625242 -0.19238032
vn 0.59617466 -0.78466922 -0.16991168
vn 0.52061492 -0.84234279 -0.13935114
vn 0.49472299 -0.84113312 -0.21850456
vn 0.59617466 -0.78466922 -0.16991168
vn 0.49472299 -0.84113312 -0.21850456
vn 0.59326196 -0.77499712 -0.21776077
vn 0.59617466 -0.78466922 -0.16991168
vn 0.59326196 -0.77499712 -0.21776077
vn 0.70146090 -0.68625242 -0.19238032
vn 0.59617466 -0.78466922 -0.16991168
vn 0.70146090 -0.68625242 -0.19238032
vn 0.67919654 -0.72147012 -0.13480714
vn 0.43018639 -0.88389629 -0.18348587
vn 0.49472299 -0.84113312 -0.21850456
vn 0.52061492 -0.84234279 -0.13935114
vn 0.43018639 -0.88389629 -0.18348587
vn 0.40179014 -0.90910012 -0.11000751
vn 0.29152450 -0.94305736 -0.16017592
vn 0.43018639 -0.88389629 -0.18348587
vn 0.29152450 -0.94305736 -0.16017592
vn 0.27964285 -0.93413222 -0.22180368
vn 0.27964285 -0.93413222 -0.22180368
vn 0.29152450 -0.94305736 -0.16017592
vn 0.15495197 -0.97319800 -0.16992798
vn 0.27964285 -0.93413222 -0.22180368
vn 0.15495197 -0.97319800 -0.16992798
vn 0.10075917 -0.97014529 -0.22060311
vn 0.10075917 -0.97014529 -0.22060311
vn 0.15495197 -0.97319800 -0.16992798
vn 0.00719220 -0.98573101 -0.16817462
vn 0.10075917 -0.97014529 -0.22060311
vn 0.00719220 -0.98573101 -0.16817462
vn -0.04706829 -0.97263134 -0.22753657
vn -0.13220382 -0.97388232 -0.18459530
vn -0.22883928 -0.95053113 -0.21005525
vn -0.15470281 -0.95697659 -0.24548484
vn -0.13220382 -0.97388232 -0.18459530
vn -0.15470281 -0.95697659 -0.24548484
vn -0.04706829 -0.97263134 -0.22753657
vn -0.13220382 -0.97388232 -0.18459530
vn -0.04706829 -0.97263134 -0.22753657
vn 0.00719220 -0.98573101 -0.16817462
vn -0.13220382 -0.97388232 -0.18459530
vn -0.21973579 -0.96614951 -0.13517126
vn -0.22883928 -0.95053113 -0.21005525
vn -0.13220382 -0.97388232 -0.18459530
vn 0.00719220 -0.98573101 -0.16817462
vn -0.11148137 -0.98564303 -0.12680565
vn -0.13220382 -0.97388232 -0.18459530
vn -0.11148137 -0.98564303 -0.12680565
vn -0.21973579 -0.96614951 -0.13517126
vn -0.31669348 -0.92962110 -0.18844061
vn -0.22883928 -0.95053113 -0.21005525
vn -0.21973579 -0.96614951 -0.13517126
vn -0.31669348 -0.92962110 -0.18844061
vn -0.21973579 -0.96614951 -0.13517126
vn -0.32269850 -0.93671054 -0.13579062
vn -0.31669348 -0.92962110 -0.18844061
vn -0.32269850 -0.93671054 -0.13579062
vn -0.40784690 -0.89760339 -0.16723938
vn -0.31669348 -0.92962110 -0.18844061
vn -0.40784690 -0.89760339 -0.16723938
vn -0.45459738 -0.86098027 -0.22815393
vn -0.31669348 -0.92962110 -0.18844061
vn -0.45459738 -0.86098027 -0.22815393
vn -0.32752126 -0.91603488 -0.23153821
vn -0.31669348 -0.92962110 -0.18844061
vn -0.32752126 -0.91603488 -0.23153821
vn -0.22883928 -0.95053113 -0.21005525
vn -0.45459738 -0.86098027 -0.22815393
vn -0.50454342 -0.84527242 -0.17592745
vn -0.57624453 -0.79280025 -0.19851960
vn -0.45459738 -0.86098027 -0.22815393
vn -0.40784690 -0.89760339 -0.16723938
vn -0.50454342 -0.84527242 -0.17592745
vn -0.50454342 -0.84527242 -0.17592745
vn -0.56985992 -0.81038713 -0.13613369
vn -0.57624453 -0.79280025 -0.19851960
vn -0.50454342 -0.84527242 -0.17592745
vn -0.40784690 -0.89760339 -0.16723938
vn -0.44815969 -0.88771993 -0.10538623
vn -0.50454342 -0.84527242 -0.17592745
vn -0.44815969 -0.88771993 -0.10538623
vn -0.56985992 -0.81038713 -0.13613369
vn -0.64840722 -0.74553365 -0.15410282
vn -0.65040421 -0.72680372 -0.22075029
vn -0.57624453 -0.79280025 -0.19851960
vn -0.64840722 -0.74553365 -0.15410282
vn -0.57624453 -0.79280025 -0.19851960
vn -0.56985992 -0.81038713 -0.13613369
vn -0.64840722 -0.74553365 -0.15410282
vn -0.72185719 -0.67870247 -0.13522266
vn -0.72314930 -0.66578245 -0.18381736
vn -0.64840722 -0.74553365 -0.15410282
vn -0.72314930 -0.66578245 -0.18381736
vn -0.65040421 -0.72680372 -0.22075029
vn -0.65040421 -0.72680372 -0.22075029
vn -0.72314930 -0.66578245 -0.18381736
vn -0.72700793 -0.64477909 -0.23604955
vn -0.81349230 -0.54888439 -0.19224003
vn -0.81092310 -0.53401214 -0.23923777
vn -0.72700793 -0.64477909 -0.23604955
vn -0.81349230 -0.54888439 -0.19224003
vn -0.72700793 -0.64477909 -0.23604955
vn -0.72314930 -0.66578245 -0.18381736
vn -0.81310982 -0.56495613 -0.14027479
vn -0.81349230 -0.54888439 -0.19224003
vn -0.72314930 -0.66578245 -0.18381736
vn -0.81310982 -0.56495613 -0.14027479
vn -0.72314930 -0.66578245 -0.18381736
vn -0.72185719 -0.67870247 -0.13522266
vn -0.88557816 -0.44204384 -0.14264831
vn -0.88158375 -0.42337802 -0.20871310
vn -0.81349230 -0.54888439 -0.19224003
vn -0.88557816 -0.44204384 -0.14264831
vn -0.81349230 -0.54888439 -0.19224003
vn -0.81310982 -0.56495613 -0.14027479
vn -0.88557816 -0.44204384 -0.14264831
vn -0.92222774 -0.34903961 -0.16633517
vn -0.88158375 -0.42337802 -0.20871310
vn -0.88158375 -0.42337802 -0.20871310
vn -0.92222774 -0.34903961 -0.16633517
vn -0.91434097 -0.32975882 -0.23503140
vn -0.88158375 -0.42337802 -0.20871310
vn -0.81092310 -0.53401214 -0.23923777
vn -0.81349230 -0.54888439 -0.19224003
vn -0.94909543 -0.24647895 -0.19612743
vn -0.97789335 -0.12440572 -0.16807099
vn -0.96375090 -0.13763335 -0.22856353
vn -0.94909543 -0.24647895 -0.19612743
vn -0.96375090 -0.13763335 -0.22856353
vn -0.94119114 -0.22497298 -0.25208414
vn -0.94909543 -0.24647895 -0.19612743
vn -0.94119114 -0.22497298 -0.25208414
vn -0.91434097 -0.32975882 -0.23503140
vn -0.94909543 -0.24647895 -0.19612743
vn -0.91434097 -0.32975882 -0.23503140
vn -0.92222774 -0.34903961 -0.16633517
vn -0.95680809 -0.25130498 -0.14616458
vn -0.97789335 -0.12440572 -0.16807099
vn -0.94909543 -0.24647895 -0.19612743
vn -0.95680809 -0.25130498 -0.14616458
vn -0.94909543 -0.24647895 -0.19612743
vn -0.92222774 -0.34903961 -0.16633517
vn -0.97556216 0.00014850 -0.21972367
vn -0.96375090 -0.13763335 -0.22856353
vn -0.97789335 -0.12440572 -0.16807099
vn -0.97556216 0.00014850 -0.21972367
vn -0.97789335 -0.12440572 -0.16807099
vn -0.98527473 0.02522384 -0.16910779
vn -0.97287291 0.13502261 -0.18784896
vn -0.95214647 0.23616174 -0.19402261
vn -0.93887657 0.24511999 -0.24171676
vn -0.97287291 0.13502261 -0.18784896
vn -0.93887657 0.24511999 -0.24171676
vn -0.95941758 0.13827142 -0.24576202
vn -0.97287291 0.13502261 -0.18784896
vn -0.95941758 0.13827142 -0.24576202
vn -0.97556216 0.00014850 -0.21972367
vn -0.97287291 0.13502261 -0.18784896
vn -0.97556216 0.00014850 -0.21972367
vn -0.98527473 0.02522384 -0.16910779
vn -0.97287291 0.13502261 -0.18784896
vn -0.96789527 0.21202022 -0.13500421
vn -0.95214647 0.23616174 -0.19402261
vn -0.97287291 0.13502261 -0.18784896
vn -0.98527473 0.02522384 -0.16910779
vn -0.98977423 0.07071795 -0.12387872
vn -0.97287291 0.13502261 -0.18784896
vn -0.98977423 0.07071795 -0.12387872
vn -0.96789527 0.21202022 -0.13500421
vn -0.93468827 0.32429308 -0.14557426
vn -0.92067921 0.32718539 -0.21283694
vn -0.95214647 0.23616174 -0.19402261
vn -0.93468827 0.32429308 -0.14557426
vn -0.95214647 0.23616174 -0.19402261
vn -0.96789527 0.21202022 -0.13500421
vn -0.93468827 0.32429308 -0.14557426
vn -0.88477010 0.45303702 -0.10926727
vn -0.87543291 0.45055944 -0.17496695
vn -0.93468827 0.32429308 -0.14557426
vn -0.87543291 0.45055944 -0.17496695
vn -0.92067921 0.32718539 -0.21283694
vn -0.92067921 0.32718539 -0.21283694
vn -0.87543291 0.45055944 -0.17496695
vn -0.87750196 0.41547966 -0.23951395
vn -0.92067921 0.32718539 -0.21283694
vn -0.93887657 0.24511999 -0.24171676
vn -0.95214647 0.23616174 -0.19402261
vn -0.81197190 0.53839886 -0.22545125
vn -0.87543291 0.45055944 -0.17496695
vn -0.79106659 0.58080679 -0.19203429
vn -0.81197190 0.53839886 -0.22545125
vn -0.87750196 0.41547966 -0.23951395
vn -0.87543291 0.45055944 -0.17496695
vn -0.87543291 0.45055944 -0.17496695
vn -0.80538839 0.57698280 -0.13579544
vn -0.79106659 0.58080679 -0.19203429
vn -0.71020311 0.68604505 -0.15796760
vn -0.79106659 0.58080679 -0.19203429
vn -0.80538839 0.57698280 -0.13579544
vn -0.68852597 0.69198710 -0.21699277
vn -0.79106659 0.58080679 -0.19203429
vn -0.71020311 0.68604505 -0.15796760
vn -0.68852597 0.69198710 -0.21699277
vn -0.81197190 0.53839886 -0.22545125
vn -0.79106659 0.58080679 -0.19203429
vn -0.59440362 0.78332144 -0.18191177
vn -0.47752327 0.86372769 -0.16107769
vn -0.53136909 0.81423730 -0.23380451
vn -0.59440362 0.78332144 -0.18191177
vn -0.53136909 0.81423730 -0.23380451
vn -0.68852597 0.69198710 -0.21699277
vn -0.59440362 0.78332144 -0.18191177
vn -0.68852597 0.69198710 -0.21699277
vn -0.71020311 0.68604505 -0.15796760
vn -0.47752327 0.86372769 -0.16107769
vn -0.48676932 0.86468357 -0.12400804
vn -0.31266424 0.94218409 -0.12054152
vn -0.47752327 0.86372769 -0.16107769
vn -0.31266424 0.94218409 -0.12054152
vn -0.34344286 0.92139977 -0.18185006
vn -0.47752327 0.86372769 -0.16107769
vn -0.34344286 0.92139977 -0.18185006
vn -0.41992158 0.88234782 -0.21243401
vn -0.41992158 0.88234782 -0.21243401
vn -0.53136909 0.81423730 -0.23380451
vn -0.47752327 0.86372769 -0.16107769
vn -0.41992158 0.88234782 -0.21243401
vn -0.34344286 0.92139977 -0.18185006
vn -0.36119434 0.89663637 -0.25608954
vn -0.23902455 0.94613808 -0.21838029
vn -0.10404033 0.97777522 -0.18201973
vn -0.07969892 0.96653515 -0.24383987
vn -0.23902455 0.94613808 -0.21838029
vn -0.36119434 0.89663637 -0.25608954
vn -0.34344286 0.92139977 -0.18185006
vn -0.24359824 0.95616663 -0.16249719
vn -0.10404033 0.97777522 -0.18201973
vn -0.23902455 0.94613808 -0.21838029
vn -0.24359824 0.95616663 -0.16249719
vn -0.23902455 0.94613808 -0.21838029
vn -0.34344286 0.92139977 -0.18185006
vn -0.24359824 0.95616663 -0.16249719
vn -0.34344286 0.92139977 -0.18185006
vn -0.31266424 0.94218409 -0.12054152
vn -0.24359824 0.95616663 -0.16249719
vn -0.12585153 0.98356855 -0.12943843
vn -0.10404033 0.97777522 -0.18201973
vn -0.10404033 0.97777522 -0.18201973
vn -0.12585153 0.98356855 -0.12943843
vn 0.02234776 0.99053174 -0.13545281
vn -0.10404033 0.97777522 -0.18201973
vn 0.02234776 0.99053174 -0.13545281
vn 0.04291702 0.97776002 -0.20528877
vn -0.10404033 0.97777522 -0.18201973
vn 0.04291702 0.97776002 -0.20528877
vn -0.07969892 0.96653515 -0.24383987
vn 0.13462353 0.97480446 -0.17785588
vn 0.27509338 0.94574112 -0.17290865
vn 0.28194290 0.93432868 -0.21803237
vn 0.13462353 0.97480446 -0.17785588
vn 0.28194290 0.93432868 -0.21803237
vn 0.11324076 0.95983702 -0.25668937
vn 0.13462353 0.97480446 -0.17785588
vn 0.11324076 0.95983702 -0.25668937
vn 0.04291702 0.97776002 -0.20528877
vn 0.13462353 0.97480446 -0.17785588
vn 0.04291702 0.97776002 -0.20528877
vn 0.02234776 0.99053174 -0.13545281
vn 0.13462353 0.97480446 -0.17785588
vn 0.26282147 0.95585573 -0.13139522
vn 0.27509338 0.94574112 -0.17290865
vn 0.27509338 0.94574112 -0.17290865
vn 0.40984526 0.89794797 -0.16036300
vn 0.28194290 0.93432868 -0.21803237
vn 0.28194290 0.93432868 -0.21803237
vn 0.40984526 0.89794797 -0.16036300
vn 0.45242500 0.86704880 -0.20865759
vn 0.45242500 0.86704880 -0.20865759
vn 0.56561154 0.80103242 -0.19603735
vn 0.57269150 0.78471196 -0.23717421
vn 0.53487098 0.83309859 -0.14092460
vn 0.56561154 0.80103242 -0.19603735
vn 0.45242500 0.86704880 -0.20865759
vn 0.53487098 0.83309859 -0.14092460
vn 0.45242500 0.86704880 -0.20865759
vn 0.40984526 0.89794797 -0.16036300
vn 0.65642577 0.73309797 -0.17796783
vn 0.56561154 0.80103242 -0.19603735
vn 0.53487098 0.83309859 -0.14092460
vn 0.65642577 0.73309797 -0.17796783
vn 0.72420096 0.67759109 -0.12807518
vn 0.74422443 0.63749951 -0.19930975
vn 0.65642577 0.73309797 -0.17796783
vn 0.74422443 0.63749951 -0.19930975
vn 0.72718167 0.64256811 -0.24148087
vn 0.65642577 0.73309797 -0.17796783
vn 0.72718167 0.64256811 -0.24148087
vn 0.65581691 0.71272671 -0.24884693
vn 0.65642577 0.73309797 -0.17796783
vn 0.65581691 0.71272671 -0.24884693
vn 0.57269150 0.78471196 -0.23717421
vn 0.65642577 0.73309797 -0.17796783
vn 0.57269150 0.78471196 -0.23717421
vn 0.56561154 0.80103242 -0.19603735
vn 0.74422443 0.63749951 -0.19930975
vn 0.81563431 0.55310023 -0.16976701
vn 0.81894577 0.52213919 -0.23811448
vn 0.74422443 0.63749951 -0.19930975
vn 0.81894577 0.52213919 -0.23811448
vn 0.72718167 0.64256811 -0.24148087
vn 0.81563431 0.55310023 -0.16976701
vn 0.74422443 0.63749951 -0.19930975
vn 0.72420096 0.67759109 -0.12807518
vn 0.88345897 0.44386142 -0.14995746
vn 0.88158834 0.42280424 -0.20985366
vn 0.81563431 0.55310023 -0.16976701
vn 0.88345897 0.44386142 -0.14995746
vn 0.92777979 0.35077524 -0.12720589
vn 0.92120242 0.34362572 -0.18250327
vn 0.88345897 0.44386142 -0.14995746
vn 0.92120242 0.34362572 -0.18250327
vn 0.88158834 0.42280424 -0.20985366
vn 0.88158834 0.42280424 -0.20985366
vn 0.81894577 0.52213919 -0.23811448
vn 0.81563431 0.55310023 -0.16976701
vn 0.88158834 0.42280424 -0.20985366
vn 0.92120242 0.34362572 -0.18250327
vn 0.91264802 0.33055916 -0.24042508
vn 0.94738859 0.23585291 -0.21639836
vn 0.97679865 0.10412322 -0.18714361
vn 0.96624839 0.08337884 -0.24374585
vn 0.94738859 0.23585291 -0.21639836
vn 0.91264802 0.33055916 -0.24042508
vn 0.92120242 0.34362572 -0.18250327
vn 0.95375890 0.25271621 -0.16272210
vn 0.98060769 0.12935343 -0.14722854
vn 0.97679865 0.10412322 -0.18714361
vn 0.95375890 0.25271621 -0.16272210
vn 0.97679865 0.10412322 -0.18714361
vn 0.94738859 0.23585291 -0.21639836
vn 0.95375890 0.25271621 -0.16272210
vn 0.94738859 0.23585291 -0.21639836
vn 0.92120242 0.34362572 -0.18250327
vn 0.95375890 0.25271621 -0.16272210
vn 0.92120242 0.34362572 -0.18250327
vn 0.92777979 0.35077524 -0.12720589
vn 0.97679865 0.10412322 -0.18714361
vn 0.98060769 0.12935343 -0.14722854
vn 0.98727059 -0.03043386 -0.15611072
vn 0.97679865 0.10412322 -0.18714361
vn 0.98727059 -0.03043386 -0.15611072
vn 0.97690493 -0.03633478 -0.21056254
vn 0.98407328 -0.12381717 -0.12755048
vn 0.97291380 -0.21249890 -0.09101063
vn 0.96296442 -0.21970060 -0.15630491
vn 0.98407328 -0.12381717 -0.12755048
vn 0.98727059 -0.03043386 -0.15611072
vn 0.99505478 0.02091593 -0.09710065
vn 0.99232668 -0.10862951 -0.05905416
vn 0.97291380 -0.21249890 -0.09101063
vn 0.98407328 -0.12381717 -0.12755048
vn 0.99232668 -0.10862951 -0.05905416
vn 0.98407328 -0.12381717 -0.12755048
vn 0.99505478 0.02091593 -0.09710065
vn 0.95119727 -0.30300841 -0.05839226
vn 0.94095892 -0.31064048 -0.13453183
vn 0.97291380 -0.21249890 -0.09101063
vn 0.95119727 -0.30300841 -0.05839226
vn 0.90947211 -0.40720090 -0.08395186
vn 0.94095892 -0.31064048 -0.13453183
vn 0.94095892 -0.31064048 -0.13453183
vn 0.90947211 -0.40720090 -0.08395186
vn 0.89961773 -0.41280627 -0.14240403
vn 0.94095892 -0.31064048 -0.13453183
vn 0.96296442 -0.21970060 -0.15630491
vn 0.97291380 -0.21249890 -0.09101063
vn 0.83860785 -0.53303039 -0.11231884
vn 0.82425183 -0.53818399 -0.17597413
vn 0.89961773 -0.41280627 -0.14240403
vn 0.83860785 -0.53303039 -0.11231884
vn 0.89961773 -0.41280627 -0.14240403
vn 0.90947211 -0.40720090 -0.08395186
vn 0.83860785 -0.53303039 -0.11231884
vn 0.90947211 -0.40720090 -0.08395186
vn 0.87664992 -0.48073116 -0.01955727
vn 0.83860785 -0.53303039 -0.11231884
vn 0.87664992 -0.48073116 -0.01955727
vn 0.82198608 -0.56777853 -0.04434454
vn 0.75837892 -0.64861161 -0.06453221
vn 0.75389338 -0.64163142 -0.14125818
vn 0.83860785 -0.53303039 -0.11231884
vn 0.75837892 -0.64861161 -0.06453221
vn 0.83860785 -0.53303039 -0.11231884
vn 0.82198608 -0.56777853 -0.04434454
vn 0.75837892 -0.64861161 -0.06453221
vn 0.69245249 -0.71647447 -0.08469859
vn 0.67919654 -0.72147012 -0.13480714
vn 0.75837892 -0.64861161 -0.06453221
vn 0.67919654 -0.72147012 -0.13480714
vn 0.75389338 -0.64163142 -0.14125818
vn 0.75389338 -0.64163142 -0.14125818
vn 0.82425183 -0.53818399 -0.17597413
vn 0.83860785 -0.53303039 -0.11231884
vn 0.61012679 -0.78493488 -0.10780770
vn 0.52061492 -0.84234279 -0.13935114
vn 0.59617466 -0.78466922 -0.16991168
vn 0.61012679 -0.78493488 -0.10780770
vn 0.59617466 -0.78466922 -0.16991168
vn 0.67919654 -0.72147012 -0.13480714
vn 0.61012679 -0.78493488 -0.10780770
vn 0.53420013 -0.84245986 -0.06994007
vn 0.52061492 -0.84234279 -0.13935114
vn 0.61012679 -0.78493488 -0.10780770
vn 0.67919654 -0.72147012 -0.13480714
vn 0.69245249 -0.71647447 -0.08469859
vn 0.61012679 -0.78493488 -0.10780770
vn 0.69245249 -0.71647447 -0.08469859
vn 0.62108946 -0.78245199 -0.04490824
vn 0.61012679 -0.78493488 -0.10780770
vn 0.62108946 -0.78245199 -0.04490824
vn 0.53420013 -0.84245986 -0.06994007
vn 0.40179014 -0.90910012 -0.11000751
vn 0.52061492 -0.84234279 -0.13935114
vn 0.53420013 -0.84245986 -0.06994007
vn 0.40179014 -0.90910012 -0.11000751
vn 0.43018639 -0.88389629 -0.18348587
vn 0.52061492 -0.84234279 -0.13935114
vn 0.29152450 -0.94305736 -0.16017592
vn 0.26925755 -0.95888591 -0.08965624
vn 0.16884950 -0.97825831 -0.12041831
vn 0.29152450 -0.94305736 -0.16017592
vn 0.16884950 -0.97825831 -0.12041831
vn 0.15495197 -0.97319800 -0.16992798
vn 0.29152450 -0.94305736 -0.16017592
vn 0.40179014 -0.90910012 -0.11000751
vn 0.26925755 -0.95888591 -0.08965624
vn 0.26925755 -0.95888591 -0.08965624
vn 0.17718829 -0.98293543 -0.04941971
vn 0.16884950 -0.97825831 -0.12041831
vn 0.26925755 -0.95888591 -0.08965624
vn 0.40179014 -0.90910012 -0.11000751
vn 0.41188771 -0.90998483 -0.04770878
vn 0.02822331 -0.99369150 -0.10853884
vn 0.16884950 -0.97825831 -0.12041831
vn 0.17718829 -0.98293543 -0.04941971
vn 0.02822331 -0.99369150 -0.10853884
vn 0.17718829 -0.98293543 -0.04941971
vn 0.03205988 -0.99902707 -0.03028344
vn 0.02822331 -0.99369150 -0.10853884
vn 0.00719220 -0.98573101 -0.16817462
vn 0.15495197 -0.97319800 -0.16992798
vn 0.02822331 -0.99369150 -0.10853884
vn 0.15495197 -0.97319800 -0.16992798
vn 0.16884950 -0.97825831 -0.12041831
vn -0.11148137 -0.98564303 -0.12680565
vn 0.00719220 -0.98573101 -0.16817462
vn 0.02822331 -0.99369150 -0.10853884
vn -0.10659055 -0.99233311 -0.06255737
vn -0.20940624 -0.97664702 -0.04805885
vn -0.21973579 -0.96614951 -0.13517126
vn -0.10659055 -0.99233311 -0.06255737
vn -0.21973579 -0.96614951 -0.13517126
vn -0.11148137 -0.98564303 -0.12680565
vn -0.10659055 -0.99233311 -0.06255737
vn -0.11148137 -0.98564303 -0.12680565
vn 0.02822331 -0.99369150 -0.10853884
vn -0.10659055 -0.99233311 -0.06255737
vn 0.02822331 -0.99369150 -0.10853884
vn 0.03205988 -0.99902707 -0.03028344
vn -0.31380954 -0.94685084 -0.07069030
vn -0.21973579 -0.96614951 -0.13517126
vn -0.20940624 -0.97664702 -0.04805885
vn -0.32269850 -0.93671054 -0.13579062
vn -0.21973579 -0.96614951 -0.13517126
vn -0.31380954 -0.94685084 -0.07069030
vn -0.32269850 -0.93671054 -0.13579062
vn -0.31380954 -0.94685084 -0.07069030
vn -0.44815969 -0.88771993 -0.10538623
vn -0.32269850 -0.93671054 -0.13579062
vn -0.44815969 -0.88771993 -0.10538623
vn -0.40784690 -0.89760339 -0.16723938
vn -0.44815969 -0.88771993 -0.10538623
vn -0.55723876 -0.82670426 -0.07775006
vn -0.56985992 -0.81038713 -0.13613369
vn -0.65178961 -0.75548398 -0.06643961
vn -0.56985992 -0.81038713 -0.13613369
vn -0.55723876 -0.82670426 -0.07775006
vn -0.65178961 -0.75548398 -0.06643961
vn -0.75827950 -0.64719409 -0.07843461
vn -0.72185719 -0.67870247 -0.13522266
vn -0.64840722 -0.74553365 -0.15410282
vn -0.56985992 -0.81038713 -0.13613369
vn -0.65178961 -0.75548398 -0.06643961
vn -0.64840722 -0.74553365 -0.15410282
vn -0.65178961 -0.75548398 -0.06643961
vn -0.72185719 -0.67870247 -0.13522266
vn -0.75827950 -0.64719409 -0.07843461
vn -0.86154187 -0.50119883 -0.08090363
vn -0.81310982 -0.56495613 -0.14027479
vn -0.75827950 -0.64719409 -0.07843461
vn -0.81310982 -0.56495613 -0.14027479
vn -0.72185719 -0.67870247 -0.13522266
vn -0.86154187 -0.50119883 -0.08090363
vn -0.88557816 -0.44204384 -0.14264831
vn -0.81310982 -0.56495613 -0.14027479
vn -0.86154187 -0.50119883 -0.08090363
vn -0.93039197 -0.36305842 -0.05059004
vn -0.92641914 -0.36308491 -0.09958351
vn -0.86154187 -0.50119883 -0.08090363
vn -0.92641914 -0.36308491 -0.09958351
vn -0.88557816 -0.44204384 -0.14264831
vn -0.88557816 -0.44204384 -0.14264831
vn -0.92641914 -0.36308491 -0.09958351
vn -0.92222774 -0.34903961 -0.16633517
vn -0.95680809 -0.25130498 -0.14616458
vn -0.96930689 -0.22397844 -0.10137948
vn -0.97789335 -0.12440572 -0.16807099
vn -0.95680809 -0.25130498 -0.14616458
vn -0.92222774 -0.34903961 -0.16633517
vn -0.92641914 -0.36308491 -0.09958351
vn -0.95680809 -0.25130498 -0.14616458
vn -0.92641914 -0.36308491 -0.09958351
vn -0.96930689 -0.22397844 -0.10137948
vn -0.96930689 -0.22397844 -0.10137948
vn -0.92641914 -0.36308491 -0.09958351
vn -0.93039197 -0.36305842 -0.05059004
vn -0.96930689 -0.22397844 -0.10137948
vn -0.93039197 -0.36305842 -0.05059004
vn -0.97610193 -0.21385244 -0.03862840
vn -0.99740034 -0.03936920 -0.06035455
vn -0.98945963 -0.07910488 -0.12129312
vn -0.96930689 -0.22397844 -0.10137948
vn -0.99740034 -0.03936920 -0.06035455
vn -0.96930689 -0.22397844 -0.10137948
vn -0.97610193 -0.21385244 -0.03862840
vn -0.99740034 -0.03936920 -0.06035455
vn -0.98977423 0.07071795 -0.12387872
vn -0.98945963 -0.07910488 -0.12129312
vn -0.98945963 -0.07910488 -0.12129312
vn -0.98977423 0.07071795 -0.12387872
vn -0.98527473 0.02522384 -0.16910779
vn -0.98945963 -0.07910488 -0.12129312
vn -0.98527473 0.02522384 -0.16910779
vn -0.97789335 -0.12440572 -0.16807099
vn -0.98945963 -0.07910488 -0.12129312
vn -0.97789335 -0.12440572 -0.16807099
vn -0.96930689 -0.22397844 -0.10137948
vn -0.98915601 0.12090234 -0.08338465
vn -0.97677410 0.20828125 -0.05031219
vn -0.96789527 0.21202022 -0.13500421
vn -0.98915601 0.12090234 -0.08338465
vn -0.96789527 0.21202022 -0.13500421
vn -0.98977423 0.07071795 -0.12387872
vn -0.98915601 0.12090234 -0.08338465
vn -0.98977423 0.07071795 -0.12387872
vn -0.99740034 -0.03936920 -0.06035455
vn -0.94639963 0.31140876 -0.08574574
vn -0.93468827 0.32429308 -0.14557426
vn -0.96789527 0.21202022 -0.13500421
vn -0.94639963 0.31140876 -0.08574574
vn -0.96789527 0.21202022 -0.13500421
vn -0.97677410 0.20828125 -0.05031219
vn -0.94639963 0.31140876 -0.08574574
vn -0.89819288 0.43856362 -0.03019029
vn -0.88477010 0.45303702 -0.10926727
vn -0.94639963 0.31140876 -0.08574574
vn -0.88477010 0.45303702 -0.10926727
vn -0.93468827 0.32429308 -0.14557426
vn -0.88477010 0.45303702 -0.10926727
vn -0.80538839 0.57698280 -0.13579544
vn -0.87543291 0.45055944 -0.17496695
vn -0.88477010 0.45303702 -0.10926727
vn -0.82216877 0.56668526 -0.05391064
vn -0.80538839 0.57698280 -0.13579544
vn -0.73113477 0.67699122 -0.08440845
vn -0.80538839 0.57698280 -0.13579544
vn -0.82216877 0.56668526 -0.05391064
vn -0.71020311 0.68604505 -0.15796760
vn -0.80538839 0.57698280 -0.13579544
vn -0.73113477 0.67699122 -0.08440845
vn -0.61667949 0.77756917 -0.12285183
vn -0.48676932 0.86468357 -0.12400804
vn -0.47752327 0.86372769 -0.16107769
vn -0.61667949 0.77756917 -0.12285183
vn -0.47752327 0.86372769 -0.16107769
vn -0.59440362 0.78332144 -0.18191177
vn -0.61667949 0.77756917 -0.12285183
vn -0.59440362 0.78332144 -0.18191177
vn -0.71020311 0.68604505 -0.15796760
vn -0.61667949 0.77756917 -0.12285183
vn -0.71020311 0.68604505 -0.15796760
vn -0.73113477 0.67699122 -0.08440845
vn -0.59528452 0.80082452 -0.06569949
vn -0.48676932 0.86468357 -0.12400804
vn -0.61667949 0.77756917 -0.12285183
vn -0.59528452 0.80082452 -0.06569949
vn -0.61667949 0.77756917 -0.12285183
vn -0.73113477 0.67699122 -0.08440845
vn -0.45053154 0.89034718 -0.06559914
vn -0.48676932 0.86468357 -0.12400804
vn -0.59528452 0.80082452 -0.06569949
vn -0.45053154 0.89034718 -0.06559914
vn -0.30786997 0.94939882 -0.06211279
vn -0.31266424 0.94218409 -0.12054152
vn -0.45053154 0.89034718 -0.06559914
vn -0.31266424 0.94218409 -0.12054152
vn -0.48676932 0.86468357 -0.12400804
vn -0.31266424 0.94218409 -0.12054152
vn -0.12585153 0.98356855 -0.12943843
vn -0.24359824 0.95616663 -0.16249719
vn -0.31266424 0.94218409 -0.12054152
vn -0.18290776 0.98087806 -0.06650556
vn -0.12585153 0.98356855 -0.12943843
vn -0.31266424 0.94218409 -0.12054152
vn -0.30786997 0.94939882 -0.06211279
vn -0.18290776 0.98087806 -0.06650556
vn -0.07807443 0.99477702 -0.06575038
vn -0.12585153 0.98356855 -0.12943843
vn -0.18290776 0.98087806 -0.06650556
vn -0.07807443 0.99477702 -0.06575038
vn 0.02520638 0.99653846 -0.07921933
vn 0.02234776 0.99053174 -0.13545281
vn -0.07807443 0.99477702 -0.06575038
vn 0.02234776 0.99053174 -0.13545281
vn -0.12585153 0.98356855 -0.12943843
vn 0.13025345 0.98556125 -0.10818072
vn 0.26282147 0.95585573 -0.13139522
vn 0.13462353 0.97480446 -0.17785588
vn 0.13025345 0.98556125 -0.10818072
vn 0.13462353 0.97480446 -0.17785588
vn 0.02234776 0.99053174 -0.13545281
vn 0.13025345 0.98556125 -0.10818072
vn 0.21128848 0.97627503 -0.04737325
vn 0.26282147 0.95585573 -0.13139522
vn 0.13025345 0.98556125 -0.10818072
vn 0.02234776 0.99053174 -0.13545281
vn 0.02520638 0.99653846 -0.07921933
vn 0.13025345 0.98556125 -0.10818072
vn 0.02520638 0.99653846 -0.07921933
vn 0.11351182 0.99333745 -0.01989326
vn 0.13025345 0.98556125 -0.10818072
vn 0.11351182 0.99333745 -0.01989326
vn 0.21128848 0.97627503 -0.04737325
vn 0.30830523 0.94868904 -0.07026327
vn 0.26282147 0.95585573 -0.13139522
vn 0.21128848 0.97627503 -0.04737325
vn 0.30830523 0.94868904 -0.07026327
vn 0.40548751 0.90930641 -0.09349707
vn 0.26282147 0.95585573 -0.13139522
vn 0.26282147 0.95585573 -0.13139522
vn 0.40548751 0.90930641 -0.09349707
vn 0.40984526 0.89794797 -0.16036300
vn 0.26282147 0.95585573 -0.13139522
vn 0.40984526 0.89794797 -0.16036300
vn 0.27509338 0.94574112 -0.17290865
vn 0.53487098 0.83309859 -0.14092460
vn 0.40984526 0.89794797 -0.16036300
vn 0.40548751 0.90930641 -0.09349707
vn 0.53487098 0.83309859 -0.14092460
vn 0.40548751 0.90930641 -0.09349707
vn 0.53712577 0.83899510 -0.08708137
vn 0.53712577 0.83899510 -0.08708137
vn 0.40548751 0.90930641 -0.09349707
vn 0.52523750 0.85085166 -0.01330506
vn 0.64470464 0.75667977 -0.10858934
vn 0.53487098 0.83309859 -0.14092460
vn 0.53712577 0.83899510 -0.08708137
vn 0.64470464 0.75667977 -0.10858934
vn 0.53712577 0.83899510 -0.08708137
vn 0.64083076 0.76705706 -0.03097402
vn 0.64470464 0.75667977 -0.10858934
vn 0.64083076 0.76705706 -0.03097402
vn 0.72278947 0.68805885 -0.06442335
vn 0.64470464 0.75667977 -0.10858934
vn 0.72278947 0.68805885 -0.06442335
vn 0.72420096 0.67759109 -0.12807518
vn 0.64470464 0.75667977 -0.10858934
vn 0.72420096 0.67759109 -0.12807518
vn 0.65642577 0.73309797 -0.17796783
vn 0.64470464 0.75667977 -0.10858934
vn 0.65642577 0.73309797 -0.17796783
vn 0.53487098 0.83309859 -0.14092460
vn 0.81380296 0.57175404 -0.10402919
vn 0.81563431 0.55310023 -0.16976701
vn 0.72420096 0.67759109 -0.12807518
vn 0.81380296 0.57175404 -0.10402919
vn 0.72420096 0.67759109 -0.12807518
vn 0.72278947 0.68805885 -0.06442335
vn 0.88941377 0.45125067 -0.07291067
vn 0.94895858 0.31007147 -0.05773518
vn 0.92777979 0.35077524 -0.12720589
vn 0.88345897 0.44386142 -0.14995746
vn 0.81380296 0.57175404 -0.10402919
vn 0.88941377 0.45125067 -0.07291067
vn 0.88345897 0.44386142 -0.14995746
vn 0.88941377 0.45125067 -0.07291067
vn 0.92777979 0.35077524 -0.12720589
vn 0.88345897 0.44386142 -0.14995746
vn 0.81563431 0.55310023 -0.16976701
vn 0.81380296 0.57175404 -0.10402919
vn 0.97319603 0.20942600 -0.09502731
vn 0.98060769 0.12935343 -0.14722854
vn 0.95375890 0.25271621 -0.16272210
vn 0.97319603 0.20942600 -0.09502731
vn 0.95375890 0.25271621 -0.16272210
vn 0.92777979 0.35077524 -0.12720589
vn 0.97319603 0.20942600 -0.09502731
vn 0.92777979 0.35077524 -0.12720589
vn 0.94895858 0.31007147 -0.05773518
vn 0.99505478 0.02091593 -0.09710065
vn 0.98060769 0.12935343 -0.14722854
vn 0.97319603 0.20942600 -0.09502731
vn 0.99505478 0.02091593 -0.09710065
vn 0.98727059 -0.03043386 -0.15611072
vn 0.98060769 0.12935343 -0.14722854
vn 0.99232668 -0.10862951 -0.05905416
vn 0.98690099 -0.16052611 0.01605714
vn 0.97291380 -0.21249890 -0.09101063
vn 0.99232668 -0.10862951 -0.05905416
vn 0.99505478 0.02091593 -0.09710065
vn 0.99991673 -0.01255932 0.00297052
vn 0.99232668 -0.10862951 -0.05905416
vn 0.99991673 -0.01255932 0.00297052
vn 0.98690099 -0.16052611 0.01605714
vn 0.95119727 -0.30300841 -0.05839226
vn 0.97291380 -0.21249890 -0.09101063
vn 0.98690099 -0.16052611 0.01605714
vn 0.95119727 -0.30300841 -0.05839226
vn 0.98690099 -0.16052611 0.01605714
vn 0.95435810 -0.29674214 0.03383367
vn 0.95119727 -0.30300841 -0.05839226
vn 0.95435810 -0.29674214 0.03383367
vn 0.91798085 -0.39642814 0.01248501
vn 0.95119727 -0.30300841 -0.05839226
vn 0.91798085 -0.39642814 0.01248501
vn 0.90947211 -0.40720090 -0.08395186
vn 0.87664992 -0.48073116 -0.01955727
vn 0.90947211 -0.40720090 -0.08395186
vn 0.91798085 -0.39642814 0.01248501
vn 0.87664992 -0.48073116 -0.01955727
vn 0.82837427 -0.55684632 0.06097779
vn 0.82198608 -0.56777853 -0.04434454
vn 0.76528078 -0.64241350 0.04062252
vn 0.75837892 -0.64861161 -0.06453221
vn 0.82198608 -0.56777853 -0.04434454
vn 0.76528078 -0.64241350 0.04062252
vn 0.82198608 -0.56777853 -0.04434454
vn 0.82837427 -0.55684632 0.06097779
vn 0.76528078 -0.64241350 0.04062252
vn 0.70227641 -0.71187770 -0.00616096
vn 0.75837892 -0.64861161 -0.06453221
vn 0.75837892 -0.64861161 -0.06453221
vn 0.70227641 -0.71187770 -0.00616096
vn 0.69245249 -0.71647447 -0.08469859
vn 0.62108946 -0.78245199 -0.04490824
vn 0.54502064 -0.83833522 0.01210749
vn 0.53420013 -0.84245986 -0.06994007
vn 0.62108946 -0.78245199 -0.04490824
vn 0.69245249 -0.71647447 -0.08469859
vn 0.70227641 -0.71187770 -0.00616096
vn 0.63380647 -0.77229732 0.04296799
vn 0.54502064 -0.83833522 0.01210749
vn 0.62108946 -0.78245199 -0.04490824
vn 0.63380647 -0.77229732 0.04296799
vn 0.62108946 -0.78245199 -0.04490824
vn 0.70227641 -0.71187770 -0.00616096
vn 0.42792517 -0.90340644 0.02714418
vn 0.41188771 -0.90998483 -0.04770878
vn 0.54502064 -0.83833522 0.01210749
vn 0.41188771 -0.90998483 -0.04770878
vn 0.53420013 -0.84245986 -0.06994007
vn 0.54502064 -0.83833522 0.01210749
vn 0.41188771 -0.90998483 -0.04770878
vn 0.40179014 -0.90910012 -0.11000751
vn 0.53420013 -0.84245986 -0.06994007
vn 0.27959985 -0.96008891 -0.00729261
vn 0.17718829 -0.98293543 -0.04941971
vn 0.26925755 -0.95888591 -0.08965624
vn 0.27959985 -0.96008891 -0.00729261
vn 0.26925755 -0.95888591 -0.08965624
vn 0.41188771 -0.90998483 -0.04770878
vn 0.27959985 -0.96008891 -0.00729261
vn 0.41188771 -0.90998483 -0.04770878
vn 0.42792517 -0.90340644 0.02714418
vn 0.27959985 -0.96008891 -0.00729261
vn 0.15356863 -0.98718679 0.04334626
vn 0.17718829 -0.98293543 -0.04941971
vn 0.03205988 -0.99902707 -0.03028344
vn 0.17718829 -0.98293543 -0.04941971
vn 0.15356863 -0.98718679 0.04334626
vn 0.03205988 -0.99902707 -0.03028344
vn 0.15356863 -0.98718679 0.04334626
vn 0.00304071 -0.99742675 0.07162858
vn -0.10335394 -0.99448854 0.01762138
vn -0.19913483 -0.97807699 0.06091528
vn -0.20940624 -0.97664702 -0.04805885
vn -0.10335394 -0.99448854 0.01762138
vn -0.20940624 -0.97664702 -0.04805885
vn -0.10659055 -0.99233311 -0.06255737
vn -0.10335394 -0.99448854 0.01762138
vn -0.10659055 -0.99233311 -0.06255737
vn 0.03205988 -0.99902707 -0.03028344
vn -0.10335394 -0.99448854 0.01762138
vn 0.03205988 -0.99902707 -0.03028344
vn 0.00304071 -0.99742675 0.07162858
vn -0.29826421 -0.95444834 0.00817398
vn -0.31380954 -0.94685084 -0.07069030
vn -0.20940624 -0.97664702 -0.04805885
vn -0.29826421 -0.95444834 0.00817398
vn -0.20940624 -0.97664702 -0.04805885
vn -0.19913483 -0.97807699 0.06091528
vn -0.29826421 -0.95444834 0.00817398
vn -0.43605593 -0.89868128 0.04719245
vn -0.43638852 -0.89935011 -0.02710075
vn -0.29826421 -0.95444834 0.00817398
vn -0.43638852 -0.89935011 -0.02710075
vn -0.31380954 -0.94685084 -0.07069030
vn -0.31380954 -0.94685084 -0.07069030
vn -0.43638852 -0.89935011 -0.02710075
vn -0.44815969 -0.88771993 -0.10538623
vn -0.43638852 -0.89935011 -0.02710075
vn -0.56487727 -0.82514560 -0.00695625
vn -0.55723876 -0.82670426 -0.07775006
vn -0.43638852 -0.89935011 -0.02710075
vn -0.55723876 -0.82670426 -0.07775006
vn -0.44815969 -0.88771993 -0.10538623
vn -0.43638852 -0.89935011 -0.02710075
vn -0.43605593 -0.89868128 0.04719245
vn -0.56487727 -0.82514560 -0.00695625
vn -0.64071339 -0.76672971 0.04014842
vn -0.65178961 -0.75548398 -0.06643961
vn -0.56487727 -0.82514560 -0.00695625
vn -0.64071339 -0.76672971 0.04014842
vn -0.74587470 -0.66156137 0.07750782
vn -0.71223962 -0.70188552 -0.00845128
vn -0.64071339 -0.76672971 0.04014842
vn -0.71223962 -0.70188552 -0.00845128
vn -0.65178961 -0.75548398 -0.06643961
vn -0.65178961 -0.75548398 -0.06643961
vn -0.71223962 -0.70188552 -0.00845128
vn -0.75827950 -0.64719409 -0.07843461
vn -0.65178961 -0.75548398 -0.06643961
vn -0.55723876 -0.82670426 -0.07775006
vn -0.56487727 -0.82514560 -0.00695625
vn -0.80543947 -0.59242707 -0.01724643
vn -0.86154187 -0.50119883 -0.08090363
vn -0.75827950 -0.64719409 -0.07843461
vn -0.80543947 -0.59242707 -0.01724643
vn -0.75827950 -0.64719409 -0.07843461
vn -0.71223962 -0.70188552 -0.00845128
vn -0.80543947 -0.59242707 -0.01724643
vn -0.71223962 -0.70188552 -0.00845128
vn -0.74587470 -0.66156137 0.07750782
vn -0.80543947 -0.59242707 -0.01724643
vn -0.74587470 -0.66156137 0.07750782
vn -0.83487505 -0.54736459 0.05810037
vn -0.88421625 -0.46666175 -0.01970882
vn -0.80543947 -0.59242707 -0.01724643
vn -0.83487505 -0.54736459 0.05810037
vn -0.88421625 -0.46666175 -0.01970882
vn -0.83487505 -0.54736459 0.05810037
vn -0.90959603 -0.41413921 0.03352237
vn -0.88421625 -0.46666175 -0.01970882
vn -0.90959603 -0.41413921 0.03352237
vn -0.93039197 -0.36305842 -0.05059004
vn -0.88421625 -0.46666175 -0.01970882
vn -0.93039197 -0.36305842 -0.05059004
vn -0.86154187 -0.50119883 -0.08090363
vn -0.88421625 -0.46666175 -0.01970882
vn -0.86154187 -0.50119883 -0.08090363
vn -0.80543947 -0.59242707 -0.01724643
vn -0.95817024 -0.28458419 0.03035830
vn -0.97610193 -0.21385244 -0.03862840
vn -0.93039197 -0.36305842 -0.05059004
vn -0.95817024 -0.28458419 0.03035830
vn -0.93039197 -0.36305842 -0.05059004
vn -0.90959603 -0.41413921 0.03352237
vn -0.95817024 -0.28458419 0.03035830
vn -0.97823346 -0.19499871 0.07095603
vn -0.97610193 -0.21385244 -0.03862840
vn -0.99896693 -0.04193976 0.01749679
vn -0.99740034 -0.03936920 -0.06035455
vn -0.97610193 -0.21385244 -0.03862840
vn -0.99896693 -0.04193976 0.01749679
vn -0.97610193 -0.21385244 -0.03862840
vn -0.97823346 -0.19499871 0.07095603
vn -0.99896693 -0.04193976 0.01749679
vn -0.97823346 -0.19499871 0.07095603
vn -0.99495721 -0.05162276 0.08599547
vn -0.99419910 0.10738326 -0.00608327
vn -0.97677410 0.20828125 -0.05031219
vn -0.98915601 0.12090234 -0.08338465
vn -0.99419910 0.10738326 -0.00608327
vn -0.98915601 0.12090234 -0.08338465
vn -0.99740034 -0.03936920 -0.06035455
vn -0.99419910 0.10738326 -0.00608327
vn -0.99740034 -0.03936920 -0.06035455
vn -0.99896693 -0.04193976 0.01749679
vn -0.99419910 0.10738326 -0.00608327
vn -0.96789455 0.24724849 0.04525824
vn -0.97677410 0.20828125 -0.05031219
vn -0.95068187 0.30970609 -0.01691676
vn -0.97677410 0.20828125 -0.05031219
vn -0.96789455 0.24724849 0.04525824
vn -0.95068187 0.30970609 -0.01691676
vn -0.96789455 0.24724849 0.04525824
vn -0.90193844 0.42871636 0.05205159
vn -0.95068187 0.30970609 -0.01691676
vn -0.90193844 0.42871636 0.05205159
vn -0.89819288 0.43856362 -0.03019029
vn -0.95068187 0.30970609 -0.01691676
vn -0.89819288 0.43856362 -0.03019029
vn -0.94639963 0.31140876 -0.08574574
vn -0.95068187 0.30970609 -0.01691676
vn -0.94639963 0.31140876 -0.08574574
vn -0.97677410 0.20828125 -0.05031219
vn -0.89819288 0.43856362 -0.03019029
vn -0.82216877 0.56668526 -0.05391064
vn -0.88477010 0.45303702 -0.10926727
vn -0.89819288 0.43856362 -0.03019029
vn -0.82598013 0.56290329 0.02994510
vn -0.82216877 0.56668526 -0.05391064
vn -0.89819288 0.43856362 -0.03019029
vn -0.90193844 0.42871636 0.05205159
vn -0.82598013 0.56290329 0.02994510
vn -0.72781241 0.68570673 -0.00976607
vn -0.82216877 0.56668526 -0.05391064
vn -0.82598013 0.56290329 0.02994510
vn -0.73113477 0.67699122 -0.08440845
vn -0.82216877 0.56668526 -0.05391064
vn -0.72781241 0.68570673 -0.00976607
vn -0.59528452 0.80082452 -0.06569949
vn -0.63209713 0.77422386 0.03210344
vn -0.54593766 0.83778799 -0.00796182
vn -0.59528452 0.80082452 -0.06569949
vn -0.73113477 0.67699122 -0.08440845
vn -0.72781241 0.68570673 -0.00976607
vn -0.59528452 0.80082452 -0.06569949
vn -0.72781241 0.68570673 -0.00976607
vn -0.63209713 0.77422386 0.03210344
vn -0.45053154 0.89034718 -0.06559914
vn -0.59528452 0.80082452 -0.06569949
vn -0.54593766 0.83778799 -0.00796182
vn -0.45053154 0.89034718 -0.06559914
vn -0.54593766 0.83778799 -0.00796182
vn -0.46085864 0.88684613 0.03336621
vn -0.45053154 0.89034718 -0.06559914
vn -0.46085864 0.88684613 0.03336621
vn -0.32749966 0.94472581 0.01539801
vn -0.45053154 0.89034718 -0.06559914
vn -0.32749966 0.94472581 0.01539801
vn -0.30786997 0.94939882 -0.06211279
vn -0.30786997 0.94939882 -0.06211279
vn -0.32749966 0.94472581 0.01539801
vn -0.19178085 0.98135012 0.01311434
vn -0.30786997 0.94939882 -0.06211279
vn -0.19178085 0.98135012 0.01311434
vn -0.18290776 0.98087806 -0.06650556
vn -0.07807443 0.99477702 -0.06575038
vn -0.18290776 0.98087806 -0.06650556
vn -0.19178085 0.98135012 0.01311434
vn -0.07807443 0.99477702 -0.06575038
vn -0.19178085 0.98135012 0.01311434
vn -0.09024864 0.99552262 0.02810410
vn -0.07807443 0.99477702 -0.06575038
vn -0.09024864 0.99552262 0.02810410
vn 0.01213357 0.99989593 0.00780647
vn -0.07807443 0.99477702 -0.06575038
vn 0.01213357 0.99989593 0.00780647
vn 0.02520638 0.99653846 -0.07921933
vn 0.11351182 0.99333745 -0.01989326
vn 0.02520638 0.99653846 -0.07921933
vn 0.01213357 0.99989593 0.00780647
vn 0.11351182 0.99333745 -0.01989326
vn 0.19706917 0.97874129 0.05682649
vn 0.21128848 0.97627503 -0.04737325
vn 0.29305035 0.95587116 0.02078051
vn 0.21128848 0.97627503 -0.04737325
vn 0.19706917 0.97874129 0.05682649
vn 0.30830523 0.94868904 -0.07026327
vn 0.21128848 0.97627503 -0.04737325
vn 0.29305035 0.95587116 0.02078051
vn 0.30830523 0.94868904 -0.07026327
vn 0.29305035 0.95587116 0.02078051
vn 0.39548928 0.91844618 -0.00669869
vn 0.30830523 0.94868904 -0.07026327
vn 0.39548928 0.91844618 -0.00669869
vn 0.40548751 0.90930641 -0.09349707
vn 0.52523750 0.85085166 -0.01330506
vn 0.40548751 0.90930641 -0.09349707
vn 0.39548928 0.91844618 -0.00669869
vn 0.64083076 0.76705706 -0.03097402
vn 0.52523750 0.85085166 -0.01330506
vn 0.62885493 0.77371168 0.07688750
vn 0.64083076 0.76705706 -0.03097402
vn 0.62885493 0.77371168 0.07688750
vn 0.71688455 0.69712162 0.00989773
vn 0.64083076 0.76705706 -0.03097402
vn 0.71688455 0.69712162 0.00989773
vn 0.72278947 0.68805885 -0.06442335
vn 0.64083076 0.76705706 -0.03097402
vn 0.53712577 0.83899510 -0.08708137
vn 0.52523750 0.85085166 -0.01330506
vn 0.81178129 0.58342403 -0.02505032
vn 0.81380296 0.57175404 -0.10402919
vn 0.72278947 0.68805885 -0.06442335
vn 0.81178129 0.58342403 -0.02505032
vn 0.72278947 0.68805885 -0.06442335
vn 0.71688455 0.69712162 0.00989773
vn 0.81178129 0.58342403 -0.02505032
vn 0.71688455 0.69712162 0.00989773
vn 0.81190616 0.58041096 0.06270196
vn 0.88555092 0.46454129 0.00097194
vn 0.81178129 0.58342403 -0.02505032
vn 0.81190616 0.58041096 0.06270196
vn 0.88941377 0.45125067 -0.07291067
vn 0.81178129 0.58342403 -0.02505032
vn 0.88555092 0.46454129 0.00097194
vn 0.88941377 0.45125067 -0.07291067
vn 0.88555092 0.46454129 0.00097194
vn 0.94480991 0.32706350 0.01907204
vn 0.88941377 0.45125067 -0.07291067
vn 0.94480991 0.32706350 0.01907204
vn 0.94895858 0.31007147 -0.05773518
vn 0.88941377 0.45125067 -0.07291067
vn 0.81380296 0.57175404 -0.10402919
vn 0.81178129 0.58342403 -0.02505032
vn 0.94895858 0.31007147 -0.05773518
vn 0.94480991 0.32706350 0.01907204
vn 0.99032456 0.13745424 -0.01906712
vn 0.94895858 0.31007147 -0.05773518
vn 0.99032456 0.13745424 -0.01906712
vn 0.97319603 0.20942600 -0.09502731
vn 0.99032456 0.13745424 -0.01906712
vn 0.98574948 0.15222536 0.07159203
vn 0.99991673 -0.01255932 0.00297052
vn 0.99032456 0.13745424 -0.01906712
vn 0.99991673 -0.01255932 0.00297052
vn 0.99505478 0.02091593 -0.09710065
vn 0.99032456 0.13745424 -0.01906712
vn 0.99505478 0.02091593 -0.09710065
vn 0.97319603 0.20942600 -0.09502731
vn 0.98690099 -0.16052611 0.01605714
vn 0.99991673 -0.01255932 0.00297052
vn 0.99651647 -0.00898548 0.08291104
vn 0.98690099 -0.16052611 0.01605714
vn 0.99651647 -0.00898548 0.08291104
vn 0.98401856 -0.15580399 0.08621239
vn 0.98165047 -0.09165348 0.16721854
vn 0.95809096 -0.24175473 0.15367614
vn 0.98401856 -0.15580399 0.08621239
vn 0.98165047 -0.09165348 0.16721854
vn 0.98401856 -0.15580399 0.08621239
vn 0.99651647 -0.00898548 0.08291104
vn 0.98165047 -0.09165348 0.16721854
vn 0.99651647 -0.00898548 0.08291104
vn 0.98683226 0.05344410 0.15266249
vn 0.95809096 -0.24175473 0.15367614
vn 0.95435810 -0.29674214 0.03383367
vn 0.98401856 -0.15580399 0.08621239
vn 0.95809096 -0.24175473 0.15367614
vn 0.91777837 -0.37715510 0.12424540
vn 0.95435810 -0.29674214 0.03383367
vn 0.95435810 -0.29674214 0.03383367
vn 0.98690099 -0.16052611 0.01605714
vn 0.98401856 -0.15580399 0.08621239
vn 0.95435810 -0.29674214 0.03383367
vn 0.91777837 -0.37715510 0.12424540
vn 0.91798085 -0.39642814 0.01248501
vn 0.87643373 -0.47290555 0.09068795
vn 0.82837427 -0.55684632 0.06097779
vn 0.87664992 -0.48073116 -0.01955727
vn 0.87643373 -0.47290555 0.09068795
vn 0.87664992 -0.48073116 -0.01955727
vn 0.91798085 -0.39642814 0.01248501
vn 0.87643373 -0.47290555 0.09068795
vn 0.91798085 -0.39642814 0.01248501
vn 0.91777837 -0.37715510 0.12424540
vn 0.87643373 -0.47290555 0.09068795
vn 0.82022196 -0.54089886 0.18618380
vn 0.82837427 -0.55684632 0.06097779
vn 0.87643373 -0.47290555 0.09068795
vn 0.91777837 -0.37715510 0.12424540
vn 0.85974473 -0.45477960 0.23241027
vn 0.87643373 -0.47290555 0.09068795
vn 0.85974473 -0.45477960 0.23241027
vn 0.82022196 -0.54089886 0.18618380
vn 0.75813782 -0.62862504 0.17337132
vn 0.76528078 -0.64241350 0.04062252
vn 0.82837427 -0.55684632 0.06097779
vn 0.75813782 -0.62862504 0.17337132
vn 0.82837427 -0.55684632 0.06097779
vn 0.82022196 -0.54089886 0.18618380
vn 0.75813782 -0.62862504 0.17337132
vn 0.70576859 -0.69971573 0.11085382
vn 0.76528078 -0.64241350 0.04062252
vn 0.76528078 -0.64241350 0.04062252
vn 0.70576859 -0.69971573 0.11085382
vn 0.70227641 -0.71187770 -0.00616096
vn 0.63380647 -0.77229732 0.04296799
vn 0.58154994 -0.80627346 0.10827190
vn 0.54502064 -0.83833522 0.01210749
vn 0.63380647 -0.77229732 0.04296799
vn 0.70227641 -0.71187770 -0.00616096
vn 0.70576859 -0.69971573 0.11085382
vn 0.58154994 -0.80627346 0.10827190
vn 0.63380647 -0.77229732 0.04296799
vn 0.70576859 -0.69971573 0.11085382
vn 0.58154994 -0.80627346 0.10827190
vn 0.70576859 -0.69971573 0.11085382
vn 0.62692505 -0.75757766 0.18177207
vn 0.58154994 -0.80627346 0.10827190
vn 0.62692505 -0.75757766 0.18177207
vn 0.48987439 -0.85016543 0.19298144
vn 0.46987617 -0.87658596 0.10398753
vn 0.58154994 -0.80627346 0.10827190
vn 0.48987439 -0.85016543 0.19298144
vn 0.46987617 -0.87658596 0.10398753
vn 0.48987439 -0.85016543 0.19298144
vn 0.33168894 -0.92679077 0.17618555
vn 0.46987617 -0.87658596 0.10398753
vn 0.33168894 -0.92679077 0.17618555
vn 0.32219771 -0.94220084 0.09190315
vn 0.42792517 -0.90340644 0.02714418
vn 0.54502064 -0.83833522 0.01210749
vn 0.58154994 -0.80627346 0.10827190
vn 0.42792517 -0.90340644 0.02714418
vn 0.58154994 -0.80627346 0.10827190
vn 0.46987617 -0.87658596 0.10398753
vn 0.42792517 -0.90340644 0.02714418
vn 0.46987617 -0.87658596 0.10398753
vn 0.32219771 -0.94220084 0.09190315
vn 0.32219771 -0.94220084 0.09190315
vn 0.14287217 -0.97973353 0.14039144
vn 0.15356863 -0.98718679 0.04334626
vn 0.32219771 -0.94220084 0.09190315
vn 0.15356863 -0.98718679 0.04334626
vn 0.27959985 -0.96008891 -0.00729261
vn 0.32219771 -0.94220084 0.09190315
vn 0.27959985 -0.96008891 -0.00729261
vn 0.42792517 -0.90340644 0.02714418
vn 0.32219771 -0.94220084 0.09190315
vn 0.33168894 -0.92679077 0.17618555
vn 0.14287217 -0.97973353 0.14039144
vn 0.14287217 -0.97973353 0.14039144
vn -0.03173542 -0.97875017 0.20258574
vn 0.00304071 -0.99742675 0.07162858
vn 0.15356863 -0.98718679 0.04334626
vn 0.14287217 -0.97973353 0.14039144
vn 0.00304071 -0.99742675 0.07162858
vn -0.10335394 -0.99448854 0.01762138
vn -0.10329992 -0.98769259 0.11744128
vn -0.19913483 -0.97807699 0.06091528
vn -0.10335394 -0.99448854 0.01762138
vn 0.00304071 -0.99742675 0.07162858
vn -0.10329992 -0.98769259 0.11744128
vn -0.10329992 -0.98769259 0.11744128
vn 0.00304071 -0.99742675 0.07162858
vn -0.03173542 -0.97875017 0.20258574
vn -0.10329992 -0.98769259 0.11744128
vn -0.03173542 -0.97875017 0.20258574
vn -0.18678397 -0.96205831 0.19888566
vn -0.10329992 -0.98769259 0.11744128
vn -0.18678397 -0.96205831 0.19888566
vn -0.19913483 -0.97807699 0.06091528
vn -0.29242244 -0.95117950 0.09872525
vn -0.19913483 -0.97807699 0.06091528
vn -0.18678397 -0.96205831 0.19888566
vn -0.29242244 -0.95117950 0.09872525
vn -0.18678397 -0.96205831 0.19888566
vn -0.33083844 -0.92064846 0.20724937
vn -0.29242244 -0.95117950 0.09872525
vn -0.33083844 -0.92064846 0.20724937
vn -0.42714104 -0.89685851 0.11487080
vn -0.29242244 -0.95117950 0.09872525
vn -0.42714104 -0.89685851 0.11487080
vn -0.43605593 -0.89868128 0.04719245
vn -0.29242244 -0.95117950 0.09872525
vn -0.43605593 -0.89868128 0.04719245
vn -0.29826421 -0.95444834 0.00817398
vn -0.29242244 -0.95117950 0.09872525
vn -0.29826421 -0.95444834 0.00817398
vn -0.19913483 -0.97807699 0.06091528
vn -0.43605593 -0.89868128 0.04719245
vn -0.42714104 -0.89685851 0.11487080
vn -0.55526924 -0.82636285 0.09381081
vn -0.43605593 -0.89868128 0.04719245
vn -0.55526924 -0.82636285 0.09381081
vn -0.56487727 -0.82514560 -0.00695625
vn -0.42714104 -0.89685851 0.11487080
vn -0.33083844 -0.92064846 0.20724937
vn -0.45388952 -0.86852473 0.19912094
vn -0.42714104 -0.89685851 0.11487080
vn -0.45388952 -0.86852473 0.19912094
vn -0.54504299 -0.81576484 0.19353518
vn -0.42714104 -0.89685851 0.11487080
vn -0.54504299 -0.81576484 0.19353518
vn -0.55526924 -0.82636285 0.09381081
vn -0.66064471 -0.73600113 0.14782035
vn -0.64071339 -0.76672971 0.04014842
vn -0.55526924 -0.82636285 0.09381081
vn -0.66064471 -0.73600113 0.14782035
vn -0.55526924 -0.82636285 0.09381081
vn -0.54504299 -0.81576484 0.19353518
vn -0.66064471 -0.73600113 0.14782035
vn -0.74587470 -0.66156137 0.07750782
vn -0.64071339 -0.76672971 0.04014842
vn -0.64071339 -0.76672971 0.04014842
vn -0.56487727 -0.82514560 -0.00695625
vn -0.55526924 -0.82636285 0.09381081
vn -0.74587470 -0.66156137 0.07750782
vn -0.82322705 -0.54481691 0.15959868
vn -0.83487505 -0.54736459 0.05810037
vn -0.74587470 -0.66156137 0.07750782
vn -0.66064471 -0.73600113 0.14782035
vn -0.75646770 -0.62718999 0.18544358
vn -0.74587470 -0.66156137 0.07750782
vn -0.75646770 -0.62718999 0.18544358
vn -0.82322705 -0.54481691 0.15959868
vn -0.89837515 -0.42623833 0.10603291
vn -0.83487505 -0.54736459 0.05810037
vn -0.82322705 -0.54481691 0.15959868
vn -0.90959603 -0.41413921 0.03352237
vn -0.83487505 -0.54736459 0.05810037
vn -0.89837515 -0.42623833 0.10603291
vn -0.95817024 -0.28458419 0.03035830
vn -0.93742460 -0.30648097 0.16524076
vn -0.97823346 -0.19499871 0.07095603
vn -0.95817024 -0.28458419 0.03035830
vn -0.90959603 -0.41413921 0.03352237
vn -0.89837515 -0.42623833 0.10603291
vn -0.95817024 -0.28458419 0.03035830
vn -0.89837515 -0.42623833 0.10603291
vn -0.93742460 -0.30648097 0.16524076
vn -0.93742460 -0.30648097 0.16524076
vn -0.97299647 -0.14677243 0.17814520
vn -0.97823346 -0.19499871 0.07095603
vn -0.99495721 -0.05162276 0.08599547
vn -0.97823346 -0.19499871 0.07095603
vn -0.97299647 -0.14677243 0.17814520
vn -0.99495721 -0.05162276 0.08599547
vn -0.97299647 -0.14677243 0.17814520
vn -0.98426861 -0.00282401 0.17665586
vn -0.98952597 0.10266382 0.10148132
vn -0.95890802 0.25052533 0.13316350
vn -0.96789455 0.24724849 0.04525824
vn -0.98952597 0.10266382 0.10148132
vn -0.96789455 0.24724849 0.04525824
vn -0.99419910 0.10738326 -0.00608327
vn -0.98952597 0.10266382 0.10148132
vn -0.99419910 0.10738326 -0.00608327
vn -0.99896693 -0.04193976 0.01749679
vn -0.98952597 0.10266382 0.10148132
vn -0.99896693 -0.04193976 0.01749679
vn -0.99495721 -0.05162276 0.08599547
vn -0.98952597 0.10266382 0.10148132
vn -0.99495721 -0.05162276 0.08599547
vn -0.98426861 -0.00282401 0.17665586
vn -0.96789455 0.24724849 0.04525824
vn -0.95890802 0.25052533 0.13316350
vn -0.91748506 0.37709564 0.12657021
vn -0.96789455 0.24724849 0.04525824
vn -0.91748506 0.37709564 0.12657021
vn -0.90193844 0.42871636 0.05205159
vn -0.90193844 0.42871636 0.05205159
vn -0.84318793 0.51521182 0.15359323
vn -0.82598013 0.56290329 0.02994510
vn -0.84318793 0.51521182 0.15359323
vn -0.90193844 0.42871636 0.05205159
vn -0.91748506 0.37709564 0.12657021
vn -0.76761705 0.63241792 0.10397896
vn -0.69375008 0.69212365 0.19918756
vn -0.69077611 0.71762037 0.08859682
vn -0.76761705 0.63241792 0.10397896
vn -0.82598013 0.56290329 0.02994510
vn -0.84318793 0.51521182 0.15359323
vn -0.76761705 0.63241792 0.10397896
vn -0.69077611 0.71762037 0.08859682
vn -0.72781241 0.68570673 -0.00976607
vn -0.76761705 0.63241792 0.10397896
vn -0.72781241 0.68570673 -0.00976607
vn -0.82598013 0.56290329 0.02994510
vn -0.63209713 0.77422386 0.03210344
vn -0.54921466 0.83139944 0.08448824
vn -0.54593766 0.83778799 -0.00796182
vn -0.63209713 0.77422386 0.03210344
vn -0.72781241 0.68570673 -0.00976607
vn -0.69077611 0.71762037 0.08859682
vn -0.59473526 0.78808403 0.15878774
vn -0.54921466 0.83139944 0.08448824
vn -0.63209713 0.77422386 0.03210344
vn -0.59473526 0.78808403 0.15878774
vn -0.63209713 0.77422386 0.03210344
vn -0.69077611 0.71762037 0.08859682
vn -0.59473526 0.78808403 0.15878774
vn -0.69077611 0.71762037 0.08859682
vn -0.69375008 0.69212365 0.19918756
vn -0.46835643 0.86824930 0.16366252
vn -0.46085864 0.88684613 0.03336621
vn -0.54921466 0.83139944 0.08448824
vn -0.46835643 0.86824930 0.16366252
vn -0.54921466 0.83139944 0.08448824
vn -0.59473526 0.78808403 0.15878774
vn -0.46835643 0.86824930 0.16366252
vn -0.31841683 0.92647827 0.20062076
vn -0.34529680 0.93199748 0.11023054
vn -0.46835643 0.86824930 0.16366252
vn -0.34529680 0.93199748 0.11023054
vn -0.46085864 0.88684613 0.03336621
vn -0.46085864 0.88684613 0.03336621
vn -0.34529680 0.93199748 0.11023054
vn -0.32749966 0.94472581 0.01539801
vn -0.46085864 0.88684613 0.03336621
vn -0.54593766 0.83778799 -0.00796182
vn -0.54921466 0.83139944 0.08448824
vn -0.32749966 0.94472581 0.01539801
vn -0.34529680 0.93199748 0.11023054
vn -0.20000319 0.97221100 0.12167386
vn -0.32749966 0.94472581 0.01539801
vn -0.20000319 0.97221100 0.12167386
vn -0.19178085 0.98135012 0.01311434
vn -0.09024864 0.99552262 0.02810410
vn -0.19178085 0.98135012 0.01311434
vn -0.20000319 0.97221100 0.12167386
vn -0.09024864 0.99552262 0.02810410
vn -0.20000319 0.97221100 0.12167386
vn -0.09759856 0.98762667 0.12275219
vn -0.09024864 0.99552262 0.02810410
vn -0.09759856 0.98762667 0.12275219
vn 0.00104288 0.99186885 0.12725985
vn -0.09024864 0.99552262 0.02810410
vn 0.00104288 0.99186885 0.12725985
vn 0.01213357 0.99989593 0.00780647
vn 0.09603621 0.99182791 0.08399083
vn 0.19706917 0.97874129 0.05682649
vn 0.11351182 0.99333745 -0.01989326
vn 0.09603621 0.99182791 0.08399083
vn 0.11351182 0.99333745 -0.01989326
vn 0.01213357 0.99989593 0.00780647
vn 0.09603621 0.99182791 0.08399083
vn 0.01213357 0.99989593 0.00780647
vn 0.00104288 0.99186885 0.12725985
vn 0.09603621 0.99182791 0.08399083
vn 0.14868200 0.97525877 0.16359715
vn 0.19706917 0.97874129 0.05682649
vn 0.09603621 0.99182791 0.08399083
vn 0.00104288 0.99186885 0.12725985
vn 0.14868200 0.97525877 0.16359715
vn 0.28330150 0.95271552 0.10987880
vn 0.19706917 0.97874129 0.05682649
vn 0.14868200 0.97525877 0.16359715
vn 0.28330150 0.95271552 0.10987880
vn 0.14868200 0.97525877 0.16359715
vn 0.24202949 0.94730783 0.20983240
vn 0.28330150 0.95271552 0.10987880
vn 0.24202949 0.94730783 0.20983240
vn 0.37690571 0.91011214 0.17215694
vn 0.28330150 0.95271552 0.10987880
vn 0.37690571 0.91011214 0.17215694
vn 0.38566315 0.91847879 0.08752505
vn 0.29305035 0.95587116 0.02078051
vn 0.19706917 0.97874129 0.05682649
vn 0.28330150 0.95271552 0.10987880
vn 0.29305035 0.95587116 0.02078051
vn 0.28330150 0.95271552 0.10987880
vn 0.38566315 0.91847879 0.08752505
vn 0.29305035 0.95587116 0.02078051
vn 0.38566315 0.91847879 0.08752505
vn 0.39548928 0.91844618 -0.00669869
vn 0.50348747 0.85976160 0.08550088
vn 0.52523750 0.85085166 -0.01330506
vn 0.39548928 0.91844618 -0.00669869
vn 0.50348747 0.85976160 0.08550088
vn 0.39548928 0.91844618 -0.00669869
vn 0.38566315 0.91847879 0.08752505
vn 0.50348747 0.85976160 0.08550088
vn 0.38566315 0.91847879 0.08752505
vn 0.37690571 0.91011214 0.17215694
vn 0.50348747 0.85976160 0.08550088
vn 0.37690571 0.91011214 0.17215694
vn 0.52097130 0.84061420 0.14817786
vn 0.62885493 0.77371168 0.07688750
vn 0.50348747 0.85976160 0.08550088
vn 0.52097130 0.84061420 0.14817786
vn 0.62885493 0.77371168 0.07688750
vn 0.52097130 0.84061420 0.14817786
vn 0.61456019 0.76334316 0.19905530
vn 0.62885493 0.77371168 0.07688750
vn 0.61456019 0.76334316 0.19905530
vn 0.68705690 0.69845486 0.20028389
vn 0.62885493 0.77371168 0.07688750
vn 0.68705690 0.69845486 0.20028389
vn 0.71411365 0.69395477 0.09202442
vn 0.62885493 0.77371168 0.07688750
vn 0.71411365 0.69395477 0.09202442
vn 0.71688455 0.69712162 0.00989773
vn 0.62885493 0.77371168 0.07688750
vn 0.52523750 0.85085166 -0.01330506
vn 0.50348747 0.85976160 0.08550088
vn 0.81190616 0.58041096 0.06270196
vn 0.71688455 0.69712162 0.00989773
vn 0.71411365 0.69395477 0.09202442
vn 0.76474267 0.62126434 0.17087783
vn 0.81190616 0.58041096 0.06270196
vn 0.71411365 0.69395477 0.09202442
vn 0.76474267 0.62126434 0.17087783
vn 0.71411365 0.69395477 0.09202442
vn 0.68705690 0.69845486 0.20028389
vn 0.76474267 0.62126434 0.17087783
vn 0.82625604 0.52562463 0.20253313
vn 0.81190616 0.58041096 0.06270196
vn 0.87889463 0.46625799 0.10073613
vn 0.81190616 0.58041096 0.06270196
vn 0.82625604 0.52562463 0.20253313
vn 0.87889463 0.46625799 0.10073613
vn 0.89554024 0.39365834 0.20746280
vn 0.93853253 0.32732767 0.10960495
vn 0.87889463 0.46625799 0.10073613
vn 0.93853253 0.32732767 0.10960495
vn 0.94480991 0.32706350 0.01907204
vn 0.87889463 0.46625799 0.10073613
vn 0.94480991 0.32706350 0.01907204
vn 0.88555092 0.46454129 0.00097194
vn 0.87889463 0.46625799 0.10073613
vn 0.88555092 0.46454129 0.00097194
vn 0.81190616 0.58041096 0.06270196
vn 0.94480991 0.32706350 0.01907204
vn 0.93853253 0.32732767 0.10960495
vn 0.98574948 0.15222536 0.07159203
vn 0.94480991 0.32706350 0.01907204
vn 0.98574948 0.15222536 0.07159203
vn 0.99032456 0.13745424 -0.01906712
vn 0.93853253 0.32732767 0.10960495
vn 0.95464021 0.23698339 0.18028018
vn 0.98574948 0.15222536 0.07159203
vn 0.98683226 0.05344410 0.15266249
vn 0.98574948 0.15222536 0.07159203
vn 0.95464021 0.23698339 0.18028018
vn 0.98683226 0.05344410 0.15266249
vn 0.99651647 -0.00898548 0.08291104
vn 0.98574948 0.15222536 0.07159203
vn 0.98574948 0.15222536 0.07159203
vn 0.99651647 -0.00898548 0.08291104
vn 0.99991673 -0.01255932 0.00297052
vn 0.98165047 -0.09165348 0.16721854
vn 0.95164865 -0.12990639 0.27836871
vn 0.95809096 -0.24175473 0.15367614
vn 0.98165047 -0.09165348 0.16721854
vn 0.98683226 0.05344410 0.15266249
vn 0.96675348 0.07993878 0.24289410
vn 0.98165047 -0.09165348 0.16721854
vn 0.96675348 0.07993878 0.24289410
vn 0.95164865 -0.12990639 0.27836871
vn 0.95164865 -0.12990639 0.27836871
vn 0.96675348 0.07993878 0.24289410
vn 0.92347449 -0.03019013 0.38247022
vn 0.88994777 -0.32029694 0.32465810
vn 0.92117000 -0.31257880 0.23181966
vn 0.95164865 -0.12990639 0.27836871
vn 0.92117000 -0.31257880 0.23181966
vn 0.95809096 -0.24175473 0.15367614
vn 0.95164865 -0.12990639 0.27836871
vn 0.92117000 -0.31257880 0.23181966
vn 0.91777837 -0.37715510 0.12424540
vn 0.95809096 -0.24175473 0.15367614
vn 0.85974473 -0.45477960 0.23241027
vn 0.91777837 -0.37715510 0.12424540
vn 0.92117000 -0.31257880 0.23181966
vn 0.85974473 -0.45477960 0.23241027
vn 0.78532243 -0.50998652 0.35097358
vn 0.82022196 -0.54089886 0.18618380
vn 0.85974473 -0.45477960 0.23241027
vn 0.92117000 -0.31257880 0.23181966
vn 0.88994777 -0.32029694 0.32465810
vn 0.85974473 -0.45477960 0.23241027
vn 0.88994777 -0.32029694 0.32465810
vn 0.80792505 -0.41448802 0.41887566
vn 0.85974473 -0.45477960 0.23241027
vn 0.80792505 -0.41448802 0.41887566
vn 0.78532243 -0.50998652 0.35097358
vn 0.72031903 -0.62317193 0.30462638
vn 0.75813782 -0.62862504 0.17337132
vn 0.82022196 -0.54089886 0.18618380
vn 0.72031903 -0.62317193 0.30462638
vn 0.82022196 -0.54089886 0.18618380
vn 0.78532243 -0.50998652 0.35097358
vn 0.72031903 -0.62317193 0.30462638
vn 0.65823907 -0.70712477 0.25825548
vn 0.75813782 -0.62862504 0.17337132
vn 0.75813782 -0.62862504 0.17337132
vn 0.65823907 -0.70712477 0.25825548
vn 0.70576859 -0.69971573 0.11085382
vn 0.62692505 -0.75757766 0.18177207
vn 0.65823907 -0.70712477 0.25825548
vn 0.54165089 -0.78965586 0.28819776
vn 0.62692505 -0.75757766 0.18177207
vn 0.54165089 -0.78965586 0.28819776
vn 0.48987439 -0.85016543 0.19298144
vn 0.62692505 -0.75757766 0.18177207
vn 0.70576859 -0.69971573 0.11085382
vn 0.65823907 -0.70712477 0.25825548
vn 0.41196090 -0.85786265 0.30718055
vn 0.48987439 -0.85016543 0.19298144
vn 0.54165089 -0.78965586 0.28819776
vn 0.41196090 -0.85786265 0.30718055
vn 0.32384619 -0.91136396 0.25404605
vn 0.48987439 -0.85016543 0.19298144
vn 0.48987439 -0.85016543 0.19298144
vn 0.32384619 -0.91136396 0.25404605
vn 0.33168894 -0.92679077 0.17618555
vn 0.33168894 -0.92679077 0.17618555
vn 0.32384619 -0.91136396 0.25404605
vn 0.14804938 -0.95789427 0.24600807
vn 0.33168894 -0.92679077 0.17618555
vn 0.14804938 -0.95789427 0.24600807
vn 0.14287217 -0.97973353 0.14039144
vn 0.32384619 -0.91136396 0.25404605
vn 0.23838018 -0.89770538 0.37054005
vn 0.14804938 -0.95789427 0.24600807
vn 0.32384619 -0.91136396 0.25404605
vn 0.41196090 -0.85786265 0.30718055
vn 0.23838018 -0.89770538 0.37054005
vn 0.14804938 -0.95789427 0.24600807
vn 0.23838018 -0.89770538 0.37054005
vn 0.10072974 -0.90358704 0.41639405
vn 0.14804938 -0.95789427 0.24600807
vn 0.10072974 -0.90358704 0.41639405
vn -0.04118484 -0.94392413 0.32758361
vn 0.14804938 -0.95789427 0.24600807
vn -0.04118484 -0.94392413 0.32758361
vn -0.03173542 -0.97875017 0.20258574
vn 0.14287217 -0.97973353 0.14039144
vn 0.14804938 -0.95789427 0.24600807
vn -0.03173542 -0.97875017 0.20258574
vn -0.04118484 -0.94392413 0.32758361
vn -0.16994993 -0.92961955 0.32699317
vn -0.18678397 -0.96205831 0.19888566
vn -0.04118484 -0.94392413 0.32758361
vn -0.18678397 -0.96205831 0.19888566
vn -0.03173542 -0.97875017 0.20258574
vn -0.30685672 -0.89384407 0.32692763
vn -0.33083844 -0.92064846 0.20724937
vn -0.18678397 -0.96205831 0.19888566
vn -0.30685672 -0.89384407 0.32692763
vn -0.18678397 -0.96205831 0.19888566
vn -0.16994993 -0.92961955 0.32699317
vn -0.47333902 -0.82006806 0.32161871
vn -0.54504299 -0.81576484 0.19353518
vn -0.45388952 -0.86852473 0.19912094
vn -0.47333902 -0.82006806 0.32161871
vn -0.45388952 -0.86852473 0.19912094
vn -0.33083844 -0.92064846 0.20724937
vn -0.47333902 -0.82006806 0.32161871
vn -0.33083844 -0.92064846 0.20724937
vn -0.30685672 -0.89384407 0.32692763
vn -0.63840038 -0.72064322 0.27040392
vn -0.54504299 -0.81576484 0.19353518
vn -0.47333902 -0.82006806 0.32161871
vn -0.63840038 -0.72064322 0.27040392
vn -0.66064471 -0.73600113 0.14782035
vn -0.54504299 -0.81576484 0.19353518
vn -0.75646770 -0.62718999 0.18544358
vn -0.73605520 -0.61529493 0.28219661
vn -0.80610222 -0.50352120 0.31091088
vn -0.75646770 -0.62718999 0.18544358
vn -0.80610222 -0.50352120 0.31091088
vn -0.82322705 -0.54481691 0.15959868
vn -0.75646770 -0.62718999 0.18544358
vn -0.66064471 -0.73600113 0.14782035
vn -0.63840038 -0.72064322 0.27040392
vn -0.75646770 -0.62718999 0.18544358
vn -0.63840038 -0.72064322 0.27040392
vn -0.73605520 -0.61529493 0.28219661
vn -0.80610222 -0.50352120 0.31091088
vn -0.81718278 -0.39183927 0.42269880
vn -0.87894243 -0.41525465 0.23457140
vn -0.87894243 -0.41525465 0.23457140
vn -0.82322705 -0.54481691 0.15959868
vn -0.80610222 -0.50352120 0.31091088
vn -0.87894243 -0.41525465 0.23457140
vn -0.93742460 -0.30648097 0.16524076
vn -0.89837515 -0.42623833 0.10603291
vn -0.87894243 -0.41525465 0.23457140
vn -0.89837515 -0.42623833 0.10603291
vn -0.82322705 -0.54481691 0.15959868
vn -0.93742460 -0.30648097 0.16524076
vn -0.95079362 -0.14912453 0.27157569
vn -0.97299647 -0.14677243 0.17814520
vn -0.89925635 -0.29373461 0.32412654
vn -0.95079362 -0.14912453 0.27157569
vn -0.93742460 -0.30648097 0.16524076
vn -0.89925635 -0.29373461 0.32412654
vn -0.93742460 -0.30648097 0.16524076
vn -0.87894243 -0.41525465 0.23457140
vn -0.89925635 -0.29373461 0.32412654
vn -0.87894243 -0.41525465 0.23457140
vn -0.81718278 -0.39183927 0.42269880
vn -0.89925635 -0.29373461 0.32412654
vn -0.89424050 -0.19410260 0.40330896
vn -0.95079362 -0.14912453 0.27157569
vn -0.97299647 -0.14677243 0.17814520
vn -0.95079362 -0.14912453 0.27157569
vn -0.95920676 -0.00999789 0.28252870
vn -0.97299647 -0.14677243 0.17814520
vn -0.95920676 -0.00999789 0.28252870
vn -0.98426861 -0.00282401 0.17665586
vn -0.96738261 0.12925142 0.21786454
vn -0.94342762 0.25485176 0.21211997
vn -0.95890802 0.25052533 0.13316350
vn -0.96738261 0.12925142 0.21786454
vn -0.95890802 0.25052533 0.13316350
vn -0.98952597 0.10266382 0.10148132
vn -0.96738261 0.12925142 0.21786454
vn -0.98952597 0.10266382 0.10148132
vn -0.98426861 -0.00282401 0.17665586
vn -0.96738261 0.12925142 0.21786454
vn -0.98426861 -0.00282401 0.17665586
vn -0.95920676 -0.00999789 0.28252870
vn -0.94237554 0.13756591 0.30496556
vn -0.96738261 0.12925142 0.21786454
vn -0.95920676 -0.00999789 0.28252870
vn -0.89913428 0.26356584 0.34941462
vn -0.94342762 0.25485176 0.21211997
vn -0.96738261 0.12925142 0.21786454
vn -0.89913428 0.26356584 0.34941462
vn -0.96738261 0.12925142 0.21786454
vn -0.94237554 0.13756591 0.30496556
vn -0.89913428 0.26356584 0.34941462
vn -0.88210934 0.39210612 0.26102859
vn -0.94342762 0.25485176 0.21211997
vn -0.94342762 0.25485176 0.21211997
vn -0.88210934 0.39210612 0.26102859
vn -0.91748506 0.37709564 0.12657021
vn -0.94342762 0.25485176 0.21211997
vn -0.91748506 0.37709564 0.12657021
vn -0.95890802 0.25052533 0.13316350
vn -0.84318793 0.51521182 0.15359323
vn -0.88210934 0.39210612 0.26102859
vn -0.80260879 0.52190393 0.28885201
vn -0.84318793 0.51521182 0.15359323
vn -0.91748506 0.37709564 0.12657021
vn -0.88210934 0.39210612 0.26102859
vn -0.88210934 0.39210612 0.26102859
vn -0.81923681 0.39411363 0.41656390
vn -0.80260879 0.52190393 0.28885201
vn -0.75271547 0.61436141 0.23659986
vn -0.80260879 0.52190393 0.28885201
vn -0.68292898 0.63445216 0.36204752
vn -0.75271547 0.61436141 0.23659986
vn -0.68292898 0.63445216 0.36204752
vn -0.69375008 0.69212365 0.19918756
vn -0.75271547 0.61436141 0.23659986
vn -0.84318793 0.51521182 0.15359323
vn -0.80260879 0.52190393 0.28885201
vn -0.75271547 0.61436141 0.23659986
vn -0.69375008 0.69212365 0.19918756
vn -0.76761705 0.63241792 0.10397896
vn -0.75271547 0.61436141 0.23659986
vn -0.76761705 0.63241792 0.10397896
vn -0.84318793 0.51521182 0.15359323
vn -0.59473526 0.78808403 0.15878774
vn -0.69375008 0.69212365 0.19918756
vn -0.58273274 0.76759464 0.26687264
vn -0.58273274 0.76759464 0.26687264
vn -0.69375008 0.69212365 0.19918756
vn -0.68292898 0.63445216 0.36204752
vn -0.42367023 0.85396898 0.30206040
vn -0.58273274 0.76759464 0.26687264
vn -0.55567461 0.74708873 0.36480701
vn -0.46835643 0.86824930 0.16366252
vn -0.59473526 0.78808403 0.15878774
vn -0.58273274 0.76759464 0.26687264
vn -0.46835643 0.86824930 0.16366252
vn -0.58273274 0.76759464 0.26687264
vn -0.42367023 0.85396898 0.30206040
vn -0.46835643 0.86824930 0.16366252
vn -0.42367023 0.85396898 0.30206040
vn -0.31841683 0.92647827 0.20062076
vn -0.31841683 0.92647827 0.20062076
vn -0.19585128 0.94298613 0.26910862
vn -0.20000319 0.97221100 0.12167386
vn -0.31841683 0.92647827 0.20062076
vn -0.20000319 0.97221100 0.12167386
vn -0.34529680 0.93199748 0.11023054
vn -0.27688175 0.90183258 0.33171445
vn -0.19585128 0.94298613 0.26910862
vn -0.31841683 0.92647827 0.20062076
vn -0.27688175 0.90183258 0.33171445
vn -0.31841683 0.92647827 0.20062076
vn -0.42367023 0.85396898 0.30206040
vn -0.09594329 0.96845770 0.22996634
vn -0.19585128 0.94298613 0.26910862
vn -0.05701216 0.91720891 0.39430621
vn -0.09594329 0.96845770 0.22996634
vn -0.05701216 0.91720891 0.39430621
vn 0.04641099 0.96448660 0.26002228
vn -0.09594329 0.96845770 0.22996634
vn 0.04641099 0.96448660 0.26002228
vn 0.00104288 0.99186885 0.12725985
vn -0.09594329 0.96845770 0.22996634
vn 0.00104288 0.99186885 0.12725985
vn -0.09759856 0.98762667 0.12275219
vn -0.09594329 0.96845770 0.22996634
vn -0.09759856 0.98762667 0.12275219
vn -0.20000319 0.97221100 0.12167386
vn -0.09594329 0.96845770 0.22996634
vn -0.20000319 0.97221100 0.12167386
vn -0.19585128 0.94298613 0.26910862
vn 0.14868200 0.97525877 0.16359715
vn 0.04641099 0.96448660 0.26002228
vn 0.24202949 0.94730783 0.20983240
vn 0.14868200 0.97525877 0.16359715
vn 0.00104288 0.99186885 0.12725985
vn 0.04641099 0.96448660 0.26002228
vn 0.04641099 0.96448660 0.26002228
vn 0.21995355 0.92551786 0.30828100
vn 0.24202949 0.94730783 0.20983240
vn 0.21995355 0.92551786 0.30828100
vn 0.35728925 0.88915950 0.28590167
vn 0.24202949 0.94730783 0.20983240
vn 0.24202949 0.94730783 0.20983240
vn 0.35728925 0.88915950 0.28590167
vn 0.37690571 0.91011214 0.17215694
vn 0.49726799 0.83887076 0.22140555
vn 0.52097130 0.84061420 0.14817786
vn 0.37690571 0.91011214 0.17215694
vn 0.49726799 0.83887076 0.22140555
vn 0.37690571 0.91011214 0.17215694
vn 0.35728925 0.88915950 0.28590167
vn 0.47121951 0.81876600 0.32798541
vn 0.49726799 0.83887076 0.22140555
vn 0.35728925 0.88915950 0.28590167
vn 0.59371275 0.73486006 0.32785040
vn 0.61456019 0.76334316 0.19905530
vn 0.49726799 0.83887076 0.22140555
vn 0.59371275 0.73486006 0.32785040
vn 0.49726799 0.83887076 0.22140555
vn 0.47121951 0.81876600 0.32798541
vn 0.59371275 0.73486006 0.32785040
vn 0.70094675 0.63439786 0.32590342
vn 0.68705690 0.69845486 0.20028389
vn 0.59371275 0.73486006 0.32785040
vn 0.68705690 0.69845486 0.20028389
vn 0.61456019 0.76334316 0.19905530
vn 0.61456019 0.76334316 0.19905530
vn 0.52097130 0.84061420 0.14817786
vn 0.49726799 0.83887076 0.22140555
vn 0.70094675 0.63439786 0.32590342
vn 0.78419864 0.52816325 0.32569322
vn 0.82625604 0.52562463 0.20253313
vn 0.70094675 0.63439786 0.32590342
vn 0.82625604 0.52562463 0.20253313
vn 0.76474267 0.62126434 0.17087783
vn 0.70094675 0.63439786 0.32590342
vn 0.76474267 0.62126434 0.17087783
vn 0.68705690 0.69845486 0.20028389
vn 0.85208356 0.40981090 0.32558969
vn 0.89554024 0.39365834 0.20746280
vn 0.82625604 0.52562463 0.20253313
vn 0.85208356 0.40981090 0.32558969
vn 0.82625604 0.52562463 0.20253313
vn 0.78419864 0.52816325 0.32569322
vn 0.82625604 0.52562463 0.20253313
vn 0.89554024 0.39365834 0.20746280
vn 0.87889463 0.46625799 0.10073613
vn 0.95464021 0.23698339 0.18028018
vn 0.93853253 0.32732767 0.10960495
vn 0.89554024 0.39365834 0.20746280
vn 0.92096490 0.24225855 0.30517933
vn 0.96675348 0.07993878 0.24289410
vn 0.95464021 0.23698339 0.18028018
vn 0.92096490 0.24225855 0.30517933
vn 0.95464021 0.23698339 0.18028018
vn 0.89554024 0.39365834 0.20746280
vn 0.92096490 0.24225855 0.30517933
vn 0.89554024 0.39365834 0.20746280
vn 0.85208356 0.40981090 0.32558969
vn 0.96675348 0.07993878 0.24289410
vn 0.92096490 0.24225855 0.30517933
vn 0.91901791 0.10879472 0.37890607
vn 0.96675348 0.07993878 0.24289410
vn 0.91901791 0.10879472 0.37890607
vn 0.92347449 -0.03019013 0.38247022
vn 0.96675348 0.07993878 0.24289410
vn 0.98683226 0.05344410 0.15266249
vn 0.95464021 0.23698339 0.18028018
vn 0.92347449 -0.03019013 0.38247022
vn 0.89013749 -0.20687336 0.40602791
vn 0.95164865 -0.12990639 0.27836871
vn 0.84799510 -0.11337708 0.51773542
vn 0.89013749 -0.20687336 0.40602791
vn 0.92347449 -0.03019013 0.38247022
vn 0.84799510 -0.11337708 0.51773542
vn 0.92347449 -0.03019013 0.38247022
vn 0.85111964 0.05299927 0.52228963
vn 0.81444049 -0.29577005 0.49920616
vn 0.89013749 -0.20687336 0.40602791
vn 0.84799510 -0.11337708 0.51773542
vn 0.89013749 -0.20687336 0.40602791
vn 0.81444049 -0.29577005 0.49920616
vn 0.88994777 -0.32029694 0.32465810
vn 0.89013749 -0.20687336 0.40602791
vn 0.88994777 -0.32029694 0.32465810
vn 0.95164865 -0.12990639 0.27836871
vn 0.80792505 -0.41448802 0.41887566
vn 0.88994777 -0.32029694 0.32465810
vn 0.81444049 -0.29577005 0.49920616
vn 0.80792505 -0.41448802 0.41887566
vn 0.69589847 -0.49872324 0.51672089
vn 0.78532243 -0.50998652 0.35097358
vn 0.80792505 -0.41448802 0.41887566
vn 0.81444049 -0.29577005 0.49920616
vn 0.67924726 -0.37029701 0.63364291
vn 0.80792505 -0.41448802 0.41887566
vn 0.67924726 -0.37029701 0.63364291
vn 0.69589847 -0.49872324 0.51672089
vn 0.69589847 -0.49872324 0.51672089
vn 0.67693824 -0.60771441 0.41525626
vn 0.78532243 -0.50998652 0.35097358
vn 0.69589847 -0.49872324 0.51672089
vn 0.53476071 -0.62515849 0.56851375
vn 0.67693824 -0.60771441 0.41525626
vn 0.67693824 -0.60771441 0.41525626
vn 0.72031903 -0.62317193 0.30462638
vn 0.78532243 -0.50998652 0.35097358
vn 0.58347565 -0.70655388 0.40042201
vn 0.42598394 -0.79325867 0.43506140
vn 0.54165089 -0.78965586 0.28819776
vn 0.58347565 -0.70655388 0.40042201
vn 0.54165089 -0.78965586 0.28819776
vn 0.65823907 -0.70712477 0.25825548
vn 0.58347565 -0.70655388 0.40042201
vn 0.65823907 -0.70712477 0.25825548
vn 0.72031903 -0.62317193 0.30462638
vn 0.58347565 -0.70655388 0.40042201
vn 0.72031903 -0.62317193 0.30462638
vn 0.67693824 -0.60771441 0.41525626
vn 0.53476071 -0.62515849 0.56851375
vn 0.42598394 -0.79325867 0.43506140
vn 0.58347565 -0.70655388 0.40042201
vn 0.53476071 -0.62515849 0.56851375
vn 0.58347565 -0.70655388 0.40042201
vn 0.67693824 -0.60771441 0.41525626
vn 0.42598394 -0.79325867 0.43506140
vn 0.53476071 -0.62515849 0.56851375
vn 0.35886043 -0.73291749 0.57797158
vn 0.42598394 -0.79325867 0.43506140
vn 0.41196090 -0.85786265 0.30718055
vn 0.54165089 -0.78965586 0.28819776
vn 0.23838018 -0.89770538 0.37054005
vn 0.41196090 -0.85786265 0.30718055
vn 0.42598394 -0.79325867 0.43506140
vn 0.22807518 -0.81057167 0.53940272
vn 0.23838018 -0.89770538 0.37054005
vn 0.42598394 -0.79325867 0.43506140
vn 0.22807518 -0.81057167 0.53940272
vn 0.42598394 -0.79325867 0.43506140
vn 0.35886043 -0.73291749 0.57797158
vn 0.10072974 -0.90358704 0.41639405
vn 0.23838018 -0.89770538 0.37054005
vn 0.22807518 -0.81057167 0.53940272
vn 0.10072974 -0.90358704 0.41639405
vn 0.22807518 -0.81057167 0.53940272
vn 0.04342643 -0.81019777 0.58454573
vn 0.10072974 -0.90358704 0.41639405
vn 0.04342643 -0.81019777 0.58454573
vn -0.04232680 -0.88446790 0.46467727
vn 0.10072974 -0.90358704 0.41639405
vn -0.04232680 -0.88446790 0.46467727
vn -0.04118484 -0.94392413 0.32758361
vn -0.04118484 -0.94392413 0.32758361
vn -0.04232680 -0.88446790 0.46467727
vn -0.19473682 -0.86625278 0.46009097
vn -0.04118484 -0.94392413 0.32758361
vn -0.19473682 -0.86625278 0.46009097
vn -0.16994993 -0.92961955 0.32699317
vn -0.04232680 -0.88446790 0.46467727
vn 0.04342643 -0.81019777 0.58454573
vn -0.07963053 -0.80918133 0.58213794
vn -0.04232680 -0.88446790 0.46467727
vn -0.07963053 -0.80918133 0.58213794
vn -0.22522005 -0.78344560 0.57921404
vn -0.04232680 -0.88446790 0.46467727
vn -0.22522005 -0.78344560 0.57921404
vn -0.19473682 -0.86625278 0.46009097
vn -0.19473682 -0.86625278 0.46009097
vn -0.22522005 -0.78344560 0.57921404
vn -0.36872023 -0.80723798 0.46088195
vn -0.30685672 -0.89384407 0.32692763
vn -0.16994993 -0.92961955 0.32699317
vn -0.19473682 -0.86625278 0.46009097
vn -0.30685672 -0.89384407 0.32692763
vn -0.19473682 -0.86625278 0.46009097
vn -0.36872023 -0.80723798 0.46088195
vn -0.47333902 -0.82006806 0.32161871
vn -0.36872023 -0.80723798 0.46088195
vn -0.53419560 -0.73250043 0.42199308
vn -0.47333902 -0.82006806 0.32161871
vn -0.30685672 -0.89384407 0.32692763
vn -0.36872023 -0.80723798 0.46088195
vn -0.36872023 -0.80723798 0.46088195
vn -0.22522005 -0.78344560 0.57921404
vn -0.40454206 -0.70878309 0.57790327
vn -0.36872023 -0.80723798 0.46088195
vn -0.40454206 -0.70878309 0.57790327
vn -0.53419560 -0.73250043 0.42199308
vn -0.51954043 -0.65166456 0.55264008
vn -0.53419560 -0.73250043 0.42199308
vn -0.40454206 -0.70878309 0.57790327
vn -0.51954043 -0.65166456 0.55264008
vn -0.60012674 -0.55141562 0.57947278
vn -0.65914631 -0.62680447 0.41550240
vn -0.51954043 -0.65166456 0.55264008
vn -0.65914631 -0.62680447 0.41550240
vn -0.53419560 -0.73250043 0.42199308
vn -0.53419560 -0.73250043 0.42199308
vn -0.65914631 -0.62680447 0.41550240
vn -0.63840038 -0.72064322 0.27040392
vn -0.53419560 -0.73250043 0.42199308
vn -0.63840038 -0.72064322 0.27040392
vn -0.47333902 -0.82006806 0.32161871
vn -0.65914631 -0.62680447 0.41550240
vn -0.71362472 -0.52647829 0.46212593
vn -0.80610222 -0.50352120 0.31091088
vn -0.65914631 -0.62680447 0.41550240
vn -0.80610222 -0.50352120 0.31091088
vn -0.73605520 -0.61529493 0.28219661
vn -0.65914631 -0.62680447 0.41550240
vn -0.73605520 -0.61529493 0.28219661
vn -0.63840038 -0.72064322 0.27040392
vn -0.71362472 -0.52647829 0.46212593
vn -0.65914631 -0.62680447 0.41550240
vn -0.60012674 -0.55141562 0.57947278
vn -0.71362472 -0.52647829 0.46212593
vn -0.60012674 -0.55141562 0.57947278
vn -0.68566579 -0.41777620 0.59609181
vn -0.81718278 -0.39183927 0.42269880
vn -0.71362472 -0.52647829 0.46212593
vn -0.68566579 -0.41777620 0.59609181
vn -0.81718278 -0.39183927 0.42269880
vn -0.68566579 -0.41777620 0.59609181
vn -0.79216987 -0.28112957 0.54169470
vn -0.80610222 -0.50352120 0.31091088
vn -0.71362472 -0.52647829 0.46212593
vn -0.81718278 -0.39183927 0.42269880
vn -0.89925635 -0.29373461 0.32412654
vn -0.79216987 -0.28112957 0.54169470
vn -0.89424050 -0.19410260 0.40330896
vn -0.89925635 -0.29373461 0.32412654
vn -0.81718278 -0.39183927 0.42269880
vn -0.79216987 -0.28112957 0.54169470
vn -0.79216987 -0.28112957 0.54169470
vn -0.81940430 -0.11976703 0.56056440
vn -0.89424050 -0.19410260 0.40330896
vn -0.81940430 -0.11976703 0.56056440
vn -0.90186298 -0.05817712 0.42808712
vn -0.89424050 -0.19410260 0.40330896
vn -0.81940430 -0.11976703 0.56056440
vn -0.79475123 0.02401557 0.60646003
vn -0.90186298 -0.05817712 0.42808712
vn -0.90186298 -0.05817712 0.42808712
vn -0.89894485 0.05450418 0.43465784
vn -0.95920676 -0.00999789 0.28252870
vn -0.90186298 -0.05817712 0.42808712
vn -0.95920676 -0.00999789 0.28252870
vn -0.95079362 -0.14912453 0.27157569
vn -0.90186298 -0.05817712 0.42808712
vn -0.95079362 -0.14912453 0.27157569
vn -0.89424050 -0.19410260 0.40330896
vn -0.89894485 0.05450418 0.43465784
vn -0.88011396 0.16903035 0.44365320
vn -0.94237554 0.13756591 0.30496556
vn -0.89894485 0.05450418 0.43465784
vn -0.94237554 0.13756591 0.30496556
vn -0.95920676 -0.00999789 0.28252870
vn -0.89894485 0.05450418 0.43465784
vn -0.90186298 -0.05817712 0.42808712
vn -0.79475123 0.02401557 0.60646003
vn -0.89894485 0.05450418 0.43465784
vn -0.79475123 0.02401557 0.60646003
vn -0.77802336 0.15511340 0.60878527
vn -0.89894485 0.05450418 0.43465784
vn -0.77802336 0.15511340 0.60878527
vn -0.88011396 0.16903035 0.44365320
vn -0.79776490 0.27422252 0.53700387
vn -0.89913428 0.26356584 0.34941462
vn -0.88011396 0.16903035 0.44365320
vn -0.79776490 0.27422252 0.53700387
vn -0.88011396 0.16903035 0.44365320
vn -0.77802336 0.15511340 0.60878527
vn -0.79776490 0.27422252 0.53700387
vn -0.81923681 0.39411363 0.41656390
vn -0.89913428 0.26356584 0.34941462
vn -0.89913428 0.26356584 0.34941462
vn -0.81923681 0.39411363 0.41656390
vn -0.88210934 0.39210612 0.26102859
vn -0.89913428 0.26356584 0.34941462
vn -0.94237554 0.13756591 0.30496556
vn -0.88011396 0.16903035 0.44365320
vn -0.81923681 0.39411363 0.41656390
vn -0.72951108 0.52673954 0.43630147
vn -0.80260879 0.52190393 0.28885201
vn -0.81923681 0.39411363 0.41656390
vn -0.70719647 0.41727841 0.57074678
vn -0.72951108 0.52673954 0.43630147
vn -0.81923681 0.39411363 0.41656390
vn -0.79776490 0.27422252 0.53700387
vn -0.70719647 0.41727841 0.57074678
vn -0.72951108 0.52673954 0.43630147
vn -0.70719647 0.41727841 0.57074678
vn -0.62404776 0.54666984 0.55831581
vn -0.72951108 0.52673954 0.43630147
vn -0.62404776 0.54666984 0.55831581
vn -0.68292898 0.63445216 0.36204752
vn -0.68292898 0.63445216 0.36204752
vn -0.80260879 0.52190393 0.28885201
vn -0.72951108 0.52673954 0.43630147
vn -0.55567461 0.74708873 0.36480701
vn -0.56732386 0.66503441 0.48566741
vn -0.46789354 0.75701165 0.45607999
vn -0.55567461 0.74708873 0.36480701
vn -0.58273274 0.76759464 0.26687264
vn -0.68292898 0.63445216 0.36204752
vn -0.55567461 0.74708873 0.36480701
vn -0.68292898 0.63445216 0.36204752
vn -0.56732386 0.66503441 0.48566741
vn -0.56732386 0.66503441 0.48566741
vn -0.68292898 0.63445216 0.36204752
vn -0.62404776 0.54666984 0.55831581
vn -0.56732386 0.66503441 0.48566741
vn -0.41538209 0.68877804 0.59417385
vn -0.46789354 0.75701165 0.45607999
vn -0.46789354 0.75701165 0.45607999
vn -0.41538209 0.68877804 0.59417385
vn -0.34223723 0.81113303 0.47427514
vn -0.42367023 0.85396898 0.30206040
vn -0.55567461 0.74708873 0.36480701
vn -0.46789354 0.75701165 0.45607999
vn -0.42367023 0.85396898 0.30206040
vn -0.46789354 0.75701165 0.45607999
vn -0.34223723 0.81113303 0.47427514
vn -0.27688175 0.90183258 0.33171445
vn -0.20976746 0.87167597 0.44292057
vn -0.19585128 0.94298613 0.26910862
vn -0.27688175 0.90183258 0.33171445
vn -0.42367023 0.85396898 0.30206040
vn -0.34223723 0.81113303 0.47427514
vn -0.27688175 0.90183258 0.33171445
vn -0.34223723 0.81113303 0.47427514
vn -0.20976746 0.87167597 0.44292057
vn -0.20976746 0.87167597 0.44292057
vn -0.34223723 0.81113303 0.47427514
vn -0.24687003 0.75488311 0.60762382
vn -0.20976746 0.87167597 0.44292057
vn -0.24687003 0.75488311 0.60762382
vn -0.11979713 0.81284386 0.57002944
vn -0.05701216 0.91720891 0.39430621
vn -0.20976746 0.87167597 0.44292057
vn -0.11979713 0.81284386 0.57002944
vn -0.05701216 0.91720891 0.39430621
vn -0.11979713 0.81284386 0.57002944
vn 0.03182832 0.83201551 0.55383861
vn -0.05701216 0.91720891 0.39430621
vn -0.19585128 0.94298613 0.26910862
vn -0.20976746 0.87167597 0.44292057
vn 0.11412514 0.90725631 0.40479809
vn 0.21995355 0.92551786 0.30828100
vn 0.04641099 0.96448660 0.26002228
vn 0.11412514 0.90725631 0.40479809
vn 0.04641099 0.96448660 0.26002228
vn -0.05701216 0.91720891 0.39430621
vn 0.03182832 0.83201551 0.55383861
vn 0.23468517 0.86553085 0.44246948
vn 0.11412514 0.90725631 0.40479809
vn 0.03182832 0.83201551 0.55383861
vn 0.11412514 0.90725631 0.40479809
vn -0.05701216 0.91720891 0.39430621
vn 0.03182832 0.83201551 0.55383861
vn 0.18838814 0.79587501 0.57540673
vn 0.23468517 0.86553085 0.44246948
vn 0.23468517 0.86553085 0.44246948
vn 0.18838814 0.79587501 0.57540673
vn 0.33983788 0.74231714 0.57747334
vn 0.23468517 0.86553085 0.44246948
vn 0.33983788 0.74231714 0.57747334
vn 0.37008131 0.81511253 0.44568089
vn 0.23468517 0.86553085 0.44246948
vn 0.37008131 0.81511253 0.44568089
vn 0.35728925 0.88915950 0.28590167
vn 0.23468517 0.86553085 0.44246948
vn 0.35728925 0.88915950 0.28590167
vn 0.21995355 0.92551786 0.30828100
vn 0.23468517 0.86553085 0.44246948
vn 0.21995355 0.92551786 0.30828100
vn 0.11412514 0.90725631 0.40479809
vn 0.47121951 0.81876600 0.32798541
vn 0.37008131 0.81511253 0.44568089
vn 0.51260799 0.73392087 0.44563791
vn 0.47121951 0.81876600 0.32798541
vn 0.35728925 0.88915950 0.28590167
vn 0.37008131 0.81511253 0.44568089
vn 0.37008131 0.81511253 0.44568089
vn 0.33983788 0.74231714 0.57747334
vn 0.48823199 0.66958702 0.55971670
vn 0.37008131 0.81511253 0.44568089
vn 0.48823199 0.66958702 0.55971670
vn 0.51260799 0.73392087 0.44563791
vn 0.48823199 0.66958702 0.55971670
vn 0.61708027 0.61927843 0.48549575
vn 0.51260799 0.73392087 0.44563791
vn 0.59371275 0.73486006 0.32785040
vn 0.47121951 0.81876600 0.32798541
vn 0.51260799 0.73392087 0.44563791
vn 0.59371275 0.73486006 0.32785040
vn 0.51260799 0.73392087 0.44563791
vn 0.61708027 0.61927843 0.48549575
vn 0.59371275 0.73486006 0.32785040
vn 0.61708027 0.61927843 0.48549575
vn 0.70094675 0.63439786 0.32590342
vn 0.70094675 0.63439786 0.32590342
vn 0.72717178 0.49404499 0.47659290
vn 0.78419864 0.52816325 0.32569322
vn 0.70094675 0.63439786 0.32590342
vn 0.61708027 0.61927843 0.48549575
vn 0.72717178 0.49404499 0.47659290
vn 0.75858623 0.37171561 0.53513968
vn 0.85442466 0.32373205 0.40639398
vn 0.72717178 0.49404499 0.47659290
vn 0.85208356 0.40981090 0.32558969
vn 0.78419864 0.52816325 0.32569322
vn 0.72717178 0.49404499 0.47659290
vn 0.85208356 0.40981090 0.32558969
vn 0.72717178 0.49404499 0.47659290
vn 0.85442466 0.32373205 0.40639398
vn 0.85442466 0.32373205 0.40639398
vn 0.84621555 0.20903125 0.49012774
vn 0.92096490 0.24225855 0.30517933
vn 0.85442466 0.32373205 0.40639398
vn 0.92096490 0.24225855 0.30517933
vn 0.85208356 0.40981090 0.32558969
vn 0.84621555 0.20903125 0.49012774
vn 0.85442466 0.32373205 0.40639398
vn 0.75858623 0.37171561 0.53513968
vn 0.85111964 0.05299927 0.52228963
vn 0.91901791 0.10879472 0.37890607
vn 0.84621555 0.20903125 0.49012774
vn 0.85111964 0.05299927 0.52228963
vn 0.92347449 -0.03019013 0.38247022
vn 0.91901791 0.10879472 0.37890607
vn 0.91901791 0.10879472 0.37890607
vn 0.92096490 0.24225855 0.30517933
vn 0.84621555 0.20903125 0.49012774
vn 0.76724726 -0.10211284 0.63317025
vn 0.84799510 -0.11337708 0.51773542
vn 0.85111964 0.05299927 0.52228963
vn 0.76724726 -0.10211284 0.63317025
vn 0.85111964 0.05299927 0.52228963
vn 0.75753999 0.04988043 0.65088022
vn 0.64926982 -0.02771256 0.76005310
vn 0.64174879 -0.15056302 0.75199020
vn 0.76724726 -0.10211284 0.63317025
vn 0.64926982 -0.02771256 0.76005310
vn 0.76724726 -0.10211284 0.63317025
vn 0.75753999 0.04988043 0.65088022
vn 0.64174879 -0.15056302 0.75199020
vn 0.73278499 -0.24262737 0.63573432
vn 0.76724726 -0.10211284 0.63317025
vn 0.64174879 -0.15056302 0.75199020
vn 0.56162959 -0.26070151 0.78524321
vn 0.73278499 -0.24262737 0.63573432
vn 0.73278499 -0.24262737 0.63573432
vn 0.81444049 -0.29577005 0.49920616
vn 0.84799510 -0.11337708 0.51773542
vn 0.73278499 -0.24262737 0.63573432
vn 0.84799510 -0.11337708 0.51773542
vn 0.76724726 -0.10211284 0.63317025
vn 0.67924726 -0.37029701 0.63364291
vn 0.81444049 -0.29577005 0.49920616
vn 0.73278499 -0.24262737 0.63573432
vn 0.67924726 -0.37029701 0.63364291
vn 0.73278499 -0.24262737 0.63573432
vn 0.56162959 -0.26070151 0.78524321
vn 0.67924726 -0.37029701 0.63364291
vn 0.56162959 -0.26070151 0.78524321
vn 0.51325792 -0.40045804 0.75907815
vn 0.51325792 -0.40045804 0.75907815
vn 0.57659864 -0.50264883 0.64411038
vn 0.67924726 -0.37029701 0.63364291
vn 0.57659864 -0.50264883 0.64411038
vn 0.53476071 -0.62515849 0.56851375
vn 0.69589847 -0.49872324 0.51672089
vn 0.57659864 -0.50264883 0.64411038
vn 0.69589847 -0.49872324 0.51672089
vn 0.67924726 -0.37029701 0.63364291
vn 0.41687229 -0.47149038 0.77711922
vn 0.38569856 -0.60809237 0.69387341
vn 0.53476071 -0.62515849 0.56851375
vn 0.41687229 -0.47149038 0.77711922
vn 0.53476071 -0.62515849 0.56851375
vn 0.57659864 -0.50264883 0.64411038
vn 0.41687229 -0.47149038 0.77711922
vn 0.57659864 -0.50264883 0.64411038
vn 0.51325792 -0.40045804 0.75907815
vn 0.41687229 -0.47149038 0.77711922
vn 0.28409505 -0.45756182 0.84257179
vn 0.38569856 -0.60809237 0.69387341
vn 0.38569856 -0.60809237 0.69387341
vn 0.28409505 -0.45756182 0.84257179
vn 0.21978383 -0.63794541 0.73805195
vn 0.35886043 -0.73291749 0.57797158
vn 0.53476071 -0.62515849 0.56851375
vn 0.38569856 -0.60809237 0.69387341
vn 0.35886043 -0.73291749 0.57797158
vn 0.38569856 -0.60809237 0.69387341
vn 0.21978383 -0.63794541 0.73805195
vn 0.22807518 -0.81057167 0.53940272
vn 0.21978383 -0.63794541 0.73805195
vn 0.09355419 -0.73312753 0.67362577
vn 0.22807518 -0.81057167 0.53940272
vn 0.35886043 -0.73291749 0.57797158
vn 0.21978383 -0.63794541 0.73805195
vn 0.09355419 -0.73312753 0.67362577
vn 0.21978383 -0.63794541 0.73805195
vn 0.03349324 -0.54508609 0.83771080
vn 0.09355419 -0.73312753 0.67362577
vn 0.03349324 -0.54508609 0.83771080
vn -0.05298569 -0.66531050 0.74468410
vn 0.04342643 -0.81019777 0.58454573
vn 0.22807518 -0.81057167 0.53940272
vn 0.09355419 -0.73312753 0.67362577
vn -0.07963053 -0.80918133 0.58213794
vn -0.05298569 -0.66531050 0.74468410
vn -0.20570189 -0.69088960 0.69307888
vn -0.07963053 -0.80918133 0.58213794
vn -0.20570189 -0.69088960 0.69307888
vn -0.22522005 -0.78344560 0.57921404
vn -0.07963053 -0.80918133 0.58213794
vn 0.04342643 -0.81019777 0.58454573
vn 0.09355419 -0.73312753 0.67362577
vn -0.07963053 -0.80918133 0.58213794
vn 0.09355419 -0.73312753 0.67362577
vn -0.05298569 -0.66531050 0.74468410
vn -0.20570189 -0.69088960 0.69307888
vn -0.05298569 -0.66531050 0.74468410
vn -0.18427904 -0.55991435 0.80779773
vn -0.40454206 -0.70878309 0.57790327
vn -0.22522005 -0.78344560 0.57921404
vn -0.20570189 -0.69088960 0.69307888
vn -0.40454206 -0.70878309 0.57790327
vn -0.20570189 -0.69088960 0.69307888
vn -0.35393101 -0.62450284 0.69622481
vn -0.35393101 -0.62450284 0.69622481
vn -0.20570189 -0.69088960 0.69307888
vn -0.18427904 -0.55991435 0.80779773
vn -0.35393101 -0.62450284 0.69622481
vn -0.18427904 -0.55991435 0.80779773
vn -0.34410781 -0.46902099 0.81339359
vn -0.49191663 -0.51530737 0.70176661
vn -0.35393101 -0.62450284 0.69622481
vn -0.34410781 -0.46902099 0.81339359
vn -0.51954043 -0.65166456 0.55264008
vn -0.40454206 -0.70878309 0.57790327
vn -0.35393101 -0.62450284 0.69622481
vn -0.51954043 -0.65166456 0.55264008
vn -0.35393101 -0.62450284 0.69622481
vn -0.49191663 -0.51530737 0.70176661
vn -0.51954043 -0.65166456 0.55264008
vn -0.49191663 -0.51530737 0.70176661
vn -0.60012674 -0.55141562 0.57947278
vn -0.60012674 -0.55141562 0.57947278
vn -0.49191663 -0.51530737 0.70176661
vn -0.56257212 -0.38455182 0.73186922
vn -0.60012674 -0.55141562 0.57947278
vn -0.56257212 -0.38455182 0.73186922
vn -0.68566579 -0.41777620 0.59609181
vn -0.49191663 -0.51530737 0.70176661
vn -0.34410781 -0.46902099 0.81339359
vn -0.56257212 -0.38455182 0.73186922
vn -0.56257212 -0.38455182 0.73186922
vn -0.52442139 -0.24331458 0.81595355
vn -0.66646445 -0.20963374 0.71545708
vn -0.56257212 -0.38455182 0.73186922
vn -0.66646445 -0.20963374 0.71545708
vn -0.68566579 -0.41777620 0.59609181
vn -0.68566579 -0.41777620 0.59609181
vn -0.66646445 -0.20963374 0.71545708
vn -0.79216987 -0.28112957 0.54169470
vn -0.79216987 -0.28112957 0.54169470
vn -0.66646445 -0.20963374 0.71545708
vn -0.81940430 -0.11976703 0.56056440
vn -0.81940430 -0.11976703 0.56056440
vn -0.66646445 -0.20963374 0.71545708
vn -0.67904490 -0.04767966 0.73254669
vn -0.81940430 -0.11976703 0.56056440
vn -0.67904490 -0.04767966 0.73254669
vn -0.79475123 0.02401557 0.60646003
vn -0.60652518 0.10333461 0.78832048
vn -0.77802336 0.15511340 0.60878527
vn -0.79475123 0.02401557 0.60646003
vn -0.60652518 0.10333461 0.78832048
vn -0.79475123 0.02401557 0.60646003
vn -0.67904490 -0.04767966 0.73254669
vn -0.64173049 0.26275811 0.72051382
vn -0.77802336 0.15511340 0.60878527
vn -0.60652518 0.10333461 0.78832048
vn -0.77802336 0.15511340 0.60878527
vn -0.64173049 0.26275811 0.72051382
vn -0.79776490 0.27422252 0.53700387
vn -0.70719647 0.41727841 0.57074678
vn -0.64173049 0.26275811 0.72051382
vn -0.58155334 0.36183551 0.72860885
vn -0.70719647 0.41727841 0.57074678
vn -0.79776490 0.27422252 0.53700387
vn -0.64173049 0.26275811 0.72051382
vn -0.62404776 0.54666984 0.55831581
vn -0.70719647 0.41727841 0.57074678
vn -0.58155334 0.36183551 0.72860885
vn -0.62404776 0.54666984 0.55831581
vn -0.58155334 0.36183551 0.72860885
vn -0.51194185 0.46527705 0.72210306
vn -0.62404776 0.54666984 0.55831581
vn -0.51194185 0.46527705 0.72210306
vn -0.48719823 0.59607327 0.63822764
vn -0.48719823 0.59607327 0.63822764
vn -0.41538209 0.68877804 0.59417385
vn -0.56732386 0.66503441 0.48566741
vn -0.48719823 0.59607327 0.63822764
vn -0.56732386 0.66503441 0.48566741
vn -0.62404776 0.54666984 0.55831581
vn -0.51194185 0.46527705 0.72210306
vn -0.33912680 0.51769882 0.78548133
vn -0.48719823 0.59607327 0.63822764
vn -0.31126350 0.66222346 0.68159747
vn -0.41538209 0.68877804 0.59417385
vn -0.48719823 0.59607327 0.63822764
vn -0.31126350 0.66222346 0.68159747
vn -0.48719823 0.59607327 0.63822764
vn -0.33912680 0.51769882 0.78548133
vn -0.31126350 0.66222346 0.68159747
vn -0.33912680 0.51769882 0.78548133
vn -0.15106593 0.58730465 0.79514295
vn -0.41538209 0.68877804 0.59417385
vn -0.31126350 0.66222346 0.68159747
vn -0.34223723 0.81113303 0.47427514
vn -0.24687003 0.75488311 0.60762382
vn -0.10719526 0.71528131 0.69056630
vn -0.11979713 0.81284386 0.57002944
vn -0.24687003 0.75488311 0.60762382
vn -0.34223723 0.81113303 0.47427514
vn -0.31126350 0.66222346 0.68159747
vn -0.15106593 0.58730465 0.79514295
vn -0.10719526 0.71528131 0.69056630
vn -0.24687003 0.75488311 0.60762382
vn -0.15106593 0.58730465 0.79514295
vn -0.24687003 0.75488311 0.60762382
vn -0.31126350 0.66222346 0.68159747
vn -0.10719526 0.71528131 0.69056630
vn -0.15106593 0.58730465 0.79514295
vn 0.01927942 0.58252943 0.81258094
vn -0.10719526 0.71528131 0.69056630
vn 0.01927942 0.58252943 0.81258094
vn 0.06296537 0.69231856 0.71883959
vn -0.11979713 0.81284386 0.57002944
vn -0.10719526 0.71528131 0.69056630
vn 0.06296537 0.69231856 0.71883959
vn -0.11979713 0.81284386 0.57002944
vn 0.06296537 0.69231856 0.71883959
vn 0.03182832 0.83201551 0.55383861
vn 0.03182832 0.83201551 0.55383861
vn 0.06296537 0.69231856 0.71883959
vn 0.18838814 0.79587501 0.57540673
vn 0.23388693 0.67924500 0.69564587
vn 0.06296537 0.69231856 0.71883959
vn 0.20684838 0.54989612 0.80921441
vn 0.18838814 0.79587501 0.57540673
vn 0.06296537 0.69231856 0.71883959
vn 0.23388693 0.67924500 0.69564587
vn 0.18838814 0.79587501 0.57540673
vn 0.23388693 0.67924500 0.69564587
vn 0.33983788 0.74231714 0.57747334
vn 0.33983788 0.74231714 0.57747334
vn 0.38612306 0.59517658 0.70475090
vn 0.48823199 0.66958702 0.55971670
vn 0.33983788 0.74231714 0.57747334
vn 0.23388693 0.67924500 0.69564587
vn 0.38612306 0.59517658 0.70475090
vn 0.38612306 0.59517658 0.70475090
vn 0.23388693 0.67924500 0.69564587
vn 0.20684838 0.54989612 0.80921441
vn 0.38612306 0.59517658 0.70475090
vn 0.20684838 0.54989612 0.80921441
vn 0.32202128 0.47376308 0.81966507
vn 0.38612306 0.59517658 0.70475090
vn 0.32202128 0.47376308 0.81966507
vn 0.49541169 0.43472254 0.75205290
vn 0.38612306 0.59517658 0.70475090
vn 0.49541169 0.43472254 0.75205290
vn 0.53120321 0.55360192 0.64136422
vn 0.48823199 0.66958702 0.55971670
vn 0.38612306 0.59517658 0.70475090
vn 0.53120321 0.55360192 0.64136422
vn 0.48823199 0.66958702 0.55971670
vn 0.53120321 0.55360192 0.64136422
vn 0.61708027 0.61927843 0.48549575
vn 0.62168252 0.46689314 0.62890512
vn 0.72717178 0.49404499 0.47659290
vn 0.61708027 0.61927843 0.48549575
vn 0.62168252 0.46689314 0.62890512
vn 0.61708027 0.61927843 0.48549575
vn 0.53120321 0.55360192 0.64136422
vn 0.49541169 0.43472254 0.75205290
vn 0.62168252 0.46689314 0.62890512
vn 0.53120321 0.55360192 0.64136422
vn 0.54427129 0.29496875 0.78534210
vn 0.67018229 0.33762765 0.66095632
vn 0.62168252 0.46689314 0.62890512
vn 0.54427129 0.29496875 0.78534210
vn 0.62168252 0.46689314 0.62890512
vn 0.49541169 0.43472254 0.75205290
vn 0.67018229 0.33762765 0.66095632
vn 0.75858623 0.37171561 0.53513968
vn 0.72717178 0.49404499 0.47659290
vn 0.67018229 0.33762765 0.66095632
vn 0.72717178 0.49404499 0.47659290
vn 0.62168252 0.46689314 0.62890512
vn 0.74872231 0.19895011 0.63232410
vn 0.84621555 0.20903125 0.49012774
vn 0.75858623 0.37171561 0.53513968
vn 0.74872231 0.19895011 0.63232410
vn 0.75858623 0.37171561 0.53513968
vn 0.67018229 0.33762765 0.66095632
vn 0.61603630 0.14289379 0.77464873
vn 0.74872231 0.19895011 0.63232410
vn 0.67018229 0.33762765 0.66095632
vn 0.61603630 0.14289379 0.77464873
vn 0.67018229 0.33762765 0.66095632
vn 0.54427129 0.29496875 0.78534210
vn 0.61603630 0.14289379 0.77464873
vn 0.75753999 0.04988043 0.65088022
vn 0.74872231 0.19895011 0.63232410
vn 0.61603630 0.14289379 0.77464873
vn 0.64926982 -0.02771256 0.76005310
vn 0.75753999 0.04988043 0.65088022
vn 0.75753999 0.04988043 0.65088022
vn 0.85111964 0.05299927 0.52228963
vn 0.84621555 0.20903125 0.49012774
vn 0.75753999 0.04988043 0.65088022
vn 0.84621555 0.20903125 0.49012774
vn 0.74872231 0.19895011 0.63232410
vn 0.51079315 -0.01541810 0.85956538
vn 0.48805419 -0.13948886 0.86159503
vn 0.64174879 -0.15056302 0.75199020
vn 0.51079315 -0.01541810 0.85956538
vn 0.64174879 -0.15056302 0.75199020
vn 0.64926982 -0.02771256 0.76005310
vn 0.32699221 -0.06082356 0.94306767
vn 0.48805419 -0.13948886 0.86159503
vn 0.51079315 -0.01541810 0.85956538
vn 0.32699221 -0.06082356 0.94306767
vn 0.51079315 -0.01541810 0.85956538
vn 0.33093506 0.05831003 0.94185024
vn 0.29930171 -0.15145512 0.94206148
vn 0.48805419 -0.13948886 0.86159503
vn 0.32699221 -0.06082356 0.94306767
vn 0.48805419 -0.13948886 0.86159503
vn 0.56162959 -0.26070151 0.78524321
vn 0.64174879 -0.15056302 0.75199020
vn 0.56162959 -0.26070151 0.78524321
vn 0.37776512 -0.27622271 0.88373893
vn 0.51325792 -0.40045804 0.75907815
vn 0.56162959 -0.26070151 0.78524321
vn 0.48805419 -0.13948886 0.86159503
vn 0.37776512 -0.27622271 0.88373893
vn 0.37776512 -0.27622271 0.88373893
vn 0.48805419 -0.13948886 0.86159503
vn 0.29930171 -0.15145512 0.94206148
vn 0.37776512 -0.27622271 0.88373893
vn 0.29930171 -0.15145512 0.94206148
vn 0.18896048 -0.22438538 0.95600480
vn 0.37776512 -0.27622271 0.88373893
vn 0.28230792 -0.32289261 0.90335077
vn 0.41687229 -0.47149038 0.77711922
vn 0.37776512 -0.27622271 0.88373893
vn 0.41687229 -0.47149038 0.77711922
vn 0.51325792 -0.40045804 0.75907815
vn 0.41687229 -0.47149038 0.77711922
vn 0.28230792 -0.32289261 0.90335077
vn 0.28409505 -0.45756182 0.84257179
vn 0.28230792 -0.32289261 0.90335077
vn 0.37776512 -0.27622271 0.88373893
vn 0.18896048 -0.22438538 0.95600480
vn 0.28230792 -0.32289261 0.90335077
vn 0.18896048 -0.22438538 0.95600480
vn 0.10909779 -0.28627917 0.95191485
vn 0.15906672 -0.44158420 0.88300687
vn 0.28409505 -0.45756182 0.84257179
vn 0.28230792 -0.32289261 0.90335077
vn 0.15906672 -0.44158420 0.88300687
vn 0.28230792 -0.32289261 0.90335077
vn 0.10909779 -0.28627917 0.95191485
vn 0.28409505 -0.45756182 0.84257179
vn 0.15906672 -0.44158420 0.88300687
vn 0.21978383 -0.63794541 0.73805195
vn 0.15906672 -0.44158420 0.88300687
vn 0.03349324 -0.54508609 0.83771080
vn 0.21978383 -0.63794541 0.73805195
vn 0.15906672 -0.44158420 0.88300687
vn 0.10909779 -0.28627917 0.95191485
vn -0.00939190 -0.34398648 0.93892765
vn -0.00939190 -0.34398648 0.93892765
vn 0.03349324 -0.54508609 0.83771080
vn 0.15906672 -0.44158420 0.88300687
vn 0.03349324 -0.54508609 0.83771080
vn -0.12665565 -0.44242913 0.88781464
vn -0.18427904 -0.55991435 0.80779773
vn 0.03349324 -0.54508609 0.83771080
vn -0.18427904 -0.55991435 0.80779773
vn -0.05298569 -0.66531050 0.74468410
vn -0.00939190 -0.34398648 0.93892765
vn -0.12665565 -0.44242913 0.88781464
vn 0.03349324 -0.54508609 0.83771080
vn -0.12665565 -0.44242913 0.88781464
vn -0.00939190 -0.34398648 0.93892765
vn -0.16091664 -0.30054158 0.94009608
vn -0.34410781 -0.46902099 0.81339359
vn -0.12665565 -0.44242913 0.88781464
vn -0.28492245 -0.35384053 0.89085132
vn -0.34410781 -0.46902099 0.81339359
vn -0.18427904 -0.55991435 0.80779773
vn -0.12665565 -0.44242913 0.88781464
vn -0.16091664 -0.30054158 0.94009608
vn -0.28492245 -0.35384053 0.89085132
vn -0.12665565 -0.44242913 0.88781464
vn -0.16091664 -0.30054158 0.94009608
vn -0.22812451 -0.21095765 0.95050305
vn -0.28492245 -0.35384053 0.89085132
vn -0.40601635 -0.32258046 0.85503954
vn -0.56257212 -0.38455182 0.73186922
vn -0.34410781 -0.46902099 0.81339359
vn -0.40601635 -0.32258046 0.85503954
vn -0.34410781 -0.46902099 0.81339359
vn -0.28492245 -0.35384053 0.89085132
vn -0.36574763 -0.19569401 0.90990800
vn -0.40601635 -0.32258046 0.85503954
vn -0.28492245 -0.35384053 0.89085132
vn -0.36574763 -0.19569401 0.90990800
vn -0.28492245 -0.35384053 0.89085132
vn -0.22812451 -0.21095765 0.95050305
vn -0.36574763 -0.19569401 0.90990800
vn -0.22812451 -0.21095765 0.95050305
vn -0.31989226 -0.07725295 0.94429916
vn -0.52442139 -0.24331458 0.81595355
vn -0.40601635 -0.32258046 0.85503954
vn -0.36574763 -0.19569401 0.90990800
vn -0.52442139 -0.24331458 0.81595355
vn -0.56257212 -0.38455182 0.73186922
vn -0.40601635 -0.32258046 0.85503954
vn -0.51020217 -0.07567819 0.85671848
vn -0.66646445 -0.20963374 0.71545708
vn -0.52442139 -0.24331458 0.81595355
vn -0.51020217 -0.07567819 0.85671848
vn -0.52442139 -0.24331458 0.81595355
vn -0.36574763 -0.19569401 0.90990800
vn -0.36574763 -0.19569401 0.90990800
vn -0.31989226 -0.07725295 0.94429916
vn -0.51020217 -0.07567819 0.85671848
vn -0.31989226 -0.07725295 0.94429916
vn -0.38513726 0.05417689 0.92126769
vn -0.51020217 -0.07567819 0.85671848
vn -0.51020217 -0.07567819 0.85671848
vn -0.67904490 -0.04767966 0.73254669
vn -0.66646445 -0.20963374 0.71545708
vn -0.60652518 0.10333461 0.78832048
vn -0.67904490 -0.04767966 0.73254669
vn -0.51020217 -0.07567819 0.85671848
vn -0.60652518 0.10333461 0.78832048
vn -0.51020217 -0.07567819 0.85671848
vn -0.38513726 0.05417689 0.92126769
vn -0.38513726 0.05417689 0.92126769
vn -0.26754907 0.12600330 0.95526993
vn -0.43831027 0.20984675 0.87398422
vn -0.60652518 0.10333461 0.78832048
vn -0.38513726 0.05417689 0.92126769
vn -0.43831027 0.20984675 0.87398422
vn -0.60652518 0.10333461 0.78832048
vn -0.43831027 0.20984675 0.87398422
vn -0.64173049 0.26275811 0.72051382
vn -0.43831027 0.20984675 0.87398422
vn -0.38623697 0.35184216 0.85265946
vn -0.58155334 0.36183551 0.72860885
vn -0.43831027 0.20984675 0.87398422
vn -0.58155334 0.36183551 0.72860885
vn -0.64173049 0.26275811 0.72051382
vn -0.43831027 0.20984675 0.87398422
vn -0.24560603 0.23699079 0.93995374
vn -0.38623697 0.35184216 0.85265946
vn -0.43831027 0.20984675 0.87398422
vn -0.26754907 0.12600330 0.95526993
vn -0.24560603 0.23699079 0.93995374
vn -0.38623697 0.35184216 0.85265946
vn -0.51194185 0.46527705 0.72210306
vn -0.58155334 0.36183551 0.72860885
vn -0.38623697 0.35184216 0.85265946
vn -0.33912680 0.51769882 0.78548133
vn -0.51194185 0.46527705 0.72210306
vn -0.24560603 0.23699079 0.93995374
vn -0.22176701 0.41546845 0.88215947
vn -0.38623697 0.35184216 0.85265946
vn -0.24560603 0.23699079 0.93995374
vn -0.12941982 0.26548076 0.95539021
vn -0.22176701 0.41546845 0.88215947
vn -0.22176701 0.41546845 0.88215947
vn -0.12941982 0.26548076 0.95539021
vn -0.08558805 0.39282331 0.91562247
vn -0.33912680 0.51769882 0.78548133
vn -0.38623697 0.35184216 0.85265946
vn -0.22176701 0.41546845 0.88215947
vn -0.33912680 0.51769882 0.78548133
vn -0.22176701 0.41546845 0.88215947
vn -0.15106593 0.58730465 0.79514295
vn -0.15106593 0.58730465 0.79514295
vn -0.22176701 0.41546845 0.88215947
vn -0.08558805 0.39282331 0.91562247
vn -0.08558805 0.39282331 0.91562247
vn 0.03277715 0.29513758 0.95489240
vn 0.04891393 0.44642049 0.89348543
vn -0.15106593 0.58730465 0.79514295
vn -0.08558805 0.39282331 0.91562247
vn 0.04891393 0.44642049 0.89348543
vn -0.15106593 0.58730465 0.79514295
vn 0.04891393 0.44642049 0.89348543
vn 0.01927942 0.58252943 0.81258094
vn 0.04891393 0.44642049 0.89348543
vn 0.03277715 0.29513758 0.95489240
vn 0.15207288 0.25170279 0.95578218
vn 0.04891393 0.44642049 0.89348543
vn 0.15207288 0.25170279 0.95578218
vn 0.16605383 0.39403328 0.90397120
vn 0.20684838 0.54989612 0.80921441
vn 0.01927942 0.58252943 0.81258094
vn 0.04891393 0.44642049 0.89348543
vn 0.20684838 0.54989612 0.80921441
vn 0.04891393 0.44642049 0.89348543
vn 0.16605383 0.39403328 0.90397120
vn 0.20684838 0.54989612 0.80921441
vn 0.06296537 0.69231856 0.71883959
vn 0.01927942 0.58252943 0.81258094
vn 0.32202128 0.47376308 0.81966507
vn 0.20684838 0.54989612 0.80921441
vn 0.16605383 0.39403328 0.90397120
vn 0.16605383 0.39403328 0.90397120
vn 0.30706015 0.35376656 0.88349491
vn 0.32202128 0.47376308 0.81966507
vn 0.16605383 0.39403328 0.90397120
vn 0.15207288 0.25170279 0.95578218
vn 0.30706015 0.35376656 0.88349491
vn 0.30706015 0.35376656 0.88349491
vn 0.15207288 0.25170279 0.95578218
vn 0.27989516 0.19540471 0.93993390
vn 0.32202128 0.47376308 0.81966507
vn 0.30706015 0.35376656 0.88349491
vn 0.49541169 0.43472254 0.75205290
vn 0.40957853 0.31288412 0.85694164
vn 0.54427129 0.29496875 0.78534210
vn 0.49541169 0.43472254 0.75205290
vn 0.40957853 0.31288412 0.85694164
vn 0.49541169 0.43472254 0.75205290
vn 0.30706015 0.35376656 0.88349491
vn 0.27989516 0.19540471 0.93993390
vn 0.40957853 0.31288412 0.85694164
vn 0.30706015 0.35376656 0.88349491
vn 0.27989516 0.19540471 0.93993390
vn 0.45128122 0.14655665 0.88026494
vn 0.40957853 0.31288412 0.85694164
vn 0.27989516 0.19540471 0.93993390
vn 0.33093506 0.05831003 0.94185024
vn 0.45128122 0.14655665 0.88026494
vn 0.54427129 0.29496875 0.78534210
vn 0.40957853 0.31288412 0.85694164
vn 0.45128122 0.14655665 0.88026494
vn 0.61603630 0.14289379 0.77464873
vn 0.54427129 0.29496875 0.78534210
vn 0.45128122 0.14655665 0.88026494
vn 0.33093506 0.05831003 0.94185024
vn 0.51079315 -0.01541810 0.85956538
vn 0.45128122 0.14655665 0.88026494
vn 0.61603630 0.14289379 0.77464873
vn 0.45128122 0.14655665 0.88026494
vn 0.51079315 -0.01541810 0.85956538
vn 0.61603630 0.14289379 0.77464873
vn 0.51079315 -0.01541810 0.85956538
vn 0.64926982 -0.02771256 0.76005310
vn 0.32699221 -0.06082356 0.94306767
vn 0.34485412 0.00705079 0.93862981
vn 0.22954094 -0.14542660 0.96237314
vn 0.29930171 -0.15145512 0.94206148
vn 0.32699221 -0.06082356 0.94306767
vn 0.22954094 -0.14542660 0.96237314
vn 0.22954094 -0.14542660 0.96237314
vn 0.28265926 -0.45377243 0.84510016
vn 0.18896048 -0.22438538 0.95600480
vn 0.29930171 -0.15145512 0.94206148
vn 0.22954094 -0.14542660 0.96237314
vn 0.18896048 -0.22438538 0.95600480
vn 0.03913667 -0.23989601 0.97000939
vn 0.18896048 -0.22438538 0.95600480
vn 0.28265926 -0.45377243 0.84510016
vn 0.10909779 -0.28627917 0.95191485
vn 0.18896048 -0.22438538 0.95600480
vn 0.03913667 -0.23989601 0.97000939
vn 0.10909779 -0.28627917 0.95191485
vn 0.03913667 -0.23989601 0.97000939
vn -0.00939190 -0.34398648 0.93892765
vn -0.10641344 -0.23673218 0.96572977
vn -0.00939190 -0.34398648 0.93892765
vn 0.03913667 -0.23989601 0.97000939
vn -0.10641344 -0.23673218 0.96572977
vn 0.03913667 -0.23989601 0.97000939
vn -0.08642206 -0.65211397 0.75317895
vn -0.16091664 -0.30054158 0.94009608
vn -0.00939190 -0.34398648 0.93892765
vn -0.10641344 -0.23673218 0.96572977
vn -0.16091664 -0.30054158 0.94009608
vn -0.10641344 -0.23673218 0.96572977
vn -0.22812451 -0.21095765 0.95050305
vn -0.10641344 -0.23673218 0.96572977
vn -0.08642206 -0.65211397 0.75317895
vn -0.41398910 -0.49207991 0.76581353
vn -0.27353901 -0.18209259 0.94446743
vn -0.22812451 -0.21095765 0.95050305
vn -0.10641344 -0.23673218 0.96572977
vn -0.27353901 -0.18209259 0.94446743
vn -0.10641344 -0.23673218 0.96572977
vn -0.41398910 -0.49207991 0.76581353
vn -0.22812451 -0.21095765 0.95050305
vn -0.27353901 -0.18209259 0.94446743
vn -0.31989226 -0.07725295 0.94429916
vn -0.31989226 -0.07725295 0.94429916
vn -0.27353901 -0.18209259 0.94446743
vn -0.24836887 -0.00238548 0.96866256
vn -0.27353901 -0.18209259 0.94446743
vn -0.48544303 -0.03451476 0.87358677
vn -0.24836887 -0.00238548 0.96866256
vn -0.31989226 -0.07725295 0.94429916
vn -0.24836887 -0.00238548 0.96866256
vn -0.38513726 0.05417689 0.92126769
vn -0.24836887 -0.00238548 0.96866256
vn -0.26754907 0.12600330 0.95526993
vn -0.38513726 0.05417689 0.92126769
vn -0.24836887 -0.00238548 0.96866256
vn -0.42235601 0.13570338 0.89621425
vn -0.26754907 0.12600330 0.95526993
vn -0.24836887 -0.00238548 0.96866256
vn -0.48544303 -0.03451476 0.87358677
vn -0.42235601 0.13570338 0.89621425
vn -0.42235601 0.13570338 0.89621425
vn -0.21418671 0.21423988 0.95300859
vn -0.26754907 0.12600330 0.95526993
vn -0.26754907 0.12600330 0.95526993
vn -0.21418671 0.21423988 0.95300859
vn -0.24560603 0.23699079 0.93995374
vn -0.12941982 0.26548076 0.95539021
vn -0.24560603 0.23699079 0.93995374
vn -0.21418671 0.21423988 0.95300859
vn -0.12941982 0.26548076 0.95539021
vn -0.21418671 0.21423988 0.95300859
vn -0.03277822 0.33238274 0.94257480
vn 0.03277715 0.29513758 0.95489240
vn -0.12941982 0.26548076 0.95539021
vn -0.03277822 0.33238274 0.94257480
vn 0.03277715 0.29513758 0.95489240
vn -0.08558805 0.39282331 0.91562247
vn -0.12941982 0.26548076 0.95539021
vn 0.03277715 0.29513758 0.95489240
vn -0.03277822 0.33238274 0.94257480
vn 0.18331376 0.30788514 0.93359667
vn 0.03277715 0.29513758 0.95489240
vn 0.18331376 0.30788514 0.93359667
vn 0.15207288 0.25170279 0.95578218
vn 0.27989516 0.19540471 0.93993390
vn 0.15207288 0.25170279 0.95578218
vn 0.27200967 0.16663051 0.94775790
vn 0.27200967 0.16663051 0.94775790
vn 0.15207288 0.25170279 0.95578218
vn 0.18331376 0.30788514 0.93359667
vn 0.27200967 0.16663051 0.94775790
vn 0.34485412 0.00705079 0.93862981
vn 0.33093506 0.05831003 0.94185024
vn 0.27989516 0.19540471 0.93993390
vn 0.27200967 0.16663051 0.94775790
vn 0.33093506 0.05831003 0.94185024
vn 0.34485412 0.00705079 0.93862981
vn 0.32699221 -0.06082356 0.94306767
vn 0.33093506 0.05831003 0.94185024
vn -0.68963701 0.34410280 0.63717663
vn -0.86730188 0.32127509 0.38022333
vn -0.80193722 0.18943901 0.56657702
vn -0.68963701 0.34410280 0.63717663
vn -0.79918987 0.47789010 0.36457726
vn -0.86730188 0.32127509 0.38022333
vn -0.86730188 0.32127509 0.38022333
vn -0.79918987 0.47789010 0.36457726
vn -0.84380555 0.43054655 0.32034653
vn -0.86730188 0.32127509 0.38022333
vn -0.84380555 0.43054655 0.32034653
vn -0.88809121 0.30871227 0.34057412
vn -0.92284596 0.17912979 0.34098068
vn -0.80193722 0.18943901 0.56657702
vn -0.86730188 0.32127509 0.38022333
vn -0.92284596 0.17912979 0.34098068
vn -0.86730188 0.32127509 0.38022333
vn -0.88809121 0.30871227 0.34057412
vn -0.92284596 0.17912979 0.34098068
vn -0.92506272 0.09828115 0.36687839
vn -0.80193722 0.18943901 0.56657702
vn -0.80193722 0.18943901 0.56657702
vn -0.92506272 0.09828115 0.36687839
vn -0.87617648 0.04681601 0.47971144
vn -0.57600617 0.66427588 0.47639731
vn -0.69278282 0.62361878 0.36214858
vn -0.71520603 0.54176891 0.44155049
vn -0.57600617 0.66427588 0.47639731
vn -0.55583256 0.75425988 0.34948853
vn -0.69278282 0.62361878 0.36214858
vn -0.69278282 0.62361878 0.36214858
vn -0.55583256 0.75425988 0.34948853
vn -0.65350747 0.68576121 0.32040527
vn -0.79918987 0.47789010 0.36457726
vn -0.71520603 0.54176891 0.44155049
vn -0.69278282 0.62361878 0.36214858
vn -0.71520603 0.54176891 0.44155049
vn -0.79918987 0.47789010 0.36457726
vn -0.68963701 0.34410280 0.63717663
vn -0.40098038 0.84808785 0.34635490
vn -0.45261919 0.78427005 0.42433053
vn -0.27101120 0.71049267 0.64942521
vn -0.40098038 0.84808785 0.34635490
vn -0.27101120 0.71049267 0.64942521
vn -0.22074422 0.89726698 0.38234010
vn -0.40098038 0.84808785 0.34635490
vn -0.22074422 0.89726698 0.38234010
vn -0.24609549 0.90873969 0.33708927
vn -0.55583256 0.75425988 0.34948853
vn -0.45261919 0.78427005 0.42433053
vn -0.40098038 0.84808785 0.34635490
vn -0.45261919 0.78427005 0.42433053
vn -0.55583256 0.75425988 0.34948853
vn -0.57600617 0.66427588 0.47639731
vn 0.03468879 0.92215508 0.38526192
vn -0.09784070 0.81639946 0.56913888
vn 0.14125001 0.86160570 0.48752850
vn 0.03468879 0.92215508 0.38526192
vn -0.09382806 0.93300438 0.34741786
vn -0.09784070 0.81639946 0.56913888
vn 0.03468879 0.92215508 0.38526192
vn 0.13553615 0.93241888 0.33499992
vn -0.01581447 0.94908291 0.31462926
vn 0.03468879 0.92215508 0.38526192
vn -0.01581447 0.94908291 0.31462926
vn -0.09382806 0.93300438 0.34741786
vn -0.22074422 0.89726698 0.38234010
vn -0.09784070 0.81639946 0.56913888
vn -0.09382806 0.93300438 0.34741786
vn -0.22074422 0.89726698 0.38234010
vn -0.09382806 0.93300438 0.34741786
vn -0.24609549 0.90873969 0.33708927
vn -0.22074422 0.89726698 0.38234010
vn -0.27101120 0.71049267 0.64942521
vn -0.09784070 0.81639946 0.56913888
vn 0.30985841 0.88060498 0.35850057
vn 0.37766835 0.80142498 0.46377212
vn 0.43738914 0.84040022 0.32002845
vn 0.13553615 0.93241888 0.33499992
vn 0.14125001 0.86160570 0.48752850
vn 0.30985841 0.88060498 0.35850057
vn 0.13553615 0.93241888 0.33499992
vn 0.03468879 0.92215508 0.38526192
vn 0.14125001 0.86160570 0.48752850
vn 0.14125001 0.86160570 0.48752850
vn 0.37766835 0.80142498 0.46377212
vn 0.30985841 0.88060498 0.35850057
vn 0.67741108 0.62735283 0.38411275
vn 0.47672671 0.62069589 0.62246948
vn 0.72169012 0.50928640 0.46881849
vn 0.67741108 0.62735283 0.38411275
vn 0.55589223 0.75749010 0.34233397
vn 0.47672671 0.62069589 0.62246948
vn 0.67741108 0.62735283 0.38411275
vn 0.69250137 0.64015746 0.33262640
vn 0.55589223 0.75749010 0.34233397
vn 0.55589223 0.75749010 0.34233397
vn 0.43738914 0.84040022 0.32002845
vn 0.37766835 0.80142498 0.46377212
vn 0.55589223 0.75749010 0.34233397
vn 0.37766835 0.80142498 0.46377212
vn 0.47672671 0.62069589 0.62246948
vn 0.81116074 0.37486079 0.44888487
vn 0.84873676 0.19812663 0.49029762
vn 0.90266508 0.21691665 0.37167588
vn 0.87745488 0.33448756 0.34378913
vn 0.79918945 0.48414963 0.35622370
vn 0.81116074 0.37486079 0.44888487
vn 0.87745488 0.33448756 0.34378913
vn 0.81116074 0.37486079 0.44888487
vn 0.90266508 0.21691665 0.37167588
vn 0.79918945 0.48414963 0.35622370
vn 0.72169012 0.50928640 0.46881849
vn 0.81116074 0.37486079 0.44888487
vn 0.79918945 0.48414963 0.35622370
vn 0.77851385 0.54467088 0.31184903
vn 0.69250137 0.64015746 0.33262640
vn 0.79918945 0.48414963 0.35622370
vn 0.69250137 0.64015746 0.33262640
vn 0.67741108 0.62735283 0.38411275
vn 0.79918945 0.48414963 0.35622370
vn 0.67741108 0.62735283 0.38411275
vn 0.72169012 0.50928640 0.46881849
vn 0.88970518 0.03523278 0.45517403
vn 0.66534072 -0.10182223 0.73956335
vn 0.91663790 -0.14416803 0.37281436
vn 0.93906170 0.02434567 0.34288546
vn 0.88970518 0.03523278 0.45517403
vn 0.91663790 -0.14416803 0.37281436
vn 0.90266508 0.21691665 0.37167588
vn 0.88970518 0.03523278 0.45517403
vn 0.93906170 0.02434567 0.34288546
vn 0.90266508 0.21691665 0.37167588
vn 0.93906170 0.02434567 0.34288546
vn 0.92582822 0.20845546 0.31525934
vn 0.90266508 0.21691665 0.37167588
vn 0.92582822 0.20845546 0.31525934
vn 0.87745488 0.33448756 0.34378913
vn 0.84873676 0.19812663 0.49029762
vn 0.88970518 0.03523278 0.45517403
vn 0.90266508 0.21691665 0.37167588
vn 0.88125998 -0.31636941 0.35112852
vn 0.83764893 -0.30431277 0.45358354
vn 0.76028061 -0.46293184 0.45570546
vn 0.88125998 -0.31636941 0.35112852
vn 0.76028061 -0.46293184 0.45570546
vn 0.82053661 -0.46372554 0.33418310
vn 0.91663790 -0.14416803 0.37281436
vn 0.83764893 -0.30431277 0.45358354
vn 0.88125998 -0.31636941 0.35112852
vn 0.91663790 -0.14416803 0.37281436
vn 0.66534072 -0.10182223 0.73956335
vn 0.83764893 -0.30431277 0.45358354
vn 0.63791817 -0.61483270 0.46372527
vn 0.49244100 -0.72023118 0.48863983
vn 0.55800927 -0.74626970 0.36291489
vn 0.63791817 -0.61483270 0.46372527
vn 0.55800927 -0.74626970 0.36291489
vn 0.70236540 -0.61941481 0.35072514
vn 0.82053661 -0.46372554 0.33418310
vn 0.76028061 -0.46293184 0.45570546
vn 0.70236540 -0.61941481 0.35072514
vn 0.76028061 -0.46293184 0.45570546
vn 0.63791817 -0.61483270 0.46372527
vn 0.70236540 -0.61941481 0.35072514
vn 0.36231229 -0.79961532 0.47889999
vn 0.14815058 -0.80583173 0.57331198
vn 0.22944370 -0.90218520 0.36526349
vn 0.36231229 -0.79961532 0.47889999
vn 0.22944370 -0.90218520 0.36526349
vn 0.39667851 -0.84453458 0.35973260
vn 0.49244100 -0.72023118 0.48863983
vn 0.36231229 -0.79961532 0.47889999
vn 0.39667851 -0.84453458 0.35973260
vn 0.49244100 -0.72023118 0.48863983
vn 0.39667851 -0.84453458 0.35973260
vn 0.55800927 -0.74626970 0.36291489
vn -0.12013297 -0.88074630 0.45809832
vn 0.04851910 -0.92177486 0.38467786
vn 0.14815058 -0.80583173 0.57331198
vn -0.12013297 -0.88074630 0.45809832
vn 0.14815058 -0.80583173 0.57331198
vn -0.04431611 0.04518906 0.99799502
vn 0.04851910 -0.92177486 0.38467786
vn -0.12013297 -0.88074630 0.45809832
vn -0.08352932 -0.93792665 0.33662504
vn 0.04851910 -0.92177486 0.38467786
vn -0.08352932 -0.93792665 0.33662504
vn 0.06260208 -0.94372737 0.32474548
vn 0.22944370 -0.90218520 0.36526349
vn 0.04851910 -0.92177486 0.38467786
vn 0.06260208 -0.94372737 0.32474548
vn 0.22944370 -0.90218520 0.36526349
vn 0.06260208 -0.94372737 0.32474548
vn 0.20596297 -0.92410690 0.32187837
vn 0.14815058 -0.80583173 0.57331198
vn 0.04851910 -0.92177486 0.38467786
vn 0.22944370 -0.90218520 0.36526349
vn -0.40365890 -0.84437126 0.35227364
vn -0.23223516 -0.90076208 0.36700746
vn -0.38624388 -0.78296679 0.48762554
vn -0.40365890 -0.84437126 0.35227364
vn -0.31060302 -0.89576977 0.31799731
vn -0.23223516 -0.90076208 0.36700746
vn -0.23223516 -0.90076208 0.36700746
vn -0.08352932 -0.93792665 0.33662504
vn -0.12013297 -0.88074630 0.45809832
vn -0.12013297 -0.88074630 0.45809832
vn -0.38624388 -0.78296679 0.48762554
vn -0.23223516 -0.90076208 0.36700746
vn -0.72240871 -0.57533216 0.38356036
vn -0.55023414 -0.69135630 0.46826157
vn -0.52248091 -0.48883191 0.69861084
vn -0.72240871 -0.57533216 0.38356036
vn -0.52248091 -0.48883191 0.69861084
vn -0.68558151 -0.44291654 0.57775688
vn -0.64529967 -0.69276696 0.32196623
vn -0.54096061 -0.76862001 0.34144527
vn -0.55023414 -0.69135630 0.46826157
vn -0.64529967 -0.69276696 0.32196623
vn -0.55023414 -0.69135630 0.46826157
vn -0.72240871 -0.57533216 0.38356036
vn -0.54096061 -0.76862001 0.34144527
vn -0.40365890 -0.84437126 0.35227364
vn -0.38624388 -0.78296679 0.48762554
vn -0.38624388 -0.78296679 0.48762554
vn -0.55023414 -0.69135630 0.46826157
vn -0.54096061 -0.76862001 0.34144527
vn -0.12715198 0.06711684 0.98960990
vn -0.85046905 -0.35192561 0.39096126
vn -0.68558151 -0.44291654 0.57775688
vn -0.12715198 0.06711684 0.98960990
vn -0.85368198 -0.14783780 0.49937069
vn -0.85046905 -0.35192561 0.39096126
vn -0.85046905 -0.35192561 0.39096126
vn -0.89093220 -0.31178328 0.33019835
vn -0.83015430 -0.45288283 0.32517833
vn -0.72240871 -0.57533216 0.38356036
vn -0.85046905 -0.35192561 0.39096126
vn -0.83015430 -0.45288283 0.32517833
vn -0.72240871 -0.57533216 0.38356036
vn -0.83015430 -0.45288283 0.32517833
vn -0.75465304 -0.57125050 0.32275641
vn -0.68558151 -0.44291654 0.57775688
vn -0.85046905 -0.35192561 0.39096126
vn -0.72240871 -0.57533216 0.38356036
vn -0.87617648 0.04681601 0.47971144
vn -0.92603308 -0.04981275 0.37414089
vn -0.85368198 -0.14783780 0.49937069
vn -0.87617648 0.04681601 0.47971144
vn -0.92506272 0.09828115 0.36687839
vn -0.92603308 -0.04981275 0.37414089
vn -0.92603308 -0.04981275 0.37414089
vn -0.92506272 0.09828115 0.36687839
vn -0.94624341 0.03192236 0.32187629
vn -0.92603308 -0.04981275 0.37414089
vn -0.94624341 0.03192236 0.32187629
vn -0.94244337 -0.10957196 0.31590265
vn -0.91849518 -0.18624261 0.34882703
vn -0.85368198 -0.14783780 0.49937069
vn -0.92603308 -0.04981275 0.37414089
vn -0.91849518 -0.18624261 0.34882703
vn -0.92603308 -0.04981275 0.37414089
vn -0.94244337 -0.10957196 0.31590265
vn -0.91849518 -0.18624261 0.34882703
vn -0.89093220 -0.31178328 0.33019835
vn -0.85046905 -0.35192561 0.39096126
vn -0.91849518 -0.18624261 0.34882703
vn -0.85046905 -0.35192561 0.39096126
vn -0.85368198 -0.14783780 0.49937069
vn -0.88809121 0.30871227 0.34057412
vn -0.84380555 0.43054655 0.32034653
vn -0.90458047 0.31132403 0.29122421
vn -0.90458047 0.31132403 0.29122421
vn -0.84380555 0.43054655 0.32034653
vn -0.86763233 0.41720489 0.27047041
vn -0.93876278 0.16463129 0.30268952
vn -0.90458047 0.31132403 0.29122421
vn -0.95425916 0.15569039 0.25524482
vn -0.93876278 0.16463129 0.30268952
vn -0.95425916 0.15569039 0.25524482
vn -0.96177876 0.02359141 0.27280959
vn -0.93876278 0.16463129 0.30268952
vn -0.96177876 0.02359141 0.27280959
vn -0.94624341 0.03192236 0.32187629
vn -0.92284596 0.17912979 0.34098068
vn -0.88809121 0.30871227 0.34057412
vn -0.90458047 0.31132403 0.29122421
vn -0.92284596 0.17912979 0.34098068
vn -0.90458047 0.31132403 0.29122421
vn -0.93876278 0.16463129 0.30268952
vn -0.92284596 0.17912979 0.34098068
vn -0.93876278 0.16463129 0.30268952
vn -0.94624341 0.03192236 0.32187629
vn -0.92284596 0.17912979 0.34098068
vn -0.94624341 0.03192236 0.32187629
vn -0.92506272 0.09828115 0.36687839
vn -0.65350747 0.68576121 0.32040527
vn -0.69881022 0.65601259 0.28515208
vn -0.77508581 0.54980856 0.31137198
vn -0.65350747 0.68576121 0.32040527
vn -0.77508581 0.54980856 0.31137198
vn -0.69278282 0.62361878 0.36214858
vn -0.69881022 0.65601259 0.28515208
vn -0.76726735 0.58268070 0.26792547
vn -0.77508581 0.54980856 0.31137198
vn -0.69881022 0.65601259 0.28515208
vn -0.65350747 0.68576121 0.32040527
vn -0.63644642 0.72678995 0.25828722
vn -0.77508581 0.54980856 0.31137198
vn -0.76726735 0.58268070 0.26792547
vn -0.82920331 0.49936059 0.25111914
vn -0.77508581 0.54980856 0.31137198
vn -0.82920331 0.49936059 0.25111914
vn -0.86763233 0.41720489 0.27047041
vn -0.77508581 0.54980856 0.31137198
vn -0.86763233 0.41720489 0.27047041
vn -0.84380555 0.43054655 0.32034653
vn -0.77508581 0.54980856 0.31137198
vn -0.84380555 0.43054655 0.32034653
vn -0.79918987 0.47789010 0.36457726
vn -0.77508581 0.54980856 0.31137198
vn -0.79918987 0.47789010 0.36457726
vn -0.69278282 0.62361878 0.36214858
vn -0.39333510 0.87051052 0.29580212
vn -0.52753931 0.79891729 0.28884852
vn -0.40098038 0.84808785 0.34635490
vn -0.39333510 0.87051052 0.29580212
vn -0.40098038 0.84808785 0.34635490
vn -0.24609549 0.90873969 0.33708927
vn -0.39333510 0.87051052 0.29580212
vn -0.24609549 0.90873969 0.33708927
vn -0.28793451 0.90937841 0.30020759
vn -0.52753931 0.79891729 0.28884852
vn -0.63644642 0.72678995 0.25828722
vn -0.65350747 0.68576121 0.32040527
vn -0.52753931 0.79891729 0.28884852
vn -0.65350747 0.68576121 0.32040527
vn -0.55583256 0.75425988 0.34948853
vn -0.55583256 0.75425988 0.34948853
vn -0.40098038 0.84808785 0.34635490
vn -0.52753931 0.79891729 0.28884852
vn -0.01581447 0.94908291 0.31462926
vn -0.15702347 0.94196332 0.29673007
vn -0.09382806 0.93300438 0.34741786
vn -0.01581447 0.94908291 0.31462926
vn 0.13553615 0.93241888 0.33499992
vn 0.06340890 0.95821720 0.27892482
vn -0.01581447 0.94908291 0.31462926
vn 0.06340890 0.95821720 0.27892482
vn -0.04551605 0.96557689 0.25610468
vn -0.01581447 0.94908291 0.31462926
vn -0.04551605 0.96557689 0.25610468
vn -0.15702347 0.94196332 0.29673007
vn -0.24609549 0.90873969 0.33708927
vn -0.09382806 0.93300438 0.34741786
vn -0.15702347 0.94196332 0.29673007
vn -0.24609549 0.90873969 0.33708927
vn -0.15702347 0.94196332 0.29673007
vn -0.28793451 0.90937841 0.30020759
vn 0.30985841 0.88060498 0.35850057
vn 0.43738914 0.84040022 0.32002845
vn 0.29997429 0.90276068 0.30828330
vn 0.29997429 0.90276068 0.30828330
vn 0.43738914 0.84040022 0.32002845
vn 0.38617352 0.88329005 0.26583582
vn 0.29997429 0.90276068 0.30828330
vn 0.38617352 0.88329005 0.26583582
vn 0.20733373 0.93973583 0.27186257
vn 0.20733373 0.93973583 0.27186257
vn 0.13553615 0.93241888 0.33499992
vn 0.29997429 0.90276068 0.30828330
vn 0.20733373 0.93973583 0.27186257
vn 0.06340890 0.95821720 0.27892482
vn 0.13553615 0.93241888 0.33499992
vn 0.13553615 0.93241888 0.33499992
vn 0.30985841 0.88060498 0.35850057
vn 0.29997429 0.90276068 0.30828330
vn 0.65422356 0.70239848 0.28040668
vn 0.54362804 0.79378670 0.27271095
vn 0.55589223 0.75749010 0.34233397
vn 0.65422356 0.70239848 0.28040668
vn 0.55589223 0.75749010 0.34233397
vn 0.69250137 0.64015746 0.33262640
vn 0.65422356 0.70239848 0.28040668
vn 0.69250137 0.64015746 0.33262640
vn 0.72887480 0.62283546 0.28428420
vn 0.54362804 0.79378670 0.27271095
vn 0.38617352 0.88329005 0.26583582
vn 0.43738914 0.84040022 0.32002845
vn 0.54362804 0.79378670 0.27271095
vn 0.43738914 0.84040022 0.32002845
vn 0.55589223 0.75749010 0.34233397
vn 0.85754704 0.40788564 0.31343639
vn 0.79918945 0.48414963 0.35622370
vn 0.87745488 0.33448756 0.34378913
vn 0.85754704 0.40788564 0.31343639
vn 0.87745488 0.33448756 0.34378913
vn 0.90790915 0.30807599 0.28423601
vn 0.85754704 0.40788564 0.31343639
vn 0.90790915 0.30807599 0.28423601
vn 0.89581233 0.36946642 0.24701171
vn 0.85754704 0.40788564 0.31343639
vn 0.89581233 0.36946642 0.24701171
vn 0.83294165 0.47775516 0.27921000
vn 0.77851385 0.54467088 0.31184903
vn 0.85754704 0.40788564 0.31343639
vn 0.83294165 0.47775516 0.27921000
vn 0.77851385 0.54467088 0.31184903
vn 0.72887480 0.62283546 0.28428420
vn 0.69250137 0.64015746 0.33262640
vn 0.77851385 0.54467088 0.31184903
vn 0.79918945 0.48414963 0.35622370
vn 0.85754704 0.40788564 0.31343639
vn 0.93906170 0.02434567 0.34288546
vn 0.95298904 -0.07066811 0.29464868
vn 0.95182920 0.06600747 0.29943982
vn 0.92582822 0.20845546 0.31525934
vn 0.95182920 0.06600747 0.29943982
vn 0.95640010 0.12521294 0.26385707
vn 0.92582822 0.20845546 0.31525934
vn 0.90790915 0.30807599 0.28423601
vn 0.87745488 0.33448756 0.34378913
vn 0.92582822 0.20845546 0.31525934
vn 0.93906170 0.02434567 0.34288546
vn 0.95182920 0.06600747 0.29943982
vn 0.88125998 -0.31636941 0.35112852
vn 0.89201158 -0.34731907 0.28928328
vn 0.92879629 -0.20745848 0.30708048
vn 0.88125998 -0.31636941 0.35112852
vn 0.82053661 -0.46372554 0.33418310
vn 0.89201158 -0.34731907 0.28928328
vn 0.89201158 -0.34731907 0.28928328
vn 0.82053661 -0.46372554 0.33418310
vn 0.83476782 -0.46356320 0.29710573
vn 0.89201158 -0.34731907 0.28928328
vn 0.92006928 -0.28959748 0.26382917
vn 0.92879629 -0.20745848 0.30708048
vn 0.91663790 -0.14416803 0.37281436
vn 0.88125998 -0.31636941 0.35112852
vn 0.92879629 -0.20745848 0.30708048
vn 0.91663790 -0.14416803 0.37281436
vn 0.92879629 -0.20745848 0.30708048
vn 0.95298904 -0.07066811 0.29464868
vn 0.91663790 -0.14416803 0.37281436
vn 0.95298904 -0.07066811 0.29464868
vn 0.93906170 0.02434567 0.34288546
vn 0.70236540 -0.61941481 0.35072514
vn 0.55800927 -0.74626970 0.36291489
vn 0.62274909 -0.72009099 0.30602700
vn 0.70236540 -0.61941481 0.35072514
vn 0.62274909 -0.72009099 0.30602700
vn 0.72543627 -0.62366420 0.29117891
vn 0.83476782 -0.46356320 0.29710573
vn 0.72543627 -0.62366420 0.29117891
vn 0.78220773 -0.56297821 0.26684561
vn 0.82053661 -0.46372554 0.33418310
vn 0.70236540 -0.61941481 0.35072514
vn 0.72543627 -0.62366420 0.29117891
vn 0.82053661 -0.46372554 0.33418310
vn 0.72543627 -0.62366420 0.29117891
vn 0.83476782 -0.46356320 0.29710573
vn 0.39667851 -0.84453458 0.35973260
vn 0.43085933 -0.85341907 0.29331911
vn 0.50567591 -0.80006766 0.32277480
vn 0.39667851 -0.84453458 0.35973260
vn 0.22944370 -0.90218520 0.36526349
vn 0.30355921 -0.90575683 0.29573020
vn 0.39667851 -0.84453458 0.35973260
vn 0.30355921 -0.90575683 0.29573020
vn 0.43085933 -0.85341907 0.29331911
vn 0.55878526 -0.78100240 0.27891633
vn 0.50567591 -0.80006766 0.32277480
vn 0.43085933 -0.85341907 0.29331911
vn 0.55878526 -0.78100240 0.27891633
vn 0.62274909 -0.72009099 0.30602700
vn 0.50567591 -0.80006766 0.32277480
vn 0.50567591 -0.80006766 0.32277480
vn 0.62274909 -0.72009099 0.30602700
vn 0.55800927 -0.74626970 0.36291489
vn 0.50567591 -0.80006766 0.32277480
vn 0.55800927 -0.74626970 0.36291489
vn 0.39667851 -0.84453458 0.35973260
vn 0.06260208 -0.94372737 0.32474548
vn -0.08352932 -0.93792665 0.33662504
vn -0.01449460 -0.96048385 0.27795812
vn 0.06260208 -0.94372737 0.32474548
vn -0.01449460 -0.96048385 0.27795812
vn 0.17264867 -0.94672942 0.27183795
vn 0.20596297 -0.92410690 0.32187837
vn 0.06260208 -0.94372737 0.32474548
vn 0.17264867 -0.94672942 0.27183795
vn 0.20596297 -0.92410690 0.32187837
vn 0.17264867 -0.94672942 0.27183795
vn 0.30355921 -0.90575683 0.29573020
vn 0.20596297 -0.92410690 0.32187837
vn 0.30355921 -0.90575683 0.29573020
vn 0.22944370 -0.90218520 0.36526349
vn -0.31060302 -0.89576977 0.31799731
vn -0.40365890 -0.84437126 0.35227364
vn -0.48364088 -0.82537186 0.29129505
vn -0.31060302 -0.89576977 0.31799731
vn -0.48364088 -0.82537186 0.29129505
vn -0.36220780 -0.89115959 0.27320346
vn -0.31060302 -0.89576977 0.31799731
vn -0.36220780 -0.89115959 0.27320346
vn -0.21034175 -0.94174534 0.26243490
vn -0.16476224 -0.93861192 0.30308592
vn -0.31060302 -0.89576977 0.31799731
vn -0.21034175 -0.94174534 0.26243490
vn -0.16476224 -0.93861192 0.30308592
vn -0.01449460 -0.96048385 0.27795812
vn -0.08352932 -0.93792665 0.33662504
vn -0.16476224 -0.93861192 0.30308592
vn -0.08352932 -0.93792665 0.33662504
vn -0.23223516 -0.90076208 0.36700746
vn -0.16476224 -0.93861192 0.30308592
vn -0.23223516 -0.90076208 0.36700746
vn -0.31060302 -0.89576977 0.31799731
vn -0.64529967 -0.69276696 0.32196623
vn -0.72240871 -0.57533216 0.38356036
vn -0.75465304 -0.57125050 0.32275641
vn -0.64529967 -0.69276696 0.32196623
vn -0.75465304 -0.57125050 0.32275641
vn -0.74783564 -0.60196608 0.27996188
vn -0.64529967 -0.69276696 0.32196623
vn -0.74783564 -0.60196608 0.27996188
vn -0.62072891 -0.73941529 0.26069269
vn -0.64529967 -0.69276696 0.32196623
vn -0.62072891 -0.73941529 0.26069269
vn -0.54096061 -0.76862001 0.34144527
vn -0.48364088 -0.82537186 0.29129505
vn -0.54096061 -0.76862001 0.34144527
vn -0.62072891 -0.73941529 0.26069269
vn -0.54096061 -0.76862001 0.34144527
vn -0.48364088 -0.82537186 0.29129505
vn -0.40365890 -0.84437126 0.35227364
vn -0.88883334 -0.35365784 0.29137850
vn -0.83239138 -0.47166759 0.29095411
vn -0.83015430 -0.45288283 0.32517833
vn -0.88883334 -0.35365784 0.29137850
vn -0.83015430 -0.45288283 0.32517833
vn -0.89093220 -0.31178328 0.33019835
vn -0.74783564 -0.60196608 0.27996188
vn -0.75465304 -0.57125050 0.32275641
vn -0.83015430 -0.45288283 0.32517833
vn -0.74783564 -0.60196608 0.27996188
vn -0.83015430 -0.45288283 0.32517833
vn -0.83239138 -0.47166759 0.29095411
vn -0.96177876 0.02359141 0.27280959
vn -0.94244337 -0.10957196 0.31590265
vn -0.94624341 0.03192236 0.32187629
vn -0.96177876 0.02359141 0.27280959
vn -0.95736730 -0.13143739 0.25723943
vn -0.94244337 -0.10957196 0.31590265
vn -0.93277442 -0.21984704 0.28565571
vn -0.94244337 -0.10957196 0.31590265
vn -0.95736730 -0.13143739 0.25723943
vn -0.93277442 -0.21984704 0.28565571
vn -0.88883334 -0.35365784 0.29137850
vn -0.89093220 -0.31178328 0.33019835
vn -0.91849518 -0.18624261 0.34882703
vn -0.94244337 -0.10957196 0.31590265
vn -0.93277442 -0.21984704 0.28565571
vn -0.91849518 -0.18624261 0.34882703
vn -0.93277442 -0.21984704 0.28565571
vn -0.89093220 -0.31178328 0.33019835
vn -0.90458047 0.31132403 0.29122421
vn -0.86763233 0.41720489 0.27047041
vn -0.92885178 0.28744701 0.23368488
vn -0.92885178 0.28744701 0.23368488
vn -0.86763233 0.41720489 0.27047041
vn -0.89022839 0.40675548 0.20504491
vn -0.95425916 0.15569039 0.25524482
vn -0.92885178 0.28744701 0.23368488
vn -0.96747690 0.15084143 0.20306480
vn -0.95425916 0.15569039 0.25524482
vn -0.96747690 0.15084143 0.20306480
vn -0.97903335 0.04097065 0.19953711
vn -0.95425916 0.15569039 0.25524482
vn -0.97903335 0.04097065 0.19953711
vn -0.96177876 0.02359141 0.27280959
vn -0.95425916 0.15569039 0.25524482
vn -0.90458047 0.31132403 0.29122421
vn -0.92885178 0.28744701 0.23368488
vn -0.72043943 0.65673804 0.22285005
vn -0.78863060 0.57778192 0.21030882
vn -0.76726735 0.58268070 0.26792547
vn -0.72043943 0.65673804 0.22285005
vn -0.76726735 0.58268070 0.26792547
vn -0.69881022 0.65601259 0.28515208
vn -0.72043943 0.65673804 0.22285005
vn -0.69881022 0.65601259 0.28515208
vn -0.63644642 0.72678995 0.25828722
vn -0.72043943 0.65673804 0.22285005
vn -0.63644642 0.72678995 0.25828722
vn -0.66644007 0.71907407 0.19695202
vn -0.82920331 0.49936059 0.25111914
vn -0.76726735 0.58268070 0.26792547
vn -0.78863060 0.57778192 0.21030882
vn -0.82920331 0.49936059 0.25111914
vn -0.78863060 0.57778192 0.21030882
vn -0.84790719 0.49903080 0.17894593
vn -0.82920331 0.49936059 0.25111914
vn -0.84790719 0.49903080 0.17894593
vn -0.89022839 0.40675548 0.20504491
vn -0.82920331 0.49936059 0.25111914
vn -0.89022839 0.40675548 0.20504491
vn -0.86763233 0.41720489 0.27047041
vn -0.39333510 0.87051052 0.29580212
vn -0.46474236 0.85397136 0.23398177
vn -0.52753931 0.79891729 0.28884852
vn -0.39333510 0.87051052 0.29580212
vn -0.28793451 0.90937841 0.30020759
vn -0.32100114 0.91219956 0.25465712
vn -0.39333510 0.87051052 0.29580212
vn -0.32100114 0.91219956 0.25465712
vn -0.46474236 0.85397136 0.23398177
vn -0.46474236 0.85397136 0.23398177
vn -0.32100114 0.91219956 0.25465712
vn -0.33701932 0.91863638 0.20621639
vn -0.58301294 0.78112239 0.22348097
vn -0.52753931 0.79891729 0.28884852
vn -0.46474236 0.85397136 0.23398177
vn -0.58301294 0.78112239 0.22348097
vn -0.66644007 0.71907407 0.19695202
vn -0.63644642 0.72678995 0.25828722
vn -0.58301294 0.78112239 0.22348097
vn -0.63644642 0.72678995 0.25828722
vn -0.52753931 0.79891729 0.28884852
vn -0.04551605 0.96557689 0.25610468
vn -0.18440427 0.94918352 0.25504056
vn -0.15702347 0.94196332 0.29673007
vn -0.04551605 0.96557689 0.25610468
vn 0.06340890 0.95821720 0.27892482
vn 0.04937191 0.97157264 0.23153633
vn -0.04551605 0.96557689 0.25610468
vn 0.04937191 0.97157264 0.23153633
vn -0.06266700 0.98147780 0.18103625
vn -0.04551605 0.96557689 0.25610468
vn -0.06266700 0.98147780 0.18103625
vn -0.18638919 0.95881510 0.21431905
vn -0.04551605 0.96557689 0.25610468
vn -0.18638919 0.95881510 0.21431905
vn -0.18440427 0.94918352 0.25504056
vn -0.18638919 0.95881510 0.21431905
vn -0.33701932 0.91863638 0.20621639
vn -0.32100114 0.91219956 0.25465712
vn -0.18638919 0.95881510 0.21431905
vn -0.32100114 0.91219956 0.25465712
vn -0.18440427 0.94918352 0.25504056
vn -0.18440427 0.94918352 0.25504056
vn -0.32100114 0.91219956 0.25465712
vn -0.28793451 0.90937841 0.30020759
vn -0.18440427 0.94918352 0.25504056
vn -0.28793451 0.90937841 0.30020759
vn -0.15702347 0.94196332 0.29673007
vn 0.32620957 0.91944695 0.21955560
vn 0.18975005 0.95299208 0.23622237
vn 0.20733373 0.93973583 0.27186257
vn 0.32620957 0.91944695 0.21955560
vn 0.20733373 0.93973583 0.27186257
vn 0.38617352 0.88329005 0.26583582
vn 0.32620957 0.91944695 0.21955560
vn 0.38617352 0.88329005 0.26583582
vn 0.45282990 0.86661953 0.20956077
vn 0.20733373 0.93973583 0.27186257
vn 0.18975005 0.95299208 0.23622237
vn 0.04937191 0.97157264 0.23153633
vn 0.20733373 0.93973583 0.27186257
vn 0.04937191 0.97157264 0.23153633
vn 0.06340890 0.95821720 0.27892482
vn 0.65422356 0.70239848 0.28040668
vn 0.64333403 0.73526675 0.21331699
vn 0.54362804 0.79378670 0.27271095
vn 0.65422356 0.70239848 0.28040668
vn 0.72887480 0.62283546 0.28428420
vn 0.71986222 0.65306628 0.23516560
vn 0.65422356 0.70239848 0.28040668
vn 0.71986222 0.65306628 0.23516560
vn 0.64333403 0.73526675 0.21331699
vn 0.64333403 0.73526675 0.21331699
vn 0.54268295 0.80726182 0.23199916
vn 0.54362804 0.79378670 0.27271095
vn 0.54268295 0.80726182 0.23199916
vn 0.45282990 0.86661953 0.20956077
vn 0.38617352 0.88329005 0.26583582
vn 0.54362804 0.79378670 0.27271095
vn 0.54268295 0.80726182 0.23199916
vn 0.38617352 0.88329005 0.26583582
vn 0.89581233 0.36946642 0.24701171
vn 0.83819234 0.49303889 0.23312287
vn 0.83294165 0.47775516 0.27921000
vn 0.89581233 0.36946642 0.24701171
vn 0.90255010 0.38182908 0.19902241
vn 0.83819234 0.49303889 0.23312287
vn 0.77931917 0.57232982 0.25514752
vn 0.83819234 0.49303889 0.23312287
vn 0.81509709 0.54417616 0.19871858
vn 0.77931917 0.57232982 0.25514752
vn 0.81509709 0.54417616 0.19871858
vn 0.71986222 0.65306628 0.23516560
vn 0.77931917 0.57232982 0.25514752
vn 0.83294165 0.47775516 0.27921000
vn 0.83819234 0.49303889 0.23312287
vn 0.77931917 0.57232982 0.25514752
vn 0.71986222 0.65306628 0.23516560
vn 0.72887480 0.62283546 0.28428420
vn 0.77931917 0.57232982 0.25514752
vn 0.72887480 0.62283546 0.28428420
vn 0.77851385 0.54467088 0.31184903
vn 0.77931917 0.57232982 0.25514752
vn 0.77851385 0.54467088 0.31184903
vn 0.83294165 0.47775516 0.27921000
vn 0.97001445 -0.01262261 0.24271935
vn 0.95640010 0.12521294 0.26385707
vn 0.95182920 0.06600747 0.29943982
vn 0.97001445 -0.01262261 0.24271935
vn 0.95182920 0.06600747 0.29943982
vn 0.95298904 -0.07066811 0.29464868
vn 0.97001445 -0.01262261 0.24271935
vn 0.97183794 0.10402510 0.21144699
vn 0.95640010 0.12521294 0.26385707
vn 0.94101954 0.23067309 0.24753220
vn 0.95640010 0.12521294 0.26385707
vn 0.97183794 0.10402510 0.21144699
vn 0.94101954 0.23067309 0.24753220
vn 0.97183794 0.10402510 0.21144699
vn 0.94725591 0.24323648 0.20866771
vn 0.94101954 0.23067309 0.24753220
vn 0.94725591 0.24323648 0.20866771
vn 0.89581233 0.36946642 0.24701171
vn 0.94101954 0.23067309 0.24753220
vn 0.89581233 0.36946642 0.24701171
vn 0.90790915 0.30807599 0.28423601
vn 0.94101954 0.23067309 0.24753220
vn 0.90790915 0.30807599 0.28423601
vn 0.92582822 0.20845546 0.31525934
vn 0.94101954 0.23067309 0.24753220
vn 0.92582822 0.20845546 0.31525934
vn 0.95640010 0.12521294 0.26385707
vn 0.92006928 -0.28959748 0.26382917
vn 0.89201158 -0.34731907 0.28928328
vn 0.83476782 -0.46356320 0.29710573
vn 0.92006928 -0.28959748 0.26382917
vn 0.83476782 -0.46356320 0.29710573
vn 0.87972510 -0.41372526 0.23433995
vn 0.92006928 -0.28959748 0.26382917
vn 0.87972510 -0.41372526 0.23433995
vn 0.93522388 -0.28358555 0.21198002
vn 0.95793325 -0.15083967 0.24415417
vn 0.92006928 -0.28959748 0.26382917
vn 0.93522388 -0.28358555 0.21198002
vn 0.95793325 -0.15083967 0.24415417
vn 0.97001445 -0.01262261 0.24271935
vn 0.95298904 -0.07066811 0.29464868
vn 0.95793325 -0.15083967 0.24415417
vn 0.95298904 -0.07066811 0.29464868
vn 0.92879629 -0.20745848 0.30708048
vn 0.95793325 -0.15083967 0.24415417
vn 0.92879629 -0.20745848 0.30708048
vn 0.92006928 -0.28959748 0.26382917
vn 0.72543627 -0.62366420 0.29117891
vn 0.62274909 -0.72009099 0.30602700
vn 0.65056509 -0.71974903 0.24233522
vn 0.72759587 -0.65094984 0.21649151
vn 0.80631280 -0.53910714 0.24335815
vn 0.78220773 -0.56297821 0.26684561
vn 0.72759587 -0.65094984 0.21649151
vn 0.78220773 -0.56297821 0.26684561
vn 0.72543627 -0.62366420 0.29117891
vn 0.72759587 -0.65094984 0.21649151
vn 0.72543627 -0.62366420 0.29117891
vn 0.65056509 -0.71974903 0.24233522
vn 0.80631280 -0.53910714 0.24335815
vn 0.87972510 -0.41372526 0.23433995
vn 0.83476782 -0.46356320 0.29710573
vn 0.80631280 -0.53910714 0.24335815
vn 0.83476782 -0.46356320 0.29710573
vn 0.78220773 -0.56297821 0.26684561
vn 0.41021711 -0.87677437 0.25097537
vn 0.52988422 -0.81160349 0.24601321
vn 0.43085933 -0.85341907 0.29331911
vn 0.41021711 -0.87677437 0.25097537
vn 0.43085933 -0.85341907 0.29331911
vn 0.30355921 -0.90575683 0.29573020
vn 0.41021711 -0.87677437 0.25097537
vn 0.30355921 -0.90575683 0.29573020
vn 0.32781991 -0.91468787 0.23639004
vn 0.41021711 -0.87677437 0.25097537
vn 0.32781991 -0.91468787 0.23639004
vn 0.43438470 -0.88127923 0.18616341
vn 0.41021711 -0.87677437 0.25097537
vn 0.43438470 -0.88127923 0.18616341
vn 0.55213606 -0.80918336 0.20091794
vn 0.41021711 -0.87677437 0.25097537
vn 0.55213606 -0.80918336 0.20091794
vn 0.52988422 -0.81160349 0.24601321
vn 0.52988422 -0.81160349 0.24601321
vn 0.55213606 -0.80918336 0.20091794
vn 0.65056509 -0.71974903 0.24233522
vn 0.55878526 -0.78100240 0.27891633
vn 0.52988422 -0.81160349 0.24601321
vn 0.65056509 -0.71974903 0.24233522
vn 0.55878526 -0.78100240 0.27891633
vn 0.65056509 -0.71974903 0.24233522
vn 0.62274909 -0.72009099 0.30602700
vn 0.55878526 -0.78100240 0.27891633
vn 0.43085933 -0.85341907 0.29331911
vn 0.52988422 -0.81160349 0.24601321
vn -0.01449460 -0.96048385 0.27795812
vn 0.08734456 -0.97037268 0.22527276
vn 0.17264867 -0.94672942 0.27183795
vn -0.01449460 -0.96048385 0.27795812
vn -0.05597283 -0.97162545 0.22980662
vn 0.08734456 -0.97037268 0.22527276
vn 0.17264867 -0.94672942 0.27183795
vn 0.08734456 -0.97037268 0.22527276
vn 0.23537940 -0.94598395 0.22295953
vn 0.17264867 -0.94672942 0.27183795
vn 0.23537940 -0.94598395 0.22295953
vn 0.32781991 -0.91468787 0.23639004
vn 0.17264867 -0.94672942 0.27183795
vn 0.32781991 -0.91468787 0.23639004
vn 0.30355921 -0.90575683 0.29573020
vn -0.36220780 -0.89115959 0.27320346
vn -0.32517758 -0.92089146 0.21498485
vn -0.21034175 -0.94174534 0.26243490
vn -0.36220780 -0.89115959 0.27320346
vn -0.42509142 -0.87492102 0.23197092
vn -0.32517758 -0.92089146 0.21498485
vn -0.32517758 -0.92089146 0.21498485
vn -0.18458685 -0.96218777 0.20030572
vn -0.21034175 -0.94174534 0.26243490
vn -0.18458685 -0.96218777 0.20030572
vn -0.05597283 -0.97162545 0.22980662
vn -0.21034175 -0.94174534 0.26243490
vn -0.21034175 -0.94174534 0.26243490
vn -0.05597283 -0.97162545 0.22980662
vn -0.01449460 -0.96048385 0.27795812
vn -0.21034175 -0.94174534 0.26243490
vn -0.01449460 -0.96048385 0.27795812
vn -0.16476224 -0.93861192 0.30308592
vn -0.62072891 -0.73941529 0.26069269
vn -0.74783564 -0.60196608 0.27996188
vn -0.71084410 -0.66488218 0.22941743
vn -0.62072891 -0.73941529 0.26069269
vn -0.71084410 -0.66488218 0.22941743
vn -0.64925867 -0.73490024 0.19592041
vn -0.62072891 -0.73941529 0.26069269
vn -0.64925867 -0.73490024 0.19592041
vn -0.53815991 -0.81517893 0.21416640
vn -0.53815991 -0.81517893 0.21416640
vn -0.48364088 -0.82537186 0.29129505
vn -0.62072891 -0.73941529 0.26069269
vn -0.53815991 -0.81517893 0.21416640
vn -0.42509142 -0.87492102 0.23197092
vn -0.48364088 -0.82537186 0.29129505
vn -0.48364088 -0.82537186 0.29129505
vn -0.42509142 -0.87492102 0.23197092
vn -0.36220780 -0.89115959 0.27320346
vn -0.89971972 -0.35410887 0.25516918
vn -0.83912438 -0.48930168 0.23760076
vn -0.83239138 -0.47166759 0.29095411
vn -0.89971972 -0.35410887 0.25516918
vn -0.83239138 -0.47166759 0.29095411
vn -0.88883334 -0.35365784 0.29137850
vn -0.89971972 -0.35410887 0.25516918
vn -0.90529484 -0.37713227 0.19548035
vn -0.83912438 -0.48930168 0.23760076
vn -0.78405076 -0.58263439 0.21401301
vn -0.71084410 -0.66488218 0.22941743
vn -0.74783564 -0.60196608 0.27996188
vn -0.74783564 -0.60196608 0.27996188
vn -0.83912438 -0.48930168 0.23760076
vn -0.78405076 -0.58263439 0.21401301
vn -0.74783564 -0.60196608 0.27996188
vn -0.83239138 -0.47166759 0.29095411
vn -0.83912438 -0.48930168 0.23760076
vn -0.97443879 -0.05787789 0.21706964
vn -0.95736730 -0.13143739 0.25723943
vn -0.96177876 0.02359141 0.27280959
vn -0.97443879 -0.05787789 0.21706964
vn -0.96177876 0.02359141 0.27280959
vn -0.97903335 0.04097065 0.19953711
vn -0.94604862 -0.23739256 0.22053742
vn -0.93277442 -0.21984704 0.28565571
vn -0.95736730 -0.13143739 0.25723943
vn -0.94604862 -0.23739256 0.22053742
vn -0.90529484 -0.37713227 0.19548035
vn -0.89971972 -0.35410887 0.25516918
vn -0.94604862 -0.23739256 0.22053742
vn -0.89971972 -0.35410887 0.25516918
vn -0.93277442 -0.21984704 0.28565571
vn -0.93277442 -0.21984704 0.28565571
vn -0.89971972 -0.35410887 0.25516918
vn -0.88883334 -0.35365784 0.29137850
vn -0.92885178 0.28744701 0.23368488
vn -0.89022839 0.40675548 0.20504491
vn -0.94685799 0.27730513 0.16297798
vn -0.94685799 0.27730513 0.16297798
vn -0.89022839 0.40675548 0.20504491
vn -0.90599179 0.40281799 0.13006341
vn -0.97930914 0.13430537 0.15137924
vn -0.96747690 0.15084143 0.20306480
vn -0.94685799 0.27730513 0.16297798
vn -0.97930914 0.13430537 0.15137924
vn -0.99157006 0.02723961 0.12667622
vn -0.97903335 0.04097065 0.19953711
vn -0.97930914 0.13430537 0.15137924
vn -0.97903335 0.04097065 0.19953711
vn -0.96747690 0.15084143 0.20306480
vn -0.96747690 0.15084143 0.20306480
vn -0.92885178 0.28744701 0.23368488
vn -0.94685799 0.27730513 0.16297798
vn -0.72043943 0.65673804 0.22285005
vn -0.73911923 0.65592837 0.15316890
vn -0.78863060 0.57778192 0.21030882
vn -0.72043943 0.65673804 0.22285005
vn -0.66644007 0.71907407 0.19695202
vn -0.73911923 0.65592837 0.15316890
vn -0.73911923 0.65592837 0.15316890
vn -0.81304145 0.56613690 0.13584040
vn -0.78863060 0.57778192 0.21030882
vn -0.73911923 0.65592837 0.15316890
vn -0.66644007 0.71907407 0.19695202
vn -0.64082164 0.75854707 0.11812691
vn -0.84790719 0.49903080 0.17894593
vn -0.78863060 0.57778192 0.21030882
vn -0.81304145 0.56613690 0.13584040
vn -0.84790719 0.49903080 0.17894593
vn -0.90599179 0.40281799 0.13006341
vn -0.89022839 0.40675548 0.20504491
vn -0.46474236 0.85397136 0.23398177
vn -0.33701932 0.91863638 0.20621639
vn -0.47272113 0.86219877 0.18206599
vn -0.47272113 0.86219877 0.18206599
vn -0.33701932 0.91863638 0.20621639
vn -0.36130032 0.92288309 0.13322495
vn -0.47272113 0.86219877 0.18206599
vn -0.36130032 0.92288309 0.13322495
vn -0.49495316 0.85931784 0.12881859
vn -0.59240955 0.78671163 0.17359658
vn -0.47272113 0.86219877 0.18206599
vn -0.49495316 0.85931784 0.12881859
vn -0.59240955 0.78671163 0.17359658
vn -0.49495316 0.85931784 0.12881859
vn -0.64082164 0.75854707 0.11812691
vn -0.59240955 0.78671163 0.17359658
vn -0.64082164 0.75854707 0.11812691
vn -0.66644007 0.71907407 0.19695202
vn -0.58301294 0.78112239 0.22348097
vn -0.46474236 0.85397136 0.23398177
vn -0.47272113 0.86219877 0.18206599
vn -0.58301294 0.78112239 0.22348097
vn -0.47272113 0.86219877 0.18206599
vn -0.59240955 0.78671163 0.17359658
vn -0.58301294 0.78112239 0.22348097
vn -0.59240955 0.78671163 0.17359658
vn -0.66644007 0.71907407 0.19695202
vn -0.06266700 0.98147780 0.18103625
vn 0.04937191 0.97157264 0.23153633
vn 0.05071873 0.98119664 0.18622759
vn -0.06266700 0.98147780 0.18103625
vn -0.16358179 0.97731447 0.13452677
vn -0.18638919 0.95881510 0.21431905
vn -0.06266700 0.98147780 0.18103625
vn 0.05071873 0.98119664 0.18622759
vn 0.06511176 0.99109429 0.11615727
vn -0.25633937 0.95418739 0.15432593
vn -0.18638919 0.95881510 0.21431905
vn -0.16358179 0.97731447 0.13452677
vn -0.25633937 0.95418739 0.15432593
vn -0.36130032 0.92288309 0.13322495
vn -0.33701932 0.91863638 0.20621639
vn -0.18638919 0.95881510 0.21431905
vn -0.25633937 0.95418739 0.15432593
vn -0.33701932 0.91863638 0.20621639
vn 0.32620957 0.91944695 0.21955560
vn 0.30378714 0.93919384 0.16008830
vn 0.18612437 0.96242398 0.19773160
vn 0.32620957 0.91944695 0.21955560
vn 0.18612437 0.96242398 0.19773160
vn 0.18975005 0.95299208 0.23622237
vn 0.32620957 0.91944695 0.21955560
vn 0.45282990 0.86661953 0.20956077
vn 0.41378245 0.89830625 0.14774954
vn 0.32620957 0.91944695 0.21955560
vn 0.41378245 0.89830625 0.14774954
vn 0.30378714 0.93919384 0.16008830
vn 0.30378714 0.93919384 0.16008830
vn 0.17068714 0.97368121 0.15103231
vn 0.18612437 0.96242398 0.19773160
vn 0.17068714 0.97368121 0.15103231
vn 0.06511176 0.99109429 0.11615727
vn 0.05071873 0.98119664 0.18622759
vn 0.17068714 0.97368121 0.15103231
vn 0.05071873 0.98119664 0.18622759
vn 0.18612437 0.96242398 0.19773160
vn 0.18612437 0.96242398 0.19773160
vn 0.05071873 0.98119664 0.18622759
vn 0.04937191 0.97157264 0.23153633
vn 0.18612437 0.96242398 0.19773160
vn 0.04937191 0.97157264 0.23153633
vn 0.18975005 0.95299208 0.23622237
vn 0.64333403 0.73526675 0.21331699
vn 0.54151297 0.82539845 0.15962790
vn 0.54268295 0.80726182 0.23199916
vn 0.64333403 0.73526675 0.21331699
vn 0.71986222 0.65306628 0.23516560
vn 0.72398293 0.66482741 0.18399245
vn 0.65216744 0.74283248 0.15125331
vn 0.54151297 0.82539845 0.15962790
vn 0.64333403 0.73526675 0.21331699
vn 0.65216744 0.74283248 0.15125331
vn 0.64333403 0.73526675 0.21331699
vn 0.72398293 0.66482741 0.18399245
vn 0.65216744 0.74283248 0.15125331
vn 0.72398293 0.66482741 0.18399245
vn 0.74991524 0.65103453 0.11739336
vn 0.54151297 0.82539845 0.15962790
vn 0.41378245 0.89830625 0.14774954
vn 0.45282990 0.86661953 0.20956077
vn 0.45282990 0.86661953 0.20956077
vn 0.54268295 0.80726182 0.23199916
vn 0.54151297 0.82539845 0.15962790
vn 0.90255010 0.38182908 0.19902241
vn 0.88275194 0.44211757 0.15900031
vn 0.81509709 0.54417616 0.19871858
vn 0.90255010 0.38182908 0.19902241
vn 0.81509709 0.54417616 0.19871858
vn 0.83819234 0.49303889 0.23312287
vn 0.88275194 0.44211757 0.15900031
vn 0.81676173 0.55820000 0.14598976
vn 0.81509709 0.54417616 0.19871858
vn 0.88275194 0.44211757 0.15900031
vn 0.90255010 0.38182908 0.19902241
vn 0.92529988 0.35685551 0.12835202
vn 0.81676173 0.55820000 0.14598976
vn 0.74991524 0.65103453 0.11739336
vn 0.72398293 0.66482741 0.18399245
vn 0.81676173 0.55820000 0.14598976
vn 0.72398293 0.66482741 0.18399245
vn 0.81509709 0.54417616 0.19871858
vn 0.81509709 0.54417616 0.19871858
vn 0.72398293 0.66482741 0.18399245
vn 0.71986222 0.65306628 0.23516560
vn 0.97183794 0.10402510 0.21144699
vn 0.97001445 -0.01262261 0.24271935
vn 0.98219126 -0.03103913 0.18530220
vn 0.97183794 0.10402510 0.21144699
vn 0.98219126 -0.03103913 0.18530220
vn 0.97859949 0.11262746 0.17221537
vn 0.97859949 0.11262746 0.17221537
vn 0.98219126 -0.03103913 0.18530220
vn 0.99225938 -0.02215866 0.12218967
vn 0.95569474 0.25217149 0.15184553
vn 0.97859949 0.11262746 0.17221537
vn 0.98628014 0.11990525 0.11346468
vn 0.95569474 0.25217149 0.15184553
vn 0.92529988 0.35685551 0.12835202
vn 0.90255010 0.38182908 0.19902241
vn 0.94725591 0.24323648 0.20866771
vn 0.97183794 0.10402510 0.21144699
vn 0.97859949 0.11262746 0.17221537
vn 0.94725591 0.24323648 0.20866771
vn 0.97859949 0.11262746 0.17221537
vn 0.95569474 0.25217149 0.15184553
vn 0.94725591 0.24323648 0.20866771
vn 0.95569474 0.25217149 0.15184553
vn 0.90255010 0.38182908 0.19902241
vn 0.94725591 0.24323648 0.20866771
vn 0.90255010 0.38182908 0.19902241
vn 0.89581233 0.36946642 0.24701171
vn 0.93522388 -0.28358555 0.21198002
vn 0.90874761 -0.38311297 0.16553622
vn 0.95754236 -0.23311645 0.16961531
vn 0.93522388 -0.28358555 0.21198002
vn 0.87972510 -0.41372526 0.23433995
vn 0.90874761 -0.38311297 0.16553622
vn 0.98024225 -0.13241874 0.14693671
vn 0.96934962 -0.13811186 0.20319070
vn 0.95754236 -0.23311645 0.16961531
vn 0.98024225 -0.13241874 0.14693671
vn 0.99225938 -0.02215866 0.12218967
vn 0.98219126 -0.03103913 0.18530220
vn 0.98024225 -0.13241874 0.14693671
vn 0.98219126 -0.03103913 0.18530220
vn 0.96934962 -0.13811186 0.20319070
vn 0.96934962 -0.13811186 0.20319070
vn 0.98219126 -0.03103913 0.18530220
vn 0.97001445 -0.01262261 0.24271935
vn 0.96934962 -0.13811186 0.20319070
vn 0.97001445 -0.01262261 0.24271935
vn 0.95793325 -0.15083967 0.24415417
vn 0.96934962 -0.13811186 0.20319070
vn 0.95793325 -0.15083967 0.24415417
vn 0.93522388 -0.28358555 0.21198002
vn 0.96934962 -0.13811186 0.20319070
vn 0.93522388 -0.28358555 0.21198002
vn 0.95754236 -0.23311645 0.16961531
vn 0.72759587 -0.65094984 0.21649151
vn 0.75223464 -0.64081186 0.15330756
vn 0.82483613 -0.53318310 0.18804567
vn 0.72759587 -0.65094984 0.21649151
vn 0.82483613 -0.53318310 0.18804567
vn 0.80631280 -0.53910714 0.24335815
vn 0.72759587 -0.65094984 0.21649151
vn 0.65056509 -0.71974903 0.24233522
vn 0.66668046 -0.72396195 0.17724644
vn 0.72759587 -0.65094984 0.21649151
vn 0.66668046 -0.72396195 0.17724644
vn 0.75223464 -0.64081186 0.15330756
vn 0.75223464 -0.64081186 0.15330756
vn 0.84433275 -0.52126330 0.12404342
vn 0.82483613 -0.53318310 0.18804567
vn 0.82483613 -0.53318310 0.18804567
vn 0.84433275 -0.52126330 0.12404342
vn 0.90874761 -0.38311297 0.16553622
vn 0.82483613 -0.53318310 0.18804567
vn 0.90874761 -0.38311297 0.16553622
vn 0.87972510 -0.41372526 0.23433995
vn 0.82483613 -0.53318310 0.18804567
vn 0.87972510 -0.41372526 0.23433995
vn 0.80631280 -0.53910714 0.24335815
vn 0.43438470 -0.88127923 0.18616341
vn 0.32781991 -0.91468787 0.23639004
vn 0.33891037 -0.92483824 0.17266735
vn 0.43438470 -0.88127923 0.18616341
vn 0.52636266 -0.84078091 0.12660882
vn 0.55213606 -0.80918336 0.20091794
vn 0.55213606 -0.80918336 0.20091794
vn 0.52636266 -0.84078091 0.12660882
vn 0.61056840 -0.78062057 0.13355805
vn 0.55213606 -0.80918336 0.20091794
vn 0.61056840 -0.78062057 0.13355805
vn 0.66668046 -0.72396195 0.17724644
vn 0.55213606 -0.80918336 0.20091794
vn 0.66668046 -0.72396195 0.17724644
vn 0.65056509 -0.71974903 0.24233522
vn 0.08734456 -0.97037268 0.22527276
vn 0.06523651 -0.98660737 0.14949933
vn 0.15652671 -0.96929646 0.18964124
vn 0.08734456 -0.97037268 0.22527276
vn -0.05597283 -0.97162545 0.22980662
vn -0.03901292 -0.98514545 0.16723180
vn 0.08734456 -0.97037268 0.22527276
vn -0.03901292 -0.98514545 0.16723180
vn 0.06523651 -0.98660737 0.14949933
vn 0.06523651 -0.98660737 0.14949933
vn 0.16686204 -0.97738326 0.12991937
vn 0.15652671 -0.96929646 0.18964124
vn 0.26526427 -0.95277822 0.14781252
vn 0.15652671 -0.96929646 0.18964124
vn 0.16686204 -0.97738326 0.12991937
vn 0.23537940 -0.94598395 0.22295953
vn 0.15652671 -0.96929646 0.18964124
vn 0.26526427 -0.95277822 0.14781252
vn 0.23537940 -0.94598395 0.22295953
vn 0.26526427 -0.95277822 0.14781252
vn 0.33891037 -0.92483824 0.17266735
vn 0.23537940 -0.94598395 0.22295953
vn 0.33891037 -0.92483824 0.17266735
vn 0.32781991 -0.91468787 0.23639004
vn 0.23537940 -0.94598395 0.22295953
vn 0.08734456 -0.97037268 0.22527276
vn 0.15652671 -0.96929646 0.18964124
vn -0.32517758 -0.92089146 0.21498485
vn -0.42509142 -0.87492102 0.23197092
vn -0.44771692 -0.88069594 0.15467444
vn -0.31452101 -0.93545330 0.16125642
vn -0.18458685 -0.96218777 0.20030572
vn -0.32517758 -0.92089146 0.21498485
vn -0.31452101 -0.93545330 0.16125642
vn -0.32517758 -0.92089146 0.21498485
vn -0.44771692 -0.88069594 0.15467444
vn -0.31452101 -0.93545330 0.16125642
vn -0.16865687 -0.97526950 0.14284366
vn -0.18458685 -0.96218777 0.20030572
vn -0.16865687 -0.97526950 0.14284366
vn -0.03901292 -0.98514545 0.16723180
vn -0.18458685 -0.96218777 0.20030572
vn -0.18458685 -0.96218777 0.20030572
vn -0.03901292 -0.98514545 0.16723180
vn -0.05597283 -0.97162545 0.22980662
vn -0.64925867 -0.73490024 0.19592041
vn -0.57313383 -0.80379218 0.15948591
vn -0.53815991 -0.81517893 0.21416640
vn -0.64925867 -0.73490024 0.19592041
vn -0.71084410 -0.66488218 0.22941743
vn -0.72578233 -0.66562593 0.17373005
vn -0.64925867 -0.73490024 0.19592041
vn -0.72578233 -0.66562593 0.17373005
vn -0.65124524 -0.74636531 0.13718057
vn -0.64925867 -0.73490024 0.19592041
vn -0.65124524 -0.74636531 0.13718057
vn -0.57313383 -0.80379218 0.15948591
vn -0.44771692 -0.88069594 0.15467444
vn -0.53815991 -0.81517893 0.21416640
vn -0.57313383 -0.80379218 0.15948591
vn -0.53815991 -0.81517893 0.21416640
vn -0.44771692 -0.88069594 0.15467444
vn -0.42509142 -0.87492102 0.23197092
vn -0.90529484 -0.37713227 0.19548035
vn -0.83641708 -0.51721072 0.18138224
vn -0.83912438 -0.48930168 0.23760076
vn -0.88662481 -0.43870425 0.14640696
vn -0.83641708 -0.51721072 0.18138224
vn -0.90529484 -0.37713227 0.19548035
vn -0.88662481 -0.43870425 0.14640696
vn -0.90529484 -0.37713227 0.19548035
vn -0.92891246 -0.35083112 0.11848707
vn -0.88662481 -0.43870425 0.14640696
vn -0.84082609 -0.52628577 0.12662868
vn -0.83641708 -0.51721072 0.18138224
vn -0.78158677 -0.60676897 0.14475341
vn -0.78405076 -0.58263439 0.21401301
vn -0.83641708 -0.51721072 0.18138224
vn -0.78158677 -0.60676897 0.14475341
vn -0.83641708 -0.51721072 0.18138224
vn -0.84082609 -0.52628577 0.12662868
vn -0.78158677 -0.60676897 0.14475341
vn -0.72578233 -0.66562593 0.17373005
vn -0.78405076 -0.58263439 0.21401301
vn -0.78405076 -0.58263439 0.21401301
vn -0.83912438 -0.48930168 0.23760076
vn -0.83641708 -0.51721072 0.18138224
vn -0.78405076 -0.58263439 0.21401301
vn -0.72578233 -0.66562593 0.17373005
vn -0.71084410 -0.66488218 0.22941743
vn -0.97443879 -0.05787789 0.21706964
vn -0.96953481 -0.15380770 0.19064493
vn -0.95736730 -0.13143739 0.25723943
vn -0.98654598 -0.06660800 0.14929990
vn -0.97822571 -0.16707097 0.12313303
vn -0.96953481 -0.15380770 0.19064493
vn -0.98654598 -0.06660800 0.14929990
vn -0.96953481 -0.15380770 0.19064493
vn -0.97443879 -0.05787789 0.21706964
vn -0.98654598 -0.06660800 0.14929990
vn -0.97443879 -0.05787789 0.21706964
vn -0.97903335 0.04097065 0.19953711
vn -0.98654598 -0.06660800 0.14929990
vn -0.97903335 0.04097065 0.19953711
vn -0.99157006 0.02723961 0.12667622
vn -0.95309639 -0.25981924 0.15524583
vn -0.96953481 -0.15380770 0.19064493
vn -0.97822571 -0.16707097 0.12313303
vn -0.95309639 -0.25981924 0.15524583
vn -0.92891246 -0.35083112 0.11848707
vn -0.90529484 -0.37713227 0.19548035
vn -0.94604862 -0.23739256 0.22053742
vn -0.96953481 -0.15380770 0.19064493
vn -0.95309639 -0.25981924 0.15524583
vn -0.94604862 -0.23739256 0.22053742
vn -0.95309639 -0.25981924 0.15524583
vn -0.90529484 -0.37713227 0.19548035
vn -0.94604862 -0.23739256 0.22053742
vn -0.95736730 -0.13143739 0.25723943
vn -0.96953481 -0.15380770 0.19064493
vn -0.95663518 0.27559775 0.09431327
vn -0.94685799 0.27730513 0.16297798
vn -0.90599179 0.40281799 0.13006341
vn -0.95663518 0.27559775 0.09431327
vn -0.90599179 0.40281799 0.13006341
vn -0.89554965 0.44081008 0.06064068
vn -0.98825192 0.12330272 0.09030268
vn -0.99785751 0.02741762 0.05940207
vn -0.99157006 0.02723961 0.12667622
vn -0.97930914 0.13430537 0.15137924
vn -0.94685799 0.27730513 0.16297798
vn -0.95663518 0.27559775 0.09431327
vn -0.97930914 0.13430537 0.15137924
vn -0.95663518 0.27559775 0.09431327
vn -0.98825192 0.12330272 0.09030268
vn -0.97930914 0.13430537 0.15137924
vn -0.98825192 0.12330272 0.09030268
vn -0.99157006 0.02723961 0.12667622
vn -0.75795907 0.64619368 0.08906026
vn -0.82408971 0.56472594 0.04428048
vn -0.81304145 0.56613690 0.13584040
vn -0.75795907 0.64619368 0.08906026
vn -0.81304145 0.56613690 0.13584040
vn -0.73911923 0.65592837 0.15316890
vn -0.75795907 0.64619368 0.08906026
vn -0.73911923 0.65592837 0.15316890
vn -0.64082164 0.75854707 0.11812691
vn -0.75795907 0.64619368 0.08906026
vn -0.64082164 0.75854707 0.11812691
vn -0.68605387 0.72621089 0.04413414
vn -0.85974610 0.49998218 0.10418498
vn -0.81304145 0.56613690 0.13584040
vn -0.82408971 0.56472594 0.04428048
vn -0.85974610 0.49998218 0.10418498
vn -0.89554965 0.44081008 0.06064068
vn -0.90599179 0.40281799 0.13006341
vn -0.85974610 0.49998218 0.10418498
vn -0.90599179 0.40281799 0.13006341
vn -0.84790719 0.49903080 0.17894593
vn -0.85974610 0.49998218 0.10418498
vn -0.84790719 0.49903080 0.17894593
vn -0.81304145 0.56613690 0.13584040
vn -0.45857140 0.88649678 0.06193346
vn -0.56734729 0.82238901 0.04234848
vn -0.49495316 0.85931784 0.12881859
vn -0.45857140 0.88649678 0.06193346
vn -0.49495316 0.85931784 0.12881859
vn -0.36130032 0.92288309 0.13322495
vn -0.45857140 0.88649678 0.06193346
vn -0.36130032 0.92288309 0.13322495
vn -0.36450407 0.92842740 0.07182869
vn -0.64082164 0.75854707 0.11812691
vn -0.49495316 0.85931784 0.12881859
vn -0.56734729 0.82238901 0.04234848
vn -0.64082164 0.75854707 0.11812691
vn -0.56734729 0.82238901 0.04234848
vn -0.68605387 0.72621089 0.04413414
vn -0.06951745 0.99177068 0.10750905
vn -0.16358179 0.97731447 0.13452677
vn -0.06266700 0.98147780 0.18103625
vn -0.06951745 0.99177068 0.10750905
vn -0.06266700 0.98147780 0.18103625
vn 0.06511176 0.99109429 0.11615727
vn -0.06951745 0.99177068 0.10750905
vn -0.17154813 0.98257524 0.07153382
vn -0.16358179 0.97731447 0.13452677
vn -0.06951745 0.99177068 0.10750905
vn 0.06511176 0.99109429 0.11615727
vn 0.06603932 0.99700177 0.04032733
vn -0.06951745 0.99177068 0.10750905
vn 0.06603932 0.99700177 0.04032733
vn -0.08183696 0.99611574 0.03249834
vn -0.06951745 0.99177068 0.10750905
vn -0.08183696 0.99611574 0.03249834
vn -0.17154813 0.98257524 0.07153382
vn -0.27178463 0.95990813 0.06862551
vn -0.25633937 0.95418739 0.15432593
vn -0.16358179 0.97731447 0.13452677
vn -0.27178463 0.95990813 0.06862551
vn -0.16358179 0.97731447 0.13452677
vn -0.17154813 0.98257524 0.07153382
vn -0.27178463 0.95990813 0.06862551
vn -0.36450407 0.92842740 0.07182869
vn -0.36130032 0.92288309 0.13322495
vn -0.27178463 0.95990813 0.06862551
vn -0.36130032 0.92288309 0.13322495
vn -0.25633937 0.95418739 0.15432593
vn 0.30378714 0.93919384 0.16008830
vn 0.35234857 0.93183351 0.08681464
vn 0.21407527 0.97277647 0.08875655
vn 0.30378714 0.93919384 0.16008830
vn 0.21407527 0.97277647 0.08875655
vn 0.17068714 0.97368121 0.15103231
vn 0.30378714 0.93919384 0.16008830
vn 0.41378245 0.89830625 0.14774954
vn 0.35234857 0.93183351 0.08681464
vn 0.06511176 0.99109429 0.11615727
vn 0.21407527 0.97277647 0.08875655
vn 0.06603932 0.99700177 0.04032733
vn 0.17068714 0.97368121 0.15103231
vn 0.21407527 0.97277647 0.08875655
vn 0.06511176 0.99109429 0.11615727
vn 0.65216744 0.74283248 0.15125331
vn 0.68767422 0.72146654 0.08118004
vn 0.57470614 0.81133360 0.10700768
vn 0.65216744 0.74283248 0.15125331
vn 0.57470614 0.81133360 0.10700768
vn 0.54151297 0.82539845 0.15962790
vn 0.65216744 0.74283248 0.15125331
vn 0.74991524 0.65103453 0.11739336
vn 0.68767422 0.72146654 0.08118004
vn 0.68767422 0.72146654 0.08118004
vn 0.56667864 0.82286024 0.04214635
vn 0.57470614 0.81133360 0.10700768
vn 0.48040146 0.87382156 0.07516871
vn 0.57470614 0.81133360 0.10700768
vn 0.56667864 0.82286024 0.04214635
vn 0.48040146 0.87382156 0.07516871
vn 0.35234857 0.93183351 0.08681464
vn 0.41378245 0.89830625 0.14774954
vn 0.54151297 0.82539845 0.15962790
vn 0.57470614 0.81133360 0.10700768
vn 0.48040146 0.87382156 0.07516871
vn 0.54151297 0.82539845 0.15962790
vn 0.48040146 0.87382156 0.07516871
vn 0.41378245 0.89830625 0.14774954
vn 0.88275194 0.44211757 0.15900031
vn 0.86111361 0.49966270 0.09391774
vn 0.81676173 0.55820000 0.14598976
vn 0.88275194 0.44211757 0.15900031
vn 0.92529988 0.35685551 0.12835202
vn 0.86111361 0.49966270 0.09391774
vn 0.86111361 0.49966270 0.09391774
vn 0.92529988 0.35685551 0.12835202
vn 0.92988312 0.35982242 0.07645397
vn 0.86111361 0.49966270 0.09391774
vn 0.92988312 0.35982242 0.07645397
vn 0.88721699 0.46046394 0.02861840
vn 0.74991524 0.65103453 0.11739336
vn 0.81676173 0.55820000 0.14598976
vn 0.86111361 0.49966270 0.09391774
vn 0.74991524 0.65103453 0.11739336
vn 0.86111361 0.49966270 0.09391774
vn 0.80698460 0.58936727 0.03771077
vn 0.74991524 0.65103453 0.11739336
vn 0.80698460 0.58936727 0.03771077
vn 0.68767422 0.72146654 0.08118004
vn 0.98628014 0.11990525 0.11346468
vn 0.97859949 0.11262746 0.17221537
vn 0.99225938 -0.02215866 0.12218967
vn 0.98628014 0.11990525 0.11346468
vn 0.99225938 -0.02215866 0.12218967
vn 0.99851310 -0.01324505 0.05287895
vn 0.98628014 0.11990525 0.11346468
vn 0.99851310 -0.01324505 0.05287895
vn 0.99565333 0.09096072 0.02001452
vn 0.98628014 0.11990525 0.11346468
vn 0.99565333 0.09096072 0.02001452
vn 0.97232729 0.22103061 0.07566479
vn 0.97232729 0.22103061 0.07566479
vn 0.95569474 0.25217149 0.15184553
vn 0.98628014 0.11990525 0.11346468
vn 0.97232729 0.22103061 0.07566479
vn 0.92988312 0.35982242 0.07645397
vn 0.92529988 0.35685551 0.12835202
vn 0.97232729 0.22103061 0.07566479
vn 0.92529988 0.35685551 0.12835202
vn 0.95569474 0.25217149 0.15184553
vn 0.94494957 -0.30816650 0.11001704
vn 0.97255737 -0.21427712 0.09065022
vn 0.95754236 -0.23311645 0.16961531
vn 0.94494957 -0.30816650 0.11001704
vn 0.95754236 -0.23311645 0.16961531
vn 0.90874761 -0.38311297 0.16553622
vn 0.94494957 -0.30816650 0.11001704
vn 0.90874761 -0.38311297 0.16553622
vn 0.90762508 -0.40886214 0.09512343
vn 0.99085414 -0.11313734 0.07353912
vn 0.99851310 -0.01324505 0.05287895
vn 0.99225938 -0.02215866 0.12218967
vn 0.98024225 -0.13241874 0.14693671
vn 0.97255737 -0.21427712 0.09065022
vn 0.99085414 -0.11313734 0.07353912
vn 0.98024225 -0.13241874 0.14693671
vn 0.99085414 -0.11313734 0.07353912
vn 0.99225938 -0.02215866 0.12218967
vn 0.98024225 -0.13241874 0.14693671
vn 0.95754236 -0.23311645 0.16961531
vn 0.97255737 -0.21427712 0.09065022
vn 0.75223464 -0.64081186 0.15330756
vn 0.76317227 -0.63951486 0.09267595
vn 0.84433275 -0.52126330 0.12404342
vn 0.75223464 -0.64081186 0.15330756
vn 0.66668046 -0.72396195 0.17724644
vn 0.68492705 -0.71930921 0.11605685
vn 0.75223464 -0.64081186 0.15330756
vn 0.68492705 -0.71930921 0.11605685
vn 0.76317227 -0.63951486 0.09267595
vn 0.76317227 -0.63951486 0.09267595
vn 0.68492705 -0.71930921 0.11605685
vn 0.69366163 -0.71829188 0.05376147
vn 0.76317227 -0.63951486 0.09267595
vn 0.84718388 -0.52890128 0.05042686
vn 0.84433275 -0.52126330 0.12404342
vn 0.84433275 -0.52126330 0.12404342
vn 0.84718388 -0.52890128 0.05042686
vn 0.90762508 -0.40886214 0.09512343
vn 0.84433275 -0.52126330 0.12404342
vn 0.90762508 -0.40886214 0.09512343
vn 0.90874761 -0.38311297 0.16553622
vn 0.44132233 -0.89028156 0.11239813
vn 0.52636266 -0.84078091 0.12660882
vn 0.43438470 -0.88127923 0.18616341
vn 0.44132233 -0.89028156 0.11239813
vn 0.43438470 -0.88127923 0.18616341
vn 0.33891037 -0.92483824 0.17266735
vn 0.44132233 -0.89028156 0.11239813
vn 0.33891037 -0.92483824 0.17266735
vn 0.36032087 -0.92879999 0.08659912
vn 0.44132233 -0.89028156 0.11239813
vn 0.36032087 -0.92879999 0.08659912
vn 0.46201888 -0.88632023 0.03122477
vn 0.44132233 -0.89028156 0.11239813
vn 0.46201888 -0.88632023 0.03122477
vn 0.58069885 -0.81175238 0.06202319
vn 0.44132233 -0.89028156 0.11239813
vn 0.58069885 -0.81175238 0.06202319
vn 0.52636266 -0.84078091 0.12660882
vn 0.58069885 -0.81175238 0.06202319
vn 0.61056840 -0.78062057 0.13355805
vn 0.52636266 -0.84078091 0.12660882
vn 0.58069885 -0.81175238 0.06202319
vn 0.69366163 -0.71829188 0.05376147
vn 0.68492705 -0.71930921 0.11605685
vn 0.58069885 -0.81175238 0.06202319
vn 0.68492705 -0.71930921 0.11605685
vn 0.61056840 -0.78062057 0.13355805
vn 0.61056840 -0.78062057 0.13355805
vn 0.68492705 -0.71930921 0.11605685
vn 0.66668046 -0.72396195 0.17724644
vn 0.06523651 -0.98660737 0.14949933
vn -0.03901292 -0.98514545 0.16723180
vn -0.02182353 -0.99571961 0.08981208
vn 0.12056702 -0.99031806 0.06880251
vn 0.16686204 -0.97738326 0.12991937
vn 0.06523651 -0.98660737 0.14949933
vn 0.12056702 -0.99031806 0.06880251
vn 0.06523651 -0.98660737 0.14949933
vn -0.02182353 -0.99571961 0.08981208
vn 0.26256219 -0.96270114 0.06532658
vn 0.26526427 -0.95277822 0.14781252
vn 0.16686204 -0.97738326 0.12991937
vn 0.26256219 -0.96270114 0.06532658
vn 0.16686204 -0.97738326 0.12991937
vn 0.12056702 -0.99031806 0.06880251
vn 0.26256219 -0.96270114 0.06532658
vn 0.36032087 -0.92879999 0.08659912
vn 0.26526427 -0.95277822 0.14781252
vn 0.26526427 -0.95277822 0.14781252
vn 0.36032087 -0.92879999 0.08659912
vn 0.33891037 -0.92483824 0.17266735
vn -0.31329894 -0.94407076 0.10283086
vn -0.16025855 -0.98304778 0.08907451
vn -0.16865687 -0.97526950 0.14284366
vn -0.31329894 -0.94407076 0.10283086
vn -0.16865687 -0.97526950 0.14284366
vn -0.31452101 -0.93545330 0.16125642
vn -0.31329894 -0.94407076 0.10283086
vn -0.31452101 -0.93545330 0.16125642
vn -0.44771692 -0.88069594 0.15467444
vn -0.31329894 -0.94407076 0.10283086
vn -0.44771692 -0.88069594 0.15467444
vn -0.45352718 -0.88783544 0.07785445
vn -0.16865687 -0.97526950 0.14284366
vn -0.16025855 -0.98304778 0.08907451
vn -0.02182353 -0.99571961 0.08981208
vn -0.16865687 -0.97526950 0.14284366
vn -0.02182353 -0.99571961 0.08981208
vn -0.03901292 -0.98514545 0.16723180
vn -0.65124524 -0.74636531 0.13718057
vn -0.65098238 -0.75527531 0.07603376
vn -0.56479192 -0.81793302 0.10952490
vn -0.65124524 -0.74636531 0.13718057
vn -0.56479192 -0.81793302 0.10952490
vn -0.57313383 -0.80379218 0.15948591
vn -0.65124524 -0.74636531 0.13718057
vn -0.72578233 -0.66562593 0.17373005
vn -0.72238380 -0.68273282 0.10971564
vn -0.65124524 -0.74636531 0.13718057
vn -0.72238380 -0.68273282 0.10971564
vn -0.65098238 -0.75527531 0.07603376
vn -0.65098238 -0.75527531 0.07603376
vn -0.72238380 -0.68273282 0.10971564
vn -0.74629122 -0.66498649 0.02902442
vn -0.65098238 -0.75527531 0.07603376
vn -0.56192744 -0.82608223 0.04272807
vn -0.56479192 -0.81793302 0.10952490
vn -0.45352718 -0.88783544 0.07785445
vn -0.56479192 -0.81793302 0.10952490
vn -0.56192744 -0.82608223 0.04272807
vn -0.44771692 -0.88069594 0.15467444
vn -0.57313383 -0.80379218 0.15948591
vn -0.56479192 -0.81793302 0.10952490
vn -0.44771692 -0.88069594 0.15467444
vn -0.56479192 -0.81793302 0.10952490
vn -0.45352718 -0.88783544 0.07785445
vn -0.88753051 -0.45309615 0.08362696
vn -0.81364644 -0.57651204 0.07492224
vn -0.84082609 -0.52628577 0.12662868
vn -0.88753051 -0.45309615 0.08362696
vn -0.84082609 -0.52628577 0.12662868
vn -0.88662481 -0.43870425 0.14640696
vn -0.88753051 -0.45309615 0.08362696
vn -0.88662481 -0.43870425 0.14640696
vn -0.92891246 -0.35083112 0.11848707
vn -0.88753051 -0.45309615 0.08362696
vn -0.92891246 -0.35083112 0.11848707
vn -0.92833447 -0.36830547 0.05046003
vn -0.81364644 -0.57651204 0.07492224
vn -0.78158677 -0.60676897 0.14475341
vn -0.84082609 -0.52628577 0.12662868
vn -0.81364644 -0.57651204 0.07492224
vn -0.74629122 -0.66498649 0.02902442
vn -0.72238380 -0.68273282 0.10971564
vn -0.81364644 -0.57651204 0.07492224
vn -0.72238380 -0.68273282 0.10971564
vn -0.78158677 -0.60676897 0.14475341
vn -0.78158677 -0.60676897 0.14475341
vn -0.72238380 -0.68273282 0.10971564
vn -0.72578233 -0.66562593 0.17373005
vn -0.99467617 -0.07975321 0.06525882
vn -0.97822571 -0.16707097 0.12313303
vn -0.98654598 -0.06660800 0.14929990
vn -0.99467617 -0.07975321 0.06525882
vn -0.98654598 -0.06660800 0.14929990
vn -0.99157006 0.02723961 0.12667622
vn -0.99467617 -0.07975321 0.06525882
vn -0.99157006 0.02723961 0.12667622
vn -0.99785751 0.02741762 0.05940207
vn -0.99467617 -0.07975321 0.06525882
vn -0.98161077 -0.18612821 0.04238551
vn -0.97822571 -0.16707097 0.12313303
vn -0.95994574 -0.27008599 0.07455055
vn -0.95309639 -0.25981924 0.15524583
vn -0.97822571 -0.16707097 0.12313303
vn -0.95994574 -0.27008599 0.07455055
vn -0.97822571 -0.16707097 0.12313303
vn -0.98161077 -0.18612821 0.04238551
vn -0.95994574 -0.27008599 0.07455055
vn -0.92833447 -0.36830547 0.05046003
vn -0.92891246 -0.35083112 0.11848707
vn -0.95994574 -0.27008599 0.07455055
vn -0.92891246 -0.35083112 0.11848707
vn -0.95309639 -0.25981924 0.15524583
vn -0.94424301 0.32698831 0.03852049
vn -0.98615110 0.16403855 0.02444032
vn -0.95663518 0.27559775 0.09431327
vn -0.94424301 0.32698831 0.03852049
vn -0.95663518 0.27559775 0.09431327
vn -0.89554965 0.44081008 0.06064068
vn -0.95449471 0.29637793 -0.03316596
vn -0.98615110 0.16403855 0.02444032
vn -0.94424301 0.32698831 0.03852049
vn -0.95449471 0.29637793 -0.03316596
vn -0.94424301 0.32698831 0.03852049
vn -0.89355880 0.44854280 -0.01902662
vn -0.95449471 0.29637793 -0.03316596
vn -0.98763937 0.14528961 -0.05881626
vn -0.98615110 0.16403855 0.02444032
vn -0.98615110 0.16403855 0.02444032
vn -0.98763937 0.14528961 -0.05881626
vn -0.99993652 0.00930140 -0.00636274
vn -0.98615110 0.16403855 0.02444032
vn -0.99993652 0.00930140 -0.00636274
vn -0.99785751 0.02741762 0.05940207
vn -0.98615110 0.16403855 0.02444032
vn -0.99785751 0.02741762 0.05940207
vn -0.98825192 0.12330272 0.09030268
vn -0.98615110 0.16403855 0.02444032
vn -0.98825192 0.12330272 0.09030268
vn -0.95663518 0.27559775 0.09431327
vn -0.76721710 0.64136893 0.00488373
vn -0.82408971 0.56472594 0.04428048
vn -0.75795907 0.64619368 0.08906026
vn -0.76721710 0.64136893 0.00488373
vn -0.75795907 0.64619368 0.08906026
vn -0.68605387 0.72621089 0.04413414
vn -0.76721710 0.64136893 0.00488373
vn -0.68605387 0.72621089 0.04413414
vn -0.72412097 0.68733394 -0.05675282
vn -0.76721710 0.64136893 0.00488373
vn -0.82457846 0.56081480 -0.07454578
vn -0.82408971 0.56472594 0.04428048
vn -0.89355880 0.44854280 -0.01902662
vn -0.82408971 0.56472594 0.04428048
vn -0.82457846 0.56081480 -0.07454578
vn -0.89554965 0.44081008 0.06064068
vn -0.82408971 0.56472594 0.04428048
vn -0.89355880 0.44854280 -0.01902662
vn -0.89554965 0.44081008 0.06064068
vn -0.89355880 0.44854280 -0.01902662
vn -0.94424301 0.32698831 0.03852049
vn -0.89554965 0.44081008 0.06064068
vn -0.85974610 0.49998218 0.10418498
vn -0.82408971 0.56472594 0.04428048
vn -0.45857140 0.88649678 0.06193346
vn -0.36450407 0.92842740 0.07182869
vn -0.37827951 0.92569000 0.00161184
vn -0.46622211 0.88369423 -0.04149079
vn -0.56734729 0.82238901 0.04234848
vn -0.45857140 0.88649678 0.06193346
vn -0.46622211 0.88369423 -0.04149079
vn -0.45857140 0.88649678 0.06193346
vn -0.37827951 0.92569000 0.00161184
vn -0.46622211 0.88369423 -0.04149079
vn -0.59833896 0.80094963 -0.02168258
vn -0.56734729 0.82238901 0.04234848
vn -0.59833896 0.80094963 -0.02168258
vn -0.72412097 0.68733394 -0.05675282
vn -0.68605387 0.72621089 0.04413414
vn -0.59833896 0.80094963 -0.02168258
vn -0.68605387 0.72621089 0.04413414
vn -0.56734729 0.82238901 0.04234848
vn -0.08183696 0.99611574 0.03249834
vn -0.18535718 0.98266667 -0.00298668
vn -0.17154813 0.98257524 0.07153382
vn -0.08183696 0.99611574 0.03249834
vn 0.06603932 0.99700177 0.04032733
vn 0.01417255 0.99912834 -0.03926454
vn -0.08183696 0.99611574 0.03249834
vn 0.01417255 0.99912834 -0.03926454
vn -0.09863737 0.99391264 -0.04907424
vn -0.08183696 0.99611574 0.03249834
vn -0.09863737 0.99391264 -0.04907424
vn -0.18535718 0.98266667 -0.00298668
vn -0.27178463 0.95990813 0.06862551
vn -0.17154813 0.98257524 0.07153382
vn -0.18535718 0.98266667 -0.00298668
vn -0.27178463 0.95990813 0.06862551
vn -0.18535718 0.98266667 -0.00298668
vn -0.28252599 0.95886225 -0.02760827
vn -0.27178463 0.95990813 0.06862551
vn -0.28252599 0.95886225 -0.02760827
vn -0.37827951 0.92569000 0.00161184
vn -0.27178463 0.95990813 0.06862551
vn -0.37827951 0.92569000 0.00161184
vn -0.36450407 0.92842740 0.07182869
vn 0.30735567 0.95145905 0.01606758
vn 0.19735619 0.98032027 0.00476255
vn 0.21407527 0.97277647 0.08875655
vn 0.30735567 0.95145905 0.01606758
vn 0.21407527 0.97277647 0.08875655
vn 0.35234857 0.93183351 0.08681464
vn 0.30735567 0.95145905 0.01606758
vn 0.35234857 0.93183351 0.08681464
vn 0.43711045 0.89938027 -0.00704516
vn 0.06603932 0.99700177 0.04032733
vn 0.19735619 0.98032027 0.00476255
vn 0.15010481 0.98631203 -0.06824346
vn 0.06603932 0.99700177 0.04032733
vn 0.15010481 0.98631203 -0.06824346
vn 0.01417255 0.99912834 -0.03926454
vn 0.06603932 0.99700177 0.04032733
vn 0.21407527 0.97277647 0.08875655
vn 0.19735619 0.98032027 0.00476255
vn 0.64072037 0.76755357 0.01841043
vn 0.56667864 0.82286024 0.04214635
vn 0.68767422 0.72146654 0.08118004
vn 0.64072037 0.76755357 0.01841043
vn 0.68767422 0.72146654 0.08118004
vn 0.71720618 0.69683295 0.00625487
vn 0.64072037 0.76755357 0.01841043
vn 0.55562145 0.83009464 -0.04719844
vn 0.56667864 0.82286024 0.04214635
vn 0.64072037 0.76755357 0.01841043
vn 0.71720618 0.69683295 0.00625487
vn 0.64169472 0.76229239 -0.08448809
vn 0.64072037 0.76755357 0.01841043
vn 0.64169472 0.76229239 -0.08448809
vn 0.55562145 0.83009464 -0.04719844
vn 0.43711045 0.89938027 -0.00704516
vn 0.56667864 0.82286024 0.04214635
vn 0.55562145 0.83009464 -0.04719844
vn 0.48040146 0.87382156 0.07516871
vn 0.56667864 0.82286024 0.04214635
vn 0.43711045 0.89938027 -0.00704516
vn 0.48040146 0.87382156 0.07516871
vn 0.43711045 0.89938027 -0.00704516
vn 0.35234857 0.93183351 0.08681464
vn 0.88721699 0.46046394 0.02861840
vn 0.80698460 0.58936727 0.03771077
vn 0.86111361 0.49966270 0.09391774
vn 0.88721699 0.46046394 0.02861840
vn 0.92988312 0.35982242 0.07645397
vn 0.92791921 0.37277988 -0.00107394
vn 0.88721699 0.46046394 0.02861840
vn 0.92791921 0.37277988 -0.00107394
vn 0.88538611 0.46094549 -0.06017194
vn 0.88721699 0.46046394 0.02861840
vn 0.88538611 0.46094549 -0.06017194
vn 0.83389354 0.54891586 -0.05755822
vn 0.88721699 0.46046394 0.02861840
vn 0.83389354 0.54891586 -0.05755822
vn 0.80698460 0.58936727 0.03771077
vn 0.75420928 0.65470845 -0.05025103
vn 0.80698460 0.58936727 0.03771077
vn 0.83389354 0.54891586 -0.05755822
vn 0.75420928 0.65470845 -0.05025103
vn 0.71720618 0.69683295 0.00625487
vn 0.80698460 0.58936727 0.03771077
vn 0.80698460 0.58936727 0.03771077
vn 0.71720618 0.69683295 0.00625487
vn 0.68767422 0.72146654 0.08118004
vn 0.99565333 0.09096072 0.02001452
vn 0.97304481 0.23060183 0.00255886
vn 0.97232729 0.22103061 0.07566479
vn 0.99565333 0.09096072 0.02001452
vn 0.99851310 -0.01324505 0.05287895
vn 0.99969590 -0.00786263 -0.02337340
vn 0.97304481 0.23060183 0.00255886
vn 0.92791921 0.37277988 -0.00107394
vn 0.92988312 0.35982242 0.07645397
vn 0.97304481 0.23060183 0.00255886
vn 0.92988312 0.35982242 0.07645397
vn 0.97232729 0.22103061 0.07566479
vn 0.95406485 -0.29707253 0.03883538
vn 0.97785884 -0.20923188 -0.00375294
vn 0.97255737 -0.21427712 0.09065022
vn 0.95406485 -0.29707253 0.03883538
vn 0.97255737 -0.21427712 0.09065022
vn 0.94494957 -0.30816650 0.11001704
vn 0.95406485 -0.29707253 0.03883538
vn 0.94494957 -0.30816650 0.11001704
vn 0.90762508 -0.40886214 0.09512343
vn 0.95406485 -0.29707253 0.03883538
vn 0.90762508 -0.40886214 0.09512343
vn 0.91466129 -0.40300623 0.03131549
vn 0.93387026 -0.35442206 -0.04765857
vn 0.97785884 -0.20923188 -0.00375294
vn 0.95406485 -0.29707253 0.03883538
vn 0.93387026 -0.35442206 -0.04765857
vn 0.95406485 -0.29707253 0.03883538
vn 0.91466129 -0.40300623 0.03131549
vn 0.99416071 -0.10784072 -0.00385879
vn 0.99969590 -0.00786263 -0.02337340
vn 0.99851310 -0.01324505 0.05287895
vn 0.99085414 -0.11313734 0.07353912
vn 0.97255737 -0.21427712 0.09065022
vn 0.97785884 -0.20923188 -0.00375294
vn 0.99085414 -0.11313734 0.07353912
vn 0.97785884 -0.20923188 -0.00375294
vn 0.99416071 -0.10784072 -0.00385879
vn 0.99085414 -0.11313734 0.07353912
vn 0.99416071 -0.10784072 -0.00385879
vn 0.99851310 -0.01324505 0.05287895
vn 0.77020270 -0.63769531 0.01151210
vn 0.84718388 -0.52890128 0.05042686
vn 0.76317227 -0.63951486 0.09267595
vn 0.77020270 -0.63769531 0.01151210
vn 0.76317227 -0.63951486 0.09267595
vn 0.69366163 -0.71829188 0.05376147
vn 0.77020270 -0.63769531 0.01151210
vn 0.85482192 -0.51785147 -0.03330702
vn 0.84718388 -0.52890128 0.05042686
vn 0.77020270 -0.63769531 0.01151210
vn 0.69366163 -0.71829188 0.05376147
vn 0.69281608 -0.72090894 -0.01721018
vn 0.85482192 -0.51785147 -0.03330702
vn 0.93387026 -0.35442206 -0.04765857
vn 0.91466129 -0.40300623 0.03131549
vn 0.85482192 -0.51785147 -0.03330702
vn 0.91466129 -0.40300623 0.03131549
vn 0.84718388 -0.52890128 0.05042686
vn 0.84718388 -0.52890128 0.05042686
vn 0.91466129 -0.40300623 0.03131549
vn 0.90762508 -0.40886214 0.09512343
vn 0.46201888 -0.88632023 0.03122477
vn 0.36032087 -0.92879999 0.08659912
vn 0.37927654 -0.92525822 -0.00682309
vn 0.46201888 -0.88632023 0.03122477
vn 0.59048223 -0.80697346 -0.01115986
vn 0.58069885 -0.81175238 0.06202319
vn 0.46201888 -0.88632023 0.03122477
vn 0.37927654 -0.92525822 -0.00682309
vn 0.50777227 -0.85890090 -0.06675755
vn 0.46201888 -0.88632023 0.03122477
vn 0.50777227 -0.85890090 -0.06675755
vn 0.59048223 -0.80697346 -0.01115986
vn 0.59048223 -0.80697346 -0.01115986
vn 0.69281608 -0.72090894 -0.01721018
vn 0.69366163 -0.71829188 0.05376147
vn 0.59048223 -0.80697346 -0.01115986
vn 0.69366163 -0.71829188 0.05376147
vn 0.58069885 -0.81175238 0.06202319
vn 0.12056702 -0.99031806 0.06880251
vn -0.02182353 -0.99571961 0.08981208
vn -0.00621745 -0.99996781 0.00507637
vn 0.12056702 -0.99031806 0.06880251
vn -0.00621745 -0.99996781 0.00507637
vn 0.14737746 -0.98906612 -0.00529779
vn 0.26256219 -0.96270114 0.06532658
vn 0.12056702 -0.99031806 0.06880251
vn 0.14737746 -0.98906612 -0.00529779
vn 0.26256219 -0.96270114 0.06532658
vn 0.14737746 -0.98906612 -0.00529779
vn 0.27465090 -0.96154338 -0.00111979
vn 0.26256219 -0.96270114 0.06532658
vn 0.27465090 -0.96154338 -0.00111979
vn 0.37927654 -0.92525822 -0.00682309
vn 0.26256219 -0.96270114 0.06532658
vn 0.37927654 -0.92525822 -0.00682309
vn 0.36032087 -0.92879999 0.08659912
vn -0.29843977 -0.95332342 0.04591507
vn -0.15632658 -0.98760897 0.01380224
vn -0.16025855 -0.98304778 0.08907451
vn -0.29843977 -0.95332342 0.04591507
vn -0.16025855 -0.98304778 0.08907451
vn -0.31329894 -0.94407076 0.10283086
vn -0.29843977 -0.95332342 0.04591507
vn -0.31329894 -0.94407076 0.10283086
vn -0.45352718 -0.88783544 0.07785445
vn -0.29843977 -0.95332342 0.04591507
vn -0.45352718 -0.88783544 0.07785445
vn -0.39707434 -0.91773552 0.00966791
vn -0.28963712 -0.95634449 -0.03892991
vn -0.15632658 -0.98760897 0.01380224
vn -0.29843977 -0.95332342 0.04591507
vn -0.28963712 -0.95634449 -0.03892991
vn -0.29843977 -0.95332342 0.04591507
vn -0.39707434 -0.91773552 0.00966791
vn -0.15632658 -0.98760897 0.01380224
vn -0.00621745 -0.99996781 0.00507637
vn -0.02182353 -0.99571961 0.08981208
vn -0.15632658 -0.98760897 0.01380224
vn -0.02182353 -0.99571961 0.08981208
vn -0.16025855 -0.98304778 0.08907451
vn -0.65098238 -0.75527531 0.07603376
vn -0.64159560 -0.76702332 0.00550323
vn -0.56192744 -0.82608223 0.04272807
vn -0.65098238 -0.75527531 0.07603376
vn -0.74629122 -0.66498649 0.02902442
vn -0.64159560 -0.76702332 0.00550323
vn -0.64159560 -0.76702332 0.00550323
vn -0.51823348 -0.85468155 -0.03087892
vn -0.56192744 -0.82608223 0.04272807
vn -0.64159560 -0.76702332 0.00550323
vn -0.74629122 -0.66498649 0.02902442
vn -0.67485124 -0.73534656 -0.06197812
vn -0.64159560 -0.76702332 0.00550323
vn -0.67485124 -0.73534656 -0.06197812
vn -0.51823348 -0.85468155 -0.03087892
vn -0.45352718 -0.88783544 0.07785445
vn -0.56192744 -0.82608223 0.04272807
vn -0.51823348 -0.85468155 -0.03087892
vn -0.45352718 -0.88783544 0.07785445
vn -0.51823348 -0.85468155 -0.03087892
vn -0.39707434 -0.91773552 0.00966791
vn -0.88579571 -0.46362886 0.02035220
vn -0.83374578 -0.55209911 -0.00738683
vn -0.81364644 -0.57651204 0.07492224
vn -0.88579571 -0.46362886 0.02035220
vn -0.81364644 -0.57651204 0.07492224
vn -0.88753051 -0.45309615 0.08362696
vn -0.88579571 -0.46362886 0.02035220
vn -0.88753051 -0.45309615 0.08362696
vn -0.92833447 -0.36830547 0.05046003
vn -0.88579571 -0.46362886 0.02035220
vn -0.92833447 -0.36830547 0.05046003
vn -0.94444513 -0.32842395 -0.01269363
vn -0.88579571 -0.46362886 0.02035220
vn -0.94444513 -0.32842395 -0.01269363
vn -0.87908292 -0.47028062 -0.07777771
vn -0.88579571 -0.46362886 0.02035220
vn -0.87908292 -0.47028062 -0.07777771
vn -0.83374578 -0.55209911 -0.00738683
vn -0.74629122 -0.66498649 0.02902442
vn -0.83374578 -0.55209911 -0.00738683
vn -0.79223347 -0.60356092 -0.08989098
vn -0.74629122 -0.66498649 0.02902442
vn -0.79223347 -0.60356092 -0.08989098
vn -0.67485124 -0.73534656 -0.06197812
vn -0.74629122 -0.66498649 0.02902442
vn -0.81364644 -0.57651204 0.07492224
vn -0.83374578 -0.55209911 -0.00738683
vn -0.99467617 -0.07975321 0.06525882
vn -0.99785751 0.02741762 0.05940207
vn -0.99993652 0.00930140 -0.00636274
vn -0.98873866 -0.14838563 -0.01943177
vn -0.98161077 -0.18612821 0.04238551
vn -0.99467617 -0.07975321 0.06525882
vn -0.98873866 -0.14838563 -0.01943177
vn -0.99467617 -0.07975321 0.06525882
vn -0.99993652 0.00930140 -0.00636274
vn -0.94444513 -0.32842395 -0.01269363
vn -0.98161077 -0.18612821 0.04238551
vn -0.98873866 -0.14838563 -0.01943177
vn -0.95994574 -0.27008599 0.07455055
vn -0.98161077 -0.18612821 0.04238551
vn -0.94444513 -0.32842395 -0.01269363
vn -0.95994574 -0.27008599 0.07455055
vn -0.94444513 -0.32842395 -0.01269363
vn -0.92833447 -0.36830547 0.05046003
vn -0.95449471 0.29637793 -0.03316596
vn -0.95913619 0.25616562 -0.12015367
vn -0.98763937 0.14528961 -0.05881626
vn -0.95449471 0.29637793 -0.03316596
vn -0.89355880 0.44854280 -0.01902662
vn -0.89999217 0.42273247 -0.10635476
vn -0.95449471 0.29637793 -0.03316596
vn -0.89999217 0.42273247 -0.10635476
vn -0.95913619 0.25616562 -0.12015367
vn -0.95913619 0.25616562 -0.12015367
vn -0.89999217 0.42273247 -0.10635476
vn -0.91621143 0.34099114 -0.21043213
vn -0.98146886 0.10195151 -0.16224928
vn -0.98763937 0.14528961 -0.05881626
vn -0.95913619 0.25616562 -0.12015367
vn -0.98146886 0.10195151 -0.16224928
vn -0.99353260 0.00144553 -0.11353787
vn -0.98763937 0.14528961 -0.05881626
vn -0.98763937 0.14528961 -0.05881626
vn -0.99353260 0.00144553 -0.11353787
vn -0.99993652 0.00930140 -0.00636274
vn -0.72412097 0.68733394 -0.05675282
vn -0.82457846 0.56081480 -0.07454578
vn -0.76721710 0.64136893 0.00488373
vn -0.73955697 0.65265918 -0.16459487
vn -0.82457846 0.56081480 -0.07454578
vn -0.72412097 0.68733394 -0.05675282
vn -0.73955697 0.65265918 -0.16459487
vn -0.84654486 0.49624211 -0.19262801
vn -0.82457846 0.56081480 -0.07454578
vn -0.89999217 0.42273247 -0.10635476
vn -0.82457846 0.56081480 -0.07454578
vn -0.84654486 0.49624211 -0.19262801
vn -0.89999217 0.42273247 -0.10635476
vn -0.84654486 0.49624211 -0.19262801
vn -0.91621143 0.34099114 -0.21043213
vn -0.89355880 0.44854280 -0.01902662
vn -0.82457846 0.56081480 -0.07454578
vn -0.89999217 0.42273247 -0.10635476
vn -0.46622211 0.88369423 -0.04149079
vn -0.54383546 0.83161432 -0.11251950
vn -0.59833896 0.80094963 -0.02168258
vn -0.46622211 0.88369423 -0.04149079
vn -0.37827951 0.92569000 0.00161184
vn -0.38104120 0.91833586 -0.10708348
vn -0.46543181 0.86895484 -0.16819860
vn -0.54383546 0.83161432 -0.11251950
vn -0.46622211 0.88369423 -0.04149079
vn -0.46543181 0.86895484 -0.16819860
vn -0.46622211 0.88369423 -0.04149079
vn -0.38104120 0.91833586 -0.10708348
vn -0.63706356 0.76345450 -0.10624137
vn -0.73955697 0.65265918 -0.16459487
vn -0.72412097 0.68733394 -0.05675282
vn -0.63706356 0.76345450 -0.10624137
vn -0.72412097 0.68733394 -0.05675282
vn -0.59833896 0.80094963 -0.02168258
vn -0.63706356 0.76345450 -0.10624137
vn -0.59833896 0.80094963 -0.02168258
vn -0.54383546 0.83161432 -0.11251950
vn -0.09863737 0.99391264 -0.04907424
vn -0.10114299 0.98206705 -0.15910496
vn -0.19720550 0.97440243 -0.10793477
vn -0.09863737 0.99391264 -0.04907424
vn -0.19720550 0.97440243 -0.10793477
vn -0.18535718 0.98266667 -0.00298668
vn -0.09863737 0.99391264 -0.04907424
vn 0.01417255 0.99912834 -0.03926454
vn 0.00601332 0.99230260 -0.12369067
vn -0.09863737 0.99391264 -0.04907424
vn 0.00601332 0.99230260 -0.12369067
vn -0.10114299 0.98206705 -0.15910496
vn -0.28252599 0.95886225 -0.02760827
vn -0.19720550 0.97440243 -0.10793477
vn -0.28439558 0.94627053 -0.15391979
vn -0.28252599 0.95886225 -0.02760827
vn -0.28439558 0.94627053 -0.15391979
vn -0.38104120 0.91833586 -0.10708348
vn -0.28252599 0.95886225 -0.02760827
vn -0.38104120 0.91833586 -0.10708348
vn -0.37827951 0.92569000 0.00161184
vn -0.28252599 0.95886225 -0.02760827
vn -0.18535718 0.98266667 -0.00298668
vn -0.19720550 0.97440243 -0.10793477
vn 0.29321647 0.95334411 -0.07182670
vn 0.15010481 0.98631203 -0.06824346
vn 0.19735619 0.98032027 0.00476255
vn 0.29321647 0.95334411 -0.07182670
vn 0.19735619 0.98032027 0.00476255
vn 0.30735567 0.95145905 0.01606758
vn 0.29321647 0.95334411 -0.07182670
vn 0.30735567 0.95145905 0.01606758
vn 0.43711045 0.89938027 -0.00704516
vn 0.29321647 0.95334411 -0.07182670
vn 0.43711045 0.89938027 -0.00704516
vn 0.42565691 0.90024817 -0.09148465
vn 0.28082368 0.94659942 -0.15839070
vn 0.12846190 0.97813183 -0.16357143
vn 0.15010481 0.98631203 -0.06824346
vn 0.28082368 0.94659942 -0.15839070
vn 0.15010481 0.98631203 -0.06824346
vn 0.29321647 0.95334411 -0.07182670
vn 0.28082368 0.94659942 -0.15839070
vn 0.29321647 0.95334411 -0.07182670
vn 0.42565691 0.90024817 -0.09148465
vn 0.28082368 0.94659942 -0.15839070
vn 0.42565691 0.90024817 -0.09148465
vn 0.42506638 0.88927656 -0.16883637
vn 0.12846190 0.97813183 -0.16357143
vn 0.00601332 0.99230260 -0.12369067
vn 0.15010481 0.98631203 -0.06824346
vn 0.15010481 0.98631203 -0.06824346
vn 0.00601332 0.99230260 -0.12369067
vn 0.01417255 0.99912834 -0.03926454
vn 0.64169472 0.76229239 -0.08448809
vn 0.71720618 0.69683295 0.00625487
vn 0.75420928 0.65470845 -0.05025103
vn 0.64169472 0.76229239 -0.08448809
vn 0.54956949 0.82373732 -0.13939242
vn 0.55562145 0.83009464 -0.04719844
vn 0.64169472 0.76229239 -0.08448809
vn 0.75420928 0.65470845 -0.05025103
vn 0.69268417 0.70343024 -0.15929392
vn 0.64169472 0.76229239 -0.08448809
vn 0.69268417 0.70343024 -0.15929392
vn 0.57630420 0.78728729 -0.21920805
vn 0.64169472 0.76229239 -0.08448809
vn 0.57630420 0.78728729 -0.21920805
vn 0.54956949 0.82373732 -0.13939242
vn 0.42565691 0.90024817 -0.09148465
vn 0.55562145 0.83009464 -0.04719844
vn 0.54956949 0.82373732 -0.13939242
vn 0.42565691 0.90024817 -0.09148465
vn 0.54956949 0.82373732 -0.13939242
vn 0.42506638 0.88927656 -0.16883637
vn 0.43711045 0.89938027 -0.00704516
vn 0.55562145 0.83009464 -0.04719844
vn 0.42565691 0.90024817 -0.09148465
vn 0.88538611 0.46094549 -0.06017194
vn 0.92791921 0.37277988 -0.00107394
vn 0.93997526 0.33293074 -0.07485771
vn 0.86859190 0.46793881 -0.16303794
vn 0.78966779 0.59620714 -0.14478207
vn 0.83389354 0.54891586 -0.05755822
vn 0.86859190 0.46793881 -0.16303794
vn 0.83389354 0.54891586 -0.05755822
vn 0.88538611 0.46094549 -0.06017194
vn 0.86859190 0.46793881 -0.16303794
vn 0.88538611 0.46094549 -0.06017194
vn 0.93997526 0.33293074 -0.07485771
vn 0.86859190 0.46793881 -0.16303794
vn 0.93997526 0.33293074 -0.07485771
vn 0.91248906 0.37615606 -0.16084252
vn 0.78966779 0.59620714 -0.14478207
vn 0.75420928 0.65470845 -0.05025103
vn 0.83389354 0.54891586 -0.05755822
vn 0.78966779 0.59620714 -0.14478207
vn 0.69268417 0.70343024 -0.15929392
vn 0.75420928 0.65470845 -0.05025103
vn 0.99606645 0.05604323 -0.06863507
vn 0.97999579 0.18516596 -0.07295097
vn 0.97304481 0.23060183 0.00255886
vn 0.99606645 0.05604323 -0.06863507
vn 0.97304481 0.23060183 0.00255886
vn 0.99565333 0.09096072 0.02001452
vn 0.99606645 0.05604323 -0.06863507
vn 0.99565333 0.09096072 0.02001452
vn 0.99969590 -0.00786263 -0.02337340
vn 0.98152107 0.10553050 -0.15962371
vn 0.95507431 0.24862728 -0.16129951
vn 0.97999579 0.18516596 -0.07295097
vn 0.98152107 0.10553050 -0.15962371
vn 0.97999579 0.18516596 -0.07295097
vn 0.99606645 0.05604323 -0.06863507
vn 0.98152107 0.10553050 -0.15962371
vn 0.99606645 0.05604323 -0.06863507
vn 0.98737401 -0.00617816 -0.15828595
vn 0.95507431 0.24862728 -0.16129951
vn 0.93997526 0.33293074 -0.07485771
vn 0.97999579 0.18516596 -0.07295097
vn 0.95507431 0.24862728 -0.16129951
vn 0.91248906 0.37615606 -0.16084252
vn 0.93997526 0.33293074 -0.07485771
vn 0.93997526 0.33293074 -0.07485771
vn 0.92791921 0.37277988 -0.00107394
vn 0.97304481 0.23060183 0.00255886
vn 0.93997526 0.33293074 -0.07485771
vn 0.97304481 0.23060183 0.00255886
vn 0.97999579 0.18516596 -0.07295097
vn 0.93387026 -0.35442206 -0.04765857
vn 0.96324795 -0.24845709 -0.10209034
vn 0.97785884 -0.20923188 -0.00375294
vn 0.96324795 -0.24845709 -0.10209034
vn 0.93387026 -0.35442206 -0.04765857
vn 0.89093655 -0.42761233 -0.15290453
vn 0.96324795 -0.24845709 -0.10209034
vn 0.89093655 -0.42761233 -0.15290453
vn 0.93230367 -0.28228620 -0.22610696
vn 0.96324795 -0.24845709 -0.10209034
vn 0.93230367 -0.28228620 -0.22610696
vn 0.96681637 -0.19958957 -0.15946819
vn 0.99108565 -0.09911302 -0.08902743
vn 0.96324795 -0.24845709 -0.10209034
vn 0.96681637 -0.19958957 -0.15946819
vn 0.99108565 -0.09911302 -0.08902743
vn 0.96681637 -0.19958957 -0.15946819
vn 0.97045833 -0.12578166 -0.20588747
vn 0.99108565 -0.09911302 -0.08902743
vn 0.97045833 -0.12578166 -0.20588747
vn 0.98737401 -0.00617816 -0.15828595
vn 0.99108565 -0.09911302 -0.08902743
vn 0.98737401 -0.00617816 -0.15828595
vn 0.99606645 0.05604323 -0.06863507
vn 0.99108565 -0.09911302 -0.08902743
vn 0.99606645 0.05604323 -0.06863507
vn 0.99969590 -0.00786263 -0.02337340
vn 0.99108565 -0.09911302 -0.08902743
vn 0.99969590 -0.00786263 -0.02337340
vn 0.99416071 -0.10784072 -0.00385879
vn 0.99108565 -0.09911302 -0.08902743
vn 0.99416071 -0.10784072 -0.00385879
vn 0.97785884 -0.20923188 -0.00375294
vn 0.99108565 -0.09911302 -0.08902743
vn 0.97785884 -0.20923188 -0.00375294
vn 0.96324795 -0.24845709 -0.10209034
vn 0.73926169 -0.66998029 -0.06795996
vn 0.72123003 -0.67546976 -0.15351832
vn 0.82475388 -0.55642170 -0.10087568
vn 0.73926169 -0.66998029 -0.06795996
vn 0.82475388 -0.55642170 -0.10087568
vn 0.85482192 -0.51785147 -0.03330702
vn 0.73926169 -0.66998029 -0.06795996
vn 0.85482192 -0.51785147 -0.03330702
vn 0.77020270 -0.63769531 0.01151210
vn 0.73926169 -0.66998029 -0.06795996
vn 0.77020270 -0.63769531 0.01151210
vn 0.69281608 -0.72090894 -0.01721018
vn 0.72123003 -0.67546976 -0.15351832
vn 0.79461378 -0.57501662 -0.19479422
vn 0.82475388 -0.55642170 -0.10087568
vn 0.89093655 -0.42761233 -0.15290453
vn 0.82475388 -0.55642170 -0.10087568
vn 0.79461378 -0.57501662 -0.19479422
vn 0.85482192 -0.51785147 -0.03330702
vn 0.82475388 -0.55642170 -0.10087568
vn 0.89093655 -0.42761233 -0.15290453
vn 0.85482192 -0.51785147 -0.03330702
vn 0.89093655 -0.42761233 -0.15290453
vn 0.93387026 -0.35442206 -0.04765857
vn 0.50777227 -0.85890090 -0.06675755
vn 0.37927654 -0.92525822 -0.00682309
vn 0.42189547 -0.89967108 -0.11223262
vn 0.42189547 -0.89967108 -0.11223262
vn 0.54195756 -0.82277662 -0.17123269
vn 0.50777227 -0.85890090 -0.06675755
vn 0.62601542 -0.77232128 -0.10781725
vn 0.50777227 -0.85890090 -0.06675755
vn 0.54195756 -0.82277662 -0.17123269
vn 0.62601542 -0.77232128 -0.10781725
vn 0.72123003 -0.67546976 -0.15351832
vn 0.73926169 -0.66998029 -0.06795996
vn 0.62601542 -0.77232128 -0.10781725
vn 0.73926169 -0.66998029 -0.06795996
vn 0.69281608 -0.72090894 -0.01721018
vn 0.62601542 -0.77232128 -0.10781725
vn 0.69281608 -0.72090894 -0.01721018
vn 0.59048223 -0.80697346 -0.01115986
vn 0.62601542 -0.77232128 -0.10781725
vn 0.59048223 -0.80697346 -0.01115986
vn 0.50777227 -0.85890090 -0.06675755
vn 0.13092019 -0.98800641 -0.08187305
vn 0.14737746 -0.98906612 -0.00529779
vn -0.00621745 -0.99996781 0.00507637
vn 0.13092019 -0.98800641 -0.08187305
vn -0.00621745 -0.99996781 0.00507637
vn -0.06760810 -0.99424833 -0.08306286
vn 0.13092019 -0.98800641 -0.08187305
vn -0.06760810 -0.99424833 -0.08306286
vn 0.04658092 -0.98792726 -0.14774962
vn 0.04658092 -0.98792726 -0.14774962
vn 0.19070572 -0.95838022 -0.21245854
vn 0.13092019 -0.98800641 -0.08187305
vn 0.28370792 -0.94701189 -0.15059328
vn 0.28562945 -0.95565867 -0.07164032
vn 0.13092019 -0.98800641 -0.08187305
vn 0.28370792 -0.94701189 -0.15059328
vn 0.13092019 -0.98800641 -0.08187305
vn 0.19070572 -0.95838022 -0.21245854
vn 0.28370792 -0.94701189 -0.15059328
vn 0.38721132 -0.89694685 -0.21343325
vn 0.42189547 -0.89967108 -0.11223262
vn 0.28370792 -0.94701189 -0.15059328
vn 0.42189547 -0.89967108 -0.11223262
vn 0.28562945 -0.95565867 -0.07164032
vn 0.28562945 -0.95565867 -0.07164032
vn 0.42189547 -0.89967108 -0.11223262
vn 0.37927654 -0.92525822 -0.00682309
vn 0.28562945 -0.95565867 -0.07164032
vn 0.37927654 -0.92525822 -0.00682309
vn 0.27465090 -0.96154338 -0.00111979
vn 0.28562945 -0.95565867 -0.07164032
vn 0.27465090 -0.96154338 -0.00111979
vn 0.14737746 -0.98906612 -0.00529779
vn 0.28562945 -0.95565867 -0.07164032
vn 0.14737746 -0.98906612 -0.00529779
vn 0.13092019 -0.98800641 -0.08187305
vn -0.28963712 -0.95634449 -0.03892991
vn -0.19723752 -0.97606307 -0.09164193
vn -0.15632658 -0.98760897 0.01380224
vn -0.28963712 -0.95634449 -0.03892991
vn -0.39707434 -0.91773552 0.00966791
vn -0.39508572 -0.91526300 -0.07874614
vn -0.33002666 -0.93577629 -0.12411726
vn -0.19723752 -0.97606307 -0.09164193
vn -0.28963712 -0.95634449 -0.03892991
vn -0.33002666 -0.93577629 -0.12411726
vn -0.28963712 -0.95634449 -0.03892991
vn -0.39508572 -0.91526300 -0.07874614
vn -0.33002666 -0.93577629 -0.12411726
vn -0.33378708 -0.92292726 -0.19181107
vn -0.18460156 -0.96784562 -0.17087151
vn -0.33002666 -0.93577629 -0.12411726
vn -0.18460156 -0.96784562 -0.17087151
vn -0.19723752 -0.97606307 -0.09164193
vn -0.06760810 -0.99424833 -0.08306286
vn -0.19723752 -0.97606307 -0.09164193
vn -0.18460156 -0.96784562 -0.17087151
vn -0.06760810 -0.99424833 -0.08306286
vn -0.18460156 -0.96784562 -0.17087151
vn -0.05766585 -0.96962136 -0.23771638
vn -0.06760810 -0.99424833 -0.08306286
vn -0.05766585 -0.96962136 -0.23771638
vn 0.04658092 -0.98792726 -0.14774962
vn -0.06760810 -0.99424833 -0.08306286
vn -0.00621745 -0.99996781 0.00507637
vn -0.15632658 -0.98760897 0.01380224
vn -0.06760810 -0.99424833 -0.08306286
vn -0.15632658 -0.98760897 0.01380224
vn -0.19723752 -0.97606307 -0.09164193
vn -0.67485124 -0.73534656 -0.06197812
vn -0.51453251 -0.84881115 -0.12155647
vn -0.51823348 -0.85468155 -0.03087892
vn -0.66159397 -0.72763062 -0.18123762
vn -0.51453251 -0.84881115 -0.12155647
vn -0.67485124 -0.73534656 -0.06197812
vn -0.51453251 -0.84881115 -0.12155647
vn -0.33378708 -0.92292726 -0.19181107
vn -0.33002666 -0.93577629 -0.12411726
vn -0.51453251 -0.84881115 -0.12155647
vn -0.33002666 -0.93577629 -0.12411726
vn -0.39508572 -0.91526300 -0.07874614
vn -0.51823348 -0.85468155 -0.03087892
vn -0.51453251 -0.84881115 -0.12155647
vn -0.39508572 -0.91526300 -0.07874614
vn -0.51823348 -0.85468155 -0.03087892
vn -0.39508572 -0.91526300 -0.07874614
vn -0.39707434 -0.91773552 0.00966791
vn -0.87908292 -0.47028062 -0.07777771
vn -0.79223347 -0.60356092 -0.08989098
vn -0.83374578 -0.55209911 -0.00738683
vn -0.87908292 -0.47028062 -0.07777771
vn -0.94444513 -0.32842395 -0.01269363
vn -0.91863513 -0.37738642 -0.11699997
vn -0.87908292 -0.47028062 -0.07777771
vn -0.91863513 -0.37738642 -0.11699997
vn -0.86144358 -0.46841875 -0.19621128
vn -0.87908292 -0.47028062 -0.07777771
vn -0.86144358 -0.46841875 -0.19621128
vn -0.78869522 -0.58177638 -0.19873625
vn -0.87908292 -0.47028062 -0.07777771
vn -0.78869522 -0.58177638 -0.19873625
vn -0.79223347 -0.60356092 -0.08989098
vn -0.79223347 -0.60356092 -0.08989098
vn -0.78869522 -0.58177638 -0.19873625
vn -0.66159397 -0.72763062 -0.18123762
vn -0.79223347 -0.60356092 -0.08989098
vn -0.66159397 -0.72763062 -0.18123762
vn -0.67485124 -0.73534656 -0.06197812
vn -0.99115872 -0.09659228 -0.09096354
vn -0.96496230 -0.23682640 -0.11296440
vn -0.98873866 -0.14838563 -0.01943177
vn -0.99115872 -0.09659228 -0.09096354
vn -0.98873866 -0.14838563 -0.01943177
vn -0.99993652 0.00930140 -0.00636274
vn -0.99115872 -0.09659228 -0.09096354
vn -0.99993652 0.00930140 -0.00636274
vn -0.99353260 0.00144553 -0.11353787
vn -0.99115872 -0.09659228 -0.09096354
vn -0.99353260 0.00144553 -0.11353787
vn -0.96935856 -0.09897001 -0.22483094
vn -0.99115872 -0.09659228 -0.09096354
vn -0.96935856 -0.09897001 -0.22483094
vn -0.96496230 -0.23682640 -0.11296440
vn -0.96496230 -0.23682640 -0.11296440
vn -0.91863513 -0.37738642 -0.11699997
vn -0.94444513 -0.32842395 -0.01269363
vn -0.96496230 -0.23682640 -0.11296440
vn -0.94444513 -0.32842395 -0.01269363
vn -0.98873866 -0.14838563 -0.01943177
vn -0.91621143 0.34099114 -0.21043213
vn -0.94701993 0.20239148 -0.24938115
vn -0.95913619 0.25616562 -0.12015367
vn -0.94701993 0.20239148 -0.24938115
vn -0.91621143 0.34099114 -0.21043213
vn -0.88159889 0.31330732 -0.35301825
vn -0.94701993 0.20239148 -0.24938115
vn -0.88159889 0.31330732 -0.35301825
vn -0.90359515 0.18787515 -0.38499182
vn -0.96642381 0.04710348 -0.25259912
vn -0.94701993 0.20239148 -0.24938115
vn -0.90359515 0.18787515 -0.38499182
vn -0.96642381 0.04710348 -0.25259912
vn -0.90359515 0.18787515 -0.38499182
vn -0.93076450 0.02328951 -0.36487672
vn -0.98146886 0.10195151 -0.16224928
vn -0.94701993 0.20239148 -0.24938115
vn -0.96642381 0.04710348 -0.25259912
vn -0.98146886 0.10195151 -0.16224928
vn -0.96642381 0.04710348 -0.25259912
vn -0.99353260 0.00144553 -0.11353787
vn -0.98146886 0.10195151 -0.16224928
vn -0.95913619 0.25616562 -0.12015367
vn -0.94701993 0.20239148 -0.24938115
vn -0.73955697 0.65265918 -0.16459487
vn -0.77288240 0.55790597 -0.30231392
vn -0.84654486 0.49624211 -0.19262801
vn -0.73955697 0.65265918 -0.16459487
vn -0.66634184 0.69200075 -0.27771118
vn -0.77288240 0.55790597 -0.30231392
vn -0.83566648 0.43499911 -0.33531678
vn -0.84654486 0.49624211 -0.19262801
vn -0.77288240 0.55790597 -0.30231392
vn -0.83566648 0.43499911 -0.33531678
vn -0.88159889 0.31330732 -0.35301825
vn -0.91621143 0.34099114 -0.21043213
vn -0.83566648 0.43499911 -0.33531678
vn -0.91621143 0.34099114 -0.21043213
vn -0.84654486 0.49624211 -0.19262801
vn -0.46543181 0.86895484 -0.16819860
vn -0.41797823 0.85635614 -0.30322996
vn -0.58173728 0.78501046 -0.21293262
vn -0.46543181 0.86895484 -0.16819860
vn -0.58173728 0.78501046 -0.21293262
vn -0.54383546 0.83161432 -0.11251950
vn -0.46543181 0.86895484 -0.16819860
vn -0.38104120 0.91833586 -0.10708348
vn -0.33913705 0.90848565 -0.24421269
vn -0.46543181 0.86895484 -0.16819860
vn -0.33913705 0.90848565 -0.24421269
vn -0.41797823 0.85635614 -0.30322996
vn -0.41797823 0.85635614 -0.30322996
vn -0.53841913 0.78301775 -0.31142899
vn -0.58173728 0.78501046 -0.21293262
vn -0.66634184 0.69200075 -0.27771118
vn -0.58173728 0.78501046 -0.21293262
vn -0.53841913 0.78301775 -0.31142899
vn -0.58173728 0.78501046 -0.21293262
vn -0.66634184 0.69200075 -0.27771118
vn -0.73955697 0.65265918 -0.16459487
vn -0.58173728 0.78501046 -0.21293262
vn -0.73955697 0.65265918 -0.16459487
vn -0.63706356 0.76345450 -0.10624137
vn -0.58173728 0.78501046 -0.21293262
vn -0.63706356 0.76345450 -0.10624137
vn -0.54383546 0.83161432 -0.11251950
vn -0.10114299 0.98206705 -0.15910496
vn -0.09991696 0.94013560 -0.32582456
vn -0.19806181 0.94461459 -0.26167697
vn -0.10114299 0.98206705 -0.15910496
vn -0.19806181 0.94461459 -0.26167697
vn -0.19720550 0.97440243 -0.10793477
vn -0.10114299 0.98206705 -0.15910496
vn 0.00601332 0.99230260 -0.12369067
vn -0.00203640 0.96483582 -0.26284549
vn -0.10114299 0.98206705 -0.15910496
vn -0.00203640 0.96483582 -0.26284549
vn -0.09991696 0.94013560 -0.32582456
vn -0.33913705 0.90848565 -0.24421269
vn -0.19806181 0.94461459 -0.26167697
vn -0.26219428 0.86913240 -0.41936028
vn -0.33913705 0.90848565 -0.24421269
vn -0.26219428 0.86913240 -0.41936028
vn -0.41797823 0.85635614 -0.30322996
vn -0.28439558 0.94627053 -0.15391979
vn -0.19806181 0.94461459 -0.26167697
vn -0.33913705 0.90848565 -0.24421269
vn -0.28439558 0.94627053 -0.15391979
vn -0.33913705 0.90848565 -0.24421269
vn -0.38104120 0.91833586 -0.10708348
vn -0.28439558 0.94627053 -0.15391979
vn -0.19720550 0.97440243 -0.10793477
vn -0.19806181 0.94461459 -0.26167697
vn 0.28082368 0.94659942 -0.15839070
vn 0.33929160 0.90199941 -0.26697990
vn 0.17451729 0.94586098 -0.27366173
vn 0.28082368 0.94659942 -0.15839070
vn 0.17451729 0.94586098 -0.27366173
vn 0.12846190 0.97813183 -0.16357143
vn 0.28082368 0.94659942 -0.15839070
vn 0.42506638 0.88927656 -0.16883637
vn 0.33929160 0.90199941 -0.26697990
vn 0.17451729 0.94586098 -0.27366173
vn 0.33929160 0.90199941 -0.26697990
vn 0.26685178 0.89081639 -0.36774492
vn 0.17451729 0.94586098 -0.27366173
vn 0.12194794 0.91480553 -0.38504490
vn -0.00203640 0.96483582 -0.26284549
vn 0.12846190 0.97813183 -0.16357143
vn 0.17451729 0.94586098 -0.27366173
vn -0.00203640 0.96483582 -0.26284549
vn 0.12846190 0.97813183 -0.16357143
vn -0.00203640 0.96483582 -0.26284549
vn 0.00601332 0.99230260 -0.12369067
vn 0.57630420 0.78728729 -0.21920805
vn 0.69268417 0.70343024 -0.15929392
vn 0.69975859 0.65652740 -0.28161973
vn 0.62161475 0.70074368 -0.35007626
vn 0.57630420 0.78728729 -0.21920805
vn 0.69975859 0.65652740 -0.28161973
vn 0.62161475 0.70074368 -0.35007626
vn 0.51516211 0.76354837 -0.38936079
vn 0.57630420 0.78728729 -0.21920805
vn 0.45598826 0.84345174 -0.28401384
vn 0.57630420 0.78728729 -0.21920805
vn 0.51516211 0.76354837 -0.38936079
vn 0.42506638 0.88927656 -0.16883637
vn 0.57630420 0.78728729 -0.21920805
vn 0.45598826 0.84345174 -0.28401384
vn 0.42506638 0.88927656 -0.16883637
vn 0.45598826 0.84345174 -0.28401384
vn 0.33929160 0.90199941 -0.26697990
vn 0.42506638 0.88927656 -0.16883637
vn 0.54956949 0.82373732 -0.13939242
vn 0.57630420 0.78728729 -0.21920805
vn 0.86859190 0.46793881 -0.16303794
vn 0.81742072 0.47960445 -0.31906578
vn 0.77414244 0.57816601 -0.25773543
vn 0.86859190 0.46793881 -0.16303794
vn 0.77414244 0.57816601 -0.25773543
vn 0.78966779 0.59620714 -0.14478207
vn 0.86859190 0.46793881 -0.16303794
vn 0.91248906 0.37615606 -0.16084252
vn 0.90772289 0.32389346 -0.26670626
vn 0.86859190 0.46793881 -0.16303794
vn 0.90772289 0.32389346 -0.26670626
vn 0.81742072 0.47960445 -0.31906578
vn 0.81742072 0.47960445 -0.31906578
vn 0.90772289 0.32389346 -0.26670626
vn 0.85249770 0.36214313 -0.37696162
vn 0.77414244 0.57816601 -0.25773543
vn 0.69975859 0.65652740 -0.28161973
vn 0.69268417 0.70343024 -0.15929392
vn 0.77414244 0.57816601 -0.25773543
vn 0.69268417 0.70343024 -0.15929392
vn 0.78966779 0.59620714 -0.14478207
vn 0.98152107 0.10553050 -0.15962371
vn 0.95126212 0.15743738 -0.26516759
vn 0.95507431 0.24862728 -0.16129951
vn 0.98152107 0.10553050 -0.15962371
vn 0.98737401 -0.00617816 -0.15828595
vn 0.96592087 0.00688043 -0.25874615
vn 0.98152107 0.10553050 -0.15962371
vn 0.96592087 0.00688043 -0.25874615
vn 0.95126212 0.15743738 -0.26516759
vn 0.95126212 0.15743738 -0.26516759
vn 0.96592087 0.00688043 -0.25874615
vn 0.92062664 0.03255942 -0.38908419
vn 0.95126212 0.15743738 -0.26516759
vn 0.92062664 0.03255942 -0.38908419
vn 0.92293352 0.14497891 -0.35661575
vn 0.90772289 0.32389346 -0.26670626
vn 0.95126212 0.15743738 -0.26516759
vn 0.92293352 0.14497891 -0.35661575
vn 0.95507431 0.24862728 -0.16129951
vn 0.95126212 0.15743738 -0.26516759
vn 0.90772289 0.32389346 -0.26670626
vn 0.95507431 0.24862728 -0.16129951
vn 0.90772289 0.32389346 -0.26670626
vn 0.91248906 0.37615606 -0.16084252
vn 0.93230367 -0.28228620 -0.22610696
vn 0.97045833 -0.12578166 -0.20588747
vn 0.96681637 -0.19958957 -0.15946819
vn 0.93230367 -0.28228620 -0.22610696
vn 0.89093655 -0.42761233 -0.15290453
vn 0.86810851 -0.41425157 -0.27346519
vn 0.93230367 -0.28228620 -0.22610696
vn 0.94063145 -0.13542411 -0.31124395
vn 0.97045833 -0.12578166 -0.20588747
vn 0.93230367 -0.28228620 -0.22610696
vn 0.86810851 -0.41425157 -0.27346519
vn 0.88476819 -0.30199626 -0.35494164
vn 0.93230367 -0.28228620 -0.22610696
vn 0.88476819 -0.30199626 -0.35494164
vn 0.94063145 -0.13542411 -0.31124395
vn 0.94063145 -0.13542411 -0.31124395
vn 0.92062664 0.03255942 -0.38908419
vn 0.96592087 0.00688043 -0.25874615
vn 0.94063145 -0.13542411 -0.31124395
vn 0.96592087 0.00688043 -0.25874615
vn 0.97045833 -0.12578166 -0.20588747
vn 0.97045833 -0.12578166 -0.20588747
vn 0.96592087 0.00688043 -0.25874615
vn 0.98737401 -0.00617816 -0.15828595
vn 0.79461378 -0.57501662 -0.19479422
vn 0.72123003 -0.67546976 -0.15351832
vn 0.68579614 -0.67035371 -0.28338933
vn 0.78721708 -0.54766113 -0.28347236
vn 0.79461378 -0.57501662 -0.19479422
vn 0.68579614 -0.67035371 -0.28338933
vn 0.89093655 -0.42761233 -0.15290453
vn 0.79461378 -0.57501662 -0.19479422
vn 0.78721708 -0.54766113 -0.28347236
vn 0.89093655 -0.42761233 -0.15290453
vn 0.78721708 -0.54766113 -0.28347236
vn 0.86810851 -0.41425157 -0.27346519
vn 0.49507275 -0.82519072 -0.27196187
vn 0.54195756 -0.82277662 -0.17123269
vn 0.42189547 -0.89967108 -0.11223262
vn 0.49507275 -0.82519072 -0.27196187
vn 0.42189547 -0.89967108 -0.11223262
vn 0.38721132 -0.89694685 -0.21343325
vn 0.49507275 -0.82519072 -0.27196187
vn 0.38721132 -0.89694685 -0.21343325
vn 0.31937277 -0.87728935 -0.35827988
vn 0.62232888 -0.74625617 -0.23623832
vn 0.49507275 -0.82519072 -0.27196187
vn 0.59198833 -0.70970660 -0.38192448
vn 0.62232888 -0.74625617 -0.23623832
vn 0.59198833 -0.70970660 -0.38192448
vn 0.68579614 -0.67035371 -0.28338933
vn 0.62232888 -0.74625617 -0.23623832
vn 0.54195756 -0.82277662 -0.17123269
vn 0.49507275 -0.82519072 -0.27196187
vn 0.62232888 -0.74625617 -0.23623832
vn 0.68579614 -0.67035371 -0.28338933
vn 0.72123003 -0.67546976 -0.15351832
vn 0.62232888 -0.74625617 -0.23623832
vn 0.72123003 -0.67546976 -0.15351832
vn 0.62601542 -0.77232128 -0.10781725
vn 0.62232888 -0.74625617 -0.23623832
vn 0.62601542 -0.77232128 -0.10781725
vn 0.54195756 -0.82277662 -0.17123269
vn 0.04658092 -0.98792726 -0.14774962
vn 0.09097909 -0.95917273 -0.26778820
vn 0.19070572 -0.95838022 -0.21245854
vn 0.04658092 -0.98792726 -0.14774962
vn -0.05766585 -0.96962136 -0.23771638
vn 0.09097909 -0.95917273 -0.26778820
vn 0.09097909 -0.95917273 -0.26778820
vn -0.05766585 -0.96962136 -0.23771638
vn -0.03490964 -0.91107595 -0.41075769
vn 0.09097909 -0.95917273 -0.26778820
vn -0.03490964 -0.91107595 -0.41075769
vn 0.14935902 -0.92420292 -0.35148373
vn 0.09097909 -0.95917273 -0.26778820
vn 0.14935902 -0.92420292 -0.35148373
vn 0.19070572 -0.95838022 -0.21245854
vn 0.28044459 -0.92093986 -0.27059299
vn 0.19070572 -0.95838022 -0.21245854
vn 0.14935902 -0.92420292 -0.35148373
vn 0.28044459 -0.92093986 -0.27059299
vn 0.14935902 -0.92420292 -0.35148373
vn 0.31937277 -0.87728935 -0.35827988
vn 0.28044459 -0.92093986 -0.27059299
vn 0.31937277 -0.87728935 -0.35827988
vn 0.38721132 -0.89694685 -0.21343325
vn 0.28370792 -0.94701189 -0.15059328
vn 0.19070572 -0.95838022 -0.21245854
vn 0.28044459 -0.92093986 -0.27059299
vn 0.28370792 -0.94701189 -0.15059328
vn 0.28044459 -0.92093986 -0.27059299
vn 0.38721132 -0.89694685 -0.21343325
vn -0.33378708 -0.92292726 -0.19181107
vn -0.18528891 -0.94013476 -0.28603259
vn -0.18460156 -0.96784562 -0.17087151
vn -0.32302216 -0.88993162 -0.32199129
vn -0.18528891 -0.94013476 -0.28603259
vn -0.33378708 -0.92292726 -0.19181107
vn -0.05766585 -0.96962136 -0.23771638
vn -0.18528891 -0.94013476 -0.28603259
vn -0.03490964 -0.91107595 -0.41075769
vn -0.05766585 -0.96962136 -0.23771638
vn -0.18460156 -0.96784562 -0.17087151
vn -0.18528891 -0.94013476 -0.28603259
vn -0.66159397 -0.72763062 -0.18123762
vn -0.54398906 -0.81021732 -0.21822880
vn -0.51453251 -0.84881115 -0.12155647
vn -0.56046242 -0.76296675 -0.32212356
vn -0.54398906 -0.81021732 -0.21822880
vn -0.66159397 -0.72763062 -0.18123762
vn -0.56046242 -0.76296675 -0.32212356
vn -0.66159397 -0.72763062 -0.18123762
vn -0.65229762 -0.66694510 -0.36012784
vn -0.44855466 -0.86024749 -0.24243136
vn -0.54398906 -0.81021732 -0.21822880
vn -0.56046242 -0.76296675 -0.32212356
vn -0.44855466 -0.86024749 -0.24243136
vn -0.56046242 -0.76296675 -0.32212356
vn -0.42880353 -0.82133853 -0.37620550
vn -0.44855466 -0.86024749 -0.24243136
vn -0.42880353 -0.82133853 -0.37620550
vn -0.32302216 -0.88993162 -0.32199129
vn -0.44855466 -0.86024749 -0.24243136
vn -0.32302216 -0.88993162 -0.32199129
vn -0.33378708 -0.92292726 -0.19181107
vn -0.44855466 -0.86024749 -0.24243136
vn -0.33378708 -0.92292726 -0.19181107
vn -0.51453251 -0.84881115 -0.12155647
vn -0.44855466 -0.86024749 -0.24243136
vn -0.51453251 -0.84881115 -0.12155647
vn -0.54398906 -0.81021732 -0.21822880
vn -0.86144358 -0.46841875 -0.19621128
vn -0.91863513 -0.37738642 -0.11699997
vn -0.90123147 -0.37238142 -0.22161666
vn -0.82517684 -0.45659527 -0.33257174
vn -0.75144172 -0.57755744 -0.31900272
vn -0.78869522 -0.58177638 -0.19873625
vn -0.82517684 -0.45659527 -0.33257174
vn -0.78869522 -0.58177638 -0.19873625
vn -0.86144358 -0.46841875 -0.19621128
vn -0.82517684 -0.45659527 -0.33257174
vn -0.86144358 -0.46841875 -0.19621128
vn -0.90123147 -0.37238142 -0.22161666
vn -0.82517684 -0.45659527 -0.33257174
vn -0.90123147 -0.37238142 -0.22161666
vn -0.86845672 -0.36354887 -0.33706838
vn -0.75144172 -0.57755744 -0.31900272
vn -0.65229762 -0.66694510 -0.36012784
vn -0.66159397 -0.72763062 -0.18123762
vn -0.75144172 -0.57755744 -0.31900272
vn -0.66159397 -0.72763062 -0.18123762
vn -0.78869522 -0.58177638 -0.19873625
vn -0.96935856 -0.09897001 -0.22483094
vn -0.94521576 -0.24464983 -0.21613342
vn -0.96496230 -0.23682640 -0.11296440
vn -0.96935856 -0.09897001 -0.22483094
vn -0.99353260 0.00144553 -0.11353787
vn -0.96642381 0.04710348 -0.25259912
vn -0.96935856 -0.09897001 -0.22483094
vn -0.90906179 -0.25884634 -0.32650453
vn -0.94521576 -0.24464983 -0.21613342
vn -0.96935856 -0.09897001 -0.22483094
vn -0.96642381 0.04710348 -0.25259912
vn -0.93076450 0.02328951 -0.36487672
vn -0.96935856 -0.09897001 -0.22483094
vn -0.93076450 0.02328951 -0.36487672
vn -0.92509347 -0.13621607 -0.35446757
vn -0.96935856 -0.09897001 -0.22483094
vn -0.92509347 -0.13621607 -0.35446757
vn -0.90906179 -0.25884634 -0.32650453
vn -0.90906179 -0.25884634 -0.32650453
vn -0.86845672 -0.36354887 -0.33706838
vn -0.90123147 -0.37238142 -0.22161666
vn -0.90906179 -0.25884634 -0.32650453
vn -0.90123147 -0.37238142 -0.22161666
vn -0.94521576 -0.24464983 -0.21613342
vn -0.94521576 -0.24464983 -0.21613342
vn -0.90123147 -0.37238142 -0.22161666
vn -0.91863513 -0.37738642 -0.11699997
vn -0.94521576 -0.24464983 -0.21613342
vn -0.91863513 -0.37738642 -0.11699997
vn -0.96496230 -0.23682640 -0.11296440
vn -0.88159889 0.31330732 -0.35301825
vn -0.81127864 0.32983795 -0.48273584
vn -0.90359515 0.18787515 -0.38499182
vn -0.78899837 0.24961643 -0.56140292
vn -0.85678130 0.10625140 -0.50461513
vn -0.90359515 0.18787515 -0.38499182
vn -0.78899837 0.24961643 -0.56140292
vn -0.90359515 0.18787515 -0.38499182
vn -0.81127864 0.32983795 -0.48273584
vn -0.85678130 0.10625140 -0.50461513
vn -0.86674720 -0.05457384 -0.49575299
vn -0.93076450 0.02328951 -0.36487672
vn -0.93076450 0.02328951 -0.36487672
vn -0.90359515 0.18787515 -0.38499182
vn -0.85678130 0.10625140 -0.50461513
vn -0.68981087 0.57490587 -0.44005024
vn -0.75181359 0.44618109 -0.48548821
vn -0.77288240 0.55790597 -0.30231392
vn -0.68981087 0.57490587 -0.44005024
vn -0.77288240 0.55790597 -0.30231392
vn -0.66634184 0.69200075 -0.27771118
vn -0.68981087 0.57490587 -0.44005024
vn -0.66634184 0.69200075 -0.27771118
vn -0.61619329 0.67830884 -0.40025353
vn -0.68981087 0.57490587 -0.44005024
vn -0.53211594 0.64384025 -0.54983842
vn -0.62898827 0.51094431 -0.58592635
vn -0.68981087 0.57490587 -0.44005024
vn -0.62898827 0.51094431 -0.58592635
vn -0.75181359 0.44618109 -0.48548821
vn -0.83566648 0.43499911 -0.33531678
vn -0.77288240 0.55790597 -0.30231392
vn -0.75181359 0.44618109 -0.48548821
vn -0.83566648 0.43499911 -0.33531678
vn -0.75181359 0.44618109 -0.48548821
vn -0.81127864 0.32983795 -0.48273584
vn -0.83566648 0.43499911 -0.33531678
vn -0.81127864 0.32983795 -0.48273584
vn -0.88159889 0.31330732 -0.35301825
vn -0.46369150 0.77051127 -0.43738145
vn -0.53841913 0.78301775 -0.31142899
vn -0.41797823 0.85635614 -0.30322996
vn -0.46369150 0.77051127 -0.43738145
vn -0.41797823 0.85635614 -0.30322996
vn -0.26219428 0.86913240 -0.41936028
vn -0.46369150 0.77051127 -0.43738145
vn -0.26219428 0.86913240 -0.41936028
vn -0.31998673 0.74276513 -0.58813989
vn -0.46369150 0.77051127 -0.43738145
vn -0.31998673 0.74276513 -0.58813989
vn -0.53211594 0.64384025 -0.54983842
vn -0.53211594 0.64384025 -0.54983842
vn -0.61619329 0.67830884 -0.40025353
vn -0.46369150 0.77051127 -0.43738145
vn -0.53211594 0.64384025 -0.54983842
vn -0.68981087 0.57490587 -0.44005024
vn -0.61619329 0.67830884 -0.40025353
vn -0.61619329 0.67830884 -0.40025353
vn -0.66634184 0.69200075 -0.27771118
vn -0.53841913 0.78301775 -0.31142899
vn -0.61619329 0.67830884 -0.40025353
vn -0.53841913 0.78301775 -0.31142899
vn -0.46369150 0.77051127 -0.43738145
vn -0.09991696 0.94013560 -0.32582456
vn -0.06113094 0.86796975 -0.49284020
vn -0.26219428 0.86913240 -0.41936028
vn -0.09991696 0.94013560 -0.32582456
vn -0.26219428 0.86913240 -0.41936028
vn -0.19806181 0.94461459 -0.26167697
vn -0.09991696 0.94013560 -0.32582456
vn -0.00203640 0.96483582 -0.26284549
vn 0.02968985 0.89787221 -0.43925396
vn -0.09991696 0.94013560 -0.32582456
vn 0.02968985 0.89787221 -0.43925396
vn -0.06113094 0.86796975 -0.49284020
vn -0.06113094 0.86796975 -0.49284020
vn -0.17845315 0.83136439 -0.52629626
vn -0.26219428 0.86913240 -0.41936028
vn -0.06113094 0.86796975 -0.49284020
vn -0.09949294 0.75003105 -0.65387660
vn -0.17845315 0.83136439 -0.52629626
vn -0.26219428 0.86913240 -0.41936028
vn -0.17845315 0.83136439 -0.52629626
vn -0.31998673 0.74276513 -0.58813989
vn 0.26685178 0.89081639 -0.36774492
vn 0.19958700 0.84326512 -0.49906808
vn 0.12194794 0.91480553 -0.38504490
vn 0.26685178 0.89081639 -0.36774492
vn 0.12194794 0.91480553 -0.38504490
vn 0.17451729 0.94586098 -0.27366173
vn 0.26685178 0.89081639 -0.36774492
vn 0.33929160 0.90199941 -0.26697990
vn 0.38111815 0.82997108 -0.40730450
vn 0.26685178 0.89081639 -0.36774492
vn 0.38111815 0.82997108 -0.40730450
vn 0.19958700 0.84326512 -0.49906808
vn 0.19958700 0.84326512 -0.49906808
vn 0.38111815 0.82997108 -0.40730450
vn 0.35800490 0.78043187 -0.51259983
vn 0.19958700 0.84326512 -0.49906808
vn 0.35800490 0.78043187 -0.51259983
vn 0.25064382 0.74970084 -0.61247557
vn 0.02968985 0.89787221 -0.43925396
vn 0.12194794 0.91480553 -0.38504490
vn 0.19958700 0.84326512 -0.49906808
vn 0.02968985 0.89787221 -0.43925396
vn 0.19958700 0.84326512 -0.49906808
vn 0.06785181 0.79387468 -0.60428399
vn 0.02968985 0.89787221 -0.43925396
vn 0.06785181 0.79387468 -0.60428399
vn -0.06113094 0.86796975 -0.49284020
vn 0.12194794 0.91480553 -0.38504490
vn 0.02968985 0.89787221 -0.43925396
vn -0.00203640 0.96483582 -0.26284549
vn 0.56777829 0.63745040 -0.52085006
vn 0.46604866 0.71705532 -0.51829559
vn 0.51516211 0.76354837 -0.38936079
vn 0.56777829 0.63745040 -0.52085006
vn 0.51516211 0.76354837 -0.38936079
vn 0.62161475 0.70074368 -0.35007626
vn 0.35800490 0.78043187 -0.51259983
vn 0.38111815 0.82997108 -0.40730450
vn 0.51516211 0.76354837 -0.38936079
vn 0.35800490 0.78043187 -0.51259983
vn 0.51516211 0.76354837 -0.38936079
vn 0.46604866 0.71705532 -0.51829559
vn 0.38111815 0.82997108 -0.40730450
vn 0.33929160 0.90199941 -0.26697990
vn 0.45598826 0.84345174 -0.28401384
vn 0.38111815 0.82997108 -0.40730450
vn 0.45598826 0.84345174 -0.28401384
vn 0.51516211 0.76354837 -0.38936079
vn 0.81742072 0.47960445 -0.31906578
vn 0.85249770 0.36214313 -0.37696162
vn 0.73704827 0.45175749 -0.50266784
vn 0.73704827 0.45175749 -0.50266784
vn 0.85249770 0.36214313 -0.37696162
vn 0.78410900 0.33526811 -0.52227235
vn 0.68398196 0.57266659 -0.45190892
vn 0.56777829 0.63745040 -0.52085006
vn 0.62161475 0.70074368 -0.35007626
vn 0.68398196 0.57266659 -0.45190892
vn 0.81742072 0.47960445 -0.31906578
vn 0.73704827 0.45175749 -0.50266784
vn 0.68398196 0.57266659 -0.45190892
vn 0.62161475 0.70074368 -0.35007626
vn 0.69975859 0.65652740 -0.28161973
vn 0.68398196 0.57266659 -0.45190892
vn 0.69975859 0.65652740 -0.28161973
vn 0.77414244 0.57816601 -0.25773543
vn 0.68398196 0.57266659 -0.45190892
vn 0.77414244 0.57816601 -0.25773543
vn 0.81742072 0.47960445 -0.31906578
vn 0.92293352 0.14497891 -0.35661575
vn 0.92062664 0.03255942 -0.38908419
vn 0.88226324 0.23327033 -0.40889671
vn 0.85480624 0.09414895 -0.51033551
vn 0.82722020 0.22602957 -0.51440978
vn 0.88226324 0.23327033 -0.40889671
vn 0.85480624 0.09414895 -0.51033551
vn 0.88226324 0.23327033 -0.40889671
vn 0.92062664 0.03255942 -0.38908419
vn 0.85480624 0.09414895 -0.51033551
vn 0.92062664 0.03255942 -0.38908419
vn 0.83440363 -0.02189406 -0.55071878
vn 0.82722020 0.22602957 -0.51440978
vn 0.78410900 0.33526811 -0.52227235
vn 0.85249770 0.36214313 -0.37696162
vn 0.82722020 0.22602957 -0.51440978
vn 0.85249770 0.36214313 -0.37696162
vn 0.88226324 0.23327033 -0.40889671
vn 0.88226324 0.23327033 -0.40889671
vn 0.85249770 0.36214313 -0.37696162
vn 0.90772289 0.32389346 -0.26670626
vn 0.88226324 0.23327033 -0.40889671
vn 0.90772289 0.32389346 -0.26670626
vn 0.92293352 0.14497891 -0.35661575
vn 0.88476819 -0.30199626 -0.35494164
vn 0.84217727 -0.28741959 -0.45620984
vn 0.89462310 -0.11983950 -0.43045098
vn 0.88476819 -0.30199626 -0.35494164
vn 0.89462310 -0.11983950 -0.43045098
vn 0.94063145 -0.13542411 -0.31124395
vn 0.84217727 -0.28741959 -0.45620984
vn 0.77912718 -0.18079664 -0.60022783
vn 0.89462310 -0.11983950 -0.43045098
vn 0.84217727 -0.28741959 -0.45620984
vn 0.73903072 -0.33883405 -0.58225858
vn 0.77912718 -0.18079664 -0.60022783
vn 0.89462310 -0.11983950 -0.43045098
vn 0.77912718 -0.18079664 -0.60022783
vn 0.83440363 -0.02189406 -0.55071878
vn 0.89462310 -0.11983950 -0.43045098
vn 0.83440363 -0.02189406 -0.55071878
vn 0.92062664 0.03255942 -0.38908419
vn 0.89462310 -0.11983950 -0.43045098
vn 0.92062664 0.03255942 -0.38908419
vn 0.94063145 -0.13542411 -0.31124395
vn 0.68478477 -0.60319346 -0.40893450
vn 0.78963435 -0.45915440 -0.40700713
vn 0.78721708 -0.54766113 -0.28347236
vn 0.68478477 -0.60319346 -0.40893450
vn 0.78721708 -0.54766113 -0.28347236
vn 0.68579614 -0.67035371 -0.28338933
vn 0.67604625 -0.49276796 -0.54785144
vn 0.78963435 -0.45915440 -0.40700713
vn 0.68478477 -0.60319346 -0.40893450
vn 0.67604625 -0.49276796 -0.54785144
vn 0.68478477 -0.60319346 -0.40893450
vn 0.57657498 -0.60274458 -0.55159795
vn 0.73903072 -0.33883405 -0.58225858
vn 0.78963435 -0.45915440 -0.40700713
vn 0.67604625 -0.49276796 -0.54785144
vn 0.73903072 -0.33883405 -0.58225858
vn 0.84217727 -0.28741959 -0.45620984
vn 0.78963435 -0.45915440 -0.40700713
vn 0.78963435 -0.45915440 -0.40700713
vn 0.84217727 -0.28741959 -0.45620984
vn 0.88476819 -0.30199626 -0.35494164
vn 0.78963435 -0.45915440 -0.40700713
vn 0.88476819 -0.30199626 -0.35494164
vn 0.86810851 -0.41425157 -0.27346519
vn 0.78963435 -0.45915440 -0.40700713
vn 0.86810851 -0.41425157 -0.27346519
vn 0.78721708 -0.54766113 -0.28347236
vn 0.47192028 -0.78461337 -0.40208596
vn 0.49507275 -0.82519072 -0.27196187
vn 0.31937277 -0.87728935 -0.35827988
vn 0.47192028 -0.78461337 -0.40208596
vn 0.31937277 -0.87728935 -0.35827988
vn 0.34063089 -0.80481374 -0.48605084
vn 0.34063089 -0.80481374 -0.48605084
vn 0.51444727 -0.69017214 -0.50892675
vn 0.47192028 -0.78461337 -0.40208596
vn 0.34063089 -0.80481374 -0.48605084
vn 0.38563952 -0.69597101 -0.60572809
vn 0.51444727 -0.69017214 -0.50892675
vn 0.51444727 -0.69017214 -0.50892675
vn 0.59198833 -0.70970660 -0.38192448
vn 0.47192028 -0.78461337 -0.40208596
vn 0.51444727 -0.69017214 -0.50892675
vn 0.57657498 -0.60274458 -0.55159795
vn 0.68478477 -0.60319346 -0.40893450
vn 0.51444727 -0.69017214 -0.50892675
vn 0.68478477 -0.60319346 -0.40893450
vn 0.59198833 -0.70970660 -0.38192448
vn 0.59198833 -0.70970660 -0.38192448
vn 0.68478477 -0.60319346 -0.40893450
vn 0.68579614 -0.67035371 -0.28338933
vn 0.59198833 -0.70970660 -0.38192448
vn 0.49507275 -0.82519072 -0.27196187
vn 0.47192028 -0.78461337 -0.40208596
vn 0.14935902 -0.92420292 -0.35148373
vn -0.03490964 -0.91107595 -0.41075769
vn 0.14359035 -0.87465149 -0.46299735
vn 0.14359035 -0.87465149 -0.46299735
vn -0.03490964 -0.91107595 -0.41075769
vn -0.03372155 -0.82296872 -0.56708491
vn 0.14359035 -0.87465149 -0.46299735
vn -0.03372155 -0.82296872 -0.56708491
vn 0.08388039 -0.81248397 -0.57691759
vn 0.14359035 -0.87465149 -0.46299735
vn 0.08388039 -0.81248397 -0.57691759
vn 0.21234244 -0.79239631 -0.57185555
vn 0.34063089 -0.80481374 -0.48605084
vn 0.14359035 -0.87465149 -0.46299735
vn 0.21234244 -0.79239631 -0.57185555
vn 0.31937277 -0.87728935 -0.35827988
vn 0.14935902 -0.92420292 -0.35148373
vn 0.14359035 -0.87465149 -0.46299735
vn 0.31937277 -0.87728935 -0.35827988
vn 0.14359035 -0.87465149 -0.46299735
vn 0.34063089 -0.80481374 -0.48605084
vn -0.21034224 -0.88708466 -0.41089770
vn -0.18528891 -0.94013476 -0.28603259
vn -0.32302216 -0.88993162 -0.32199129
vn -0.21034224 -0.88708466 -0.41089770
vn -0.32302216 -0.88993162 -0.32199129
vn -0.36048564 -0.79589248 -0.48642081
vn -0.22292808 -0.80680525 -0.54714561
vn -0.21034224 -0.88708466 -0.41089770
vn -0.36048564 -0.79589248 -0.48642081
vn -0.03490964 -0.91107595 -0.41075769
vn -0.21034224 -0.88708466 -0.41089770
vn -0.22292808 -0.80680525 -0.54714561
vn -0.03490964 -0.91107595 -0.41075769
vn -0.22292808 -0.80680525 -0.54714561
vn -0.03372155 -0.82296872 -0.56708491
vn -0.03490964 -0.91107595 -0.41075769
vn -0.18528891 -0.94013476 -0.28603259
vn -0.21034224 -0.88708466 -0.41089770
vn -0.56046242 -0.76296675 -0.32212356
vn -0.65229762 -0.66694510 -0.36012784
vn -0.50859278 -0.70977348 -0.48739612
vn -0.50859278 -0.70977348 -0.48739612
vn -0.65229762 -0.66694510 -0.36012784
vn -0.59838182 -0.61143136 -0.51777494
vn -0.36048564 -0.79589248 -0.48642081
vn -0.42880353 -0.82133853 -0.37620550
vn -0.50859278 -0.70977348 -0.48739612
vn -0.42880353 -0.82133853 -0.37620550
vn -0.56046242 -0.76296675 -0.32212356
vn -0.50859278 -0.70977348 -0.48739612
vn -0.42880353 -0.82133853 -0.37620550
vn -0.36048564 -0.79589248 -0.48642081
vn -0.32302216 -0.88993162 -0.32199129
vn -0.82517684 -0.45659527 -0.33257174
vn -0.77586854 -0.43697858 -0.45505798
vn -0.71011096 -0.53592080 -0.45665228
vn -0.82517684 -0.45659527 -0.33257174
vn -0.71011096 -0.53592080 -0.45665228
vn -0.75144172 -0.57755744 -0.31900272
vn -0.82517684 -0.45659527 -0.33257174
vn -0.86845672 -0.36354887 -0.33706838
vn -0.80273968 -0.34601116 -0.48568022
vn -0.82517684 -0.45659527 -0.33257174
vn -0.80273968 -0.34601116 -0.48568022
vn -0.77586854 -0.43697858 -0.45505798
vn -0.77586854 -0.43697858 -0.45505798
vn -0.80273968 -0.34601116 -0.48568022
vn -0.71109909 -0.35138109 -0.60899055
vn -0.77586854 -0.43697858 -0.45505798
vn -0.71109909 -0.35138109 -0.60899055
vn -0.66622132 -0.48337734 -0.56788683
vn -0.77586854 -0.43697858 -0.45505798
vn -0.66622132 -0.48337734 -0.56788683
vn -0.71011096 -0.53592080 -0.45665228
vn -0.71011096 -0.53592080 -0.45665228
vn -0.66622132 -0.48337734 -0.56788683
vn -0.59838182 -0.61143136 -0.51777494
vn -0.71011096 -0.53592080 -0.45665228
vn -0.59838182 -0.61143136 -0.51777494
vn -0.65229762 -0.66694510 -0.36012784
vn -0.75144172 -0.57755744 -0.31900272
vn -0.71011096 -0.53592080 -0.45665228
vn -0.65229762 -0.66694510 -0.36012784
vn -0.92509347 -0.13621607 -0.35446757
vn -0.86674720 -0.05457384 -0.49575299
vn -0.84400576 -0.22366208 -0.48747262
vn -0.92509347 -0.13621607 -0.35446757
vn -0.93076450 0.02328951 -0.36487672
vn -0.86674720 -0.05457384 -0.49575299
vn -0.86674720 -0.05457384 -0.49575299
vn -0.78867018 -0.04595148 -0.61309689
vn -0.84400576 -0.22366208 -0.48747262
vn -0.90906179 -0.25884634 -0.32650453
vn -0.92509347 -0.13621607 -0.35446757
vn -0.84400576 -0.22366208 -0.48747262
vn -0.90906179 -0.25884634 -0.32650453
vn -0.84400576 -0.22366208 -0.48747262
vn -0.80273968 -0.34601116 -0.48568022
vn -0.90906179 -0.25884634 -0.32650453
vn -0.80273968 -0.34601116 -0.48568022
vn -0.86845672 -0.36354887 -0.33706838
vn -0.78899837 0.24961643 -0.56140292
vn -0.76591152 0.10062763 -0.63502252
vn -0.85678130 0.10625140 -0.50461513
vn -0.67701781 0.23491056 -0.69746965
vn -0.65087277 0.05408930 -0.75725752
vn -0.76591152 0.10062763 -0.63502252
vn -0.67701781 0.23491056 -0.69746965
vn -0.76591152 0.10062763 -0.63502252
vn -0.78899837 0.24961643 -0.56140292
vn -0.67701781 0.23491056 -0.69746965
vn -0.56245154 0.18419835 -0.80605161
vn -0.65087277 0.05408930 -0.75725752
vn -0.65087277 0.05408930 -0.75725752
vn -0.78867018 -0.04595148 -0.61309689
vn -0.76591152 0.10062763 -0.63502252
vn -0.76591152 0.10062763 -0.63502252
vn -0.78867018 -0.04595148 -0.61309689
vn -0.86674720 -0.05457384 -0.49575299
vn -0.76591152 0.10062763 -0.63502252
vn -0.86674720 -0.05457384 -0.49575299
vn -0.85678130 0.10625140 -0.50461513
vn -0.62898827 0.51094431 -0.58592635
vn -0.52020770 0.43449458 -0.73525399
vn -0.67355442 0.38807067 -0.62906724
vn -0.62898827 0.51094431 -0.58592635
vn -0.67355442 0.38807067 -0.62906724
vn -0.75181359 0.44618109 -0.48548821
vn -0.62898827 0.51094431 -0.58592635
vn -0.53211594 0.64384025 -0.54983842
vn -0.49817085 0.53274822 -0.68410897
vn -0.62898827 0.51094431 -0.58592635
vn -0.49817085 0.53274822 -0.68410897
vn -0.52020770 0.43449458 -0.73525399
vn -0.52020770 0.43449458 -0.73525399
vn -0.56594360 0.33569139 -0.75300676
vn -0.67355442 0.38807067 -0.62906724
vn -0.56594360 0.33569139 -0.75300676
vn -0.56245154 0.18419835 -0.80605161
vn -0.67701781 0.23491056 -0.69746965
vn -0.67355442 0.38807067 -0.62906724
vn -0.56594360 0.33569139 -0.75300676
vn -0.67701781 0.23491056 -0.69746965
vn -0.67355442 0.38807067 -0.62906724
vn -0.67701781 0.23491056 -0.69746965
vn -0.78899837 0.24961643 -0.56140292
vn -0.67355442 0.38807067 -0.62906724
vn -0.78899837 0.24961643 -0.56140292
vn -0.81127864 0.32983795 -0.48273584
vn -0.67355442 0.38807067 -0.62906724
vn -0.81127864 0.32983795 -0.48273584
vn -0.75181359 0.44618109 -0.48548821
vn -0.31998673 0.74276513 -0.58813989
vn -0.39486566 0.63060898 -0.66814172
vn -0.53211594 0.64384025 -0.54983842
vn -0.39486566 0.63060898 -0.66814172
vn -0.31998673 0.74276513 -0.58813989
vn -0.24372537 0.61447674 -0.75034410
vn -0.39486566 0.63060898 -0.66814172
vn -0.24372537 0.61447674 -0.75034410
vn -0.37179652 0.51914763 -0.76957983
vn -0.49817085 0.53274822 -0.68410897
vn -0.39486566 0.63060898 -0.66814172
vn -0.37179652 0.51914763 -0.76957983
vn -0.49817085 0.53274822 -0.68410897
vn -0.37179652 0.51914763 -0.76957983
vn -0.52020770 0.43449458 -0.73525399
vn -0.53211594 0.64384025 -0.54983842
vn -0.39486566 0.63060898 -0.66814172
vn -0.49817085 0.53274822 -0.68410897
vn -0.09949294 0.75003105 -0.65387660
vn 0.02847002 0.63309246 -0.77355242
vn -0.12496112 0.59055519 -0.79726362
vn -0.24372537 0.61447674 -0.75034410
vn -0.31998673 0.74276513 -0.58813989
vn -0.09949294 0.75003105 -0.65387660
vn -0.24372537 0.61447674 -0.75034410
vn -0.09949294 0.75003105 -0.65387660
vn -0.12496112 0.59055519 -0.79726362
vn -0.31998673 0.74276513 -0.58813989
vn -0.17845315 0.83136439 -0.52629626
vn -0.09949294 0.75003105 -0.65387660
vn 0.25064382 0.74970084 -0.61247557
vn 0.15507995 0.69359177 -0.70347756
vn 0.19958700 0.84326512 -0.49906808
vn 0.15507995 0.69359177 -0.70347756
vn 0.25064382 0.74970084 -0.61247557
vn 0.26768011 0.59928900 -0.75445348
vn 0.02847002 0.63309246 -0.77355242
vn 0.06785181 0.79387468 -0.60428399
vn 0.15507995 0.69359177 -0.70347756
vn 0.02847002 0.63309246 -0.77355242
vn -0.09949294 0.75003105 -0.65387660
vn 0.06785181 0.79387468 -0.60428399
vn 0.06785181 0.79387468 -0.60428399
vn -0.09949294 0.75003105 -0.65387660
vn -0.06113094 0.86796975 -0.49284020
vn 0.06785181 0.79387468 -0.60428399
vn 0.19958700 0.84326512 -0.49906808
vn 0.15507995 0.69359177 -0.70347756
vn 0.49025619 0.56991917 -0.65942472
vn 0.38620120 0.66527069 -0.63895500
vn 0.46604866 0.71705532 -0.51829559
vn 0.49025619 0.56991917 -0.65942472
vn 0.46604866 0.71705532 -0.51829559
vn 0.56777829 0.63745040 -0.52085006
vn 0.49025619 0.56991917 -0.65942472
vn 0.34160641 0.50488901 -0.79271191
vn 0.38620120 0.66527069 -0.63895500
vn 0.49025619 0.56991917 -0.65942472
vn 0.48193988 0.39195454 -0.78364891
vn 0.34160641 0.50488901 -0.79271191
vn 0.26768011 0.59928900 -0.75445348
vn 0.38620120 0.66527069 -0.63895500
vn 0.34160641 0.50488901 -0.79271191
vn 0.26768011 0.59928900 -0.75445348
vn 0.25064382 0.74970084 -0.61247557
vn 0.38620120 0.66527069 -0.63895500
vn 0.38620120 0.66527069 -0.63895500
vn 0.25064382 0.74970084 -0.61247557
vn 0.35800490 0.78043187 -0.51259983
vn 0.38620120 0.66527069 -0.63895500
vn 0.35800490 0.78043187 -0.51259983
vn 0.46604866 0.71705532 -0.51829559
vn 0.65374798 0.30417347 -0.69288677
vn 0.61630708 0.47132039 -0.63089037
vn 0.73704827 0.45175749 -0.50266784
vn 0.65374798 0.30417347 -0.69288677
vn 0.73704827 0.45175749 -0.50266784
vn 0.78410900 0.33526811 -0.52227235
vn 0.65374798 0.30417347 -0.69288677
vn 0.48193988 0.39195454 -0.78364891
vn 0.61630708 0.47132039 -0.63089037
vn 0.48193988 0.39195454 -0.78364891
vn 0.49025619 0.56991917 -0.65942472
vn 0.61630708 0.47132039 -0.63089037
vn 0.61630708 0.47132039 -0.63089037
vn 0.49025619 0.56991917 -0.65942472
vn 0.56777829 0.63745040 -0.52085006
vn 0.61630708 0.47132039 -0.63089037
vn 0.56777829 0.63745040 -0.52085006
vn 0.68398196 0.57266659 -0.45190892
vn 0.61630708 0.47132039 -0.63089037
vn 0.68398196 0.57266659 -0.45190892
vn 0.73704827 0.45175749 -0.50266784
vn 0.74153817 0.16291709 -0.65082961
vn 0.82722020 0.22602957 -0.51440978
vn 0.85480624 0.09414895 -0.51033551
vn 0.74153817 0.16291709 -0.65082961
vn 0.85480624 0.09414895 -0.51033551
vn 0.83440363 -0.02189406 -0.55071878
vn 0.74153817 0.16291709 -0.65082961
vn 0.83440363 -0.02189406 -0.55071878
vn 0.73752415 -0.02135612 -0.67498302
vn 0.59779042 0.11461166 -0.79341716
vn 0.74153817 0.16291709 -0.65082961
vn 0.73752415 -0.02135612 -0.67498302
vn 0.59779042 0.11461166 -0.79341716
vn 0.73752415 -0.02135612 -0.67498302
vn 0.60609317 -0.02528824 -0.79499155
vn 0.74153817 0.16291709 -0.65082961
vn 0.59779042 0.11461166 -0.79341716
vn 0.65374798 0.30417347 -0.69288677
vn 0.74153817 0.16291709 -0.65082961
vn 0.65374798 0.30417347 -0.69288677
vn 0.78410900 0.33526811 -0.52227235
vn 0.74153817 0.16291709 -0.65082961
vn 0.78410900 0.33526811 -0.52227235
vn 0.82722020 0.22602957 -0.51440978
vn 0.61735284 -0.17958449 -0.76591438
vn 0.77912718 -0.18079664 -0.60022783
vn 0.73903072 -0.33883405 -0.58225858
vn 0.73752415 -0.02135612 -0.67498302
vn 0.77912718 -0.18079664 -0.60022783
vn 0.61735284 -0.17958449 -0.76591438
vn 0.73752415 -0.02135612 -0.67498302
vn 0.61735284 -0.17958449 -0.76591438
vn 0.60609317 -0.02528824 -0.79499155
vn 0.83440363 -0.02189406 -0.55071878
vn 0.77912718 -0.18079664 -0.60022783
vn 0.73752415 -0.02135612 -0.67498302
vn 0.67604625 -0.49276796 -0.54785144
vn 0.57657498 -0.60274458 -0.55159795
vn 0.52491730 -0.49304983 -0.69380379
vn 0.67604625 -0.49276796 -0.54785144
vn 0.52491730 -0.49304983 -0.69380379
vn 0.59618241 -0.38240778 -0.70592546
vn 0.59618241 -0.38240778 -0.70592546
vn 0.52491730 -0.49304983 -0.69380379
vn 0.39644092 -0.43956661 -0.80598748
vn 0.59618241 -0.38240778 -0.70592546
vn 0.39644092 -0.43956661 -0.80598748
vn 0.46890199 -0.29517904 -0.83246636
vn 0.59618241 -0.38240778 -0.70592546
vn 0.46890199 -0.29517904 -0.83246636
vn 0.61735284 -0.17958449 -0.76591438
vn 0.59618241 -0.38240778 -0.70592546
vn 0.61735284 -0.17958449 -0.76591438
vn 0.73903072 -0.33883405 -0.58225858
vn 0.73903072 -0.33883405 -0.58225858
vn 0.67604625 -0.49276796 -0.54785144
vn 0.59618241 -0.38240778 -0.70592546
vn 0.38563952 -0.69597101 -0.60572809
vn 0.43799418 -0.59022498 -0.67808223
vn 0.51444727 -0.69017214 -0.50892675
vn 0.38563952 -0.69597101 -0.60572809
vn 0.34063089 -0.80481374 -0.48605084
vn 0.25971064 -0.68882698 -0.67680705
vn 0.27899927 -0.55060905 -0.78675860
vn 0.43799418 -0.59022498 -0.67808223
vn 0.38563952 -0.69597101 -0.60572809
vn 0.27899927 -0.55060905 -0.78675860
vn 0.38563952 -0.69597101 -0.60572809
vn 0.25971064 -0.68882698 -0.67680705
vn 0.43799418 -0.59022498 -0.67808223
vn 0.27899927 -0.55060905 -0.78675860
vn 0.39644092 -0.43956661 -0.80598748
vn 0.43799418 -0.59022498 -0.67808223
vn 0.39644092 -0.43956661 -0.80598748
vn 0.52491730 -0.49304983 -0.69380379
vn 0.57657498 -0.60274458 -0.55159795
vn 0.43799418 -0.59022498 -0.67808223
vn 0.52491730 -0.49304983 -0.69380379
vn 0.57657498 -0.60274458 -0.55159795
vn 0.51444727 -0.69017214 -0.50892675
vn 0.43799418 -0.59022498 -0.67808223
vn 0.08388039 -0.81248397 -0.57691759
vn 0.11806377 -0.70374817 -0.70057082
vn 0.21234244 -0.79239631 -0.57185555
vn 0.08388039 -0.81248397 -0.57691759
vn -0.03372155 -0.82296872 -0.56708491
vn -0.02681465 -0.71627474 -0.69730300
vn 0.08388039 -0.81248397 -0.57691759
vn -0.02681465 -0.71627474 -0.69730300
vn 0.11806377 -0.70374817 -0.70057082
vn 0.11806377 -0.70374817 -0.70057082
vn -0.02681465 -0.71627474 -0.69730300
vn -0.00085793 -0.58559948 -0.81060010
vn 0.11806377 -0.70374817 -0.70057082
vn -0.00085793 -0.58559948 -0.81060010
vn 0.11106932 -0.54705429 -0.82969588
vn 0.25971064 -0.68882698 -0.67680705
vn 0.11806377 -0.70374817 -0.70057082
vn 0.11106932 -0.54705429 -0.82969588
vn 0.25971064 -0.68882698 -0.67680705
vn 0.11106932 -0.54705429 -0.82969588
vn 0.27899927 -0.55060905 -0.78675860
vn 0.21234244 -0.79239631 -0.57185555
vn 0.11806377 -0.70374817 -0.70057082
vn 0.25971064 -0.68882698 -0.67680705
vn 0.21234244 -0.79239631 -0.57185555
vn 0.25971064 -0.68882698 -0.67680705
vn 0.34063089 -0.80481374 -0.48605084
vn -0.18941522 -0.71502936 -0.67294496
vn -0.27630007 -0.59691173 -0.75322950
vn -0.13624027 -0.58032119 -0.80291092
vn -0.02681465 -0.71627474 -0.69730300
vn -0.18941522 -0.71502936 -0.67294496
vn -0.13624027 -0.58032119 -0.80291092
vn -0.02681465 -0.71627474 -0.69730300
vn -0.13624027 -0.58032119 -0.80291092
vn -0.00085793 -0.58559948 -0.81060010
vn -0.03372155 -0.82296872 -0.56708491
vn -0.18941522 -0.71502936 -0.67294496
vn -0.02681465 -0.71627474 -0.69730300
vn -0.03372155 -0.82296872 -0.56708491
vn -0.22292808 -0.80680525 -0.54714561
vn -0.18941522 -0.71502936 -0.67294496
vn -0.48355043 -0.60831946 -0.62938571
vn -0.37979674 -0.67611331 -0.63136780
vn -0.50859278 -0.70977348 -0.48739612
vn -0.48355043 -0.60831946 -0.62938571
vn -0.50859278 -0.70977348 -0.48739612
vn -0.59838182 -0.61143136 -0.51777494
vn -0.48355043 -0.60831946 -0.62938571
vn -0.59838182 -0.61143136 -0.51777494
vn -0.55066139 -0.51814008 -0.65444857
vn -0.38698891 -0.52840704 -0.75566232
vn -0.37979674 -0.67611331 -0.63136780
vn -0.48355043 -0.60831946 -0.62938571
vn -0.38698891 -0.52840704 -0.75566232
vn -0.48355043 -0.60831946 -0.62938571
vn -0.55066139 -0.51814008 -0.65444857
vn -0.38698891 -0.52840704 -0.75566232
vn -0.55066139 -0.51814008 -0.65444857
vn -0.46670401 -0.40965837 -0.78381592
vn -0.27630007 -0.59691173 -0.75322950
vn -0.37979674 -0.67611331 -0.63136780
vn -0.38698891 -0.52840704 -0.75566232
vn -0.27630007 -0.59691173 -0.75322950
vn -0.18941522 -0.71502936 -0.67294496
vn -0.37979674 -0.67611331 -0.63136780
vn -0.37979674 -0.67611331 -0.63136780
vn -0.18941522 -0.71502936 -0.67294496
vn -0.22292808 -0.80680525 -0.54714561
vn -0.37979674 -0.67611331 -0.63136780
vn -0.22292808 -0.80680525 -0.54714561
vn -0.36048564 -0.79589248 -0.48642081
vn -0.37979674 -0.67611331 -0.63136780
vn -0.36048564 -0.79589248 -0.48642081
vn -0.50859278 -0.70977348 -0.48739612
vn -0.71109909 -0.35138109 -0.60899055
vn -0.58300263 -0.36666480 -0.72502750
vn -0.66622132 -0.48337734 -0.56788683
vn -0.58300263 -0.36666480 -0.72502750
vn -0.71109909 -0.35138109 -0.60899055
vn -0.65371001 -0.24260467 -0.71680278
vn -0.58300263 -0.36666480 -0.72502750
vn -0.65371001 -0.24260467 -0.71680278
vn -0.55766135 -0.20697232 -0.80385089
vn -0.46670401 -0.40965837 -0.78381592
vn -0.55066139 -0.51814008 -0.65444857
vn -0.58300263 -0.36666480 -0.72502750
vn -0.55066139 -0.51814008 -0.65444857
vn -0.66622132 -0.48337734 -0.56788683
vn -0.58300263 -0.36666480 -0.72502750
vn -0.55066139 -0.51814008 -0.65444857
vn -0.59838182 -0.61143136 -0.51777494
vn -0.66622132 -0.48337734 -0.56788683
vn -0.78867018 -0.04595148 -0.61309689
vn -0.66643965 -0.09436139 -0.73956347
vn -0.75201166 -0.20126264 -0.62767178
vn -0.78867018 -0.04595148 -0.61309689
vn -0.75201166 -0.20126264 -0.62767178
vn -0.84400576 -0.22366208 -0.48747262
vn -0.66643965 -0.09436139 -0.73956347
vn -0.78867018 -0.04595148 -0.61309689
vn -0.65087277 0.05408930 -0.75725752
vn -0.65371001 -0.24260467 -0.71680278
vn -0.75201166 -0.20126264 -0.62767178
vn -0.66643965 -0.09436139 -0.73956347
vn -0.65371001 -0.24260467 -0.71680278
vn -0.66643965 -0.09436139 -0.73956347
vn -0.55766135 -0.20697232 -0.80385089
vn -0.65371001 -0.24260467 -0.71680278
vn -0.71109909 -0.35138109 -0.60899055
vn -0.75201166 -0.20126264 -0.62767178
vn -0.75201166 -0.20126264 -0.62767178
vn -0.71109909 -0.35138109 -0.60899055
vn -0.80273968 -0.34601116 -0.48568022
vn -0.75201166 -0.20126264 -0.62767178
vn -0.80273968 -0.34601116 -0.48568022
vn -0.84400576 -0.22366208 -0.48747262
vn -0.56245154 0.18419835 -0.80605161
vn -0.48329893 0.06602105 -0.87296242
vn -0.65087277 0.05408930 -0.75725752
vn -0.56245154 0.18419835 -0.80605161
vn -0.46353558 0.23904626 -0.85322428
vn -0.48329893 0.06602105 -0.87296242
vn -0.34114155 0.11173159 -0.93334800
vn -0.48329893 0.06602105 -0.87296242
vn -0.46353558 0.23904626 -0.85322428
vn -0.34114155 0.11173159 -0.93334800
vn -0.30218217 -0.02920576 -0.95280272
vn -0.48329893 0.06602105 -0.87296242
vn -0.48329893 0.06602105 -0.87296242
vn -0.30218217 -0.02920576 -0.95280272
vn -0.48986122 -0.06636352 -0.86927086
vn -0.37778369 0.39265072 -0.83851349
vn -0.32589325 0.23611766 -0.91544634
vn -0.46353558 0.23904626 -0.85322428
vn -0.37778369 0.39265072 -0.83851349
vn -0.46353558 0.23904626 -0.85322428
vn -0.56594360 0.33569139 -0.75300676
vn -0.37778369 0.39265072 -0.83851349
vn -0.56594360 0.33569139 -0.75300676
vn -0.52020770 0.43449458 -0.73525399
vn -0.32589325 0.23611766 -0.91544634
vn -0.34114155 0.11173159 -0.93334800
vn -0.46353558 0.23904626 -0.85322428
vn -0.46353558 0.23904626 -0.85322428
vn -0.56245154 0.18419835 -0.80605161
vn -0.56594360 0.33569139 -0.75300676
vn -0.24725248 0.49937096 -0.83035827
vn -0.20486805 0.38332757 -0.90060484
vn -0.37778369 0.39265072 -0.83851349
vn -0.24725248 0.49937096 -0.83035827
vn -0.37778369 0.39265072 -0.83851349
vn -0.37179652 0.51914763 -0.76957983
vn -0.24725248 0.49937096 -0.83035827
vn -0.37179652 0.51914763 -0.76957983
vn -0.24372537 0.61447674 -0.75034410
vn -0.20486805 0.38332757 -0.90060484
vn -0.09393348 0.25273618 -0.96296465
vn -0.17339174 0.17827983 -0.96858227
vn -0.20486805 0.38332757 -0.90060484
vn -0.17339174 0.17827983 -0.96858227
vn -0.32589325 0.23611766 -0.91544634
vn -0.37778369 0.39265072 -0.83851349
vn -0.20486805 0.38332757 -0.90060484
vn -0.32589325 0.23611766 -0.91544634
vn -0.37778369 0.39265072 -0.83851349
vn -0.52020770 0.43449458 -0.73525399
vn -0.37179652 0.51914763 -0.76957983
vn -0.12496112 0.59055519 -0.79726362
vn 0.02847002 0.63309246 -0.77355242
vn -0.04502464 0.46338257 -0.88501376
vn -0.04502464 0.46338257 -0.88501376
vn 0.01969080 0.32387361 -0.94589543
vn -0.09393348 0.25273618 -0.96296465
vn -0.20486805 0.38332757 -0.90060484
vn -0.04502464 0.46338257 -0.88501376
vn -0.09393348 0.25273618 -0.96296465
vn -0.12496112 0.59055519 -0.79726362
vn -0.04502464 0.46338257 -0.88501376
vn -0.20486805 0.38332757 -0.90060484
vn -0.12496112 0.59055519 -0.79726362
vn -0.20486805 0.38332757 -0.90060484
vn -0.24725248 0.49937096 -0.83035827
vn -0.12496112 0.59055519 -0.79726362
vn -0.24725248 0.49937096 -0.83035827
vn -0.24372537 0.61447674 -0.75034410
vn 0.12254914 0.50404239 -0.85494030
vn 0.15507995 0.69359177 -0.70347756
vn 0.26768011 0.59928900 -0.75445348
vn 0.14856151 0.31232348 -0.93828756
vn 0.01969080 0.32387361 -0.94589543
vn 0.12254914 0.50404239 -0.85494030
vn 0.14856151 0.31232348 -0.93828756
vn 0.12254914 0.50404239 -0.85494030
vn 0.21199243 0.45346624 -0.86569488
vn 0.01969080 0.32387361 -0.94589543
vn -0.04502464 0.46338257 -0.88501376
vn 0.12254914 0.50404239 -0.85494030
vn 0.02847002 0.63309246 -0.77355242
vn 0.12254914 0.50404239 -0.85494030
vn -0.04502464 0.46338257 -0.88501376
vn 0.02847002 0.63309246 -0.77355242
vn 0.15507995 0.69359177 -0.70347756
vn 0.12254914 0.50404239 -0.85494030
vn 0.34160641 0.50488901 -0.79271191
vn 0.29230472 0.32920080 -0.89787793
vn 0.21199243 0.45346624 -0.86569488
vn 0.34160641 0.50488901 -0.79271191
vn 0.48193988 0.39195454 -0.78364891
vn 0.29230472 0.32920080 -0.89787793
vn 0.29230472 0.32920080 -0.89787793
vn 0.23672432 0.17640470 -0.95542818
vn 0.14856151 0.31232348 -0.93828756
vn 0.14856151 0.31232348 -0.93828756
vn 0.21199243 0.45346624 -0.86569488
vn 0.29230472 0.32920080 -0.89787793
vn 0.34160641 0.50488901 -0.79271191
vn 0.21199243 0.45346624 -0.86569488
vn 0.12254914 0.50404239 -0.85494030
vn 0.34160641 0.50488901 -0.79271191
vn 0.12254914 0.50404239 -0.85494030
vn 0.26768011 0.59928900 -0.75445348
vn 0.44649726 0.20165567 -0.87176555
vn 0.35748217 0.25137448 -0.89945394
vn 0.48193988 0.39195454 -0.78364891
vn 0.44649726 0.20165567 -0.87176555
vn 0.48193988 0.39195454 -0.78364891
vn 0.65374798 0.30417347 -0.69288677
vn 0.35748217 0.25137448 -0.89945394
vn 0.44649726 0.20165567 -0.87176555
vn 0.27752897 0.07742314 -0.95759249
vn 0.35748217 0.25137448 -0.89945394
vn 0.27752897 0.07742314 -0.95759249
vn 0.23672432 0.17640470 -0.95542818
vn 0.35748217 0.25137448 -0.89945394
vn 0.23672432 0.17640470 -0.95542818
vn 0.29230472 0.32920080 -0.89787793
vn 0.48193988 0.39195454 -0.78364891
vn 0.35748217 0.25137448 -0.89945394
vn 0.29230472 0.32920080 -0.89787793
vn 0.59779042 0.11461166 -0.79341716
vn 0.60609317 -0.02528824 -0.79499155
vn 0.43403900 0.02937021 -0.90041518
vn 0.43403900 0.02937021 -0.90041518
vn 0.25782612 -0.04963425 -0.96491563
vn 0.27752897 0.07742314 -0.95759249
vn 0.44649726 0.20165567 -0.87176555
vn 0.43403900 0.02937021 -0.90041518
vn 0.27752897 0.07742314 -0.95759249
vn 0.59779042 0.11461166 -0.79341716
vn 0.43403900 0.02937021 -0.90041518
vn 0.44649726 0.20165567 -0.87176555
vn 0.59779042 0.11461166 -0.79341716
vn 0.44649726 0.20165567 -0.87176555
vn 0.65374798 0.30417347 -0.69288677
vn 0.61735284 -0.17958449 -0.76591438
vn 0.46890199 -0.29517904 -0.83246636
vn 0.42060786 -0.12636846 -0.89839858
vn 0.43403900 0.02937021 -0.90041518
vn 0.42060786 -0.12636846 -0.89839858
vn 0.25782612 -0.04963425 -0.96491563
vn 0.60609317 -0.02528824 -0.79499155
vn 0.61735284 -0.17958449 -0.76591438
vn 0.42060786 -0.12636846 -0.89839858
vn 0.60609317 -0.02528824 -0.79499155
vn 0.42060786 -0.12636846 -0.89839858
vn 0.43403900 0.02937021 -0.90041518
vn 0.46890199 -0.29517904 -0.83246636
vn 0.39644092 -0.43956661 -0.80598748
vn 0.28069398 -0.34207875 -0.89676809
vn 0.27841792 -0.21570839 -0.93592381
vn 0.42060786 -0.12636846 -0.89839858
vn 0.46890199 -0.29517904 -0.83246636
vn 0.27841792 -0.21570839 -0.93592381
vn 0.46890199 -0.29517904 -0.83246636
vn 0.28069398 -0.34207875 -0.89676809
vn 0.42060786 -0.12636846 -0.89839858
vn 0.27841792 -0.21570839 -0.93592381
vn 0.25782612 -0.04963425 -0.96491563
vn 0.27899927 -0.55060905 -0.78675860
vn 0.15913394 -0.36896285 -0.91571981
vn 0.28069398 -0.34207875 -0.89676809
vn 0.27899927 -0.55060905 -0.78675860
vn 0.28069398 -0.34207875 -0.89676809
vn 0.39644092 -0.43956661 -0.80598748
vn 0.15913394 -0.36896285 -0.91571981
vn 0.13049458 -0.16181402 -0.97815508
vn 0.28069398 -0.34207875 -0.89676809
vn 0.28069398 -0.34207875 -0.89676809
vn 0.13049458 -0.16181402 -0.97815508
vn 0.27841792 -0.21570839 -0.93592381
vn -0.00085793 -0.58559948 -0.81060010
vn -0.06607852 -0.44765109 -0.89176351
vn 0.11106932 -0.54705429 -0.82969588
vn 0.05011176 -0.35788903 -0.93241853
vn 0.11106932 -0.54705429 -0.82969588
vn -0.06607852 -0.44765109 -0.89176351
vn 0.15913394 -0.36896285 -0.91571981
vn 0.11106932 -0.54705429 -0.82969588
vn 0.05011176 -0.35788903 -0.93241853
vn 0.11106932 -0.54705429 -0.82969588
vn 0.15913394 -0.36896285 -0.91571981
vn 0.27899927 -0.55060905 -0.78675860
vn -0.13624027 -0.58032119 -0.80291092
vn -0.27630007 -0.59691173 -0.75322950
vn -0.23474082 -0.45972794 -0.85647357
vn -0.13624027 -0.58032119 -0.80291092
vn -0.23474082 -0.45972794 -0.85647357
vn -0.06607852 -0.44765109 -0.89176351
vn -0.06607852 -0.44765109 -0.89176351
vn -0.23474082 -0.45972794 -0.85647357
vn -0.17097102 -0.31074026 -0.93499166
vn -0.06607852 -0.44765109 -0.89176351
vn -0.17097102 -0.31074026 -0.93499166
vn -0.04396772 -0.29356331 -0.95492798
vn -0.04396772 -0.29356331 -0.95492798
vn 0.05011176 -0.35788903 -0.93241853
vn -0.06607852 -0.44765109 -0.89176351
vn -0.00085793 -0.58559948 -0.81060010
vn -0.13624027 -0.58032119 -0.80291092
vn -0.06607852 -0.44765109 -0.89176351
vn -0.32911438 -0.35138217 -0.87647837
vn -0.23474082 -0.45972794 -0.85647357
vn -0.38698891 -0.52840704 -0.75566232
vn -0.32911438 -0.35138217 -0.87647837
vn -0.38698891 -0.52840704 -0.75566232
vn -0.46670401 -0.40965837 -0.78381592
vn -0.17097102 -0.31074026 -0.93499166
vn -0.23474082 -0.45972794 -0.85647357
vn -0.32911438 -0.35138217 -0.87647837
vn -0.17097102 -0.31074026 -0.93499166
vn -0.32911438 -0.35138217 -0.87647837
vn -0.25170675 -0.17339540 -0.95214379
vn -0.23474082 -0.45972794 -0.85647357
vn -0.27630007 -0.59691173 -0.75322950
vn -0.38698891 -0.52840704 -0.75566232
vn -0.42348188 -0.22171660 -0.87835348
vn -0.58300263 -0.36666480 -0.72502750
vn -0.55766135 -0.20697232 -0.80385089
vn -0.25170675 -0.17339540 -0.95214379
vn -0.42348188 -0.22171660 -0.87835348
vn -0.30218217 -0.02920576 -0.95280272
vn -0.32911438 -0.35138217 -0.87647837
vn -0.42348188 -0.22171660 -0.87835348
vn -0.25170675 -0.17339540 -0.95214379
vn -0.46670401 -0.40965837 -0.78381592
vn -0.42348188 -0.22171660 -0.87835348
vn -0.32911438 -0.35138217 -0.87647837
vn -0.46670401 -0.40965837 -0.78381592
vn -0.58300263 -0.36666480 -0.72502750
vn -0.42348188 -0.22171660 -0.87835348
vn -0.48986122 -0.06636352 -0.86927086
vn -0.66643965 -0.09436139 -0.73956347
vn -0.65087277 0.05408930 -0.75725752
vn -0.48986122 -0.06636352 -0.86927086
vn -0.65087277 0.05408930 -0.75725752
vn -0.48329893 0.06602105 -0.87296242
vn -0.42348188 -0.22171660 -0.87835348
vn -0.48986122 -0.06636352 -0.86927086
vn -0.30218217 -0.02920576 -0.95280272
vn -0.55766135 -0.20697232 -0.80385089
vn -0.48986122 -0.06636352 -0.86927086
vn -0.42348188 -0.22171660 -0.87835348
vn -0.55766135 -0.20697232 -0.80385089
vn -0.66643965 -0.09436139 -0.73956347
vn -0.48986122 -0.06636352 -0.86927086
vn -0.18556499 0.08218718 -0.97918892
vn -0.30218217 -0.02920576 -0.95280272
vn -0.34114155 0.11173159 -0.93334800
vn -0.12403732 -0.03273060 -0.99173760
vn -0.18556499 0.08218718 -0.97918892
vn 0.00660833 -0.00158059 -0.99997693
vn -0.12403732 -0.03273060 -0.99173760
vn 0.00660833 -0.00158059 -0.99997693
vn 0.31184152 0.06584600 -0.94784975
vn -0.30218217 -0.02920576 -0.95280272
vn -0.18556499 0.08218718 -0.97918892
vn -0.12403732 -0.03273060 -0.99173760
vn 0.00660833 -0.00158059 -0.99997693
vn -0.18556499 0.08218718 -0.97918892
vn -0.17339174 0.17827983 -0.96858227
vn 0.00660833 -0.00158059 -0.99997693
vn -0.17339174 0.17827983 -0.96858227
vn -0.03789615 0.06561670 -0.99712503
vn 0.00660833 -0.00158059 -0.99997693
vn -0.03789615 0.06561670 -0.99712503
vn 0.44452348 -0.71901107 -0.53424895
vn -0.18556499 0.08218718 -0.97918892
vn -0.34114155 0.11173159 -0.93334800
vn -0.32589325 0.23611766 -0.91544634
vn -0.18556499 0.08218718 -0.97918892
vn -0.32589325 0.23611766 -0.91544634
vn -0.17339174 0.17827983 -0.96858227
vn -0.03789615 0.06561670 -0.99712503
vn -0.17339174 0.17827983 -0.96858227
vn -0.09393348 0.25273618 -0.96296465
vn -0.03789615 0.06561670 -0.99712503
vn -0.00282420 -0.06181198 -0.99808383
vn 0.44452348 -0.71901107 -0.53424895
vn 0.01969080 0.32387361 -0.94589543
vn 0.00657385 0.13602574 -0.99068350
vn -0.09393348 0.25273618 -0.96296465
vn 0.00657385 0.13602574 -0.99068350
vn 0.08412369 0.15251960 -0.98471367
vn -0.00282420 -0.06181198 -0.99808383
vn -0.03789615 0.06561670 -0.99712503
vn -0.09393348 0.25273618 -0.96296465
vn 0.00657385 0.13602574 -0.99068350
vn -0.03789615 0.06561670 -0.99712503
vn 0.00657385 0.13602574 -0.99068350
vn -0.00282420 -0.06181198 -0.99808383
vn 0.08412369 0.15251960 -0.98471367
vn 0.01969080 0.32387361 -0.94589543
vn 0.14856151 0.31232348 -0.93828756
vn 0.01969080 0.32387361 -0.94589543
vn 0.08412369 0.15251960 -0.98471367
vn 0.00657385 0.13602574 -0.99068350
vn 0.08412369 0.15251960 -0.98471367
vn 0.14856151 0.31232348 -0.93828756
vn 0.23672432 0.17640470 -0.95542818
vn 0.08412369 0.15251960 -0.98471367
vn 0.11688300 0.05688592 -0.99151516
vn -0.06552450 -0.05208966 -0.99649042
vn 0.08412369 0.15251960 -0.98471367
vn -0.06552450 -0.05208966 -0.99649042
vn -0.00282420 -0.06181198 -0.99808383
vn 0.23672432 0.17640470 -0.95542818
vn 0.27752897 0.07742314 -0.95759249
vn 0.11688300 0.05688592 -0.99151516
vn 0.11688300 0.05688592 -0.99151516
vn -0.10018378 -0.01220824 -0.99489403
vn -0.06552450 -0.05208966 -0.99649042
vn 0.23672432 0.17640470 -0.95542818
vn 0.11688300 0.05688592 -0.99151516
vn 0.08412369 0.15251960 -0.98471367
vn 0.27752897 0.07742314 -0.95759249
vn 0.25782612 -0.04963425 -0.96491563
vn 0.11688300 0.05688592 -0.99151516
vn 0.11688300 0.05688592 -0.99151516
vn 0.25782612 -0.04963425 -0.96491563
vn 0.11146122 -0.03259676 -0.99323404
vn 0.11688300 0.05688592 -0.99151516
vn 0.11146122 -0.03259676 -0.99323404
vn -0.10018378 -0.01220824 -0.99489403
vn 0.11146122 -0.03259676 -0.99323404
vn -0.07693512 0.03375498 -0.99646455
vn -0.10018378 -0.01220824 -0.99489403
vn 0.13049458 -0.16181402 -0.97815508
vn -0.01831917 0.05278208 -0.99843800
vn -0.07693512 0.03375498 -0.99646455
vn 0.11146122 -0.03259676 -0.99323404
vn 0.13049458 -0.16181402 -0.97815508
vn -0.07693512 0.03375498 -0.99646455
vn 0.25782612 -0.04963425 -0.96491563
vn 0.13049458 -0.16181402 -0.97815508
vn 0.11146122 -0.03259676 -0.99323404
vn 0.25782612 -0.04963425 -0.96491563
vn 0.27841792 -0.21570839 -0.93592381
vn 0.13049458 -0.16181402 -0.97815508
vn 0.13049458 -0.16181402 -0.97815508
vn 0.15913394 -0.36896285 -0.91571981
vn 0.02845722 -0.16679995 -0.98558003
vn 0.13049458 -0.16181402 -0.97815508
vn 0.02845722 -0.16679995 -0.98558003
vn -0.01831917 0.05278208 -0.99843800
vn 0.02845722 -0.16679995 -0.98558003
vn 0.05011176 -0.35788903 -0.93241853
vn -0.04396772 -0.29356331 -0.95492798
vn 0.02845722 -0.16679995 -0.98558003
vn 0.00179619 0.22403449 -0.97457957
vn -0.01831917 0.05278208 -0.99843800
vn 0.02845722 -0.16679995 -0.98558003
vn 0.15913394 -0.36896285 -0.91571981
vn 0.05011176 -0.35788903 -0.93241853
vn -0.04396772 -0.29356331 -0.95492798
vn -0.08751845 -0.13497874 -0.98697579
vn 0.02845722 -0.16679995 -0.98558003
vn -0.04396772 -0.29356331 -0.95492798
vn -0.17097102 -0.31074026 -0.93499166
vn -0.08751845 -0.13497874 -0.98697579
vn -0.08751845 -0.13497874 -0.98697579
vn 0.18857391 0.22957538 -0.95484817
vn 0.00179619 0.22403449 -0.97457957
vn 0.02845722 -0.16679995 -0.98558003
vn -0.08751845 -0.13497874 -0.98697579
vn 0.00179619 0.22403449 -0.97457957
vn -0.08751845 -0.13497874 -0.98697579
vn -0.17097102 -0.31074026 -0.93499166
vn -0.25170675 -0.17339540 -0.95214379
vn -0.08751845 -0.13497874 -0.98697579
vn -0.12403732 -0.03273060 -0.99173760
vn 0.31184152 0.06584600 -0.94784975
vn -0.08751845 -0.13497874 -0.98697579
vn 0.31184152 0.06584600 -0.94784975
vn 0.18857391 0.22957538 -0.95484817
vn -0.25170675 -0.17339540 -0.95214379
vn -0.12403732 -0.03273060 -0.99173760
vn -0.08751845 -0.13497874 -0.98697579
vn -0.30218217 -0.02920576 -0.95280272
vn -0.12403732 -0.03273060 -0.99173760
vn -0.25170675 -0.17339540 -0.95214379
vn 0.96231437 -0.18789245 -0.19658974
vn 0.23263882 -0.10721764 0.96663517
vn 0.19811416 -0.00142002 0.98017794
vn 0.87708592 -0.43418241 -0.20544082
vn 0.23841554 -0.18874963 0.95264453
vn 0.23263882 -0.10721764 0.96663517
vn 0.87708592 -0.43418241 -0.20544082
vn 0.23263882 -0.10721764 0.96663517
vn 0.96231437 -0.18789245 -0.19658974
vn 0.87708592 -0.43418241 -0.20544082
vn 0.96231437 -0.18789245 -0.19658974
vn 0.88668358 -0.30302614 -0.34923834
vn -0.68963701 0.34410280 0.63717663
vn 0.23263882 -0.10721764 0.96663517
vn 0.23841554 -0.18874963 0.95264453
vn -0.68963701 0.34410280 0.63717663
vn -0.80193722 0.18943901 0.56657702
vn 0.23263882 -0.10721764 0.96663517
vn -0.80193722 0.18943901 0.56657702
vn 0.19811416 -0.00142002 0.98017794
vn 0.23263882 -0.10721764 0.96663517
vn 0.70864862 -0.17736216 0.68290544
vn 0.22954094 -0.14542660 0.96237314
vn 0.34485412 0.00705079 0.93862981
vn 0.70864862 -0.17736216 0.68290544
vn 0.93532509 -0.01775297 0.35334381
vn 0.71860731 -0.32658911 -0.61395693
vn 0.71860731 -0.32658911 -0.61395693
vn 0.93532509 -0.01775297 0.35334381
vn 0.31184152 0.06584600 -0.94784975
vn 0.71860731 -0.32658911 -0.61395693
vn 0.31184152 0.06584600 -0.94784975
vn 0.00660833 -0.00158059 -0.99997693
vn 0.74330342 -0.63524157 -0.20968586
vn 0.23841554 -0.18874963 0.95264453
vn 0.87708592 -0.43418241 -0.20544082
vn 0.65622962 -0.73259515 -0.18074033
vn 0.17210405 -0.28502813 0.94294178
vn 0.23841554 -0.18874963 0.95264453
vn 0.65622962 -0.73259515 -0.18074033
vn 0.23841554 -0.18874963 0.95264453
vn 0.74330342 -0.63524157 -0.20968586
vn -0.49532476 0.43801069 0.75019997
vn 0.23841554 -0.18874963 0.95264453
vn 0.17210405 -0.28502813 0.94294178
vn -0.49532476 0.43801069 0.75019997
vn 0.17210405 -0.28502813 0.94294178
vn -0.37340584 0.57496077 0.72800291
vn -0.49532476 0.43801069 0.75019997
vn -0.37340584 0.57496077 0.72800291
vn -0.57600617 0.66427588 0.47639731
vn -0.49532476 0.43801069 0.75019997
vn -0.57600617 0.66427588 0.47639731
vn -0.71520603 0.54176891 0.44155049
vn -0.49532476 0.43801069 0.75019997
vn -0.71520603 0.54176891 0.44155049
vn -0.68963701 0.34410280 0.63717663
vn -0.49532476 0.43801069 0.75019997
vn -0.68963701 0.34410280 0.63717663
vn 0.23841554 -0.18874963 0.95264453
vn 0.28265926 -0.45377243 0.84510016
vn 0.70864862 -0.17736216 0.68290544
vn 0.71860731 -0.32658911 -0.61395693
vn 0.28265926 -0.45377243 0.84510016
vn 0.71860731 -0.32658911 -0.61395693
vn 0.44452348 -0.71901107 -0.53424895
vn 0.28265926 -0.45377243 0.84510016
vn 0.22954094 -0.14542660 0.96237314
vn 0.70864862 -0.17736216 0.68290544
vn 0.71860731 -0.32658911 -0.61395693
vn 0.00660833 -0.00158059 -0.99997693
vn 0.44452348 -0.71901107 -0.53424895
vn 0.45784986 -0.86172575 -0.21863726
vn 0.17106400 -0.43975049 0.88167828
vn 0.17210405 -0.28502813 0.94294178
vn 0.45784986 -0.86172575 -0.21863726
vn 0.17210405 -0.28502813 0.94294178
vn 0.65622962 -0.73259515 -0.18074033
vn 0.17106400 -0.43975049 0.88167828
vn 0.45784986 -0.86172575 -0.21863726
vn 0.23844087 -0.93936610 -0.24644943
vn 0.17106400 -0.43975049 0.88167828
vn 0.23844087 -0.93936610 -0.24644943
vn 0.01669597 -0.36774519 0.92977673
vn -0.27101120 0.71049267 0.64942521
vn 0.17106400 -0.43975049 0.88167828
vn 0.01669597 -0.36774519 0.92977673
vn -0.27101120 0.71049267 0.64942521
vn 0.01669597 -0.36774519 0.92977673
vn -0.09784070 0.81639946 0.56913888
vn -0.37340584 0.57496077 0.72800291
vn 0.17210405 -0.28502813 0.94294178
vn 0.17106400 -0.43975049 0.88167828
vn -0.37340584 0.57496077 0.72800291
vn 0.17106400 -0.43975049 0.88167828
vn -0.27101120 0.71049267 0.64942521
vn -0.37340584 0.57496077 0.72800291
vn -0.27101120 0.71049267 0.64942521
vn -0.45261919 0.78427005 0.42433053
vn -0.37340584 0.57496077 0.72800291
vn -0.45261919 0.78427005 0.42433053
vn -0.57600617 0.66427588 0.47639731
vn 0.44452348 -0.71901107 -0.53424895
vn -0.00282420 -0.06181198 -0.99808383
vn 0.17000847 -0.83878249 -0.51724368
vn 0.23844087 -0.93936610 -0.24644943
vn 0.01408638 -0.98799884 -0.15381752
vn 0.01669597 -0.36774519 0.92977673
vn 0.01408638 -0.98799884 -0.15381752
vn -0.02182426 -0.18667705 0.98217887
vn 0.01669597 -0.36774519 0.92977673
vn 0.01408638 -0.98799884 -0.15381752
vn -0.21996213 -0.96196669 -0.16197748
vn -0.02182426 -0.18667705 0.98217887
vn -0.02182426 -0.18667705 0.98217887
vn -0.09784070 0.81639946 0.56913888
vn 0.01669597 -0.36774519 0.92977673
vn -0.02182426 -0.18667705 0.98217887
vn 0.14125001 0.86160570 0.48752850
vn -0.09784070 0.81639946 0.56913888
vn 0.28265926 -0.45377243 0.84510016
vn 0.44452348 -0.71901107 -0.53424895
vn 0.17000847 -0.83878249 -0.51724368
vn 0.28265926 -0.45377243 0.84510016
vn 0.17000847 -0.83878249 -0.51724368
vn -0.08642206 -0.65211397 0.75317895
vn 0.28265926 -0.45377243 0.84510016
vn -0.08642206 -0.65211397 0.75317895
vn 0.03913667 -0.23989601 0.97000939
vn -0.27587524 -0.84719247 -0.45404604
vn 0.17000847 -0.83878249 -0.51724368
vn -0.00282420 -0.06181198 -0.99808383
vn -0.21996213 -0.96196669 -0.16197748
vn -0.08754983 -0.09892291 0.99123627
vn -0.02182426 -0.18667705 0.98217887
vn -0.46142459 -0.86174428 -0.21091272
vn -0.08754983 -0.09892291 0.99123627
vn -0.21996213 -0.96196669 -0.16197748
vn -0.08754983 -0.09892291 0.99123627
vn 0.47672671 0.62069589 0.62246948
vn 0.37766835 0.80142498 0.46377212
vn -0.08754983 -0.09892291 0.99123627
vn 0.37766835 0.80142498 0.46377212
vn 0.14125001 0.86160570 0.48752850
vn -0.08754983 -0.09892291 0.99123627
vn 0.14125001 0.86160570 0.48752850
vn -0.02182426 -0.18667705 0.98217887
vn -0.08642206 -0.65211397 0.75317895
vn 0.17000847 -0.83878249 -0.51724368
vn -0.27587524 -0.84719247 -0.45404604
vn -0.62328613 -0.60695541 -0.49307147
vn -0.27587524 -0.84719247 -0.45404604
vn -0.00282420 -0.06181198 -0.99808383
vn -0.31074706 -0.40418640 0.86027300
vn -0.08754983 -0.09892291 0.99123627
vn -0.46142459 -0.86174428 -0.21091272
vn -0.31074706 -0.40418640 0.86027300
vn -0.46142459 -0.86174428 -0.21091272
vn -0.57032883 -0.76995915 -0.28616074
vn -0.31074706 -0.40418640 0.86027300
vn -0.57032883 -0.76995915 -0.28616074
vn -0.47038940 -0.39295819 0.79013777
vn -0.47038940 -0.39295819 0.79013777
vn -0.57032883 -0.76995915 -0.28616074
vn -0.72730386 -0.62905872 -0.27443430
vn -0.47038940 -0.39295819 0.79013777
vn -0.72730386 -0.62905872 -0.27443430
vn -0.81914854 -0.54786992 -0.16980657
vn 0.49451277 0.44073853 0.74913728
vn 0.47672671 0.62069589 0.62246948
vn -0.31074706 -0.40418640 0.86027300
vn 0.49451277 0.44073853 0.74913728
vn -0.31074706 -0.40418640 0.86027300
vn -0.47038940 -0.39295819 0.79013777
vn 0.49451277 0.44073853 0.74913728
vn 0.72169012 0.50928640 0.46881849
vn 0.47672671 0.62069589 0.62246948
vn 0.47672671 0.62069589 0.62246948
vn -0.08754983 -0.09892291 0.99123627
vn -0.31074706 -0.40418640 0.86027300
vn -0.41398910 -0.49207991 0.76581353
vn -0.08642206 -0.65211397 0.75317895
vn -0.27587524 -0.84719247 -0.45404604
vn -0.41398910 -0.49207991 0.76581353
vn -0.27587524 -0.84719247 -0.45404604
vn -0.62328613 -0.60695541 -0.49307147
vn -0.62328613 -0.60695541 -0.49307147
vn -0.00282420 -0.06181198 -0.99808383
vn -0.06552450 -0.05208966 -0.99649042
vn -0.81914854 -0.54786992 -0.16980657
vn -0.88731819 -0.44295052 0.12830158
vn -0.15093036 -0.03769648 0.98782539
vn -0.81914854 -0.54786992 -0.16980657
vn -0.15093036 -0.03769648 0.98782539
vn -0.47038940 -0.39295819 0.79013777
vn -0.81914854 -0.54786992 -0.16980657
vn -0.86197293 -0.40219027 -0.30861890
vn -0.88731819 -0.44295052 0.12830158
vn -0.88731819 -0.44295052 0.12830158
vn -0.86197293 -0.40219027 -0.30861890
vn -0.94586951 -0.24494541 -0.21291456
vn -0.88731819 -0.44295052 0.12830158
vn -0.94586951 -0.24494541 -0.21291456
vn -0.01220868 -0.10933153 0.99393034
vn -0.88731819 -0.44295052 0.12830158
vn -0.01220868 -0.10933153 0.99393034
vn -0.15093036 -0.03769648 0.98782539
vn -0.01220868 -0.10933153 0.99393034
vn 0.84873676 0.19812663 0.49029762
vn 0.81116074 0.37486079 0.44888487
vn -0.15093036 -0.03769648 0.98782539
vn -0.01220868 -0.10933153 0.99393034
vn 0.81116074 0.37486079 0.44888487
vn -0.15093036 -0.03769648 0.98782539
vn 0.81116074 0.37486079 0.44888487
vn 0.72169012 0.50928640 0.46881849
vn -0.15093036 -0.03769648 0.98782539
vn 0.72169012 0.50928640 0.46881849
vn 0.49451277 0.44073853 0.74913728
vn -0.15093036 -0.03769648 0.98782539
vn 0.49451277 0.44073853 0.74913728
vn -0.47038940 -0.39295819 0.79013777
vn -0.41398910 -0.49207991 0.76581353
vn -0.62328613 -0.60695541 -0.49307147
vn -0.93535423 -0.26385552 -0.23556890
vn -0.41398910 -0.49207991 0.76581353
vn -0.93535423 -0.26385552 -0.23556890
vn -0.27353901 -0.18209259 0.94446743
vn -0.93535423 -0.26385552 -0.23556890
vn -0.62328613 -0.60695541 -0.49307147
vn -0.06552450 -0.05208966 -0.99649042
vn -0.93535423 -0.26385552 -0.23556890
vn -0.06552450 -0.05208966 -0.99649042
vn -0.10018378 -0.01220824 -0.99489403
vn -0.98160440 -0.04290101 -0.18604398
vn -0.16651262 -0.07003595 0.98354894
vn -0.01220868 -0.10933153 0.99393034
vn -0.98160440 -0.04290101 -0.18604398
vn -0.01220868 -0.10933153 0.99393034
vn -0.94586951 -0.24494541 -0.21291456
vn -0.98160440 -0.04290101 -0.18604398
vn -0.62240213 0.10029069 0.77624571
vn -0.16651262 -0.07003595 0.98354894
vn 0.66534072 -0.10182223 0.73956335
vn -0.16651262 -0.07003595 0.98354894
vn -0.62240213 0.10029069 0.77624571
vn 0.66534072 -0.10182223 0.73956335
vn 0.88970518 0.03523278 0.45517403
vn -0.16651262 -0.07003595 0.98354894
vn -0.16651262 -0.07003595 0.98354894
vn 0.88970518 0.03523278 0.45517403
vn 0.84873676 0.19812663 0.49029762
vn -0.16651262 -0.07003595 0.98354894
vn 0.84873676 0.19812663 0.49029762
vn -0.01220868 -0.10933153 0.99393034
vn -0.48544303 -0.03451476 0.87358677
vn -0.93535423 -0.26385552 -0.23556890
vn -0.96725565 0.12775888 -0.21930380
vn -0.93535423 -0.26385552 -0.23556890
vn -0.48544303 -0.03451476 0.87358677
vn -0.27353901 -0.18209259 0.94446743
vn -0.96725565 0.12775888 -0.21930380
vn -0.93535423 -0.26385552 -0.23556890
vn -0.10018378 -0.01220824 -0.99489403
vn -0.62240213 0.10029069 0.77624571
vn -0.98160440 -0.04290101 -0.18604398
vn -0.94866318 0.14836043 -0.27933389
vn -0.62240213 0.10029069 0.77624571
vn -0.94866318 0.14836043 -0.27933389
vn -0.90385097 0.34586737 -0.25185147
vn -0.62240213 0.10029069 0.77624571
vn -0.90385097 0.34586737 -0.25185147
vn -0.17641555 0.15406385 0.97218406
vn -0.17641555 0.15406385 0.97218406
vn 0.76028061 -0.46293184 0.45570546
vn 0.83764893 -0.30431277 0.45358354
vn -0.17641555 0.15406385 0.97218406
vn 0.83764893 -0.30431277 0.45358354
vn 0.66534072 -0.10182223 0.73956335
vn 0.66534072 -0.10182223 0.73956335
vn -0.62240213 0.10029069 0.77624571
vn -0.17641555 0.15406385 0.97218406
vn -0.96725565 0.12775888 -0.21930380
vn -0.71926355 0.54151517 -0.43522552
vn -0.42235601 0.13570338 0.89621425
vn -0.96725565 0.12775888 -0.21930380
vn -0.42235601 0.13570338 0.89621425
vn -0.48544303 -0.03451476 0.87358677
vn -0.96725565 0.12775888 -0.21930380
vn -0.10018378 -0.01220824 -0.99489403
vn -0.07693512 0.03375498 -0.99646455
vn -0.96725565 0.12775888 -0.21930380
vn -0.07693512 0.03375498 -0.99646455
vn -0.71926355 0.54151517 -0.43522552
vn -0.80281675 0.59304452 -0.06151029
vn -0.13125591 0.06294291 0.98934829
vn -0.17641555 0.15406385 0.97218406
vn -0.80281675 0.59304452 -0.06151029
vn -0.17641555 0.15406385 0.97218406
vn -0.90385097 0.34586737 -0.25185147
vn -0.65089542 0.73715556 -0.18148515
vn -0.13125591 0.06294291 0.98934829
vn -0.80281675 0.59304452 -0.06151029
vn -0.65089542 0.73715556 -0.18148515
vn -0.13089040 0.19269876 0.97248900
vn -0.13125591 0.06294291 0.98934829
vn -0.13089040 0.19269876 0.97248900
vn 0.49244100 -0.72023118 0.48863983
vn 0.63791817 -0.61483270 0.46372527
vn -0.13089040 0.19269876 0.97248900
vn 0.63791817 -0.61483270 0.46372527
vn -0.13125591 0.06294291 0.98934829
vn -0.13125591 0.06294291 0.98934829
vn 0.63791817 -0.61483270 0.46372527
vn 0.76028061 -0.46293184 0.45570546
vn -0.13125591 0.06294291 0.98934829
vn 0.76028061 -0.46293184 0.45570546
vn -0.17641555 0.15406385 0.97218406
vn -0.46356362 0.46540916 0.75399143
vn -0.71926355 0.54151517 -0.43522552
vn -0.35252762 0.61985606 -0.70107257
vn -0.42235601 0.13570338 0.89621425
vn -0.71926355 0.54151517 -0.43522552
vn -0.46356362 0.46540916 0.75399143
vn -0.42235601 0.13570338 0.89621425
vn -0.46356362 0.46540916 0.75399143
vn -0.21418671 0.21423988 0.95300859
vn -0.35252762 0.61985606 -0.70107257
vn -0.71926355 0.54151517 -0.43522552
vn -0.07693512 0.03375498 -0.99646455
vn -0.35252762 0.61985606 -0.70107257
vn -0.07693512 0.03375498 -0.99646455
vn -0.01831917 0.05278208 -0.99843800
vn -0.50073802 0.84568691 -0.18459424
vn -0.34237722 0.92835987 -0.14465742
vn -0.04941898 0.19968610 0.97861290
vn -0.50073802 0.84568691 -0.18459424
vn -0.04941898 0.19968610 0.97861290
vn -0.13089040 0.19269876 0.97248900
vn -0.50073802 0.84568691 -0.18459424
vn -0.13089040 0.19269876 0.97248900
vn -0.65089542 0.73715556 -0.18148515
vn -0.34237722 0.92835987 -0.14465742
vn -0.25061321 0.95010221 -0.18573849
vn -0.07890245 0.36172625 0.92893946
vn -0.34237722 0.92835987 -0.14465742
vn -0.07890245 0.36172625 0.92893946
vn -0.04941898 0.19968610 0.97861290
vn -0.04941898 0.19968610 0.97861290
vn -0.07890245 0.36172625 0.92893946
vn 0.14815058 -0.80583173 0.57331198
vn -0.04941898 0.19968610 0.97861290
vn 0.14815058 -0.80583173 0.57331198
vn 0.36231229 -0.79961532 0.47889999
vn -0.13089040 0.19269876 0.97248900
vn -0.04941898 0.19968610 0.97861290
vn 0.36231229 -0.79961532 0.47889999
vn -0.13089040 0.19269876 0.97248900
vn 0.36231229 -0.79961532 0.47889999
vn 0.49244100 -0.72023118 0.48863983
vn -0.33820820 0.83363509 0.43665513
vn -0.46356362 0.46540916 0.75399143
vn -0.35252762 0.61985606 -0.70107257
vn -0.33820820 0.83363509 0.43665513
vn -0.03277822 0.33238274 0.94257480
vn -0.21418671 0.21423988 0.95300859
vn -0.33820820 0.83363509 0.43665513
vn -0.21418671 0.21423988 0.95300859
vn -0.46356362 0.46540916 0.75399143
vn -0.07890245 0.36172625 0.92893946
vn -0.25061321 0.95010221 -0.18573849
vn -0.05887408 0.95679349 -0.28474560
vn 0.07200524 0.99634850 -0.04587878
vn -0.04431611 0.04518906 0.99799502
vn -0.07890245 0.36172625 0.92893946
vn 0.07200524 0.99634850 -0.04587878
vn -0.07890245 0.36172625 0.92893946
vn -0.05887408 0.95679349 -0.28474560
vn -0.04431611 0.04518906 0.99799502
vn 0.14815058 -0.80583173 0.57331198
vn -0.07890245 0.36172625 0.92893946
vn 0.28755552 0.92428368 0.25102082
vn -0.03277822 0.33238274 0.94257480
vn -0.33820820 0.83363509 0.43665513
vn 0.00179619 0.22403449 -0.97457957
vn -0.33820820 0.83363509 0.43665513
vn -0.35252762 0.61985606 -0.70107257
vn 0.00179619 0.22403449 -0.97457957
vn -0.35252762 0.61985606 -0.70107257
vn -0.01831917 0.05278208 -0.99843800
vn 0.00179619 0.22403449 -0.97457957
vn 0.28755552 0.92428368 0.25102082
vn -0.33820820 0.83363509 0.43665513
vn 0.27468818 0.95841384 -0.07739094
vn 0.05323256 0.11280143 0.99219060
vn -0.04431611 0.04518906 0.99799502
vn 0.27468818 0.95841384 -0.07739094
vn -0.04431611 0.04518906 0.99799502
vn 0.07200524 0.99634850 -0.04587878
vn 0.13615943 0.32935759 0.93433625
vn 0.05323256 0.11280143 0.99219060
vn 0.27468818 0.95841384 -0.07739094
vn 0.13615943 0.32935759 0.93433625
vn 0.27468818 0.95841384 -0.07739094
vn 0.38461664 0.88088614 -0.27587980
vn 0.13615943 0.32935759 0.93433625
vn -0.38624388 -0.78296679 0.48762554
vn 0.05323256 0.11280143 0.99219060
vn 0.05323256 0.11280143 0.99219060
vn -0.38624388 -0.78296679 0.48762554
vn -0.12013297 -0.88074630 0.45809832
vn 0.05323256 0.11280143 0.99219060
vn -0.12013297 -0.88074630 0.45809832
vn -0.04431611 0.04518906 0.99799502
vn 0.28755552 0.92428368 0.25102082
vn 0.18331376 0.30788514 0.93359667
vn -0.03277822 0.33238274 0.94257480
vn 0.28755552 0.92428368 0.25102082
vn 0.00179619 0.22403449 -0.97457957
vn 0.18857391 0.22957538 -0.95484817
vn 0.28587183 0.18294230 0.94064307
vn 0.13615943 0.32935759 0.93433625
vn 0.38461664 0.88088614 -0.27587980
vn 0.28587183 0.18294230 0.94064307
vn 0.38461664 0.88088614 -0.27587980
vn 0.58650172 0.76448047 -0.26755443
vn 0.75681239 0.61971676 -0.20781279
vn 0.28587183 0.18294230 0.94064307
vn 0.58650172 0.76448047 -0.26755443
vn 0.75681239 0.61971676 -0.20781279
vn 0.24826740 0.08046434 0.96534389
vn 0.28587183 0.18294230 0.94064307
vn -0.52248091 -0.48883191 0.69861084
vn 0.28587183 0.18294230 0.94064307
vn 0.24826740 0.08046434 0.96534389
vn -0.52248091 -0.48883191 0.69861084
vn 0.24826740 0.08046434 0.96534389
vn -0.68558151 -0.44291654 0.57775688
vn -0.52248091 -0.48883191 0.69861084
vn -0.55023414 -0.69135630 0.46826157
vn 0.28587183 0.18294230 0.94064307
vn 0.28587183 0.18294230 0.94064307
vn -0.55023414 -0.69135630 0.46826157
vn -0.38624388 -0.78296679 0.48762554
vn 0.28587183 0.18294230 0.94064307
vn -0.38624388 -0.78296679 0.48762554
vn 0.13615943 0.32935759 0.93433625
vn 0.60152972 0.78362960 0.15519872
vn 0.82683343 0.43089259 0.36149418
vn 0.27200967 0.16663051 0.94775790
vn 0.60152972 0.78362960 0.15519872
vn 0.27200967 0.16663051 0.94775790
vn 0.18331376 0.30788514 0.93359667
vn 0.60152972 0.78362960 0.15519872
vn 0.18331376 0.30788514 0.93359667
vn 0.28755552 0.92428368 0.25102082
vn 0.18857391 0.22957538 -0.95484817
vn 0.60152972 0.78362960 0.15519872
vn 0.28755552 0.92428368 0.25102082
vn 0.75681239 0.61971676 -0.20781279
vn 0.86251003 0.46129918 0.20803742
vn 0.24826740 0.08046434 0.96534389
vn 0.75681239 0.61971676 -0.20781279
vn 0.70668191 0.64217299 -0.29700926
vn 0.82309902 0.48093644 -0.30200690
vn 0.75681239 0.61971676 -0.20781279
vn 0.82309902 0.48093644 -0.30200690
vn 0.86251003 0.46129918 0.20803742
vn 0.86251003 0.46129918 0.20803742
vn -0.12715198 0.06711684 0.98960990
vn 0.24826740 0.08046434 0.96534389
vn 0.86251003 0.46129918 0.20803742
vn 0.82309902 0.48093644 -0.30200690
vn 0.88938153 0.34190232 -0.30348518
vn 0.86251003 0.46129918 0.20803742
vn 0.88938153 0.34190232 -0.30348518
vn 0.95226735 0.22563356 -0.20561220
vn 0.86251003 0.46129918 0.20803742
vn 0.95226735 0.22563356 -0.20561220
vn -0.12715198 0.06711684 0.98960990
vn -0.12715198 0.06711684 0.98960990
vn -0.68558151 -0.44291654 0.57775688
vn 0.24826740 0.08046434 0.96534389
vn 0.18857391 0.22957538 -0.95484817
vn 0.82683343 0.43089259 0.36149418
vn 0.60152972 0.78362960 0.15519872
vn 0.31184152 0.06584600 -0.94784975
vn 0.82683343 0.43089259 0.36149418
vn 0.18857391 0.22957538 -0.95484817
vn 0.33135122 0.05727297 0.94176757
vn -0.12715198 0.06711684 0.98960990
vn 0.95226735 0.22563356 -0.20561220
vn 0.33135122 0.05727297 0.94176757
vn 0.95226735 0.22563356 -0.20561220
vn 0.95509917 0.08097032 -0.28500775
vn 0.99030781 -0.02306338 -0.13696179
vn 0.19811416 -0.00142002 0.98017794
vn 0.33135122 0.05727297 0.94176757
vn 0.99030781 -0.02306338 -0.13696179
vn 0.33135122 0.05727297 0.94176757
vn 0.95509917 0.08097032 -0.28500775
vn 0.99030781 -0.02306338 -0.13696179
vn 0.96231437 -0.18789245 -0.19658974
vn 0.19811416 -0.00142002 0.98017794
vn 0.19811416 -0.00142002 0.98017794
vn -0.80193722 0.18943901 0.56657702
vn -0.87617648 0.04681601 0.47971144
vn 0.19811416 -0.00142002 0.98017794
vn -0.87617648 0.04681601 0.47971144
vn -0.85368198 -0.14783780 0.49937069
vn 0.19811416 -0.00142002 0.98017794
vn -0.85368198 -0.14783780 0.49937069
vn 0.33135122 0.05727297 0.94176757
vn 0.33135122 0.05727297 0.94176757
vn -0.85368198 -0.14783780 0.49937069
vn -0.12715198 0.06711684 0.98960990
vn 0.93532509 -0.01775297 0.35334381
vn 0.70864862 -0.17736216 0.68290544
vn 0.34485412 0.00705079 0.93862981
vn 0.93532509 -0.01775297 0.35334381
vn 0.34485412 0.00705079 0.93862981
vn 0.27200967 0.16663051 0.94775790
vn 0.93532509 -0.01775297 0.35334381
vn 0.27200967 0.16663051 0.94775790
vn 0.82683343 0.43089259 0.36149418
vn 0.31184152 0.06584600 -0.94784975
vn 0.93532509 -0.01775297 0.35334381
vn 0.82683343 0.43089259 0.36149418
vt 0.00000000 0.00000000
vt 0.00000000 0.00000000
vt 0.00000000 0.00000000
vt 0.00000000 0.00000000
vt 0.00000000 0.00000000
vt 0.00000000 0.00000000
vt 0.00000000 0.00000000
vt 0.00000000 0.00000000
vt 0.00000000 0.00000000
vt 0.00000000 0.00000000
vt 0.00000000 0.00000000
vt 0.00000000 0.00000000
vt 0.00000000 0.00000000
vt 0.00000000 0.00000000
vt 0.00000000 0.00000000
vt 0.00000000 0.00000000
vt 0.00000000 0.00000000
vt 0.00000000 0.00000000
vt 0.00000000 0.00000000
vt 0.00000000 0.00000000
vt 0.00000000 0.00000000
vt 0.00000000 0.00000000
vt 0.00000000 0.00000000
vt 0.00000000 0.00000000
vt 0.00000000 0.00000000
vt 0.00000000 0.00000000
vt 0.00000000 0.00000000
vt 0.00000000 0.00000000
vt 0.00000000 0.00000000
vt 0.00000000 0.00000000
vt 0.00000000 0.00000000
vt 0.00000000 0.00000000
vt 0.00000000 0.00000000
vt 0.00000000 0.00000000
vt 0.00000000 0.00000000
vt 0.00000000 0.00000000
vt 0.00000000 0.00000000
vt 0.00000000 0.00000000
vt 0.00000000 0.00000000
vt 0.00000000 0.00000000
vt 0.00000000 0.00000000
vt 0.00000000 0.00000000
vt 0.00000000 0.00000000
vt 0.00000000 0.00000000
vt 0.00000000 0.00000000
vt 0.00000000 0.00000000
vt 0.00000000 0.00000000
vt 0.00000000 0.00000000
vt 0.00000000 0.00000000
vt 0.00000000 0.00000000
vt 0.00000000 0.00000000
vt 0.00000000 0.00000000
vt 0.00000000 0.00000000
vt 0.00000000 0.00000000
vt 0.00000000 0.00000000
vt 0.00000000 0.00000000
vt 0.00000000 0.00000000
vt 0.00000000 0.00000000
vt 0.00000000 0.00000000
vt 0.00000000 0.00000000
vt 0.00000000 0.00000000
vt 0.00000000 0.00000000
vt 0.00000000 0.00000000
vt 0.00000000 0.00000000
vt 0.00000000 0.00000000
vt 0.00000000 0.00000000
vt 0.00000000 0.00000000
vt 0.00000000 0.00000000
vt 0.00000000 0.00000000
vt 0.00000000 0.00000000
vt 0.00000000 0.00000000
vt 0.00000000 0.00000000
vt 0.00000000 0.00000000
vt 0.00000000 0.00000000
vt 0.00000000 0.00000000
vt 0.00000000 0.00000000
vt 0.00000000 0.00000000
vt 0.00000000 0.00000000
vt 0.00000000 0.00000000
vt 0.00000000 0.00000000
vt 0.00000000 0.00000000
vt 0.00000000 0.00000000
vt 0.00000000 0.00000000
vt 0.00000000 0.00000000
vt 0.00000000 0.00000000
vt 0.00000000 0.00000000
vt 0.00000000 0.00000000
vt 0.00000000 0.00000000
vt 0.00000000 0.00000000
vt 0.00000000 0.00000000
vt 0.00000000 0.00000000
vt 0.00000000 0.00000000
vt 0.00000000 0.00000000
vt 0.00000000 0.00000000
vt 0.00000000 0.00000000
vt 0.00000000 0.00000000
vt 0.00000000 0.00000000
vt 0.00000000 0.00000000
vt 0.00000000 0.00000000
vt 0.00000000 0.00000000
vt 0.00000000 0.00000000
vt 0.00000000 0.00000000
vt 0.00000000 0.00000000
vt 0.00000000 0.00000000
vt 0.00000000 0.00000000
vt 0.00000000 0.00000000
vt 0.00000000 0.00000000
vt 0.00000000 0.00000000
vt 0.00000000 0.00000000
vt 0.00000000 0.00000000
vt 0.00000000 0.00000000
vt 0.00000000 0.00000000
vt 0.00000000 0.00000000
vt 0.00000000 0.00000000
vt 0.00000000 0.00000000
vt 0.00000000 0.00000000
vt 0.00000000 0.00000000
vt 0.00000000 0.00000000
vt 0.00000000 0.00000000
vt 0.00000000 0.00000000
vt 0.00000000 0.00000000
vt 0.00000000 0.00000000
vt 0.00000000 0.00000000
vt 0.00000000 0.00000000
vt 0.00000000 0.00000000
vt 0.00000000 0.00000000
vt 0.00000000 0.00000000
vt 0.00000000 0.00000000
vt 0.00000000 0.00000000
vt 0.00000000 0.00000000
vt 0.00000000 0.00000000
vt 0.00000000 0.00000000
vt 0.00000000 0.00000000
vt 0.00000000 0.00000000
vt 0.00000000 0.00000000
vt 0.00000000 0.00000000
vt 0.00000000 0.00000000
vt 0.00000000 0.00000000
vt 0.00000000 0.00000000
vt 0.00000000 0.00000000
vt 0.00000000 0.00000000
vt 0.00000000 0.00000000
vt 0.00000000 0.00000000
vt 0.00000000 0.00000000
vt 0.00000000 0.00000000
vt 0.00000000 0.00000000
vt 0.00000000 0.00000000
vt 0.00000000 0.00000000
vt 0.00000000 0.00000000
vt 0.00000000 0.00000000
vt 0.00000000 0.00000000
vt 0.00000000 0.00000000
vt 0.00000000 0.00000000
vt 0.00000000 0.00000000
vt 0.00000000 0.00000000
vt 0.00000000 0.00000000
vt 0.00000000 0.00000000
vt 0.00000000 0.00000000
vt 0.00000000 0.00000000
vt 0.00000000 0.00000000
vt 0.00000000 0.00000000
vt 0.00000000 0.00000000
vt 0.00000000 0.00000000
vt 0.00000000 0.00000000
vt 0.00000000 0.00000000
vt 0.00000000 0.00000000
vt 0.00000000 0.00000000
vt 0.00000000 0.00000000
vt 0.00000000 0.00000000
vt 0.00000000 0.00000000
vt 0.00000000 0.00000000
vt 0.00000000 0.00000000
vt 0.00000000 0.00000000
vt 0.00000000 0.00000000
vt 0.00000000 0.00000000
vt 0.00000000 0.00000000
vt 0.00000000 0.00000000
vt 0.00000000 0.00000000
vt 0.00000000 0.00000000
vt 0.00000000 0.00000000
vt 0.00000000 0.00000000
vt 0.00000000 0.00000000
vt 0.00000000 0.00000000
vt 0.00000000 0.00000000
vt 0.00000000 0.00000000
vt 0.00000000 0.00000000
vt 0.00000000 0.00000000
vt 0.00000000 0.00000000
vt 0.00000000 0.00000000
vt 0.00000000 0.00000000
vt 0.00000000 0.00000000
vt 0.00000000 0.00000000
vt 0.00000000 0.00000000
vt 0.00000000 0.00000000
vt 0.00000000 0.00000000
vt 0.00000000 0.00000000
vt 0.00000000 0.00000000
vt 0.00000000 0.00000000
vt 0.00000000 0.00000000
vt 0.00000000 0.00000000
vt 0.00000000 0.00000000
vt 0.00000000 0.00000000
vt 0.00000000 0.00000000
vt 0.00000000 0.00000000
vt 0.00000000 0.00000000
vt 0.00000000 0.00000000
vt 0.00000000 0.00000000
vt 0.00000000 0.00000000
vt 0.00000000 0.00000000
vt 0.00000000 0.00000000
vt 0.00000000 0.00000000
vt 0.00000000 0.00000000
vt 0.00000000 0.00000000
vt 0.00000000 0.00000000
vt 0.00000000 0.00000000
vt 0.00000000 0.00000000
vt 0.00000000 0.00000000
vt 0.00000000 0.00000000
vt 0.00000000 0.00000000
vt 0.00000000 0.00000000
vt 0.00000000 0.00000000
vt 0.00000000 0.00000000
vt 0.00000000 0.00000000
vt 0.00000000 0.00000000
vt 0.00000000 0.00000000
vt 0.00000000 0.00000000
vt 0.00000000 0.00000000
vt 0.00000000 0.00000000
vt 0.00000000 0.00000000
vt 0.00000000 0.00000000
vt 0.00000000 0.00000000
vt 0.00000000 0.00000000
vt 0.00000000 0.00000000
vt 0.00000000 0.00000000
vt 0.00000000 0.00000000
vt 0.00000000 0.00000000
vt 0.00000000 0.00000000
vt 0.00000000 0.00000000
vt 0.00000000 0.00000000
vt 0.00000000 0.00000000
vt 0.00000000 0.00000000
vt 0.00000000 0.00000000
vt 0.00000000 0.00000000
vt 0.00000000 0.00000000
vt 0.00000000 0.00000000
vt 0.00000000 0.00000000
vt 0.00000000 0.00000000
vt 0.00000000 0.00000000
vt 0.00000000 0.00000000
vt 0.00000000 0.00000000
vt 0.00000000 0.00000000
vt 0.00000000 0.00000000
vt 0.00000000 0.00000000
vt 0.00000000 0.00000000
vt 0.00000000 0.00000000
vt 0.00000000 0.00000000
vt 0.00000000 0.00000000
vt 0.00000000 0.00000000
vt 0.00000000 0.00000000
vt 0.00000000 0.00000000
vt 0.00000000 0.00000000
vt 0.00000000 0.00000000
vt 0.00000000 0.00000000
vt 0.00000000 0.00000000
vt 0.00000000 0.00000000
vt 0.00000000 0.00000000
vt 0.00000000 0.00000000
vt 0.00000000 0.00000000
vt 0.00000000 0.00000000
vt 0.00000000 0.00000000
vt 0.00000000 0.00000000
vt 0.00000000 0.00000000
vt 0.00000000 0.00000000
vt 0.00000000 0.00000000
vt 0.00000000 0.00000000
vt 0.00000000 0.00000000
vt 0.00000000 0.00000000
vt 0.00000000 0.00000000
vt 0.00000000 0.00000000
vt 0.00000000 0.00000000
vt 0.00000000 0.00000000
vt 0.00000000 0.00000000
vt 0.00000000 0.00000000
vt 0.00000000 0.00000000
vt 0.00000000 0.00000000
vt 0.00000000 0.00000000
vt 0.00000000 0.00000000
vt 0.00000000 0.00000000
vt 0.00000000 0.00000000
vt 0.00000000 0.00000000
vt 0.00000000 0.00000000
vt 0.00000000 0.00000000
vt 0.00000000 0.00000000
vt 0.00000000 0.00000000
vt 0.00000000 0.00000000
vt 0.00000000 0.00000000
vt 0.00000000 0.00000000
vt 0.00000000 0.00000000
vt 0.00000000 0.00000000
vt 0.00000000 0.00000000
vt 0.00000000 0.00000000
vt 0.00000000 0.00000000
vt 0.00000000 0.00000000
vt 0.00000000 0.00000000
vt 0.00000000 0.00000000
vt 0.00000000 0.00000000
vt 0.00000000 0.00000000
vt 0.00000000 0.00000000
vt 0.00000000 0.00000000
vt 0.00000000 0.00000000
vt 0.00000000 0.00000000
vt 0.00000000 0.00000000
vt 0.00000000 0.00000000
vt 0.00000000 0.00000000
vt 0.00000000 0.00000000
vt 0.00000000 0.00000000
vt 0.00000000 0.00000000
vt 0.00000000 0.00000000
vt 0.00000000 0.00000000
vt 0.00000000 0.00000000
vt 0.00000000 0.00000000
vt 0.00000000 0.00000000
vt 0.00000000 0.00000000
vt 0.00000000 0.00000000
vt 0.00000000 0.00000000
vt 0.00000000 0.00000000
vt 0.00000000 0.00000000
vt 0.00000000 0.00000000
vt 0.00000000 0.00000000
vt 0.00000000 0.00000000
vt 0.00000000 0.00000000
vt 0.00000000 0.00000000
vt 0.00000000 0.00000000
vt 0.00000000 0.00000000
vt 0.00000000 0.00000000
vt 0.00000000 0.00000000
vt 0.00000000 0.00000000
vt 0.00000000 0.00000000
vt 0.00000000 0.00000000
vt 0.00000000 0.00000000
vt 0.00000000 0.00000000
vt 0.00000000 0.00000000
vt 0.00000000 0.00000000
vt 0.00000000 0.00000000
vt 0.00000000 0.00000000
vt 0.00000000 0.00000000
vt 0.00000000 0.00000000
vt 0.00000000 0.00000000
vt 0.00000000 0.00000000
vt 0.00000000 0.00000000
vt 0.00000000 0.00000000
vt 0.00000000 0.00000000
vt 0.00000000 0.00000000
vt 0.00000000 0.00000000
vt 0.00000000 0.00000000
vt 0.00000000 0.00000000
vt 0.00000000 0.00000000
vt 0.00000000 0.00000000
vt 0.00000000 0.00000000
vt 0.00000000 0.00000000
vt 0.00000000 0.00000000
vt 0.00000000 0.00000000
vt 0.00000000 0.00000000
vt 0.00000000 0.00000000
vt 0.00000000 0.00000000
vt 0.00000000 0.00000000
vt 0.00000000 0.00000000
vt 0.00000000 0.00000000
vt 0.00000000 0.00000000
vt 0.00000000 0.00000000
vt 0.00000000 0.00000000
vt 0.00000000 0.00000000
vt 0.00000000 0.00000000
vt 0.00000000 0.00000000
vt 0.00000000 0.00000000
vt 0.00000000 0.00000000
vt 0.00000000 0.00000000
vt 0.00000000 0.00000000
vt 0.00000000 0.00000000
vt 0.00000000 0.00000000
vt 0.00000000 0.00000000
vt 0.00000000 0.00000000
vt 0.00000000 0.00000000
vt 0.00000000 0.00000000
vt 0.00000000 0.00000000
vt 0.00000000 0.00000000
vt 0.00000000 0.00000000
vt 0.00000000 0.00000000
vt 0.00000000 0.00000000
vt 0.00000000 0.00000000
vt 0.00000000 0.00000000
vt 0.00000000 0.00000000
vt 0.00000000 0.00000000
vt 0.00000000 0.00000000
vt 0.00000000 0.00000000
vt 0.00000000 0.00000000
vt 0.00000000 0.00000000
vt 0.00000000 0.00000000
vt 0.00000000 0.00000000
vt 0.00000000 0.00000000
vt 0.00000000 0.00000000
vt 0.00000000 0.00000000
vt 0.00000000 0.00000000
vt 0.00000000 0.00000000
vt 0.00000000 0.00000000
vt 0.00000000 0.00000000
vt 0.00000000 0.00000000
vt 0.00000000 0.00000000
vt 0.00000000 0.00000000
vt 0.00000000 0.00000000
vt 0.00000000 0.00000000
vt 0.00000000 0.00000000
vt 0.00000000 0.00000000
vt 0.00000000 0.00000000
vt 0.00000000 0.00000000
vt 0.00000000 0.00000000
vt 0.00000000 0.00000000
vt 0.00000000 0.00000000
vt 0.00000000 0.00000000
vt 0.00000000 0.00000000
vt 0.00000000 0.00000000
vt 0.00000000 0.00000000
vt 0.00000000 0.00000000
vt 0.00000000 0.00000000
vt 0.00000000 0.00000000
vt 0.00000000 0.00000000
vt 0.00000000 0.00000000
vt 0.00000000 0.00000000
vt 0.00000000 0.00000000
vt 0.00000000 0.00000000
vt 0.00000000 0.00000000
vt 0.00000000 0.00000000
vt 0.00000000 0.00000000
vt 0.00000000 0.00000000
vt 0.00000000 0.00000000
vt 0.00000000 0.00000000
vt 0.00000000 0.00000000
vt 0.00000000 0.00000000
vt 0.00000000 0.00000000
vt 0.00000000 0.00000000
vt 0.00000000 0.00000000
vt 0.00000000 0.00000000
vt 0.00000000 0.00000000
vt 0.00000000 0.00000000
vt 0.00000000 0.00000000
vt 0.00000000 0.00000000
vt 0.00000000 0.00000000
vt 0.00000000 0.00000000
vt 0.00000000 0.00000000
vt 0.00000000 0.00000000
vt 0.00000000 0.00000000
vt 0.00000000 0.00000000
vt 0.00000000 0.00000000
vt 0.00000000 0.00000000
vt 0.00000000 0.00000000
vt 0.00000000 0.00000000
vt 0.00000000 0.00000000
vt 0.00000000 0.00000000
vt 0.00000000 0.00000000
vt 0.00000000 0.00000000
vt 0.00000000 0.00000000
vt 0.00000000 0.00000000
vt 0.00000000 0.00000000
vt 0.00000000 0.00000000
vt 0.00000000 0.00000000
vt 0.00000000 0.00000000
vt 0.00000000 0.00000000
vt 0.00000000 0.00000000
vt 0.00000000 0.00000000
vt 0.00000000 0.00000000
vt 0.00000000 0.00000000
vt 0.00000000 0.00000000
vt 0.00000000 0.00000000
vt 0.00000000 0.00000000
vt 0.00000000 0.00000000
vt 0.00000000 0.00000000
vt 0.00000000 0.00000000
vt 0.00000000 0.00000000
vt 0.00000000 0.00000000
vt 0.00000000 0.00000000
vt 0.00000000 0.00000000
vt 0.00000000 0.00000000
vt 0.00000000 0.00000000
vt 0.00000000 0.00000000
vt 0.00000000 0.00000000
vt 0.00000000 0.00000000
vt 0.00000000 0.00000000
vt 0.00000000 0.00000000
vt 0.00000000 0.00000000
vt 0.00000000 0.00000000
vt 0.00000000 0.00000000
vt 0.00000000 0.00000000
vt 0.00000000 0.00000000
vt 0.00000000 0.00000000
vt 0.00000000 0.00000000
vt 0.00000000 0.00000000
vt 0.00000000 0.00000000
vt 0.00000000 0.00000000
vt 0.00000000 0.00000000
vt 0.00000000 0.00000000
vt 0.00000000 0.00000000
vt 0.00000000 0.00000000
vt 0.00000000 0.00000000
vt 0.00000000 0.00000000
vt 0.00000000 0.00000000
vt 0.00000000 0.00000000
vt 0.00000000 0.00000000
vt 0.00000000 0.00000000
vt 0.00000000 0.00000000
vt 0.00000000 0.00000000
vt 0.00000000 0.00000000
vt 0.00000000 0.00000000
vt 0.00000000 0.00000000
vt 0.00000000 0.00000000
vt 0.00000000 0.00000000
vt 0.00000000 0.00000000
vt 0.00000000 0.00000000
vt 0.00000000 0.00000000
vt 0.00000000 0.00000000
vt 0.00000000 0.00000000
vt 0.00000000 0.00000000
vt 0.00000000 0.00000000
vt 0.00000000 0.00000000
vt 0.00000000 0.00000000
vt 0.00000000 0.00000000
vt 0.00000000 0.00000000
vt 0.00000000 0.00000000
vt 0.00000000 0.00000000
vt 0.00000000 0.00000000
vt 0.00000000 0.00000000
vt 0.00000000 0.00000000
vt 0.00000000 0.00000000
vt 0.00000000 0.00000000
vt 0.00000000 0.00000000
vt 0.00000000 0.00000000
vt 0.00000000 0.00000000
vt 0.00000000 0.00000000
vt 0.00000000 0.00000000
vt 0.00000000 0.00000000
vt 0.00000000 0.00000000
vt 0.00000000 0.00000000
vt 0.00000000 0.00000000
vt 0.00000000 0.00000000
vt 0.00000000 0.00000000
vt 0.00000000 0.00000000
vt 0.00000000 0.00000000
vt 0.00000000 0.00000000
vt 0.00000000 0.00000000
vt 0.00000000 0.00000000
vt 0.00000000 0.00000000
vt 0.00000000 0.00000000
vt 0.00000000 0.00000000
vt 0.00000000 0.00000000
vt 0.00000000 0.00000000
vt 0.00000000 0.00000000
vt 0.00000000 0.00000000
vt 0.00000000 0.00000000
vt 0.00000000 0.00000000
vt 0.00000000 0.00000000
vt 0.00000000 0.00000000
vt 0.00000000 0.00000000
vt 0.00000000 0.00000000
vt 0.00000000 0.00000000
vt 0.00000000 0.00000000
vt 0.00000000 0.00000000
vt 0.00000000 0.00000000
vt 0.00000000 0.00000000
vt 0.00000000 0.00000000
vt 0.00000000 0.00000000
vt 0.00000000 0.00000000
vt 0.00000000 0.00000000
vt 0.00000000 0.00000000
vt 0.00000000 0.00000000
vt 0.00000000 0.00000000
vt 0.00000000 0.00000000
vt 0.00000000 0.00000000
vt 0.00000000 0.00000000
vt 0.00000000 0.00000000
vt 0.00000000 0.00000000
vt 0.00000000 0.00000000
vt 0.00000000 0.00000000
vt 0.00000000 0.00000000
vt 0.00000000 0.00000000
vt 0.00000000 0.00000000
vt 0.00000000 0.00000000
vt 0.00000000 0.00000000
vt 0.00000000 0.00000000
vt 0.00000000 0.00000000
vt 0.00000000 0.00000000
vt 0.00000000 0.00000000
vt 0.00000000 0.00000000
vt 0.00000000 0.00000000
vt 0.00000000 0.00000000
vt 0.00000000 0.00000000
vt 0.00000000 0.00000000
vt 0.00000000 0.00000000
vt 0.00000000 0.00000000
vt 0.00000000 0.00000000
vt 0.00000000 0.00000000
vt 0.00000000 0.00000000
vt 0.00000000 0.00000000
vt 0.00000000 0.00000000
vt 0.00000000 0.00000000
vt 0.00000000 0.00000000
vt 0.00000000 0.00000000
vt 0.00000000 0.00000000
vt 0.00000000 0.00000000
vt 0.00000000 0.00000000
vt 0.00000000 0.00000000
vt 0.00000000 0.00000000
vt 0.00000000 0.00000000
vt 0.00000000 0.00000000
vt 0.00000000 0.00000000
vt 0.00000000 0.00000000
vt 0.00000000 0.00000000
vt 0.00000000 0.00000000
vt 0.00000000 0.00000000
vt 0.00000000 0.00000000
vt 0.00000000 0.00000000
vt 0.00000000 0.00000000
vt 0.00000000 0.00000000
vt 0.00000000 0.00000000
vt 0.00000000 0.00000000
vt 0.00000000 0.00000000
vt 0.00000000 0.00000000
vt 0.00000000 0.00000000
vt 0.00000000 0.00000000
vt 0.00000000 0.00000000
vt 0.00000000 0.00000000
vt 0.00000000 0.00000000
vt 0.00000000 0.00000000
vt 0.00000000 0.00000000
vt 0.00000000 0.00000000
vt 0.00000000 0.00000000
vt 0.00000000 0.00000000
vt 0.00000000 0.00000000
vt 0.00000000 0.00000000
vt 0.00000000 0.00000000
vt 0.00000000 0.00000000
vt 0.00000000 0.00000000
vt 0.00000000 0.00000000
vt 0.00000000 0.00000000
vt 0.00000000 0.00000000
vt 0.00000000 0.00000000
vt 0.00000000 0.00000000
vt 0.00000000 0.00000000
vt 0.00000000 0.00000000
vt 0.00000000 0.00000000
vt 0.00000000 0.00000000
vt 0.00000000 0.00000000
vt 0.00000000 0.00000000
vt 0.00000000 0.00000000
vt 0.00000000 0.00000000
vt 0.00000000 0.00000000
vt 0.00000000 0.00000000
vt 0.00000000 0.00000000
vt 0.00000000 0.00000000
vt 0.00000000 0.00000000
vt 0.00000000 0.00000000
vt 0.00000000 0.00000000
vt 0.00000000 0.00000000
vt 0.00000000 0.00000000
vt 0.00000000 0.00000000
vt 0.00000000 0.00000000
vt 0.00000000 0.00000000
vt 0.00000000 0.00000000
vt 0.00000000 0.00000000
vt 0.00000000 0.00000000
vt 0.00000000 0.00000000
vt 0.00000000 0.00000000
vt 0.00000000 0.00000000
vt 0.00000000 0.00000000
vt 0.00000000 0.00000000
vt 0.00000000 0.00000000
vt 0.00000000 0.00000000
vt 0.00000000 0.00000000
vt 0.00000000 0.00000000
vt 0.00000000 0.00000000
vt 0.00000000 0.00000000
vt 0.00000000 0.00000000
vt 0.00000000 0.00000000
vt 0.00000000 0.00000000
vt 0.00000000 0.00000000
vt 0.00000000 0.00000000
vt 0.00000000 0.00000000
vt 0.00000000 0.00000000
vt 0.00000000 0.00000000
vt 0.00000000 0.00000000
vt 0.00000000 0.00000000
vt 0.00000000 0.00000000
vt 0.00000000 0.00000000
vt 0.00000000 0.00000000
vt 0.00000000 0.00000000
vt 0.00000000 0.00000000
vt 0.00000000 0.00000000
vt 0.00000000 0.00000000
vt 0.00000000 0.00000000
vt 0.00000000 0.00000000
vt 0.00000000 0.00000000
vt 0.00000000 0.00000000
vt 0.00000000 0.00000000
vt 0.00000000 0.00000000
vt 0.00000000 0.00000000
vt 0.00000000 0.00000000
vt 0.00000000 0.00000000
vt 0.00000000 0.00000000
vt 0.00000000 0.00000000
vt 0.00000000 0.00000000
vt 0.00000000 0.00000000
vt 0.00000000 0.00000000
vt 0.00000000 0.00000000
vt 0.00000000 0.00000000
vt 0.00000000 0.00000000
vt 0.00000000 0.00000000
vt 0.00000000 0.00000000
vt 0.00000000 0.00000000
vt 0.00000000 0.00000000
vt 0.00000000 0.00000000
vt 0.00000000 0.00000000
vt 0.00000000 0.00000000
vt 0.00000000 0.00000000
vt 0.00000000 0.00000000
vt 0.00000000 0.00000000
vt 0.00000000 0.00000000
vt 0.00000000 0.00000000
vt 0.00000000 0.00000000
vt 0.00000000 0.00000000
vt 0.00000000 0.00000000
vt 0.00000000 0.00000000
vt 0.00000000 0.00000000
vt 0.00000000 0.00000000
vt 0.00000000 0.00000000
vt 0.00000000 0.00000000
vt 0.00000000 0.00000000
vt 0.00000000 0.00000000
vt 0.00000000 0.00000000
vt 0.00000000 0.00000000
vt 0.00000000 0.00000000
vt 0.00000000 0.00000000
vt 0.00000000 0.00000000
vt 0.00000000 0.00000000
vt 0.00000000 0.00000000
vt 0.00000000 0.00000000
vt 0.00000000 0.00000000
vt 0.00000000 0.00000000
vt 0.00000000 0.00000000
vt 0.00000000 0.00000000
vt 0.00000000 0.00000000
vt 0.00000000 0.00000000
vt 0.00000000 0.00000000
vt 0.00000000 0.00000000
vt 0.00000000 0.00000000
vt 0.00000000 0.00000000
vt 0.00000000 0.00000000
vt 0.00000000 0.00000000
vt 0.00000000 0.00000000
vt 0.00000000 0.00000000
vt 0.00000000 0.00000000
vt 0.00000000 0.00000000
vt 0.00000000 0.00000000
vt 0.00000000 0.00000000
vt 0.00000000 0.00000000
vt 0.00000000 0.00000000
vt 0.00000000 0.00000000
vt 0.00000000 0.00000000
vt 0.00000000 0.00000000
vt 0.00000000 0.00000000
vt 0.00000000 0.00000000
vt 0.00000000 0.00000000
vt 0.00000000 0.00000000
vt 0.00000000 0.00000000
vt 0.00000000 0.00000000
vt 0.00000000 0.00000000
vt 0.00000000 0.00000000
vt 0.00000000 0.00000000
vt 0.00000000 0.00000000
vt 0.00000000 0.00000000
vt 0.00000000 0.00000000
vt 0.00000000 0.00000000
vt 0.00000000 0.00000000
vt 0.00000000 0.00000000
vt 0.00000000 0.00000000
vt 0.00000000 0.00000000
vt 0.00000000 0.00000000
vt 0.00000000 0.00000000
vt 0.00000000 0.00000000
vt 0.00000000 0.00000000
vt 0.00000000 0.00000000
vt 0.00000000 0.00000000
vt 0.00000000 0.00000000
vt 0.00000000 0.00000000
vt 0.00000000 0.00000000
vt 0.00000000 0.00000000
vt 0.00000000 0.00000000
vt 0.00000000 0.00000000
vt 0.00000000 0.00000000
vt 0.00000000 0.00000000
vt 0.00000000 0.00000000
vt 0.00000000 0.00000000
vt 0.00000000 0.00000000
vt 0.00000000 0.00000000
vt 0.00000000 0.00000000
vt 0.00000000 0.00000000
vt 0.00000000 0.00000000
vt 0.00000000 0.00000000
vt 0.00000000 0.00000000
vt 0.00000000 0.00000000
vt 0.00000000 0.00000000
vt 0.00000000 0.00000000
vt 0.00000000 0.00000000
vt 0.00000000 0.00000000
vt 0.00000000 0.00000000
vt 0.00000000 0.00000000
vt 0.00000000 0.00000000
vt 0.00000000 0.00000000
vt 0.00000000 0.00000000
vt 0.00000000 0.00000000
vt 0.00000000 0.00000000
vt 0.00000000 0.00000000
vt 0.00000000 0.00000000
vt 0.00000000 0.00000000
vt 0.00000000 0.00000000
vt 0.00000000 0.00000000
vt 0.00000000 0.00000000
vt 0.00000000 0.00000000
vt 0.00000000 0.00000000
vt 0.00000000 0.00000000
vt 0.00000000 0.00000000
vt 0.00000000 0.00000000
vt 0.00000000 0.00000000
vt 0.00000000 0.00000000
vt 0.00000000 0.00000000
vt 0.00000000 0.00000000
vt 0.00000000 0.00000000
vt 0.00000000 0.00000000
vt 0.00000000 0.00000000
vt 0.00000000 0.00000000
vt 0.00000000 0.00000000
vt 0.00000000 0.00000000
vt 0.00000000 0.00000000
vt 0.00000000 0.00000000
vt 0.00000000 0.00000000
vt 0.00000000 0.00000000
vt 0.00000000 0.00000000
vt 0.00000000 0.00000000
vt 0.00000000 0.00000000
vt 0.00000000 0.00000000
vt 0.00000000 0.00000000
vt 0.00000000 0.00000000
vt 0.00000000 0.00000000
vt 0.00000000 0.00000000
vt 0.00000000 0.00000000
vt 0.00000000 0.00000000
vt 0.00000000 0.00000000
vt 0.00000000 0.00000000
vt 0.00000000 0.00000000
vt 0.00000000 0.00000000
vt 0.00000000 0.00000000
vt 0.00000000 0.00000000
vt 0.00000000 0.00000000
vt 0.00000000 0.00000000
vt 0.00000000 0.00000000
vt 0.00000000 0.00000000
vt 0.00000000 0.00000000
vt 0.00000000 0.00000000
vt 0.00000000 0.00000000
vt 0.00000000 0.00000000
vt 0.00000000 0.00000000
vt 0.00000000 0.00000000
vt 0.00000000 0.00000000
vt 0.00000000 0.00000000
vt 0.00000000 0.00000000
vt 0.00000000 0.00000000
vt 0.00000000 0.00000000
vt 0.00000000 0.00000000
vt 0.00000000 0.00000000
vt 0.00000000 0.00000000
vt 0.00000000 0.00000000
vt 0.00000000 0.00000000
vt 0.00000000 0.00000000
vt 0.00000000 0.00000000
vt 0.00000000 0.00000000
vt 0.00000000 0.00000000
vt 0.00000000 0.00000000
vt 0.00000000 0.00000000
vt 0.00000000 0.00000000
vt 0.00000000 0.00000000
vt 0.00000000 0.00000000
vt 0.00000000 0.00000000
vt 0.00000000 0.00000000
vt 0.00000000 0.00000000
vt 0.00000000 0.00000000
vt 0.00000000 0.00000000
vt 0.00000000 0.00000000
vt 0.00000000 0.00000000
vt 0.00000000 0.00000000
vt 0.00000000 0.00000000
vt 0.00000000 0.00000000
vt 0.00000000 0.00000000
vt 0.00000000 0.00000000
vt 0.00000000 0.00000000
vt 0.00000000 0.00000000
vt 0.00000000 0.00000000
vt 0.00000000 0.00000000
vt 0.00000000 0.00000000
vt 0.00000000 0.00000000
vt 0.00000000 0.00000000
vt 0.00000000 0.00000000
vt 0.00000000 0.00000000
vt 0.00000000 0.00000000
vt 0.00000000 0.00000000
vt 0.00000000 0.00000000
vt 0.00000000 0.00000000
vt 0.00000000 0.00000000
vt 0.00000000 0.00000000
vt 0.00000000 0.00000000
vt 0.00000000 0.00000000
vt 0.00000000 0.00000000
vt 0.00000000 0.00000000
vt 0.00000000 0.00000000
vt 0.00000000 0.00000000
vt 0.00000000 0.00000000
vt 0.00000000 0.00000000
vt 0.00000000 0.00000000
vt 0.00000000 0.00000000
vt 0.00000000 0.00000000
vt 0.00000000 0.00000000
vt 0.00000000 0.00000000
vt 0.00000000 0.00000000
vt 0.00000000 0.00000000
vt 0.00000000 0.00000000
vt 0.00000000 0.00000000
vt 0.00000000 0.00000000
vt 0.00000000 0.00000000
vt 0.00000000 0.00000000
vt 0.00000000 0.00000000
vt 0.00000000 0.00000000
vt 0.00000000 0.00000000
vt 0.00000000 0.00000000
vt 0.00000000 0.00000000
vt 0.00000000 0.00000000
vt 0.00000000 0.00000000
vt 0.00000000 0.00000000
vt 0.00000000 0.00000000
vt 0.00000000 0.00000000
vt 0.00000000 0.00000000
vt 0.00000000 0.00000000
vt 0.00000000 0.00000000
vt 0.00000000 0.00000000
vt 0.00000000 0.00000000
vt 0.00000000 0.00000000
vt 0.00000000 0.00000000
vt 0.00000000 0.00000000
vt 0.00000000 0.00000000
vt 0.00000000 0.00000000
vt 0.00000000 0.00000000
vt 0.00000000 0.00000000
vt 0.00000000 0.00000000
vt 0.00000000 0.00000000
vt 0.00000000 0.00000000
vt 0.00000000 0.00000000
vt 0.00000000 0.00000000
vt 0.00000000 0.00000000
vt 0.00000000 0.00000000
vt 0.00000000 0.00000000
vt 0.00000000 0.00000000
vt 0.00000000 0.00000000
vt 0.00000000 0.00000000
vt 0.00000000 0.00000000
vt 0.00000000 0.00000000
vt 0.00000000 0.00000000
vt 0.00000000 0.00000000
vt 0.00000000 0.00000000
vt 0.00000000 0.00000000
vt 0.00000000 0.00000000
vt 0.00000000 0.00000000
vt 0.00000000 0.00000000
vt 0.00000000 0.00000000
vt 0.00000000 0.00000000
vt 0.00000000 0.00000000
vt 0.00000000 0.00000000
vt 0.00000000 0.00000000
vt 0.00000000 0.00000000
vt 0.00000000 0.00000000
vt 0.00000000 0.00000000
vt 0.00000000 0.00000000
vt 0.00000000 0.00000000
vt 0.00000000 0.00000000
vt 0.00000000 0.00000000
vt 0.00000000 0.00000000
vt 0.00000000 0.00000000
vt 0.00000000 0.00000000
vt 0.00000000 0.00000000
vt 0.00000000 0.00000000
vt 0.00000000 0.00000000
vt 0.00000000 0.00000000
vt 0.00000000 0.00000000
vt 0.00000000 0.00000000
vt 0.00000000 0.00000000
vt 0.00000000 0.00000000
vt 0.00000000 0.00000000
vt 0.00000000 0.00000000
vt 0.00000000 0.00000000
vt 0.00000000 0.00000000
vt 0.00000000 0.00000000
vt 0.00000000 0.00000000
vt 0.00000000 0.00000000
vt 0.00000000 0.00000000
vt 0.00000000 0.00000000
vt 0.00000000 0.00000000
vt 0.00000000 0.00000000
vt 0.00000000 0.00000000
vt 0.00000000 0.00000000
vt 0.00000000 0.00000000
vt 0.00000000 0.00000000
vt 0.00000000 0.00000000
vt 0.00000000 0.00000000
vt 0.00000000 0.00000000
vt 0.00000000 0.00000000
vt 0.00000000 0.00000000
vt 0.00000000 0.00000000
vt 0.00000000 0.00000000
vt 0.00000000 0.00000000
vt 0.00000000 0.00000000
vt 0.00000000 0.00000000
vt 0.00000000 0.00000000
vt 0.00000000 0.00000000
vt 0.00000000 0.00000000
vt 0.00000000 0.00000000
vt 0.00000000 0.00000000
vt 0.00000000 0.00000000
vt 0.00000000 0.00000000
vt 0.00000000 0.00000000
vt 0.00000000 0.00000000
vt 0.00000000 0.00000000
vt 0.00000000 0.00000000
vt 0.00000000 0.00000000
vt 0.00000000 0.00000000
vt 0.00000000 0.00000000
vt 0.00000000 0.00000000
vt 0.00000000 0.00000000
vt 0.00000000 0.00000000
vt 0.00000000 0.00000000
vt 0.00000000 0.00000000
vt 0.00000000 0.00000000
vt 0.00000000 0.00000000
vt 0.00000000 0.00000000
vt 0.00000000 0.00000000
vt 0.00000000 0.00000000
vt 0.00000000 0.00000000
vt 0.00000000 0.00000000
vt 0.00000000 0.00000000
vt 0.00000000 0.00000000
vt 0.00000000 0.00000000
vt 0.00000000 0.00000000
vt 0.00000000 0.00000000
vt 0.00000000 0.00000000
vt 0.00000000 0.00000000
vt 0.00000000 0.00000000
vt 0.00000000 0.00000000
vt 0.00000000 0.00000000
vt 0.00000000 0.00000000
vt 0.00000000 0.00000000
vt 0.00000000 0.00000000
vt 0.00000000 0.00000000
vt 0.00000000 0.00000000
vt 0.00000000 0.00000000
vt 0.00000000 0.00000000
vt 0.00000000 0.00000000
vt 0.00000000 0.00000000
vt 0.00000000 0.00000000
vt 0.00000000 0.00000000
vt 0.00000000 0.00000000
vt 0.00000000 0.00000000
vt 0.00000000 0.00000000
vt 0.00000000 0.00000000
vt 0.00000000 0.00000000
vt 0.00000000 0.00000000
vt 0.00000000 0.00000000
vt 0.00000000 0.00000000
vt 0.00000000 0.00000000
vt 0.00000000 0.00000000
vt 0.00000000 0.00000000
vt 0.00000000 0.00000000
vt 0.00000000 0.00000000
vt 0.00000000 0.00000000
vt 0.00000000 0.00000000
vt 0.00000000 0.00000000
vt 0.00000000 0.00000000
vt 0.00000000 0.00000000
vt 0.00000000 0.00000000
vt 0.00000000 0.00000000
vt 0.00000000 0.00000000
vt 0.00000000 0.00000000
vt 0.00000000 0.00000000
vt 0.00000000 0.00000000
vt 0.00000000 0.00000000
vt 0.00000000 0.00000000
vt 0.00000000 0.00000000
vt 0.00000000 0.00000000
vt 0.00000000 0.00000000
vt 0.00000000 0.00000000
vt 0.00000000 0.00000000
vt 0.00000000 0.00000000
vt 0.00000000 0.00000000
vt 0.00000000 0.00000000
vt 0.00000000 0.00000000
vt 0.00000000 0.00000000
vt 0.00000000 0.00000000
vt 0.00000000 0.00000000
vt 0.00000000 0.00000000
vt 0.00000000 0.00000000
vt 0.00000000 0.00000000
vt 0.00000000 0.00000000
vt 0.00000000 0.00000000
vt 0.00000000 0.00000000
vt 0.00000000 0.00000000
vt 0.00000000 0.00000000
vt 0.00000000 0.00000000
vt 0.00000000 0.00000000
vt 0.00000000 0.00000000
vt 0.00000000 0.00000000
vt 0.00000000 0.00000000
vt 0.00000000 0.00000000
vt 0.00000000 0.00000000
vt 0.00000000 0.00000000
vt 0.00000000 0.00000000
vt 0.00000000 0.00000000
vt 0.00000000 0.00000000
vt 0.00000000 0.00000000
vt 0.00000000 0.00000000
vt 0.00000000 0.00000000
vt 0.00000000 0.00000000
vt 0.00000000 0.00000000
vt 0.00000000 0.00000000
vt 0.00000000 0.00000000
vt 0.00000000 0.00000000
vt 0.00000000 0.00000000
vt 0.00000000 0.00000000
vt 0.00000000 0.00000000
vt 0.00000000 0.00000000
vt 0.00000000 0.00000000
vt 0.00000000 0.00000000
vt 0.00000000 0.00000000
vt 0.00000000 0.00000000
vt 0.00000000 0.00000000
vt 0.00000000 0.00000000
vt 0.00000000 0.00000000
vt 0.00000000 0.00000000
vt 0.00000000 0.00000000
vt 0.00000000 0.00000000
vt 0.00000000 0.00000000
vt 0.00000000 0.00000000
vt 0.00000000 0.00000000
vt 0.00000000 0.00000000
vt 0.00000000 0.00000000
vt 0.00000000 0.00000000
vt 0.00000000 0.00000000
vt 0.00000000 0.00000000
vt 0.00000000 0.00000000
vt 0.00000000 0.00000000
vt 0.00000000 0.00000000
vt 0.00000000 0.00000000
vt 0.00000000 0.00000000
vt 0.00000000 0.00000000
vt 0.00000000 0.00000000
vt 0.00000000 0.00000000
vt 0.00000000 0.00000000
vt 0.00000000 0.00000000
vt 0.00000000 0.00000000
vt 0.00000000 0.00000000
vt 0.00000000 0.00000000
vt 0.00000000 0.00000000
vt 0.00000000 0.00000000
vt 0.00000000 0.00000000
vt 0.00000000 0.00000000
vt 0.00000000 0.00000000
vt 0.00000000 0.00000000
vt 0.00000000 0.00000000
vt 0.00000000 0.00000000
vt 0.00000000 0.00000000
vt 0.00000000 0.00000000
vt 0.00000000 0.00000000
vt 0.00000000 0.00000000
vt 0.00000000 0.00000000
vt 0.00000000 0.00000000
vt 0.00000000 0.00000000
vt 0.00000000 0.00000000
vt 0.00000000 0.00000000
vt 0.00000000 0.00000000
vt 0.00000000 0.00000000
vt 0.00000000 0.00000000
vt 0.00000000 0.00000000
vt 0.00000000 0.00000000
vt 0.00000000 0.00000000
vt 0.00000000 0.00000000
vt 0.00000000 0.00000000
vt 0.00000000 0.00000000
vt 0.00000000 0.00000000
vt 0.00000000 0.00000000
vt 0.00000000 0.00000000
vt 0.00000000 0.00000000
vt 0.00000000 0.00000000
vt 0.00000000 0.00000000
vt 0.00000000 0.00000000
vt 0.00000000 0.00000000
vt 0.00000000 0.00000000
vt 0.00000000 0.00000000
vt 0.00000000 0.00000000
vt 0.00000000 0.00000000
vt 0.00000000 0.00000000
vt 0.00000000 0.00000000
vt 0.00000000 0.00000000
vt 0.00000000 0.00000000
vt 0.00000000 0.00000000
vt 0.00000000 0.00000000
vt 0.00000000 0.00000000
vt 0.00000000 0.00000000
vt 0.00000000 0.00000000
vt 0.00000000 0.00000000
vt 0.00000000 0.00000000
vt 0.00000000 0.00000000
vt 0.00000000 0.00000000
vt 0.00000000 0.00000000
vt 0.00000000 0.00000000
vt 0.00000000 0.00000000
vt 0.00000000 0.00000000
vt 0.00000000 0.00000000
vt 0.00000000 0.00000000
vt 0.00000000 0.00000000
vt 0.00000000 0.00000000
vt 0.00000000 0.00000000
vt 0.00000000 0.00000000
vt 0.00000000 0.00000000
vt 0.00000000 0.00000000
vt 0.00000000 0.00000000
vt 0.00000000 0.00000000
vt 0.00000000 0.00000000
vt 0.00000000 0.00000000
vt 0.00000000 0.00000000
vt 0.00000000 0.00000000
vt 0.00000000 0.00000000
vt 0.00000000 0.00000000
vt 0.00000000 0.00000000
vt 0.00000000 0.00000000
vt 0.00000000 0.00000000
vt 0.00000000 0.00000000
vt 0.00000000 0.00000000
vt 0.00000000 0.00000000
vt 0.00000000 0.00000000
vt 0.00000000 0.00000000
vt 0.00000000 0.00000000
vt 0.00000000 0.00000000
vt 0.00000000 0.00000000
vt 0.00000000 0.00000000
vt 0.00000000 0.00000000
vt 0.00000000 0.00000000
vt 0.00000000 0.00000000
vt 0.00000000 0.00000000
vt 0.00000000 0.00000000
vt 0.00000000 0.00000000
vt 0.00000000 0.00000000
vt 0.00000000 0.00000000
vt 0.00000000 0.00000000
vt 0.00000000 0.00000000
vt 0.00000000 0.00000000
vt 0.00000000 0.00000000
vt 0.00000000 0.00000000
vt 0.00000000 0.00000000
vt 0.00000000 0.00000000
vt 0.00000000 0.00000000
vt 0.00000000 0.00000000
vt 0.00000000 0.00000000
vt 0.00000000 0.00000000
vt 0.00000000 0.00000000
vt 0.00000000 0.00000000
vt 0.00000000 0.00000000
vt 0.00000000 0.00000000
vt 0.00000000 0.00000000
vt 0.00000000 0.00000000
vt 0.00000000 0.00000000
vt 0.00000000 0.00000000
vt 0.00000000 0.00000000
vt 0.00000000 0.00000000
vt 0.00000000 0.00000000
vt 0.00000000 0.00000000
vt 0.00000000 0.00000000
vt 0.00000000 0.00000000
vt 0.00000000 0.00000000
vt 0.00000000 0.00000000
vt 0.00000000 0.00000000
vt 0.00000000 0.00000000
vt 0.00000000 0.00000000
vt 0.00000000 0.00000000
vt 0.00000000 0.00000000
vt 0.00000000 0.00000000
vt 0.00000000 0.00000000
vt 0.00000000 0.00000000
vt 0.00000000 0.00000000
vt 0.00000000 0.00000000
vt 0.00000000 0.00000000
vt 0.00000000 0.00000000
vt 0.00000000 0.00000000
vt 0.00000000 0.00000000
vt 0.00000000 0.00000000
vt 0.00000000 0.00000000
vt 0.00000000 0.00000000
vt 0.00000000 0.00000000
vt 0.00000000 0.00000000
vt 0.00000000 0.00000000
vt 0.00000000 0.00000000
vt 0.00000000 0.00000000
vt 0.00000000 0.00000000
vt 0.00000000 0.00000000
vt 0.00000000 0.00000000
vt 0.00000000 0.00000000
vt 0.00000000 0.00000000
vt 0.00000000 0.00000000
vt 0.00000000 0.00000000
vt 0.00000000 0.00000000
vt 0.00000000 0.00000000
vt 0.00000000 0.00000000
vt 0.00000000 0.00000000
vt 0.00000000 0.00000000
vt 0.00000000 0.00000000
vt 0.00000000 0.00000000
vt 0.00000000 0.00000000
vt 0.00000000 0.00000000
vt 0.00000000 0.00000000
vt 0.00000000 0.00000000
vt 0.00000000 0.00000000
vt 0.00000000 0.00000000
vt 0.00000000 0.00000000
vt 0.00000000 0.00000000
vt 0.00000000 0.00000000
vt 0.00000000 0.00000000
vt 0.00000000 0.00000000
vt 0.00000000 0.00000000
vt 0.00000000 0.00000000
vt 0.00000000 0.00000000
vt 0.00000000 0.00000000
vt 0.00000000 0.00000000
vt 0.00000000 0.00000000
vt 0.00000000 0.00000000
vt 0.00000000 0.00000000
vt 0.00000000 0.00000000
vt 0.00000000 0.00000000
vt 0.00000000 0.00000000
vt 0.00000000 0.00000000
vt 0.00000000 0.00000000
vt 0.00000000 0.00000000
vt 0.00000000 0.00000000
vt 0.00000000 0.00000000
vt 0.00000000 0.00000000
vt 0.00000000 0.00000000
vt 0.00000000 0.00000000
vt 0.00000000 0.00000000
vt 0.00000000 0.00000000
vt 0.00000000 0.00000000
vt 0.00000000 0.00000000
vt 0.00000000 0.00000000
vt 0.00000000 0.00000000
vt 0.00000000 0.00000000
vt 0.00000000 0.00000000
vt 0.00000000 0.00000000
vt 0.00000000 0.00000000
vt 0.00000000 0.00000000
vt 0.00000000 0.00000000
vt 0.00000000 0.00000000
vt 0.00000000 0.00000000
vt 0.00000000 0.00000000
vt 0.00000000 0.00000000
vt 0.00000000 0.00000000
vt 0.00000000 0.00000000
vt 0.00000000 0.00000000
vt 0.00000000 0.00000000
vt 0.00000000 0.00000000
vt 0.00000000 0.00000000
vt 0.00000000 0.00000000
vt 0.00000000 0.00000000
vt 0.00000000 0.00000000
vt 0.00000000 0.00000000
vt 0.00000000 0.00000000
vt 0.00000000 0.00000000
vt 0.00000000 0.00000000
vt 0.00000000 0.00000000
vt 0.00000000 0.00000000
vt 0.00000000 0.00000000
vt 0.00000000 0.00000000
vt 0.00000000 0.00000000
vt 0.00000000 0.00000000
vt 0.00000000 0.00000000
vt 0.00000000 0.00000000
vt 0.00000000 0.00000000
vt 0.00000000 0.00000000
vt 0.00000000 0.00000000
vt 0.00000000 0.00000000
vt 0.00000000 0.00000000
vt 0.00000000 0.00000000
vt 0.00000000 0.00000000
vt 0.00000000 0.00000000
vt 0.00000000 0.00000000
vt 0.00000000 0.00000000
vt 0.00000000 0.00000000
vt 0.00000000 0.00000000
vt 0.00000000 0.00000000
vt 0.00000000 0.00000000
vt 0.00000000 0.00000000
vt 0.00000000 0.00000000
vt 0.00000000 0.00000000
vt 0.00000000 0.00000000
vt 0.00000000 0.00000000
vt 0.00000000 0.00000000
vt 0.00000000 0.00000000
vt 0.00000000 0.00000000
vt 0.00000000 0.00000000
vt 0.00000000 0.00000000
vt 0.00000000 0.00000000
vt 0.00000000 0.00000000
vt 0.00000000 0.00000000
vt 0.00000000 0.00000000
vt 0.00000000 0.00000000
vt 0.00000000 0.00000000
vt 0.00000000 0.00000000
vt 0.00000000 0.00000000
vt 0.00000000 0.00000000
vt 0.00000000 0.00000000
vt 0.00000000 0.00000000
vt 0.00000000 0.00000000
vt 0.00000000 0.00000000
vt 0.00000000 0.00000000
vt 0.00000000 0.00000000
vt 0.00000000 0.00000000
vt 0.00000000 0.00000000
vt 0.00000000 0.00000000
vt 0.00000000 0.00000000
vt 0.00000000 0.00000000
vt 0.00000000 0.00000000
vt 0.00000000 0.00000000
vt 0.00000000 0.00000000
vt 0.00000000 0.00000000
vt 0.00000000 0.00000000
vt 0.00000000 0.00000000
vt 0.00000000 0.00000000
vt 0.00000000 0.00000000
vt 0.00000000 0.00000000
vt 0.00000000 0.00000000
vt 0.00000000 0.00000000
vt 0.00000000 0.00000000
vt 0.00000000 0.00000000
vt 0.00000000 0.00000000
vt 0.00000000 0.00000000
vt 0.00000000 0.00000000
vt 0.00000000 0.00000000
vt 0.00000000 0.00000000
vt 0.00000000 0.00000000
vt 0.00000000 0.00000000
vt 0.00000000 0.00000000
vt 0.00000000 0.00000000
vt 0.00000000 0.00000000
vt 0.00000000 0.00000000
vt 0.00000000 0.00000000
vt 0.00000000 0.00000000
vt 0.00000000 0.00000000
vt 0.00000000 0.00000000
vt 0.00000000 0.00000000
vt 0.00000000 0.00000000
vt 0.00000000 0.00000000
vt 0.00000000 0.00000000
vt 0.00000000 0.00000000
vt 0.00000000 0.00000000
vt 0.00000000 0.00000000
vt 0.00000000 0.00000000
vt 0.00000000 0.00000000
vt 0.00000000 0.00000000
vt 0.00000000 0.00000000
vt 0.00000000 0.00000000
vt 0.00000000 0.00000000
vt 0.00000000 0.00000000
vt 0.00000000 0.00000000
vt 0.00000000 0.00000000
vt 0.00000000 0.00000000
vt 0.00000000 0.00000000
vt 0.00000000 0.00000000
vt 0.00000000 0.00000000
vt 0.00000000 0.00000000
vt 0.00000000 0.00000000
vt 0.00000000 0.00000000
vt 0.00000000 0.00000000
vt 0.00000000 0.00000000
vt 0.00000000 0.00000000
vt 0.00000000 0.00000000
vt 0.00000000 0.00000000
vt 0.00000000 0.00000000
vt 0.00000000 0.00000000
vt 0.00000000 0.00000000
vt 0.00000000 0.00000000
vt 0.00000000 0.00000000
vt 0.00000000 0.00000000
vt 0.00000000 0.00000000
vt 0.00000000 0.00000000
vt 0.00000000 0.00000000
vt 0.00000000 0.00000000
vt 0.00000000 0.00000000
vt 0.00000000 0.00000000
vt 0.00000000 0.00000000
vt 0.00000000 0.00000000
vt 0.00000000 0.00000000
vt 0.00000000 0.00000000
vt 0.00000000 0.00000000
vt 0.00000000 0.00000000
vt 0.00000000 0.00000000
vt 0.00000000 0.00000000
vt 0.00000000 0.00000000
vt 0.00000000 0.00000000
vt 0.00000000 0.00000000
vt 0.00000000 0.00000000
vt 0.00000000 0.00000000
vt 0.00000000 0.00000000
vt 0.00000000 0.00000000
vt 0.00000000 0.00000000
vt 0.00000000 0.00000000
vt 0.00000000 0.00000000
vt 0.00000000 0.00000000
vt 0.00000000 0.00000000
vt 0.00000000 0.00000000
vt 0.00000000 0.00000000
vt 0.00000000 0.00000000
vt 0.00000000 0.00000000
vt 0.00000000 0.00000000
vt 0.00000000 0.00000000
vt 0.00000000 0.00000000
vt 0.00000000 0.00000000
vt 0.00000000 0.00000000
vt 0.00000000 0.00000000
vt 0.00000000 0.00000000
vt 0.00000000 0.00000000
vt 0.00000000 0.00000000
vt 0.00000000 0.00000000
vt 0.00000000 0.00000000
vt 0.00000000 0.00000000
vt 0.00000000 0.00000000
vt 0.00000000 0.00000000
vt 0.00000000 0.00000000
vt 0.00000000 0.00000000
vt 0.00000000 0.00000000
vt 0.00000000 0.00000000
vt 0.00000000 0.00000000
vt 0.00000000 0.00000000
vt 0.00000000 0.00000000
vt 0.00000000 0.00000000
vt 0.00000000 0.00000000
vt 0.00000000 0.00000000
vt 0.00000000 0.00000000
vt 0.00000000 0.00000000
vt 0.00000000 0.00000000
vt 0.00000000 0.00000000
vt 0.00000000 0.00000000
vt 0.00000000 0.00000000
vt 0.00000000 0.00000000
vt 0.00000000 0.00000000
vt 0.00000000 0.00000000
vt 0.00000000 0.00000000
vt 0.00000000 0.00000000
vt 0.00000000 0.00000000
vt 0.00000000 0.00000000
vt 0.00000000 0.00000000
vt 0.00000000 0.00000000
vt 0.00000000 0.00000000
vt 0.00000000 0.00000000
vt 0.00000000 0.00000000
vt 0.00000000 0.00000000
vt 0.00000000 0.00000000
vt 0.00000000 0.00000000
vt 0.00000000 0.00000000
vt 0.00000000 0.00000000
vt 0.00000000 0.00000000
vt 0.00000000 0.00000000
vt 0.00000000 0.00000000
vt 0.00000000 0.00000000
vt 0.00000000 0.00000000
vt 0.00000000 0.00000000
vt 0.00000000 0.00000000
vt 0.00000000 0.00000000
vt 0.00000000 0.00000000
vt 0.00000000 0.00000000
vt 0.00000000 0.00000000
vt 0.00000000 0.00000000
vt 0.00000000 0.00000000
vt 0.00000000 0.00000000
vt 0.00000000 0.00000000
vt 0.00000000 0.00000000
vt 0.00000000 0.00000000
vt 0.00000000 0.00000000
vt 0.00000000 0.00000000
vt 0.00000000 0.00000000
vt 0.00000000 0.00000000
vt 0.00000000 0.00000000
vt 0.00000000 0.00000000
vt 0.00000000 0.00000000
vt 0.00000000 0.00000000
vt 0.00000000 0.00000000
vt 0.00000000 0.00000000
vt 0.00000000 0.00000000
vt 0.00000000 0.00000000
vt 0.00000000 0.00000000
vt 0.00000000 0.00000000
vt 0.00000000 0.00000000
vt 0.00000000 0.00000000
vt 0.00000000 0.00000000
vt 0.00000000 0.00000000
vt 0.00000000 0.00000000
vt 0.00000000 0.00000000
vt 0.00000000 0.00000000
vt 0.00000000 0.00000000
vt 0.00000000 0.00000000
vt 0.00000000 0.00000000
vt 0.00000000 0.00000000
vt 0.00000000 0.00000000
vt 0.00000000 0.00000000
vt 0.00000000 0.00000000
vt 0.00000000 0.00000000
vt 0.00000000 0.00000000
vt 0.00000000 0.00000000
vt 0.00000000 0.00000000
vt 0.00000000 0.00000000
vt 0.00000000 0.00000000
vt 0.00000000 0.00000000
vt 0.00000000 0.00000000
vt 0.00000000 0.00000000
vt 0.00000000 0.00000000
vt 0.00000000 0.00000000
vt 0.00000000 0.00000000
vt 0.00000000 0.00000000
vt 0.00000000 0.00000000
vt 0.00000000 0.00000000
vt 0.00000000 0.00000000
vt 0.00000000 0.00000000
vt 0.00000000 0.00000000
vt 0.00000000 0.00000000
vt 0.00000000 0.00000000
vt 0.00000000 0.00000000
vt 0.00000000 0.00000000
vt 0.00000000 0.00000000
vt 0.00000000 0.00000000
vt 0.00000000 0.00000000
vt 0.00000000 0.00000000
vt 0.00000000 0.00000000
vt 0.00000000 0.00000000
vt 0.00000000 0.00000000
vt 0.00000000 0.00000000
vt 0.00000000 0.00000000
vt 0.00000000 0.00000000
vt 0.00000000 0.00000000
vt 0.00000000 0.00000000
vt 0.00000000 0.00000000
vt 0.00000000 0.00000000
vt 0.00000000 0.00000000
vt 0.00000000 0.00000000
vt 0.00000000 0.00000000
vt 0.00000000 0.00000000
vt 0.00000000 0.00000000
vt 0.00000000 0.00000000
vt 0.00000000 0.00000000
vt 0.00000000 0.00000000
vt 0.00000000 0.00000000
vt 0.00000000 0.00000000
vt 0.00000000 0.00000000
vt 0.00000000 0.00000000
vt 0.00000000 0.00000000
vt 0.00000000 0.00000000
vt 0.00000000 0.00000000
vt 0.00000000 0.00000000
vt 0.00000000 0.00000000
vt 0.00000000 0.00000000
vt 0.00000000 0.00000000
vt 0.00000000 0.00000000
vt 0.00000000 0.00000000
vt 0.00000000 0.00000000
vt 0.00000000 0.00000000
vt 0.00000000 0.00000000
vt 0.00000000 0.00000000
vt 0.00000000 0.00000000
vt 0.00000000 0.00000000
vt 0.00000000 0.00000000
vt 0.00000000 0.00000000
vt 0.00000000 0.00000000
vt 0.00000000 0.00000000
vt 0.00000000 0.00000000
vt 0.00000000 0.00000000
vt 0.00000000 0.00000000
vt 0.00000000 0.00000000
vt 0.00000000 0.00000000
vt 0.00000000 0.00000000
vt 0.00000000 0.00000000
vt 0.00000000 0.00000000
vt 0.00000000 0.00000000
vt 0.00000000 0.00000000
vt 0.00000000 0.00000000
vt 0.00000000 0.00000000
vt 0.00000000 0.00000000
vt 0.00000000 0.00000000
vt 0.00000000 0.00000000
vt 0.00000000 0.00000000
vt 0.00000000 0.00000000
vt 0.00000000 0.00000000
vt 0.00000000 0.00000000
vt 0.00000000 0.00000000
vt 0.00000000 0.00000000
vt 0.00000000 0.00000000
vt 0.00000000 0.00000000
vt 0.00000000 0.00000000
vt 0.00000000 0.00000000
vt 0.00000000 0.00000000
vt 0.00000000 0.00000000
vt 0.00000000 0.00000000
vt 0.00000000 0.00000000
vt 0.00000000 0.00000000
vt 0.00000000 0.00000000
vt 0.00000000 0.00000000
vt 0.00000000 0.00000000
vt 0.00000000 0.00000000
vt 0.00000000 0.00000000
vt 0.00000000 0.00000000
vt 0.00000000 0.00000000
vt 0.00000000 0.00000000
vt 0.00000000 0.00000000
vt 0.00000000 0.00000000
vt 0.00000000 0.00000000
vt 0.00000000 0.00000000
vt 0.00000000 0.00000000
vt 0.00000000 0.00000000
vt 0.00000000 0.00000000
vt 0.00000000 0.00000000
vt 0.00000000 0.00000000
vt 0.00000000 0.00000000
vt 0.00000000 0.00000000
vt 0.00000000 0.00000000
vt 0.00000000 0.00000000
vt 0.00000000 0.00000000
vt 0.00000000 0.00000000
vt 0.00000000 0.00000000
vt 0.00000000 0.00000000
vt 0.00000000 0.00000000
vt 0.00000000 0.00000000
vt 0.00000000 0.00000000
vt 0.00000000 0.00000000
vt 0.00000000 0.00000000
vt 0.00000000 0.00000000
vt 0.00000000 0.00000000
vt 0.00000000 0.00000000
vt 0.00000000 0.00000000
vt 0.00000000 0.00000000
vt 0.00000000 0.00000000
vt 0.00000000 0.00000000
vt 0.00000000 0.00000000
vt 0.00000000 0.00000000
vt 0.00000000 0.00000000
vt 0.00000000 0.00000000
vt 0.00000000 0.00000000
vt 0.00000000 0.00000000
vt 0.00000000 0.00000000
vt 0.00000000 0.00000000
vt 0.00000000 0.00000000
vt 0.00000000 0.00000000
vt 0.00000000 0.00000000
vt 0.00000000 0.00000000
vt 0.00000000 0.00000000
vt 0.00000000 0.00000000
vt 0.00000000 0.00000000
vt 0.00000000 0.00000000
vt 0.00000000 0.00000000
vt 0.00000000 0.00000000
vt 0.00000000 0.00000000
vt 0.00000000 0.00000000
vt 0.00000000 0.00000000
vt 0.00000000 0.00000000
vt 0.00000000 0.00000000
vt 0.00000000 0.00000000
vt 0.00000000 0.00000000
vt 0.00000000 0.00000000
vt 0.00000000 0.00000000
vt 0.00000000 0.00000000
vt 0.00000000 0.00000000
vt 0.00000000 0.00000000
vt 0.00000000 0.00000000
vt 0.00000000 0.00000000
vt 0.00000000 0.00000000
vt 0.00000000 0.00000000
vt 0.00000000 0.00000000
vt 0.00000000 0.00000000
vt 0.00000000 0.00000000
vt 0.00000000 0.00000000
vt 0.00000000 0.00000000
vt 0.00000000 0.00000000
vt 0.00000000 0.00000000
vt 0.00000000 0.00000000
vt 0.00000000 0.00000000
vt 0.00000000 0.00000000
vt 0.00000000 0.00000000
vt 0.00000000 0.00000000
vt 0.00000000 0.00000000
vt 0.00000000 0.00000000
vt 0.00000000 0.00000000
vt 0.00000000 0.00000000
vt 0.00000000 0.00000000
vt 0.00000000 0.00000000
vt 0.00000000 0.00000000
vt 0.00000000 0.00000000
vt 0.00000000 0.00000000
vt 0.00000000 0.00000000
vt 0.00000000 0.00000000
vt 0.00000000 0.00000000
vt 0.00000000 0.00000000
vt 0.00000000 0.00000000
vt 0.00000000 0.00000000
vt 0.00000000 0.00000000
vt 0.00000000 0.00000000
vt 0.00000000 0.00000000
vt 0.00000000 0.00000000
vt 0.00000000 0.00000000
vt 0.00000000 0.00000000
vt 0.00000000 0.00000000
vt 0.00000000 0.00000000
vt 0.00000000 0.00000000
vt 0.00000000 0.00000000
vt 0.00000000 0.00000000
vt 0.00000000 0.00000000
vt 0.00000000 0.00000000
vt 0.00000000 0.00000000
vt 0.00000000 0.00000000
vt 0.00000000 0.00000000
vt 0.00000000 0.00000000
vt 0.00000000 0.00000000
vt 0.00000000 0.00000000
vt 0.00000000 0.00000000
vt 0.00000000 0.00000000
vt 0.00000000 0.00000000
vt 0.00000000 0.00000000
vt 0.00000000 0.00000000
vt 0.00000000 0.00000000
vt 0.00000000 0.00000000
vt 0.00000000 0.00000000
vt 0.00000000 0.00000000
vt 0.00000000 0.00000000
vt 0.00000000 0.00000000
vt 0.00000000 0.00000000
vt 0.00000000 0.00000000
vt 0.00000000 0.00000000
vt 0.00000000 0.00000000
vt 0.00000000 0.00000000
vt 0.00000000 0.00000000
vt 0.00000000 0.00000000
vt 0.00000000 0.00000000
vt 0.00000000 0.00000000
vt 0.00000000 0.00000000
vt 0.00000000 0.00000000
vt 0.00000000 0.00000000
vt 0.00000000 0.00000000
vt 0.00000000 0.00000000
vt 0.00000000 0.00000000
vt 0.00000000 0.00000000
vt 0.00000000 0.00000000
vt 0.00000000 0.00000000
vt 0.00000000 0.00000000
vt 0.00000000 0.00000000
vt 0.00000000 0.00000000
vt 0.00000000 0.00000000
vt 0.00000000 0.00000000
vt 0.00000000 0.00000000
vt 0.00000000 0.00000000
vt 0.00000000 0.00000000
vt 0.00000000 0.00000000
vt 0.00000000 0.00000000
vt 0.00000000 0.00000000
vt 0.00000000 0.00000000
vt 0.00000000 0.00000000
vt 0.00000000 0.00000000
vt 0.00000000 0.00000000
vt 0.00000000 0.00000000
vt 0.00000000 0.00000000
vt 0.00000000 0.00000000
vt 0.00000000 0.00000000
vt 0.00000000 0.00000000
vt 0.00000000 0.00000000
vt 0.00000000 0.00000000
vt 0.00000000 0.00000000
vt 0.00000000 0.00000000
vt 0.00000000 0.00000000
vt 0.00000000 0.00000000
vt 0.00000000 0.00000000
vt 0.00000000 0.00000000
vt 0.00000000 0.00000000
vt 0.00000000 0.00000000
vt 0.00000000 0.00000000
vt 0.00000000 0.00000000
vt 0.00000000 0.00000000
vt 0.00000000 0.00000000
vt 0.00000000 0.00000000
vt 0.00000000 0.00000000
vt 0.00000000 0.00000000
vt 0.00000000 0.00000000
vt 0.00000000 0.00000000
vt 0.00000000 0.00000000
vt 0.00000000 0.00000000
vt 0.00000000 0.00000000
vt 0.00000000 0.00000000
vt 0.00000000 0.00000000
vt 0.00000000 0.00000000
vt 0.00000000 0.00000000
vt 0.00000000 0.00000000
vt 0.00000000 0.00000000
vt 0.00000000 0.00000000
vt 0.00000000 0.00000000
vt 0.00000000 0.00000000
vt 0.00000000 0.00000000
vt 0.00000000 0.00000000
vt 0.00000000 0.00000000
vt 0.00000000 0.00000000
vt 0.00000000 0.00000000
vt 0.00000000 0.00000000
vt 0.00000000 0.00000000
vt 0.00000000 0.00000000
vt 0.00000000 0.00000000
vt 0.00000000 0.00000000
vt 0.00000000 0.00000000
vt 0.00000000 0.00000000
vt 0.00000000 0.00000000
vt 0.00000000 0.00000000
vt 0.00000000 0.00000000
vt 0.00000000 0.00000000
vt 0.00000000 0.00000000
vt 0.00000000 0.00000000
vt 0.00000000 0.00000000
vt 0.00000000 0.00000000
vt 0.00000000 0.00000000
vt 0.00000000 0.00000000
vt 0.00000000 0.00000000
vt 0.00000000 0.00000000
vt 0.00000000 0.00000000
vt 0.00000000 0.00000000
vt 0.00000000 0.00000000
vt 0.00000000 0.00000000
vt 0.00000000 0.00000000
vt 0.00000000 0.00000000
vt 0.00000000 0.00000000
vt 0.00000000 0.00000000
vt 0.00000000 0.00000000
vt 0.00000000 0.00000000
vt 0.00000000 0.00000000
vt 0.00000000 0.00000000
vt 0.00000000 0.00000000
vt 0.00000000 0.00000000
vt 0.00000000 0.00000000
vt 0.00000000 0.00000000
vt 0.00000000 0.00000000
vt 0.00000000 0.00000000
vt 0.00000000 0.00000000
vt 0.00000000 0.00000000
vt 0.00000000 0.00000000
vt 0.00000000 0.00000000
vt 0.00000000 0.00000000
vt 0.00000000 0.00000000
vt 0.00000000 0.00000000
vt 0.00000000 0.00000000
vt 0.00000000 0.00000000
vt 0.00000000 0.00000000
vt 0.00000000 0.00000000
vt 0.00000000 0.00000000
vt 0.00000000 0.00000000
vt 0.00000000 0.00000000
vt 0.00000000 0.00000000
vt 0.00000000 0.00000000
vt 0.00000000 0.00000000
vt 0.00000000 0.00000000
vt 0.00000000 0.00000000
vt 0.00000000 0.00000000
vt 0.00000000 0.00000000
vt 0.00000000 0.00000000
vt 0.00000000 0.00000000
vt 0.00000000 0.00000000
vt 0.00000000 0.00000000
vt 0.00000000 0.00000000
vt 0.00000000 0.00000000
vt 0.00000000 0.00000000
vt 0.00000000 0.00000000
vt 0.00000000 0.00000000
vt 0.00000000 0.00000000
vt 0.00000000 0.00000000
vt 0.00000000 0.00000000
vt 0.00000000 0.00000000
vt 0.00000000 0.00000000
vt 0.00000000 0.00000000
vt 0.00000000 0.00000000
vt 0.00000000 0.00000000
vt 0.00000000 0.00000000
vt 0.00000000 0.00000000
vt 0.00000000 0.00000000
vt 0.00000000 0.00000000
vt 0.00000000 0.00000000
vt 0.00000000 0.00000000
vt 0.00000000 0.00000000
vt 0.00000000 0.00000000
vt 0.00000000 0.00000000
vt 0.00000000 0.00000000
vt 0.00000000 0.00000000
vt 0.00000000 0.00000000
vt 0.00000000 0.00000000
vt 0.00000000 0.00000000
vt 0.00000000 0.00000000
vt 0.00000000 0.00000000
vt 0.00000000 0.00000000
vt 0.00000000 0.00000000
vt 0.00000000 0.00000000
vt 0.00000000 0.00000000
vt 0.00000000 0.00000000
vt 0.00000000 0.00000000
vt 0.00000000 0.00000000
vt 0.00000000 0.00000000
vt 0.00000000 0.00000000
vt 0.00000000 0.00000000
vt 0.00000000 0.00000000
vt 0.00000000 0.00000000
vt 0.00000000 0.00000000
vt 0.00000000 0.00000000
vt 0.00000000 0.00000000
vt 0.00000000 0.00000000
vt 0.00000000 0.00000000
vt 0.00000000 0.00000000
vt 0.00000000 0.00000000
vt 0.00000000 0.00000000
vt 0.00000000 0.00000000
vt 0.00000000 0.00000000
vt 0.00000000 0.00000000
vt 0.00000000 0.00000000
vt 0.00000000 0.00000000
vt 0.00000000 0.00000000
vt 0.00000000 0.00000000
vt 0.00000000 0.00000000
vt 0.00000000 0.00000000
vt 0.00000000 0.00000000
vt 0.00000000 0.00000000
vt 0.00000000 0.00000000
vt 0.00000000 0.00000000
vt 0.00000000 0.00000000
vt 0.00000000 0.00000000
vt 0.00000000 0.00000000
vt 0.00000000 0.00000000
vt 0.00000000 0.00000000
vt 0.00000000 0.00000000
vt 0.00000000 0.00000000
vt 0.00000000 0.00000000
vt 0.00000000 0.00000000
vt 0.00000000 0.00000000
vt 0.00000000 0.00000000
vt 0.00000000 0.00000000
vt 0.00000000 0.00000000
vt 0.00000000 0.00000000
vt 0.00000000 0.00000000
vt 0.00000000 0.00000000
vt 0.00000000 0.00000000
vt 0.00000000 0.00000000
vt 0.00000000 0.00000000
vt 0.00000000 0.00000000
vt 0.00000000 0.00000000
vt 0.00000000 0.00000000
vt 0.00000000 0.00000000
vt 0.00000000 0.00000000
vt 0.00000000 0.00000000
vt 0.00000000 0.00000000
vt 0.00000000 0.00000000
vt 0.00000000 0.00000000
vt 0.00000000 0.00000000
vt 0.00000000 0.00000000
vt 0.00000000 0.00000000
vt 0.00000000 0.00000000
vt 0.00000000 0.00000000
vt 0.00000000 0.00000000
vt 0.00000000 0.00000000
vt 0.00000000 0.00000000
vt 0.00000000 0.00000000
vt 0.00000000 0.00000000
vt 0.00000000 0.00000000
vt 0.00000000 0.00000000
vt 0.00000000 0.00000000
vt 0.00000000 0.00000000
vt 0.00000000 0.00000000
vt 0.00000000 0.00000000
vt 0.00000000 0.00000000
vt 0.00000000 0.00000000
vt 0.00000000 0.00000000
vt 0.00000000 0.00000000
vt 0.00000000 0.00000000
vt 0.00000000 0.00000000
vt 0.00000000 0.00000000
vt 0.00000000 0.00000000
vt 0.00000000 0.00000000
vt 0.00000000 0.00000000
vt 0.00000000 0.00000000
vt 0.00000000 0.00000000
vt 0.00000000 0.00000000
vt 0.00000000 0.00000000
vt 0.00000000 0.00000000
vt 0.00000000 0.00000000
vt 0.00000000 0.00000000
vt 0.00000000 0.00000000
vt 0.00000000 0.00000000
vt 0.00000000 0.00000000
vt 0.00000000 0.00000000
vt 0.00000000 0.00000000
vt 0.00000000 0.00000000
vt 0.00000000 0.00000000
vt 0.00000000 0.00000000
vt 0.00000000 0.00000000
vt 0.00000000 0.00000000
vt 0.00000000 0.00000000
vt 0.00000000 0.00000000
vt 0.00000000 0.00000000
vt 0.00000000 0.00000000
vt 0.00000000 0.00000000
vt 0.00000000 0.00000000
vt 0.00000000 0.00000000
vt 0.00000000 0.00000000
vt 0.00000000 0.00000000
vt 0.00000000 0.00000000
vt 0.00000000 0.00000000
vt 0.00000000 0.00000000
vt 0.00000000 0.00000000
vt 0.00000000 0.00000000
vt 0.00000000 0.00000000
vt 0.00000000 0.00000000
vt 0.00000000 0.00000000
vt 0.00000000 0.00000000
vt 0.00000000 0.00000000
vt 0.00000000 0.00000000
vt 0.00000000 0.00000000
vt 0.00000000 0.00000000
vt 0.00000000 0.00000000
vt 0.00000000 0.00000000
vt 0.00000000 0.00000000
vt 0.00000000 0.00000000
vt 0.00000000 0.00000000
vt 0.00000000 0.00000000
vt 0.00000000 0.00000000
vt 0.00000000 0.00000000
vt 0.00000000 0.00000000
vt 0.00000000 0.00000000
vt 0.00000000 0.00000000
vt 0.00000000 0.00000000
vt 0.00000000 0.00000000
vt 0.00000000 0.00000000
vt 0.00000000 0.00000000
vt 0.00000000 0.00000000
vt 0.00000000 0.00000000
vt 0.00000000 0.00000000
vt 0.00000000 0.00000000
vt 0.00000000 0.00000000
vt 0.00000000 0.00000000
vt 0.00000000 0.00000000
vt 0.00000000 0.00000000
vt 0.00000000 0.00000000
vt 0.00000000 0.00000000
vt 0.00000000 0.00000000
vt 0.00000000 0.00000000
vt 0.00000000 0.00000000
vt 0.00000000 0.00000000
vt 0.00000000 0.00000000
vt 0.00000000 0.00000000
vt 0.00000000 0.00000000
vt 0.00000000 0.00000000
vt 0.00000000 0.00000000
vt 0.00000000 0.00000000
vt 0.00000000 0.00000000
vt 0.00000000 0.00000000
vt 0.00000000 0.00000000
vt 0.00000000 0.00000000
vt 0.00000000 0.00000000
vt 0.00000000 0.00000000
vt 0.00000000 0.00000000
vt 0.00000000 0.00000000
vt 0.00000000 0.00000000
vt 0.00000000 0.00000000
vt 0.00000000 0.00000000
vt 0.00000000 0.00000000
vt 0.00000000 0.00000000
vt 0.00000000 0.00000000
vt 0.00000000 0.00000000
vt 0.00000000 0.00000000
vt 0.00000000 0.00000000
vt 0.00000000 0.00000000
vt 0.00000000 0.00000000
vt 0.00000000 0.00000000
vt 0.00000000 0.00000000
vt 0.00000000 0.00000000
vt 0.00000000 0.00000000
vt 0.00000000 0.00000000
vt 0.00000000 0.00000000
vt 0.00000000 0.00000000
vt 0.00000000 0.00000000
vt 0.00000000 0.00000000
vt 0.00000000 0.00000000
vt 0.00000000 0.00000000
vt 0.00000000 0.00000000
vt 0.00000000 0.00000000
vt 0.00000000 0.00000000
vt 0.00000000 0.00000000
vt 0.00000000 0.00000000
vt 0.00000000 0.00000000
vt 0.00000000 0.00000000
vt 0.00000000 0.00000000
vt 0.00000000 0.00000000
vt 0.00000000 0.00000000
vt 0.00000000 0.00000000
vt 0.00000000 0.00000000
vt 0.00000000 0.00000000
vt 0.00000000 0.00000000
vt 0.00000000 0.00000000
vt 0.00000000 0.00000000
vt 0.00000000 0.00000000
vt 0.00000000 0.00000000
vt 0.00000000 0.00000000
vt 0.00000000 0.00000000
vt 0.00000000 0.00000000
vt 0.00000000 0.00000000
vt 0.00000000 0.00000000
vt 0.00000000 0.00000000
vt 0.00000000 0.00000000
vt 0.00000000 0.00000000
vt 0.00000000 0.00000000
vt 0.00000000 0.00000000
vt 0.00000000 0.00000000
vt 0.00000000 0.00000000
vt 0.00000000 0.00000000
vt 0.00000000 0.00000000
vt 0.00000000 0.00000000
vt 0.00000000 0.00000000
vt 0.00000000 0.00000000
vt 0.00000000 0.00000000
vt 0.00000000 0.00000000
vt 0.00000000 0.00000000
vt 0.00000000 0.00000000
vt 0.00000000 0.00000000
vt 0.00000000 0.00000000
vt 0.00000000 0.00000000
vt 0.00000000 0.00000000
vt 0.00000000 0.00000000
vt 0.00000000 0.00000000
vt 0.00000000 0.00000000
vt 0.00000000 0.00000000
vt 0.00000000 0.00000000
vt 0.00000000 0.00000000
vt 0.00000000 0.00000000
vt 0.00000000 0.00000000
vt 0.00000000 0.00000000
vt 0.00000000 0.00000000
vt 0.00000000 0.00000000
vt 0.00000000 0.00000000
vt 0.00000000 0.00000000
vt 0.00000000 0.00000000
vt 0.00000000 0.00000000
vt 0.00000000 0.00000000
vt 0.00000000 0.00000000
vt 0.00000000 0.00000000
vt 0.00000000 0.00000000
vt 0.00000000 0.00000000
vt 0.00000000 0.00000000
vt 0.00000000 0.00000000
vt 0.00000000 0.00000000
vt 0.00000000 0.00000000
vt 0.00000000 0.00000000
vt 0.00000000 0.00000000
vt 0.00000000 0.00000000
vt 0.00000000 0.00000000
vt 0.00000000 0.00000000
vt 0.00000000 0.00000000
vt 0.00000000 0.00000000
vt 0.00000000 0.00000000
vt 0.00000000 0.00000000
vt 0.00000000 0.00000000
vt 0.00000000 0.00000000
vt 0.00000000 0.00000000
vt 0.00000000 0.00000000
vt 0.00000000 0.00000000
vt 0.00000000 0.00000000
vt 0.00000000 0.00000000
vt 0.00000000 0.00000000
vt 0.00000000 0.00000000
vt 0.00000000 0.00000000
vt 0.00000000 0.00000000
vt 0.00000000 0.00000000
vt 0.00000000 0.00000000
vt 0.00000000 0.00000000
vt 0.00000000 0.00000000
vt 0.00000000 0.00000000
vt 0.00000000 0.00000000
vt 0.00000000 0.00000000
vt 0.00000000 0.00000000
vt 0.00000000 0.00000000
vt 0.00000000 0.00000000
vt 0.00000000 0.00000000
vt 0.00000000 0.00000000
vt 0.00000000 0.00000000
vt 0.00000000 0.00000000
vt 0.00000000 0.00000000
vt 0.00000000 0.00000000
vt 0.00000000 0.00000000
vt 0.00000000 0.00000000
vt 0.00000000 0.00000000
vt 0.00000000 0.00000000
vt 0.00000000 0.00000000
vt 0.00000000 0.00000000
vt 0.00000000 0.00000000
vt 0.00000000 0.00000000
vt 0.00000000 0.00000000
vt 0.00000000 0.00000000
vt 0.00000000 0.00000000
vt 0.00000000 0.00000000
vt 0.00000000 0.00000000
vt 0.00000000 0.00000000
vt 0.00000000 0.00000000
vt 0.00000000 0.00000000
vt 0.00000000 0.00000000
vt 0.00000000 0.00000000
vt 0.00000000 0.00000000
vt 0.00000000 0.00000000
vt 0.00000000 0.00000000
vt 0.00000000 0.00000000
vt 0.00000000 0.00000000
vt 0.00000000 0.00000000
vt 0.00000000 0.00000000
vt 0.00000000 0.00000000
vt 0.00000000 0.00000000
vt 0.00000000 0.00000000
vt 0.00000000 0.00000000
vt 0.00000000 0.00000000
vt 0.00000000 0.00000000
vt 0.00000000 0.00000000
vt 0.00000000 0.00000000
vt 0.00000000 0.00000000
vt 0.00000000 0.00000000
vt 0.00000000 0.00000000
vt 0.00000000 0.00000000
vt 0.00000000 0.00000000
vt 0.00000000 0.00000000
vt 0.00000000 0.00000000
vt 0.00000000 0.00000000
vt 0.00000000 0.00000000
vt 0.00000000 0.00000000
vt 0.00000000 0.00000000
vt 0.00000000 0.00000000
vt 0.00000000 0.00000000
vt 0.00000000 0.00000000
vt 0.00000000 0.00000000
vt 0.00000000 0.00000000
vt 0.00000000 0.00000000
vt 0.00000000 0.00000000
vt 0.00000000 0.00000000
vt 0.00000000 0.00000000
vt 0.00000000 0.00000000
vt 0.00000000 0.00000000
vt 0.00000000 0.00000000
vt 0.00000000 0.00000000
vt 0.00000000 0.00000000
vt 0.00000000 0.00000000
vt 0.00000000 0.00000000
vt 0.00000000 0.00000000
vt 0.00000000 0.00000000
vt 0.00000000 0.00000000
vt 0.00000000 0.00000000
vt 0.00000000 0.00000000
vt 0.00000000 0.00000000
vt 0.00000000 0.00000000
vt 0.00000000 0.00000000
vt 0.00000000 0.00000000
vt 0.00000000 0.00000000
vt 0.00000000 0.00000000
vt 0.00000000 0.00000000
vt 0.00000000 0.00000000
vt 0.00000000 0.00000000
vt 0.00000000 0.00000000
vt 0.00000000 0.00000000
vt 0.00000000 0.00000000
vt 0.00000000 0.00000000
vt 0.00000000 0.00000000
vt 0.00000000 0.00000000
vt 0.00000000 0.00000000
vt 0.00000000 0.00000000
vt 0.00000000 0.00000000
vt 0.00000000 0.00000000
vt 0.00000000 0.00000000
vt 0.00000000 0.00000000
vt 0.00000000 0.00000000
vt 0.00000000 0.00000000
vt 0.00000000 0.00000000
vt 0.00000000 0.00000000
vt 0.00000000 0.00000000
vt 0.00000000 0.00000000
vt 0.00000000 0.00000000
vt 0.00000000 0.00000000
vt 0.00000000 0.00000000
vt 0.00000000 0.00000000
vt 0.00000000 0.00000000
vt 0.00000000 0.00000000
vt 0.00000000 0.00000000
vt 0.00000000 0.00000000
vt 0.00000000 0.00000000
vt 0.00000000 0.00000000
vt 0.00000000 0.00000000
vt 0.00000000 0.00000000
vt 0.00000000 0.00000000
vt 0.00000000 0.00000000
vt 0.00000000 0.00000000
vt 0.00000000 0.00000000
vt 0.00000000 0.00000000
vt 0.00000000 0.00000000
vt 0.00000000 0.00000000
vt 0.00000000 0.00000000
vt 0.00000000 0.00000000
vt 0.00000000 0.00000000
vt 0.00000000 0.00000000
vt 0.00000000 0.00000000
vt 0.00000000 0.00000000
vt 0.00000000 0.00000000
vt 0.00000000 0.00000000
vt 0.00000000 0.00000000
vt 0.00000000 0.00000000
vt 0.00000000 0.00000000
vt 0.00000000 0.00000000
vt 0.00000000 0.00000000
vt 0.00000000 0.00000000
vt 0.00000000 0.00000000
vt 0.00000000 0.00000000
vt 0.00000000 0.00000000
vt 0.00000000 0.00000000
vt 0.00000000 0.00000000
vt 0.00000000 0.00000000
vt 0.00000000 0.00000000
vt 0.00000000 0.00000000
vt 0.00000000 0.00000000
vt 0.00000000 0.00000000
vt 0.00000000 0.00000000
vt 0.00000000 0.00000000
vt 0.00000000 0.00000000
vt 0.00000000 0.00000000
vt 0.00000000 0.00000000
vt 0.00000000 0.00000000
vt 0.00000000 0.00000000
vt 0.00000000 0.00000000
vt 0.00000000 0.00000000
vt 0.00000000 0.00000000
vt 0.00000000 0.00000000
vt 0.00000000 0.00000000
vt 0.00000000 0.00000000
vt 0.00000000 0.00000000
vt 0.00000000 0.00000000
vt 0.00000000 0.00000000
vt 0.00000000 0.00000000
vt 0.00000000 0.00000000
vt 0.00000000 0.00000000
vt 0.00000000 0.00000000
vt 0.00000000 0.00000000
vt 0.00000000 0.00000000
vt 0.00000000 0.00000000
vt 0.00000000 0.00000000
vt 0.00000000 0.00000000
vt 0.00000000 0.00000000
vt 0.00000000 0.00000000
vt 0.00000000 0.00000000
vt 0.00000000 0.00000000
vt 0.00000000 0.00000000
vt 0.00000000 0.00000000
vt 0.00000000 0.00000000
vt 0.00000000 0.00000000
vt 0.00000000 0.00000000
vt 0.00000000 0.00000000
vt 0.00000000 0.00000000
vt 0.00000000 0.00000000
vt 0.00000000 0.00000000
vt 0.00000000 0.00000000
vt 0.00000000 0.00000000
vt 0.00000000 0.00000000
vt 0.00000000 0.00000000
vt 0.00000000 0.00000000
vt 0.00000000 0.00000000
vt 0.00000000 0.00000000
vt 0.00000000 0.00000000
vt 0.00000000 0.00000000
vt 0.00000000 0.00000000
vt 0.00000000 0.00000000
vt 0.00000000 0.00000000
vt 0.00000000 0.00000000
vt 0.00000000 0.00000000
vt 0.00000000 0.00000000
vt 0.00000000 0.00000000
vt 0.00000000 0.00000000
vt 0.00000000 0.00000000
vt 0.00000000 0.00000000
vt 0.00000000 0.00000000
vt 0.00000000 0.00000000
vt 0.00000000 0.00000000
vt 0.00000000 0.00000000
vt 0.00000000 0.00000000
vt 0.00000000 0.00000000
vt 0.00000000 0.00000000
vt 0.00000000 0.00000000
vt 0.00000000 0.00000000
vt 0.00000000 0.00000000
vt 0.00000000 0.00000000
vt 0.00000000 0.00000000
vt 0.00000000 0.00000000
vt 0.00000000 0.00000000
vt 0.00000000 0.00000000
vt 0.00000000 0.00000000
vt 0.00000000 0.00000000
vt 0.00000000 0.00000000
vt 0.00000000 0.00000000
vt 0.00000000 0.00000000
vt 0.00000000 0.00000000
vt 0.00000000 0.00000000
vt 0.00000000 0.00000000
vt 0.00000000 0.00000000
vt 0.00000000 0.00000000
vt 0.00000000 0.00000000
vt 0.00000000 0.00000000
vt 0.00000000 0.00000000
vt 0.00000000 0.00000000
vt 0.00000000 0.00000000
vt 0.00000000 0.00000000
vt 0.00000000 0.00000000
vt 0.00000000 0.00000000
vt 0.00000000 0.00000000
vt 0.00000000 0.00000000
vt 0.00000000 0.00000000
vt 0.00000000 0.00000000
vt 0.00000000 0.00000000
vt 0.00000000 0.00000000
vt 0.00000000 0.00000000
vt 0.00000000 0.00000000
vt 0.00000000 0.00000000
vt 0.00000000 0.00000000
vt 0.00000000 0.00000000
vt 0.00000000 0.00000000
vt 0.00000000 0.00000000
vt 0.00000000 0.00000000
vt 0.00000000 0.00000000
vt 0.00000000 0.00000000
vt 0.00000000 0.00000000
vt 0.00000000 0.00000000
vt 0.00000000 0.00000000
vt 0.00000000 0.00000000
vt 0.00000000 0.00000000
vt 0.00000000 0.00000000
vt 0.00000000 0.00000000
vt 0.00000000 0.00000000
vt 0.00000000 0.00000000
vt 0.00000000 0.00000000
vt 0.00000000 0.00000000
vt 0.00000000 0.00000000
vt 0.00000000 0.00000000
vt 0.00000000 0.00000000
vt 0.00000000 0.00000000
vt 0.00000000 0.00000000
vt 0.00000000 0.00000000
vt 0.00000000 0.00000000
vt 0.00000000 0.00000000
vt 0.00000000 0.00000000
vt 0.00000000 0.00000000
vt 0.00000000 0.00000000
vt 0.00000000 0.00000000
vt 0.00000000 0.00000000
vt 0.00000000 0.00000000
vt 0.00000000 0.00000000
vt 0.00000000 0.00000000
vt 0.00000000 0.00000000
vt 0.00000000 0.00000000
vt 0.00000000 0.00000000
vt 0.00000000 0.00000000
vt 0.00000000 0.00000000
vt 0.00000000 0.00000000
vt 0.00000000 0.00000000
vt 0.00000000 0.00000000
vt 0.00000000 0.00000000
vt 0.00000000 0.00000000
vt 0.00000000 0.00000000
vt 0.00000000 0.00000000
vt 0.00000000 0.00000000
vt 0.00000000 0.00000000
vt 0.00000000 0.00000000
vt 0.00000000 0.00000000
vt 0.00000000 0.00000000
vt 0.00000000 0.00000000
vt 0.00000000 0.00000000
vt 0.00000000 0.00000000
vt 0.00000000 0.00000000
vt 0.00000000 0.00000000
vt 0.00000000 0.00000000
vt 0.00000000 0.00000000
vt 0.00000000 0.00000000
vt 0.00000000 0.00000000
vt 0.00000000 0.00000000
vt 0.00000000 0.00000000
vt 0.00000000 0.00000000
vt 0.00000000 0.00000000
vt 0.00000000 0.00000000
vt 0.00000000 0.00000000
vt 0.00000000 0.00000000
vt 0.00000000 0.00000000
vt 0.00000000 0.00000000
vt 0.00000000 0.00000000
vt 0.00000000 0.00000000
vt 0.00000000 0.00000000
vt 0.00000000 0.00000000
vt 0.00000000 0.00000000
vt 0.00000000 0.00000000
vt 0.00000000 0.00000000
vt 0.00000000 0.00000000
vt 0.00000000 0.00000000
vt 0.00000000 0.00000000
vt 0.00000000 0.00000000
vt 0.00000000 0.00000000
vt 0.00000000 0.00000000
vt 0.00000000 0.00000000
vt 0.00000000 0.00000000
vt 0.00000000 0.00000000
vt 0.00000000 0.00000000
vt 0.00000000 0.00000000
vt 0.00000000 0.00000000
vt 0.00000000 0.00000000
vt 0.00000000 0.00000000
vt 0.00000000 0.00000000
vt 0.00000000 0.00000000
vt 0.00000000 0.00000000
vt 0.00000000 0.00000000
vt 0.00000000 0.00000000
vt 0.00000000 0.00000000
vt 0.00000000 0.00000000
vt 0.00000000 0.00000000
vt 0.00000000 0.00000000
vt 0.00000000 0.00000000
vt 0.00000000 0.00000000
vt 0.00000000 0.00000000
vt 0.00000000 0.00000000
vt 0.00000000 0.00000000
vt 0.00000000 0.00000000
vt 0.00000000 0.00000000
vt 0.00000000 0.00000000
vt 0.00000000 0.00000000
vt 0.00000000 0.00000000
vt 0.00000000 0.00000000
vt 0.00000000 0.00000000
vt 0.00000000 0.00000000
vt 0.00000000 0.00000000
vt 0.00000000 0.00000000
vt 0.00000000 0.00000000
vt 0.00000000 0.00000000
vt 0.00000000 0.00000000
vt 0.00000000 0.00000000
vt 0.00000000 0.00000000
vt 0.00000000 0.00000000
vt 0.00000000 0.00000000
vt 0.00000000 0.00000000
vt 0.00000000 0.00000000
vt 0.00000000 0.00000000
vt 0.00000000 0.00000000
vt 0.00000000 0.00000000
vt 0.00000000 0.00000000
vt 0.00000000 0.00000000
vt 0.00000000 0.00000000
vt 0.00000000 0.00000000
vt 0.00000000 0.00000000
vt 0.00000000 0.00000000
vt 0.00000000 0.00000000
vt 0.00000000 0.00000000
vt 0.00000000 0.00000000
vt 0.00000000 0.00000000
vt 0.00000000 0.00000000
vt 0.00000000 0.00000000
vt 0.00000000 0.00000000
vt 0.00000000 0.00000000
vt 0.00000000 0.00000000
vt 0.00000000 0.00000000
vt 0.00000000 0.00000000
vt 0.00000000 0.00000000
vt 0.00000000 0.00000000
vt 0.00000000 0.00000000
vt 0.00000000 0.00000000
vt 0.00000000 0.00000000
vt 0.00000000 0.00000000
vt 0.00000000 0.00000000
vt 0.00000000 0.00000000
vt 0.00000000 0.00000000
vt 0.00000000 0.00000000
vt 0.00000000 0.00000000
vt 0.00000000 0.00000000
vt 0.00000000 0.00000000
vt 0.00000000 0.00000000
vt 0.00000000 0.00000000
vt 0.00000000 0.00000000
vt 0.00000000 0.00000000
vt 0.00000000 0.00000000
vt 0.00000000 0.00000000
vt 0.00000000 0.00000000
vt 0.00000000 0.00000000
vt 0.00000000 0.00000000
vt 0.00000000 0.00000000
vt 0.00000000 0.00000000
vt 0.00000000 0.00000000
vt 0.00000000 0.00000000
vt 0.00000000 0.00000000
vt 0.00000000 0.00000000
vt 0.00000000 0.00000000
vt 0.00000000 0.00000000
vt 0.00000000 0.00000000
vt 0.00000000 0.00000000
vt 0.00000000 0.00000000
vt 0.00000000 0.00000000
vt 0.00000000 0.00000000
vt 0.00000000 0.00000000
vt 0.00000000 0.00000000
vt 0.00000000 0.00000000
vt 0.00000000 0.00000000
vt 0.00000000 0.00000000
vt 0.00000000 0.00000000
vt 0.00000000 0.00000000
vt 0.00000000 0.00000000
vt 0.00000000 0.00000000
vt 0.00000000 0.00000000
vt 0.00000000 0.00000000
vt 0.00000000 0.00000000
vt 0.00000000 0.00000000
vt 0.00000000 0.00000000
vt 0.00000000 0.00000000
vt 0.00000000 0.00000000
vt 0.00000000 0.00000000
vt 0.00000000 0.00000000
vt 0.00000000 0.00000000
vt 0.00000000 0.00000000
vt 0.00000000 0.00000000
vt 0.00000000 0.00000000
vt 0.00000000 0.00000000
vt 0.00000000 0.00000000
vt 0.00000000 0.00000000
vt 0.00000000 0.00000000
vt 0.00000000 0.00000000
vt 0.00000000 0.00000000
vt 0.00000000 0.00000000
vt 0.00000000 0.00000000
vt 0.00000000 0.00000000
vt 0.00000000 0.00000000
vt 0.00000000 0.00000000
vt 0.00000000 0.00000000
vt 0.00000000 0.00000000
vt 0.00000000 0.00000000
vt 0.00000000 0.00000000
vt 0.00000000 0.00000000
vt 0.00000000 0.00000000
vt 0.00000000 0.00000000
vt 0.00000000 0.00000000
vt 0.00000000 0.00000000
vt 0.00000000 0.00000000
vt 0.00000000 0.00000000
vt 0.00000000 0.00000000
vt 0.00000000 0.00000000
vt 0.00000000 0.00000000
vt 0.00000000 0.00000000
vt 0.00000000 0.00000000
vt 0.00000000 0.00000000
vt 0.00000000 0.00000000
vt 0.00000000 0.00000000
vt 0.00000000 0.00000000
vt 0.00000000 0.00000000
vt 0.00000000 0.00000000
vt 0.00000000 0.00000000
vt 0.00000000 0.00000000
vt 0.00000000 0.00000000
vt 0.00000000 0.00000000
vt 0.00000000 0.00000000
vt 0.00000000 0.00000000
vt 0.00000000 0.00000000
vt 0.00000000 0.00000000
vt 0.00000000 0.00000000
vt 0.00000000 0.00000000
vt 0.00000000 0.00000000
vt 0.00000000 0.00000000
vt 0.00000000 0.00000000
vt 0.00000000 0.00000000
vt 0.00000000 0.00000000
vt 0.00000000 0.00000000
vt 0.00000000 0.00000000
vt 0.00000000 0.00000000
vt 0.00000000 0.00000000
vt 0.00000000 0.00000000
vt 0.00000000 0.00000000
vt 0.00000000 0.00000000
vt 0.00000000 0.00000000
vt 0.00000000 0.00000000
vt 0.00000000 0.00000000
vt 0.00000000 0.00000000
vt 0.00000000 0.00000000
vt 0.00000000 0.00000000
vt 0.00000000 0.00000000
vt 0.00000000 0.00000000
vt 0.00000000 0.00000000
vt 0.00000000 0.00000000
vt 0.00000000 0.00000000
vt 0.00000000 0.00000000
vt 0.00000000 0.00000000
vt 0.00000000 0.00000000
vt 0.00000000 0.00000000
vt 0.00000000 0.00000000
vt 0.00000000 0.00000000
vt 0.00000000 0.00000000
vt 0.00000000 0.00000000
vt 0.00000000 0.00000000
vt 0.00000000 0.00000000
vt 0.00000000 0.00000000
vt 0.00000000 0.00000000
vt 0.00000000 0.00000000
vt 0.00000000 0.00000000
vt 0.00000000 0.00000000
vt 0.00000000 0.00000000
vt 0.00000000 0.00000000
vt 0.00000000 0.00000000
vt 0.00000000 0.00000000
vt 0.00000000 0.00000000
vt 0.00000000 0.00000000
vt 0.00000000 0.00000000
vt 0.00000000 0.00000000
vt 0.00000000 0.00000000
vt 0.00000000 0.00000000
vt 0.00000000 0.00000000
vt 0.00000000 0.00000000
vt 0.00000000 0.00000000
vt 0.00000000 0.00000000
vt 0.00000000 0.00000000
vt 0.00000000 0.00000000
vt 0.00000000 0.00000000
vt 0.00000000 0.00000000
vt 0.00000000 0.00000000
vt 0.00000000 0.00000000
vt 0.00000000 0.00000000
vt 0.00000000 0.00000000
vt 0.00000000 0.00000000
vt 0.00000000 0.00000000
vt 0.00000000 0.00000000
vt 0.00000000 0.00000000
vt 0.00000000 0.00000000
vt 0.00000000 0.00000000
vt 0.00000000 0.00000000
vt 0.00000000 0.00000000
vt 0.00000000 0.00000000
vt 0.00000000 0.00000000
vt 0.00000000 0.00000000
vt 0.00000000 0.00000000
vt 0.00000000 0.00000000
vt 0.00000000 0.00000000
vt 0.00000000 0.00000000
vt 0.00000000 0.00000000
vt 0.00000000 0.00000000
vt 0.00000000 0.00000000
vt 0.00000000 0.00000000
vt 0.00000000 0.00000000
vt 0.00000000 0.00000000
vt 0.00000000 0.00000000
vt 0.00000000 0.00000000
vt 0.00000000 0.00000000
vt 0.00000000 0.00000000
vt 0.00000000 0.00000000
vt 0.00000000 0.00000000
vt 0.00000000 0.00000000
vt 0.00000000 0.00000000
vt 0.00000000 0.00000000
vt 0.00000000 0.00000000
vt 0.00000000 0.00000000
vt 0.00000000 0.00000000
vt 0.00000000 0.00000000
vt 0.00000000 0.00000000
vt 0.00000000 0.00000000
vt 0.00000000 0.00000000
vt 0.00000000 0.00000000
vt 0.00000000 0.00000000
vt 0.00000000 0.00000000
vt 0.00000000 0.00000000
vt 0.00000000 0.00000000
vt 0.00000000 0.00000000
vt 0.00000000 0.00000000
vt 0.00000000 0.00000000
vt 0.00000000 0.00000000
vt 0.00000000 0.00000000
vt 0.00000000 0.00000000
vt 0.00000000 0.00000000
vt 0.00000000 0.00000000
vt 0.00000000 0.00000000
vt 0.00000000 0.00000000
vt 0.00000000 0.00000000
vt 0.00000000 0.00000000
vt 0.00000000 0.00000000
vt 0.00000000 0.00000000
vt 0.00000000 0.00000000
vt 0.00000000 0.00000000
vt 0.00000000 0.00000000
vt 0.00000000 0.00000000
vt 0.00000000 0.00000000
vt 0.00000000 0.00000000
vt 0.00000000 0.00000000
vt 0.00000000 0.00000000
vt 0.00000000 0.00000000
vt 0.00000000 0.00000000
vt 0.00000000 0.00000000
vt 0.00000000 0.00000000
vt 0.00000000 0.00000000
vt 0.00000000 0.00000000
vt 0.00000000 0.00000000
vt 0.00000000 0.00000000
vt 0.00000000 0.00000000
vt 0.00000000 0.00000000
vt 0.00000000 0.00000000
vt 0.00000000 0.00000000
vt 0.00000000 0.00000000
vt 0.00000000 0.00000000
vt 0.00000000 0.00000000
vt 0.00000000 0.00000000
vt 0.00000000 0.00000000
vt 0.00000000 0.00000000
vt 0.00000000 0.00000000
vt 0.00000000 0.00000000
vt 0.00000000 0.00000000
vt 0.00000000 0.00000000
vt 0.00000000 0.00000000
vt 0.00000000 0.00000000
vt 0.00000000 0.00000000
vt 0.00000000 0.00000000
vt 0.00000000 0.00000000
vt 0.00000000 0.00000000
vt 0.00000000 0.00000000
vt 0.00000000 0.00000000
vt 0.00000000 0.00000000
vt 0.00000000 0.00000000
vt 0.00000000 0.00000000
vt 0.00000000 0.00000000
vt 0.00000000 0.00000000
vt 0.00000000 0.00000000
vt 0.00000000 0.00000000
vt 0.00000000 0.00000000
vt 0.00000000 0.00000000
vt 0.00000000 0.00000000
vt 0.00000000 0.00000000
vt 0.00000000 0.00000000
vt 0.00000000 0.00000000
vt 0.00000000 0.00000000
vt 0.00000000 0.00000000
vt 0.00000000 0.00000000
vt 0.00000000 0.00000000
vt 0.00000000 0.00000000
vt 0.00000000 0.00000000
vt 0.00000000 0.00000000
vt 0.00000000 0.00000000
vt 0.00000000 0.00000000
vt 0.00000000 0.00000000
vt 0.00000000 0.00000000
vt 0.00000000 0.00000000
vt 0.00000000 0.00000000
vt 0.00000000 0.00000000
vt 0.00000000 0.00000000
vt 0.00000000 0.00000000
vt 0.00000000 0.00000000
vt 0.00000000 0.00000000
vt 0.00000000 0.00000000
vt 0.00000000 0.00000000
vt 0.00000000 0.00000000
vt 0.00000000 0.00000000
vt 0.00000000 0.00000000
vt 0.00000000 0.00000000
vt 0.00000000 0.00000000
vt 0.00000000 0.00000000
vt 0.00000000 0.00000000
vt 0.00000000 0.00000000
vt 0.00000000 0.00000000
vt 0.00000000 0.00000000
vt 0.00000000 0.00000000
vt 0.00000000 0.00000000
vt 0.00000000 0.00000000
vt 0.00000000 0.00000000
vt 0.00000000 0.00000000
vt 0.00000000 0.00000000
vt 0.00000000 0.00000000
vt 0.00000000 0.00000000
vt 0.00000000 0.00000000
vt 0.00000000 0.00000000
vt 0.00000000 0.00000000
vt 0.00000000 0.00000000
vt 0.00000000 0.00000000
vt 0.00000000 0.00000000
vt 0.00000000 0.00000000
vt 0.00000000 0.00000000
vt 0.00000000 0.00000000
vt 0.00000000 0.00000000
vt 0.00000000 0.00000000
vt 0.00000000 0.00000000
vt 0.00000000 0.00000000
vt 0.00000000 0.00000000
vt 0.00000000 0.00000000
vt 0.00000000 0.00000000
vt 0.00000000 0.00000000
vt 0.00000000 0.00000000
vt 0.00000000 0.00000000
vt 0.00000000 0.00000000
vt 0.00000000 0.00000000
vt 0.00000000 0.00000000
vt 0.00000000 0.00000000
vt 0.00000000 0.00000000
vt 0.00000000 0.00000000
vt 0.00000000 0.00000000
vt 0.00000000 0.00000000
vt 0.00000000 0.00000000
vt 0.00000000 0.00000000
vt 0.00000000 0.00000000
vt 0.00000000 0.00000000
vt 0.00000000 0.00000000
vt 0.00000000 0.00000000
vt 0.00000000 0.00000000
vt 0.00000000 0.00000000
vt 0.00000000 0.00000000
vt 0.00000000 0.00000000
vt 0.00000000 0.00000000
vt 0.00000000 0.00000000
vt 0.00000000 0.00000000
vt 0.00000000 0.00000000
vt 0.00000000 0.00000000
vt 0.00000000 0.00000000
vt 0.00000000 0.00000000
vt 0.00000000 0.00000000
vt 0.00000000 0.00000000
vt 0.00000000 0.00000000
vt 0.00000000 0.00000000
vt 0.00000000 0.00000000
vt 0.00000000 0.00000000
vt 0.00000000 0.00000000
vt 0.00000000 0.00000000
vt 0.00000000 0.00000000
vt 0.00000000 0.00000000
vt 0.00000000 0.00000000
vt 0.00000000 0.00000000
vt 0.00000000 0.00000000
vt 0.00000000 0.00000000
vt 0.00000000 0.00000000
vt 0.00000000 0.00000000
vt 0.00000000 0.00000000
vt 0.00000000 0.00000000
vt 0.00000000 0.00000000
vt 0.00000000 0.00000000
vt 0.00000000 0.00000000
vt 0.00000000 0.00000000
vt 0.00000000 0.00000000
vt 0.00000000 0.00000000
vt 0.00000000 0.00000000
vt 0.00000000 0.00000000
vt 0.00000000 0.00000000
vt 0.00000000 0.00000000
vt 0.00000000 0.00000000
vt 0.00000000 0.00000000
vt 0.00000000 0.00000000
vt 0.00000000 0.00000000
vt 0.00000000 0.00000000
vt 0.00000000 0.00000000
vt 0.00000000 0.00000000
vt 0.00000000 0.00000000
vt 0.00000000 0.00000000
vt 0.00000000 0.00000000
vt 0.00000000 0.00000000
vt 0.00000000 0.00000000
vt 0.00000000 0.00000000
vt 0.00000000 0.00000000
vt 0.00000000 0.00000000
vt 0.00000000 0.00000000
vt 0.00000000 0.00000000
vt 0.00000000 0.00000000
vt 0.00000000 0.00000000
vt 0.00000000 0.00000000
vt 0.00000000 0.00000000
vt 0.00000000 0.00000000
vt 0.00000000 0.00000000
vt 0.00000000 0.00000000
vt 0.00000000 0.00000000
vt 0.00000000 0.00000000
vt 0.00000000 0.00000000
vt 0.00000000 0.00000000
vt 0.00000000 0.00000000
vt 0.00000000 0.00000000
vt 0.00000000 0.00000000
vt 0.00000000 0.00000000
vt 0.00000000 0.00000000
vt 0.00000000 0.00000000
vt 0.00000000 0.00000000
vt 0.00000000 0.00000000
vt 0.00000000 0.00000000
vt 0.00000000 0.00000000
vt 0.00000000 0.00000000
vt 0.00000000 0.00000000
vt 0.00000000 0.00000000
vt 0.00000000 0.00000000
vt 0.00000000 0.00000000
vt 0.00000000 0.00000000
vt 0.00000000 0.00000000
vt 0.00000000 0.00000000
vt 0.00000000 0.00000000
vt 0.00000000 0.00000000
vt 0.00000000 0.00000000
vt 0.00000000 0.00000000
vt 0.00000000 0.00000000
vt 0.00000000 0.00000000
vt 0.00000000 0.00000000
vt 0.00000000 0.00000000
vt 0.00000000 0.00000000
vt 0.00000000 0.00000000
vt 0.00000000 0.00000000
vt 0.00000000 0.00000000
vt 0.00000000 0.00000000
vt 0.00000000 0.00000000
vt 0.00000000 0.00000000
vt 0.00000000 0.00000000
vt 0.00000000 0.00000000
vt 0.00000000 0.00000000
vt 0.00000000 0.00000000
vt 0.00000000 0.00000000
vt 0.00000000 0.00000000
vt 0.00000000 0.00000000
vt 0.00000000 0.00000000
vt 0.00000000 0.00000000
vt 0.00000000 0.00000000
vt 0.00000000 0.00000000
vt 0.00000000 0.00000000
vt 0.00000000 0.00000000
vt 0.00000000 0.00000000
vt 0.00000000 0.00000000
vt 0.00000000 0.00000000
vt 0.00000000 0.00000000
vt 0.00000000 0.00000000
vt 0.00000000 0.00000000
vt 0.00000000 0.00000000
vt 0.00000000 0.00000000
vt 0.00000000 0.00000000
vt 0.00000000 0.00000000
vt 0.00000000 0.00000000
vt 0.00000000 0.00000000
vt 0.00000000 0.00000000
vt 0.00000000 0.00000000
vt 0.00000000 0.00000000
vt 0.00000000 0.00000000
vt 0.00000000 0.00000000
vt 0.00000000 0.00000000
vt 0.00000000 0.00000000
vt 0.00000000 0.00000000
vt 0.00000000 0.00000000
vt 0.00000000 0.00000000
vt 0.00000000 0.00000000
vt 0.00000000 0.00000000
vt 0.00000000 0.00000000
vt 0.00000000 0.00000000
vt 0.00000000 0.00000000
vt 0.00000000 0.00000000
vt 0.00000000 0.00000000
vt 0.00000000 0.00000000
vt 0.00000000 0.00000000
vt 0.00000000 0.00000000
vt 0.00000000 0.00000000
vt 0.00000000 0.00000000
vt 0.00000000 0.00000000
vt 0.00000000 0.00000000
vt 0.00000000 0.00000000
vt 0.00000000 0.00000000
vt 0.00000000 0.00000000
vt 0.00000000 0.00000000
vt 0.00000000 0.00000000
vt 0.00000000 0.00000000
vt 0.00000000 0.00000000
vt 0.00000000 0.00000000
vt 0.00000000 0.00000000
vt 0.00000000 0.00000000
vt 0.00000000 0.00000000
vt 0.00000000 0.00000000
vt 0.00000000 0.00000000
vt 0.00000000 0.00000000
vt 0.00000000 0.00000000
vt 0.00000000 0.00000000
vt 0.00000000 0.00000000
vt 0.00000000 0.00000000
vt 0.00000000 0.00000000
vt 0.00000000 0.00000000
vt 0.00000000 0.00000000
vt 0.00000000 0.00000000
vt 0.00000000 0.00000000
vt 0.00000000 0.00000000
vt 0.00000000 0.00000000
vt 0.00000000 0.00000000
vt 0.00000000 0.00000000
vt 0.00000000 0.00000000
vt 0.00000000 0.00000000
vt 0.00000000 0.00000000
vt 0.00000000 0.00000000
vt 0.00000000 0.00000000
vt 0.00000000 0.00000000
vt 0.00000000 0.00000000
vt 0.00000000 0.00000000
vt 0.00000000 0.00000000
vt 0.00000000 0.00000000
vt 0.00000000 0.00000000
vt 0.00000000 0.00000000
vt 0.00000000 0.00000000
vt 0.00000000 0.00000000
vt 0.00000000 0.00000000
vt 0.00000000 0.00000000
vt 0.00000000 0.00000000
vt 0.00000000 0.00000000
vt 0.00000000 0.00000000
vt 0.00000000 0.00000000
vt 0.00000000 0.00000000
vt 0.00000000 0.00000000
vt 0.00000000 0.00000000
vt 0.00000000 0.00000000
vt 0.00000000 0.00000000
vt 0.00000000 0.00000000
vt 0.00000000 0.00000000
vt 0.00000000 0.00000000
vt 0.00000000 0.00000000
vt 0.00000000 0.00000000
vt 0.00000000 0.00000000
vt 0.00000000 0.00000000
vt 0.00000000 0.00000000
vt 0.00000000 0.00000000
vt 0.00000000 0.00000000
vt 0.00000000 0.00000000
vt 0.00000000 0.00000000
vt 0.00000000 0.00000000
vt 0.00000000 0.00000000
vt 0.00000000 0.00000000
vt 0.00000000 0.00000000
vt 0.00000000 0.00000000
vt 0.00000000 0.00000000
vt 0.00000000 0.00000000
vt 0.00000000 0.00000000
vt 0.00000000 0.00000000
vt 0.00000000 0.00000000
vt 0.00000000 0.00000000
vt 0.00000000 0.00000000
vt 0.00000000 0.00000000
vt 0.00000000 0.00000000
vt 0.00000000 0.00000000
vt 0.00000000 0.00000000
vt 0.00000000 0.00000000
vt 0.00000000 0.00000000
vt 0.00000000 0.00000000
vt 0.00000000 0.00000000
vt 0.00000000 0.00000000
vt 0.00000000 0.00000000
vt 0.00000000 0.00000000
vt 0.00000000 0.00000000
vt 0.00000000 0.00000000
vt 0.00000000 0.00000000
vt 0.00000000 0.00000000
vt 0.00000000 0.00000000
vt 0.00000000 0.00000000
vt 0.00000000 0.00000000
vt 0.00000000 0.00000000
vt 0.00000000 0.00000000
vt 0.00000000 0.00000000
vt 0.00000000 0.00000000
vt 0.00000000 0.00000000
vt 0.00000000 0.00000000
vt 0.00000000 0.00000000
vt 0.00000000 0.00000000
vt 0.00000000 0.00000000
vt 0.00000000 0.00000000
vt 0.00000000 0.00000000
vt 0.00000000 0.00000000
vt 0.00000000 0.00000000
vt 0.00000000 0.00000000
vt 0.00000000 0.00000000
vt 0.00000000 0.00000000
vt 0.00000000 0.00000000
vt 0.00000000 0.00000000
vt 0.00000000 0.00000000
vt 0.00000000 0.00000000
vt 0.00000000 0.00000000
vt 0.00000000 0.00000000
vt 0.00000000 0.00000000
vt 0.00000000 0.00000000
vt 0.00000000 0.00000000
vt 0.00000000 0.00000000
vt 0.00000000 0.00000000
vt 0.00000000 0.00000000
vt 0.00000000 0.00000000
vt 0.00000000 0.00000000
vt 0.00000000 0.00000000
vt 0.00000000 0.00000000
vt 0.00000000 0.00000000
vt 0.00000000 0.00000000
vt 0.00000000 0.00000000
vt 0.00000000 0.00000000
vt 0.00000000 0.00000000
vt 0.00000000 0.00000000
vt 0.00000000 0.00000000
vt 0.00000000 0.00000000
vt 0.00000000 0.00000000
vt 0.00000000 0.00000000
vt 0.00000000 0.00000000
vt 0.00000000 0.00000000
vt 0.00000000 0.00000000
vt 0.00000000 0.00000000
vt 0.00000000 0.00000000
vt 0.00000000 0.00000000
vt 0.00000000 0.00000000
vt 0.00000000 0.00000000
vt 0.00000000 0.00000000
vt 0.00000000 0.00000000
vt 0.00000000 0.00000000
vt 0.00000000 0.00000000
vt 0.00000000 0.00000000
vt 0.00000000 0.00000000
vt 0.00000000 0.00000000
vt 0.00000000 0.00000000
vt 0.00000000 0.00000000
vt 0.00000000 0.00000000
vt 0.00000000 0.00000000
vt 0.00000000 0.00000000
vt 0.00000000 0.00000000
vt 0.00000000 0.00000000
vt 0.00000000 0.00000000
vt 0.00000000 0.00000000
vt 0.00000000 0.00000000
vt 0.00000000 0.00000000
vt 0.00000000 0.00000000
vt 0.00000000 0.00000000
vt 0.00000000 0.00000000
vt 0.00000000 0.00000000
vt 0.00000000 0.00000000
vt 0.00000000 0.00000000
vt 0.00000000 0.00000000
vt 0.00000000 0.00000000
vt 0.00000000 0.00000000
vt 0.00000000 0.00000000
vt 0.00000000 0.00000000
vt 0.00000000 0.00000000
vt 0.00000000 0.00000000
vt 0.00000000 0.00000000
vt 0.00000000 0.00000000
vt 0.00000000 0.00000000
vt 0.00000000 0.00000000
vt 0.00000000 0.00000000
vt 0.00000000 0.00000000
vt 0.00000000 0.00000000
vt 0.00000000 0.00000000
vt 0.00000000 0.00000000
vt 0.00000000 0.00000000
vt 0.00000000 0.00000000
vt 0.00000000 0.00000000
vt 0.00000000 0.00000000
vt 0.00000000 0.00000000
vt 0.00000000 0.00000000
vt 0.00000000 0.00000000
vt 0.00000000 0.00000000
vt 0.00000000 0.00000000
vt 0.00000000 0.00000000
vt 0.00000000 0.00000000
vt 0.00000000 0.00000000
vt 0.00000000 0.00000000
vt 0.00000000 0.00000000
vt 0.00000000 0.00000000
vt 0.00000000 0.00000000
vt 0.00000000 0.00000000
vt 0.00000000 0.00000000
vt 0.00000000 0.00000000
vt 0.00000000 0.00000000
vt 0.00000000 0.00000000
vt 0.00000000 0.00000000
vt 0.00000000 0.00000000
vt 0.00000000 0.00000000
vt 0.00000000 0.00000000
vt 0.00000000 0.00000000
vt 0.00000000 0.00000000
vt 0.00000000 0.00000000
vt 0.00000000 0.00000000
vt 0.00000000 0.00000000
vt 0.00000000 0.00000000
vt 0.00000000 0.00000000
vt 0.00000000 0.00000000
vt 0.00000000 0.00000000
vt 0.00000000 0.00000000
vt 0.00000000 0.00000000
vt 0.00000000 0.00000000
vt 0.00000000 0.00000000
vt 0.00000000 0.00000000
vt 0.00000000 0.00000000
vt 0.00000000 0.00000000
vt 0.00000000 0.00000000
vt 0.00000000 0.00000000
vt 0.00000000 0.00000000
vt 0.00000000 0.00000000
vt 0.00000000 0.00000000
vt 0.00000000 0.00000000
vt 0.00000000 0.00000000
vt 0.00000000 0.00000000
vt 0.00000000 0.00000000
vt 0.00000000 0.00000000
vt 0.00000000 0.00000000
vt 0.00000000 0.00000000
vt 0.00000000 0.00000000
vt 0.00000000 0.00000000
vt 0.00000000 0.00000000
vt 0.00000000 0.00000000
vt 0.00000000 0.00000000
vt 0.00000000 0.00000000
vt 0.00000000 0.00000000
vt 0.00000000 0.00000000
vt 0.00000000 0.00000000
vt 0.00000000 0.00000000
vt 0.00000000 0.00000000
vt 0.00000000 0.00000000
vt 0.00000000 0.00000000
vt 0.00000000 0.00000000
vt 0.00000000 0.00000000
vt 0.00000000 0.00000000
vt 0.00000000 0.00000000
vt 0.00000000 0.00000000
vt 0.00000000 0.00000000
vt 0.00000000 0.00000000
vt 0.00000000 0.00000000
vt 0.00000000 0.00000000
vt 0.00000000 0.00000000
vt 0.00000000 0.00000000
vt 0.00000000 0.00000000
vt 0.00000000 0.00000000
vt 0.00000000 0.00000000
vt 0.00000000 0.00000000
vt 0.00000000 0.00000000
vt 0.00000000 0.00000000
vt 0.00000000 0.00000000
vt 0.00000000 0.00000000
vt 0.00000000 0.00000000
vt 0.00000000 0.00000000
vt 0.00000000 0.00000000
vt 0.00000000 0.00000000
vt 0.00000000 0.00000000
vt 0.00000000 0.00000000
vt 0.00000000 0.00000000
vt 0.00000000 0.00000000
vt 0.00000000 0.00000000
vt 0.00000000 0.00000000
vt 0.00000000 0.00000000
vt 0.00000000 0.00000000
vt 0.00000000 0.00000000
vt 0.00000000 0.00000000
vt 0.00000000 0.00000000
vt 0.00000000 0.00000000
vt 0.00000000 0.00000000
vt 0.00000000 0.00000000
vt 0.00000000 0.00000000
vt 0.00000000 0.00000000
vt 0.00000000 0.00000000
vt 0.00000000 0.00000000
vt 0.00000000 0.00000000
vt 0.00000000 0.00000000
vt 0.00000000 0.00000000
vt 0.00000000 0.00000000
vt 0.00000000 0.00000000
vt 0.00000000 0.00000000
vt 0.00000000 0.00000000
vt 0.00000000 0.00000000
vt 0.00000000 0.00000000
vt 0.00000000 0.00000000
vt 0.00000000 0.00000000
vt 0.00000000 0.00000000
vt 0.00000000 0.00000000
vt 0.00000000 0.00000000
vt 0.00000000 0.00000000
vt 0.00000000 0.00000000
vt 0.00000000 0.00000000
vt 0.00000000 0.00000000
vt 0.00000000 0.00000000
vt 0.00000000 0.00000000
vt 0.00000000 0.00000000
vt 0.00000000 0.00000000
vt 0.00000000 0.00000000
vt 0.00000000 0.00000000
vt 0.00000000 0.00000000
vt 0.00000000 0.00000000
vt 0.00000000 0.00000000
vt 0.00000000 0.00000000
vt 0.00000000 0.00000000
vt 0.00000000 0.00000000
vt 0.00000000 0.00000000
vt 0.00000000 0.00000000
vt 0.00000000 0.00000000
vt 0.00000000 0.00000000
vt 0.00000000 0.00000000
vt 0.00000000 0.00000000
vt 0.00000000 0.00000000
vt 0.00000000 0.00000000
vt 0.00000000 0.00000000
vt 0.00000000 0.00000000
vt 0.00000000 0.00000000
vt 0.00000000 0.00000000
vt 0.00000000 0.00000000
vt 0.00000000 0.00000000
vt 0.00000000 0.00000000
vt 0.00000000 0.00000000
vt 0.00000000 0.00000000
vt 0.00000000 0.00000000
vt 0.00000000 0.00000000
vt 0.00000000 0.00000000
vt 0.00000000 0.00000000
vt 0.00000000 0.00000000
vt 0.00000000 0.00000000
vt 0.00000000 0.00000000
vt 0.00000000 0.00000000
vt 0.00000000 0.00000000
vt 0.00000000 0.00000000
vt 0.00000000 0.00000000
vt 0.00000000 0.00000000
vt 0.00000000 0.00000000
vt 0.00000000 0.00000000
vt 0.00000000 0.00000000
vt 0.00000000 0.00000000
vt 0.00000000 0.00000000
vt 0.00000000 0.00000000
vt 0.00000000 0.00000000
vt 0.00000000 0.00000000
vt 0.00000000 0.00000000
vt 0.00000000 0.00000000
vt 0.00000000 0.00000000
vt 0.00000000 0.00000000
vt 0.00000000 0.00000000
vt 0.00000000 0.00000000
vt 0.00000000 0.00000000
vt 0.00000000 0.00000000
vt 0.00000000 0.00000000
vt 0.00000000 0.00000000
vt 0.00000000 0.00000000
vt 0.00000000 0.00000000
vt 0.00000000 0.00000000
vt 0.00000000 0.00000000
vt 0.00000000 0.00000000
vt 0.00000000 0.00000000
vt 0.00000000 0.00000000
vt 0.00000000 0.00000000
vt 0.00000000 0.00000000
vt 0.00000000 0.00000000
vt 0.00000000 0.00000000
vt 0.00000000 0.00000000
vt 0.00000000 0.00000000
vt 0.00000000 0.00000000
vt 0.00000000 0.00000000
vt 0.00000000 0.00000000
vt 0.00000000 0.00000000
vt 0.00000000 0.00000000
vt 0.00000000 0.00000000
vt 0.00000000 0.00000000
vt 0.00000000 0.00000000
vt 0.00000000 0.00000000
vt 0.00000000 0.00000000
vt 0.00000000 0.00000000
vt 0.00000000 0.00000000
vt 0.00000000 0.00000000
vt 0.00000000 0.00000000
vt 0.00000000 0.00000000
vt 0.00000000 0.00000000
vt 0.00000000 0.00000000
vt 0.00000000 0.00000000
vt 0.00000000 0.00000000
vt 0.00000000 0.00000000
vt 0.00000000 0.00000000
vt 0.00000000 0.00000000
vt 0.00000000 0.00000000
vt 0.00000000 0.00000000
vt 0.00000000 0.00000000
vt 0.00000000 0.00000000
vt 0.00000000 0.00000000
vt 0.00000000 0.00000000
vt 0.00000000 0.00000000
vt 0.00000000 0.00000000
vt 0.00000000 0.00000000
vt 0.00000000 0.00000000
vt 0.00000000 0.00000000
vt 0.00000000 0.00000000
vt 0.00000000 0.00000000
vt 0.00000000 0.00000000
vt 0.00000000 0.00000000
vt 0.00000000 0.00000000
vt 0.00000000 0.00000000
vt 0.00000000 0.00000000
vt 0.00000000 0.00000000
vt 0.00000000 0.00000000
vt 0.00000000 0.00000000
vt 0.00000000 0.00000000
vt 0.00000000 0.00000000
vt 0.00000000 0.00000000
vt 0.00000000 0.00000000
vt 0.00000000 0.00000000
vt 0.00000000 0.00000000
vt 0.00000000 0.00000000
vt 0.00000000 0.00000000
vt 0.00000000 0.00000000
vt 0.00000000 0.00000000
vt 0.00000000 0.00000000
vt 0.00000000 0.00000000
vt 0.00000000 0.00000000
vt 0.00000000 0.00000000
vt 0.00000000 0.00000000
vt 0.00000000 0.00000000
vt 0.00000000 0.00000000
vt 0.00000000 0.00000000
vt 0.00000000 0.00000000
vt 0.00000000 0.00000000
vt 0.00000000 0.00000000
vt 0.00000000 0.00000000
vt 0.00000000 0.00000000
vt 0.00000000 0.00000000
vt 0.00000000 0.00000000
vt 0.00000000 0.00000000
vt 0.00000000 0.00000000
vt 0.00000000 0.00000000
vt 0.00000000 0.00000000
vt 0.00000000 0.00000000
vt 0.00000000 0.00000000
vt 0.00000000 0.00000000
vt 0.00000000 0.00000000
vt 0.00000000 0.00000000
vt 0.00000000 0.00000000
vt 0.00000000 0.00000000
vt 0.00000000 0.00000000
vt 0.00000000 0.00000000
vt 0.00000000 0.00000000
vt 0.00000000 0.00000000
vt 0.00000000 0.00000000
vt 0.00000000 0.00000000
vt 0.00000000 0.00000000
vt 0.00000000 0.00000000
vt 0.00000000 0.00000000
vt 0.00000000 0.00000000
vt 0.00000000 0.00000000
vt 0.00000000 0.00000000
vt 0.00000000 0.00000000
vt 0.00000000 0.00000000
vt 0.00000000 0.00000000
vt 0.00000000 0.00000000
vt 0.00000000 0.00000000
vt 0.00000000 0.00000000
vt 0.00000000 0.00000000
vt 0.00000000 0.00000000
vt 0.00000000 0.00000000
vt 0.00000000 0.00000000
vt 0.00000000 0.00000000
vt 0.00000000 0.00000000
vt 0.00000000 0.00000000
vt 0.00000000 0.00000000
vt 0.00000000 0.00000000
vt 0.00000000 0.00000000
vt 0.00000000 0.00000000
vt 0.00000000 0.00000000
vt 0.00000000 0.00000000
vt 0.00000000 0.00000000
vt 0.00000000 0.00000000
vt 0.00000000 0.00000000
vt 0.00000000 0.00000000
vt 0.00000000 0.00000000
vt 0.00000000 0.00000000
vt 0.00000000 0.00000000
vt 0.00000000 0.00000000
vt 0.00000000 0.00000000
vt 0.00000000 0.00000000
vt 0.00000000 0.00000000
vt 0.00000000 0.00000000
vt 0.00000000 0.00000000
vt 0.00000000 0.00000000
vt 0.00000000 0.00000000
vt 0.00000000 0.00000000
vt 0.00000000 0.00000000
vt 0.00000000 0.00000000
vt 0.00000000 0.00000000
vt 0.00000000 0.00000000
vt 0.00000000 0.00000000
vt 0.00000000 0.00000000
vt 0.00000000 0.00000000
vt 0.00000000 0.00000000
vt 0.00000000 0.00000000
vt 0.00000000 0.00000000
vt 0.00000000 0.00000000
vt 0.00000000 0.00000000
vt 0.00000000 0.00000000
vt 0.00000000 0.00000000
vt 0.00000000 0.00000000
vt 0.00000000 0.00000000
vt 0.00000000 0.00000000
vt 0.00000000 0.00000000
vt 0.00000000 0.00000000
vt 0.00000000 0.00000000
vt 0.00000000 0.00000000
vt 0.00000000 0.00000000
vt 0.00000000 0.00000000
vt 0.00000000 0.00000000
vt 0.00000000 0.00000000
vt 0.00000000 0.00000000
vt 0.00000000 0.00000000
vt 0.00000000 0.00000000
vt 0.00000000 0.00000000
vt 0.00000000 0.00000000
vt 0.00000000 0.00000000
vt 0.00000000 0.00000000
vt 0.00000000 0.00000000
vt 0.00000000 0.00000000
vt 0.00000000 0.00000000
vt 0.00000000 0.00000000
vt 0.00000000 0.00000000
vt 0.00000000 0.00000000
vt 0.00000000 0.00000000
vt 0.00000000 0.00000000
vt 0.00000000 0.00000000
vt 0.00000000 0.00000000
vt 0.00000000 0.00000000
vt 0.00000000 0.00000000
vt 0.00000000 0.00000000
vt 0.00000000 0.00000000
vt 0.00000000 0.00000000
vt 0.00000000 0.00000000
vt 0.00000000 0.00000000
vt 0.00000000 0.00000000
vt 0.00000000 0.00000000
vt 0.00000000 0.00000000
vt 0.00000000 0.00000000
vt 0.00000000 0.00000000
vt 0.00000000 0.00000000
vt 0.00000000 0.00000000
vt 0.00000000 0.00000000
vt 0.00000000 0.00000000
vt 0.00000000 0.00000000
vt 0.00000000 0.00000000
vt 0.00000000 0.00000000
vt 0.00000000 0.00000000
vt 0.00000000 0.00000000
vt 0.00000000 0.00000000
vt 0.00000000 0.00000000
vt 0.00000000 0.00000000
vt 0.00000000 0.00000000
vt 0.00000000 0.00000000
vt 0.00000000 0.00000000
vt 0.00000000 0.00000000
vt 0.00000000 0.00000000
vt 0.00000000 0.00000000
vt 0.00000000 0.00000000
vt 0.00000000 0.00000000
vt 0.00000000 0.00000000
vt 0.00000000 0.00000000
vt 0.00000000 0.00000000
vt 0.00000000 0.00000000
vt 0.00000000 0.00000000
vt 0.00000000 0.00000000
vt 0.00000000 0.00000000
vt 0.00000000 0.00000000
vt 0.00000000 0.00000000
vt 0.00000000 0.00000000
vt 0.00000000 0.00000000
vt 0.00000000 0.00000000
vt 0.00000000 0.00000000
vt 0.00000000 0.00000000
vt 0.00000000 0.00000000
vt 0.00000000 0.00000000
vt 0.00000000 0.00000000
vt 0.00000000 0.00000000
vt 0.00000000 0.00000000
vt 0.00000000 0.00000000
vt 0.00000000 0.00000000
vt 0.00000000 0.00000000
vt 0.00000000 0.00000000
vt 0.00000000 0.00000000
vt 0.00000000 0.00000000
vt 0.00000000 0.00000000
vt 0.00000000 0.00000000
vt 0.00000000 0.00000000
vt 0.00000000 0.00000000
vt 0.00000000 0.00000000
vt 0.00000000 0.00000000
vt 0.00000000 0.00000000
vt 0.00000000 0.00000000
vt 0.00000000 0.00000000
vt 0.00000000 0.00000000
vt 0.00000000 0.00000000
vt 0.00000000 0.00000000
vt 0.00000000 0.00000000
vt 0.00000000 0.00000000
vt 0.00000000 0.00000000
vt 0.00000000 0.00000000
vt 0.00000000 0.00000000
vt 0.00000000 0.00000000
vt 0.00000000 0.00000000
vt 0.00000000 0.00000000
vt 0.00000000 0.00000000
vt 0.00000000 0.00000000
vt 0.00000000 0.00000000
vt 0.00000000 0.00000000
vt 0.00000000 0.00000000
vt 0.00000000 0.00000000
vt 0.00000000 0.00000000
vt 0.00000000 0.00000000
vt 0.00000000 0.00000000
vt 0.00000000 0.00000000
vt 0.00000000 0.00000000
vt 0.00000000 0.00000000
vt 0.00000000 0.00000000
vt 0.00000000 0.00000000
vt 0.00000000 0.00000000
vt 0.00000000 0.00000000
vt 0.00000000 0.00000000
vt 0.00000000 0.00000000
vt 0.00000000 0.00000000
vt 0.00000000 0.00000000
vt 0.00000000 0.00000000
vt 0.00000000 0.00000000
vt 0.00000000 0.00000000
vt 0.00000000 0.00000000
vt 0.00000000 0.00000000
vt 0.00000000 0.00000000
vt 0.00000000 0.00000000
vt 0.00000000 0.00000000
vt 0.00000000 0.00000000
vt 0.00000000 0.00000000
vt 0.00000000 0.00000000
vt 0.00000000 0.00000000
vt 0.00000000 0.00000000
vt 0.00000000 0.00000000
vt 0.00000000 0.00000000
vt 0.00000000 0.00000000
vt 0.00000000 0.00000000
vt 0.00000000 0.00000000
vt 0.00000000 0.00000000
vt 0.00000000 0.00000000
vt 0.00000000 0.00000000
vt 0.00000000 0.00000000
vt 0.00000000 0.00000000
vt 0.00000000 0.00000000
vt 0.00000000 0.00000000
vt 0.00000000 0.00000000
vt 0.00000000 0.00000000
vt 0.00000000 0.00000000
vt 0.00000000 0.00000000
vt 0.00000000 0.00000000
vt 0.00000000 0.00000000
vt 0.00000000 0.00000000
vt 0.00000000 0.00000000
vt 0.00000000 0.00000000
vt 0.00000000 0.00000000
vt 0.00000000 0.00000000
vt 0.00000000 0.00000000
vt 0.00000000 0.00000000
vt 0.00000000 0.00000000
vt 0.00000000 0.00000000
vt 0.00000000 0.00000000
vt 0.00000000 0.00000000
vt 0.00000000 0.00000000
vt 0.00000000 0.00000000
vt 0.00000000 0.00000000
vt 0.00000000 0.00000000
vt 0.00000000 0.00000000
vt 0.00000000 0.00000000
vt 0.00000000 0.00000000
vt 0.00000000 0.00000000
vt 0.00000000 0.00000000
vt 0.00000000 0.00000000
vt 0.00000000 0.00000000
vt 0.00000000 0.00000000
vt 0.00000000 0.00000000
vt 0.00000000 0.00000000
vt 0.00000000 0.00000000
vt 0.00000000 0.00000000
vt 0.00000000 0.00000000
vt 0.00000000 0.00000000
vt 0.00000000 0.00000000
vt 0.00000000 0.00000000
vt 0.00000000 0.00000000
vt 0.00000000 0.00000000
vt 0.00000000 0.00000000
vt 0.00000000 0.00000000
vt 0.00000000 0.00000000
vt 0.00000000 0.00000000
vt 0.00000000 0.00000000
vt 0.00000000 0.00000000
vt 0.00000000 0.00000000
vt 0.00000000 0.00000000
vt 0.00000000 0.00000000
vt 0.00000000 0.00000000
vt 0.00000000 0.00000000
vt 0.00000000 0.00000000
vt 0.00000000 0.00000000
vt 0.00000000 0.00000000
vt 0.00000000 0.00000000
vt 0.00000000 0.00000000
vt 0.00000000 0.00000000
vt 0.00000000 0.00000000
vt 0.00000000 0.00000000
vt 0.00000000 0.00000000
vt 0.00000000 0.00000000
vt 0.00000000 0.00000000
vt 0.00000000 0.00000000
vt 0.00000000 0.00000000
vt 0.00000000 0.00000000
vt 0.00000000 0.00000000
vt 0.00000000 0.00000000
vt 0.00000000 0.00000000
vt 0.00000000 0.00000000
vt 0.00000000 0.00000000
vt 0.00000000 0.00000000
vt 0.00000000 0.00000000
vt 0.00000000 0.00000000
vt 0.00000000 0.00000000
vt 0.00000000 0.00000000
vt 0.00000000 0.00000000
vt 0.00000000 0.00000000
vt 0.00000000 0.00000000
vt 0.00000000 0.00000000
vt 0.00000000 0.00000000
vt 0.00000000 0.00000000
vt 0.00000000 0.00000000
vt 0.00000000 0.00000000
vt 0.00000000 0.00000000
vt 0.00000000 0.00000000
vt 0.00000000 0.00000000
vt 0.00000000 0.00000000
vt 0.00000000 0.00000000
vt 0.00000000 0.00000000
vt 0.00000000 0.00000000
vt 0.00000000 0.00000000
vt 0.00000000 0.00000000
vt 0.00000000 0.00000000
vt 0.00000000 0.00000000
vt 0.00000000 0.00000000
vt 0.00000000 0.00000000
vt 0.00000000 0.00000000
vt 0.00000000 0.00000000
vt 0.00000000 0.00000000
vt 0.00000000 0.00000000
vt 0.00000000 0.00000000
vt 0.00000000 0.00000000
vt 0.00000000 0.00000000
vt 0.00000000 0.00000000
vt 0.00000000 0.00000000
vt 0.00000000 0.00000000
vt 0.00000000 0.00000000
vt 0.00000000 0.00000000
vt 0.00000000 0.00000000
vt 0.00000000 0.00000000
vt 0.00000000 0.00000000
vt 0.00000000 0.00000000
vt 0.00000000 0.00000000
vt 0.00000000 0.00000000
vt 0.00000000 0.00000000
vt 0.00000000 0.00000000
vt 0.00000000 0.00000000
vt 0.00000000 0.00000000
vt 0.00000000 0.00000000
vt 0.00000000 0.00000000
vt 0.00000000 0.00000000
vt 0.00000000 0.00000000
vt 0.00000000 0.00000000
vt 0.00000000 0.00000000
vt 0.00000000 0.00000000
vt 0.00000000 0.00000000
vt 0.00000000 0.00000000
vt 0.00000000 0.00000000
vt 0.00000000 0.00000000
vt 0.00000000 0.00000000
vt 0.00000000 0.00000000
vt 0.00000000 0.00000000
vt 0.00000000 0.00000000
vt 0.00000000 0.00000000
vt 0.00000000 0.00000000
vt 0.00000000 0.00000000
vt 0.00000000 0.00000000
vt 0.00000000 0.00000000
vt 0.00000000 0.00000000
vt 0.00000000 0.00000000
vt 0.00000000 0.00000000
vt 0.00000000 0.00000000
vt 0.00000000 0.00000000
vt 0.00000000 0.00000000
vt 0.00000000 0.00000000
vt 0.00000000 0.00000000
vt 0.00000000 0.00000000
vt 0.00000000 0.00000000
vt 0.00000000 0.00000000
vt 0.00000000 0.00000000
vt 0.00000000 0.00000000
vt 0.00000000 0.00000000
vt 0.00000000 0.00000000
vt 0.00000000 0.00000000
vt 0.00000000 0.00000000
vt 0.00000000 0.00000000
vt 0.00000000 0.00000000
vt 0.00000000 0.00000000
vt 0.00000000 0.00000000
vt 0.00000000 0.00000000
vt 0.00000000 0.00000000
vt 0.00000000 0.00000000
vt 0.00000000 0.00000000
vt 0.00000000 0.00000000
vt 0.00000000 0.00000000
vt 0.00000000 0.00000000
vt 0.00000000 0.00000000
vt 0.00000000 0.00000000
vt 0.00000000 0.00000000
vt 0.00000000 0.00000000
vt 0.00000000 0.00000000
vt 0.00000000 0.00000000
vt 0.00000000 0.00000000
vt 0.00000000 0.00000000
vt 0.00000000 0.00000000
vt 0.00000000 0.00000000
vt 0.00000000 0.00000000
vt 0.00000000 0.00000000
vt 0.00000000 0.00000000
vt 0.00000000 0.00000000
vt 0.00000000 0.00000000
vt 0.00000000 0.00000000
vt 0.00000000 0.00000000
vt 0.00000000 0.00000000
vt 0.00000000 0.00000000
vt 0.00000000 0.00000000
vt 0.00000000 0.00000000
vt 0.00000000 0.00000000
vt 0.00000000 0.00000000
vt 0.00000000 0.00000000
vt 0.00000000 0.00000000
vt 0.00000000 0.00000000
vt 0.00000000 0.00000000
vt 0.00000000 0.00000000
vt 0.00000000 0.00000000
vt 0.00000000 0.00000000
vt 0.00000000 0.00000000
vt 0.00000000 0.00000000
vt 0.00000000 0.00000000
vt 0.00000000 0.00000000
vt 0.00000000 0.00000000
vt 0.00000000 0.00000000
vt 0.00000000 0.00000000
vt 0.00000000 0.00000000
vt 0.00000000 0.00000000
vt 0.00000000 0.00000000
vt 0.00000000 0.00000000
vt 0.00000000 0.00000000
vt 0.00000000 0.00000000
vt 0.00000000 0.00000000
vt 0.00000000 0.00000000
vt 0.00000000 0.00000000
vt 0.00000000 0.00000000
vt 0.00000000 0.00000000
vt 0.00000000 0.00000000
vt 0.00000000 0.00000000
vt 0.00000000 0.00000000
vt 0.00000000 0.00000000
vt 0.00000000 0.00000000
vt 0.00000000 0.00000000
vt 0.00000000 0.00000000
vt 0.00000000 0.00000000
vt 0.00000000 0.00000000
vt 0.00000000 0.00000000
vt 0.00000000 0.00000000
vt 0.00000000 0.00000000
vt 0.00000000 0.00000000
vt 0.00000000 0.00000000
vt 0.00000000 0.00000000
vt 0.00000000 0.00000000
vt 0.00000000 0.00000000
vt 0.00000000 0.00000000
vt 0.00000000 0.00000000
vt 0.00000000 0.00000000
vt 0.00000000 0.00000000
vt 0.00000000 0.00000000
vt 0.00000000 0.00000000
vt 0.00000000 0.00000000
vt 0.00000000 0.00000000
vt 0.00000000 0.00000000
vt 0.00000000 0.00000000
vt 0.00000000 0.00000000
vt 0.00000000 0.00000000
vt 0.00000000 0.00000000
vt 0.00000000 0.00000000
vt 0.00000000 0.00000000
vt 0.00000000 0.00000000
vt 0.00000000 0.00000000
vt 0.00000000 0.00000000
vt 0.00000000 0.00000000
vt 0.00000000 0.00000000
vt 0.00000000 0.00000000
vt 0.00000000 0.00000000
vt 0.00000000 0.00000000
vt 0.00000000 0.00000000
vt 0.00000000 0.00000000
vt 0.00000000 0.00000000
vt 0.00000000 0.00000000
vt 0.00000000 0.00000000
vt 0.00000000 0.00000000
vt 0.00000000 0.00000000
vt 0.00000000 0.00000000
vt 0.00000000 0.00000000
vt 0.00000000 0.00000000
vt 0.00000000 0.00000000
vt 0.00000000 0.00000000
vt 0.00000000 0.00000000
vt 0.00000000 0.00000000
vt 0.00000000 0.00000000
vt 0.00000000 0.00000000
vt 0.00000000 0.00000000
vt 0.00000000 0.00000000
vt 0.00000000 0.00000000
vt 0.00000000 0.00000000
vt 0.00000000 0.00000000
vt 0.00000000 0.00000000
vt 0.00000000 0.00000000
vt 0.00000000 0.00000000
vt 0.00000000 0.00000000
vt 0.00000000 0.00000000
vt 0.00000000 0.00000000
vt 0.00000000 0.00000000
vt 0.00000000 0.00000000
vt 0.00000000 0.00000000
vt 0.00000000 0.00000000
vt 0.00000000 0.00000000
vt 0.00000000 0.00000000
vt 0.00000000 0.00000000
vt 0.00000000 0.00000000
vt 0.00000000 0.00000000
vt 0.00000000 0.00000000
vt 0.00000000 0.00000000
vt 0.00000000 0.00000000
vt 0.00000000 0.00000000
vt 0.00000000 0.00000000
vt 0.00000000 0.00000000
vt 0.00000000 0.00000000
vt 0.00000000 0.00000000
vt 0.00000000 0.00000000
vt 0.00000000 0.00000000
vt 0.00000000 0.00000000
vt 0.00000000 0.00000000
vt 0.00000000 0.00000000
vt 0.00000000 0.00000000
vt 0.00000000 0.00000000
vt 0.00000000 0.00000000
vt 0.00000000 0.00000000
vt 0.00000000 0.00000000
vt 0.00000000 0.00000000
vt 0.00000000 0.00000000
vt 0.00000000 0.00000000
vt 0.00000000 0.00000000
vt 0.00000000 0.00000000
vt 0.00000000 0.00000000
vt 0.00000000 0.00000000
vt 0.00000000 0.00000000
vt 0.00000000 0.00000000
vt 0.00000000 0.00000000
vt 0.00000000 0.00000000
vt 0.00000000 0.00000000
vt 0.00000000 0.00000000
vt 0.00000000 0.00000000
vt 0.00000000 0.00000000
vt 0.00000000 0.00000000
vt 0.00000000 0.00000000
vt 0.00000000 0.00000000
vt 0.00000000 0.00000000
vt 0.00000000 0.00000000
vt 0.00000000 0.00000000
vt 0.00000000 0.00000000
vt 0.00000000 0.00000000
vt 0.00000000 0.00000000
vt 0.00000000 0.00000000
vt 0.00000000 0.00000000
vt 0.00000000 0.00000000
vt 0.00000000 0.00000000
vt 0.00000000 0.00000000
vt 0.00000000 0.00000000
vt 0.00000000 0.00000000
vt 0.00000000 0.00000000
vt 0.00000000 0.00000000
vt 0.00000000 0.00000000
vt 0.00000000 0.00000000
vt 0.00000000 0.00000000
vt 0.00000000 0.00000000
vt 0.00000000 0.00000000
vt 0.00000000 0.00000000
vt 0.00000000 0.00000000
vt 0.00000000 0.00000000
vt 0.00000000 0.00000000
vt 0.00000000 0.00000000
vt 0.00000000 0.00000000
vt 0.00000000 0.00000000
vt 0.00000000 0.00000000
vt 0.00000000 0.00000000
vt 0.00000000 0.00000000
vt 0.00000000 0.00000000
vt 0.00000000 0.00000000
vt 0.00000000 0.00000000
vt 0.00000000 0.00000000
vt 0.00000000 0.00000000
vt 0.00000000 0.00000000
vt 0.00000000 0.00000000
vt 0.00000000 0.00000000
vt 0.00000000 0.00000000
vt 0.00000000 0.00000000
vt 0.00000000 0.00000000
vt 0.00000000 0.00000000
vt 0.00000000 0.00000000
vt 0.00000000 0.00000000
vt 0.00000000 0.00000000
vt 0.00000000 0.00000000
vt 0.00000000 0.00000000
vt 0.00000000 0.00000000
vt 0.00000000 0.00000000
vt 0.00000000 0.00000000
vt 0.00000000 0.00000000
vt 0.00000000 0.00000000
vt 0.00000000 0.00000000
vt 0.00000000 0.00000000
vt 0.00000000 0.00000000
vt 0.00000000 0.00000000
vt 0.00000000 0.00000000
vt 0.00000000 0.00000000
vt 0.00000000 0.00000000
vt 0.00000000 0.00000000
vt 0.00000000 0.00000000
vt 0.00000000 0.00000000
vt 0.00000000 0.00000000
vt 0.00000000 0.00000000
vt 0.00000000 0.00000000
vt 0.00000000 0.00000000
vt 0.00000000 0.00000000
vt 0.00000000 0.00000000
vt 0.00000000 0.00000000
vt 0.00000000 0.00000000
vt 0.00000000 0.00000000
vt 0.00000000 0.00000000
vt 0.00000000 0.00000000
vt 0.00000000 0.00000000
vt 0.00000000 0.00000000
vt 0.00000000 0.00000000
vt 0.00000000 0.00000000
vt 0.00000000 0.00000000
vt 0.00000000 0.00000000
vt 0.00000000 0.00000000
vt 0.00000000 0.00000000
vt 0.00000000 0.00000000
vt 0.00000000 0.00000000
vt 0.00000000 0.00000000
vt 0.00000000 0.00000000
vt 0.00000000 0.00000000
vt 0.00000000 0.00000000
vt 0.00000000 0.00000000
vt 0.00000000 0.00000000
vt 0.00000000 0.00000000
vt 0.00000000 0.00000000
vt 0.00000000 0.00000000
vt 0.00000000 0.00000000
vt 0.00000000 0.00000000
vt 0.00000000 0.00000000
vt 0.00000000 0.00000000
vt 0.00000000 0.00000000
vt 0.00000000 0.00000000
vt 0.00000000 0.00000000
vt 0.00000000 0.00000000
vt 0.00000000 0.00000000
vt 0.00000000 0.00000000
vt 0.00000000 0.00000000
vt 0.00000000 0.00000000
vt 0.00000000 0.00000000
vt 0.00000000 0.00000000
vt 0.00000000 0.00000000
vt 0.00000000 0.00000000
vt 0.00000000 0.00000000
vt 0.00000000 0.00000000
vt 0.00000000 0.00000000
vt 0.00000000 0.00000000
vt 0.00000000 0.00000000
vt 0.00000000 0.00000000
vt 0.00000000 0.00000000
vt 0.00000000 0.00000000
vt 0.00000000 0.00000000
vt 0.00000000 0.00000000
vt 0.00000000 0.00000000
vt 0.00000000 0.00000000
vt 0.00000000 0.00000000
vt 0.00000000 0.00000000
vt 0.00000000 0.00000000
vt 0.00000000 0.00000000
vt 0.00000000 0.00000000
vt 0.00000000 0.00000000
vt 0.00000000 0.00000000
vt 0.00000000 0.00000000
vt 0.00000000 0.00000000
vt 0.00000000 0.00000000
vt 0.00000000 0.00000000
vt 0.00000000 0.00000000
vt 0.00000000 0.00000000
vt 0.00000000 0.00000000
vt 0.00000000 0.00000000
vt 0.00000000 0.00000000
vt 0.00000000 0.00000000
vt 0.00000000 0.00000000
vt 0.00000000 0.00000000
vt 0.00000000 0.00000000
vt 0.00000000 0.00000000
vt 0.00000000 0.00000000
vt 0.00000000 0.00000000
vt 0.00000000 0.00000000
vt 0.00000000 0.00000000
vt 0.00000000 0.00000000
vt 0.00000000 0.00000000
vt 0.00000000 0.00000000
vt 0.00000000 0.00000000
vt 0.00000000 0.00000000
vt 0.00000000 0.00000000
vt 0.00000000 0.00000000
vt 0.00000000 0.00000000
vt 0.00000000 0.00000000
vt 0.00000000 0.00000000
vt 0.00000000 0.00000000
vt 0.00000000 0.00000000
vt 0.00000000 0.00000000
vt 0.00000000 0.00000000
vt 0.00000000 0.00000000
vt 0.00000000 0.00000000
vt 0.00000000 0.00000000
vt 0.00000000 0.00000000
vt 0.00000000 0.00000000
vt 0.00000000 0.00000000
vt 0.00000000 0.00000000
vt 0.00000000 0.00000000
vt 0.00000000 0.00000000
vt 0.00000000 0.00000000
vt 0.00000000 0.00000000
vt 0.00000000 0.00000000
vt 0.00000000 0.00000000
vt 0.00000000 0.00000000
vt 0.00000000 0.00000000
vt 0.00000000 0.00000000
vt 0.00000000 0.00000000
vt 0.00000000 0.00000000
vt 0.00000000 0.00000000
vt 0.00000000 0.00000000
vt 0.00000000 0.00000000
vt 0.00000000 0.00000000
vt 0.00000000 0.00000000
vt 0.00000000 0.00000000
vt 0.00000000 0.00000000
vt 0.00000000 0.00000000
vt 0.00000000 0.00000000
vt 0.00000000 0.00000000
vt 0.00000000 0.00000000
vt 0.00000000 0.00000000
vt 0.00000000 0.00000000
vt 0.00000000 0.00000000
vt 0.00000000 0.00000000
vt 0.00000000 0.00000000
vt 0.00000000 0.00000000
vt 0.00000000 0.00000000
vt 0.00000000 0.00000000
vt 0.00000000 0.00000000
vt 0.00000000 0.00000000
vt 0.00000000 0.00000000
vt 0.00000000 0.00000000
vt 0.00000000 0.00000000
vt 0.00000000 0.00000000
vt 0.00000000 0.00000000
vt 0.00000000 0.00000000
vt 0.00000000 0.00000000
vt 0.00000000 0.00000000
vt 0.00000000 0.00000000
vt 0.00000000 0.00000000
vt 0.00000000 0.00000000
vt 0.00000000 0.00000000
vt 0.00000000 0.00000000
vt 0.00000000 0.00000000
vt 0.00000000 0.00000000
vt 0.00000000 0.00000000
vt 0.00000000 0.00000000
vt 0.00000000 0.00000000
vt 0.00000000 0.00000000
vt 0.00000000 0.00000000
vt 0.00000000 0.00000000
vt 0.00000000 0.00000000
vt 0.00000000 0.00000000
vt 0.00000000 0.00000000
vt 0.00000000 0.00000000
vt 0.00000000 0.00000000
vt 0.00000000 0.00000000
vt 0.00000000 0.00000000
vt 0.00000000 0.00000000
vt 0.00000000 0.00000000
vt 0.00000000 0.00000000
vt 0.00000000 0.00000000
vt 0.00000000 0.00000000
vt 0.00000000 0.00000000
vt 0.00000000 0.00000000
vt 0.00000000 0.00000000
vt 0.00000000 0.00000000
vt 0.00000000 0.00000000
vt 0.00000000 0.00000000
vt 0.00000000 0.00000000
vt 0.00000000 0.00000000
vt 0.00000000 0.00000000
vt 0.00000000 0.00000000
vt 0.00000000 0.00000000
vt 0.00000000 0.00000000
vt 0.00000000 0.00000000
vt 0.00000000 0.00000000
vt 0.00000000 0.00000000
vt 0.00000000 0.00000000
vt 0.00000000 0.00000000
vt 0.00000000 0.00000000
vt 0.00000000 0.00000000
vt 0.00000000 0.00000000
vt 0.00000000 0.00000000
vt 0.00000000 0.00000000
vt 0.00000000 0.00000000
vt 0.00000000 0.00000000
vt 0.00000000 0.00000000
vt 0.00000000 0.00000000
vt 0.00000000 0.00000000
vt 0.00000000 0.00000000
vt 0.00000000 0.00000000
vt 0.00000000 0.00000000
vt 0.00000000 0.00000000
vt 0.00000000 0.00000000
vt 0.00000000 0.00000000
vt 0.00000000 0.00000000
vt 0.00000000 0.00000000
vt 0.00000000 0.00000000
vt 0.00000000 0.00000000
vt 0.00000000 0.00000000
vt 0.00000000 0.00000000
vt 0.00000000 0.00000000
vt 0.00000000 0.00000000
vt 0.00000000 0.00000000
vt 0.00000000 0.00000000
vt 0.00000000 0.00000000
vt 0.00000000 0.00000000
vt 0.00000000 0.00000000
vt 0.00000000 0.00000000
vt 0.00000000 0.00000000
vt 0.00000000 0.00000000
vt 0.00000000 0.00000000
vt 0.00000000 0.00000000
vt 0.00000000 0.00000000
vt 0.00000000 0.00000000
vt 0.00000000 0.00000000
vt 0.00000000 0.00000000
vt 0.00000000 0.00000000
vt 0.00000000 0.00000000
vt 0.00000000 0.00000000
vt 0.00000000 0.00000000
vt 0.00000000 0.00000000
vt 0.00000000 0.00000000
vt 0.00000000 0.00000000
vt 0.00000000 0.00000000
vt 0.00000000 0.00000000
vt 0.00000000 0.00000000
vt 0.00000000 0.00000000
vt 0.00000000 0.00000000
vt 0.00000000 0.00000000
vt 0.00000000 0.00000000
vt 0.00000000 0.00000000
vt 0.00000000 0.00000000
vt 0.00000000 0.00000000
vt 0.00000000 0.00000000
vt 0.00000000 0.00000000
vt 0.00000000 0.00000000
vt 0.00000000 0.00000000
vt 0.00000000 0.00000000
vt 0.00000000 0.00000000
vt 0.00000000 0.00000000
vt 0.00000000 0.00000000
vt 0.00000000 0.00000000
vt 0.00000000 0.00000000
vt 0.00000000 0.00000000
vt 0.00000000 0.00000000
vt 0.00000000 0.00000000
vt 0.00000000 0.00000000
vt 0.00000000 0.00000000
vt 0.00000000 0.00000000
vt 0.00000000 0.00000000
vt 0.00000000 0.00000000
vt 0.00000000 0.00000000
vt 0.00000000 0.00000000
vt 0.00000000 0.00000000
vt 0.00000000 0.00000000
vt 0.00000000 0.00000000
vt 0.00000000 0.00000000
vt 0.00000000 0.00000000
vt 0.00000000 0.00000000
vt 0.00000000 0.00000000
vt 0.00000000 0.00000000
vt 0.00000000 0.00000000
vt 0.00000000 0.00000000
vt 0.00000000 0.00000000
vt 0.00000000 0.00000000
vt 0.00000000 0.00000000
vt 0.00000000 0.00000000
vt 0.00000000 0.00000000
vt 0.00000000 0.00000000
vt 0.00000000 0.00000000
vt 0.00000000 0.00000000
vt 0.00000000 0.00000000
vt 0.00000000 0.00000000
vt 0.00000000 0.00000000
vt 0.00000000 0.00000000
vt 0.00000000 0.00000000
vt 0.00000000 0.00000000
vt 0.00000000 0.00000000
vt 0.00000000 0.00000000
vt 0.00000000 0.00000000
vt 0.00000000 0.00000000
vt 0.00000000 0.00000000
vt 0.00000000 0.00000000
vt 0.00000000 0.00000000
vt 0.00000000 0.00000000
vt 0.00000000 0.00000000
vt 0.00000000 0.00000000
vt 0.00000000 0.00000000
vt 0.00000000 0.00000000
vt 0.00000000 0.00000000
vt 0.00000000 0.00000000
vt 0.00000000 0.00000000
vt 0.00000000 0.00000000
vt 0.00000000 0.00000000
vt 0.00000000 0.00000000
vt 0.00000000 0.00000000
vt 0.00000000 0.00000000
vt 0.00000000 0.00000000
vt 0.00000000 0.00000000
vt 0.00000000 0.00000000
vt 0.00000000 0.00000000
vt 0.00000000 0.00000000
vt 0.00000000 0.00000000
vt 0.00000000 0.00000000
vt 0.00000000 0.00000000
vt 0.00000000 0.00000000
vt 0.00000000 0.00000000
vt 0.00000000 0.00000000
vt 0.00000000 0.00000000
vt 0.00000000 0.00000000
vt 0.00000000 0.00000000
vt 0.00000000 0.00000000
vt 0.00000000 0.00000000
vt 0.00000000 0.00000000
vt 0.00000000 0.00000000
vt 0.00000000 0.00000000
vt 0.00000000 0.00000000
vt 0.00000000 0.00000000
vt 0.00000000 0.00000000
vt 0.00000000 0.00000000
vt 0.00000000 0.00000000
vt 0.00000000 0.00000000
vt 0.00000000 0.00000000
vt 0.00000000 0.00000000
vt 0.00000000 0.00000000
vt 0.00000000 0.00000000
vt 0.00000000 0.00000000
vt 0.00000000 0.00000000
vt 0.00000000 0.00000000
vt 0.00000000 0.00000000
vt 0.00000000 0.00000000
vt 0.00000000 0.00000000
vt 0.00000000 0.00000000
vt 0.00000000 0.00000000
vt 0.00000000 0.00000000
vt 0.00000000 0.00000000
vt 0.00000000 0.00000000
vt 0.00000000 0.00000000
vt 0.00000000 0.00000000
vt 0.00000000 0.00000000
vt 0.00000000 0.00000000
vt 0.00000000 0.00000000
vt 0.00000000 0.00000000
vt 0.00000000 0.00000000
vt 0.00000000 0.00000000
vt 0.00000000 0.00000000
vt 0.00000000 0.00000000
vt 0.00000000 0.00000000
vt 0.00000000 0.00000000
vt 0.00000000 0.00000000
vt 0.00000000 0.00000000
vt 0.00000000 0.00000000
vt 0.00000000 0.00000000
vt 0.00000000 0.00000000
vt 0.00000000 0.00000000
vt 0.00000000 0.00000000
vt 0.00000000 0.00000000
vt 0.00000000 0.00000000
vt 0.00000000 0.00000000
vt 0.00000000 0.00000000
vt 0.00000000 0.00000000
vt 0.00000000 0.00000000
vt 0.00000000 0.00000000
vt 0.00000000 0.00000000
vt 0.00000000 0.00000000
vt 0.00000000 0.00000000
vt 0.00000000 0.00000000
vt 0.00000000 0.00000000
vt 0.00000000 0.00000000
vt 0.00000000 0.00000000
vt 0.00000000 0.00000000
vt 0.00000000 0.00000000
vt 0.00000000 0.00000000
vt 0.00000000 0.00000000
vt 0.00000000 0.00000000
vt 0.00000000 0.00000000
vt 0.00000000 0.00000000
vt 0.00000000 0.00000000
vt 0.00000000 0.00000000
vt 0.00000000 0.00000000
vt 0.00000000 0.00000000
vt 0.00000000 0.00000000
vt 0.00000000 0.00000000
vt 0.00000000 0.00000000
vt 0.00000000 0.00000000
vt 0.00000000 0.00000000
vt 0.00000000 0.00000000
vt 0.00000000 0.00000000
vt 0.00000000 0.00000000
vt 0.00000000 0.00000000
vt 0.00000000 0.00000000
vt 0.00000000 0.00000000
vt 0.00000000 0.00000000
vt 0.00000000 0.00000000
vt 0.00000000 0.00000000
vt 0.00000000 0.00000000
vt 0.00000000 0.00000000
vt 0.00000000 0.00000000
vt 0.00000000 0.00000000
vt 0.00000000 0.00000000
vt 0.00000000 0.00000000
vt 0.00000000 0.00000000
vt 0.00000000 0.00000000
vt 0.00000000 0.00000000
vt 0.00000000 0.00000000
vt 0.00000000 0.00000000
vt 0.00000000 0.00000000
vt 0.00000000 0.00000000
vt 0.00000000 0.00000000
vt 0.00000000 0.00000000
vt 0.00000000 0.00000000
vt 0.00000000 0.00000000
vt 0.00000000 0.00000000
vt 0.00000000 0.00000000
vt 0.00000000 0.00000000
vt 0.00000000 0.00000000
vt 0.00000000 0.00000000
vt 0.00000000 0.00000000
vt 0.00000000 0.00000000
vt 0.00000000 0.00000000
vt 0.00000000 0.00000000
vt 0.00000000 0.00000000
vt 0.00000000 0.00000000
vt 0.00000000 0.00000000
vt 0.00000000 0.00000000
vt 0.00000000 0.00000000
vt 0.00000000 0.00000000
vt 0.00000000 0.00000000
vt 0.00000000 0.00000000
vt 0.00000000 0.00000000
vt 0.00000000 0.00000000
vt 0.00000000 0.00000000
vt 0.00000000 0.00000000
vt 0.00000000 0.00000000
vt 0.00000000 0.00000000
vt 0.00000000 0.00000000
vt 0.00000000 0.00000000
vt 0.00000000 0.00000000
vt 0.00000000 0.00000000
vt 0.00000000 0.00000000
vt 0.00000000 0.00000000
vt 0.00000000 0.00000000
vt 0.00000000 0.00000000
vt 0.00000000 0.00000000
vt 0.00000000 0.00000000
vt 0.00000000 0.00000000
vt 0.00000000 0.00000000
vt 0.00000000 0.00000000
vt 0.00000000 0.00000000
vt 0.00000000 0.00000000
vt 0.00000000 0.00000000
vt 0.00000000 0.00000000
vt 0.00000000 0.00000000
vt 0.00000000 0.00000000
vt 0.00000000 0.00000000
vt 0.00000000 0.00000000
vt 0.00000000 0.00000000
vt 0.00000000 0.00000000
vt 0.00000000 0.00000000
vt 0.00000000 0.00000000
vt 0.00000000 0.00000000
vt 0.00000000 0.00000000
vt 0.00000000 0.00000000
vt 0.00000000 0.00000000
vt 0.00000000 0.00000000
vt 0.00000000 0.00000000
vt 0.00000000 0.00000000
vt 0.00000000 0.00000000
vt 0.00000000 0.00000000
vt 0.00000000 0.00000000
vt 0.00000000 0.00000000
vt 0.00000000 0.00000000
vt 0.00000000 0.00000000
vt 0.00000000 0.00000000
vt 0.00000000 0.00000000
vt 0.00000000 0.00000000
vt 0.00000000 0.00000000
vt 0.00000000 0.00000000
vt 0.00000000 0.00000000
vt 0.00000000 0.00000000
vt 0.00000000 0.00000000
vt 0.00000000 0.00000000
vt 0.00000000 0.00000000
vt 0.00000000 0.00000000
vt 0.00000000 0.00000000
vt 0.00000000 0.00000000
vt 0.00000000 0.00000000
vt 0.00000000 0.00000000
vt 0.00000000 0.00000000
vt 0.00000000 0.00000000
vt 0.00000000 0.00000000
vt 0.00000000 0.00000000
vt 0.00000000 0.00000000
vt 0.00000000 0.00000000
vt 0.00000000 0.00000000
vt 0.00000000 0.00000000
vt 0.00000000 0.00000000
vt 0.00000000 0.00000000
vt 0.00000000 0.00000000
vt 0.00000000 0.00000000
vt 0.00000000 0.00000000
vt 0.00000000 0.00000000
vt 0.00000000 0.00000000
vt 0.00000000 0.00000000
vt 0.00000000 0.00000000
vt 0.00000000 0.00000000
vt 0.00000000 0.00000000
vt 0.00000000 0.00000000
vt 0.00000000 0.00000000
vt 0.00000000 0.00000000
vt 0.00000000 0.00000000
vt 0.00000000 0.00000000
vt 0.00000000 0.00000000
vt 0.00000000 0.00000000
vt 0.00000000 0.00000000
vt 0.00000000 0.00000000
vt 0.00000000 0.00000000
vt 0.00000000 0.00000000
vt 0.00000000 0.00000000
vt 0.00000000 0.00000000
vt 0.00000000 0.00000000
vt 0.00000000 0.00000000
vt 0.00000000 0.00000000
vt 0.00000000 0.00000000
vt 0.00000000 0.00000000
vt 0.00000000 0.00000000
vt 0.00000000 0.00000000
vt 0.00000000 0.00000000
vt 0.00000000 0.00000000
vt 0.00000000 0.00000000
vt 0.00000000 0.00000000
vt 0.00000000 0.00000000
vt 0.00000000 0.00000000
vt 0.00000000 0.00000000
vt 0.00000000 0.00000000
vt 0.00000000 0.00000000
vt 0.00000000 0.00000000
vt 0.00000000 0.00000000
vt 0.00000000 0.00000000
vt 0.00000000 0.00000000
vt 0.00000000 0.00000000
vt 0.00000000 0.00000000
vt 0.00000000 0.00000000
vt 0.00000000 0.00000000
vt 0.00000000 0.00000000
vt 0.00000000 0.00000000
vt 0.00000000 0.00000000
vt 0.00000000 0.00000000
vt 0.00000000 0.00000000
vt 0.00000000 0.00000000
vt 0.00000000 0.00000000
vt 0.00000000 0.00000000
vt 0.00000000 0.00000000
vt 0.00000000 0.00000000
vt 0.00000000 0.00000000
vt 0.00000000 0.00000000
vt 0.00000000 0.00000000
vt 0.00000000 0.00000000
vt 0.00000000 0.00000000
vt 0.00000000 0.00000000
vt 0.00000000 0.00000000
vt 0.00000000 0.00000000
vt 0.00000000 0.00000000
vt 0.00000000 0.00000000
vt 0.00000000 0.00000000
vt 0.00000000 0.00000000
vt 0.00000000 0.00000000
vt 0.00000000 0.00000000
vt 0.00000000 0.00000000
vt 0.00000000 0.00000000
vt 0.00000000 0.00000000
vt 0.00000000 0.00000000
vt 0.00000000 0.00000000
vt 0.00000000 0.00000000
vt 0.00000000 0.00000000
vt 0.00000000 0.00000000
vt 0.00000000 0.00000000
vt 0.00000000 0.00000000
vt 0.00000000 0.00000000
vt 0.00000000 0.00000000
vt 0.00000000 0.00000000
vt 0.00000000 0.00000000
vt 0.00000000 0.00000000
vt 0.00000000 0.00000000
vt 0.00000000 0.00000000
vt 0.00000000 0.00000000
vt 0.00000000 0.00000000
vt 0.00000000 0.00000000
vt 0.00000000 0.00000000
vt 0.00000000 0.00000000
vt 0.00000000 0.00000000
vt 0.00000000 0.00000000
vt 0.00000000 0.00000000
vt 0.00000000 0.00000000
vt 0.00000000 0.00000000
vt 0.00000000 0.00000000
vt 0.00000000 0.00000000
vt 0.00000000 0.00000000
vt 0.00000000 0.00000000
vt 0.00000000 0.00000000
vt 0.00000000 0.00000000
vt 0.00000000 0.00000000
vt 0.00000000 0.00000000
vt 0.00000000 0.00000000
vt 0.00000000 0.00000000
vt 0.00000000 0.00000000
vt 0.00000000 0.00000000
vt 0.00000000 0.00000000
vt 0.00000000 0.00000000
vt 0.00000000 0.00000000
vt 0.00000000 0.00000000
vt 0.00000000 0.00000000
vt 0.00000000 0.00000000
vt 0.00000000 0.00000000
vt 0.00000000 0.00000000
vt 0.00000000 0.00000000
vt 0.00000000 0.00000000
vt 0.00000000 0.00000000
vt 0.00000000 0.00000000
vt 0.00000000 0.00000000
vt 0.00000000 0.00000000
vt 0.00000000 0.00000000
vt 0.00000000 0.00000000
vt 0.00000000 0.00000000
vt 0.00000000 0.00000000
vt 0.00000000 0.00000000
vt 0.00000000 0.00000000
vt 0.00000000 0.00000000
vt 0.00000000 0.00000000
vt 0.00000000 0.00000000
vt 0.00000000 0.00000000
vt 0.00000000 0.00000000
vt 0.00000000 0.00000000
vt 0.00000000 0.00000000
vt 0.00000000 0.00000000
vt 0.00000000 0.00000000
vt 0.00000000 0.00000000
vt 0.00000000 0.00000000
vt 0.00000000 0.00000000
vt 0.00000000 0.00000000
vt 0.00000000 0.00000000
vt 0.00000000 0.00000000
vt 0.00000000 0.00000000
vt 0.00000000 0.00000000
vt 0.00000000 0.00000000
vt 0.00000000 0.00000000
vt 0.00000000 0.00000000
vt 0.00000000 0.00000000
vt 0.00000000 0.00000000
vt 0.00000000 0.00000000
vt 0.00000000 0.00000000
vt 0.00000000 0.00000000
vt 0.00000000 0.00000000
vt 0.00000000 0.00000000
vt 0.00000000 0.00000000
vt 0.00000000 0.00000000
vt 0.00000000 0.00000000
vt 0.00000000 0.00000000
vt 0.00000000 0.00000000
vt 0.00000000 0.00000000
vt 0.00000000 0.00000000
vt 0.00000000 0.00000000
vt 0.00000000 0.00000000
vt 0.00000000 0.00000000
vt 0.00000000 0.00000000
vt 0.00000000 0.00000000
vt 0.00000000 0.00000000
vt 0.00000000 0.00000000
vt 0.00000000 0.00000000
vt 0.00000000 0.00000000
vt 0.00000000 0.00000000
vt 0.00000000 0.00000000
vt 0.00000000 0.00000000
vt 0.00000000 0.00000000
vt 0.00000000 0.00000000
vt 0.00000000 0.00000000
vt 0.00000000 0.00000000
vt 0.00000000 0.00000000
vt 0.00000000 0.00000000
vt 0.00000000 0.00000000
vt 0.00000000 0.00000000
vt 0.00000000 0.00000000
vt 0.00000000 0.00000000
vt 0.00000000 0.00000000
vt 0.00000000 0.00000000
vt 0.00000000 0.00000000
vt 0.00000000 0.00000000
vt 0.00000000 0.00000000
vt 0.00000000 0.00000000
vt 0.00000000 0.00000000
vt 0.00000000 0.00000000
vt 0.00000000 0.00000000
vt 0.00000000 0.00000000
vt 0.00000000 0.00000000
vt 0.00000000 0.00000000
vt 0.00000000 0.00000000
vt 0.00000000 0.00000000
vt 0.00000000 0.00000000
vt 0.00000000 0.00000000
vt 0.00000000 0.00000000
vt 0.00000000 0.00000000
vt 0.00000000 0.00000000
vt 0.00000000 0.00000000
vt 0.00000000 0.00000000
vt 0.00000000 0.00000000
vt 0.00000000 0.00000000
vt 0.00000000 0.00000000
vt 0.00000000 0.00000000
vt 0.00000000 0.00000000
vt 0.00000000 0.00000000
vt 0.00000000 0.00000000
vt 0.00000000 0.00000000
vt 0.00000000 0.00000000
vt 0.00000000 0.00000000
vt 0.00000000 0.00000000
vt 0.00000000 0.00000000
vt 0.00000000 0.00000000
vt 0.00000000 0.00000000
vt 0.00000000 0.00000000
vt 0.00000000 0.00000000
vt 0.00000000 0.00000000
vt 0.00000000 0.00000000
vt 0.00000000 0.00000000
vt 0.00000000 0.00000000
vt 0.00000000 0.00000000
vt 0.00000000 0.00000000
vt 0.00000000 0.00000000
vt 0.00000000 0.00000000
vt 0.00000000 0.00000000
vt 0.00000000 0.00000000
vt 0.00000000 0.00000000
vt 0.00000000 0.00000000
vt 0.00000000 0.00000000
vt 0.00000000 0.00000000
vt 0.00000000 0.00000000
vt 0.00000000 0.00000000
vt 0.00000000 0.00000000
vt 0.00000000 0.00000000
vt 0.00000000 0.00000000
vt 0.00000000 0.00000000
vt 0.00000000 0.00000000
vt 0.00000000 0.00000000
vt 0.00000000 0.00000000
vt 0.00000000 0.00000000
vt 0.00000000 0.00000000
vt 0.00000000 0.00000000
vt 0.00000000 0.00000000
vt 0.00000000 0.00000000
vt 0.00000000 0.00000000
vt 0.00000000 0.00000000
vt 0.00000000 0.00000000
vt 0.00000000 0.00000000
vt 0.00000000 0.00000000
vt 0.00000000 0.00000000
vt 0.00000000 0.00000000
vt 0.00000000 0.00000000
vt 0.00000000 0.00000000
vt 0.00000000 0.00000000
vt 0.00000000 0.00000000
vt 0.00000000 0.00000000
vt 0.00000000 0.00000000
vt 0.00000000 0.00000000
vt 0.00000000 0.00000000
vt 0.00000000 0.00000000
vt 0.00000000 0.00000000
vt 0.00000000 0.00000000
vt 0.00000000 0.00000000
vt 0.00000000 0.00000000
vt 0.00000000 0.00000000
vt 0.00000000 0.00000000
vt 0.00000000 0.00000000
vt 0.00000000 0.00000000
vt 0.00000000 0.00000000
vt 0.00000000 0.00000000
vt 0.00000000 0.00000000
vt 0.00000000 0.00000000
vt 0.00000000 0.00000000
vt 0.00000000 0.00000000
vt 0.00000000 0.00000000
vt 0.00000000 0.00000000
vt 0.00000000 0.00000000
vt 0.00000000 0.00000000
vt 0.00000000 0.00000000
vt 0.00000000 0.00000000
vt 0.00000000 0.00000000
vt 0.00000000 0.00000000
vt 0.00000000 0.00000000
vt 0.00000000 0.00000000
vt 0.00000000 0.00000000
vt 0.00000000 0.00000000
vt 0.00000000 0.00000000
vt 0.00000000 0.00000000
vt 0.00000000 0.00000000
vt 0.00000000 0.00000000
vt 0.00000000 0.00000000
vt 0.00000000 0.00000000
vt 0.00000000 0.00000000
vt 0.00000000 0.00000000
vt 0.00000000 0.00000000
vt 0.00000000 0.00000000
vt 0.00000000 0.00000000
vt 0.00000000 0.00000000
vt 0.00000000 0.00000000
vt 0.00000000 0.00000000
vt 0.00000000 0.00000000
vt 0.00000000 0.00000000
vt 0.00000000 0.00000000
vt 0.00000000 0.00000000
vt 0.00000000 0.00000000
vt 0.00000000 0.00000000
vt 0.00000000 0.00000000
vt 0.00000000 0.00000000
vt 0.00000000 0.00000000
vt 0.00000000 0.00000000
vt 0.00000000 0.00000000
vt 0.00000000 0.00000000
vt 0.00000000 0.00000000
vt 0.00000000 0.00000000
vt 0.00000000 0.00000000
vt 0.00000000 0.00000000
vt 0.00000000 0.00000000
vt 0.00000000 0.00000000
vt 0.00000000 0.00000000
vt 0.00000000 0.00000000
vt 0.00000000 0.00000000
vt 0.00000000 0.00000000
vt 0.00000000 0.00000000
vt 0.00000000 0.00000000
vt 0.00000000 0.00000000
vt 0.00000000 0.00000000
vt 0.00000000 0.00000000
vt 0.00000000 0.00000000
vt 0.00000000 0.00000000
vt 0.00000000 0.00000000
vt 0.00000000 0.00000000
vt 0.00000000 0.00000000
vt 0.00000000 0.00000000
vt 0.00000000 0.00000000
vt 0.00000000 0.00000000
vt 0.00000000 0.00000000
vt 0.00000000 0.00000000
vt 0.00000000 0.00000000
vt 0.00000000 0.00000000
vt 0.00000000 0.00000000
vt 0.00000000 0.00000000
vt 0.00000000 0.00000000
vt 0.00000000 0.00000000
vt 0.00000000 0.00000000
vt 0.00000000 0.00000000
vt 0.00000000 0.00000000
vt 0.00000000 0.00000000
vt 0.00000000 0.00000000
vt 0.00000000 0.00000000
vt 0.00000000 0.00000000
vt 0.00000000 0.00000000
vt 0.00000000 0.00000000
vt 0.00000000 0.00000000
vt 0.00000000 0.00000000
vt 0.00000000 0.00000000
vt 0.00000000 0.00000000
vt 0.00000000 0.00000000
vt 0.00000000 0.00000000
vt 0.00000000 0.00000000
vt 0.00000000 0.00000000
vt 0.00000000 0.00000000
vt 0.00000000 0.00000000
vt 0.00000000 0.00000000
vt 0.00000000 0.00000000
vt 0.00000000 0.00000000
vt 0.00000000 0.00000000
vt 0.00000000 0.00000000
vt 0.00000000 0.00000000
vt 0.00000000 0.00000000
vt 0.00000000 0.00000000
vt 0.00000000 0.00000000
vt 0.00000000 0.00000000
vt 0.00000000 0.00000000
vt 0.00000000 0.00000000
vt 0.00000000 0.00000000
vt 0.00000000 0.00000000
vt 0.00000000 0.00000000
vt 0.00000000 0.00000000
vt 0.00000000 0.00000000
vt 0.00000000 0.00000000
vt 0.00000000 0.00000000
vt 0.00000000 0.00000000
vt 0.00000000 0.00000000
vt 0.00000000 0.00000000
vt 0.00000000 0.00000000
vt 0.00000000 0.00000000
vt 0.00000000 0.00000000
vt 0.00000000 0.00000000
vt 0.00000000 0.00000000
vt 0.00000000 0.00000000
vt 0.00000000 0.00000000
vt 0.00000000 0.00000000
vt 0.00000000 0.00000000
vt 0.00000000 0.00000000
vt 0.00000000 0.00000000
vt 0.00000000 0.00000000
vt 0.00000000 0.00000000
vt 0.00000000 0.00000000
vt 0.00000000 0.00000000
vt 0.00000000 0.00000000
vt 0.00000000 0.00000000
vt 0.00000000 0.00000000
vt 0.00000000 0.00000000
vt 0.00000000 0.00000000
vt 0.00000000 0.00000000
vt 0.00000000 0.00000000
vt 0.00000000 0.00000000
vt 0.00000000 0.00000000
vt 0.00000000 0.00000000
vt 0.00000000 0.00000000
vt 0.00000000 0.00000000
vt 0.00000000 0.00000000
vt 0.00000000 0.00000000
vt 0.00000000 0.00000000
vt 0.00000000 0.00000000
vt 0.00000000 0.00000000
vt 0.00000000 0.00000000
vt 0.00000000 0.00000000
vt 0.00000000 0.00000000
vt 0.00000000 0.00000000
vt 0.00000000 0.00000000
vt 0.00000000 0.00000000
vt 0.00000000 0.00000000
vt 0.00000000 0.00000000
vt 0.00000000 0.00000000
vt 0.00000000 0.00000000
vt 0.00000000 0.00000000
vt 0.00000000 0.00000000
vt 0.00000000 0.00000000
vt 0.00000000 0.00000000
vt 0.00000000 0.00000000
vt 0.00000000 0.00000000
vt 0.00000000 0.00000000
vt 0.00000000 0.00000000
vt 0.00000000 0.00000000
vt 0.00000000 0.00000000
vt 0.00000000 0.00000000
vt 0.00000000 0.00000000
vt 0.00000000 0.00000000
vt 0.00000000 0.00000000
vt 0.00000000 0.00000000
vt 0.00000000 0.00000000
vt 0.00000000 0.00000000
vt 0.00000000 0.00000000
vt 0.00000000 0.00000000
vt 0.00000000 0.00000000
vt 0.00000000 0.00000000
vt 0.00000000 0.00000000
vt 0.00000000 0.00000000
vt 0.00000000 0.00000000
vt 0.00000000 0.00000000
vt 0.00000000 0.00000000
vt 0.00000000 0.00000000
vt 0.00000000 0.00000000
vt 0.00000000 0.00000000
vt 0.00000000 0.00000000
vt 0.00000000 0.00000000
vt 0.00000000 0.00000000
vt 0.00000000 0.00000000
vt 0.00000000 0.00000000
vt 0.00000000 0.00000000
vt 0.00000000 0.00000000
vt 0.00000000 0.00000000
vt 0.00000000 0.00000000
vt 0.00000000 0.00000000
vt 0.00000000 0.00000000
vt 0.00000000 0.00000000
vt 0.00000000 0.00000000
vt 0.00000000 0.00000000
vt 0.00000000 0.00000000
vt 0.00000000 0.00000000
vt 0.00000000 0.00000000
vt 0.00000000 0.00000000
vt 0.00000000 0.00000000
vt 0.00000000 0.00000000
vt 0.00000000 0.00000000
vt 0.00000000 0.00000000
vt 0.00000000 0.00000000
vt 0.00000000 0.00000000
vt 0.00000000 0.00000000
vt 0.00000000 0.00000000
vt 0.00000000 0.00000000
vt 0.00000000 0.00000000
vt 0.00000000 0.00000000
vt 0.00000000 0.00000000
vt 0.00000000 0.00000000
vt 0.00000000 0.00000000
vt 0.00000000 0.00000000
vt 0.00000000 0.00000000
vt 0.00000000 0.00000000
vt 0.00000000 0.00000000
vt 0.00000000 0.00000000
vt 0.00000000 0.00000000
vt 0.00000000 0.00000000
vt 0.00000000 0.00000000
vt 0.00000000 0.00000000
vt 0.00000000 0.00000000
vt 0.00000000 0.00000000
vt 0.00000000 0.00000000
vt 0.00000000 0.00000000
vt 0.00000000 0.00000000
vt 0.00000000 0.00000000
vt 0.00000000 0.00000000
vt 0.00000000 0.00000000
vt 0.00000000 0.00000000
vt 0.00000000 0.00000000
vt 0.00000000 0.00000000
vt 0.00000000 0.00000000
vt 0.00000000 0.00000000
vt 0.00000000 0.00000000
vt 0.00000000 0.00000000
vt 0.00000000 0.00000000
vt 0.00000000 0.00000000
vt 0.00000000 0.00000000
vt 0.00000000 0.00000000
vt 0.00000000 0.00000000
vt 0.00000000 0.00000000
vt 0.00000000 0.00000000
vt 0.00000000 0.00000000
vt 0.00000000 0.00000000
vt 0.00000000 0.00000000
vt 0.00000000 0.00000000
vt 0.00000000 0.00000000
vt 0.00000000 0.00000000
vt 0.00000000 0.00000000
vt 0.00000000 0.00000000
vt 0.00000000 0.00000000
vt 0.00000000 0.00000000
vt 0.00000000 0.00000000
vt 0.00000000 0.00000000
vt 0.00000000 0.00000000
vt 0.00000000 0.00000000
vt 0.00000000 0.00000000
vt 0.00000000 0.00000000
vt 0.00000000 0.00000000
vt 0.00000000 0.00000000
vt 0.00000000 0.00000000
vt 0.00000000 0.00000000
vt 0.00000000 0.00000000
vt 0.00000000 0.00000000
vt 0.00000000 0.00000000
vt 0.00000000 0.00000000
vt 0.00000000 0.00000000
vt 0.00000000 0.00000000
vt 0.00000000 0.00000000
vt 0.00000000 0.00000000
vt 0.00000000 0.00000000
vt 0.00000000 0.00000000
vt 0.00000000 0.00000000
vt 0.00000000 0.00000000
vt 0.00000000 0.00000000
vt 0.00000000 0.00000000
vt 0.00000000 0.00000000
vt 0.00000000 0.00000000
vt 0.00000000 0.00000000
vt 0.00000000 0.00000000
vt 0.00000000 0.00000000
vt 0.00000000 0.00000000
vt 0.00000000 0.00000000
vt 0.00000000 0.00000000
vt 0.00000000 0.00000000
vt 0.00000000 0.00000000
vt 0.00000000 0.00000000
vt 0.00000000 0.00000000
vt 0.00000000 0.00000000
vt 0.00000000 0.00000000
vt 0.00000000 0.00000000
vt 0.00000000 0.00000000
vt 0.00000000 0.00000000
vt 0.00000000 0.00000000
vt 0.00000000 0.00000000
vt 0.00000000 0.00000000
vt 0.00000000 0.00000000
vt 0.00000000 0.00000000
vt 0.00000000 0.00000000
vt 0.00000000 0.00000000
vt 0.00000000 0.00000000
vt 0.00000000 0.00000000
vt 0.00000000 0.00000000
vt 0.00000000 0.00000000
vt 0.00000000 0.00000000
vt 0.00000000 0.00000000
vt 0.00000000 0.00000000
vt 0.00000000 0.00000000
vt 0.00000000 0.00000000
vt 0.00000000 0.00000000
vt 0.00000000 0.00000000
vt 0.00000000 0.00000000
vt 0.00000000 0.00000000
vt 0.00000000 0.00000000
vt 0.00000000 0.00000000
vt 0.00000000 0.00000000
vt 0.00000000 0.00000000
vt 0.00000000 0.00000000
vt 0.00000000 0.00000000
vt 0.00000000 0.00000000
vt 0.00000000 0.00000000
vt 0.00000000 0.00000000
vt 0.00000000 0.00000000
vt 0.00000000 0.00000000
vt 0.00000000 0.00000000
vt 0.00000000 0.00000000
vt 0.00000000 0.00000000
vt 0.00000000 0.00000000
vt 0.00000000 0.00000000
vt 0.00000000 0.00000000
vt 0.00000000 0.00000000
vt 0.00000000 0.00000000
vt 0.00000000 0.00000000
vt 0.00000000 0.00000000
vt 0.00000000 0.00000000
vt 0.00000000 0.00000000
vt 0.00000000 0.00000000
vt 0.00000000 0.00000000
vt 0.00000000 0.00000000
vt 0.00000000 0.00000000
vt 0.00000000 0.00000000
vt 0.00000000 0.00000000
vt 0.00000000 0.00000000
vt 0.00000000 0.00000000
vt 0.00000000 0.00000000
vt 0.00000000 0.00000000
vt 0.00000000 0.00000000
vt 0.00000000 0.00000000
vt 0.00000000 0.00000000
vt 0.00000000 0.00000000
vt 0.00000000 0.00000000
vt 0.00000000 0.00000000
vt 0.00000000 0.00000000
vt 0.00000000 0.00000000
vt 0.00000000 0.00000000
vt 0.00000000 0.00000000
vt 0.00000000 0.00000000
vt 0.00000000 0.00000000
vt 0.00000000 0.00000000
vt 0.00000000 0.00000000
vt 0.00000000 0.00000000
vt 0.00000000 0.00000000
vt 0.00000000 0.00000000
vt 0.00000000 0.00000000
vt 0.00000000 0.00000000
vt 0.00000000 0.00000000
vt 0.00000000 0.00000000
vt 0.00000000 0.00000000
vt 0.00000000 0.00000000
vt 0.00000000 0.00000000
vt 0.00000000 0.00000000
vt 0.00000000 0.00000000
vt 0.00000000 0.00000000
vt 0.00000000 0.00000000
vt 0.00000000 0.00000000
vt 0.00000000 0.00000000
vt 0.00000000 0.00000000
vt 0.00000000 0.00000000
vt 0.00000000 0.00000000
vt 0.00000000 0.00000000
vt 0.00000000 0.00000000
vt 0.00000000 0.00000000
vt 0.00000000 0.00000000
vt 0.00000000 0.00000000
vt 0.00000000 0.00000000
vt 0.00000000 0.00000000
vt 0.00000000 0.00000000
vt 0.00000000 0.00000000
vt 0.00000000 0.00000000
vt 0.00000000 0.00000000
vt 0.00000000 0.00000000
vt 0.00000000 0.00000000
vt 0.00000000 0.00000000
vt 0.00000000 0.00000000
vt 0.00000000 0.00000000
vt 0.00000000 0.00000000
vt 0.00000000 0.00000000
vt 0.00000000 0.00000000
vt 0.00000000 0.00000000
vt 0.00000000 0.00000000
vt 0.00000000 0.00000000
vt 0.00000000 0.00000000
vt 0.00000000 0.00000000
vt 0.00000000 0.00000000
vt 0.00000000 0.00000000
vt 0.00000000 0.00000000
vt 0.00000000 0.00000000
vt 0.00000000 0.00000000
vt 0.00000000 0.00000000
vt 0.00000000 0.00000000
vt 0.00000000 0.00000000
vt 0.00000000 0.00000000
vt 0.00000000 0.00000000
vt 0.00000000 0.00000000
vt 0.00000000 0.00000000
vt 0.00000000 0.00000000
vt 0.00000000 0.00000000
vt 0.00000000 0.00000000
vt 0.00000000 0.00000000
vt 0.00000000 0.00000000
vt 0.00000000 0.00000000
vt 0.00000000 0.00000000
vt 0.00000000 0.00000000
vt 0.00000000 0.00000000
vt 0.00000000 0.00000000
vt 0.00000000 0.00000000
vt 0.00000000 0.00000000
vt 0.00000000 0.00000000
vt 0.00000000 0.00000000
vt 0.00000000 0.00000000
vt 0.00000000 0.00000000
vt 0.00000000 0.00000000
vt 0.00000000 0.00000000
vt 0.00000000 0.00000000
vt 0.00000000 0.00000000
vt 0.00000000 0.00000000
vt 0.00000000 0.00000000
vt 0.00000000 0.00000000
vt 0.00000000 0.00000000
vt 0.00000000 0.00000000
vt 0.00000000 0.00000000
vt 0.00000000 0.00000000
vt 0.00000000 0.00000000
vt 0.00000000 0.00000000
vt 0.00000000 0.00000000
vt 0.00000000 0.00000000
vt 0.00000000 0.00000000
vt 0.00000000 0.00000000
vt 0.00000000 0.00000000
vt 0.00000000 0.00000000
vt 0.00000000 0.00000000
vt 0.00000000 0.00000000
vt 0.00000000 0.00000000
vt 0.00000000 0.00000000
vt 0.00000000 0.00000000
vt 0.00000000 0.00000000
vt 0.00000000 0.00000000
vt 0.00000000 0.00000000
vt 0.00000000 0.00000000
vt 0.00000000 0.00000000
vt 0.00000000 0.00000000
vt 0.00000000 0.00000000
vt 0.00000000 0.00000000
vt 0.00000000 0.00000000
vt 0.00000000 0.00000000
vt 0.00000000 0.00000000
vt 0.00000000 0.00000000
vt 0.00000000 0.00000000
vt 0.00000000 0.00000000
vt 0.00000000 0.00000000
vt 0.00000000 0.00000000
vt 0.00000000 0.00000000
vt 0.00000000 0.00000000
vt 0.00000000 0.00000000
vt 0.00000000 0.00000000
vt 0.00000000 0.00000000
vt 0.00000000 0.00000000
vt 0.00000000 0.00000000
vt 0.00000000 0.00000000
vt 0.00000000 0.00000000
vt 0.00000000 0.00000000
vt 0.00000000 0.00000000
vt 0.00000000 0.00000000
vt 0.00000000 0.00000000
vt 0.00000000 0.00000000
vt 0.00000000 0.00000000
vt 0.00000000 0.00000000
vt 0.00000000 0.00000000
vt 0.00000000 0.00000000
vt 0.00000000 0.00000000
vt 0.00000000 0.00000000
vt 0.00000000 0.00000000
vt 0.00000000 0.00000000
vt 0.00000000 0.00000000
vt 0.00000000 0.00000000
vt 0.00000000 0.00000000
vt 0.00000000 0.00000000
vt 0.00000000 0.00000000
vt 0.00000000 0.00000000
vt 0.00000000 0.00000000
vt 0.00000000 0.00000000
vt 0.00000000 0.00000000
vt 0.00000000 0.00000000
vt 0.00000000 0.00000000
vt 0.00000000 0.00000000
vt 0.00000000 0.00000000
vt 0.00000000 0.00000000
vt 0.00000000 0.00000000
vt 0.00000000 0.00000000
vt 0.00000000 0.00000000
vt 0.00000000 0.00000000
vt 0.00000000 0.00000000
vt 0.00000000 0.00000000
vt 0.00000000 0.00000000
vt 0.00000000 0.00000000
vt 0.00000000 0.00000000
vt 0.00000000 0.00000000
vt 0.00000000 0.00000000
vt 0.00000000 0.00000000
vt 0.00000000 0.00000000
vt 0.00000000 0.00000000
vt 0.00000000 0.00000000
vt 0.00000000 0.00000000
vt 0.00000000 0.00000000
vt 0.00000000 0.00000000
vt 0.00000000 0.00000000
vt 0.00000000 0.00000000
vt 0.00000000 0.00000000
vt 0.00000000 0.00000000
vt 0.00000000 0.00000000
vt 0.00000000 0.00000000
vt 0.00000000 0.00000000
vt 0.00000000 0.00000000
vt 0.00000000 0.00000000
vt 0.00000000 0.00000000
vt 0.00000000 0.00000000
vt 0.00000000 0.00000000
vt 0.00000000 0.00000000
vt 0.00000000 0.00000000
vt 0.00000000 0.00000000
vt 0.00000000 0.00000000
vt 0.00000000 0.00000000
vt 0.00000000 0.00000000
vt 0.00000000 0.00000000
vt 0.00000000 0.00000000
vt 0.00000000 0.00000000
vt 0.00000000 0.00000000
vt 0.00000000 0.00000000
vt 0.00000000 0.00000000
vt 0.00000000 0.00000000
vt 0.00000000 0.00000000
vt 0.00000000 0.00000000
vt 0.00000000 0.00000000
vt 0.00000000 0.00000000
vt 0.00000000 0.00000000
vt 0.00000000 0.00000000
vt 0.00000000 0.00000000
vt 0.00000000 0.00000000
vt 0.00000000 0.00000000
vt 0.00000000 0.00000000
vt 0.00000000 0.00000000
vt 0.00000000 0.00000000
vt 0.00000000 0.00000000
vt 0.00000000 0.00000000
vt 0.00000000 0.00000000
vt 0.00000000 0.00000000
vt 0.00000000 0.00000000
vt 0.00000000 0.00000000
vt 0.00000000 0.00000000
vt 0.00000000 0.00000000
vt 0.00000000 0.00000000
vt 0.00000000 0.00000000
vt 0.00000000 0.00000000
vt 0.00000000 0.00000000
vt 0.00000000 0.00000000
vt 0.00000000 0.00000000
vt 0.00000000 0.00000000
vt 0.00000000 0.00000000
vt 0.00000000 0.00000000
vt 0.00000000 0.00000000
vt 0.00000000 0.00000000
vt 0.00000000 0.00000000
vt 0.00000000 0.00000000
vt 0.00000000 0.00000000
vt 0.00000000 0.00000000
vt 0.00000000 0.00000000
vt 0.00000000 0.00000000
vt 0.00000000 0.00000000
vt 0.00000000 0.00000000
vt 0.00000000 0.00000000
vt 0.00000000 0.00000000
vt 0.00000000 0.00000000
vt 0.00000000 0.00000000
vt 0.00000000 0.00000000
vt 0.00000000 0.00000000
vt 0.00000000 0.00000000
vt 0.00000000 0.00000000
vt 0.00000000 0.00000000
vt 0.00000000 0.00000000
vt 0.00000000 0.00000000
vt 0.00000000 0.00000000
vt 0.00000000 0.00000000
vt 0.00000000 0.00000000
vt 0.00000000 0.00000000
vt 0.00000000 0.00000000
vt 0.00000000 0.00000000
vt 0.00000000 0.00000000
vt 0.00000000 0.00000000
vt 0.00000000 0.00000000
vt 0.00000000 0.00000000
vt 0.00000000 0.00000000
vt 0.00000000 0.00000000
vt 0.00000000 0.00000000
vt 0.00000000 0.00000000
vt 0.00000000 0.00000000
vt 0.00000000 0.00000000
vt 0.00000000 0.00000000
vt 0.00000000 0.00000000
vt 0.00000000 0.00000000
vt 0.00000000 0.00000000
vt 0.00000000 0.00000000
vt 0.00000000 0.00000000
vt 0.00000000 0.00000000
vt 0.00000000 0.00000000
vt 0.00000000 0.00000000
vt 0.00000000 0.00000000
vt 0.00000000 0.00000000
vt 0.00000000 0.00000000
vt 0.00000000 0.00000000
vt 0.00000000 0.00000000
vt 0.00000000 0.00000000
vt 0.00000000 0.00000000
vt 0.00000000 0.00000000
vt 0.00000000 0.00000000
vt 0.00000000 0.00000000
vt 0.00000000 0.00000000
vt 0.00000000 0.00000000
vt 0.00000000 0.00000000
vt 0.00000000 0.00000000
vt 0.00000000 0.00000000
vt 0.00000000 0.00000000
vt 0.00000000 0.00000000
vt 0.00000000 0.00000000
vt 0.00000000 0.00000000
vt 0.00000000 0.00000000
vt 0.00000000 0.00000000
vt 0.00000000 0.00000000
vt 0.00000000 0.00000000
vt 0.00000000 0.00000000
vt 0.00000000 0.00000000
vt 0.00000000 0.00000000
vt 0.00000000 0.00000000
vt 0.00000000 0.00000000
vt 0.00000000 0.00000000
vt 0.00000000 0.00000000
vt 0.00000000 0.00000000
vt 0.00000000 0.00000000
vt 0.00000000 0.00000000
vt 0.00000000 0.00000000
vt 0.00000000 0.00000000
vt 0.00000000 0.00000000
vt 0.00000000 0.00000000
vt 0.00000000 0.00000000
vt 0.00000000 0.00000000
vt 0.00000000 0.00000000
vt 0.00000000 0.00000000
vt 0.00000000 0.00000000
vt 0.00000000 0.00000000
vt 0.00000000 0.00000000
vt 0.00000000 0.00000000
vt 0.00000000 0.00000000
vt 0.00000000 0.00000000
vt 0.00000000 0.00000000
vt 0.00000000 0.00000000
vt 0.00000000 0.00000000
vt 0.00000000 0.00000000
vt 0.00000000 0.00000000
vt 0.00000000 0.00000000
vt 0.00000000 0.00000000
vt 0.00000000 0.00000000
vt 0.00000000 0.00000000
vt 0.00000000 0.00000000
vt 0.00000000 0.00000000
vt 0.00000000 0.00000000
vt 0.00000000 0.00000000
vt 0.00000000 0.00000000
vt 0.00000000 0.00000000
vt 0.00000000 0.00000000
vt 0.00000000 0.00000000
vt 0.00000000 0.00000000
vt 0.00000000 0.00000000
vt 0.00000000 0.00000000
vt 0.00000000 0.00000000
vt 0.00000000 0.00000000
vt 0.00000000 0.00000000
vt 0.00000000 0.00000000
vt 0.00000000 0.00000000
vt 0.00000000 0.00000000
vt 0.00000000 0.00000000
vt 0.00000000 0.00000000
vt 0.00000000 0.00000000
vt 0.00000000 0.00000000
vt 0.00000000 0.00000000
vt 0.00000000 0.00000000
vt 0.00000000 0.00000000
vt 0.00000000 0.00000000
vt 0.00000000 0.00000000
vt 0.00000000 0.00000000
vt 0.00000000 0.00000000
vt 0.00000000 0.00000000
vt 0.00000000 0.00000000
vt 0.00000000 0.00000000
vt 0.00000000 0.00000000
vt 0.00000000 0.00000000
vt 0.00000000 0.00000000
vt 0.00000000 0.00000000
vt 0.00000000 0.00000000
vt 0.00000000 0.00000000
vt 0.00000000 0.00000000
vt 0.00000000 0.00000000
vt 0.00000000 0.00000000
vt 0.00000000 0.00000000
vt 0.00000000 0.00000000
vt 0.00000000 0.00000000
vt 0.00000000 0.00000000
vt 0.00000000 0.00000000
vt 0.00000000 0.00000000
vt 0.00000000 0.00000000
vt 0.00000000 0.00000000
vt 0.00000000 0.00000000
vt 0.00000000 0.00000000
vt 0.00000000 0.00000000
vt 0.00000000 0.00000000
vt 0.00000000 0.00000000
vt 0.00000000 0.00000000
vt 0.00000000 0.00000000
vt 0.00000000 0.00000000
vt 0.00000000 0.00000000
vt 0.00000000 0.00000000
vt 0.00000000 0.00000000
vt 0.00000000 0.00000000
vt 0.00000000 0.00000000
vt 0.00000000 0.00000000
vt 0.00000000 0.00000000
vt 0.00000000 0.00000000
vt 0.00000000 0.00000000
vt 0.00000000 0.00000000
vt 0.00000000 0.00000000
vt 0.00000000 0.00000000
vt 0.00000000 0.00000000
vt 0.00000000 0.00000000
vt 0.00000000 0.00000000
vt 0.00000000 0.00000000
vt 0.00000000 0.00000000
vt 0.00000000 0.00000000
vt 0.00000000 0.00000000
vt 0.00000000 0.00000000
vt 0.00000000 0.00000000
vt 0.00000000 0.00000000
vt 0.00000000 0.00000000
vt 0.00000000 0.00000000
vt 0.00000000 0.00000000
vt 0.00000000 0.00000000
vt 0.00000000 0.00000000
vt 0.00000000 0.00000000
vt 0.00000000 0.00000000
vt 0.00000000 0.00000000
vt 0.00000000 0.00000000
vt 0.00000000 0.00000000
vt 0.00000000 0.00000000
vt 0.00000000 0.00000000
vt 0.00000000 0.00000000
vt 0.00000000 0.00000000
vt 0.00000000 0.00000000
vt 0.00000000 0.00000000
vt 0.00000000 0.00000000
vt 0.00000000 0.00000000
vt 0.00000000 0.00000000
vt 0.00000000 0.00000000
vt 0.00000000 0.00000000
vt 0.00000000 0.00000000
vt 0.00000000 0.00000000
vt 0.00000000 0.00000000
vt 0.00000000 0.00000000
vt 0.00000000 0.00000000
vt 0.00000000 0.00000000
vt 0.00000000 0.00000000
vt 0.00000000 0.00000000
vt 0.00000000 0.00000000
vt 0.00000000 0.00000000
vt 0.00000000 0.00000000
vt 0.00000000 0.00000000
vt 0.00000000 0.00000000
vt 0.00000000 0.00000000
vt 0.00000000 0.00000000
vt 0.00000000 0.00000000
vt 0.00000000 0.00000000
vt 0.00000000 0.00000000
vt 0.00000000 0.00000000
vt 0.00000000 0.00000000
vt 0.00000000 0.00000000
vt 0.00000000 0.00000000
vt 0.00000000 0.00000000
vt 0.00000000 0.00000000
vt 0.00000000 0.00000000
vt 0.00000000 0.00000000
vt 0.00000000 0.00000000
vt 0.00000000 0.00000000
vt 0.00000000 0.00000000
vt 0.00000000 0.00000000
vt 0.00000000 0.00000000
vt 0.00000000 0.00000000
vt 0.00000000 0.00000000
vt 0.00000000 0.00000000
vt 0.00000000 0.00000000
vt 0.00000000 0.00000000
vt 0.00000000 0.00000000
vt 0.00000000 0.00000000
vt 0.00000000 0.00000000
vt 0.00000000 0.00000000
vt 0.00000000 0.00000000
vt 0.00000000 0.00000000
vt 0.00000000 0.00000000
vt 0.00000000 0.00000000
vt 0.00000000 0.00000000
vt 0.00000000 0.00000000
vt 0.00000000 0.00000000
vt 0.00000000 0.00000000
vt 0.00000000 0.00000000
vt 0.00000000 0.00000000
vt 0.00000000 0.00000000
vt 0.00000000 0.00000000
vt 0.00000000 0.00000000
vt 0.00000000 0.00000000
vt 0.00000000 0.00000000
vt 0.00000000 0.00000000
vt 0.00000000 0.00000000
vt 0.00000000 0.00000000
vt 0.00000000 0.00000000
vt 0.00000000 0.00000000
vt 0.00000000 0.00000000
vt 0.00000000 0.00000000
vt 0.00000000 0.00000000
vt 0.00000000 0.00000000
vt 0.00000000 0.00000000
vt 0.00000000 0.00000000
vt 0.00000000 0.00000000
vt 0.00000000 0.00000000
vt 0.00000000 0.00000000
vt 0.00000000 0.00000000
vt 0.00000000 0.00000000
vt 0.00000000 0.00000000
vt 0.00000000 0.00000000
vt 0.00000000 0.00000000
vt 0.00000000 0.00000000
vt 0.00000000 0.00000000
vt 0.00000000 0.00000000
vt 0.00000000 0.00000000
vt 0.00000000 0.00000000
vt 0.00000000 0.00000000
vt 0.00000000 0.00000000
vt 0.00000000 0.00000000
vt 0.00000000 0.00000000
vt 0.00000000 0.00000000
vt 0.00000000 0.00000000
vt 0.00000000 0.00000000
vt 0.00000000 0.00000000
vt 0.00000000 0.00000000
vt 0.00000000 0.00000000
vt 0.00000000 0.00000000
vt 0.00000000 0.00000000
vt 0.00000000 0.00000000
vt 0.00000000 0.00000000
vt 0.00000000 0.00000000
vt 0.00000000 0.00000000
vt 0.00000000 0.00000000
vt 0.00000000 0.00000000
vt 0.00000000 0.00000000
vt 0.00000000 0.00000000
vt 0.00000000 0.00000000
vt 0.00000000 0.00000000
vt 0.00000000 0.00000000
vt 0.00000000 0.00000000
vt 0.00000000 0.00000000
vt 0.00000000 0.00000000
vt 0.00000000 0.00000000
vt 0.00000000 0.00000000
vt 0.00000000 0.00000000
vt 0.00000000 0.00000000
vt 0.00000000 0.00000000
vt 0.00000000 0.00000000
vt 0.00000000 0.00000000
vt 0.00000000 0.00000000
vt 0.00000000 0.00000000
vt 0.00000000 0.00000000
vt 0.00000000 0.00000000
vt 0.00000000 0.00000000
vt 0.00000000 0.00000000
vt 0.00000000 0.00000000
vt 0.00000000 0.00000000
vt 0.00000000 0.00000000
vt 0.00000000 0.00000000
vt 0.00000000 0.00000000
vt 0.00000000 0.00000000
vt 0.00000000 0.00000000
vt 0.00000000 0.00000000
vt 0.00000000 0.00000000
vt 0.00000000 0.00000000
vt 0.00000000 0.00000000
vt 0.00000000 0.00000000
vt 0.00000000 0.00000000
vt 0.00000000 0.00000000
vt 0.00000000 0.00000000
vt 0.00000000 0.00000000
vt 0.00000000 0.00000000
vt 0.00000000 0.00000000
vt 0.00000000 0.00000000
vt 0.00000000 0.00000000
vt 0.00000000 0.00000000
vt 0.00000000 0.00000000
vt 0.00000000 0.00000000
vt 0.00000000 0.00000000
vt 0.00000000 0.00000000
vt 0.00000000 0.00000000
vt 0.00000000 0.00000000
vt 0.00000000 0.00000000
vt 0.00000000 0.00000000
vt 0.00000000 0.00000000
vt 0.00000000 0.00000000
vt 0.00000000 0.00000000
vt 0.00000000 0.00000000
vt 0.00000000 0.00000000
vt 0.00000000 0.00000000
vt 0.00000000 0.00000000
vt 0.00000000 0.00000000
vt 0.00000000 0.00000000
vt 0.00000000 0.00000000
vt 0.00000000 0.00000000
vt 0.00000000 0.00000000
vt 0.00000000 0.00000000
vt 0.00000000 0.00000000
vt 0.00000000 0.00000000
vt 0.00000000 0.00000000
vt 0.00000000 0.00000000
vt 0.00000000 0.00000000
vt 0.00000000 0.00000000
vt 0.00000000 0.00000000
vt 0.00000000 0.00000000
vt 0.00000000 0.00000000
vt 0.00000000 0.00000000
vt 0.00000000 0.00000000
vt 0.00000000 0.00000000
vt 0.00000000 0.00000000
vt 0.00000000 0.00000000
vt 0.00000000 0.00000000
vt 0.00000000 0.00000000
vt 0.00000000 0.00000000
vt 0.00000000 0.00000000
vt 0.00000000 0.00000000
vt 0.00000000 0.00000000
vt 0.00000000 0.00000000
vt 0.00000000 0.00000000
vt 0.00000000 0.00000000
vt 0.00000000 0.00000000
vt 0.00000000 0.00000000
vt 0.00000000 0.00000000
vt 0.00000000 0.00000000
vt 0.00000000 0.00000000
vt 0.00000000 0.00000000
vt 0.00000000 0.00000000
vt 0.00000000 0.00000000
vt 0.00000000 0.00000000
vt 0.00000000 0.00000000
vt 0.00000000 0.00000000
vt 0.00000000 0.00000000
vt 0.00000000 0.00000000
vt 0.00000000 0.00000000
vt 0.00000000 0.00000000
vt 0.00000000 0.00000000
vt 0.00000000 0.00000000
vt 0.00000000 0.00000000
vt 0.00000000 0.00000000
vt 0.00000000 0.00000000
vt 0.00000000 0.00000000
vt 0.00000000 0.00000000
vt 0.00000000 0.00000000
vt 0.00000000 0.00000000
vt 0.00000000 0.00000000
vt 0.00000000 0.00000000
vt 0.00000000 0.00000000
vt 0.00000000 0.00000000
vt 0.00000000 0.00000000
vt 0.00000000 0.00000000
vt 0.00000000 0.00000000
vt 0.00000000 0.00000000
vt 0.00000000 0.00000000
vt 0.00000000 0.00000000
vt 0.00000000 0.00000000
vt 0.00000000 0.00000000
vt 0.00000000 0.00000000
vt 0.00000000 0.00000000
vt 0.00000000 0.00000000
vt 0.00000000 0.00000000
vt 0.00000000 0.00000000
vt 0.00000000 0.00000000
vt 0.00000000 0.00000000
vt 0.00000000 0.00000000
vt 0.00000000 0.00000000
vt 0.00000000 0.00000000
vt 0.00000000 0.00000000
vt 0.00000000 0.00000000
vt 0.00000000 0.00000000
vt 0.00000000 0.00000000
vt 0.00000000 0.00000000
vt 0.00000000 0.00000000
vt 0.00000000 0.00000000
vt 0.00000000 0.00000000
vt 0.00000000 0.00000000
vt 0.00000000 0.00000000
vt 0.00000000 0.00000000
vt 0.00000000 0.00000000
vt 0.00000000 0.00000000
vt 0.00000000 0.00000000
vt 0.00000000 0.00000000
vt 0.00000000 0.00000000
vt 0.00000000 0.00000000
vt 0.00000000 0.00000000
vt 0.00000000 0.00000000
vt 0.00000000 0.00000000
vt 0.00000000 0.00000000
vt 0.00000000 0.00000000
vt 0.00000000 0.00000000
vt 0.00000000 0.00000000
vt 0.00000000 0.00000000
vt 0.00000000 0.00000000
vt 0.00000000 0.00000000
vt 0.00000000 0.00000000
vt 0.00000000 0.00000000
vt 0.00000000 0.00000000
vt 0.00000000 0.00000000
vt 0.00000000 0.00000000
vt 0.00000000 0.00000000
vt 0.00000000 0.00000000
vt 0.00000000 0.00000000
vt 0.00000000 0.00000000
vt 0.00000000 0.00000000
vt 0.00000000 0.00000000
vt 0.00000000 0.00000000
vt 0.00000000 0.00000000
vt 0.00000000 0.00000000
vt 0.00000000 0.00000000
vt 0.00000000 0.00000000
vt 0.00000000 0.00000000
vt 0.00000000 0.00000000
vt 0.00000000 0.00000000
vt 0.00000000 0.00000000
vt 0.00000000 0.00000000
vt 0.00000000 0.00000000
vt 0.00000000 0.00000000
vt 0.00000000 0.00000000
vt 0.00000000 0.00000000
vt 0.00000000 0.00000000
vt 0.00000000 0.00000000
vt 0.00000000 0.00000000
vt 0.00000000 0.00000000
vt 0.00000000 0.00000000
vt 0.00000000 0.00000000
vt 0.00000000 0.00000000
vt 0.00000000 0.00000000
vt 0.00000000 0.00000000
vt 0.00000000 0.00000000
vt 0.00000000 0.00000000
vt 0.00000000 0.00000000
vt 0.00000000 0.00000000
vt 0.00000000 0.00000000
vt 0.00000000 0.00000000
vt 0.00000000 0.00000000
vt 0.00000000 0.00000000
vt 0.00000000 0.00000000
vt 0.00000000 0.00000000
vt 0.00000000 0.00000000
vt 0.00000000 0.00000000
vt 0.00000000 0.00000000
vt 0.00000000 0.00000000
vt 0.00000000 0.00000000
vt 0.00000000 0.00000000
vt 0.00000000 0.00000000
vt 0.00000000 0.00000000
vt 0.00000000 0.00000000
vt 0.00000000 0.00000000
vt 0.00000000 0.00000000
vt 0.00000000 0.00000000
vt 0.00000000 0.00000000
vt 0.00000000 0.00000000
vt 0.00000000 0.00000000
vt 0.00000000 0.00000000
vt 0.00000000 0.00000000
vt 0.00000000 0.00000000
vt 0.00000000 0.00000000
vt 0.00000000 0.00000000
vt 0.00000000 0.00000000
vt 0.00000000 0.00000000
vt 0.00000000 0.00000000
vt 0.00000000 0.00000000
vt 0.00000000 0.00000000
vt 0.00000000 0.00000000
vt 0.00000000 0.00000000
vt 0.00000000 0.00000000
vt 0.00000000 0.00000000
vt 0.00000000 0.00000000
vt 0.00000000 0.00000000
vt 0.00000000 0.00000000
vt 0.00000000 0.00000000
vt 0.00000000 0.00000000
vt 0.00000000 0.00000000
vt 0.00000000 0.00000000
vt 0.00000000 0.00000000
vt 0.00000000 0.00000000
vt 0.00000000 0.00000000
vt 0.00000000 0.00000000
vt 0.00000000 0.00000000
vt 0.00000000 0.00000000
vt 0.00000000 0.00000000
vt 0.00000000 0.00000000
vt 0.00000000 0.00000000
vt 0.00000000 0.00000000
vt 0.00000000 0.00000000
vt 0.00000000 0.00000000
vt 0.00000000 0.00000000
vt 0.00000000 0.00000000
vt 0.00000000 0.00000000
vt 0.00000000 0.00000000
vt 0.00000000 0.00000000
vt 0.00000000 0.00000000
vt 0.00000000 0.00000000
vt 0.00000000 0.00000000
vt 0.00000000 0.00000000
vt 0.00000000 0.00000000
vt 0.00000000 0.00000000
vt 0.00000000 0.00000000
vt 0.00000000 0.00000000
vt 0.00000000 0.00000000
vt 0.00000000 0.00000000
vt 0.00000000 0.00000000
vt 0.00000000 0.00000000
vt 0.00000000 0.00000000
vt 0.00000000 0.00000000
vt 0.00000000 0.00000000
vt 0.00000000 0.00000000
vt 0.00000000 0.00000000
vt 0.00000000 0.00000000
vt 0.00000000 0.00000000
vt 0.00000000 0.00000000
vt 0.00000000 0.00000000
vt 0.00000000 0.00000000
vt 0.00000000 0.00000000
vt 0.00000000 0.00000000
vt 0.00000000 0.00000000
vt 0.00000000 0.00000000
vt 0.00000000 0.00000000
vt 0.00000000 0.00000000
vt 0.00000000 0.00000000
vt 0.00000000 0.00000000
vt 0.00000000 0.00000000
vt 0.00000000 0.00000000
vt 0.00000000 0.00000000
vt 0.00000000 0.00000000
vt 0.00000000 0.00000000
vt 0.00000000 0.00000000
vt 0.00000000 0.00000000
vt 0.00000000 0.00000000
vt 0.00000000 0.00000000
vt 0.00000000 0.00000000
vt 0.00000000 0.00000000
vt 0.00000000 0.00000000
vt 0.00000000 0.00000000
vt 0.00000000 0.00000000
vt 0.00000000 0.00000000
vt 0.00000000 0.00000000
vt 0.00000000 0.00000000
vt 0.00000000 0.00000000
vt 0.00000000 0.00000000
vt 0.00000000 0.00000000
vt 0.00000000 0.00000000
vt 0.00000000 0.00000000
vt 0.00000000 0.00000000
vt 0.00000000 0.00000000
vt 0.00000000 0.00000000
vt 0.00000000 0.00000000
vt 0.00000000 0.00000000
vt 0.00000000 0.00000000
vt 0.00000000 0.00000000
vt 0.00000000 0.00000000
vt 0.00000000 0.00000000
vt 0.00000000 0.00000000
vt 0.00000000 0.00000000
vt 0.00000000 0.00000000
vt 0.00000000 0.00000000
vt 0.00000000 0.00000000
vt 0.00000000 0.00000000
vt 0.00000000 0.00000000
vt 0.00000000 0.00000000
vt 0.00000000 0.00000000
vt 0.00000000 0.00000000
vt 0.00000000 0.00000000
vt 0.00000000 0.00000000
vt 0.00000000 0.00000000
vt 0.00000000 0.00000000
vt 0.00000000 0.00000000
vt 0.00000000 0.00000000
vt 0.00000000 0.00000000
vt 0.00000000 0.00000000
vt 0.00000000 0.00000000
vt 0.00000000 0.00000000
vt 0.00000000 0.00000000
vt 0.00000000 0.00000000
vt 0.00000000 0.00000000
vt 0.00000000 0.00000000
vt 0.00000000 0.00000000
vt 0.00000000 0.00000000
vt 0.00000000 0.00000000
vt 0.00000000 0.00000000
vt 0.00000000 0.00000000
vt 0.00000000 0.00000000
vt 0.00000000 0.00000000
vt 0.00000000 0.00000000
vt 0.00000000 0.00000000
vt 0.00000000 0.00000000
vt 0.00000000 0.00000000
vt 0.00000000 0.00000000
vt 0.00000000 0.00000000
vt 0.00000000 0.00000000
vt 0.00000000 0.00000000
vt 0.00000000 0.00000000
vt 0.00000000 0.00000000
vt 0.00000000 0.00000000
vt 0.00000000 0.00000000
vt 0.00000000 0.00000000
vt 0.00000000 0.00000000
vt 0.00000000 0.00000000
vt 0.00000000 0.00000000
vt 0.00000000 0.00000000
vt 0.00000000 0.00000000
vt 0.00000000 0.00000000
vt 0.00000000 0.00000000
vt 0.00000000 0.00000000
vt 0.00000000 0.00000000
vt 0.00000000 0.00000000
vt 0.00000000 0.00000000
vt 0.00000000 0.00000000
vt 0.00000000 0.00000000
vt 0.00000000 0.00000000
vt 0.00000000 0.00000000
vt 0.00000000 0.00000000
vt 0.00000000 0.00000000
vt 0.00000000 0.00000000
vt 0.00000000 0.00000000
vt 0.00000000 0.00000000
vt 0.00000000 0.00000000
vt 0.00000000 0.00000000
vt 0.00000000 0.00000000
vt 0.00000000 0.00000000
vt 0.00000000 0.00000000
vt 0.00000000 0.00000000
vt 0.00000000 0.00000000
vt 0.00000000 0.00000000
vt 0.00000000 0.00000000
vt 0.00000000 0.00000000
vt 0.00000000 0.00000000
vt 0.00000000 0.00000000
vt 0.00000000 0.00000000
vt 0.00000000 0.00000000
vt 0.00000000 0.00000000
vt 0.00000000 0.00000000
vt 0.00000000 0.00000000
vt 0.00000000 0.00000000
vt 0.00000000 0.00000000
vt 0.00000000 0.00000000
vt 0.00000000 0.00000000
vt 0.00000000 0.00000000
vt 0.00000000 0.00000000
vt 0.00000000 0.00000000
vt 0.00000000 0.00000000
vt 0.00000000 0.00000000
vt 0.00000000 0.00000000
vt 0.00000000 0.00000000
vt 0.00000000 0.00000000
vt 0.00000000 0.00000000
vt 0.00000000 0.00000000
vt 0.00000000 0.00000000
vt 0.00000000 0.00000000
vt 0.00000000 0.00000000
vt 0.00000000 0.00000000
vt 0.00000000 0.00000000
vt 0.00000000 0.00000000
vt 0.00000000 0.00000000
vt 0.00000000 0.00000000
vt 0.00000000 0.00000000
vt 0.00000000 0.00000000
vt 0.00000000 0.00000000
vt 0.00000000 0.00000000
vt 0.00000000 0.00000000
vt 0.00000000 0.00000000
vt 0.00000000 0.00000000
vt 0.00000000 0.00000000
vt 0.00000000 0.00000000
vt 0.00000000 0.00000000
vt 0.00000000 0.00000000
vt 0.00000000 0.00000000
vt 0.00000000 0.00000000
vt 0.00000000 0.00000000
vt 0.00000000 0.00000000
vt 0.00000000 0.00000000
vt 0.00000000 0.00000000
vt 0.00000000 0.00000000
vt 0.00000000 0.00000000
vt 0.00000000 0.00000000
vt 0.00000000 0.00000000
vt 0.00000000 0.00000000
vt 0.00000000 0.00000000
vt 0.00000000 0.00000000
vt 0.00000000 0.00000000
vt 0.00000000 0.00000000
vt 0.00000000 0.00000000
vt 0.00000000 0.00000000
vt 0.00000000 0.00000000
vt 0.00000000 0.00000000
vt 0.00000000 0.00000000
vt 0.00000000 0.00000000
vt 0.00000000 0.00000000
vt 0.00000000 0.00000000
vt 0.00000000 0.00000000
vt 0.00000000 0.00000000
vt 0.00000000 0.00000000
vt 0.00000000 0.00000000
vt 0.00000000 0.00000000
vt 0.00000000 0.00000000
vt 0.00000000 0.00000000
vt 0.00000000 0.00000000
vt 0.00000000 0.00000000
vt 0.00000000 0.00000000
vt 0.00000000 0.00000000
vt 0.00000000 0.00000000
vt 0.00000000 0.00000000
vt 0.00000000 0.00000000
vt 0.00000000 0.00000000
vt 0.00000000 0.00000000
vt 0.00000000 0.00000000
vt 0.00000000 0.00000000
vt 0.00000000 0.00000000
vt 0.00000000 0.00000000
vt 0.00000000 0.00000000
vt 0.00000000 0.00000000
vt 0.00000000 0.00000000
vt 0.00000000 0.00000000
vt 0.00000000 0.00000000
vt 0.00000000 0.00000000
vt 0.00000000 0.00000000
vt 0.00000000 0.00000000
vt 0.00000000 0.00000000
vt 0.00000000 0.00000000
vt 0.00000000 0.00000000
vt 0.00000000 0.00000000
vt 0.00000000 0.00000000
vt 0.00000000 0.00000000
vt 0.00000000 0.00000000
vt 0.00000000 0.00000000
vt 0.00000000 0.00000000
vt 0.00000000 0.00000000
vt 0.00000000 0.00000000
vt 0.00000000 0.00000000
vt 0.00000000 0.00000000
vt 0.00000000 0.00000000
vt 0.00000000 0.00000000
vt 0.00000000 0.00000000
vt 0.00000000 0.00000000
vt 0.00000000 0.00000000
vt 0.00000000 0.00000000
vt 0.00000000 0.00000000
vt 0.00000000 0.00000000
vt 0.00000000 0.00000000
vt 0.00000000 0.00000000
vt 0.00000000 0.00000000
vt 0.00000000 0.00000000
vt 0.00000000 0.00000000
vt 0.00000000 0.00000000
vt 0.00000000 0.00000000
vt 0.00000000 0.00000000
vt 0.00000000 0.00000000
vt 0.00000000 0.00000000
vt 0.00000000 0.00000000
vt 0.00000000 0.00000000
vt 0.00000000 0.00000000
vt 0.00000000 0.00000000
vt 0.00000000 0.00000000
vt 0.00000000 0.00000000
vt 0.00000000 0.00000000
vt 0.00000000 0.00000000
vt 0.00000000 0.00000000
vt 0.00000000 0.00000000
vt 0.00000000 0.00000000
vt 0.00000000 0.00000000
vt 0.00000000 0.00000000
vt 0.00000000 0.00000000
vt 0.00000000 0.00000000
vt 0.00000000 0.00000000
vt 0.00000000 0.00000000
vt 0.00000000 0.00000000
vt 0.00000000 0.00000000
vt 0.00000000 0.00000000
vt 0.00000000 0.00000000
vt 0.00000000 0.00000000
vt 0.00000000 0.00000000
vt 0.00000000 0.00000000
vt 0.00000000 0.00000000
vt 0.00000000 0.00000000
vt 0.00000000 0.00000000
vt 0.00000000 0.00000000
vt 0.00000000 0.00000000
vt 0.00000000 0.00000000
vt 0.00000000 0.00000000
vt 0.00000000 0.00000000
vt 0.00000000 0.00000000
vt 0.00000000 0.00000000
vt 0.00000000 0.00000000
vt 0.00000000 0.00000000
vt 0.00000000 0.00000000
vt 0.00000000 0.00000000
vt 0.00000000 0.00000000
vt 0.00000000 0.00000000
vt 0.00000000 0.00000000
vt 0.00000000 0.00000000
vt 0.00000000 0.00000000
vt 0.00000000 0.00000000
vt 0.00000000 0.00000000
vt 0.00000000 0.00000000
vt 0.00000000 0.00000000
vt 0.00000000 0.00000000
vt 0.00000000 0.00000000
vt 0.00000000 0.00000000
vt 0.00000000 0.00000000
vt 0.00000000 0.00000000
vt 0.00000000 0.00000000
vt 0.00000000 0.00000000
vt 0.00000000 0.00000000
vt 0.00000000 0.00000000
vt 0.00000000 0.00000000
vt 0.00000000 0.00000000
vt 0.00000000 0.00000000
vt 0.00000000 0.00000000
vt 0.00000000 0.00000000
vt 0.00000000 0.00000000
vt 0.00000000 0.00000000
vt 0.00000000 0.00000000
vt 0.00000000 0.00000000
vt 0.00000000 0.00000000
vt 0.00000000 0.00000000
vt 0.00000000 0.00000000
vt 0.00000000 0.00000000
vt 0.00000000 0.00000000
vt 0.00000000 0.00000000
vt 0.00000000 0.00000000
vt 0.00000000 0.00000000
vt 0.00000000 0.00000000
vt 0.00000000 0.00000000
vt 0.00000000 0.00000000
vt 0.00000000 0.00000000
vt 0.00000000 0.00000000
vt 0.00000000 0.00000000
vt 0.00000000 0.00000000
vt 0.00000000 0.00000000
vt 0.00000000 0.00000000
vt 0.00000000 0.00000000
vt 0.00000000 0.00000000
vt 0.00000000 0.00000000
vt 0.00000000 0.00000000
vt 0.00000000 0.00000000
vt 0.00000000 0.00000000
vt 0.00000000 0.00000000
vt 0.00000000 0.00000000
vt 0.00000000 0.00000000
vt 0.00000000 0.00000000
vt 0.00000000 0.00000000
vt 0.00000000 0.00000000
vt 0.00000000 0.00000000
vt 0.00000000 0.00000000
vt 0.00000000 0.00000000
vt 0.00000000 0.00000000
vt 0.00000000 0.00000000
vt 0.00000000 0.00000000
vt 0.00000000 0.00000000
vt 0.00000000 0.00000000
vt 0.00000000 0.00000000
vt 0.00000000 0.00000000
vt 0.00000000 0.00000000
vt 0.00000000 0.00000000
vt 0.00000000 0.00000000
vt 0.00000000 0.00000000
vt 0.00000000 0.00000000
vt 0.00000000 0.00000000
vt 0.00000000 0.00000000
vt 0.00000000 0.00000000
vt 0.00000000 0.00000000
vt 0.00000000 0.00000000
vt 0.00000000 0.00000000
vt 0.00000000 0.00000000
vt 0.00000000 0.00000000
vt 0.00000000 0.00000000
vt 0.00000000 0.00000000
vt 0.00000000 0.00000000
vt 0.00000000 0.00000000
vt 0.00000000 0.00000000
vt 0.00000000 0.00000000
vt 0.00000000 0.00000000
vt 0.00000000 0.00000000
vt 0.00000000 0.00000000
vt 0.00000000 0.00000000
vt 0.00000000 0.00000000
vt 0.00000000 0.00000000
vt 0.00000000 0.00000000
vt 0.00000000 0.00000000
vt 0.00000000 0.00000000
vt 0.00000000 0.00000000
vt 0.00000000 0.00000000
vt 0.00000000 0.00000000
vt 0.00000000 0.00000000
vt 0.00000000 0.00000000
vt 0.00000000 0.00000000
vt 0.00000000 0.00000000
vt 0.00000000 0.00000000
vt 0.00000000 0.00000000
vt 0.00000000 0.00000000
vt 0.00000000 0.00000000
vt 0.00000000 0.00000000
vt 0.00000000 0.00000000
vt 0.00000000 0.00000000
vt 0.00000000 0.00000000
vt 0.00000000 0.00000000
vt 0.00000000 0.00000000
vt 0.00000000 0.00000000
vt 0.00000000 0.00000000
vt 0.00000000 0.00000000
vt 0.00000000 0.00000000
vt 0.00000000 0.00000000
vt 0.00000000 0.00000000
vt 0.00000000 0.00000000
vt 0.00000000 0.00000000
vt 0.00000000 0.00000000
vt 0.00000000 0.00000000
vt 0.00000000 0.00000000
vt 0.00000000 0.00000000
vt 0.00000000 0.00000000
vt 0.00000000 0.00000000
vt 0.00000000 0.00000000
vt 0.00000000 0.00000000
vt 0.00000000 0.00000000
vt 0.00000000 0.00000000
vt 0.00000000 0.00000000
vt 0.00000000 0.00000000
vt 0.00000000 0.00000000
vt 0.00000000 0.00000000
vt 0.00000000 0.00000000
vt 0.00000000 0.00000000
vt 0.00000000 0.00000000
vt 0.00000000 0.00000000
vt 0.00000000 0.00000000
vt 0.00000000 0.00000000
vt 0.00000000 0.00000000
vt 0.00000000 0.00000000
vt 0.00000000 0.00000000
vt 0.00000000 0.00000000
vt 0.00000000 0.00000000
vt 0.00000000 0.00000000
vt 0.00000000 0.00000000
vt 0.00000000 0.00000000
vt 0.00000000 0.00000000
vt 0.00000000 0.00000000
vt 0.00000000 0.00000000
vt 0.00000000 0.00000000
vt 0.00000000 0.00000000
vt 0.00000000 0.00000000
vt 0.00000000 0.00000000
vt 0.00000000 0.00000000
vt 0.00000000 0.00000000
vt 0.00000000 0.00000000
vt 0.00000000 0.00000000
vt 0.00000000 0.00000000
vt 0.00000000 0.00000000
vt 0.00000000 0.00000000
vt 0.00000000 0.00000000
vt 0.00000000 0.00000000
vt 0.00000000 0.00000000
vt 0.00000000 0.00000000
vt 0.00000000 0.00000000
vt 0.00000000 0.00000000
vt 0.00000000 0.00000000
vt 0.00000000 0.00000000
vt 0.00000000 0.00000000
vt 0.00000000 0.00000000
vt 0.00000000 0.00000000
vt 0.00000000 0.00000000
vt 0.00000000 0.00000000
vt 0.00000000 0.00000000
vt 0.00000000 0.00000000
vt 0.00000000 0.00000000
vt 0.00000000 0.00000000
vt 0.00000000 0.00000000
vt 0.00000000 0.00000000
vt 0.00000000 0.00000000
vt 0.00000000 0.00000000
vt 0.00000000 0.00000000
vt 0.00000000 0.00000000
vt 0.00000000 0.00000000
vt 0.00000000 0.00000000
vt 0.00000000 0.00000000
vt 0.00000000 0.00000000
vt 0.00000000 0.00000000
vt 0.00000000 0.00000000
vt 0.00000000 0.00000000
vt 0.00000000 0.00000000
vt 0.00000000 0.00000000
vt 0.00000000 0.00000000
vt 0.00000000 0.00000000
vt 0.00000000 0.00000000
vt 0.00000000 0.00000000
vt 0.00000000 0.00000000
vt 0.00000000 0.00000000
vt 0.00000000 0.00000000
vt 0.00000000 0.00000000
vt 0.00000000 0.00000000
vt 0.00000000 0.00000000
vt 0.00000000 0.00000000
vt 0.00000000 0.00000000
vt 0.00000000 0.00000000
vt 0.00000000 0.00000000
vt 0.00000000 0.00000000
vt 0.00000000 0.00000000
vt 0.00000000 0.00000000
vt 0.00000000 0.00000000
vt 0.00000000 0.00000000
vt 0.00000000 0.00000000
vt 0.00000000 0.00000000
vt 0.00000000 0.00000000
vt 0.00000000 0.00000000
vt 0.00000000 0.00000000
vt 0.00000000 0.00000000
vt 0.00000000 0.00000000
vt 0.00000000 0.00000000
vt 0.00000000 0.00000000
vt 0.00000000 0.00000000
vt 0.00000000 0.00000000
vt 0.00000000 0.00000000
vt 0.00000000 0.00000000
vt 0.00000000 0.00000000
vt 0.00000000 0.00000000
vt 0.00000000 0.00000000
vt 0.00000000 0.00000000
vt 0.00000000 0.00000000
vt 0.00000000 0.00000000
vt 0.00000000 0.00000000
vt 0.00000000 0.00000000
vt 0.00000000 0.00000000
vt 0.00000000 0.00000000
vt 0.00000000 0.00000000
vt 0.00000000 0.00000000
vt 0.00000000 0.00000000
vt 0.00000000 0.00000000
vt 0.00000000 0.00000000
vt 0.00000000 0.00000000
vt 0.00000000 0.00000000
vt 0.00000000 0.00000000
vt 0.00000000 0.00000000
vt 0.00000000 0.00000000
vt 0.00000000 0.00000000
vt 0.00000000 0.00000000
vt 0.00000000 0.00000000
vt 0.00000000 0.00000000
vt 0.00000000 0.00000000
vt 0.00000000 0.00000000
vt 0.00000000 0.00000000
vt 0.00000000 0.00000000
vt 0.00000000 0.00000000
vt 0.00000000 0.00000000
vt 0.00000000 0.00000000
vt 0.00000000 0.00000000
vt 0.00000000 0.00000000
vt 0.00000000 0.00000000
vt 0.00000000 0.00000000
vt 0.00000000 0.00000000
vt 0.00000000 0.00000000
vt 0.00000000 0.00000000
vt 0.00000000 0.00000000
vt 0.00000000 0.00000000
vt 0.00000000 0.00000000
vt 0.00000000 0.00000000
vt 0.00000000 0.00000000
vt 0.00000000 0.00000000
vt 0.00000000 0.00000000
vt 0.00000000 0.00000000
vt 0.00000000 0.00000000
vt 0.00000000 0.00000000
vt 0.00000000 0.00000000
vt 0.00000000 0.00000000
vt 0.00000000 0.00000000
vt 0.00000000 0.00000000
vt 0.00000000 0.00000000
vt 0.00000000 0.00000000
vt 0.00000000 0.00000000
vt 0.00000000 0.00000000
vt 0.00000000 0.00000000
vt 0.00000000 0.00000000
vt 0.00000000 0.00000000
vt 0.00000000 0.00000000
vt 0.00000000 0.00000000
vt 0.00000000 0.00000000
vt 0.00000000 0.00000000
vt 0.00000000 0.00000000
vt 0.00000000 0.00000000
vt 0.00000000 0.00000000
vt 0.00000000 0.00000000
vt 0.00000000 0.00000000
vt 0.00000000 0.00000000
vt 0.00000000 0.00000000
vt 0.00000000 0.00000000
vt 0.00000000 0.00000000
vt 0.00000000 0.00000000
vt 0.00000000 0.00000000
vt 0.00000000 0.00000000
vt 0.00000000 0.00000000
vt 0.00000000 0.00000000
vt 0.00000000 0.00000000
vt 0.00000000 0.00000000
vt 0.00000000 0.00000000
vt 0.00000000 0.00000000
vt 0.00000000 0.00000000
vt 0.00000000 0.00000000
vt 0.00000000 0.00000000
vt 0.00000000 0.00000000
vt 0.00000000 0.00000000
vt 0.00000000 0.00000000
vt 0.00000000 0.00000000
vt 0.00000000 0.00000000
vt 0.00000000 0.00000000
vt 0.00000000 0.00000000
vt 0.00000000 0.00000000
vt 0.00000000 0.00000000
vt 0.00000000 0.00000000
vt 0.00000000 0.00000000
vt 0.00000000 0.00000000
vt 0.00000000 0.00000000
vt 0.00000000 0.00000000
vt 0.00000000 0.00000000
vt 0.00000000 0.00000000
vt 0.00000000 0.00000000
vt 0.00000000 0.00000000
vt 0.00000000 0.00000000
vt 0.00000000 0.00000000
vt 0.00000000 0.00000000
vt 0.00000000 0.00000000
vt 0.00000000 0.00000000
vt 0.00000000 0.00000000
vt 0.00000000 0.00000000
vt 0.00000000 0.00000000
vt 0.00000000 0.00000000
vt 0.00000000 0.00000000
vt 0.00000000 0.00000000
vt 0.00000000 0.00000000
vt 0.00000000 0.00000000
vt 0.00000000 0.00000000
vt 0.00000000 0.00000000
vt 0.00000000 0.00000000
vt 0.00000000 0.00000000
vt 0.00000000 0.00000000
vt 0.00000000 0.00000000
vt 0.00000000 0.00000000
vt 0.00000000 0.00000000
vt 0.00000000 0.00000000
vt 0.00000000 0.00000000
vt 0.00000000 0.00000000
vt 0.00000000 0.00000000
vt 0.00000000 0.00000000
vt 0.00000000 0.00000000
vt 0.00000000 0.00000000
vt 0.00000000 0.00000000
vt 0.00000000 0.00000000
vt 0.00000000 0.00000000
vt 0.00000000 0.00000000
vt 0.00000000 0.00000000
vt 0.00000000 0.00000000
vt 0.00000000 0.00000000
vt 0.00000000 0.00000000
vt 0.00000000 0.00000000
vt 0.00000000 0.00000000
vt 0.00000000 0.00000000
vt 0.00000000 0.00000000
vt 0.00000000 0.00000000
vt 0.00000000 0.00000000
vt 0.00000000 0.00000000
vt 0.00000000 0.00000000
vt 0.00000000 0.00000000
vt 0.00000000 0.00000000
vt 0.00000000 0.00000000
vt 0.00000000 0.00000000
vt 0.00000000 0.00000000
vt 0.00000000 0.00000000
vt 0.00000000 0.00000000
vt 0.00000000 0.00000000
vt 0.00000000 0.00000000
vt 0.00000000 0.00000000
vt 0.00000000 0.00000000
vt 0.00000000 0.00000000
vt 0.00000000 0.00000000
vt 0.00000000 0.00000000
vt 0.00000000 0.00000000
vt 0.00000000 0.00000000
vt 0.00000000 0.00000000
vt 0.00000000 0.00000000
vt 0.00000000 0.00000000
vt 0.00000000 0.00000000
vt 0.00000000 0.00000000
vt 0.00000000 0.00000000
vt 0.00000000 0.00000000
vt 0.00000000 0.00000000
vt 0.00000000 0.00000000
vt 0.00000000 0.00000000
vt 0.00000000 0.00000000
vt 0.00000000 0.00000000
vt 0.00000000 0.00000000
vt 0.00000000 0.00000000
vt 0.00000000 0.00000000
vt 0.00000000 0.00000000
vt 0.00000000 0.00000000
vt 0.00000000 0.00000000
vt 0.00000000 0.00000000
vt 0.00000000 0.00000000
vt 0.00000000 0.00000000
vt 0.00000000 0.00000000
vt 0.00000000 0.00000000
vt 0.00000000 0.00000000
vt 0.00000000 0.00000000
vt 0.00000000 0.00000000
vt 0.00000000 0.00000000
vt 0.00000000 0.00000000
vt 0.00000000 0.00000000
vt 0.00000000 0.00000000
vt 0.00000000 0.00000000
vt 0.00000000 0.00000000
vt 0.00000000 0.00000000
vt 0.00000000 0.00000000
vt 0.00000000 0.00000000
vt 0.00000000 0.00000000
vt 0.00000000 0.00000000
vt 0.00000000 0.00000000
vt 0.00000000 0.00000000
vt 0.00000000 0.00000000
vt 0.00000000 0.00000000
vt 0.00000000 0.00000000
vt 0.00000000 0.00000000
vt 0.00000000 0.00000000
vt 0.00000000 0.00000000
vt 0.00000000 0.00000000
vt 0.00000000 0.00000000
vt 0.00000000 0.00000000
vt 0.00000000 0.00000000
vt 0.00000000 0.00000000
vt 0.00000000 0.00000000
vt 0.00000000 0.00000000
vt 0.00000000 0.00000000
vt 0.00000000 0.00000000
vt 0.00000000 0.00000000
vt 0.00000000 0.00000000
vt 0.00000000 0.00000000
vt 0.00000000 0.00000000
vt 0.00000000 0.00000000
vt 0.00000000 0.00000000
vt 0.00000000 0.00000000
vt 0.00000000 0.00000000
vt 0.00000000 0.00000000
vt 0.00000000 0.00000000
vt 0.00000000 0.00000000
vt 0.00000000 0.00000000
vt 0.00000000 0.00000000
vt 0.00000000 0.00000000
vt 0.00000000 0.00000000
vt 0.00000000 0.00000000
vt 0.00000000 0.00000000
vt 0.00000000 0.00000000
vt 0.00000000 0.00000000
vt 0.00000000 0.00000000
vt 0.00000000 0.00000000
vt 0.00000000 0.00000000
vt 0.00000000 0.00000000
vt 0.00000000 0.00000000
vt 0.00000000 0.00000000
vt 0.00000000 0.00000000
vt 0.00000000 0.00000000
vt 0.00000000 0.00000000
vt 0.00000000 0.00000000
vt 0.00000000 0.00000000
vt 0.00000000 0.00000000
vt 0.00000000 0.00000000
vt 0.00000000 0.00000000
vt 0.00000000 0.00000000
vt 0.00000000 0.00000000
vt 0.00000000 0.00000000
vt 0.00000000 0.00000000
vt 0.00000000 0.00000000
vt 0.00000000 0.00000000
vt 0.00000000 0.00000000
vt 0.00000000 0.00000000
vt 0.00000000 0.00000000
vt 0.00000000 0.00000000
vt 0.00000000 0.00000000
vt 0.00000000 0.00000000
vt 0.00000000 0.00000000
vt 0.00000000 0.00000000
vt 0.00000000 0.00000000
vt 0.00000000 0.00000000
vt 0.00000000 0.00000000
vt 0.00000000 0.00000000
vt 0.00000000 0.00000000
vt 0.00000000 0.00000000
vt 0.00000000 0.00000000
vt 0.00000000 0.00000000
vt 0.00000000 0.00000000
vt 0.00000000 0.00000000
vt 0.00000000 0.00000000
vt 0.00000000 0.00000000
vt 0.00000000 0.00000000
vt 0.00000000 0.00000000
vt 0.00000000 0.00000000
vt 0.00000000 0.00000000
vt 0.00000000 0.00000000
vt 0.00000000 0.00000000
vt 0.00000000 0.00000000
vt 0.00000000 0.00000000
vt 0.00000000 0.00000000
vt 0.00000000 0.00000000
vt 0.00000000 0.00000000
vt 0.00000000 0.00000000
vt 0.00000000 0.00000000
vt 0.00000000 0.00000000
vt 0.00000000 0.00000000
vt 0.00000000 0.00000000
vt 0.00000000 0.00000000
vt 0.00000000 0.00000000
vt 0.00000000 0.00000000
vt 0.00000000 0.00000000
vt 0.00000000 0.00000000
vt 0.00000000 0.00000000
vt 0.00000000 0.00000000
vt 0.00000000 0.00000000
vt 0.00000000 0.00000000
vt 0.00000000 0.00000000
vt 0.00000000 0.00000000
vt 0.00000000 0.00000000
vt 0.00000000 0.00000000
vt 0.00000000 0.00000000
vt 0.00000000 0.00000000
vt 0.00000000 0.00000000
vt 0.00000000 0.00000000
vt 0.00000000 0.00000000
vt 0.00000000 0.00000000
vt 0.00000000 0.00000000
vt 0.00000000 0.00000000
vt 0.00000000 0.00000000
vt 0.00000000 0.00000000
vt 0.00000000 0.00000000
vt 0.00000000 0.00000000
vt 0.00000000 0.00000000
vt 0.00000000 0.00000000
vt 0.00000000 0.00000000
vt 0.00000000 0.00000000
vt 0.00000000 0.00000000
vt 0.00000000 0.00000000
vt 0.00000000 0.00000000
vt 0.00000000 0.00000000
vt 0.00000000 0.00000000
vt 0.00000000 0.00000000
vt 0.00000000 0.00000000
vt 0.00000000 0.00000000
vt 0.00000000 0.00000000
vt 0.00000000 0.00000000
vt 0.00000000 0.00000000
vt 0.00000000 0.00000000
vt 0.00000000 0.00000000
vt 0.00000000 0.00000000
vt 0.00000000 0.00000000
vt 0.00000000 0.00000000
vt 0.00000000 0.00000000
vt 0.00000000 0.00000000
vt 0.00000000 0.00000000
vt 0.00000000 0.00000000
vt 0.00000000 0.00000000
vt 0.00000000 0.00000000
vt 0.00000000 0.00000000
vt 0.00000000 0.00000000
vt 0.00000000 0.00000000
vt 0.00000000 0.00000000
vt 0.00000000 0.00000000
vt 0.00000000 0.00000000
vt 0.00000000 0.00000000
vt 0.00000000 0.00000000
vt 0.00000000 0.00000000
vt 0.00000000 0.00000000
vt 0.00000000 0.00000000
vt 0.00000000 0.00000000
vt 0.00000000 0.00000000
vt 0.00000000 0.00000000
vt 0.00000000 0.00000000
vt 0.00000000 0.00000000
vt 0.00000000 0.00000000
vt 0.00000000 0.00000000
vt 0.00000000 0.00000000
vt 0.00000000 0.00000000
vt 0.00000000 0.00000000
vt 0.00000000 0.00000000
vt 0.00000000 0.00000000
vt 0.00000000 0.00000000
vt 0.00000000 0.00000000
vt 0.00000000 0.00000000
vt 0.00000000 0.00000000
vt 0.00000000 0.00000000
vt 0.00000000 0.00000000
vt 0.00000000 0.00000000
vt 0.00000000 0.00000000
vt 0.00000000 0.00000000
vt 0.00000000 0.00000000
vt 0.00000000 0.00000000
vt 0.00000000 0.00000000
vt 0.00000000 0.00000000
vt 0.00000000 0.00000000
vt 0.00000000 0.00000000
vt 0.00000000 0.00000000
vt 0.00000000 0.00000000
vt 0.00000000 0.00000000
vt 0.00000000 0.00000000
vt 0.00000000 0.00000000
vt 0.00000000 0.00000000
vt 0.00000000 0.00000000
vt 0.00000000 0.00000000
vt 0.00000000 0.00000000
vt 0.00000000 0.00000000
vt 0.00000000 0.00000000
vt 0.00000000 0.00000000
vt 0.00000000 0.00000000
vt 0.00000000 0.00000000
vt 0.00000000 0.00000000
vt 0.00000000 0.00000000
vt 0.00000000 0.00000000
vt 0.00000000 0.00000000
vt 0.00000000 0.00000000
vt 0.00000000 0.00000000
vt 0.00000000 0.00000000
vt 0.00000000 0.00000000
vt 0.00000000 0.00000000
vt 0.00000000 0.00000000
vt 0.00000000 0.00000000
vt 0.00000000 0.00000000
vt 0.00000000 0.00000000
vt 0.00000000 0.00000000
vt 0.00000000 0.00000000
vt 0.00000000 0.00000000
vt 0.00000000 0.00000000
vt 0.00000000 0.00000000
vt 0.00000000 0.00000000
vt 0.00000000 0.00000000
vt 0.00000000 0.00000000
vt 0.00000000 0.00000000
vt 0.00000000 0.00000000
vt 0.00000000 0.00000000
vt 0.00000000 0.00000000
vt 0.00000000 0.00000000
vt 0.00000000 0.00000000
vt 0.00000000 0.00000000
vt 0.00000000 0.00000000
vt 0.00000000 0.00000000
vt 0.00000000 0.00000000
vt 0.00000000 0.00000000
vt 0.00000000 0.00000000
vt 0.00000000 0.00000000
vt 0.00000000 0.00000000
vt 0.00000000 0.00000000
vt 0.00000000 0.00000000
vt 0.00000000 0.00000000
vt 0.00000000 0.00000000
vt 0.00000000 0.00000000
vt 0.00000000 0.00000000
vt 0.00000000 0.00000000
vt 0.00000000 0.00000000
vt 0.00000000 0.00000000
vt 0.00000000 0.00000000
vt 0.00000000 0.00000000
vt 0.00000000 0.00000000
vt 0.00000000 0.00000000
vt 0.00000000 0.00000000
vt 0.00000000 0.00000000
vt 0.00000000 0.00000000
vt 0.00000000 0.00000000
vt 0.00000000 0.00000000
vt 0.00000000 0.00000000
vt 0.00000000 0.00000000
vt 0.00000000 0.00000000
vt 0.00000000 0.00000000
vt 0.00000000 0.00000000
vt 0.00000000 0.00000000
vt 0.00000000 0.00000000
vt 0.00000000 0.00000000
vt 0.00000000 0.00000000
vt 0.00000000 0.00000000
vt 0.00000000 0.00000000
vt 0.00000000 0.00000000
vt 0.00000000 0.00000000
vt 0.00000000 0.00000000
vt 0.00000000 0.00000000
vt 0.00000000 0.00000000
vt 0.00000000 0.00000000
vt 0.00000000 0.00000000
vt 0.00000000 0.00000000
vt 0.00000000 0.00000000
vt 0.00000000 0.00000000
vt 0.00000000 0.00000000
vt 0.00000000 0.00000000
vt 0.00000000 0.00000000
vt 0.00000000 0.00000000
vt 0.00000000 0.00000000
vt 0.00000000 0.00000000
vt 0.00000000 0.00000000
vt 0.00000000 0.00000000
vt 0.00000000 0.00000000
vt 0.00000000 0.00000000
vt 0.00000000 0.00000000
vt 0.00000000 0.00000000
vt 0.00000000 0.00000000
vt 0.00000000 0.00000000
vt 0.00000000 0.00000000
vt 0.00000000 0.00000000
vt 0.00000000 0.00000000
vt 0.00000000 0.00000000
vt 0.00000000 0.00000000
vt 0.00000000 0.00000000
vt 0.00000000 0.00000000
vt 0.00000000 0.00000000
vt 0.00000000 0.00000000
vt 0.00000000 0.00000000
vt 0.00000000 0.00000000
vt 0.00000000 0.00000000
vt 0.00000000 0.00000000
vt 0.00000000 0.00000000
vt 0.00000000 0.00000000
vt 0.00000000 0.00000000
vt 0.00000000 0.00000000
vt 0.00000000 0.00000000
vt 0.00000000 0.00000000
vt 0.00000000 0.00000000
vt 0.00000000 0.00000000
vt 0.00000000 0.00000000
vt 0.00000000 0.00000000
vt 0.00000000 0.00000000
vt 0.00000000 0.00000000
vt 0.00000000 0.00000000
vt 0.00000000 0.00000000
vt 0.00000000 0.00000000
vt 0.00000000 0.00000000
vt 0.00000000 0.00000000
vt 0.00000000 0.00000000
vt 0.00000000 0.00000000
vt 0.00000000 0.00000000
vt 0.00000000 0.00000000
vt 0.00000000 0.00000000
vt 0.00000000 0.00000000
vt 0.00000000 0.00000000
vt 0.00000000 0.00000000
vt 0.00000000 0.00000000
vt 0.00000000 0.00000000
vt 0.00000000 0.00000000
vt 0.00000000 0.00000000
vt 0.00000000 0.00000000
vt 0.00000000 0.00000000
vt 0.00000000 0.00000000
vt 0.00000000 0.00000000
vt 0.00000000 0.00000000
vt 0.00000000 0.00000000
vt 0.00000000 0.00000000
vt 0.00000000 0.00000000
vt 0.00000000 0.00000000
vt 0.00000000 0.00000000
vt 0.00000000 0.00000000
vt 0.00000000 0.00000000
vt 0.00000000 0.00000000
vt 0.00000000 0.00000000
vt 0.00000000 0.00000000
vt 0.00000000 0.00000000
vt 0.00000000 0.00000000
vt 0.00000000 0.00000000
vt 0.00000000 0.00000000
vt 0.00000000 0.00000000
vt 0.00000000 0.00000000
vt 0.00000000 0.00000000
vt 0.00000000 0.00000000
vt 0.00000000 0.00000000
vt 0.00000000 0.00000000
vt 0.00000000 0.00000000
vt 0.00000000 0.00000000
vt 0.00000000 0.00000000
vt 0.00000000 0.00000000
vt 0.00000000 0.00000000
vt 0.00000000 0.00000000
vt 0.00000000 0.00000000
vt 0.00000000 0.00000000
vt 0.00000000 0.00000000
vt 0.00000000 0.00000000
vt 0.00000000 0.00000000
vt 0.00000000 0.00000000
vt 0.00000000 0.00000000
vt 0.00000000 0.00000000
vt 0.00000000 0.00000000
vt 0.00000000 0.00000000
vt 0.00000000 0.00000000
vt 0.00000000 0.00000000
vt 0.00000000 0.00000000
vt 0.00000000 0.00000000
vt 0.00000000 0.00000000
vt 0.00000000 0.00000000
vt 0.00000000 0.00000000
vt 0.00000000 0.00000000
vt 0.00000000 0.00000000
vt 0.00000000 0.00000000
vt 0.00000000 0.00000000
vt 0.00000000 0.00000000
vt 0.00000000 0.00000000
vt 0.00000000 0.00000000
vt 0.00000000 0.00000000
vt 0.00000000 0.00000000
vt 0.00000000 0.00000000
vt 0.00000000 0.00000000
vt 0.00000000 0.00000000
vt 0.00000000 0.00000000
vt 0.00000000 0.00000000
vt 0.00000000 0.00000000
vt 0.00000000 0.00000000
vt 0.00000000 0.00000000
vt 0.00000000 0.00000000
vt 0.00000000 0.00000000
vt 0.00000000 0.00000000
vt 0.00000000 0.00000000
vt 0.00000000 0.00000000
vt 0.00000000 0.00000000
vt 0.00000000 0.00000000
vt 0.00000000 0.00000000
vt 0.00000000 0.00000000
vt 0.00000000 0.00000000
vt 0.00000000 0.00000000
vt 0.00000000 0.00000000
vt 0.00000000 0.00000000
vt 0.00000000 0.00000000
vt 0.00000000 0.00000000
vt 0.00000000 0.00000000
vt 0.00000000 0.00000000
vt 0.00000000 0.00000000
vt 0.00000000 0.00000000
vt 0.00000000 0.00000000
vt 0.00000000 0.00000000
vt 0.00000000 0.00000000
vt 0.00000000 0.00000000
vt 0.00000000 0.00000000
vt 0.00000000 0.00000000
vt 0.00000000 0.00000000
vt 0.00000000 0.00000000
vt 0.00000000 0.00000000
vt 0.00000000 0.00000000
vt 0.00000000 0.00000000
vt 0.00000000 0.00000000
vt 0.00000000 0.00000000
vt 0.00000000 0.00000000
vt 0.00000000 0.00000000
vt 0.00000000 0.00000000
vt 0.00000000 0.00000000
vt 0.00000000 0.00000000
vt 0.00000000 0.00000000
vt 0.00000000 0.00000000
vt 0.00000000 0.00000000
vt 0.00000000 0.00000000
vt 0.00000000 0.00000000
vt 0.00000000 0.00000000
vt 0.00000000 0.00000000
vt 0.00000000 0.00000000
vt 0.00000000 0.00000000
vt 0.00000000 0.00000000
vt 0.00000000 0.00000000
vt 0.00000000 0.00000000
vt 0.00000000 0.00000000
vt 0.00000000 0.00000000
vt 0.00000000 0.00000000
vt 0.00000000 0.00000000
vt 0.00000000 0.00000000
vt 0.00000000 0.00000000
vt 0.00000000 0.00000000
vt 0.00000000 0.00000000
vt 0.00000000 0.00000000
vt 0.00000000 0.00000000
vt 0.00000000 0.00000000
vt 0.00000000 0.00000000
vt 0.00000000 0.00000000
vt 0.00000000 0.00000000
vt 0.00000000 0.00000000
vt 0.00000000 0.00000000
vt 0.00000000 0.00000000
vt 0.00000000 0.00000000
vt 0.00000000 0.00000000
vt 0.00000000 0.00000000
vt 0.00000000 0.00000000
vt 0.00000000 0.00000000
vt 0.00000000 0.00000000
vt 0.00000000 0.00000000
vt 0.00000000 0.00000000
vt 0.00000000 0.00000000
vt 0.00000000 0.00000000
vt 0.00000000 0.00000000
vt 0.00000000 0.00000000
vt 0.00000000 0.00000000
vt 0.00000000 0.00000000
vt 0.00000000 0.00000000
vt 0.00000000 0.00000000
vt 0.00000000 0.00000000
vt 0.00000000 0.00000000
vt 0.00000000 0.00000000
vt 0.00000000 0.00000000
vt 0.00000000 0.00000000
vt 0.00000000 0.00000000
vt 0.00000000 0.00000000
vt 0.00000000 0.00000000
vt 0.00000000 0.00000000
vt 0.00000000 0.00000000
vt 0.00000000 0.00000000
vt 0.00000000 0.00000000
vt 0.00000000 0.00000000
vt 0.00000000 0.00000000
vt 0.00000000 0.00000000
vt 0.00000000 0.00000000
vt 0.00000000 0.00000000
vt 0.00000000 0.00000000
vt 0.00000000 0.00000000
vt 0.00000000 0.00000000
vt 0.00000000 0.00000000
vt 0.00000000 0.00000000
vt 0.00000000 0.00000000
vt 0.00000000 0.00000000
vt 0.00000000 0.00000000
vt 0.00000000 0.00000000
vt 0.00000000 0.00000000
vt 0.00000000 0.00000000
vt 0.00000000 0.00000000
vt 0.00000000 0.00000000
vt 0.00000000 0.00000000
vt 0.00000000 0.00000000
vt 0.00000000 0.00000000
vt 0.00000000 0.00000000
vt 0.00000000 0.00000000
vt 0.00000000 0.00000000
vt 0.00000000 0.00000000
vt 0.00000000 0.00000000
vt 0.00000000 0.00000000
vt 0.00000000 0.00000000
vt 0.00000000 0.00000000
vt 0.00000000 0.00000000
vt 0.00000000 0.00000000
vt 0.00000000 0.00000000
vt 0.00000000 0.00000000
vt 0.00000000 0.00000000
vt 0.00000000 0.00000000
vt 0.00000000 0.00000000
vt 0.00000000 0.00000000
vt 0.00000000 0.00000000
vt 0.00000000 0.00000000
vt 0.00000000 0.00000000
vt 0.00000000 0.00000000
vt 0.00000000 0.00000000
vt 0.00000000 0.00000000
vt 0.00000000 0.00000000
vt 0.00000000 0.00000000
vt 0.00000000 0.00000000
vt 0.00000000 0.00000000
vt 0.00000000 0.00000000
vt 0.00000000 0.00000000
vt 0.00000000 0.00000000
vt 0.00000000 0.00000000
vt 0.00000000 0.00000000
vt 0.00000000 0.00000000
vt 0.00000000 0.00000000
vt 0.00000000 0.00000000
vt 0.00000000 0.00000000
vt 0.00000000 0.00000000
vt 0.00000000 0.00000000
vt 0.00000000 0.00000000
vt 0.00000000 0.00000000
vt 0.00000000 0.00000000
vt 0.00000000 0.00000000
vt 0.00000000 0.00000000
vt 0.00000000 0.00000000
vt 0.00000000 0.00000000
vt 0.00000000 0.00000000
vt 0.00000000 0.00000000
vt 0.00000000 0.00000000
vt 0.00000000 0.00000000
vt 0.00000000 0.00000000
vt 0.00000000 0.00000000
vt 0.00000000 0.00000000
vt 0.00000000 0.00000000
vt 0.00000000 0.00000000
vt 0.00000000 0.00000000
vt 0.00000000 0.00000000
vt 0.00000000 0.00000000
vt 0.00000000 0.00000000
vt 0.00000000 0.00000000
vt 0.00000000 0.00000000
vt 0.00000000 0.00000000
vt 0.00000000 0.00000000
vt 0.00000000 0.00000000
vt 0.00000000 0.00000000
vt 0.00000000 0.00000000
vt 0.00000000 0.00000000
vt 0.00000000 0.00000000
vt 0.00000000 0.00000000
vt 0.00000000 0.00000000
vt 0.00000000 0.00000000
vt 0.00000000 0.00000000
vt 0.00000000 0.00000000
vt 0.00000000 0.00000000
vt 0.00000000 0.00000000
vt 0.00000000 0.00000000
vt 0.00000000 0.00000000
vt 0.00000000 0.00000000
vt 0.00000000 0.00000000
vt 0.00000000 0.00000000
vt 0.00000000 0.00000000
vt 0.00000000 0.00000000
vt 0.00000000 0.00000000
vt 0.00000000 0.00000000
vt 0.00000000 0.00000000
vt 0.00000000 0.00000000
vt 0.00000000 0.00000000
vt 0.00000000 0.00000000
vt 0.00000000 0.00000000
vt 0.00000000 0.00000000
vt 0.00000000 0.00000000
vt 0.00000000 0.00000000
vt 0.00000000 0.00000000
vt 0.00000000 0.00000000
vt 0.00000000 0.00000000
vt 0.00000000 0.00000000
vt 0.00000000 0.00000000
vt 0.00000000 0.00000000
vt 0.00000000 0.00000000
vt 0.00000000 0.00000000
vt 0.00000000 0.00000000
vt 0.00000000 0.00000000
vt 0.00000000 0.00000000
vt 0.00000000 0.00000000
vt 0.00000000 0.00000000
vt 0.00000000 0.00000000
vt 0.00000000 0.00000000
vt 0.00000000 0.00000000
vt 0.00000000 0.00000000
vt 0.00000000 0.00000000
vt 0.00000000 0.00000000
vt 0.00000000 0.00000000
vt 0.00000000 0.00000000
vt 0.00000000 0.00000000
vt 0.00000000 0.00000000
vt 0.00000000 0.00000000
vt 0.00000000 0.00000000
vt 0.00000000 0.00000000
vt 0.00000000 0.00000000
vt 0.00000000 0.00000000
vt 0.00000000 0.00000000
vt 0.00000000 0.00000000
vt 0.00000000 0.00000000
vt 0.00000000 0.00000000
vt 0.00000000 0.00000000
vt 0.00000000 0.00000000
vt 0.00000000 0.00000000
vt 0.00000000 0.00000000
vt 0.00000000 0.00000000
vt 0.00000000 0.00000000
vt 0.00000000 0.00000000
vt 0.00000000 0.00000000
vt 0.00000000 0.00000000
vt 0.00000000 0.00000000
vt 0.00000000 0.00000000
vt 0.00000000 0.00000000
vt 0.00000000 0.00000000
vt 0.00000000 0.00000000
vt 0.00000000 0.00000000
vt 0.00000000 0.00000000
vt 0.00000000 0.00000000
vt 0.00000000 0.00000000
vt 0.00000000 0.00000000
vt 0.00000000 0.00000000
vt 0.00000000 0.00000000
vt 0.00000000 0.00000000
vt 0.00000000 0.00000000
vt 0.00000000 0.00000000
vt 0.00000000 0.00000000
vt 0.00000000 0.00000000
vt 0.00000000 0.00000000
vt 0.00000000 0.00000000
vt 0.00000000 0.00000000
vt 0.00000000 0.00000000
vt 0.00000000 0.00000000
vt 0.00000000 0.00000000
vt 0.00000000 0.00000000
vt 0.00000000 0.00000000
vt 0.00000000 0.00000000
vt 0.00000000 0.00000000
vt 0.00000000 0.00000000
vt 0.00000000 0.00000000
vt 0.00000000 0.00000000
vt 0.00000000 0.00000000
vt 0.00000000 0.00000000
vt 0.00000000 0.00000000
vt 0.00000000 0.00000000
vt 0.00000000 0.00000000
vt 0.00000000 0.00000000
vt 0.00000000 0.00000000
vt 0.00000000 0.00000000
vt 0.00000000 0.00000000
vt 0.00000000 0.00000000
vt 0.00000000 0.00000000
vt 0.00000000 0.00000000
vt 0.00000000 0.00000000
vt 0.00000000 0.00000000
vt 0.00000000 0.00000000
vt 0.00000000 0.00000000
vt 0.00000000 0.00000000
vt 0.00000000 0.00000000
vt 0.00000000 0.00000000
vt 0.00000000 0.00000000
vt 0.00000000 0.00000000
vt 0.00000000 0.00000000
vt 0.00000000 0.00000000
vt 0.00000000 0.00000000
vt 0.00000000 0.00000000
vt 0.00000000 0.00000000
vt 0.00000000 0.00000000
vt 0.00000000 0.00000000
vt 0.00000000 0.00000000
vt 0.00000000 0.00000000
vt 0.00000000 0.00000000
vt 0.00000000 0.00000000
vt 0.00000000 0.00000000
vt 0.00000000 0.00000000
vt 0.00000000 0.00000000
vt 0.00000000 0.00000000
vt 0.00000000 0.00000000
vt 0.00000000 0.00000000
vt 0.00000000 0.00000000
vt 0.00000000 0.00000000
vt 0.00000000 0.00000000
vt 0.00000000 0.00000000
vt 0.00000000 0.00000000
vt 0.00000000 0.00000000
vt 0.00000000 0.00000000
vt 0.00000000 0.00000000
vt 0.00000000 0.00000000
vt 0.00000000 0.00000000
vt 0.00000000 0.00000000
vt 0.00000000 0.00000000
vt 0.00000000 0.00000000
vt 0.00000000 0.00000000
vt 0.00000000 0.00000000
vt 0.00000000 0.00000000
vt 0.00000000 0.00000000
vt 0.00000000 0.00000000
vt 0.00000000 0.00000000
vt 0.00000000 0.00000000
vt 0.00000000 0.00000000
vt 0.00000000 0.00000000
vt 0.00000000 0.00000000
vt 0.00000000 0.00000000
vt 0.00000000 0.00000000
vt 0.00000000 0.00000000
vt 0.00000000 0.00000000
vt 0.00000000 0.00000000
vt 0.00000000 0.00000000
vt 0.00000000 0.00000000
vt 0.00000000 0.00000000
vt 0.00000000 0.00000000
vt 0.00000000 0.00000000
vt 0.00000000 0.00000000
vt 0.00000000 0.00000000
vt 0.00000000 0.00000000
vt 0.00000000 0.00000000
vt 0.00000000 0.00000000
vt 0.00000000 0.00000000
vt 0.00000000 0.00000000
vt 0.00000000 0.00000000
vt 0.00000000 0.00000000
vt 0.00000000 0.00000000
vt 0.00000000 0.00000000
vt 0.00000000 0.00000000
vt 0.00000000 0.00000000
vt 0.00000000 0.00000000
vt 0.00000000 0.00000000
vt 0.00000000 0.00000000
vt 0.00000000 0.00000000
vt 0.00000000 0.00000000
vt 0.00000000 0.00000000
vt 0.00000000 0.00000000
vt 0.00000000 0.00000000
vt 0.00000000 0.00000000
vt 0.00000000 0.00000000
vt 0.00000000 0.00000000
vt 0.00000000 0.00000000
vt 0.00000000 0.00000000
vt 0.00000000 0.00000000
vt 0.00000000 0.00000000
vt 0.00000000 0.00000000
vt 0.00000000 0.00000000
vt 0.00000000 0.00000000
vt 0.00000000 0.00000000
vt 0.00000000 0.00000000
vt 0.00000000 0.00000000
vt 0.00000000 0.00000000
vt 0.00000000 0.00000000
vt 0.00000000 0.00000000
vt 0.00000000 0.00000000
vt 0.00000000 0.00000000
vt 0.00000000 0.00000000
vt 0.00000000 0.00000000
vt 0.00000000 0.00000000
vt 0.00000000 0.00000000
vt 0.00000000 0.00000000
vt 0.00000000 0.00000000
vt 0.00000000 0.00000000
vt 0.00000000 0.00000000
vt 0.00000000 0.00000000
vt 0.00000000 0.00000000
vt 0.00000000 0.00000000
vt 0.00000000 0.00000000
vt 0.00000000 0.00000000
vt 0.00000000 0.00000000
vt 0.00000000 0.00000000
vt 0.00000000 0.00000000
vt 0.00000000 0.00000000
vt 0.00000000 0.00000000
vt 0.00000000 0.00000000
vt 0.00000000 0.00000000
vt 0.00000000 0.00000000
vt 0.00000000 0.00000000
vt 0.00000000 0.00000000
vt 0.00000000 0.00000000
vt 0.00000000 0.00000000
vt 0.00000000 0.00000000
vt 0.00000000 0.00000000
vt 0.00000000 0.00000000
vt 0.00000000 0.00000000
vt 0.00000000 0.00000000
vt 0.00000000 0.00000000
vt 0.00000000 0.00000000
vt 0.00000000 0.00000000
vt 0.00000000 0.00000000
vt 0.00000000 0.00000000
vt 0.00000000 0.00000000
vt 0.00000000 0.00000000
vt 0.00000000 0.00000000
vt 0.00000000 0.00000000
vt 0.00000000 0.00000000
vt 0.00000000 0.00000000
vt 0.00000000 0.00000000
vt 0.00000000 0.00000000
vt 0.00000000 0.00000000
vt 0.00000000 0.00000000
vt 0.00000000 0.00000000
vt 0.00000000 0.00000000
vt 0.00000000 0.00000000
vt 0.00000000 0.00000000
vt 0.00000000 0.00000000
vt 0.00000000 0.00000000
vt 0.00000000 0.00000000
vt 0.00000000 0.00000000
vt 0.00000000 0.00000000
vt 0.00000000 0.00000000
vt 0.00000000 0.00000000
vt 0.00000000 0.00000000
vt 0.00000000 0.00000000
vt 0.00000000 0.00000000
vt 0.00000000 0.00000000
vt 0.00000000 0.00000000
vt 0.00000000 0.00000000
vt 0.00000000 0.00000000
vt 0.00000000 0.00000000
vt 0.00000000 0.00000000
vt 0.00000000 0.00000000
vt 0.00000000 0.00000000
vt 0.00000000 0.00000000
vt 0.00000000 0.00000000
vt 0.00000000 0.00000000
vt 0.00000000 0.00000000
vt 0.00000000 0.00000000
vt 0.00000000 0.00000000
vt 0.00000000 0.00000000
vt 0.00000000 0.00000000
vt 0.00000000 0.00000000
vt 0.00000000 0.00000000
vt 0.00000000 0.00000000
vt 0.00000000 0.00000000
vt 0.00000000 0.00000000
vt 0.00000000 0.00000000
vt 0.00000000 0.00000000
vt 0.00000000 0.00000000
vt 0.00000000 0.00000000
vt 0.00000000 0.00000000
vt 0.00000000 0.00000000
vt 0.00000000 0.00000000
vt 0.00000000 0.00000000
vt 0.00000000 0.00000000
vt 0.00000000 0.00000000
vt 0.00000000 0.00000000
vt 0.00000000 0.00000000
vt 0.00000000 0.00000000
vt 0.00000000 0.00000000
vt 0.00000000 0.00000000
vt 0.00000000 0.00000000
vt 0.00000000 0.00000000
vt 0.00000000 0.00000000
vt 0.00000000 0.00000000
vt 0.00000000 0.00000000
vt 0.00000000 0.00000000
vt 0.00000000 0.00000000
vt 0.00000000 0.00000000
vt 0.00000000 0.00000000
vt 0.00000000 0.00000000
vt 0.00000000 0.00000000
vt 0.00000000 0.00000000
vt 0.00000000 0.00000000
vt 0.00000000 0.00000000
vt 0.00000000 0.00000000
vt 0.00000000 0.00000000
vt 0.00000000 0.00000000
vt 0.00000000 0.00000000
vt 0.00000000 0.00000000
vt 0.00000000 0.00000000
vt 0.00000000 0.00000000
vt 0.00000000 0.00000000
vt 0.00000000 0.00000000
vt 0.00000000 0.00000000
vt 0.00000000 0.00000000
vt 0.00000000 0.00000000
vt 0.00000000 0.00000000
vt 0.00000000 0.00000000
vt 0.00000000 0.00000000
vt 0.00000000 0.00000000
vt 0.00000000 0.00000000
vt 0.00000000 0.00000000
vt 0.00000000 0.00000000
vt 0.00000000 0.00000000
vt 0.00000000 0.00000000
vt 0.00000000 0.00000000
vt 0.00000000 0.00000000
vt 0.00000000 0.00000000
vt 0.00000000 0.00000000
vt 0.00000000 0.00000000
vt 0.00000000 0.00000000
vt 0.00000000 0.00000000
vt 0.00000000 0.00000000
vt 0.00000000 0.00000000
vt 0.00000000 0.00000000
vt 0.00000000 0.00000000
vt 0.00000000 0.00000000
vt 0.00000000 0.00000000
vt 0.00000000 0.00000000
vt 0.00000000 0.00000000
vt 0.00000000 0.00000000
vt 0.00000000 0.00000000
vt 0.00000000 0.00000000
vt 0.00000000 0.00000000
vt 0.00000000 0.00000000
vt 0.00000000 0.00000000
vt 0.00000000 0.00000000
vt 0.00000000 0.00000000
vt 0.00000000 0.00000000
vt 0.00000000 0.00000000
vt 0.00000000 0.00000000
vt 0.00000000 0.00000000
vt 0.00000000 0.00000000
vt 0.00000000 0.00000000
vt 0.00000000 0.00000000
vt 0.00000000 0.00000000
vt 0.00000000 0.00000000
vt 0.00000000 0.00000000
vt 0.00000000 0.00000000
vt 0.00000000 0.00000000
vt 0.00000000 0.00000000
vt 0.00000000 0.00000000
vt 0.00000000 0.00000000
vt 0.00000000 0.00000000
vt 0.00000000 0.00000000
vt 0.00000000 0.00000000
vt 0.00000000 0.00000000
vt 0.00000000 0.00000000
vt 0.00000000 0.00000000
vt 0.00000000 0.00000000
vt 0.00000000 0.00000000
vt 0.00000000 0.00000000
vt 0.00000000 0.00000000
vt 0.00000000 0.00000000
vt 0.00000000 0.00000000
vt 0.00000000 0.00000000
vt 0.00000000 0.00000000
vt 0.00000000 0.00000000
vt 0.00000000 0.00000000
vt 0.00000000 0.00000000
vt 0.00000000 0.00000000
vt 0.00000000 0.00000000
vt 0.00000000 0.00000000
vt 0.00000000 0.00000000
vt 0.00000000 0.00000000
vt 0.00000000 0.00000000
vt 0.00000000 0.00000000
vt 0.00000000 0.00000000
vt 0.00000000 0.00000000
vt 0.00000000 0.00000000
vt 0.00000000 0.00000000
vt 0.00000000 0.00000000
vt 0.00000000 0.00000000
vt 0.00000000 0.00000000
vt 0.00000000 0.00000000
vt 0.00000000 0.00000000
vt 0.00000000 0.00000000
vt 0.00000000 0.00000000
vt 0.00000000 0.00000000
vt 0.00000000 0.00000000
vt 0.00000000 0.00000000
vt 0.00000000 0.00000000
vt 0.00000000 0.00000000
vt 0.00000000 0.00000000
vt 0.00000000 0.00000000
vt 0.00000000 0.00000000
vt 0.00000000 0.00000000
vt 0.00000000 0.00000000
vt 0.00000000 0.00000000
vt 0.00000000 0.00000000
vt 0.00000000 0.00000000
vt 0.00000000 0.00000000
vt 0.00000000 0.00000000
vt 0.00000000 0.00000000
vt 0.00000000 0.00000000
vt 0.00000000 0.00000000
vt 0.00000000 0.00000000
vt 0.00000000 0.00000000
vt 0.00000000 0.00000000
vt 0.00000000 0.00000000
vt 0.00000000 0.00000000
vt 0.00000000 0.00000000
vt 0.00000000 0.00000000
vt 0.00000000 0.00000000
vt 0.00000000 0.00000000
vt 0.00000000 0.00000000
vt 0.00000000 0.00000000
vt 0.00000000 0.00000000
vt 0.00000000 0.00000000
vt 0.00000000 0.00000000
vt 0.00000000 0.00000000
vt 0.00000000 0.00000000
vt 0.00000000 0.00000000
vt 0.00000000 0.00000000
vt 0.00000000 0.00000000
vt 0.00000000 0.00000000
vt 0.00000000 0.00000000
vt 0.00000000 0.00000000
vt 0.00000000 0.00000000
vt 0.00000000 0.00000000
vt 0.00000000 0.00000000
vt 0.00000000 0.00000000
vt 0.00000000 0.00000000
vt 0.00000000 0.00000000
vt 0.00000000 0.00000000
vt 0.00000000 0.00000000
vt 0.00000000 0.00000000
vt 0.00000000 0.00000000
vt 0.00000000 0.00000000
vt 0.00000000 0.00000000
vt 0.00000000 0.00000000
vt 0.00000000 0.00000000
vt 0.00000000 0.00000000
vt 0.00000000 0.00000000
vt 0.00000000 0.00000000
vt 0.00000000 0.00000000
vt 0.00000000 0.00000000
vt 0.00000000 0.00000000
vt 0.00000000 0.00000000
vt 0.00000000 0.00000000
vt 0.00000000 0.00000000
vt 0.00000000 0.00000000
vt 0.00000000 0.00000000
vt 0.00000000 0.00000000
vt 0.00000000 0.00000000
vt 0.00000000 0.00000000
vt 0.00000000 0.00000000
vt 0.00000000 0.00000000
vt 0.00000000 0.00000000
vt 0.00000000 0.00000000
vt 0.00000000 0.00000000
vt 0.00000000 0.00000000
vt 0.00000000 0.00000000
vt 0.00000000 0.00000000
vt 0.00000000 0.00000000
vt 0.00000000 0.00000000
vt 0.00000000 0.00000000
vt 0.00000000 0.00000000
vt 0.00000000 0.00000000
vt 0.00000000 0.00000000
vt 0.00000000 0.00000000
vt 0.00000000 0.00000000
vt 0.00000000 0.00000000
vt 0.00000000 0.00000000
vt 0.00000000 0.00000000
vt 0.00000000 0.00000000
vt 0.00000000 0.00000000
vt 0.00000000 0.00000000
vt 0.00000000 0.00000000
vt 0.00000000 0.00000000
vt 0.00000000 0.00000000
vt 0.00000000 0.00000000
vt 0.00000000 0.00000000
vt 0.00000000 0.00000000
vt 0.00000000 0.00000000
vt 0.00000000 0.00000000
vt 0.00000000 0.00000000
vt 0.00000000 0.00000000
vt 0.00000000 0.00000000
vt 0.00000000 0.00000000
vt 0.00000000 0.00000000
vt 0.00000000 0.00000000
vt 0.00000000 0.00000000
vt 0.00000000 0.00000000
vt 0.00000000 0.00000000
vt 0.00000000 0.00000000
vt 0.00000000 0.00000000
vt 0.00000000 0.00000000
vt 0.00000000 0.00000000
vt 0.00000000 0.00000000
vt 0.00000000 0.00000000
vt 0.00000000 0.00000000
vt 0.00000000 0.00000000
vt 0.00000000 0.00000000
vt 0.00000000 0.00000000
vt 0.00000000 0.00000000
vt 0.00000000 0.00000000
vt 0.00000000 0.00000000
vt 0.00000000 0.00000000
vt 0.00000000 0.00000000
f 1/1/1 2/2/2 3/3/3
f 4/4/4 5/5/5 6/6/6
f 7/7/7 8/8/8 9/9/9
f 10/10/10 11/11/11 12/12/12
f 13/13/13 14/14/14 15/15/15
f 16/16/16 17/17/17 18/18/18
f 19/19/19 20/20/20 21/21/21
f 22/22/22 23/23/23 24/24/24
f 25/25/25 26/26/26 27/27/27
f 28/28/28 29/29/29 30/30/30
f 31/31/31 32/32/32 33/33/33
f 34/34/34 35/35/35 36/36/36
f 37/37/37 38/38/38 39/39/39
f 40/40/40 41/41/41 42/42/42
f 43/43/43 44/44/44 45/45/45
f 46/46/46 47/47/47 48/48/48
f 49/49/49 50/50/50 51/51/51
f 52/52/52 53/53/53 54/54/54
f 55/55/55 56/56/56 57/57/57
f 58/58/58 59/59/59 60/60/60
f 61/61/61 62/62/62 63/63/63
f 64/64/64 65/65/65 66/66/66
f 67/67/67 68/68/68 69/69/69
f 70/70/70 71/71/71 72/72/72
f 73/73/73 74/74/74 75/75/75
f 76/76/76 77/77/77 78/78/78
f 79/79/79 80/80/80 81/81/81
f 82/82/82 83/83/83 84/84/84
f 85/85/85 86/86/86 87/87/87
f 88/88/88 89/89/89 90/90/90
f 91/91/91 92/92/92 93/93/93
f 94/94/94 95/95/95 96/96/96
f 97/97/97 98/98/98 99/99/99
f 100/100/100 101/101/101 102/102/102
f 103/103/103 104/104/104 105/105/105
f 106/106/106 107/107/107 108/108/108
f 109/109/109 110/110/110 111/111/111
f 112/112/112 113/113/113 114/114/114
f 115/115/115 116/116/116 117/117/117
f 118/118/118 119/119/119 120/120/120
f 121/121/121 122/122/122 123/123/123
f 124/124/124 125/125/125 126/126/126
f 127/127/127 128/128/128 129/129/129
f 130/130/130 131/131/131 132/132/132
f 133/133/133 134/134/134 135/135/135
f 136/136/136 137/137/137 138/138/138
f 139/139/139 140/140/140 141/141/141
f 142/142/142 143/143/143 144/144/144
f 145/145/145 146/146/146 147/147/147
f 148/148/148 149/149/149 150/150/150
f 151/151/151 152/152/152 153/153/153
f 154/154/154 155/155/155 156/156/156
f 157/157/157 158/158/158 159/159/159
f 160/160/160 161/161/161 162/162/162
f 163/163/163 164/164/164 165/165/165
f 166/166/166 167/167/167 168/168/168
f 169/169/169 170/170/170 171/171/171
f 172/172/172 173/173/173 174/174/174
f 175/175/175 176/176/176 177/177/177
f 178/178/178 179/179/179 180/180/180
f 181/181/181 182/182/182 183/183/183
f 184/184/184 185/185/185 186/186/186
f 187/187/187 188/188/188 189/189/189
f 190/190/190 191/191/191 192/192/192
f 193/193/193 194/194/194 195/195/195
f 196/196/196 197/197/197 198/198/198
f 199/199/199 200/200/200 201/201/201
f 202/202/202 203/203/203 204/204/204
f 205/205/205 206/206/206 207/207/207
f 208/208/208 209/209/209 210/210/210
f 211/211/211 212/212/212 213/213/213
f 214/214/214 215/215/215 216/216/216
f 217/217/217 218/218/218 219/219/219
f 220/220/220 221/221/221 222/222/222
f 223/223/223 224/224/224 225/225/225
f 226/226/226 227/227/227 228/228/228
f 229/229/229 230/230/230 231/231/231
f 232/232/232 233/233/233 234/234/234
f 235/235/235 236/236/236 237/237/237
f 238/238/238 239/239/239 240/240/240
f 241/241/241 242/242/242 243/243/243
f 244/244/244 245/245/245 246/246/246
f 247/247/247 248/248/248 249/249/249
f 250/250/250 251/251/251 252/252/252
f 253/253/253 254/254/254 255/255/255
f 256/256/256 257/257/257 258/258/258
f 259/259/259 260/260/260 261/261/261
f 262/262/262 263/263/263 264/264/264
f 265/265/265 266/266/266 267/267/267
f 268/268/268 269/269/269 270/270/270
f 271/271/271 272/272/272 273/273/273
f 274/274/274 275/275/275 276/276/276
f 277/277/277 278/278/278 279/279/279
f 280/280/280 281/281/281 282/282/282
f 283/283/283 284/284/284 285/285/285
f 286/286/286 287/287/287 288/288/288
f 289/289/289 290/290/290 291/291/291
f 292/292/292 293/293/293 294/294/294
f 295/295/295 296/296/296 297/297/297
f 298/298/298 299/299/299 300/300/300
f 301/301/301 302/302/302 303/303/303
f 304/304/304 305/305/305 306/306/306
f 307/307/307 308/308/308 309/309/309
f 310/310/310 311/311/311 312/312/312
f 313/313/313 314/314/314 315/315/315
f 316/316/316 317/317/317 318/318/318
f 319/319/319 320/320/320 321/321/321
f 322/322/322 323/323/323 324/324/324
f 325/325/325 326/326/326 327/327/327
f 328/328/328 329/329/329 330/330/330
f 331/331/331 332/332/332 333/333/333
f 334/334/334 335/335/335 336/336/336
f 337/337/337 338/338/338 339/339/339
f 340/340/340 341/341/341 342/342/342
f 343/343/343 344/344/344 345/345/345
f 346/346/346 347/347/347 348/348/348
f 349/349/349 350/350/350 351/351/351
f 352/352/352 353/353/353 354/354/354
f 355/355/355 356/356/356 357/357/357
f 358/358/358 359/359/359 360/360/360
f 361/361/361 362/362/362 363/363/363
f 364/364/364 365/365/365 366/366/366
f 367/367/367 368/368/368 369/369/369
f 370/370/370 371/371/371 372/372/372
f 373/373/373 374/374/374 375/375/375
f 376/376/376 377/377/377 378/378/378
f 379/379/379 380/380/380 381/381/381
f 382/382/382 383/383/383 384/384/384
f 385/385/385 386/386/386 387/387/387
f 388/388/388 389/389/389 390/390/390
f 391/391/391 392/392/392 393/393/393
f 394/394/394 395/395/395 396/396/396
f 397/397/397 398/398/398 399/399/399
f 400/400/400 401/401/401 402/402/402
f 403/403/403 404/404/404 405/405/405
f 406/406/406 407/407/407 408/408/408
f 409/409/409 410/410/410 411/411/411
f 412/412/412 413/413/413 414/414/414
f 415/415/415 416/416/416 417/417/417
f 418/418/418 419/419/419 420/420/420
f 421/421/421 422/422/422 423/423/423
f 424/424/424 425/425/425 426/426/426
f 427/427/427 428/428/428 429/429/429
f 430/430/430 431/431/431 432/432/432
f 433/433/433 434/434/434 435/435/435
f 436/436/436 437/437/437 438/438/438
f 439/439/439 440/440/440 441/441/441
f 442/442/442 443/443/443 444/444/444
f 445/445/445 446/446/446 447/447/447
f 448/448/448 449/449/449 450/450/450
f 451/451/451 452/452/452 453/453/453
f 454/454/454 455/455/455 456/456/456
f 457/457/457 458/458/458 459/459/459
f 460/460/460 461/461/461 462/462/462
f 463/463/463 464/464/464 465/465/465
f 466/466/466 467/467/467 468/468/468
f 469/469/469 470/470/470 471/471/471
f 472/472/472 473/473/473 474/474/474
f 475/475/475 476/476/476 477/477/477
f 478/478/478 479/479/479 480/480/480
f 481/481/481 482/482/482 483/483/483
f 484/484/484 485/485/485 486/486/486
f 487/487/487 488/488/488 489/489/489
f 490/490/490 491/491/491 492/492/492
f 493/493/493 494/494/494 495/495/495
f 496/496/496 497/497/497 498/498/498
f 499/499/499 500/500/500 501/501/501
f 502/502/502 503/503/503 504/504/504
f 505/505/505 506/506/506 507/507/507
f 508/508/508 509/509/509 510/510/510
f 511/511/511 512/512/512 513/513/513
f 514/514/514 515/515/515 516/516/516
f 517/517/517 518/518/518 519/519/519
f 520/520/520 521/521/521 522/522/522
f 523/523/523 524/524/524 525/525/525
f 526/526/526 527/527/527 528/528/528
f 529/529/529 530/530/530 531/531/531
f 532/532/532 533/533/533 534/534/534
f 535/535/535 536/536/536 537/537/537
f 538/538/538 539/539/539 540/540/540
f 541/541/541 542/542/542 543/543/543
f 544/544/544 545/545/545 546/546/546
f 547/547/547 548/548/548 549/549/549
f 550/550/550 551/551/551 552/552/552
f 553/553/553 554/554/554 555/555/555
f 556/556/556 557/557/557 558/558/558
f 559/559/559 560/560/560 561/561/561
f 562/562/562 563/563/563 564/564/564
f 565/565/565 566/566/566 567/567/567
f 568/568/568 569/569/569 570/570/570
f 571/571/571 572/572/572 573/573/573
f 574/574/574 575/575/575 576/576/576
f 577/577/577 578/578/578 579/579/579
f 580/580/580 581/581/581 582/582/582
f 583/583/583 584/584/584 585/585/585
f 586/586/586 587/587/587 588/588/588
f 589/589/589 590/590/590 591/591/591
f 592/592/592 593/593/593 594/594/594
f 595/595/595 596/596/596 597/597/597
f 598/598/598 599/599/599 600/600/600
f 601/601/601 602/602/602 603/603/603
f 604/604/604 605/605/605 606/606/606
f 607/607/607 608/608/608 609/609/609
f 610/610/610 611/611/611 612/612/612
f 613/613/613 614/614/614 615/615/615
f 616/616/616 617/617/617 618/618/618
f 619/619/619 620/620/620 621/621/621
f 622/622/622 623/623/623 624/624/624
f 625/625/625 626/626/626 627/627/627
f 628/628/628 629/629/629 630/630/630
f 631/631/631 632/632/632 633/633/633
f 634/634/634 635/635/635 636/636/636
f 637/637/637 638/638/638 639/639/639
f 640/640/640 641/641/641 642/642/642
f 643/643/643 644/644/644 645/645/645
f 646/646/646 647/647/647 648/648/648
f 649/649/649 650/650/650 651/651/651
f 652/652/652 653/653/653 654/654/654
f 655/655/655 656/656/656 657/657/657
f 658/658/658 659/659/659 660/660/660
f 661/661/661 662/662/662 663/663/663
f 664/664/664 665/665/665 666/666/666
f 667/667/667 668/668/668 669/669/669
f 670/670/670 671/671/671 672/672/672
f 673/673/673 674/674/674 675/675/675
f 676/676/676 677/677/677 678/678/678
f 679/679/679 680/680/680 681/681/681
f 682/682/682 683/683/683 684/684/684
f 685/685/685 686/686/686 687/687/687
f 688/688/688 689/689/689 690/690/690
f 691/691/691 692/692/692 693/693/693
f 694/694/694 695/695/695 696/696/696
f 697/697/697 698/698/698 699/699/699
f 700/700/700 701/701/701 702/702/702
f 703/703/703 704/704/704 705/705/705
f 706/706/706 707/707/707 708/708/708
f 709/709/709 710/710/710 711/711/711
f 712/712/712 713/713/713 714/714/714
f 715/715/715 716/716/716 717/717/717
f 718/718/718 719/719/719 720/720/720
f 721/721/721 722/722/722 723/723/723
f 724/724/724 725/725/725 726/726/726
f 727/727/727 728/728/728 729/729/729
f 730/730/730 731/731/731 732/732/732
f 733/733/733 734/734/734 735/735/735
f 736/736/736 737/737/737 738/738/738
f 739/739/739 740/740/740 741/741/741
f 742/742/742 743/743/743 744/744/744
f 745/745/745 746/746/746 747/747/747
f 748/748/748 749/749/749 750/750/750
f 751/751/751 752/752/752 753/753/753
f 754/754/754 755/755/755 756/756/756
f 757/757/757 758/758/758 759/759/759
f 760/760/760 761/761/761 762/762/762
f 763/763/763 764/764/764 765/765/765
f 766/766/766 767/767/767 768/768/768
f 769/769/769 770/770/770 771/771/771
f 772/772/772 773/773/773 774/774/774
f 775/775/775 776/776/776 777/777/777
f 778/778/778 779/779/779 780/780/780
f 781/781/781 782/782/782 783/783/783
f 784/784/784 785/785/785 786/786/786
f 787/787/787 788/788/788 789/789/789
f 790/790/790 791/791/791 792/792/792
f 793/793/793 794/794/794 795/795/795
f 796/796/796 797/797/797 798/798/798
f 799/799/799 800/800/800 801/801/801
f 802/802/802 803/803/803 804/804/804
f 805/805/805 806/806/806 807/807/807
f 808/808/808 809/809/809 810/810/810
f 811/811/811 812/812/812 813/813/813
f 814/814/814 815/815/815 816/816/816
f 817/817/817 818/818/818 819/819/819
f 820/820/820 821/821/821 822/822/822
f 823/823/823 824/824/824 825/825/825
f 826/826/826 827/827/827 828/828/828
f 829/829/829 830/830/830 831/831/831
f 832/832/832 833/833/833 834/834/834
f 835/835/835 836/836/836 837/837/837
f 838/838/838 839/839/839 840/840/840
f 841/841/841 842/842/842 843/843/843
f 844/844/844 845/845/845 846/846/846
f 847/847/847 848/848/848 849/849/849
f 850/850/850 851/851/851 852/852/852
f 853/853/853 854/854/854 855/855/855
f 856/856/856 857/857/857 858/858/858
f 859/859/859 860/860/860 861/861/861
f 862/862/862 863/863/863 864/864/864
f 865/865/865 866/866/866 867/867/867
f 868/868/868 869/869/869 870/870/870
f 871/871/871 872/872/872 873/873/873
f 874/874/874 875/875/875 876/876/876
f 877/877/877 878/878/878 879/879/879
f 880/880/880 881/881/881 882/882/882
f 883/883/883 884/884/884 885/885/885
f 886/886/886 887/887/887 888/888/888
f 889/889/889 890/890/890 891/891/891
f 892/892/892 893/893/893 894/894/894
f 895/895/895 896/896/896 897/897/897
f 898/898/898 899/899/899 900/900/900
f 901/901/901 902/902/902 903/903/903
f 904/904/904 905/905/905 906/906/906
f 907/907/907 908/908/908 909/909/909
f 910/910/910 911/911/911 912/912/912
f 913/913/913 914/914/914 915/915/915
f 916/916/916 917/917/917 918/918/918
f 919/919/919 920/920/920 921/921/921
f 922/922/922 923/923/923 924/924/924
f 925/925/925 926/926/926 927/927/927
f 928/928/928 929/929/929 930/930/930
f 931/931/931 932/932/932 933/933/933
f 934/934/934 935/935/935 936/936/936
f 937/937/937 938/938/938 939/939/939
f 940/940/940 941/941/941 942/942/942
f 943/943/943 944/944/944 945/945/945
f 946/946/946 947/947/947 948/948/948
f 949/949/949 950/950/950 951/951/951
f 952/952/952 953/953/953 954/954/954
f 955/955/955 956/956/956 957/957/957
f 958/958/958 959/959/959 960/960/960
f 961/961/961 962/962/962 963/963/963
f 964/964/964 965/965/965 966/966/966
f 967/967/967 968/968/968 969/969/969
f 970/970/970 971/971/971 972/972/972
f 973/973/973 974/974/974 975/975/975
f 976/976/976 977/977/977 978/978/978
f 979/979/979 980/980/980 981/981/981
f 982/982/982 983/983/983 984/984/984
f 985/985/985 986/986/986 987/987/987
f 988/988/988 989/989/989 990/990/990
f 991/991/991 992/992/992 993/993/993
f 994/994/994 995/995/995 996/996/996
f 997/997/997 998/998/998 999/999/999
f 1000/1000/1000 1001/1001/1001 1002/1002/1002
f 1003/1003/1003 1004/1004/1004 1005/1005/1005
f 1006/1006/1006 1007/1007/1007 1008/1008/1008
f 1009/1009/1009 1010/1010/1010 1011/1011/1011
f 1012/1012/1012 1013/1013/1013 1014/1014/1014
f 1015/1015/1015 1016/1016/1016 1017/1017/1017
f 1018/1018/1018 1019/1019/1019 1020/1020/1020
f 1021/1021/1021 1022/1022/1022 1023/1023/1023
f 1024/1024/1024 1025/1025/1025 1026/1026/1026
f 1027/1027/1027 1028/1028/1028 1029/1029/1029
f 1030/1030/1030 1031/1031/1031 1032/1032/1032
f 1033/1033/1033 1034/1034/1034 1035/1035/1035
f 1036/1036/1036 1037/1037/1037 1038/1038/1038
f 1039/1039/1039 1040/1040/1040 1041/1041/1041
f 1042/1042/1042 1043/1043/1043 1044/1044/1044
f 1045/1045/1045 1046/1046/1046 1047/1047/1047
f 1048/1048/1048 1049/1049/1049 1050/1050/1050
f 1051/1051/1051 1052/1052/1052 1053/1053/1053
f 1054/1054/1054 1055/1055/1055 1056/1056/1056
f 1057/1057/1057 1058/1058/1058 1059/1059/1059
f 1060/1060/1060 1061/1061/1061 1062/1062/1062
f 1063/1063/1063 1064/1064/1064 1065/1065/1065
f 1066/1066/1066 1067/1067/1067 1068/1068/1068
f 1069/1069/1069 1070/1070/1070 1071/1071/1071
f 1072/1072/1072 1073/1073/1073 1074/1074/1074
f 1075/1075/1075 1076/1076/1076 1077/1077/1077
f 1078/1078/1078 1079/1079/1079 1080/1080/1080
f 1081/1081/1081 1082/1082/1082 1083/1083/1083
f 1084/1084/1084 1085/1085/1085 1086/1086/1086
f 1087/1087/1087 1088/1088/1088 1089/1089/1089
f 1090/1090/1090 1091/1091/1091 1092/1092/1092
f 1093/1093/1093 1094/1094/1094 1095/1095/1095
f 1096/1096/1096 1097/1097/1097 1098/1098/1098
f 1099/1099/1099 1100/1100/1100 1101/1101/1101
f 1102/1102/1102 1103/1103/1103 1104/1104/1104
f 1105/1105/1105 1106/1106/1106 1107/1107/1107
f 1108/1108/1108 1109/1109/1109 1110/1110/1110
f 1111/1111/1111 1112/1112/1112 1113/1113/1113
f 1114/1114/1114 1115/1115/1115 1116/1116/1116
f 1117/1117/1117 1118/1118/1118 1119/1119/1119
f 1120/1120/1120 1121/1121/1121 1122/1122/1122
f 1123/1123/1123 1124/1124/1124 1125/1125/1125
f 1126/1126/1126 1127/1127/1127 1128/1128/1128
f 1129/1129/1129 1130/1130/1130 1131/1131/1131
f 1132/1132/1132 1133/1133/1133 1134/1134/1134
f 1135/1135/1135 1136/1136/1136 1137/1137/1137
f 1138/1138/1138 1139/1139/1139 1140/1140/1140
f 1141/1141/1141 1142/1142/1142 1143/1143/1143
f 1144/1144/1144 1145/1145/1145 1146/1146/1146
f 1147/1147/1147 1148/1148/1148 1149/1149/1149
f 1150/1150/1150 1151/1151/1151 1152/1152/1152
f 1153/1153/1153 1154/1154/1154 1155/1155/1155
f 1156/1156/1156 1157/1157/1157 1158/1158/1158
f 1159/1159/1159 1160/1160/1160 1161/1161/1161
f 1162/1162/1162 1163/1163/1163 1164/1164/1164
f 1165/1165/1165 1166/1166/1166 1167/1167/1167
f 1168/1168/1168 1169/1169/1169 1170/1170/1170
f 1171/1171/1171 1172/1172/1172 1173/1173/1173
f 1174/1174/1174 1175/1175/1175 1176/1176/1176
f 1177/1177/1177 1178/1178/1178 1179/1179/1179
f 1180/1180/1180 1181/1181/1181 1182/1182/1182
f 1183/1183/1183 1184/1184/1184 1185/1185/1185
f 1186/1186/1186 1187/1187/1187 1188/1188/1188
f 1189/1189/1189 1190/1190/1190 1191/1191/1191
f 1192/1192/1192 1193/1193/1193 1194/1194/1194
f 1195/1195/1195 1196/1196/1196 1197/1197/1197
f 1198/1198/1198 1199/1199/1199 1200/1200/1200
f 1201/1201/1201 1202/1202/1202 1203/1203/1203
f 1204/1204/1204 1205/1205/1205 1206/1206/1206
f 1207/1207/1207 1208/1208/1208 1209/1209/1209
f 1210/1210/1210 1211/1211/1211 1212/1212/1212
f 1213/1213/1213 1214/1214/1214 1215/1215/1215
f 1216/1216/1216 1217/1217/1217 1218/1218/1218
f 1219/1219/1219 1220/1220/1220 1221/1221/1221
f 1222/1222/1222 1223/1223/1223 1224/1224/1224
f 1225/1225/1225 1226/1226/1226 1227/1227/1227
f 1228/1228/1228 1229/1229/1229 1230/1230/1230
f 1231/1231/1231 1232/1232/1232 1233/1233/1233
f 1234/1234/1234 1235/1235/1235 1236/1236/1236
f 1237/1237/1237 1238/1238/1238 1239/1239/1239
f 1240/1240/1240 1241/1241/1241 1242/1242/1242
f 1243/1243/1243 1244/1244/1244 1245/1245/1245
f 1246/1246/1246 1247/1247/1247 1248/1248/1248
f 1249/1249/1249 1250/1250/1250 1251/1251/1251
f 1252/1252/1252 1253/1253/1253 1254/1254/1254
f 1255/1255/1255 1256/1256/1256 1257/1257/1257
f 1258/1258/1258 1259/1259/1259 1260/1260/1260
f 1261/1261/1261 1262/1262/1262 1263/1263/1263
f 1264/1264/1264 1265/1265/1265 1266/1266/1266
f 1267/1267/1267 1268/1268/1268 1269/1269/1269
f 1270/1270/1270 1271/1271/1271 1272/1272/1272
f 1273/1273/1273 1274/1274/1274 1275/1275/1275
f 1276/1276/1276 1277/1277/1277 1278/1278/1278
f 1279/1279/1279 1280/1280/1280 1281/1281/1281
f 1282/1282/1282 1283/1283/1283 1284/1284/1284
f 1285/1285/1285 1286/1286/1286 1287/1287/1287
f 1288/1288/1288 1289/1289/1289 1290/1290/1290
f 1291/1291/1291 1292/1292/1292 1293/1293/1293
f 1294/1294/1294 1295/1295/1295 1296/1296/1296
f 1297/1297/1297 1298/1298/1298 1299/1299/1299
f 1300/1300/1300 1301/1301/1301 1302/1302/1302
f 1303/1303/1303 1304/1304/1304 1305/1305/1305
f 1306/1306/1306 1307/1307/1307 1308/1308/1308
f 1309/1309/1309 1310/1310/1310 1311/1311/1311
f 1312/1312/1312 1313/1313/1313 1314/1314/1314
f 1315/1315/1315 1316/1316/1316 1317/1317/1317
f 1318/1318/1318 1319/1319/1319 1320/1320/1320
f 1321/1321/1321 1322/1322/1322 1323/1323/1323
f 1324/1324/1324 1325/1325/1325 1326/1326/1326
f 1327/1327/1327 1328/1328/1328 1329/1329/1329
f 1330/1330/1330 1331/1331/1331 1332/1332/1332
f 1333/1333/1333 1334/1334/1334 1335/1335/1335
f 1336/1336/1336 1337/1337/1337 1338/1338/1338
f 1339/1339/1339 1340/1340/1340 1341/1341/1341
f 1342/1342/1342 1343/1343/1343 1344/1344/1344
f 1345/1345/1345 1346/1346/1346 1347/1347/1347
f 1348/1348/1348 1349/1349/1349 1350/1350/1350
f 1351/1351/1351 1352/1352/1352 1353/1353/1353
f 1354/1354/1354 1355/1355/1355 1356/1356/1356
f 1357/1357/1357 1358/1358/1358 1359/1359/1359
f 1360/1360/1360 1361/1361/1361 1362/1362/1362
f 1363/1363/1363 1364/1364/1364 1365/1365/1365
f 1366/1366/1366 1367/1367/1367 1368/1368/1368
f 1369/1369/1369 1370/1370/1370 1371/1371/1371
f 1372/1372/1372 1373/1373/1373 1374/1374/1374
f 1375/1375/1375 1376/1376/1376 1377/1377/1377
f 1378/1378/1378 1379/1379/1379 1380/1380/1380
f 1381/1381/1381 1382/1382/1382 1383/1383/1383
f 1384/1384/1384 1385/1385/1385 1386/1386/1386
f 1387/1387/1387 1388/1388/1388 1389/1389/1389
f 1390/1390/1390 1391/1391/1391 1392/1392/1392
f 1393/1393/1393 1394/1394/1394 1395/1395/1395
f 1396/1396/1396 1397/1397/1397 1398/1398/1398
f 1399/1399/1399 1400/1400/1400 1401/1401/1401
f 1402/1402/1402 1403/1403/1403 1404/1404/1404
f 1405/1405/1405 1406/1406/1406 1407/1407/1407
f 1408/1408/1408 1409/1409/1409 1410/1410/1410
f 1411/1411/1411 1412/1412/1412 1413/1413/1413
f 1414/1414/1414 1415/1415/1415 1416/1416/1416
f 1417/1417/1417 1418/1418/1418 1419/1419/1419
f 1420/1420/1420 1421/1421/1421 1422/1422/1422
f 1423/1423/1423 1424/1424/1424 1425/1425/1425
f 1426/1426/1426 1427/1427/1427 1428/1428/1428
f 1429/1429/1429 1430/1430/1430 1431/1431/1431
f 1432/1432/1432 1433/1433/1433 1434/1434/1434
f 1435/1435/1435 1436/1436/1436 1437/1437/1437
f 1438/1438/1438 1439/1439/1439 1440/1440/1440
f 1441/1441/1441 1442/1442/1442 1443/1443/1443
f 1444/1444/1444 1445/1445/1445 1446/1446/1446
f 1447/1447/1447 1448/1448/1448 1449/1449/1449
f 1450/1450/1450 1451/1451/1451 1452/1452/1452
f 1453/1453/1453 1454/1454/1454 1455/1455/1455
f 1456/1456/1456 1457/1457/1457 1458/1458/1458
f 1459/1459/1459 1460/1460/1460 1461/1461/1461
f 1462/1462/1462 1463/1463/1463 1464/1464/1464
f 1465/1465/1465 1466/1466/1466 1467/1467/1467
f 1468/1468/1468 1469/1469/1469 1470/1470/1470
f 1471/1471/1471 1472/1472/1472 1473/1473/1473
f 1474/1474/1474 1475/1475/1475 1476/1476/1476
f 1477/1477/1477 1478/1478/1478 1479/1479/1479
f 1480/1480/1480 1481/1481/1481 1482/1482/1482
f 1483/1483/1483 1484/1484/1484 1485/1485/1485
f 1486/1486/1486 1487/1487/1487 1488/1488/1488
f 1489/1489/1489 1490/1490/1490 1491/1491/1491
f 1492/1492/1492 1493/1493/1493 1494/1494/1494
f 1495/1495/1495 1496/1496/1496 1497/1497/1497
f 1498/1498/1498 1499/1499/1499 1500/1500/1500
f 1501/1501/1501 1502/1502/1502 1503/1503/1503
f 1504/1504/1504 1505/1505/1505 1506/1506/1506
f 1507/1507/1507 1508/1508/1508 1509/1509/1509
f 1510/1510/1510 1511/1511/1511 1512/1512/1512
f 1513/1513/1513 1514/1514/1514 1515/1515/1515
f 1516/1516/1516 1517/1517/1517 1518/1518/1518
f 1519/1519/1519 1520/1520/1520 1521/1521/1521
f 1522/1522/1522 1523/1523/1523 1524/1524/1524
f 1525/1525/1525 1526/1526/1526 1527/1527/1527
f 1528/1528/1528 1529/1529/1529 1530/1530/1530
f 1531/1531/1531 1532/1532/1532 1533/1533/1533
f 1534/1534/1534 1535/1535/1535 1536/1536/1536
f 1537/1537/1537 1538/1538/1538 1539/1539/1539
f 1540/1540/1540 1541/1541/1541 1542/1542/1542
f 1543/1543/1543 1544/1544/1544 1545/1545/1545
f 1546/1546/1546 1547/1547/1547 1548/1548/1548
f 1549/1549/1549 1550/1550/1550 1551/1551/1551
f 1552/1552/1552 1553/1553/1553 1554/1554/1554
f 1555/1555/1555 1556/1556/1556 1557/1557/1557
f 1558/1558/1558 1559/1559/1559 1560/1560/1560
f 1561/1561/1561 1562/1562/1562 1563/1563/1563
f 1564/1564/1564 1565/1565/1565 1566/1566/1566
f 1567/1567/1567 1568/1568/1568 1569/1569/1569
f 1570/1570/1570 1571/1571/1571 1572/1572/1572
f 1573/1573/1573 1574/1574/1574 1575/1575/1575
f 1576/1576/1576 1577/1577/1577 1578/1578/1578
f 1579/1579/1579 1580/1580/1580 1581/1581/1581
f 1582/1582/1582 1583/1583/1583 1584/1584/1584
f 1585/1585/1585 1586/1586/1586 1587/1587/1587
f 1588/1588/1588 1589/1589/1589 1590/1590/1590
f 1591/1591/1591 1592/1592/1592 1593/1593/1593
f 1594/1594/1594 1595/1595/1595 1596/1596/1596
f 1597/1597/1597 1598/1598/1598 1599/1599/1599
f 1600/1600/1600 1601/1601/1601 1602/1602/1602
f 1603/1603/1603 1604/1604/1604 1605/1605/1605
f 1606/1606/1606 1607/1607/1607 1608/1608/1608
f 1609/1609/1609 1610/1610/1610 1611/1611/1611
f 1612/1612/1612 1613/1613/1613 1614/1614/1614
f 1615/1615/1615 1616/1616/1616 1617/1617/1617
f 1618/1618/1618 1619/1619/1619 1620/1620/1620
f 1621/1621/1621 1622/1622/1622 1623/1623/1623
f 1624/1624/1624 1625/1625/1625 1626/1626/1626
f 1627/1627/1627 1628/1628/1628 1629/1629/1629
f 1630/1630/1630 1631/1631/1631 1632/1632/1632
f 1633/1633/1633 1634/1634/1634 1635/1635/1635
f 1636/1636/1636 1637/1637/1637 1638/1638/1638
f 1639/1639/1639 1640/1640/1640 1641/1641/1641
f 1642/1642/1642 1643/1643/1643 1644/1644/1644
f 1645/1645/1645 1646/1646/1646 1647/1647/1647
f 1648/1648/1648 1649/1649/1649 1650/1650/1650
f 1651/1651/1651 1652/1652/1652 1653/1653/1653
f 1654/1654/1654 1655/1655/1655 1656/1656/1656
f 1657/1657/1657 1658/1658/1658 1659/1659/1659
f 1660/1660/1660 1661/1661/1661 1662/1662/1662
f 1663/1663/1663 1664/1664/1664 1665/1665/1665
f 1666/1666/1666 1667/1667/1667 1668/1668/1668
f 1669/1669/1669 1670/1670/1670 1671/1671/1671
f 1672/1672/1672 1673/1673/1673 1674/1674/1674
f 1675/1675/1675 1676/1676/1676 1677/1677/1677
f 1678/1678/1678 1679/1679/1679 1680/1680/1680
f 1681/1681/1681 1682/1682/1682 1683/1683/1683
f 1684/1684/1684 1685/1685/1685 1686/1686/1686
f 1687/1687/1687 1688/1688/1688 1689/1689/1689
f 1690/1690/1690 1691/1691/1691 1692/1692/1692
f 1693/1693/1693 1694/1694/1694 1695/1695/1695
f 1696/1696/1696 1697/1697/1697 1698/1698/1698
f 1699/1699/1699 1700/1700/1700 1701/1701/1701
f 1702/1702/1702 1703/1703/1703 1704/1704/1704
f 1705/1705/1705 1706/1706/1706 1707/1707/1707
f 1708/1708/1708 1709/1709/1709 1710/1710/1710
f 1711/1711/1711 1712/1712/1712 1713/1713/1713
f 1714/1714/1714 1715/1715/1715 1716/1716/1716
f 1717/1717/1717 1718/1718/1718 1719/1719/1719
f 1720/1720/1720 1721/1721/1721 1722/1722/1722
f 1723/1723/1723 1724/1724/1724 1725/1725/1725
f 1726/1726/1726 1727/1727/1727 1728/1728/1728
f 1729/1729/1729 1730/1730/1730 1731/1731/1731
f 1732/1732/1732 1733/1733/1733 1734/1734/1734
f 1735/1735/1735 1736/1736/1736 1737/1737/1737
f 1738/1738/1738 1739/1739/1739 1740/1740/1740
f 1741/1741/1741 1742/1742/1742 1743/1743/1743
f 1744/1744/1744 1745/1745/1745 1746/1746/1746
f 1747/1747/1747 1748/1748/1748 1749/1749/1749
f 1750/1750/1750 1751/1751/1751 1752/1752/1752
f 1753/1753/1753 1754/1754/1754 1755/1755/1755
f 1756/1756/1756 1757/1757/1757 1758/1758/1758
f 1759/1759/1759 1760/1760/1760 1761/1761/1761
f 1762/1762/1762 1763/1763/1763 1764/1764/1764
f 1765/1765/1765 1766/1766/1766 1767/1767/1767
f 1768/1768/1768 1769/1769/1769 1770/1770/1770
f 1771/1771/1771 1772/1772/1772 1773/1773/1773
f 1774/1774/1774 1775/1775/1775 1776/1776/1776
f 1777/1777/1777 1778/1778/1778 1779/1779/1779
f 1780/1780/1780 1781/1781/1781 1782/1782/1782
f 1783/1783/1783 1784/1784/1784 1785/1785/1785
f 1786/1786/1786 1787/1787/1787 1788/1788/1788
f 1789/1789/1789 1790/1790/1790 1791/1791/1791
f 1792/1792/1792 1793/1793/1793 1794/1794/1794
f 1795/1795/1795 1796/1796/1796 1797/1797/1797
f 1798/1798/1798 1799/1799/1799 1800/1800/1800
f 1801/1801/1801 1802/1802/1802 1803/1803/1803
f 1804/1804/1804 1805/1805/1805 1806/1806/1806
f 1807/1807/1807 1808/1808/1808 1809/1809/1809
f 1810/1810/1810 1811/1811/1811 1812/1812/1812
f 1813/1813/1813 1814/1814/1814 1815/1815/1815
f 1816/1816/1816 1817/1817/1817 1818/1818/1818
f 1819/1819/1819 1820/1820/1820 1821/1821/1821
f 1822/1822/1822 1823/1823/1823 1824/1824/1824
f 1825/1825/1825 1826/1826/1826 1827/1827/1827
f 1828/1828/1828 1829/1829/1829 1830/1830/1830
f 1831/1831/1831 1832/1832/1832 1833/1833/1833
f 1834/1834/1834 1835/1835/1835 1836/1836/1836
f 1837/1837/1837 1838/1838/1838 1839/1839/1839
f 1840/1840/1840 1841/1841/1841 1842/1842/1842
f 1843/1843/1843 1844/1844/1844 1845/1845/1845
f 1846/1846/1846 1847/1847/1847 1848/1848/1848
f 1849/1849/1849 1850/1850/1850 1851/1851/1851
f 1852/1852/1852 1853/1853/1853 1854/1854/1854
f 1855/1855/1855 1856/1856/1856 1857/1857/1857
f 1858/1858/1858 1859/1859/1859 1860/1860/1860
f 1861/1861/1861 1862/1862/1862 1863/1863/1863
f 1864/1864/1864 1865/1865/1865 1866/1866/1866
f 1867/1867/1867 1868/1868/1868 1869/1869/1869
f 1870/1870/1870 1871/1871/1871 1872/1872/1872
f 1873/1873/1873 1874/1874/1874 1875/1875/1875
f 1876/1876/1876 1877/1877/1877 1878/1878/1878
f 1879/1879/1879 1880/1880/1880 1881/1881/1881
f 1882/1882/1882 1883/1883/1883 1884/1884/1884
f 1885/1885/1885 1886/1886/1886 1887/1887/1887
f 1888/1888/1888 1889/1889/1889 1890/1890/1890
f 1891/1891/1891 1892/1892/1892 1893/1893/1893
f 1894/1894/1894 1895/1895/1895 1896/1896/1896
f 1897/1897/1897 1898/1898/1898 1899/1899/1899
f 1900/1900/1900 1901/1901/1901 1902/1902/1902
f 1903/1903/1903 1904/1904/1904 1905/1905/1905
f 1906/1906/1906 1907/1907/1907 1908/1908/1908
f 1909/1909/1909 1910/1910/1910 1911/1911/1911
f 1912/1912/1912 1913/1913/1913 1914/1914/1914
f 1915/1915/1915 1916/1916/1916 1917/1917/1917
f 1918/1918/1918 1919/1919/1919 1920/1920/1920
f 1921/1921/1921 1922/1922/1922 1923/1923/1923
f 1924/1924/1924 1925/1925/1925 1926/1926/1926
f 1927/1927/1927 1928/1928/1928 1929/1929/1929
f 1930/1930/1930 1931/1931/1931 1932/1932/1932
f 1933/1933/1933 1934/1934/1934 1935/1935/1935
f 1936/1936/1936 1937/1937/1937 1938/1938/1938
f 1939/1939/1939 1940/1940/1940 1941/1941/1941
f 1942/1942/1942 1943/1943/1943 1944/1944/1944
f 1945/1945/1945 1946/1946/1946 1947/1947/1947
f 1948/1948/1948 1949/1949/1949 1950/1950/1950
f 1951/1951/1951 1952/1952/1952 1953/1953/1953
f 1954/1954/1954 1955/1955/1955 1956/1956/1956
f 1957/1957/1957 1958/1958/1958 1959/1959/1959
f 1960/1960/1960 1961/1961/1961 1962/1962/1962
f 1963/1963/1963 1964/1964/1964 1965/1965/1965
f 1966/1966/1966 1967/1967/1967 1968/1968/1968
f 1969/1969/1969 1970/1970/1970 1971/1971/1971
f 1972/1972/1972 1973/1973/1973 1974/1974/1974
f 1975/1975/1975 1976/1976/1976 1977/1977/1977
f 1978/1978/1978 1979/1979/1979 1980/1980/1980
f 1981/1981/1981 1982/1982/1982 1983/1983/1983
f 1984/1984/1984 1985/1985/1985 1986/1986/1986
f 1987/1987/1987 1988/1988/1988 1989/1989/1989
f 1990/1990/1990 1991/1991/1991 1992/1992/1992
f 1993/1993/1993 1994/1994/1994 1995/1995/1995
f 1996/1996/1996 1997/1997/1997 1998/1998/1998
f 1999/1999/1999 2000/2000/2000 2001/2001/2001
f 2002/2002/2002 2003/2003/2003 2004/2004/2004
f 2005/2005/2005 2006/2006/2006 2007/2007/2007
f 2008/2008/2008 2009/2009/2009 2010/2010/2010
f 2011/2011/2011 2012/2012/2012 2013/2013/2013
f 2014/2014/2014 2015/2015/2015 2016/2016/2016
f 2017/2017/2017 2018/2018/2018 2019/2019/2019
f 2020/2020/2020 2021/2021/2021 2022/2022/2022
f 2023/2023/2023 2024/2024/2024 2025/2025/2025
f 2026/2026/2026 2027/2027/2027 2028/2028/2028
f 2029/2029/2029 2030/2030/2030 2031/2031/2031
f 2032/2032/2032 2033/2033/2033 2034/2034/2034
f 2035/2035/2035 2036/2036/2036 2037/2037/2037
f 2038/2038/2038 2039/2039/2039 2040/2040/2040
f 2041/2041/2041 2042/2042/2042 2043/2043/2043
f 2044/2044/2044 2045/2045/2045 2046/2046/2046
f 2047/2047/2047 2048/2048/2048 2049/2049/2049
f 2050/2050/2050 2051/2051/2051 2052/2052/2052
f 2053/2053/2053 2054/2054/2054 2055/2055/2055
f 2056/2056/2056 2057/2057/2057 2058/2058/2058
f 2059/2059/2059 2060/2060/2060 2061/2061/2061
f 2062/2062/2062 2063/2063/2063 2064/2064/2064
f 2065/2065/2065 2066/2066/2066 2067/2067/2067
f 2068/2068/2068 2069/2069/2069 2070/2070/2070
f 2071/2071/2071 2072/2072/2072 2073/2073/2073
f 2074/2074/2074 2075/2075/2075 2076/2076/2076
f 2077/2077/2077 2078/2078/2078 2079/2079/2079
f 2080/2080/2080 2081/2081/2081 2082/2082/2082
f 2083/2083/2083 2084/2084/2084 2085/2085/2085
f 2086/2086/2086 2087/2087/2087 2088/2088/2088
f 2089/2089/2089 2090/2090/2090 2091/2091/2091
f 2092/2092/2092 2093/2093/2093 2094/2094/2094
f 2095/2095/2095 2096/2096/2096 2097/2097/2097
f 2098/2098/2098 2099/2099/2099 2100/2100/2100
f 2101/2101/2101 2102/2102/2102 2103/2103/2103
f 2104/2104/2104 2105/2105/2105 2106/2106/2106
f 2107/2107/2107 2108/2108/2108 2109/2109/2109
f 2110/2110/2110 2111/2111/2111 2112/2112/2112
f 2113/2113/2113 2114/2114/2114 2115/2115/2115
f 2116/2116/2116 2117/2117/2117 2118/2118/2118
f 2119/2119/2119 2120/2120/2120 2121/2121/2121
f 2122/2122/2122 2123/2123/2123 2124/2124/2124
f 2125/2125/2125 2126/2126/2126 2127/2127/2127
f 2128/2128/2128 2129/2129/2129 2130/2130/2130
f 2131/2131/2131 2132/2132/2132 2133/2133/2133
f 2134/2134/2134 2135/2135/2135 2136/2136/2136
f 2137/2137/2137 2138/2138/2138 2139/2139/2139
f 2140/2140/2140 2141/2141/2141 2142/2142/2142
f 2143/2143/2143 2144/2144/2144 2145/2145/2145
f 2146/2146/2146 2147/2147/2147 2148/2148/2148
f 2149/2149/2149 2150/2150/2150 2151/2151/2151
f 2152/2152/2152 2153/2153/2153 2154/2154/2154
f 2155/2155/2155 2156/2156/2156 2157/2157/2157
f 2158/2158/2158 2159/2159/2159 2160/2160/2160
f 2161/2161/2161 2162/2162/2162 2163/2163/2163
f 2164/2164/2164 2165/2165/2165 2166/2166/2166
f 2167/2167/2167 2168/2168/2168 2169/2169/2169
f 2170/2170/2170 2171/2171/2171 2172/2172/2172
f 2173/2173/2173 2174/2174/2174 2175/2175/2175
f 2176/2176/2176 2177/2177/2177 2178/2178/2178
f 2179/2179/2179 2180/2180/2180 2181/2181/2181
f 2182/2182/2182 2183/2183/2183 2184/2184/2184
f 2185/2185/2185 2186/2186/2186 2187/2187/2187
f 2188/2188/2188 2189/2189/2189 2190/2190/2190
f 2191/2191/2191 2192/2192/2192 2193/2193/2193
f 2194/2194/2194 2195/2195/2195 2196/2196/2196
f 2197/2197/2197 2198/2198/2198 2199/2199/2199
f 2200/2200/2200 2201/2201/2201 2202/2202/2202
f 2203/2203/2203 2204/2204/2204 2205/2205/2205
f 2206/2206/2206 2207/2207/2207 2208/2208/2208
f 2209/2209/2209 2210/2210/2210 2211/2211/2211
f 2212/2212/2212 2213/2213/2213 2214/2214/2214
f 2215/2215/2215 2216/2216/2216 2217/2217/2217
f 2218/2218/2218 2219/2219/2219 2220/2220/2220
f 2221/2221/2221 2222/2222/2222 2223/2223/2223
f 2224/2224/2224 2225/2225/2225 2226/2226/2226
f 2227/2227/2227 2228/2228/2228 2229/2229/2229
f 2230/2230/2230 2231/2231/2231 2232/2232/2232
f 2233/2233/2233 2234/2234/2234 2235/2235/2235
f 2236/2236/2236 2237/2237/2237 2238/2238/2238
f 2239/2239/2239 2240/2240/2240 2241/2241/2241
f 2242/2242/2242 2243/2243/2243 2244/2244/2244
f 2245/2245/2245 2246/2246/2246 2247/2247/2247
f 2248/2248/2248 2249/2249/2249 2250/2250/2250
f 2251/2251/2251 2252/2252/2252 2253/2253/2253
f 2254/2254/2254 2255/2255/2255 2256/2256/2256
f 2257/2257/2257 2258/2258/2258 2259/2259/2259
f 2260/2260/2260 2261/2261/2261 2262/2262/2262
f 2263/2263/2263 2264/2264/2264 2265/2265/2265
f 2266/2266/2266 2267/2267/2267 2268/2268/2268
f 2269/2269/2269 2270/2270/2270 2271/2271/2271
f 2272/2272/2272 2273/2273/2273 2274/2274/2274
f 2275/2275/2275 2276/2276/2276 2277/2277/2277
f 2278/2278/2278 2279/2279/2279 2280/2280/2280
f 2281/2281/2281 2282/2282/2282 2283/2283/2283
f 2284/2284/2284 2285/2285/2285 2286/2286/2286
f 2287/2287/2287 2288/2288/2288 2289/2289/2289
f 2290/2290/2290 2291/2291/2291 2292/2292/2292
f 2293/2293/2293 2294/2294/2294 2295/2295/2295
f 2296/2296/2296 2297/2297/2297 2298/2298/2298
f 2299/2299/2299 2300/2300/2300 2301/2301/2301
f 2302/2302/2302 2303/2303/2303 2304/2304/2304
f 2305/2305/2305 2306/2306/2306 2307/2307/2307
f 2308/2308/2308 2309/2309/2309 2310/2310/2310
f 2311/2311/2311 2312/2312/2312 2313/2313/2313
f 2314/2314/2314 2315/2315/2315 2316/2316/2316
f 2317/2317/2317 2318/2318/2318 2319/2319/2319
f 2320/2320/2320 2321/2321/2321 2322/2322/2322
f 2323/2323/2323 2324/2324/2324 2325/2325/2325
f 2326/2326/2326 2327/2327/2327 2328/2328/2328
f 2329/2329/2329 2330/2330/2330 2331/2331/2331
f 2332/2332/2332 2333/2333/2333 2334/2334/2334
f 2335/2335/2335 2336/2336/2336 2337/2337/2337
f 2338/2338/2338 2339/2339/2339 2340/2340/2340
f 2341/2341/2341 2342/2342/2342 2343/2343/2343
f 2344/2344/2344 2345/2345/2345 2346/2346/2346
f 2347/2347/2347 2348/2348/2348 2349/2349/2349
f 2350/2350/2350 2351/2351/2351 2352/2352/2352
f 2353/2353/2353 2354/2354/2354 2355/2355/2355
f 2356/2356/2356 2357/2357/2357 2358/2358/2358
f 2359/2359/2359 2360/2360/2360 2361/2361/2361
f 2362/2362/2362 2363/2363/2363 2364/2364/2364
f 2365/2365/2365 2366/2366/2366 2367/2367/2367
f 2368/2368/2368 2369/2369/2369 2370/2370/2370
f 2371/2371/2371 2372/2372/2372 2373/2373/2373
f 2374/2374/2374 2375/2375/2375 2376/2376/2376
f 2377/2377/2377 2378/2378/2378 2379/2379/2379
f 2380/2380/2380 2381/2381/2381 2382/2382/2382
f 2383/2383/2383 2384/2384/2384 2385/2385/2385
f 2386/2386/2386 2387/2387/2387 2388/2388/2388
f 2389/2389/2389 2390/2390/2390 2391/2391/2391
f 2392/2392/2392 2393/2393/2393 2394/2394/2394
f 2395/2395/2395 2396/2396/2396 2397/2397/2397
f 2398/2398/2398 2399/2399/2399 2400/2400/2400
f 2401/2401/2401 2402/2402/2402 2403/2403/2403
f 2404/2404/2404 2405/2405/2405 2406/2406/2406
f 2407/2407/2407 2408/2408/2408 2409/2409/2409
f 2410/2410/2410 2411/2411/2411 2412/2412/2412
f 2413/2413/2413 2414/2414/2414 2415/2415/2415
f 2416/2416/2416 2417/2417/2417 2418/2418/2418
f 2419/2419/2419 2420/2420/2420 2421/2421/2421
f 2422/2422/2422 2423/2423/2423 2424/2424/2424
f 2425/2425/2425 2426/2426/2426 2427/2427/2427
f 2428/2428/2428 2429/2429/2429 2430/2430/2430
f 2431/2431/2431 2432/2432/2432 2433/2433/2433
f 2434/2434/2434 2435/2435/2435 2436/2436/2436
f 2437/2437/2437 2438/2438/2438 2439/2439/2439
f 2440/2440/2440 2441/2441/2441 2442/2442/2442
f 2443/2443/2443 2444/2444/2444 2445/2445/2445
f 2446/2446/2446 2447/2447/2447 2448/2448/2448
f 2449/2449/2449 2450/2450/2450 2451/2451/2451
f 2452/2452/2452 2453/2453/2453 2454/2454/2454
f 2455/2455/2455 2456/2456/2456 2457/2457/2457
f 2458/2458/2458 2459/2459/2459 2460/2460/2460
f 2461/2461/2461 2462/2462/2462 2463/2463/2463
f 2464/2464/2464 2465/2465/2465 2466/2466/2466
f 2467/2467/2467 2468/2468/2468 2469/2469/2469
f 2470/2470/2470 2471/2471/2471 2472/2472/2472
f 2473/2473/2473 2474/2474/2474 2475/2475/2475
f 2476/2476/2476 2477/2477/2477 2478/2478/2478
f 2479/2479/2479 2480/2480/2480 2481/2481/2481
f 2482/2482/2482 2483/2483/2483 2484/2484/2484
f 2485/2485/2485 2486/2486/2486 2487/2487/2487
f 2488/2488/2488 2489/2489/2489 2490/2490/2490
f 2491/2491/2491 2492/2492/2492 2493/2493/2493
f 2494/2494/2494 2495/2495/2495 2496/2496/2496
f 2497/2497/2497 2498/2498/2498 2499/2499/2499
f 2500/2500/2500 2501/2501/2501 2502/2502/2502
f 2503/2503/2503 2504/2504/2504 2505/2505/2505
f 2506/2506/2506 2507/2507/2507 2508/2508/2508
f 2509/2509/2509 2510/2510/2510 2511/2511/2511
f 2512/2512/2512 2513/2513/2513 2514/2514/2514
f 2515/2515/2515 2516/2516/2516 2517/2517/2517
f 2518/2518/2518 2519/2519/2519 2520/2520/2520
f 2521/2521/2521 2522/2522/2522 2523/2523/2523
f 2524/2524/2524 2525/2525/2525 2526/2526/2526
f 2527/2527/2527 2528/2528/2528 2529/2529/2529
f 2530/2530/2530 2531/2531/2531 2532/2532/2532
f 2533/2533/2533 2534/2534/2534 2535/2535/2535
f 2536/2536/2536 2537/2537/2537 2538/2538/2538
f 2539/2539/2539 2540/2540/2540 2541/2541/2541
f 2542/2542/2542 2543/2543/2543 2544/2544/2544
f 2545/2545/2545 2546/2546/2546 2547/2547/2547
f 2548/2548/2548 2549/2549/2549 2550/2550/2550
f 2551/2551/2551 2552/2552/2552 2553/2553/2553
f 2554/2554/2554 2555/2555/2555 2556/2556/2556
f 2557/2557/2557 2558/2558/2558 2559/2559/2559
f 2560/2560/2560 2561/2561/2561 2562/2562/2562
f 2563/2563/2563 2564/2564/2564 2565/2565/2565
f 2566/2566/2566 2567/2567/2567 2568/2568/2568
f 2569/2569/2569 2570/2570/2570 2571/2571/2571
f 2572/2572/2572 2573/2573/2573 2574/2574/2574
f 2575/2575/2575 2576/2576/2576 2577/2577/2577
f 2578/2578/2578 2579/2579/2579 2580/2580/2580
f 2581/2581/2581 2582/2582/2582 2583/2583/2583
f 2584/2584/2584 2585/2585/2585 2586/2586/2586
f 2587/2587/2587 2588/2588/2588 2589/2589/2589
f 2590/2590/2590 2591/2591/2591 2592/2592/2592
f 2593/2593/2593 2594/2594/2594 2595/2595/2595
f 2596/2596/2596 2597/2597/2597 2598/2598/2598
f 2599/2599/2599 2600/2600/2600 2601/2601/2601
f 2602/2602/2602 2603/2603/2603 2604/2604/2604
f 2605/2605/2605 2606/2606/2606 2607/2607/2607
f 2608/2608/2608 2609/2609/2609 2610/2610/2610
f 2611/2611/2611 2612/2612/2612 2613/2613/2613
f 2614/2614/2614 2615/2615/2615 2616/2616/2616
f 2617/2617/2617 2618/2618/2618 2619/2619/2619
f 2620/2620/2620 2621/2621/2621 2622/2622/2622
f 2623/2623/2623 2624/2624/2624 2625/2625/2625
f 2626/2626/2626 2627/2627/2627 2628/2628/2628
f 2629/2629/2629 2630/2630/2630 2631/2631/2631
f 2632/2632/2632 2633/2633/2633 2634/2634/2634
f 2635/2635/2635 2636/2636/2636 2637/2637/2637
f 2638/2638/2638 2639/2639/2639 2640/2640/2640
f 2641/2641/2641 2642/2642/2642 2643/2643/2643
f 2644/2644/2644 2645/2645/2645 2646/2646/2646
f 2647/2647/2647 2648/2648/2648 2649/2649/2649
f 2650/2650/2650 2651/2651/2651 2652/2652/2652
f 2653/2653/2653 2654/2654/2654 2655/2655/2655
f 2656/2656/2656 2657/2657/2657 2658/2658/2658
f 2659/2659/2659 2660/2660/2660 2661/2661/2661
f 2662/2662/2662 2663/2663/2663 2664/2664/2664
f 2665/2665/2665 2666/2666/2666 2667/2667/2667
f 2668/2668/2668 2669/2669/2669 2670/2670/2670
f 2671/2671/2671 2672/2672/2672 2673/2673/2673
f 2674/2674/2674 2675/2675/2675 2676/2676/2676
f 2677/2677/2677 2678/2678/2678 2679/2679/2679
f 2680/2680/2680 2681/2681/2681 2682/2682/2682
f 2683/2683/2683 2684/2684/2684 2685/2685/2685
f 2686/2686/2686 2687/2687/2687 2688/2688/2688
f 2689/2689/2689 2690/2690/2690 2691/2691/2691
f 2692/2692/2692 2693/2693/2693 2694/2694/2694
f 2695/2695/2695 2696/2696/2696 2697/2697/2697
f 2698/2698/2698 2699/2699/2699 2700/2700/2700
f 2701/2701/2701 2702/2702/2702 2703/2703/2703
f 2704/2704/2704 2705/2705/2705 2706/2706/2706
f 2707/2707/2707 2708/2708/2708 2709/2709/2709
f 2710/2710/2710 2711/2711/2711 2712/2712/2712
f 2713/2713/2713 2714/2714/2714 2715/2715/2715
f 2716/2716/2716 2717/2717/2717 2718/2718/2718
f 2719/2719/2719 2720/2720/2720 2721/2721/2721
f 2722/2722/2722 2723/2723/2723 2724/2724/2724
f 2725/2725/2725 2726/2726/2726 2727/2727/2727
f 2728/2728/2728 2729/2729/2729 2730/2730/2730
f 2731/2731/2731 2732/2732/2732 2733/2733/2733
f 2734/2734/2734 2735/2735/2735 2736/2736/2736
f 2737/2737/2737 2738/2738/2738 2739/2739/2739
f 2740/2740/2740 2741/2741/2741 2742/2742/2742
f 2743/2743/2743 2744/2744/2744 2745/2745/2745
f 2746/2746/2746 2747/2747/2747 2748/2748/2748
f 2749/2749/2749 2750/2750/2750 2751/2751/2751
f 2752/2752/2752 2753/2753/2753 2754/2754/2754
f 2755/2755/2755 2756/2756/2756 2757/2757/2757
f 2758/2758/2758 2759/2759/2759 2760/2760/2760
f 2761/2761/2761 2762/2762/2762 2763/2763/2763
f 2764/2764/2764 2765/2765/2765 2766/2766/2766
f 2767/2767/2767 2768/2768/2768 2769/2769/2769
f 2770/2770/2770 2771/2771/2771 2772/2772/2772
f 2773/2773/2773 2774/2774/2774 2775/2775/2775
f 2776/2776/2776 2777/2777/2777 2778/2778/2778
f 2779/2779/2779 2780/2780/2780 2781/2781/2781
f 2782/2782/2782 2783/2783/2783 2784/2784/2784
f 2785/2785/2785 2786/2786/2786 2787/2787/2787
f 2788/2788/2788 2789/2789/2789 2790/2790/2790
f 2791/2791/2791 2792/2792/2792 2793/2793/2793
f 2794/2794/2794 2795/2795/2795 2796/2796/2796
f 2797/2797/2797 2798/2798/2798 2799/2799/2799
f 2800/2800/2800 2801/2801/2801 2802/2802/2802
f 2803/2803/2803 2804/2804/2804 2805/2805/2805
f 2806/2806/2806 2807/2807/2807 2808/2808/2808
f 2809/2809/2809 2810/2810/2810 2811/2811/2811
f 2812/2812/2812 2813/2813/2813 2814/2814/2814
f 2815/2815/2815 2816/2816/2816 2817/2817/2817
f 2818/2818/2818 2819/2819/2819 2820/2820/2820
f 2821/2821/2821 2822/2822/2822 2823/2823/2823
f 2824/2824/2824 2825/2825/2825 2826/2826/2826
f 2827/2827/2827 2828/2828/2828 2829/2829/2829
f 2830/2830/2830 2831/2831/2831 2832/2832/2832
f 2833/2833/2833 2834/2834/2834 2835/2835/2835
f 2836/2836/2836 2837/2837/2837 2838/2838/2838
f 2839/2839/2839 2840/2840/2840 2841/2841/2841
f 2842/2842/2842 2843/2843/2843 2844/2844/2844
f 2845/2845/2845 2846/2846/2846 2847/2847/2847
f 2848/2848/2848 2849/2849/2849 2850/2850/2850
f 2851/2851/2851 2852/2852/2852 2853/2853/2853
f 2854/2854/2854 2855/2855/2855 2856/2856/2856
f 2857/2857/2857 2858/2858/2858 2859/2859/2859
f 2860/2860/2860 2861/2861/2861 2862/2862/2862
f 2863/2863/2863 2864/2864/2864 2865/2865/2865
f 2866/2866/2866 2867/2867/2867 2868/2868/2868
f 2869/2869/2869 2870/2870/2870 2871/2871/2871
f 2872/2872/2872 2873/2873/2873 2874/2874/2874
f 2875/2875/2875 2876/2876/2876 2877/2877/2877
f 2878/2878/2878 2879/2879/2879 2880/2880/2880
f 2881/2881/2881 2882/2882/2882 2883/2883/2883
f 2884/2884/2884 2885/2885/2885 2886/2886/2886
f 2887/2887/2887 2888/2888/2888 2889/2889/2889
f 2890/2890/2890 2891/2891/2891 2892/2892/2892
f 2893/2893/2893 2894/2894/2894 2895/2895/2895
f 2896/2896/2896 2897/2897/2897 2898/2898/2898
f 2899/2899/2899 2900/2900/2900 2901/2901/2901
f 2902/2902/2902 2903/2903/2903 2904/2904/2904
f 2905/2905/2905 2906/2906/2906 2907/2907/2907
f 2908/2908/2908 2909/2909/2909 2910/2910/2910
f 2911/2911/2911 2912/2912/2912 2913/2913/2913
f 2914/2914/2914 2915/2915/2915 2916/2916/2916
f 2917/2917/2917 2918/2918/2918 2919/2919/2919
f 2920/2920/2920 2921/2921/2921 2922/2922/2922
f 2923/2923/2923 2924/2924/2924 2925/2925/2925
f 2926/2926/2926 2927/2927/2927 2928/2928/2928
f 2929/2929/2929 2930/2930/2930 2931/2931/2931
f 2932/2932/2932 2933/2933/2933 2934/2934/2934
f 2935/2935/2935 2936/2936/2936 2937/2937/2937
f 2938/2938/2938 2939/2939/2939 2940/2940/2940
f 2941/2941/2941 2942/2942/2942 2943/2943/2943
f 2944/2944/2944 2945/2945/2945 2946/2946/2946
f 2947/2947/2947 2948/2948/2948 2949/2949/2949
f 2950/2950/2950 2951/2951/2951 2952/2952/2952
f 2953/2953/2953 2954/2954/2954 2955/2955/2955
f 2956/2956/2956 2957/2957/2957 2958/2958/2958
f 2959/2959/2959 2960/2960/2960 2961/2961/2961
f 2962/2962/2962 2963/2963/2963 2964/2964/2964
f 2965/2965/2965 2966/2966/2966 2967/2967/2967
f 2968/2968/2968 2969/2969/2969 2970/2970/2970
f 2971/2971/2971 2972/2972/2972 2973/2973/2973
f 2974/2974/2974 2975/2975/2975 2976/2976/2976
f 2977/2977/2977 2978/2978/2978 2979/2979/2979
f 2980/2980/2980 2981/2981/2981 2982/2982/2982
f 2983/2983/2983 2984/2984/2984 2985/2985/2985
f 2986/2986/2986 2987/2987/2987 2988/2988/2988
f 2989/2989/2989 2990/2990/2990 2991/2991/2991
f 2992/2992/2992 2993/2993/2993 2994/2994/2994
f 2995/2995/2995 2996/2996/2996 2997/2997/2997
f 2998/2998/2998 2999/2999/2999 3000/3000/3000
f 3001/3001/3001 3002/3002/3002 3003/3003/3003
f 3004/3004/3004 3005/3005/3005 3006/3006/3006
f 3007/3007/3007 3008/3008/3008 3009/3009/3009
f 3010/3010/3010 3011/3011/3011 3012/3012/3012
f 3013/3013/3013 3014/3014/3014 3015/3015/3015
f 3016/3016/3016 3017/3017/3017 3018/3018/3018
f 3019/3019/3019 3020/3020/3020 3021/3021/3021
f 3022/3022/3022 3023/3023/3023 3024/3024/3024
f 3025/3025/3025 3026/3026/3026 3027/3027/3027
f 3028/3028/3028 3029/3029/3029 3030/3030/3030
f 3031/3031/3031 3032/3032/3032 3033/3033/3033
f 3034/3034/3034 3035/3035/3035 3036/3036/3036
f 3037/3037/3037 3038/3038/3038 3039/3039/3039
f 3040/3040/3040 3041/3041/3041 3042/3042/3042
f 3043/3043/3043 3044/3044/3044 3045/3045/3045
f 3046/3046/3046 3047/3047/3047 3048/3048/3048
f 3049/3049/3049 3050/3050/3050 3051/3051/3051
f 3052/3052/3052 3053/3053/3053 3054/3054/3054
f 3055/3055/3055 3056/3056/3056 3057/3057/3057
f 3058/3058/3058 3059/3059/3059 3060/3060/3060
f 3061/3061/3061 3062/3062/3062 3063/3063/3063
f 3064/3064/3064 3065/3065/3065 3066/3066/3066
f 3067/3067/3067 3068/3068/3068 3069/3069/3069
f 3070/3070/3070 3071/3071/3071 3072/3072/3072
f 3073/3073/3073 3074/3074/3074 3075/3075/3075
f 3076/3076/3076 3077/3077/3077 3078/3078/3078
f 3079/3079/3079 3080/3080/3080 3081/3081/3081
f 3082/3082/3082 3083/3083/3083 3084/3084/3084
f 3085/3085/3085 3086/3086/3086 3087/3087/3087
f 3088/3088/3088 3089/3089/3089 3090/3090/3090
f 3091/3091/3091 3092/3092/3092 3093/3093/3093
f 3094/3094/3094 3095/3095/3095 3096/3096/3096
f 3097/3097/3097 3098/3098/3098 3099/3099/3099
f 3100/3100/3100 3101/3101/3101 3102/3102/3102
f 3103/3103/3103 3104/3104/3104 3105/3105/3105
f 3106/3106/3106 3107/3107/3107 3108/3108/3108
f 3109/3109/3109 3110/3110/3110 3111/3111/3111
f 3112/3112/3112 3113/3113/3113 3114/3114/3114
f 3115/3115/3115 3116/3116/3116 3117/3117/3117
f 3118/3118/3118 3119/3119/3119 3120/3120/3120
f 3121/3121/3121 3122/3122/3122 3123/3123/3123
f 3124/3124/3124 3125/3125/3125 3126/3126/3126
f 3127/3127/3127 3128/3128/3128 3129/3129/3129
f 3130/3130/3130 3131/3131/3131 3132/3132/3132
f 3133/3133/3133 3134/3134/3134 3135/3135/3135
f 3136/3136/3136 3137/3137/3137 3138/3138/3138
f 3139/3139/3139 3140/3140/3140 3141/3141/3141
f 3142/3142/3142 3143/3143/3143 3144/3144/3144
f 3145/3145/3145 3146/3146/3146 3147/3147/3147
f 3148/3148/3148 3149/3149/3149 3150/3150/3150
f 3151/3151/3151 3152/3152/3152 3153/3153/3153
f 3154/3154/3154 3155/3155/3155 3156/3156/3156
f 3157/3157/3157 3158/3158/3158 3159/3159/3159
f 3160/3160/3160 3161/3161/3161 3162/3162/3162
f 3163/3163/3163 3164/3164/3164 3165/3165/3165
f 3166/3166/3166 3167/3167/3167 3168/3168/3168
f 3169/3169/3169 3170/3170/3170 3171/3171/3171
f 3172/3172/3172 3173/3173/3173 3174/3174/3174
f 3175/3175/3175 3176/3176/3176 3177/3177/3177
f 3178/3178/3178 3179/3179/3179 3180/3180/3180
f 3181/3181/3181 3182/3182/3182 3183/3183/3183
f 3184/3184/3184 3185/3185/3185 3186/3186/3186
f 3187/3187/3187 3188/3188/3188 3189/3189/3189
f 3190/3190/3190 3191/3191/3191 3192/3192/3192
f 3193/3193/3193 3194/3194/3194 3195/3195/3195
f 3196/3196/3196 3197/3197/3197 3198/3198/3198
f 3199/3199/3199 3200/3200/3200 3201/3201/3201
f 3202/3202/3202 3203/3203/3203 3204/3204/3204
f 3205/3205/3205 3206/3206/3206 3207/3207/3207
f 3208/3208/3208 3209/3209/3209 3210/3210/3210
f 3211/3211/3211 3212/3212/3212 3213/3213/3213
f 3214/3214/3214 3215/3215/3215 3216/3216/3216
f 3217/3217/3217 3218/3218/3218 3219/3219/3219
f 3220/3220/3220 3221/3221/3221 3222/3222/3222
f 3223/3223/3223 3224/3224/3224 3225/3225/3225
f 3226/3226/3226 3227/3227/3227 3228/3228/3228
f 3229/3229/3229 3230/3230/3230 3231/3231/3231
f 3232/3232/3232 3233/3233/3233 3234/3234/3234
f 3235/3235/3235 3236/3236/3236 3237/3237/3237
f 3238/3238/3238 3239/3239/3239 3240/3240/3240
f 3241/3241/3241 3242/3242/3242 3243/3243/3243
f 3244/3244/3244 3245/3245/3245 3246/3246/3246
f 3247/3247/3247 3248/3248/3248 3249/3249/3249
f 3250/3250/3250 3251/3251/3251 3252/3252/3252
f 3253/3253/3253 3254/3254/3254 3255/3255/3255
f 3256/3256/3256 3257/3257/3257 3258/3258/3258
f 3259/3259/3259 3260/3260/3260 3261/3261/3261
f 3262/3262/3262 3263/3263/3263 3264/3264/3264
f 3265/3265/3265 3266/3266/3266 3267/3267/3267
f 3268/3268/3268 3269/3269/3269 3270/3270/3270
f 3271/3271/3271 3272/3272/3272 3273/3273/3273
f 3274/3274/3274 3275/3275/3275 3276/3276/3276
f 3277/3277/3277 3278/3278/3278 3279/3279/3279
f 3280/3280/3280 3281/3281/3281 3282/3282/3282
f 3283/3283/3283 3284/3284/3284 3285/3285/3285
f 3286/3286/3286 3287/3287/3287 3288/3288/3288
f 3289/3289/3289 3290/3290/3290 3291/3291/3291
f 3292/3292/3292 3293/3293/3293 3294/3294/3294
f 3295/3295/3295 3296/3296/3296 3297/3297/3297
f 3298/3298/3298 3299/3299/3299 3300/3300/3300
f 3301/3301/3301 3302/3302/3302 3303/3303/3303
f 3304/3304/3304 3305/3305/3305 3306/3306/3306
f 3307/3307/3307 3308/3308/3308 3309/3309/3309
f 3310/3310/3310 3311/3311/3311 3312/3312/3312
f 3313/3313/3313 3314/3314/3314 3315/3315/3315
f 3316/3316/3316 3317/3317/3317 3318/3318/3318
f 3319/3319/3319 3320/3320/3320 3321/3321/3321
f 3322/3322/3322 3323/3323/3323 3324/3324/3324
f 3325/3325/3325 3326/3326/3326 3327/3327/3327
f 3328/3328/3328 3329/3329/3329 3330/3330/3330
f 3331/3331/3331 3332/3332/3332 3333/3333/3333
f 3334/3334/3334 3335/3335/3335 3336/3336/3336
f 3337/3337/3337 3338/3338/3338 3339/3339/3339
f 3340/3340/3340 3341/3341/3341 3342/3342/3342
f 3343/3343/3343 3344/3344/3344 3345/3345/3345
f 3346/3346/3346 3347/3347/3347 3348/3348/3348
f 3349/3349/3349 3350/3350/3350 3351/3351/3351
f 3352/3352/3352 3353/3353/3353 3354/3354/3354
f 3355/3355/3355 3356/3356/3356 3357/3357/3357
f 3358/3358/3358 3359/3359/3359 3360/3360/3360
f 3361/3361/3361 3362/3362/3362 3363/3363/3363
f 3364/3364/3364 3365/3365/3365 3366/3366/3366
f 3367/3367/3367 3368/3368/3368 3369/3369/3369
f 3370/3370/3370 3371/3371/3371 3372/3372/3372
f 3373/3373/3373 3374/3374/3374 3375/3375/3375
f 3376/3376/3376 3377/3377/3377 3378/3378/3378
f 3379/3379/3379 3380/3380/3380 3381/3381/3381
f 3382/3382/3382 3383/3383/3383 3384/3384/3384
f 3385/3385/3385 3386/3386/3386 3387/3387/3387
f 3388/3388/3388 3389/3389/3389 3390/3390/3390
f 3391/3391/3391 3392/3392/3392 3393/3393/3393
f 3394/3394/3394 3395/3395/3395 3396/3396/3396
f 3397/3397/3397 3398/3398/3398 3399/3399/3399
f 3400/3400/3400 3401/3401/3401 3402/3402/3402
f 3403/3403/3403 3404/3404/3404 3405/3405/3405
f 3406/3406/3406 3407/3407/3407 3408/3408/3408
f 3409/3409/3409 3410/3410/3410 3411/3411/3411
f 3412/3412/3412 3413/3413/3413 3414/3414/3414
f 3415/3415/3415 3416/3416/3416 3417/3417/3417
f 3418/3418/3418 3419/3419/3419 3420/3420/3420
f 3421/3421/3421 3422/3422/3422 3423/3423/3423
f 3424/3424/3424 3425/3425/3425 3426/3426/3426
f 3427/3427/3427 3428/3428/3428 3429/3429/3429
f 3430/3430/3430 3431/3431/3431 3432/3432/3432
f 3433/3433/3433 3434/3434/3434 3435/3435/3435
f 3436/3436/3436 3437/3437/3437 3438/3438/3438
f 3439/3439/3439 3440/3440/3440 3441/3441/3441
f 3442/3442/3442 3443/3443/3443 3444/3444/3444
f 3445/3445/3445 3446/3446/3446 3447/3447/3447
f 3448/3448/3448 3449/3449/3449 3450/3450/3450
f 3451/3451/3451 3452/3452/3452 3453/3453/3453
f 3454/3454/3454 3455/3455/3455 3456/3456/3456
f 3457/3457/3457 3458/3458/3458 3459/3459/3459
f 3460/3460/3460 3461/3461/3461 3462/3462/3462
f 3463/3463/3463 3464/3464/3464 3465/3465/3465
f 3466/3466/3466 3467/3467/3467 3468/3468/3468
f 3469/3469/3469 3470/3470/3470 3471/3471/3471
f 3472/3472/3472 3473/3473/3473 3474/3474/3474
f 3475/3475/3475 3476/3476/3476 3477/3477/3477
f 3478/3478/3478 3479/3479/3479 3480/3480/3480
f 3481/3481/3481 3482/3482/3482 3483/3483/3483
f 3484/3484/3484 3485/3485/3485 3486/3486/3486
f 3487/3487/3487 3488/3488/3488 3489/3489/3489
f 3490/3490/3490 3491/3491/3491 3492/3492/3492
f 3493/3493/3493 3494/3494/3494 3495/3495/3495
f 3496/3496/3496 3497/3497/3497 3498/3498/3498
f 3499/3499/3499 3500/3500/3500 3501/3501/3501
f 3502/3502/3502 3503/3503/3503 3504/3504/3504
f 3505/3505/3505 3506/3506/3506 3507/3507/3507
f 3508/3508/3508 3509/3509/3509 3510/3510/3510
f 3511/3511/3511 3512/3512/3512 3513/3513/3513
f 3514/3514/3514 3515/3515/3515 3516/3516/3516
f 3517/3517/3517 3518/3518/3518 3519/3519/3519
f 3520/3520/3520 3521/3521/3521 3522/3522/3522
f 3523/3523/3523 3524/3524/3524 3525/3525/3525
f 3526/3526/3526 3527/3527/3527 3528/3528/3528
f 3529/3529/3529 3530/3530/3530 3531/3531/3531
f 3532/3532/3532 3533/3533/3533 3534/3534/3534
f 3535/3535/3535 3536/3536/3536 3537/3537/3537
f 3538/3538/3538 3539/3539/3539 3540/3540/3540
f 3541/3541/3541 3542/3542/3542 3543/3543/3543
f 3544/3544/3544 3545/3545/3545 3546/3546/3546
f 3547/3547/3547 3548/3548/3548 3549/3549/3549
f 3550/3550/3550 3551/3551/3551 3552/3552/3552
f 3553/3553/3553 3554/3554/3554 3555/3555/3555
f 3556/3556/3556 3557/3557/3557 3558/3558/3558
f 3559/3559/3559 3560/3560/3560 3561/3561/3561
f 3562/3562/3562 3563/3563/3563 3564/3564/3564
f 3565/3565/3565 3566/3566/3566 3567/3567/3567
f 3568/3568/3568 3569/3569/3569 3570/3570/3570
f 3571/3571/3571 3572/3572/3572 3573/3573/3573
f 3574/3574/3574 3575/3575/3575 3576/3576/3576
f 3577/3577/3577 3578/3578/3578 3579/3579/3579
f 3580/3580/3580 3581/3581/3581 3582/3582/3582
f 3583/3583/3583 3584/3584/3584 3585/3585/3585
f 3586/3586/3586 3587/3587/3587 3588/3588/3588
f 3589/3589/3589 3590/3590/3590 3591/3591/3591
f 3592/3592/3592 3593/3593/3593 3594/3594/3594
f 3595/3595/3595 3596/3596/3596 3597/3597/3597
f 3598/3598/3598 3599/3599/3599 3600/3600/3600
f 3601/3601/3601 3602/3602/3602 3603/3603/3603
f 3604/3604/3604 3605/3605/3605 3606/3606/3606
f 3607/3607/3607 3608/3608/3608 3609/3609/3609
f 3610/3610/3610 3611/3611/3611 3612/3612/3612
f 3613/3613/3613 3614/3614/3614 3615/3615/3615
f 3616/3616/3616 3617/3617/3617 3618/3618/3618
f 3619/3619/3619 3620/3620/3620 3621/3621/3621
f 3622/3622/3622 3623/3623/3623 3624/3624/3624
f 3625/3625/3625 3626/3626/3626 3627/3627/3627
f 3628/3628/3628 3629/3629/3629 3630/3630/3630
f 3631/3631/3631 3632/3632/3632 3633/3633/3633
f 3634/3634/3634 3635/3635/3635 3636/3636/3636
f 3637/3637/3637 3638/3638/3638 3639/3639/3639
f 3640/3640/3640 3641/3641/3641 3642/3642/3642
f 3643/3643/3643 3644/3644/3644 3645/3645/3645
f 3646/3646/3646 3647/3647/3647 3648/3648/3648
f 3649/3649/3649 3650/3650/3650 3651/3651/3651
f 3652/3652/3652 3653/3653/3653 3654/3654/3654
f 3655/3655/3655 3656/3656/3656 3657/3657/3657
f 3658/3658/3658 3659/3659/3659 3660/3660/3660
f 3661/3661/3661 3662/3662/3662 3663/3663/3663
f 3664/3664/3664 3665/3665/3665 3666/3666/3666
f 3667/3667/3667 3668/3668/3668 3669/3669/3669
f 3670/3670/3670 3671/3671/3671 3672/3672/3672
f 3673/3673/3673 3674/3674/3674 3675/3675/3675
f 3676/3676/3676 3677/3677/3677 3678/3678/3678
f 3679/3679/3679 3680/3680/3680 3681/3681/3681
f 3682/3682/3682 3683/3683/3683 3684/3684/3684
f 3685/3685/3685 3686/3686/3686 3687/3687/3687
f 3688/3688/3688 3689/3689/3689 3690/3690/3690
f 3691/3691/3691 3692/3692/3692 3693/3693/3693
f 3694/3694/3694 3695/3695/3695 3696/3696/3696
f 3697/3697/3697 3698/3698/3698 3699/3699/3699
f 3700/3700/3700 3701/3701/3701 3702/3702/3702
f 3703/3703/3703 3704/3704/3704 3705/3705/3705
f 3706/3706/3706 3707/3707/3707 3708/3708/3708
f 3709/3709/3709 3710/3710/3710 3711/3711/3711
f 3712/3712/3712 3713/3713/3713 3714/3714/3714
f 3715/3715/3715 3716/3716/3716 3717/3717/3717
f 3718/3718/3718 3719/3719/3719 3720/3720/3720
f 3721/3721/3721 3722/3722/3722 3723/3723/3723
f 3724/3724/3724 3725/3725/3725 3726/3726/3726
f 3727/3727/3727 3728/3728/3728 3729/3729/3729
f 3730/3730/3730 3731/3731/3731 3732/3732/3732
f 3733/3733/3733 3734/3734/3734 3735/3735/3735
f 3736/3736/3736 3737/3737/3737 3738/3738/3738
f 3739/3739/3739 3740/3740/3740 3741/3741/3741
f 3742/3742/3742 3743/3743/3743 3744/3744/3744
f 3745/3745/3745 3746/3746/3746 3747/3747/3747
f 3748/3748/3748 3749/3749/3749 3750/3750/3750
f 3751/3751/3751 3752/3752/3752 3753/3753/3753
f 3754/3754/3754 3755/3755/3755 3756/3756/3756
f 3757/3757/3757 3758/3758/3758 3759/3759/3759
f 3760/3760/3760 3761/3761/3761 3762/3762/3762
f 3763/3763/3763 3764/3764/3764 3765/3765/3765
f 3766/3766/3766 3767/3767/3767 3768/3768/3768
f 3769/3769/3769 3770/3770/3770 3771/3771/3771
f 3772/3772/3772 3773/3773/3773 3774/3774/3774
f 3775/3775/3775 3776/3776/3776 3777/3777/3777
f 3778/3778/3778 3779/3779/3779 3780/3780/3780
f 3781/3781/3781 3782/3782/3782 3783/3783/3783
f 3784/3784/3784 3785/3785/3785 3786/3786/3786
f 3787/3787/3787 3788/3788/3788 3789/3789/3789
f 3790/3790/3790 3791/3791/3791 3792/3792/3792
f 3793/3793/3793 3794/3794/3794 3795/3795/3795
f 3796/3796/3796 3797/3797/3797 3798/3798/3798
f 3799/3799/3799 3800/3800/3800 3801/3801/3801
f 3802/3802/3802 3803/3803/3803 3804/3804/3804
f 3805/3805/3805 3806/3806/3806 3807/3807/3807
f 3808/3808/3808 3809/3809/3809 3810/3810/3810
f 3811/3811/3811 3812/3812/3812 3813/3813/3813
f 3814/3814/3814 3815/3815/3815 3816/3816/3816
f 3817/3817/3817 3818/3818/3818 3819/3819/3819
f 3820/3820/3820 3821/3821/3821 3822/3822/3822
f 3823/3823/3823 3824/3824/3824 3825/3825/3825
f 3826/3826/3826 3827/3827/3827 3828/3828/3828
f 3829/3829/3829 3830/3830/3830 3831/3831/3831
f 3832/3832/3832 3833/3833/3833 3834/3834/3834
f 3835/3835/3835 3836/3836/3836 3837/3837/3837
f 3838/3838/3838 3839/3839/3839 3840/3840/3840
f 3841/3841/3841 3842/3842/3842 3843/3843/3843
f 3844/3844/3844 3845/3845/3845 3846/3846/3846
f 3847/3847/3847 3848/3848/3848 3849/3849/3849
f 3850/3850/3850 3851/3851/3851 3852/3852/3852
f 3853/3853/3853 3854/3854/3854 3855/3855/3855
f 3856/3856/3856 3857/3857/3857 3858/3858/3858
f 3859/3859/3859 3860/3860/3860 3861/3861/3861
f 3862/3862/3862 3863/3863/3863 3864/3864/3864
f 3865/3865/3865 3866/3866/3866 3867/3867/3867
f 3868/3868/3868 3869/3869/3869 3870/3870/3870
f 3871/3871/3871 3872/3872/3872 3873/3873/3873
f 3874/3874/3874 3875/3875/3875 3876/3876/3876
f 3877/3877/3877 3878/3878/3878 3879/3879/3879
f 3880/3880/3880 3881/3881/3881 3882/3882/3882
f 3883/3883/3883 3884/3884/3884 3885/3885/3885
f 3886/3886/3886 3887/3887/3887 3888/3888/3888
f 3889/3889/3889 3890/3890/3890 3891/3891/3891
f 3892/3892/3892 3893/3893/3893 3894/3894/3894
f 3895/3895/3895 3896/3896/3896 3897/3897/3897
f 3898/3898/3898 3899/3899/3899 3900/3900/3900
f 3901/3901/3901 3902/3902/3902 3903/3903/3903
f 3904/3904/3904 3905/3905/3905 3906/3906/3906
f 3907/3907/3907 3908/3908/3908 3909/3909/3909
f 3910/3910/3910 3911/3911/3911 3912/3912/3912
f 3913/3913/3913 3914/3914/3914 3915/3915/3915
f 3916/3916/3916 3917/3917/3917 3918/3918/3918
f 3919/3919/3919 3920/3920/3920 3921/3921/3921
f 3922/3922/3922 3923/3923/3923 3924/3924/3924
f 3925/3925/3925 3926/3926/3926 3927/3927/3927
f 3928/3928/3928 3929/3929/3929 3930/3930/3930
f 3931/3931/3931 3932/3932/3932 3933/3933/3933
f 3934/3934/3934 3935/3935/3935 3936/3936/3936
f 3937/3937/3937 3938/3938/3938 3939/3939/3939
f 3940/3940/3940 3941/3941/3941 3942/3942/3942
f 3943/3943/3943 3944/3944/3944 3945/3945/3945
f 3946/3946/3946 3947/3947/3947 3948/3948/3948
f 3949/3949/3949 3950/3950/3950 3951/3951/3951
f 3952/3952/3952 3953/3953/3953 3954/3954/3954
f 3955/3955/3955 3956/3956/3956 3957/3957/3957
f 3958/3958/3958 3959/3959/3959 3960/3960/3960
f 3961/3961/3961 3962/3962/3962 3963/3963/3963
f 3964/3964/3964 3965/3965/3965 3966/3966/3966
f 3967/3967/3967 3968/3968/3968 3969/3969/3969
f 3970/3970/3970 3971/3971/3971 3972/3972/3972
f 3973/3973/3973 3974/3974/3974 3975/3975/3975
f 3976/3976/3976 3977/3977/3977 3978/3978/3978
f 3979/3979/3979 3980/3980/3980 3981/3981/3981
f 3982/3982/3982 3983/3983/3983 3984/3984/3984
f 3985/3985/3985 3986/3986/3986 3987/3987/3987
f 3988/3988/3988 3989/3989/3989 3990/3990/3990
f 3991/3991/3991 3992/3992/3992 3993/3993/3993
f 3994/3994/3994 3995/3995/3995 3996/3996/3996
f 3997/3997/3997 3998/3998/3998 3999/3999/3999
f 4000/4000/4000 4001/4001/4001 4002/4002/4002
f 4003/4003/4003 4004/4004/4004 4005/4005/4005
f 4006/4006/4006 4007/4007/4007 4008/4008/4008
f 4009/4009/4009 4010/4010/4010 4011/4011/4011
f 4012/4012/4012 4013/4013/4013 4014/4014/4014
f 4015/4015/4015 4016/4016/4016 4017/4017/4017
f 4018/4018/4018 4019/4019/4019 4020/4020/4020
f 4021/4021/4021 4022/4022/4022 4023/4023/4023
f 4024/4024/4024 4025/4025/4025 4026/4026/4026
f 4027/4027/4027 4028/4028/4028 4029/4029/4029
f 4030/4030/4030 4031/4031/4031 4032/4032/4032
f 4033/4033/4033 4034/4034/4034 4035/4035/4035
f 4036/4036/4036 4037/4037/4037 4038/4038/4038
f 4039/4039/4039 4040/4040/4040 4041/4041/4041
f 4042/4042/4042 4043/4043/4043 4044/4044/4044
f 4045/4045/4045 4046/4046/4046 4047/4047/4047
f 4048/4048/4048 4049/4049/4049 4050/4050/4050
f 4051/4051/4051 4052/4052/4052 4053/4053/4053
f 4054/4054/4054 4055/4055/4055 4056/4056/4056
f 4057/4057/4057 4058/4058/4058 4059/4059/4059
f 4060/4060/4060 4061/4061/4061 4062/4062/4062
f 4063/4063/4063 4064/4064/4064 4065/4065/4065
f 4066/4066/4066 4067/4067/4067 4068/4068/4068
f 4069/4069/4069 4070/4070/4070 4071/4071/4071
f 4072/4072/4072 4073/4073/4073 4074/4074/4074
f 4075/4075/4075 4076/4076/4076 4077/4077/4077
f 4078/4078/4078 4079/4079/4079 4080/4080/4080
f 4081/4081/4081 4082/4082/4082 4083/4083/4083
f 4084/4084/4084 4085/4085/4085 4086/4086/4086
f 4087/4087/4087 4088/4088/4088 4089/4089/4089
f 4090/4090/4090 4091/4091/4091 4092/4092/4092
f 4093/4093/4093 4094/4094/4094 4095/4095/4095
f 4096/4096/4096 4097/4097/4097 4098/4098/4098
f 4099/4099/4099 4100/4100/4100 4101/4101/4101
f 4102/4102/4102 4103/4103/4103 4104/4104/4104
f 4105/4105/4105 4106/4106/4106 4107/4107/4107
f 4108/4108/4108 4109/4109/4109 4110/4110/4110
f 4111/4111/4111 4112/4112/4112 4113/4113/4113
f 4114/4114/4114 4115/4115/4115 4116/4116/4116
f 4117/4117/4117 4118/4118/4118 4119/4119/4119
f 4120/4120/4120 4121/4121/4121 4122/4122/4122
f 4123/4123/4123 4124/4124/4124 4125/4125/4125
f 4126/4126/4126 4127/4127/4127 4128/4128/4128
f 4129/4129/4129 4130/4130/4130 4131/4131/4131
f 4132/4132/4132 4133/4133/4133 4134/4134/4134
f 4135/4135/4135 4136/4136/4136 4137/4137/4137
f 4138/4138/4138 4139/4139/4139 4140/4140/4140
f 4141/4141/4141 4142/4142/4142 4143/4143/4143
f 4144/4144/4144 4145/4145/4145 4146/4146/4146
f 4147/4147/4147 4148/4148/4148 4149/4149/4149
f 4150/4150/4150 4151/4151/4151 4152/4152/4152
f 4153/4153/4153 4154/4154/4154 4155/4155/4155
f 4156/4156/4156 4157/4157/4157 4158/4158/4158
f 4159/4159/4159 4160/4160/4160 4161/4161/4161
f 4162/4162/4162 4163/4163/4163 4164/4164/4164
f 4165/4165/4165 4166/4166/4166 4167/4167/4167
f 4168/4168/4168 4169/4169/4169 4170/4170/4170
f 4171/4171/4171 4172/4172/4172 4173/4173/4173
f 4174/4174/4174 4175/4175/4175 4176/4176/4176
f 4177/4177/4177 4178/4178/4178 4179/4179/4179
f 4180/4180/4180 4181/4181/4181 4182/4182/4182
f 4183/4183/4183 4184/4184/4184 4185/4185/4185
f 4186/4186/4186 4187/4187/4187 4188/4188/4188
f 4189/4189/4189 4190/4190/4190 4191/4191/4191
f 4192/4192/4192 4193/4193/4193 4194/4194/4194
f 4195/4195/4195 4196/4196/4196 4197/4197/4197
f 4198/4198/4198 4199/4199/4199 4200/4200/4200
f 4201/4201/4201 4202/4202/4202 4203/4203/4203
f 4204/4204/4204 4205/4205/4205 4206/4206/4206
f 4207/4207/4207 4208/4208/4208 4209/4209/4209
f 4210/4210/4210 4211/4211/4211 4212/4212/4212
f 4213/4213/4213 4214/4214/4214 4215/4215/4215
f 4216/4216/4216 4217/4217/4217 4218/4218/4218
f 4219/4219/4219 4220/4220/4220 4221/4221/4221
f 4222/4222/4222 4223/4223/4223 4224/4224/4224
f 4225/4225/4225 4226/4226/4226 4227/4227/4227
f 4228/4228/4228 4229/4229/4229 4230/4230/4230
f 4231/4231/4231 4232/4232/4232 4233/4233/4233
f 4234/4234/4234 4235/4235/4235 4236/4236/4236
f 4237/4237/4237 4238/4238/4238 4239/4239/4239
f 4240/4240/4240 4241/4241/4241 4242/4242/4242
f 4243/4243/4243 4244/4244/4244 4245/4245/4245
f 4246/4246/4246 4247/4247/4247 4248/4248/4248
f 4249/4249/4249 4250/4250/4250 4251/4251/4251
f 4252/4252/4252 4253/4253/4253 4254/4254/4254
f 4255/4255/4255 4256/4256/4256 4257/4257/4257
f 4258/4258/4258 4259/4259/4259 4260/4260/4260
f 4261/4261/4261 4262/4262/4262 4263/4263/4263
f 4264/4264/4264 4265/4265/4265 4266/4266/4266
f 4267/4267/4267 4268/4268/4268 4269/4269/4269
f 4270/4270/4270 4271/4271/4271 4272/4272/4272
f 4273/4273/4273 4274/4274/4274 4275/4275/4275
f 4276/4276/4276 4277/4277/4277 4278/4278/4278
f 4279/4279/4279 4280/4280/4280 4281/4281/4281
f 4282/4282/4282 4283/4283/4283 4284/4284/4284
f 4285/4285/4285 4286/4286/4286 4287/4287/4287
f 4288/4288/4288 4289/4289/4289 4290/4290/4290
f 4291/4291/4291 4292/4292/4292 4293/4293/4293
f 4294/4294/4294 4295/4295/4295 4296/4296/4296
f 4297/4297/4297 4298/4298/4298 4299/4299/4299
f 4300/4300/4300 4301/4301/4301 4302/4302/4302
f 4303/4303/4303 4304/4304/4304 4305/4305/4305
f 4306/4306/4306 4307/4307/4307 4308/4308/4308
f 4309/4309/4309 4310/4310/4310 4311/4311/4311
f 4312/4312/4312 4313/4313/4313 4314/4314/4314
f 4315/4315/4315 4316/4316/4316 4317/4317/4317
f 4318/4318/4318 4319/4319/4319 4320/4320/4320
f 4321/4321/4321 4322/4322/4322 4323/4323/4323
f 4324/4324/4324 4325/4325/4325 4326/4326/4326
f 4327/4327/4327 4328/4328/4328 4329/4329/4329
f 4330/4330/4330 4331/4331/4331 4332/4332/4332
f 4333/4333/4333 4334/4334/4334 4335/4335/4335
f 4336/4336/4336 4337/4337/4337 4338/4338/4338
f 4339/4339/4339 4340/4340/4340 4341/4341/4341
f 4342/4342/4342 4343/4343/4343 4344/4344/4344
f 4345/4345/4345 4346/4346/4346 4347/4347/4347
f 4348/4348/4348 4349/4349/4349 4350/4350/4350
f 4351/4351/4351 4352/4352/4352 4353/4353/4353
f 4354/4354/4354 4355/4355/4355 4356/4356/4356
f 4357/4357/4357 4358/4358/4358 4359/4359/4359
f 4360/4360/4360 4361/4361/4361 4362/4362/4362
f 4363/4363/4363 4364/4364/4364 4365/4365/4365
f 4366/4366/4366 4367/4367/4367 4368/4368/4368
f 4369/4369/4369 4370/4370/4370 4371/4371/4371
f 4372/4372/4372 4373/4373/4373 4374/4374/4374
f 4375/4375/4375 4376/4376/4376 4377/4377/4377
f 4378/4378/4378 4379/4379/4379 4380/4380/4380
f 4381/4381/4381 4382/4382/4382 4383/4383/4383
f 4384/4384/4384 4385/4385/4385 4386/4386/4386
f 4387/4387/4387 4388/4388/4388 4389/4389/4389
f 4390/4390/4390 4391/4391/4391 4392/4392/4392
f 4393/4393/4393 4394/4394/4394 4395/4395/4395
f 4396/4396/4396 4397/4397/4397 4398/4398/4398
f 4399/4399/4399 4400/4400/4400 4401/4401/4401
f 4402/4402/4402 4403/4403/4403 4404/4404/4404
f 4405/4405/4405 4406/4406/4406 4407/4407/4407
f 4408/4408/4408 4409/4409/4409 4410/4410/4410
f 4411/4411/4411 4412/4412/4412 4413/4413/4413
f 4414/4414/4414 4415/4415/4415 4416/4416/4416
f 4417/4417/4417 4418/4418/4418 4419/4419/4419
f 4420/4420/4420 4421/4421/4421 4422/4422/4422
f 4423/4423/4423 4424/4424/4424 4425/4425/4425
f 4426/4426/4426 4427/4427/4427 4428/4428/4428
f 4429/4429/4429 4430/4430/4430 4431/4431/4431
f 4432/4432/4432 4433/4433/4433 4434/4434/4434
f 4435/4435/4435 4436/4436/4436 4437/4437/4437
f 4438/4438/4438 4439/4439/4439 4440/4440/4440
f 4441/4441/4441 4442/4442/4442 4443/4443/4443
f 4444/4444/4444 4445/4445/4445 4446/4446/4446
f 4447/4447/4447 4448/4448/4448 4449/4449/4449
f 4450/4450/4450 4451/4451/4451 4452/4452/4452
f 4453/4453/4453 4454/4454/4454 4455/4455/4455
f 4456/4456/4456 4457/4457/4457 4458/4458/4458
f 4459/4459/4459 4460/4460/4460 4461/4461/4461
f 4462/4462/4462 4463/4463/4463 4464/4464/4464
f 4465/4465/4465 4466/4466/4466 4467/4467/4467
f 4468/4468/4468 4469/4469/4469 4470/4470/4470
f 4471/4471/4471 4472/4472/4472 4473/4473/4473
f 4474/4474/4474 4475/4475/4475 4476/4476/4476
f 4477/4477/4477 4478/4478/4478 4479/4479/4479
f 4480/4480/4480 4481/4481/4481 4482/4482/4482
f 4483/4483/4483 4484/4484/4484 4485/4485/4485
f 4486/4486/4486 4487/4487/4487 4488/4488/4488
f 4489/4489/4489 4490/4490/4490 4491/4491/4491
f 4492/4492/4492 4493/4493/4493 4494/4494/4494
f 4495/4495/4495 4496/4496/4496 4497/4497/4497
f 4498/4498/4498 4499/4499/4499 4500/4500/4500
f 4501/4501/4501 4502/4502/4502 4503/4503/4503
f 4504/4504/4504 4505/4505/4505 4506/4506/4506
f 4507/4507/4507 4508/4508/4508 4509/4509/4509
f 4510/4510/4510 4511/4511/4511 4512/4512/4512
f 4513/4513/4513 4514/4514/4514 4515/4515/4515
f 4516/4516/4516 4517/4517/4517 4518/4518/4518
f 4519/4519/4519 4520/4520/4520 4521/4521/4521
f 4522/4522/4522 4523/4523/4523 4524/4524/4524
f 4525/4525/4525 4526/4526/4526 4527/4527/4527
f 4528/4528/4528 4529/4529/4529 4530/4530/4530
f 4531/4531/4531 4532/4532/4532 4533/4533/4533
f 4534/4534/4534 4535/4535/4535 4536/4536/4536
f 4537/4537/4537 4538/4538/4538 4539/4539/4539
f 4540/4540/4540 4541/4541/4541 4542/4542/4542
f 4543/4543/4543 4544/4544/4544 4545/4545/4545
f 4546/4546/4546 4547/4547/4547 4548/4548/4548
f 4549/4549/4549 4550/4550/4550 4551/4551/4551
f 4552/4552/4552 4553/4553/4553 4554/4554/4554
f 4555/4555/4555 4556/4556/4556 4557/4557/4557
f 4558/4558/4558 4559/4559/4559 4560/4560/4560
f 4561/4561/4561 4562/4562/4562 4563/4563/4563
f 4564/4564/4564 4565/4565/4565 4566/4566/4566
f 4567/4567/4567 4568/4568/4568 4569/4569/4569
f 4570/4570/4570 4571/4571/4571 4572/4572/4572
f 4573/4573/4573 4574/4574/4574 4575/4575/4575
f 4576/4576/4576 4577/4577/4577 4578/4578/4578
f 4579/4579/4579 4580/4580/4580 4581/4581/4581
f 4582/4582/4582 4583/4583/4583 4584/4584/4584
f 4585/4585/4585 4586/4586/4586 4587/4587/4587
f 4588/4588/4588 4589/4589/4589 4590/4590/4590
f 4591/4591/4591 4592/4592/4592 4593/4593/4593
f 4594/4594/4594 4595/4595/4595 4596/4596/4596
f 4597/4597/4597 4598/4598/4598 4599/4599/4599
f 4600/4600/4600 4601/4601/4601 4602/4602/4602
f 4603/4603/4603 4604/4604/4604 4605/4605/4605
f 4606/4606/4606 4607/4607/4607 4608/4608/4608
f 4609/4609/4609 4610/4610/4610 4611/4611/4611
f 4612/4612/4612 4613/4613/4613 4614/4614/4614
f 4615/4615/4615 4616/4616/4616 4617/4617/4617
f 4618/4618/4618 4619/4619/4619 4620/4620/4620
f 4621/4621/4621 4622/4622/4622 4623/4623/4623
f 4624/4624/4624 4625/4625/4625 4626/4626/4626
f 4627/4627/4627 4628/4628/4628 4629/4629/4629
f 4630/4630/4630 4631/4631/4631 4632/4632/4632
f 4633/4633/4633 4634/4634/4634 4635/4635/4635
f 4636/4636/4636 4637/4637/4637 4638/4638/4638
f 4639/4639/4639 4640/4640/4640 4641/4641/4641
f 4642/4642/4642 4643/4643/4643 4644/4644/4644
f 4645/4645/4645 4646/4646/4646 4647/4647/4647
f 4648/4648/4648 4649/4649/4649 4650/4650/4650
f 4651/4651/4651 4652/4652/4652 4653/4653/4653
f 4654/4654/4654 4655/4655/4655 4656/4656/4656
f 4657/4657/4657 4658/4658/4658 4659/4659/4659
f 4660/4660/4660 4661/4661/4661 4662/4662/4662
f 4663/4663/4663 4664/4664/4664 4665/4665/4665
f 4666/4666/4666 4667/4667/4667 4668/4668/4668
f 4669/4669/4669 4670/4670/4670 4671/4671/4671
f 4672/4672/4672 4673/4673/4673 4674/4674/4674
f 4675/4675/4675 4676/4676/4676 4677/4677/4677
f 4678/4678/4678 4679/4679/4679 4680/4680/4680
f 4681/4681/4681 4682/4682/4682 4683/4683/4683
f 4684/4684/4684 4685/4685/4685 4686/4686/4686
f 4687/4687/4687 4688/4688/4688 4689/4689/4689
f 4690/4690/4690 4691/4691/4691 4692/4692/4692
f 4693/4693/4693 4694/4694/4694 4695/4695/4695
f 4696/4696/4696 4697/4697/4697 4698/4698/4698
f 4699/4699/4699 4700/4700/4700 4701/4701/4701
f 4702/4702/4702 4703/4703/4703 4704/4704/4704
f 4705/4705/4705 4706/4706/4706 4707/4707/4707
f 4708/4708/4708 4709/4709/4709 4710/4710/4710
f 4711/4711/4711 4712/4712/4712 4713/4713/4713
f 4714/4714/4714 4715/4715/4715 4716/4716/4716
f 4717/4717/4717 4718/4718/4718 4719/4719/4719
f 4720/4720/4720 4721/4721/4721 4722/4722/4722
f 4723/4723/4723 4724/4724/4724 4725/4725/4725
f 4726/4726/4726 4727/4727/4727 4728/4728/4728
f 4729/4729/4729 4730/4730/4730 4731/4731/4731
f 4732/4732/4732 4733/4733/4733 4734/4734/4734
f 4735/4735/4735 4736/4736/4736 4737/4737/4737
f 4738/4738/4738 4739/4739/4739 4740/4740/4740
f 4741/4741/4741 4742/4742/4742 4743/4743/4743
f 4744/4744/4744 4745/4745/4745 4746/4746/4746
f 4747/4747/4747 4748/4748/4748 4749/4749/4749
f 4750/4750/4750 4751/4751/4751 4752/4752/4752
f 4753/4753/4753 4754/4754/4754 4755/4755/4755
f 4756/4756/4756 4757/4757/4757 4758/4758/4758
f 4759/4759/4759 4760/4760/4760 4761/4761/4761
f 4762/4762/4762 4763/4763/4763 4764/4764/4764
f 4765/4765/4765 4766/4766/4766 4767/4767/4767
f 4768/4768/4768 4769/4769/4769 4770/4770/4770
f 4771/4771/4771 4772/4772/4772 4773/4773/4773
f 4774/4774/4774 4775/4775/4775 4776/4776/4776
f 4777/4777/4777 4778/4778/4778 4779/4779/4779
f 4780/4780/4780 4781/4781/4781 4782/4782/4782
f 4783/4783/4783 4784/4784/4784 4785/4785/4785
f 4786/4786/4786 4787/4787/4787 4788/4788/4788
f 4789/4789/4789 4790/4790/4790 4791/4791/4791
f 4792/4792/4792 4793/4793/4793 4794/4794/4794
f 4795/4795/4795 4796/4796/4796 4797/4797/4797
f 4798/4798/4798 4799/4799/4799 4800/4800/4800
f 4801/4801/4801 4802/4802/4802 4803/4803/4803
f 4804/4804/4804 4805/4805/4805 4806/4806/4806
f 4807/4807/4807 4808/4808/4808 4809/4809/4809
f 4810/4810/4810 4811/4811/4811 4812/4812/4812
f 4813/4813/4813 4814/4814/4814 4815/4815/4815
f 4816/4816/4816 4817/4817/4817 4818/4818/4818
f 4819/4819/4819 4820/4820/4820 4821/4821/4821
f 4822/4822/4822 4823/4823/4823 4824/4824/4824
f 4825/4825/4825 4826/4826/4826 4827/4827/4827
f 4828/4828/4828 4829/4829/4829 4830/4830/4830
f 4831/4831/4831 4832/4832/4832 4833/4833/4833
f 4834/4834/4834 4835/4835/4835 4836/4836/4836
f 4837/4837/4837 4838/4838/4838 4839/4839/4839
f 4840/4840/4840 4841/4841/4841 4842/4842/4842
f 4843/4843/4843 4844/4844/4844 4845/4845/4845
f 4846/4846/4846 4847/4847/4847 4848/4848/4848
f 4849/4849/4849 4850/4850/4850 4851/4851/4851
f 4852/4852/4852 4853/4853/4853 4854/4854/4854
f 4855/4855/4855 4856/4856/4856 4857/4857/4857
f 4858/4858/4858 4859/4859/4859 4860/4860/4860
f 4861/4861/4861 4862/4862/4862 4863/4863/4863
f 4864/4864/4864 4865/4865/4865 4866/4866/4866
f 4867/4867/4867 4868/4868/4868 4869/4869/4869
f 4870/4870/4870 4871/4871/4871 4872/4872/4872
f 4873/4873/4873 4874/4874/4874 4875/4875/4875
f 4876/4876/4876 4877/4877/4877 4878/4878/4878
f 4879/4879/4879 4880/4880/4880 4881/4881/4881
f 4882/4882/4882 4883/4883/4883 4884/4884/4884
f 4885/4885/4885 4886/4886/4886 4887/4887/4887
f 4888/4888/4888 4889/4889/4889 4890/4890/4890
f 4891/4891/4891 4892/4892/4892 4893/4893/4893
f 4894/4894/4894 4895/4895/4895 4896/4896/4896
f 4897/4897/4897 4898/4898/4898 4899/4899/4899
f 4900/4900/4900 4901/4901/4901 4902/4902/4902
f 4903/4903/4903 4904/4904/4904 4905/4905/4905
f 4906/4906/4906 4907/4907/4907 4908/4908/4908
f 4909/4909/4909 4910/4910/4910 4911/4911/4911
f 4912/4912/4912 4913/4913/4913 4914/4914/4914
f 4915/4915/4915 4916/4916/4916 4917/4917/4917
f 4918/4918/4918 4919/4919/4919 4920/4920/4920
f 4921/4921/4921 4922/4922/4922 4923/4923/4923
f 4924/4924/4924 4925/4925/4925 4926/4926/4926
f 4927/4927/4927 4928/4928/4928 4929/4929/4929
f 4930/4930/4930 4931/4931/4931 4932/4932/4932
f 4933/4933/4933 4934/4934/4934 4935/4935/4935
f 4936/4936/4936 4937/4937/4937 4938/4938/4938
f 4939/4939/4939 4940/4940/4940 4941/4941/4941
f 4942/4942/4942 4943/4943/4943 4944/4944/4944
f 4945/4945/4945 4946/4946/4946 4947/4947/4947
f 4948/4948/4948 4949/4949/4949 4950/4950/4950
f 4951/4951/4951 4952/4952/4952 4953/4953/4953
f 4954/4954/4954 4955/4955/4955 4956/4956/4956
f 4957/4957/4957 4958/4958/4958 4959/4959/4959
f 4960/4960/4960 4961/4961/4961 4962/4962/4962
f 4963/4963/4963 4964/4964/4964 4965/4965/4965
f 4966/4966/4966 4967/4967/4967 4968/4968/4968
f 4969/4969/4969 4970/4970/4970 4971/4971/4971
f 4972/4972/4972 4973/4973/4973 4974/4974/4974
f 4975/4975/4975 4976/4976/4976 4977/4977/4977
f 4978/4978/4978 4979/4979/4979 4980/4980/4980
f 4981/4981/4981 4982/4982/4982 4983/4983/4983
f 4984/4984/4984 4985/4985/4985 4986/4986/4986
f 4987/4987/4987 4988/4988/4988 4989/4989/4989
f 4990/4990/4990 4991/4991/4991 4992/4992/4992
f 4993/4993/4993 4994/4994/4994 4995/4995/4995
f 4996/4996/4996 4997/4997/4997 4998/4998/4998
f 4999/4999/4999 5000/5000/5000 5001/5001/5001
f 5002/5002/5002 5003/5003/5003 5004/5004/5004
f 5005/5005/5005 5006/5006/5006 5007/5007/5007
f 5008/5008/5008 5009/5009/5009 5010/5010/5010
f 5011/5011/5011 5012/5012/5012 5013/5013/5013
f 5014/5014/5014 5015/5015/5015 5016/5016/5016
f 5017/5017/5017 5018/5018/5018 5019/5019/5019
f 5020/5020/5020 5021/5021/5021 5022/5022/5022
f 5023/5023/5023 5024/5024/5024 5025/5025/5025
f 5026/5026/5026 5027/5027/5027 5028/5028/5028
f 5029/5029/5029 5030/5030/5030 5031/5031/5031
f 5032/5032/5032 5033/5033/5033 5034/5034/5034
f 5035/5035/5035 5036/5036/5036 5037/5037/5037
f 5038/5038/5038 5039/5039/5039 5040/5040/5040
f 5041/5041/5041 5042/5042/5042 5043/5043/5043
f 5044/5044/5044 5045/5045/5045 5046/5046/5046
f 5047/5047/5047 5048/5048/5048 5049/5049/5049
f 5050/5050/5050 5051/5051/5051 5052/5052/5052
f 5053/5053/5053 5054/5054/5054 5055/5055/5055
f 5056/5056/5056 5057/5057/5057 5058/5058/5058
f 5059/5059/5059 5060/5060/5060 5061/5061/5061
f 5062/5062/5062 5063/5063/5063 5064/5064/5064
f 5065/5065/5065 5066/5066/5066 5067/5067/5067
f 5068/5068/5068 5069/5069/5069 5070/5070/5070
f 5071/5071/5071 5072/5072/5072 5073/5073/5073
f 5074/5074/5074 5075/5075/5075 5076/5076/5076
f 5077/5077/5077 5078/5078/5078 5079/5079/5079
f 5080/5080/5080 5081/5081/5081 5082/5082/5082
f 5083/5083/5083 5084/5084/5084 5085/5085/5085
f 5086/5086/5086 5087/5087/5087 5088/5088/5088
f 5089/5089/5089 5090/5090/5090 5091/5091/5091
f 5092/5092/5092 5093/5093/5093 5094/5094/5094
f 5095/5095/5095 5096/5096/5096 5097/5097/5097
f 5098/5098/5098 5099/5099/5099 5100/5100/5100
f 5101/5101/5101 5102/5102/5102 5103/5103/5103
f 5104/5104/5104 5105/5105/5105 5106/5106/5106
f 5107/5107/5107 5108/5108/5108 5109/5109/5109
f 5110/5110/5110 5111/5111/5111 5112/5112/5112
f 5113/5113/5113 5114/5114/5114 5115/5115/5115
f 5116/5116/5116 5117/5117/5117 5118/5118/5118
f 5119/5119/5119 5120/5120/5120 5121/5121/5121
f 5122/5122/5122 5123/5123/5123 5124/5124/5124
f 5125/5125/5125 5126/5126/5126 5127/5127/5127
f 5128/5128/5128 5129/5129/5129 5130/5130/5130
f 5131/5131/5131 5132/5132/5132 5133/5133/5133
f 5134/5134/5134 5135/5135/5135 5136/5136/5136
f 5137/5137/5137 5138/5138/5138 5139/5139/5139
f 5140/5140/5140 5141/5141/5141 5142/5142/5142
f 5143/5143/5143 5144/5144/5144 5145/5145/5145
f 5146/5146/5146 5147/5147/5147 5148/5148/5148
f 5149/5149/5149 5150/5150/5150 5151/5151/5151
f 5152/5152/5152 5153/5153/5153 5154/5154/5154
f 5155/5155/5155 5156/5156/5156 5157/5157/5157
f 5158/5158/5158 5159/5159/5159 5160/5160/5160
f 5161/5161/5161 5162/5162/5162 5163/5163/5163
f 5164/5164/5164 5165/5165/5165 5166/5166/5166
f 5167/5167/5167 5168/5168/5168 5169/5169/5169
f 5170/5170/5170 5171/5171/5171 5172/5172/5172
f 5173/5173/5173 5174/5174/5174 5175/5175/5175
f 5176/5176/5176 5177/5177/5177 5178/5178/5178
f 5179/5179/5179 5180/5180/5180 5181/5181/5181
f 5182/5182/5182 5183/5183/5183 5184/5184/5184
f 5185/5185/5185 5186/5186/5186 5187/5187/5187
f 5188/5188/5188 5189/5189/5189 5190/5190/5190
f 5191/5191/5191 5192/5192/5192 5193/5193/5193
f 5194/5194/5194 5195/5195/5195 5196/5196/5196
f 5197/5197/5197 5198/5198/5198 5199/5199/5199
f 5200/5200/5200 5201/5201/5201 5202/5202/5202
f 5203/5203/5203 5204/5204/5204 5205/5205/5205
f 5206/5206/5206 5207/5207/5207 5208/5208/5208
f 5209/5209/5209 5210/5210/5210 5211/5211/5211
f 5212/5212/5212 5213/5213/5213 5214/5214/5214
f 5215/5215/5215 5216/5216/5216 5217/5217/5217
f 5218/5218/5218 5219/5219/5219 5220/5220/5220
f 5221/5221/5221 5222/5222/5222 5223/5223/5223
f 5224/5224/5224 5225/5225/5225 5226/5226/5226
f 5227/5227/5227 5228/5228/5228 5229/5229/5229
f 5230/5230/5230 5231/5231/5231 5232/5232/5232
f 5233/5233/5233 5234/5234/5234 5235/5235/5235
f 5236/5236/5236 5237/5237/5237 5238/5238/5238
f 5239/5239/5239 5240/5240/5240 5241/5241/5241
f 5242/5242/5242 5243/5243/5243 5244/5244/5244
f 5245/5245/5245 5246/5246/5246 5247/5247/5247
f 5248/5248/5248 5249/5249/5249 5250/5250/5250
f 5251/5251/5251 5252/5252/5252 5253/5253/5253
f 5254/5254/5254 5255/5255/5255 5256/5256/5256
f 5257/5257/5257 5258/5258/5258 5259/5259/5259
f 5260/5260/5260 5261/5261/5261 5262/5262/5262
f 5263/5263/5263 5264/5264/5264 5265/5265/5265
f 5266/5266/5266 5267/5267/5267 5268/5268/5268
f 5269/5269/5269 5270/5270/5270 5271/5271/5271
f 5272/5272/5272 5273/5273/5273 5274/5274/5274
f 5275/5275/5275 5276/5276/5276 5277/5277/5277
f 5278/5278/5278 5279/5279/5279 5280/5280/5280
f 5281/5281/5281 5282/5282/5282 5283/5283/5283
f 5284/5284/5284 5285/5285/5285 5286/5286/5286
f 5287/5287/5287 5288/5288/5288 5289/5289/5289
f 5290/5290/5290 5291/5291/5291 5292/5292/5292
f 5293/5293/5293 5294/5294/5294 5295/5295/5295
f 5296/5296/5296 5297/5297/5297 5298/5298/5298
f 5299/5299/5299 5300/5300/5300 5301/5301/5301
f 5302/5302/5302 5303/5303/5303 5304/5304/5304
f 5305/5305/5305 5306/5306/5306 5307/5307/5307
f 5308/5308/5308 5309/5309/5309 5310/5310/5310
f 5311/5311/5311 5312/5312/5312 5313/5313/5313
f 5314/5314/5314 5315/5315/5315 5316/5316/5316
f 5317/5317/5317 5318/5318/5318 5319/5319/5319
f 5320/5320/5320 5321/5321/5321 5322/5322/5322
f 5323/5323/5323 5324/5324/5324 5325/5325/5325
f 5326/5326/5326 5327/5327/5327 5328/5328/5328
f 5329/5329/5329 5330/5330/5330 5331/5331/5331
f 5332/5332/5332 5333/5333/5333 5334/5334/5334
f 5335/5335/5335 5336/5336/5336 5337/5337/5337
f 5338/5338/5338 5339/5339/5339 5340/5340/5340
f 5341/5341/5341 5342/5342/5342 5343/5343/5343
f 5344/5344/5344 5345/5345/5345 5346/5346/5346
f 5347/5347/5347 5348/5348/5348 5349/5349/5349
f 5350/5350/5350 5351/5351/5351 5352/5352/5352
f 5353/5353/5353 5354/5354/5354 5355/5355/5355
f 5356/5356/5356 5357/5357/5357 5358/5358/5358
f 5359/5359/5359 5360/5360/5360 5361/5361/5361
f 5362/5362/5362 5363/5363/5363 5364/5364/5364
f 5365/5365/5365 5366/5366/5366 5367/5367/5367
f 5368/5368/5368 5369/5369/5369 5370/5370/5370
f 5371/5371/5371 5372/5372/5372 5373/5373/5373
f 5374/5374/5374 5375/5375/5375 5376/5376/5376
f 5377/5377/5377 5378/5378/5378 5379/5379/5379
f 5380/5380/5380 5381/5381/5381 5382/5382/5382
f 5383/5383/5383 5384/5384/5384 5385/5385/5385
f 5386/5386/5386 5387/5387/5387 5388/5388/5388
f 5389/5389/5389 5390/5390/5390 5391/5391/5391
f 5392/5392/5392 5393/5393/5393 5394/5394/5394
f 5395/5395/5395 5396/5396/5396 5397/5397/5397
f 5398/5398/5398 5399/5399/5399 5400/5400/5400
f 5401/5401/5401 5402/5402/5402 5403/5403/5403
f 5404/5404/5404 5405/5405/5405 5406/5406/5406
f 5407/5407/5407 5408/5408/5408 5409/5409/5409
f 5410/5410/5410 5411/5411/5411 5412/5412/5412
f 5413/5413/5413 5414/5414/5414 5415/5415/5415
f 5416/5416/5416 5417/5417/5417 5418/5418/5418
f 5419/5419/5419 5420/5420/5420 5421/5421/5421
f 5422/5422/5422 5423/5423/5423 5424/5424/5424
f 5425/5425/5425 5426/5426/5426 5427/5427/5427
f 5428/5428/5428 5429/5429/5429 5430/5430/5430
f 5431/5431/5431 5432/5432/5432 5433/5433/5433
f 5434/5434/5434 5435/5435/5435 5436/5436/5436
f 5437/5437/5437 5438/5438/5438 5439/5439/5439
f 5440/5440/5440 5441/5441/5441 5442/5442/5442
f 5443/5443/5443 5444/5444/5444 5445/5445/5445
f 5446/5446/5446 5447/5447/5447 5448/5448/5448
f 5449/5449/5449 5450/5450/5450 5451/5451/5451
f 5452/5452/5452 5453/5453/5453 5454/5454/5454
f 5455/5455/5455 5456/5456/5456 5457/5457/5457
f 5458/5458/5458 5459/5459/5459 5460/5460/5460
f 5461/5461/5461 5462/5462/5462 5463/5463/5463
f 5464/5464/5464 5465/5465/5465 5466/5466/5466
f 5467/5467/5467 5468/5468/5468 5469/5469/5469
f 5470/5470/5470 5471/5471/5471 5472/5472/5472
f 5473/5473/5473 5474/5474/5474 5475/5475/5475
f 5476/5476/5476 5477/5477/5477 5478/5478/5478
f 5479/5479/5479 5480/5480/5480 5481/5481/5481
f 5482/5482/5482 5483/5483/5483 5484/5484/5484
f 5485/5485/5485 5486/5486/5486 5487/5487/5487
f 5488/5488/5488 5489/5489/5489 5490/5490/5490
f 5491/5491/5491 5492/5492/5492 5493/5493/5493
f 5494/5494/5494 5495/5495/5495 5496/5496/5496
f 5497/5497/5497 5498/5498/5498 5499/5499/5499
f 5500/5500/5500 5501/5501/5501 5502/5502/5502
f 5503/5503/5503 5504/5504/5504 5505/5505/5505
f 5506/5506/5506 5507/5507/5507 5508/5508/5508
f 5509/5509/5509 5510/5510/5510 5511/5511/5511
f 5512/5512/5512 5513/5513/5513 5514/5514/5514
f 5515/5515/5515 5516/5516/5516 5517/5517/5517
f 5518/5518/5518 5519/5519/5519 5520/5520/5520
f 5521/5521/5521 5522/5522/5522 5523/5523/5523
f 5524/5524/5524 5525/5525/5525 5526/5526/5526
f 5527/5527/5527 5528/5528/5528 5529/5529/5529
f 5530/5530/5530 5531/5531/5531 5532/5532/5532
f 5533/5533/5533 5534/5534/5534 5535/5535/5535
f 5536/5536/5536 5537/5537/5537 5538/5538/5538
f 5539/5539/5539 5540/5540/5540 5541/5541/5541
f 5542/5542/5542 5543/5543/5543 5544/5544/5544
f 5545/5545/5545 5546/5546/5546 5547/5547/5547
f 5548/5548/5548 5549/5549/5549 5550/5550/5550
f 5551/5551/5551 5552/5552/5552 5553/5553/5553
f 5554/5554/5554 5555/5555/5555 5556/5556/5556
f 5557/5557/5557 5558/5558/5558 5559/5559/5559
f 5560/5560/5560 5561/5561/5561 5562/5562/5562
f 5563/5563/5563 5564/5564/5564 5565/5565/5565
f 5566/5566/5566 5567/5567/5567 5568/5568/5568
f 5569/5569/5569 5570/5570/5570 5571/5571/5571
f 5572/5572/5572 5573/5573/5573 5574/5574/5574
f 5575/5575/5575 5576/5576/5576 5577/5577/5577
f 5578/5578/5578 5579/5579/5579 5580/5580/5580
f 5581/5581/5581 5582/5582/5582 5583/5583/5583
f 5584/5584/5584 5585/5585/5585 5586/5586/5586
f 5587/5587/5587 5588/5588/5588 5589/5589/5589
f 5590/5590/5590 5591/5591/5591 5592/5592/5592
f 5593/5593/5593 5594/5594/5594 5595/5595/5595
f 5596/5596/5596 5597/5597/5597 5598/5598/5598
f 5599/5599/5599 5600/5600/5600 5601/5601/5601
f 5602/5602/5602 5603/5603/5603 5604/5604/5604
f 5605/5605/5605 5606/5606/5606 5607/5607/5607
f 5608/5608/5608 5609/5609/5609 5610/5610/5610
f 5611/5611/5611 5612/5612/5612 5613/5613/5613
f 5614/5614/5614 5615/5615/5615 5616/5616/5616
f 5617/5617/5617 5618/5618/5618 5619/5619/5619
f 5620/5620/5620 5621/5621/5621 5622/5622/5622
f 5623/5623/5623 5624/5624/5624 5625/5625/5625
f 5626/5626/5626 5627/5627/5627 5628/5628/5628
f 5629/5629/5629 5630/5630/5630 5631/5631/5631
f 5632/5632/5632 5633/5633/5633 5634/5634/5634
f 5635/5635/5635 5636/5636/5636 5637/5637/5637
f 5638/5638/5638 5639/5639/5639 5640/5640/5640
f 5641/5641/5641 5642/5642/5642 5643/5643/5643
f 5644/5644/5644 5645/5645/5645 5646/5646/5646
f 5647/5647/5647 5648/5648/5648 5649/5649/5649
f 5650/5650/5650 5651/5651/5651 5652/5652/5652
f 5653/5653/5653 5654/5654/5654 5655/5655/5655
f 5656/5656/5656 5657/5657/5657 5658/5658/5658
f 5659/5659/5659 5660/5660/5660 5661/5661/5661
f 5662/5662/5662 5663/5663/5663 5664/5664/5664
f 5665/5665/5665 5666/5666/5666 5667/5667/5667
f 5668/5668/5668 5669/5669/5669 5670/5670/5670
f 5671/5671/5671 5672/5672/5672 5673/5673/5673
f 5674/5674/5674 5675/5675/5675 5676/5676/5676
f 5677/5677/5677 5678/5678/5678 5679/5679/5679
f 5680/5680/5680 5681/5681/5681 5682/5682/5682
f 5683/5683/5683 5684/5684/5684 5685/5685/5685
f 5686/5686/5686 5687/5687/5687 5688/5688/5688
f 5689/5689/5689 5690/5690/5690 5691/5691/5691
f 5692/5692/5692 5693/5693/5693 5694/5694/5694
f 5695/5695/5695 5696/5696/5696 5697/5697/5697
f 5698/5698/5698 5699/5699/5699 5700/5700/5700
f 5701/5701/5701 5702/5702/5702 5703/5703/5703
f 5704/5704/5704 5705/5705/5705 5706/5706/5706
f 5707/5707/5707 5708/5708/5708 5709/5709/5709
f 5710/5710/5710 5711/5711/5711 5712/5712/5712
f 5713/5713/5713 5714/5714/5714 5715/5715/5715
f 5716/5716/5716 5717/5717/5717 5718/5718/5718
f 5719/5719/5719 5720/5720/5720 5721/5721/5721
f 5722/5722/5722 5723/5723/5723 5724/5724/5724
f 5725/5725/5725 5726/5726/5726 5727/5727/5727
f 5728/5728/5728 5729/5729/5729 5730/5730/5730
f 5731/5731/5731 5732/5732/5732 5733/5733/5733
f 5734/5734/5734 5735/5735/5735 5736/5736/5736
f 5737/5737/5737 5738/5738/5738 5739/5739/5739
f 5740/5740/5740 5741/5741/5741 5742/5742/5742
f 5743/5743/5743 5744/5744/5744 5745/5745/5745
f 5746/5746/5746 5747/5747/5747 5748/5748/5748
f 5749/5749/5749 5750/5750/5750 5751/5751/5751
f 5752/5752/5752 5753/5753/5753 5754/5754/5754
f 5755/5755/5755 5756/5756/5756 5757/5757/5757
f 5758/5758/5758 5759/5759/5759 5760/5760/5760
f 5761/5761/5761 5762/5762/5762 5763/5763/5763
f 5764/5764/5764 5765/5765/5765 5766/5766/5766
f 5767/5767/5767 5768/5768/5768 5769/5769/5769
f 5770/5770/5770 5771/5771/5771 5772/5772/5772
f 5773/5773/5773 5774/5774/5774 5775/5775/5775
f 5776/5776/5776 5777/5777/5777 5778/5778/5778
f 5779/5779/5779 5780/5780/5780 5781/5781/5781
f 5782/5782/5782 5783/5783/5783 5784/5784/5784
f 5785/5785/5785 5786/5786/5786 5787/5787/5787
f 5788/5788/5788 5789/5789/5789 5790/5790/5790
f 5791/5791/5791 5792/5792/5792 5793/5793/5793
f 5794/5794/5794 5795/5795/5795 5796/5796/5796
f 5797/5797/5797 5798/5798/5798 5799/5799/5799
f 5800/5800/5800 5801/5801/5801 5802/5802/5802
f 5803/5803/5803 5804/5804/5804 5805/5805/5805
f 5806/5806/5806 5807/5807/5807 5808/5808/5808
f 5809/5809/5809 5810/5810/5810 5811/5811/5811
f 5812/5812/5812 5813/5813/5813 5814/5814/5814
f 5815/5815/5815 5816/5816/5816 5817/5817/5817
f 5818/5818/5818 5819/5819/5819 5820/5820/5820
f 5821/5821/5821 5822/5822/5822 5823/5823/5823
f 5824/5824/5824 5825/5825/5825 5826/5826/5826
f 5827/5827/5827 5828/5828/5828 5829/5829/5829
f 5830/5830/5830 5831/5831/5831 5832/5832/5832
f 5833/5833/5833 5834/5834/5834 5835/5835/5835
f 5836/5836/5836 5837/5837/5837 5838/5838/5838
f 5839/5839/5839 5840/5840/5840 5841/5841/5841
f 5842/5842/5842 5843/5843/5843 5844/5844/5844
f 5845/5845/5845 5846/5846/5846 5847/5847/5847
f 5848/5848/5848 5849/5849/5849 5850/5850/5850
f 5851/5851/5851 5852/5852/5852 5853/5853/5853
f 5854/5854/5854 5855/5855/5855 5856/5856/5856
f 5857/5857/5857 5858/5858/5858 5859/5859/5859
f 5860/5860/5860 5861/5861/5861 5862/5862/5862
f 5863/5863/5863 5864/5864/5864 5865/5865/5865
f 5866/5866/5866 5867/5867/5867 5868/5868/5868
f 5869/5869/5869 5870/5870/5870 5871/5871/5871
f 5872/5872/5872 5873/5873/5873 5874/5874/5874
f 5875/5875/5875 5876/5876/5876 5877/5877/5877
f 5878/5878/5878 5879/5879/5879 5880/5880/5880
f 5881/5881/5881 5882/5882/5882 5883/5883/5883
f 5884/5884/5884 5885/5885/5885 5886/5886/5886
f 5887/5887/5887 5888/5888/5888 5889/5889/5889
f 5890/5890/5890 5891/5891/5891 5892/5892/5892
f 5893/5893/5893 5894/5894/5894 5895/5895/5895
f 5896/5896/5896 5897/5897/5897 5898/5898/5898
f 5899/5899/5899 5900/5900/5900 5901/5901/5901
f 5902/5902/5902 5903/5903/5903 5904/5904/5904
f 5905/5905/5905 5906/5906/5906 5907/5907/5907
f 5908/5908/5908 5909/5909/5909 5910/5910/5910
f 5911/5911/5911 5912/5912/5912 5913/5913/5913
f 5914/5914/5914 5915/5915/5915 5916/5916/5916
f 5917/5917/5917 5918/5918/5918 5919/5919/5919
f 5920/5920/5920 5921/5921/5921 5922/5922/5922
f 5923/5923/5923 5924/5924/5924 5925/5925/5925
f 5926/5926/5926 5927/5927/5927 5928/5928/5928
f 5929/5929/5929 5930/5930/5930 5931/5931/5931
f 5932/5932/5932 5933/5933/5933 5934/5934/5934
f 5935/5935/5935 5936/5936/5936 5937/5937/5937
f 5938/5938/5938 5939/5939/5939 5940/5940/5940
f 5941/5941/5941 5942/5942/5942 5943/5943/5943
f 5944/5944/5944 5945/5945/5945 5946/5946/5946
f 5947/5947/5947 5948/5948/5948 5949/5949/5949
f 5950/5950/5950 5951/5951/5951 5952/5952/5952
f 5953/5953/5953 5954/5954/5954 5955/5955/5955
f 5956/5956/5956 5957/5957/5957 5958/5958/5958
f 5959/5959/5959 5960/5960/5960 5961/5961/5961
f 5962/5962/5962 5963/5963/5963 5964/5964/5964
f 5965/5965/5965 5966/5966/5966 5967/5967/5967
f 5968/5968/5968 5969/5969/5969 5970/5970/5970
f 5971/5971/5971 5972/5972/5972 5973/5973/5973
f 5974/5974/5974 5975/5975/5975 5976/5976/5976
f 5977/5977/5977 5978/5978/5978 5979/5979/5979
f 5980/5980/5980 5981/5981/5981 5982/5982/5982
f 5983/5983/5983 5984/5984/5984 5985/5985/5985
f 5986/5986/5986 5987/5987/5987 5988/5988/5988
f 5989/5989/5989 5990/5990/5990 5991/5991/5991
f 5992/5992/5992 5993/5993/5993 5994/5994/5994
f 5995/5995/5995 5996/5996/5996 5997/5997/5997
f 5998/5998/5998 5999/5999/5999 6000/6000/6000
f 6001/6001/6001 6002/6002/6002 6003/6003/6003
f 6004/6004/6004 6005/6005/6005 6006/6006/6006
f 6007/6007/6007 6008/6008/6008 6009/6009/6009
f 6010/6010/6010 6011/6011/6011 6012/6012/6012
f 6013/6013/6013 6014/6014/6014 6015/6015/6015
f 6016/6016/6016 6017/6017/6017 6018/6018/6018
f 6019/6019/6019 6020/6020/6020 6021/6021/6021
f 6022/6022/6022 6023/6023/6023 6024/6024/6024
f 6025/6025/6025 6026/6026/6026 6027/6027/6027
f 6028/6028/6028 6029/6029/6029 6030/6030/6030
f 6031/6031/6031 6032/6032/6032 6033/6033/6033
f 6034/6034/6034 6035/6035/6035 6036/6036/6036
f 6037/6037/6037 6038/6038/6038 6039/6039/6039
f 6040/6040/6040 6041/6041/6041 6042/6042/6042
f 6043/6043/6043 6044/6044/6044 6045/6045/6045
f 6046/6046/6046 6047/6047/6047 6048/6048/6048
f 6049/6049/6049 6050/6050/6050 6051/6051/6051
f 6052/6052/6052 6053/6053/6053 6054/6054/6054
f 6055/6055/6055 6056/6056/6056 6057/6057/6057
f 6058/6058/6058 6059/6059/6059 6060/6060/6060
f 6061/6061/6061 6062/6062/6062 6063/6063/6063
f 6064/6064/6064 6065/6065/6065 6066/6066/6066
f 6067/6067/6067 6068/6068/6068 6069/6069/6069
f 6070/6070/6070 6071/6071/6071 6072/6072/6072
f 6073/6073/6073 6074/6074/6074 6075/6075/6075
f 6076/6076/6076 6077/6077/6077 6078/6078/6078
f 6079/6079/6079 6080/6080/6080 6081/6081/6081
f 6082/6082/6082 6083/6083/6083 6084/6084/6084
f 6085/6085/6085 6086/6086/6086 6087/6087/6087
f 6088/6088/6088 6089/6089/6089 6090/6090/6090
f 6091/6091/6091 6092/6092/6092 6093/6093/6093
f 6094/6094/6094 6095/6095/6095 6096/6096/6096
f 6097/6097/6097 6098/6098/6098 6099/6099/6099
f 6100/6100/6100 6101/6101/6101 6102/6102/6102
f 6103/6103/6103 6104/6104/6104 6105/6105/6105
f 6106/6106/6106 6107/6107/6107 6108/6108/6108
f 6109/6109/6109 6110/6110/6110 6111/6111/6111
f 6112/6112/6112 6113/6113/6113 6114/6114/6114
f 6115/6115/6115 6116/6116/6116 6117/6117/6117
f 6118/6118/6118 6119/6119/6119 6120/6120/6120
f 6121/6121/6121 6122/6122/6122 6123/6123/6123
f 6124/6124/6124 6125/6125/6125 6126/6126/6126
f 6127/6127/6127 6128/6128/6128 6129/6129/6129
f 6130/6130/6130 6131/6131/6131 6132/6132/6132
f 6133/6133/6133 6134/6134/6134 6135/6135/6135
f 6136/6136/6136 6137/6137/6137 6138/6138/6138
f 6139/6139/6139 6140/6140/6140 6141/6141/6141
f 6142/6142/6142 6143/6143/6143 6144/6144/6144
f 6145/6145/6145 6146/6146/6146 6147/6147/6147
f 6148/6148/6148 6149/6149/6149 6150/6150/6150
f 6151/6151/6151 6152/6152/6152 6153/6153/6153
f 6154/6154/6154 6155/6155/6155 6156/6156/6156
f 6157/6157/6157 6158/6158/6158 6159/6159/6159
f 6160/6160/6160 6161/6161/6161 6162/6162/6162
f 6163/6163/6163 6164/6164/6164 6165/6165/6165
f 6166/6166/6166 6167/6167/6167 6168/6168/6168
f 6169/6169/6169 6170/6170/6170 6171/6171/6171
f 6172/6172/6172 6173/6173/6173 6174/6174/6174
f 6175/6175/6175 6176/6176/6176 6177/6177/6177
f 6178/6178/6178 6179/6179/6179 6180/6180/6180
f 6181/6181/6181 6182/6182/6182 6183/6183/6183
f 6184/6184/6184 6185/6185/6185 6186/6186/6186
f 6187/6187/6187 6188/6188/6188 6189/6189/6189
f 6190/6190/6190 6191/6191/6191 6192/6192/6192
f 6193/6193/6193 6194/6194/6194 6195/6195/6195
f 6196/6196/6196 6197/6197/6197 6198/6198/6198
f 6199/6199/6199 6200/6200/6200 6201/6201/6201
f 6202/6202/6202 6203/6203/6203 6204/6204/6204
f 6205/6205/6205 6206/6206/6206 6207/6207/6207
f 6208/6208/6208 6209/6209/6209 6210/6210/6210
f 6211/6211/6211 6212/6212/6212 6213/6213/6213
f 6214/6214/6214 6215/6215/6215 6216/6216/6216
f 6217/6217/6217 6218/6218/6218 6219/6219/6219
f 6220/6220/6220 6221/6221/6221 6222/6222/6222
f 6223/6223/6223 6224/6224/6224 6225/6225/6225
f 6226/6226/6226 6227/6227/6227 6228/6228/6228
f 6229/6229/6229 6230/6230/6230 6231/6231/6231
f 6232/6232/6232 6233/6233/6233 6234/6234/6234
f 6235/6235/6235 6236/6236/6236 6237/6237/6237
f 6238/6238/6238 6239/6239/6239 6240/6240/6240
f 6241/6241/6241 6242/6242/6242 6243/6243/6243
f 6244/6244/6244 6245/6245/6245 6246/6246/6246
f 6247/6247/6247 6248/6248/6248 6249/6249/6249
f 6250/6250/6250 6251/6251/6251 6252/6252/6252
f 6253/6253/6253 6254/6254/6254 6255/6255/6255
f 6256/6256/6256 6257/6257/6257 6258/6258/6258
f 6259/6259/6259 6260/6260/6260 6261/6261/6261
f 6262/6262/6262 6263/6263/6263 6264/6264/6264
f 6265/6265/6265 6266/6266/6266 6267/6267/6267
f 6268/6268/6268 6269/6269/6269 6270/6270/6270
f 6271/6271/6271 6272/6272/6272 6273/6273/6273
f 6274/6274/6274 6275/6275/6275 6276/6276/6276
f 6277/6277/6277 6278/6278/6278 6279/6279/6279
f 6280/6280/6280 6281/6281/6281 6282/6282/6282
f 6283/6283/6283 6284/6284/6284 6285/6285/6285
f 6286/6286/6286 6287/6287/6287 6288/6288/6288
f 6289/6289/6289 6290/6290/6290 6291/6291/6291
f 6292/6292/6292 6293/6293/6293 6294/6294/6294
f 6295/6295/6295 6296/6296/6296 6297/6297/6297
f 6298/6298/6298 6299/6299/6299 6300/6300/6300
f 6301/6301/6301 6302/6302/6302 6303/6303/6303
f 6304/6304/6304 6305/6305/6305 6306/6306/6306
f 6307/6307/6307 6308/6308/6308 6309/6309/6309
f 6310/6310/6310 6311/6311/6311 6312/6312/6312
f 6313/6313/6313 6314/6314/6314 6315/6315/6315
f 6316/6316/6316 6317/6317/6317 6318/6318/6318
f 6319/6319/6319 6320/6320/6320 6321/6321/6321
f 6322/6322/6322 6323/6323/6323 6324/6324/6324
f 6325/6325/6325 6326/6326/6326 6327/6327/6327
f 6328/6328/6328 6329/6329/6329 6330/6330/6330
f 6331/6331/6331 6332/6332/6332 6333/6333/6333
f 6334/6334/6334 6335/6335/6335 6336/6336/6336
f 6337/6337/6337 6338/6338/6338 6339/6339/6339
f 6340/6340/6340 6341/6341/6341 6342/6342/6342
f 6343/6343/6343 6344/6344/6344 6345/6345/6345
f 6346/6346/6346 6347/6347/6347 6348/6348/6348
f 6349/6349/6349 6350/6350/6350 6351/6351/6351
f 6352/6352/6352 6353/6353/6353 6354/6354/6354
f 6355/6355/6355 6356/6356/6356 6357/6357/6357
f 6358/6358/6358 6359/6359/6359 6360/6360/6360
f 6361/6361/6361 6362/6362/6362 6363/6363/6363
f 6364/6364/6364 6365/6365/6365 6366/6366/6366
f 6367/6367/6367 6368/6368/6368 6369/6369/6369
f 6370/6370/6370 6371/6371/6371 6372/6372/6372
f 6373/6373/6373 6374/6374/6374 6375/6375/6375
f 6376/6376/6376 6377/6377/6377 6378/6378/6378
f 6379/6379/6379 6380/6380/6380 6381/6381/6381
f 6382/6382/6382 6383/6383/6383 6384/6384/6384
f 6385/6385/6385 6386/6386/6386 6387/6387/6387
f 6388/6388/6388 6389/6389/6389 6390/6390/6390
f 6391/6391/6391 6392/6392/6392 6393/6393/6393
f 6394/6394/6394 6395/6395/6395 6396/6396/6396
f 6397/6397/6397 6398/6398/6398 6399/6399/6399
f 6400/6400/6400 6401/6401/6401 6402/6402/6402
f 6403/6403/6403 6404/6404/6404 6405/6405/6405
f 6406/6406/6406 6407/6407/6407 6408/6408/6408
f 6409/6409/6409 6410/6410/6410 6411/6411/6411
f 6412/6412/6412 6413/6413/6413 6414/6414/6414
f 6415/6415/6415 6416/6416/6416 6417/6417/6417
f 6418/6418/6418 6419/6419/6419 6420/6420/6420
f 6421/6421/6421 6422/6422/6422 6423/6423/6423
f 6424/6424/6424 6425/6425/6425 6426/6426/6426
f 6427/6427/6427 6428/6428/6428 6429/6429/6429
f 6430/6430/6430 6431/6431/6431 6432/6432/6432
f 6433/6433/6433 6434/6434/6434 6435/6435/6435
f 6436/6436/6436 6437/6437/6437 6438/6438/6438
f 6439/6439/6439 6440/6440/6440 6441/6441/6441
f 6442/6442/6442 6443/6443/6443 6444/6444/6444
f 6445/6445/6445 6446/6446/6446 6447/6447/6447
f 6448/6448/6448 6449/6449/6449 6450/6450/6450
f 6451/6451/6451 6452/6452/6452 6453/6453/6453
f 6454/6454/6454 6455/6455/6455 6456/6456/6456
f 6457/6457/6457 6458/6458/6458 6459/6459/6459
f 6460/6460/6460 6461/6461/6461 6462/6462/6462
f 6463/6463/6463 6464/6464/6464 6465/6465/6465
f 6466/6466/6466 6467/6467/6467 6468/6468/6468
f 6469/6469/6469 6470/6470/6470 6471/6471/6471
f 6472/6472/6472 6473/6473/6473 6474/6474/6474
f 6475/6475/6475 6476/6476/6476 6477/6477/6477
f 6478/6478/6478 6479/6479/6479 6480/6480/6480
f 6481/6481/6481 6482/6482/6482 6483/6483/6483
f 6484/6484/6484 6485/6485/6485 6486/6486/6486
f 6487/6487/6487 6488/6488/6488 6489/6489/6489
f 6490/6490/6490 6491/6491/6491 6492/6492/6492
f 6493/6493/6493 6494/6494/6494 6495/6495/6495
f 6496/6496/6496 6497/6497/6497 6498/6498/6498
f 6499/6499/6499 6500/6500/6500 6501/6501/6501
f 6502/6502/6502 6503/6503/6503 6504/6504/6504
f 6505/6505/6505 6506/6506/6506 6507/6507/6507
f 6508/6508/6508 6509/6509/6509 6510/6510/6510
f 6511/6511/6511 6512/6512/6512 6513/6513/6513
f 6514/6514/6514 6515/6515/6515 6516/6516/6516
f 6517/6517/6517 6518/6518/6518 6519/6519/6519
f 6520/6520/6520 6521/6521/6521 6522/6522/6522
f 6523/6523/6523 6524/6524/6524 6525/6525/6525
f 6526/6526/6526 6527/6527/6527 6528/6528/6528
f 6529/6529/6529 6530/6530/6530 6531/6531/6531
f 6532/6532/6532 6533/6533/6533 6534/6534/6534
f 6535/6535/6535 6536/6536/6536 6537/6537/6537
f 6538/6538/6538 6539/6539/6539 6540/6540/6540
f 6541/6541/6541 6542/6542/6542 6543/6543/6543
f 6544/6544/6544 6545/6545/6545 6546/6546/6546
f 6547/6547/6547 6548/6548/6548 6549/6549/6549
f 6550/6550/6550 6551/6551/6551 6552/6552/6552
f 6553/6553/6553 6554/6554/6554 6555/6555/6555
f 6556/6556/6556 6557/6557/6557 6558/6558/6558
f 6559/6559/6559 6560/6560/6560 6561/6561/6561
f 6562/6562/6562 6563/6563/6563 6564/6564/6564
f 6565/6565/6565 6566/6566/6566 6567/6567/6567
f 6568/6568/6568 6569/6569/6569 6570/6570/6570
f 6571/6571/6571 6572/6572/6572 6573/6573/6573
f 6574/6574/6574 6575/6575/6575 6576/6576/6576
f 6577/6577/6577 6578/6578/6578 6579/6579/6579
f 6580/6580/6580 6581/6581/6581 6582/6582/6582
f 6583/6583/6583 6584/6584/6584 6585/6585/6585
f 6586/6586/6586 6587/6587/6587 6588/6588/6588
f 6589/6589/6589 6590/6590/6590 6591/6591/6591
f 6592/6592/6592 6593/6593/6593 6594/6594/6594
f 6595/6595/6595 6596/6596/6596 6597/6597/6597
f 6598/6598/6598 6599/6599/6599 6600/6600/6600
f 6601/6601/6601 6602/6602/6602 6603/6603/6603
f 6604/6604/6604 6605/6605/6605 6606/6606/6606
f 6607/6607/6607 6608/6608/6608 6609/6609/6609
f 6610/6610/6610 6611/6611/6611 6612/6612/6612
f 6613/6613/6613 6614/6614/6614 6615/6615/6615
f 6616/6616/6616 6617/6617/6617 6618/6618/6618
f 6619/6619/6619 6620/6620/6620 6621/6621/6621
f 6622/6622/6622 6623/6623/6623 6624/6624/6624
f 6625/6625/6625 6626/6626/6626 6627/6627/6627
f 6628/6628/6628 6629/6629/6629 6630/6630/6630
f 6631/6631/6631 6632/6632/6632 6633/6633/6633
f 6634/6634/6634 6635/6635/6635 6636/6636/6636
f 6637/6637/6637 6638/6638/6638 6639/6639/6639
f 6640/6640/6640 6641/6641/6641 6642/6642/6642
f 6643/6643/6643 6644/6644/6644 6645/6645/6645
f 6646/6646/6646 6647/6647/6647 6648/6648/6648
f 6649/6649/6649 6650/6650/6650 6651/6651/6651
f 6652/6652/6652 6653/6653/6653 6654/6654/6654
f 6655/6655/6655 6656/6656/6656 6657/6657/6657
f 6658/6658/6658 6659/6659/6659 6660/6660/6660
f 6661/6661/6661 6662/6662/6662 6663/6663/6663
f 6664/6664/6664 6665/6665/6665 6666/6666/6666
f 6667/6667/6667 6668/6668/6668 6669/6669/6669
f 6670/6670/6670 6671/6671/6671 6672/6672/6672
f 6673/6673/6673 6674/6674/6674 6675/6675/6675
f 6676/6676/6676 6677/6677/6677 6678/6678/6678
f 6679/6679/6679 6680/6680/6680 6681/6681/6681
f 6682/6682/6682 6683/6683/6683 6684/6684/6684
f 6685/6685/6685 6686/6686/6686 6687/6687/6687
f 6688/6688/6688 6689/6689/6689 6690/6690/6690
f 6691/6691/6691 6692/6692/6692 6693/6693/6693
f 6694/6694/6694 6695/6695/6695 6696/6696/6696
f 6697/6697/6697 6698/6698/6698 6699/6699/6699
f 6700/6700/6700 6701/6701/6701 6702/6702/6702
f 6703/6703/6703 6704/6704/6704 6705/6705/6705
f 6706/6706/6706 6707/6707/6707 6708/6708/6708
f 6709/6709/6709 6710/6710/6710 6711/6711/6711
f 6712/6712/6712 6713/6713/6713 6714/6714/6714
f 6715/6715/6715 6716/6716/6716 6717/6717/6717
f 6718/6718/6718 6719/6719/6719 6720/6720/6720
f 6721/6721/6721 6722/6722/6722 6723/6723/6723
f 6724/6724/6724 6725/6725/6725 6726/6726/6726
f 6727/6727/6727 6728/6728/6728 6729/6729/6729
f 6730/6730/6730 6731/6731/6731 6732/6732/6732
f 6733/6733/6733 6734/6734/6734 6735/6735/6735
f 6736/6736/6736 6737/6737/6737 6738/6738/6738
f 6739/6739/6739 6740/6740/6740 6741/6741/6741
f 6742/6742/6742 6743/6743/6743 6744/6744/6744
f 6745/6745/6745 6746/6746/6746 6747/6747/6747
f 6748/6748/6748 6749/6749/6749 6750/6750/6750
f 6751/6751/6751 6752/6752/6752 6753/6753/6753
f 6754/6754/6754 6755/6755/6755 6756/6756/6756
f 6757/6757/6757 6758/6758/6758 6759/6759/6759
f 6760/6760/6760 6761/6761/6761 6762/6762/6762
f 6763/6763/6763 6764/6764/6764 6765/6765/6765
f 6766/6766/6766 6767/6767/6767 6768/6768/6768
f 6769/6769/6769 6770/6770/6770 6771/6771/6771
f 6772/6772/6772 6773/6773/6773 6774/6774/6774
f 6775/6775/6775 6776/6776/6776 6777/6777/6777
f 6778/6778/6778 6779/6779/6779 6780/6780/6780
f 6781/6781/6781 6782/6782/6782 6783/6783/6783
f 6784/6784/6784 6785/6785/6785 6786/6786/6786
f 6787/6787/6787 6788/6788/6788 6789/6789/6789
f 6790/6790/6790 6791/6791/6791 6792/6792/6792
f 6793/6793/6793 6794/6794/6794 6795/6795/6795
f 6796/6796/6796 6797/6797/6797 6798/6798/6798
f 6799/6799/6799 6800/6800/6800 6801/6801/6801
f 6802/6802/6802 6803/6803/6803 6804/6804/6804
f 6805/6805/6805 6806/6806/6806 6807/6807/6807
f 6808/6808/6808 6809/6809/6809 6810/6810/6810
f 6811/6811/6811 6812/6812/6812 6813/6813/6813
f 6814/6814/6814 6815/6815/6815 6816/6816/6816
f 6817/6817/6817 6818/6818/6818 6819/6819/6819
f 6820/6820/6820 6821/6821/6821 6822/6822/6822
f 6823/6823/6823 6824/6824/6824 6825/6825/6825
f 6826/6826/6826 6827/6827/6827 6828/6828/6828
f 6829/6829/6829 6830/6830/6830 6831/6831/6831
f 6832/6832/6832 6833/6833/6833 6834/6834/6834
f 6835/6835/6835 6836/6836/6836 6837/6837/6837
f 6838/6838/6838 6839/6839/6839 6840/6840/6840
f 6841/6841/6841 6842/6842/6842 6843/6843/6843
f 6844/6844/6844 6845/6845/6845 6846/6846/6846
f 6847/6847/6847 6848/6848/6848 6849/6849/6849
f 6850/6850/6850 6851/6851/6851 6852/6852/6852
f 6853/6853/6853 6854/6854/6854 6855/6855/6855
f 6856/6856/6856 6857/6857/6857 6858/6858/6858
f 6859/6859/6859 6860/6860/6860 6861/6861/6861
f 6862/6862/6862 6863/6863/6863 6864/6864/6864
f 6865/6865/6865 6866/6866/6866 6867/6867/6867
f 6868/6868/6868 6869/6869/6869 6870/6870/6870
f 6871/6871/6871 6872/6872/6872 6873/6873/6873
f 6874/6874/6874 6875/6875/6875 6876/6876/6876
f 6877/6877/6877 6878/6878/6878 6879/6879/6879
f 6880/6880/6880 6881/6881/6881 6882/6882/6882
f 6883/6883/6883 6884/6884/6884 6885/6885/6885
f 6886/6886/6886 6887/6887/6887 6888/6888/6888
f 6889/6889/6889 6890/6890/6890 6891/6891/6891
f 6892/6892/6892 6893/6893/6893 6894/6894/6894
f 6895/6895/6895 6896/6896/6896 6897/6897/6897
f 6898/6898/6898 6899/6899/6899 6900/6900/6900
f 6901/6901/6901 6902/6902/6902 6903/6903/6903
f 6904/6904/6904 6905/6905/6905 6906/6906/6906
f 6907/6907/6907 6908/6908/6908 6909/6909/6909
f 6910/6910/6910 6911/6911/6911 6912/6912/6912
f 6913/6913/6913 6914/6914/6914 6915/6915/6915
f 6916/6916/6916 6917/6917/6917 6918/6918/6918
f 6919/6919/6919 6920/6920/6920 6921/6921/6921
f 6922/6922/6922 6923/6923/6923 6924/6924/6924
f 6925/6925/6925 6926/6926/6926 6927/6927/6927
f 6928/6928/6928 6929/6929/6929 6930/6930/6930
f 6931/6931/6931 6932/6932/6932 6933/6933/6933
f 6934/6934/6934 6935/6935/6935 6936/6936/6936
f 6937/6937/6937 6938/6938/6938 6939/6939/6939
f 6940/6940/6940 6941/6941/6941 6942/6942/6942
f 6943/6943/6943 6944/6944/6944 6945/6945/6945
f 6946/6946/6946 6947/6947/6947 6948/6948/6948
f 6949/6949/6949 6950/6950/6950 6951/6951/6951
f 6952/6952/6952 6953/6953/6953 6954/6954/6954
f 6955/6955/6955 6956/6956/6956 6957/6957/6957
f 6958/6958/6958 6959/6959/6959 6960/6960/6960
f 6961/6961/6961 6962/6962/6962 6963/6963/6963
f 6964/6964/6964 6965/6965/6965 6966/6966/6966
f 6967/6967/6967 6968/6968/6968 6969/6969/6969
f 6970/6970/6970 6971/6971/6971 6972/6972/6972
f 6973/6973/6973 6974/6974/6974 6975/6975/6975
f 6976/6976/6976 6977/6977/6977 6978/6978/6978
f 6979/6979/6979 6980/6980/6980 6981/6981/6981
f 6982/6982/6982 6983/6983/6983 6984/6984/6984
f 6985/6985/6985 6986/6986/6986 6987/6987/6987
f 6988/6988/6988 6989/6989/6989 6990/6990/6990
f 6991/6991/6991 6992/6992/6992 6993/6993/6993
f 6994/6994/6994 6995/6995/6995 6996/6996/6996
f 6997/6997/6997 6998/6998/6998 6999/6999/6999
f 7000/7000/7000 7001/7001/7001 7002/7002/7002
f 7003/7003/7003 7004/7004/7004 7005/7005/7005
f 7006/7006/7006 7007/7007/7007 7008/7008/7008
f 7009/7009/7009 7010/7010/7010 7011/7011/7011
f 7012/7012/7012 7013/7013/7013 7014/7014/7014
f 7015/7015/7015 7016/7016/7016 7017/7017/7017
f 7018/7018/7018 7019/7019/7019 7020/7020/7020
f 7021/7021/7021 7022/7022/7022 7023/7023/7023
f 7024/7024/7024 7025/7025/7025 7026/7026/7026
f 7027/7027/7027 7028/7028/7028 7029/7029/7029
f 7030/7030/7030 7031/7031/7031 7032/7032/7032
f 7033/7033/7033 7034/7034/7034 7035/7035/7035
f 7036/7036/7036 7037/7037/7037 7038/7038/7038
f 7039/7039/7039 7040/7040/7040 7041/7041/7041
f 7042/7042/7042 7043/7043/7043 7044/7044/7044
f 7045/7045/7045 7046/7046/7046 7047/7047/7047
f 7048/7048/7048 7049/7049/7049 7050/7050/7050
f 7051/7051/7051 7052/7052/7052 7053/7053/7053
f 7054/7054/7054 7055/7055/7055 7056/7056/7056
f 7057/7057/7057 7058/7058/7058 7059/7059/7059
f 7060/7060/7060 7061/7061/7061 7062/7062/7062
f 7063/7063/7063 7064/7064/7064 7065/7065/7065
f 7066/7066/7066 7067/7067/7067 7068/7068/7068
f 7069/7069/7069 7070/7070/7070 7071/7071/7071
f 7072/7072/7072 7073/7073/7073 7074/7074/7074
f 7075/7075/7075 7076/7076/7076 7077/7077/7077
f 7078/7078/7078 7079/7079/7079 7080/7080/7080
f 7081/7081/7081 7082/7082/7082 7083/7083/7083
f 7084/7084/7084 7085/7085/7085 7086/7086/7086
f 7087/7087/7087 7088/7088/7088 7089/7089/7089
f 7090/7090/7090 7091/7091/7091 7092/7092/7092
f 7093/7093/7093 7094/7094/7094 7095/7095/7095
f 7096/7096/7096 7097/7097/7097 7098/7098/7098
f 7099/7099/7099 7100/7100/7100 7101/7101/7101
f 7102/7102/7102 7103/7103/7103 7104/7104/7104
f 7105/7105/7105 7106/7106/7106 7107/7107/7107
f 7108/7108/7108 7109/7109/7109 7110/7110/7110
f 7111/7111/7111 7112/7112/7112 7113/7113/7113
f 7114/7114/7114 7115/7115/7115 7116/7116/7116
f 7117/7117/7117 7118/7118/7118 7119/7119/7119
f 7120/7120/7120 7121/7121/7121 7122/7122/7122
f 7123/7123/7123 7124/7124/7124 7125/7125/7125
f 7126/7126/7126 7127/7127/7127 7128/7128/7128
f 7129/7129/7129 7130/7130/7130 7131/7131/7131
f 7132/7132/7132 7133/7133/7133 7134/7134/7134
f 7135/7135/7135 7136/7136/7136 7137/7137/7137
f 7138/7138/7138 7139/7139/7139 7140/7140/7140
f 7141/7141/7141 7142/7142/7142 7143/7143/7143
f 7144/7144/7144 7145/7145/7145 7146/7146/7146
f 7147/7147/7147 7148/7148/7148 7149/7149/7149
f 7150/7150/7150 7151/7151/7151 7152/7152/7152
f 7153/7153/7153 7154/7154/7154 7155/7155/7155
f 7156/7156/7156 7157/7157/7157 7158/7158/7158
f 7159/7159/7159 7160/7160/7160 7161/7161/7161
f 7162/7162/7162 7163/7163/7163 7164/7164/7164
f 7165/7165/7165 7166/7166/7166 7167/7167/7167
f 7168/7168/7168 7169/7169/7169 7170/7170/7170
f 7171/7171/7171 7172/7172/7172 7173/7173/7173
f 7174/7174/7174 7175/7175/7175 7176/7176/7176
f 7177/7177/7177 7178/7178/7178 7179/7179/7179
f 7180/7180/7180 7181/7181/7181 7182/7182/7182
f 7183/7183/7183 7184/7184/7184 7185/7185/7185
f 7186/7186/7186 7187/7187/7187 7188/7188/7188
f 7189/7189/7189 7190/7190/7190 7191/7191/7191
f 7192/7192/7192 7193/7193/7193 7194/7194/7194
f 7195/7195/7195 7196/7196/7196 7197/7197/7197
f 7198/7198/7198 7199/7199/7199 7200/7200/7200
f 7201/7201/7201 7202/7202/7202 7203/7203/7203
f 7204/7204/7204 7205/7205/7205 7206/7206/7206
f 7207/7207/7207 7208/7208/7208 7209/7209/7209
f 7210/7210/7210 7211/7211/7211 7212/7212/7212
f 7213/7213/7213 7214/7214/7214 7215/7215/7215
f 7216/7216/7216 7217/7217/7217 7218/7218/7218
f 7219/7219/7219 7220/7220/7220 7221/7221/7221
f 7222/7222/7222 7223/7223/7223 7224/7224/7224
f 7225/7225/7225 7226/7226/7226 7227/7227/7227
f 7228/7228/7228 7229/7229/7229 7230/7230/7230
f 7231/7231/7231 7232/7232/7232 7233/7233/7233
f 7234/7234/7234 7235/7235/7235 7236/7236/7236
f 7237/7237/7237 7238/7238/7238 7239/7239/7239
f 7240/7240/7240 7241/7241/7241 7242/7242/7242
f 7243/7243/7243 7244/7244/7244 7245/7245/7245
f 7246/7246/7246 7247/7247/7247 7248/7248/7248
f 7249/7249/7249 7250/7250/7250 7251/7251/7251
f 7252/7252/7252 7253/7253/7253 7254/7254/7254
f 7255/7255/7255 7256/7256/7256 7257/7257/7257
f 7258/7258/7258 7259/7259/7259 7260/7260/7260
f 7261/7261/7261 7262/7262/7262 7263/7263/7263
f 7264/7264/7264 7265/7265/7265 7266/7266/7266
f 7267/7267/7267 7268/7268/7268 7269/7269/7269
f 7270/7270/7270 7271/7271/7271 7272/7272/7272
f 7273/7273/7273 7274/7274/7274 7275/7275/7275
f 7276/7276/7276 7277/7277/7277 7278/7278/7278
f 7279/7279/7279 7280/7280/7280 7281/7281/7281
f 7282/7282/7282 7283/7283/7283 7284/7284/7284
f 7285/7285/7285 7286/7286/7286 7287/7287/7287
f 7288/7288/7288 7289/7289/7289 7290/7290/7290
f 7291/7291/7291 7292/7292/7292 7293/7293/7293
f 7294/7294/7294 7295/7295/7295 7296/7296/7296
f 7297/7297/7297 7298/7298/7298 7299/7299/7299
f 7300/7300/7300 7301/7301/7301 7302/7302/7302
f 7303/7303/7303 7304/7304/7304 7305/7305/7305
f 7306/7306/7306 7307/7307/7307 7308/7308/7308
f 7309/7309/7309 7310/7310/7310 7311/7311/7311
f 7312/7312/7312 7313/7313/7313 7314/7314/7314
f 7315/7315/7315 7316/7316/7316 7317/7317/7317
f 7318/7318/7318 7319/7319/7319 7320/7320/7320
f 7321/7321/7321 7322/7322/7322 7323/7323/7323
f 7324/7324/7324 7325/7325/7325 7326/7326/7326
f 7327/7327/7327 7328/7328/7328 7329/7329/7329
f 7330/7330/7330 7331/7331/7331 7332/7332/7332
f 7333/7333/7333 7334/7334/7334 7335/7335/7335
f 7336/7336/7336 7337/7337/7337 7338/7338/7338
f 7339/7339/7339 7340/7340/7340 7341/7341/7341
f 7342/7342/7342 7343/7343/7343 7344/7344/7344
f 7345/7345/7345 7346/7346/7346 7347/7347/7347
f 7348/7348/7348 7349/7349/7349 7350/7350/7350
f 7351/7351/7351 7352/7352/7352 7353/7353/7353
f 7354/7354/7354 7355/7355/7355 7356/7356/7356
f 7357/7357/7357 7358/7358/7358 7359/7359/7359
f 7360/7360/7360 7361/7361/7361 7362/7362/7362
f 7363/7363/7363 7364/7364/7364 7365/7365/7365
f 7366/7366/7366 7367/7367/7367 7368/7368/7368
f 7369/7369/7369 7370/7370/7370 7371/7371/7371
f 7372/7372/7372 7373/7373/7373 7374/7374/7374
f 7375/7375/7375 7376/7376/7376 7377/7377/7377
f 7378/7378/7378 7379/7379/7379 7380/7380/7380
f 7381/7381/7381 7382/7382/7382 7383/7383/7383
f 7384/7384/7384 7385/7385/7385 7386/7386/7386
f 7387/7387/7387 7388/7388/7388 7389/7389/7389
f 7390/7390/7390 7391/7391/7391 7392/7392/7392
f 7393/7393/7393 7394/7394/7394 7395/7395/7395
f 7396/7396/7396 7397/7397/7397 7398/7398/7398
f 7399/7399/7399 7400/7400/7400 7401/7401/7401
f 7402/7402/7402 7403/7403/7403 7404/7404/7404
f 7405/7405/7405 7406/7406/7406 7407/7407/7407
f 7408/7408/7408 7409/7409/7409 7410/7410/7410
f 7411/7411/7411 7412/7412/7412 7413/7413/7413
f 7414/7414/7414 7415/7415/7415 7416/7416/7416
f 7417/7417/7417 7418/7418/7418 7419/7419/7419
f 7420/7420/7420 7421/7421/7421 7422/7422/7422
f 7423/7423/7423 7424/7424/7424 7425/7425/7425
f 7426/7426/7426 7427/7427/7427 7428/7428/7428
f 7429/7429/7429 7430/7430/7430 7431/7431/7431
f 7432/7432/7432 7433/7433/7433 7434/7434/7434
f 7435/7435/7435 7436/7436/7436 7437/7437/7437
f 7438/7438/7438 7439/7439/7439 7440/7440/7440
f 7441/7441/7441 7442/7442/7442 7443/7443/7443
f 7444/7444/7444 7445/7445/7445 7446/7446/7446
f 7447/7447/7447 7448/7448/7448 7449/7449/7449
f 7450/7450/7450 7451/7451/7451 7452/7452/7452
f 7453/7453/7453 7454/7454/7454 7455/7455/7455
f 7456/7456/7456 7457/7457/7457 7458/7458/7458
f 7459/7459/7459 7460/7460/7460 7461/7461/7461
f 7462/7462/7462 7463/7463/7463 7464/7464/7464
f 7465/7465/7465 7466/7466/7466 7467/7467/7467
f 7468/7468/7468 7469/7469/7469 7470/7470/7470
f 7471/7471/7471 7472/7472/7472 7473/7473/7473
f 7474/7474/7474 7475/7475/7475 7476/7476/7476
f 7477/7477/7477 7478/7478/7478 7479/7479/7479
f 7480/7480/7480 7481/7481/7481 7482/7482/7482
f 7483/7483/7483 7484/7484/7484 7485/7485/7485
f 7486/7486/7486 7487/7487/7487 7488/7488/7488
f 7489/7489/7489 7490/7490/7490 7491/7491/7491
f 7492/7492/7492 7493/7493/7493 7494/7494/7494
f 7495/7495/7495 7496/7496/7496 7497/7497/7497
f 7498/7498/7498 7499/7499/7499 7500/7500/7500
f 7501/7501/7501 7502/7502/7502 7503/7503/7503
f 7504/7504/7504 7505/7505/7505 7506/7506/7506
f 7507/7507/7507 7508/7508/7508 7509/7509/7509
f 7510/7510/7510 7511/7511/7511 7512/7512/7512
f 7513/7513/7513 7514/7514/7514 7515/7515/7515
f 7516/7516/7516 7517/7517/7517 7518/7518/7518
f 7519/7519/7519 7520/7520/7520 7521/7521/7521
f 7522/7522/7522 7523/7523/7523 7524/7524/7524
f 7525/7525/7525 7526/7526/7526 7527/7527/7527
f 7528/7528/7528 7529/7529/7529 7530/7530/7530
f 7531/7531/7531 7532/7532/7532 7533/7533/7533
f 7534/7534/7534 7535/7535/7535 7536/7536/7536
f 7537/7537/7537 7538/7538/7538 7539/7539/7539
f 7540/7540/7540 7541/7541/7541 7542/7542/7542
f 7543/7543/7543 7544/7544/7544 7545/7545/7545
f 7546/7546/7546 7547/7547/7547 7548/7548/7548
f 7549/7549/7549 7550/7550/7550 7551/7551/7551
f 7552/7552/7552 7553/7553/7553 7554/7554/7554
f 7555/7555/7555 7556/7556/7556 7557/7557/7557
f 7558/7558/7558 7559/7559/7559 7560/7560/7560
f 7561/7561/7561 7562/7562/7562 7563/7563/7563
f 7564/7564/7564 7565/7565/7565 7566/7566/7566
f 7567/7567/7567 7568/7568/7568 7569/7569/7569
f 7570/7570/7570 7571/7571/7571 7572/7572/7572
f 7573/7573/7573 7574/7574/7574 7575/7575/7575
f 7576/7576/7576 7577/7577/7577 7578/7578/7578
f 7579/7579/7579 7580/7580/7580 7581/7581/7581
f 7582/7582/7582 7583/7583/7583 7584/7584/7584
f 7585/7585/7585 7586/7586/7586 7587/7587/7587
f 7588/7588/7588 7589/7589/7589 7590/7590/7590
f 7591/7591/7591 7592/7592/7592 7593/7593/7593
f 7594/7594/7594 7595/7595/7595 7596/7596/7596
f 7597/7597/7597 7598/7598/7598 7599/7599/7599
f 7600/7600/7600 7601/7601/7601 7602/7602/7602
f 7603/7603/7603 7604/7604/7604 7605/7605/7605
f 7606/7606/7606 7607/7607/7607 7608/7608/7608
f 7609/7609/7609 7610/7610/7610 7611/7611/7611
f 7612/7612/7612 7613/7613/7613 7614/7614/7614
f 7615/7615/7615 7616/7616/7616 7617/7617/7617
f 7618/7618/7618 7619/7619/7619 7620/7620/7620
f 7621/7621/7621 7622/7622/7622 7623/7623/7623
f 7624/7624/7624 7625/7625/7625 7626/7626/7626
f 7627/7627/7627 7628/7628/7628 7629/7629/7629
f 7630/7630/7630 7631/7631/7631 7632/7632/7632
f 7633/7633/7633 7634/7634/7634 7635/7635/7635
f 7636/7636/7636 7637/7637/7637 7638/7638/7638
f 7639/7639/7639 7640/7640/7640 7641/7641/7641
f 7642/7642/7642 7643/7643/7643 7644/7644/7644
f 7645/7645/7645 7646/7646/7646 7647/7647/7647
f 7648/7648/7648 7649/7649/7649 7650/7650/7650
f 7651/7651/7651 7652/7652/7652 7653/7653/7653
f 7654/7654/7654 7655/7655/7655 7656/7656/7656
f 7657/7657/7657 7658/7658/7658 7659/7659/7659
f 7660/7660/7660 7661/7661/7661 7662/7662/7662
f 7663/7663/7663 7664/7664/7664 7665/7665/7665
f 7666/7666/7666 7667/7667/7667 7668/7668/7668
f 7669/7669/7669 7670/7670/7670 7671/7671/7671
f 7672/7672/7672 7673/7673/7673 7674/7674/7674
f 7675/7675/7675 7676/7676/7676 7677/7677/7677
f 7678/7678/7678 7679/7679/7679 7680/7680/7680
f 7681/7681/7681 7682/7682/7682 7683/7683/7683
f 7684/7684/7684 7685/7685/7685 7686/7686/7686
f 7687/7687/7687 7688/7688/7688 7689/7689/7689
f 7690/7690/7690 7691/7691/7691 7692/7692/7692
f 7693/7693/7693 7694/7694/7694 7695/7695/7695
f 7696/7696/7696 7697/7697/7697 7698/7698/7698
f 7699/7699/7699 7700/7700/7700 7701/7701/7701
f 7702/7702/7702 7703/7703/7703 7704/7704/7704
f 7705/7705/7705 7706/7706/7706 7707/7707/7707
f 7708/7708/7708 7709/7709/7709 7710/7710/7710
f 7711/7711/7711 7712/7712/7712 7713/7713/7713
f 7714/7714/7714 7715/7715/7715 7716/7716/7716
f 7717/7717/7717 7718/7718/7718 7719/7719/7719
f 7720/7720/7720 7721/7721/7721 7722/7722/7722
f 7723/7723/7723 7724/7724/7724 7725/7725/7725
f 7726/7726/7726 7727/7727/7727 7728/7728/7728
f 7729/7729/7729 7730/7730/7730 7731/7731/7731
f 7732/7732/7732 7733/7733/7733 7734/7734/7734
f 7735/7735/7735 7736/7736/7736 7737/7737/7737
f 7738/7738/7738 7739/7739/7739 7740/7740/7740
f 7741/7741/7741 7742/7742/7742 7743/7743/7743
f 7744/7744/7744 7745/7745/7745 7746/7746/7746
f 7747/7747/7747 7748/7748/7748 7749/7749/7749
f 7750/7750/7750 7751/7751/7751 7752/7752/7752
f 7753/7753/7753 7754/7754/7754 7755/7755/7755
f 7756/7756/7756 7757/7757/7757 7758/7758/7758
f 7759/7759/7759 7760/7760/7760 7761/7761/7761
f 7762/7762/7762 7763/7763/7763 7764/7764/7764
f 7765/7765/7765 7766/7766/7766 7767/7767/7767
f 7768/7768/7768 7769/7769/7769 7770/7770/7770
f 7771/7771/7771 7772/7772/7772 7773/7773/7773
f 7774/7774/7774 7775/7775/7775 7776/7776/7776
f 7777/7777/7777 7778/7778/7778 7779/7779/7779
f 7780/7780/7780 7781/7781/7781 7782/7782/7782
f 7783/7783/7783 7784/7784/7784 7785/7785/7785
f 7786/7786/7786 7787/7787/7787 7788/7788/7788
f 7789/7789/7789 7790/7790/7790 7791/7791/7791
f 7792/7792/7792 7793/7793/7793 7794/7794/7794
f 7795/7795/7795 7796/7796/7796 7797/7797/7797
f 7798/7798/7798 7799/7799/7799 7800/7800/7800
f 7801/7801/7801 7802/7802/7802 7803/7803/7803
f 7804/7804/7804 7805/7805/7805 7806/7806/7806
f 7807/7807/7807 7808/7808/7808 7809/7809/7809
f 7810/7810/7810 7811/7811/7811 7812/7812/7812
f 7813/7813/7813 7814/7814/7814 7815/7815/7815
f 7816/7816/7816 7817/7817/7817 7818/7818/7818
f 7819/7819/7819 7820/7820/7820 7821/7821/7821
f 7822/7822/7822 7823/7823/7823 7824/7824/7824
f 7825/7825/7825 7826/7826/7826 7827/7827/7827
f 7828/7828/7828 7829/7829/7829 7830/7830/7830
f 7831/7831/7831 7832/7832/7832 7833/7833/7833
f 7834/7834/7834 7835/7835/7835 7836/7836/7836
f 7837/7837/7837 7838/7838/7838 7839/7839/7839
f 7840/7840/7840 7841/7841/7841 7842/7842/7842
f 7843/7843/7843 7844/7844/7844 7845/7845/7845
f 7846/7846/7846 7847/7847/7847 7848/7848/7848
f 7849/7849/7849 7850/7850/7850 7851/7851/7851
f 7852/7852/7852 7853/7853/7853 7854/7854/7854
f 7855/7855/7855 7856/7856/7856 7857/7857/7857
f 7858/7858/7858 7859/7859/7859 7860/7860/7860
f 7861/7861/7861 7862/7862/7862 7863/7863/7863
f 7864/7864/7864 7865/7865/7865 7866/7866/7866
f 7867/7867/7867 7868/7868/7868 7869/7869/7869
f 7870/7870/7870 7871/7871/7871 7872/7872/7872
f 7873/7873/7873 7874/7874/7874 7875/7875/7875
f 7876/7876/7876 7877/7877/7877 7878/7878/7878
f 7879/7879/7879 7880/7880/7880 7881/7881/7881
f 7882/7882/7882 7883/7883/7883 7884/7884/7884
f 7885/7885/7885 7886/7886/7886 7887/7887/7887
f 7888/7888/7888 7889/7889/7889 7890/7890/7890
f 7891/7891/7891 7892/7892/7892 7893/7893/7893
f 7894/7894/7894 7895/7895/7895 7896/7896/7896
f 7897/7897/7897 7898/7898/7898 7899/7899/7899
f 7900/7900/7900 7901/7901/7901 7902/7902/7902
f 7903/7903/7903 7904/7904/7904 7905/7905/7905
f 7906/7906/7906 7907/7907/7907 7908/7908/7908
f 7909/7909/7909 7910/7910/7910 7911/7911/7911
f 7912/7912/7912 7913/7913/7913 7914/7914/7914
f 7915/7915/7915 7916/7916/7916 7917/7917/7917
f 7918/7918/7918 7919/7919/7919 7920/7920/7920
f 7921/7921/7921 7922/7922/7922 7923/7923/7923
f 7924/7924/7924 7925/7925/7925 7926/7926/7926
f 7927/7927/7927 7928/7928/7928 7929/7929/7929
f 7930/7930/7930 7931/7931/7931 7932/7932/7932
f 7933/7933/7933 7934/7934/7934 7935/7935/7935
f 7936/7936/7936 7937/7937/7937 7938/7938/7938
f 7939/7939/7939 7940/7940/7940 7941/7941/7941
f 7942/7942/7942 7943/7943/7943 7944/7944/7944
f 7945/7945/7945 7946/7946/7946 7947/7947/7947
f 7948/7948/7948 7949/7949/7949 7950/7950/7950
f 7951/7951/7951 7952/7952/7952 7953/7953/7953
f 7954/7954/7954 7955/7955/7955 7956/7956/7956
f 7957/7957/7957 7958/7958/7958 7959/7959/7959
f 7960/7960/7960 7961/7961/7961 7962/7962/7962
f 7963/7963/7963 7964/7964/7964 7965/7965/7965
f 7966/7966/7966 7967/7967/7967 7968/7968/7968

