# https://github.com/mikedh/trimesh
mtllib material.mtl
usemtl material_0
v -0.33928484 0.47185990 -0.15202898
v -0.33753341 0.47336930 -0.15495279
v -0.33419192 0.47110102 -0.15192609
v -0.33928484 0.47185990 -0.15202898
v -0.33419192 0.47110102 -0.15192609
v -0.33795562 0.47135392 -0.15127748
v -0.33928484 0.47185990 -0.15202898
v -0.33795562 0.47135392 -0.15127748
v -0.34059003 0.47282961 -0.15116400
v -0.33928484 0.47185990 -0.15202898
v -0.34059003 0.47282961 -0.15116400
v -0.34308332 0.47521061 -0.15198599
v -0.34402922 0.47989732 -0.15208930
v -0.34308332 0.47521061 -0.15198599
v -0.34412432 0.47876450 -0.15131438
v -0.34412432 0.47876450 -0.15131438
v -0.34308332 0.47521061 -0.15198599
v -0.34317294 0.47609431 -0.15114188
v -0.34341103 0.48328641 -0.15166509
v -0.34402922 0.47989732 -0.15208930
v -0.34412432 0.47876450 -0.15131438
v -0.34341103 0.48328641 -0.15166509
v -0.34412432 0.47876450 -0.15131438
v -0.34335583 0.48227292 -0.15116608
v -0.34132794 0.48587993 -0.15180819
v -0.34341103 0.48328641 -0.15166509
v -0.34132743 0.48535660 -0.15123978
v -0.34132794 0.48587993 -0.15180819
v -0.33863482 0.48708141 -0.15112159
v -0.33738953 0.48778960 -0.15199718
v -0.34132794 0.48587993 -0.15180819
v -0.33738953 0.48778960 -0.15199718
v -0.33830693 0.48508820 -0.15533200
v -0.33738953 0.48778960 -0.15199718
v -0.33863482 0.48708141 -0.15112159
v -0.33507392 0.48798293 -0.15127239
v -0.33507392 0.48798293 -0.15127239
v -0.33330253 0.48752412 -0.15199189
v -0.33738953 0.48778960 -0.15199718
v -0.33507392 0.48798293 -0.15127239
v -0.33185151 0.48674631 -0.15112449
v -0.33330253 0.48752412 -0.15199189
v -0.33052114 0.48603213 -0.15216079
v -0.33330253 0.48752412 -0.15199189
v -0.33185151 0.48674631 -0.15112449
v -0.33052114 0.48603213 -0.15216079
v -0.33185151 0.48674631 -0.15112449
v -0.32996693 0.48525071 -0.15113640
v -0.33052114 0.48603213 -0.15216079
v -0.32996693 0.48525071 -0.15113640
v -0.32840902 0.48392692 -0.15166590
v -0.32735753 0.48113972 -0.15150219
v -0.32890362 0.48154712 -0.15388109
v -0.32840902 0.48392692 -0.15166590
v -0.32735753 0.48113972 -0.15150219
v -0.32769722 0.47829401 -0.15258908
v -0.32890362 0.48154712 -0.15388109
v -0.32735753 0.48113972 -0.15150219
v -0.32750323 0.47726151 -0.15134749
v -0.32769722 0.47829401 -0.15258908
v -0.32750323 0.47726151 -0.15134749
v -0.32735753 0.48113972 -0.15150219
v -0.32763514 0.48027962 -0.15117478
v -0.32750323 0.47726151 -0.15134749
v -0.32877472 0.47450170 -0.15173629
v -0.32769722 0.47829401 -0.15258908
v -0.33628091 0.46854782 -0.18120748
v -0.33515283 0.46799120 -0.17674530
v -0.33972493 0.46902442 -0.18025859
v -0.33628091 0.46854782 -0.18120748
v -0.33972493 0.46902442 -0.18025859
v -0.33902544 0.47032422 -0.18587568
v -0.33628091 0.46854782 -0.18120748
v -0.33902544 0.47032422 -0.18587568
v -0.33530372 0.46957892 -0.18558659
v -0.33419192 0.47110102 -0.15192609
v -0.33088693 0.47258011 -0.15197068
v -0.33318484 0.47163212 -0.15114638
v -0.33088693 0.47258011 -0.15197068
v -0.32877472 0.47450170 -0.15173629
v -0.33103442 0.47279960 -0.15114109
v -0.33088693 0.47258011 -0.15197068
v -0.33103442 0.47279960 -0.15114109
v -0.33318484 0.47163212 -0.15114638
v -0.33913362 0.48171711 -0.18643799
v -0.33143732 0.47182670 -0.18628559
v -0.33652663 0.47035262 -0.18618819
v -0.33913362 0.48171711 -0.18643799
v -0.33652663 0.47035262 -0.18618819
v -0.34278923 0.47371212 -0.18623789
v -0.33114684 0.48463592 -0.18635398
v -0.33913362 0.48171711 -0.18643799
v -0.33561331 0.48919362 -0.18606189
v -0.33913362 0.48171711 -0.18643799
v -0.33114684 0.48463592 -0.18635398
v -0.33143732 0.47182670 -0.18628559
v -0.33114684 0.48463592 -0.18635398
v -0.32678053 0.48151961 -0.18619889
v -0.33143732 0.47182670 -0.18628559
v -0.33972323 0.46861652 -0.17531429
v -0.33972493 0.46902442 -0.18025859
v -0.33515283 0.46799120 -0.17674530
v -0.33972323 0.46861652 -0.17531429
v -0.33515283 0.46799120 -0.17674530
v -0.33551642 0.46826223 -0.17032570
v -0.33972323 0.46861652 -0.17531429
v -0.33551642 0.46826223 -0.17032570
v -0.33876804 0.46870941 -0.17037868
v -0.33699614 0.47361660 -0.16094449
v -0.33750242 0.47314832 -0.16220078
v -0.33408684 0.47345632 -0.16172868
v -0.33611023 0.47400913 -0.15819409
v -0.33405823 0.47346291 -0.15520959
v -0.33753341 0.47336930 -0.15495279
v -0.33611023 0.47400913 -0.15819409
v -0.33753341 0.47336930 -0.15495279
v -0.33861282 0.47483543 -0.15765049
v -0.33611023 0.47400913 -0.15819409
v -0.33861282 0.47483543 -0.15765049
v -0.33699614 0.47361660 -0.16094449
v -0.33753341 0.47336930 -0.15495279
v -0.33405823 0.47346291 -0.15520959
v -0.33419192 0.47110102 -0.15192609
v -0.33972493 0.46902442 -0.18025859
v -0.34085661 0.47107041 -0.18549639
v -0.33902544 0.47032422 -0.18587568
v -0.34324473 0.47147101 -0.18099940
v -0.33972493 0.46902442 -0.18025859
v -0.34222063 0.47006682 -0.17781988
v -0.33972493 0.46902442 -0.18025859
v -0.33972323 0.46861652 -0.17531429
v -0.34222063 0.47006682 -0.17781988
v -0.33972493 0.46902442 -0.18025859
v -0.34324473 0.47147101 -0.18099940
v -0.34085661 0.47107041 -0.18549639
v -0.34222063 0.47006682 -0.17781988
v -0.33972323 0.46861652 -0.17531429
v -0.34223872 0.47046730 -0.16979909
v -0.34222063 0.47006682 -0.17781988
v -0.34223872 0.47046730 -0.16979909
v -0.34426042 0.47177032 -0.17664260
v -0.34426042 0.47177032 -0.17664260
v -0.34223872 0.47046730 -0.16979909
v -0.34504011 0.47312111 -0.17091519
v -0.34222063 0.47006682 -0.17781988
v -0.34426042 0.47177032 -0.17664260
v -0.34324473 0.47147101 -0.18099940
v -0.33861282 0.47483543 -0.15765049
v -0.33976161 0.47563553 -0.15966508
v -0.33699614 0.47361660 -0.16094449
v -0.33976161 0.47563553 -0.15966508
v -0.34063232 0.47497851 -0.16237938
v -0.33699614 0.47361660 -0.16094449
v -0.33861282 0.47483543 -0.15765049
v -0.33939132 0.47455272 -0.15518659
v -0.34082761 0.47635412 -0.15561949
v -0.33939132 0.47455272 -0.15518659
v -0.33861282 0.47483543 -0.15765049
v -0.33753341 0.47336930 -0.15495279
v -0.33939132 0.47455272 -0.15518659
v -0.33753341 0.47336930 -0.15495279
v -0.33928484 0.47185990 -0.15202898
v -0.34524083 0.47388190 -0.18071699
v -0.34427601 0.47466710 -0.18574980
v -0.34324473 0.47147101 -0.18099940
v -0.34524083 0.47388190 -0.18071699
v -0.34324473 0.47147101 -0.18099940
v -0.34426042 0.47177032 -0.17664260
v -0.34524083 0.47388190 -0.18071699
v -0.34651533 0.47634801 -0.17985490
v -0.34427601 0.47466710 -0.18574980
v -0.34426042 0.47177032 -0.17664260
v -0.34504011 0.47312111 -0.17091519
v -0.34628573 0.47488290 -0.17501509
v -0.34426042 0.47177032 -0.17664260
v -0.34628573 0.47488290 -0.17501509
v -0.34524083 0.47388190 -0.18071699
v -0.34628573 0.47488290 -0.17501509
v -0.34651533 0.47634801 -0.17985490
v -0.34524083 0.47388190 -0.18071699
v -0.33976161 0.47563553 -0.15966508
v -0.33861282 0.47483543 -0.15765049
v -0.34082761 0.47635412 -0.15561949
v -0.33976161 0.47563553 -0.15966508
v -0.34082761 0.47635412 -0.15561949
v -0.34113044 0.47810122 -0.15958259
v -0.33976161 0.47563553 -0.15966508
v -0.34113044 0.47810122 -0.15958259
v -0.34148633 0.47719762 -0.16177300
v -0.33976161 0.47563553 -0.15966508
v -0.34148633 0.47719762 -0.16177300
v -0.34063232 0.47497851 -0.16237938
v -0.34082761 0.47635412 -0.15561949
v -0.33939132 0.47455272 -0.15518659
v -0.34308332 0.47521061 -0.15198599
v -0.34308332 0.47521061 -0.15198599
v -0.33939132 0.47455272 -0.15518659
v -0.33928484 0.47185990 -0.15202898
v -0.34651533 0.47634801 -0.17985490
v -0.34693423 0.47959670 -0.18000369
v -0.34560993 0.48019582 -0.18560338
v -0.34717023 0.47822273 -0.17396820
v -0.34651533 0.47634801 -0.17985490
v -0.34628573 0.47488290 -0.17501509
v -0.34717023 0.47822273 -0.17396820
v -0.34693423 0.47959670 -0.18000369
v -0.34651533 0.47634801 -0.17985490
v -0.34113044 0.47810122 -0.15958259
v -0.34181902 0.47884610 -0.16141559
v -0.34148633 0.47719762 -0.16177300
v -0.34138933 0.47935250 -0.15692848
v -0.34082761 0.47635412 -0.15561949
v -0.34198952 0.47917843 -0.15512389
v -0.34113044 0.47810122 -0.15958259
v -0.34082761 0.47635412 -0.15561949
v -0.34138933 0.47935250 -0.15692848
v -0.34198952 0.47917843 -0.15512389
v -0.34082761 0.47635412 -0.15561949
v -0.34308332 0.47521061 -0.15198599
v -0.34198952 0.47917843 -0.15512389
v -0.34308332 0.47521061 -0.15198599
v -0.34402922 0.47989732 -0.15208930
v -0.34636584 0.48288122 -0.18033779
v -0.34560993 0.48019582 -0.18560338
v -0.34693423 0.47959670 -0.18000369
v -0.34697974 0.48200181 -0.17514399
v -0.34693423 0.47959670 -0.18000369
v -0.34717023 0.47822273 -0.17396820
v -0.34697974 0.48200181 -0.17514399
v -0.34717023 0.47822273 -0.17396820
v -0.34681234 0.48007011 -0.16977179
v -0.34697974 0.48200181 -0.17514399
v -0.34681234 0.48007011 -0.16977179
v -0.34599742 0.48428822 -0.17156139
v -0.34697974 0.48200181 -0.17514399
v -0.34636584 0.48288122 -0.18033779
v -0.34693423 0.47959670 -0.18000369
v -0.34697974 0.48200181 -0.17514399
v -0.34518453 0.48618141 -0.17537579
v -0.34636584 0.48288122 -0.18033779
v -0.34138933 0.47935250 -0.15692848
v -0.34091693 0.48131680 -0.15816939
v -0.34113044 0.47810122 -0.15958259
v -0.34091693 0.48131680 -0.15816939
v -0.34103411 0.48167622 -0.16017209
v -0.34181902 0.47884610 -0.16141559
v -0.34091693 0.48131680 -0.15816939
v -0.34181902 0.47884610 -0.16141559
v -0.34113044 0.47810122 -0.15958259
v -0.34198952 0.47917843 -0.15512389
v -0.34341103 0.48328641 -0.15166509
v -0.34101513 0.48292851 -0.15506959
v -0.34198952 0.47917843 -0.15512389
v -0.34402922 0.47989732 -0.15208930
v -0.34341103 0.48328641 -0.15166509
v -0.34198952 0.47917843 -0.15512389
v -0.34101513 0.48292851 -0.15506959
v -0.34138933 0.47935250 -0.15692848
v -0.34463382 0.48609212 -0.18079029
v -0.34410131 0.48446360 -0.18578069
v -0.34636584 0.48288122 -0.18033779
v -0.34518453 0.48618141 -0.17537579
v -0.34463382 0.48609212 -0.18079029
v -0.34636584 0.48288122 -0.18033779
v -0.34518453 0.48618141 -0.17537579
v -0.34697974 0.48200181 -0.17514399
v -0.34599742 0.48428822 -0.17156139
v -0.34518453 0.48618141 -0.17537579
v -0.34295532 0.48855183 -0.17665508
v -0.34463382 0.48609212 -0.18079029
v -0.34091693 0.48131680 -0.15816939
v -0.34138933 0.47935250 -0.15692848
v -0.34101513 0.48292851 -0.15506959
v -0.34103411 0.48167622 -0.16017209
v -0.34091693 0.48131680 -0.15816939
v -0.33904561 0.48393562 -0.15778589
v -0.34091693 0.48131680 -0.15816939
v -0.34101513 0.48292851 -0.15506959
v -0.33904561 0.48393562 -0.15778589
v -0.34103411 0.48167622 -0.16017209
v -0.33904561 0.48393562 -0.15778589
v -0.33913332 0.48459381 -0.16153160
v -0.34103411 0.48167622 -0.16017209
v -0.33913332 0.48459381 -0.16153160
v -0.34168133 0.48181921 -0.16189408
v -0.34101513 0.48292851 -0.15506959
v -0.34341103 0.48328641 -0.15166509
v -0.34132794 0.48587993 -0.15180819
v -0.34116113 0.48921302 -0.18045269
v -0.34172124 0.48725343 -0.18569829
v -0.34463382 0.48609212 -0.18079029
v -0.34116113 0.48921302 -0.18045269
v -0.34463382 0.48609212 -0.18079029
v -0.34295532 0.48855183 -0.17665508
v -0.34295532 0.48855183 -0.17665508
v -0.34518453 0.48618141 -0.17537579
v -0.34342802 0.48770413 -0.17080969
v -0.34295532 0.48855183 -0.17665508
v -0.34050444 0.48990270 -0.17200959
v -0.34116113 0.48921302 -0.18045269
v -0.33904561 0.48393562 -0.15778589
v -0.34101513 0.48292851 -0.15506959
v -0.33830693 0.48508820 -0.15533200
v -0.33904561 0.48393562 -0.15778589
v -0.33647192 0.48497862 -0.15890250
v -0.33913332 0.48459381 -0.16153160
v -0.33830693 0.48508820 -0.15533200
v -0.34101513 0.48292851 -0.15506959
v -0.34132794 0.48587993 -0.15180819
v -0.33847412 0.49023950 -0.18069309
v -0.33881181 0.48862413 -0.18600439
v -0.34116113 0.48921302 -0.18045269
v -0.33847412 0.49023950 -0.18069309
v -0.33448711 0.49066222 -0.17985648
v -0.33561331 0.48919362 -0.18606189
v -0.34050444 0.48990270 -0.17200959
v -0.33730733 0.49093330 -0.17575470
v -0.34116113 0.48921302 -0.18045269
v -0.33730733 0.49093330 -0.17575470
v -0.33847412 0.49023950 -0.18069309
v -0.34116113 0.48921302 -0.18045269
v -0.33730733 0.49093330 -0.17575470
v -0.34050444 0.48990270 -0.17200959
v -0.33839542 0.49044973 -0.17100748
v -0.33839542 0.49044973 -0.17100748
v -0.33545473 0.49063513 -0.17017800
v -0.33730733 0.49093330 -0.17575470
v -0.33730733 0.49093330 -0.17575470
v -0.33448711 0.49066222 -0.17985648
v -0.33847412 0.49023950 -0.18069309
v -0.33647192 0.48497862 -0.15890250
v -0.33564392 0.48589963 -0.16191059
v -0.33913332 0.48459381 -0.16153160
v -0.33647192 0.48497862 -0.15890250
v -0.33904561 0.48393562 -0.15778589
v -0.33830693 0.48508820 -0.15533200
v -0.33830693 0.48508820 -0.15533200
v -0.33558401 0.48565683 -0.15524718
v -0.33647192 0.48497862 -0.15890250
v -0.33830693 0.48508820 -0.15533200
v -0.33738953 0.48778960 -0.15199718
v -0.33558401 0.48565683 -0.15524718
v -0.33197513 0.49010912 -0.18009579
v -0.33561331 0.48919362 -0.18606189
v -0.33448711 0.49066222 -0.17985648
v -0.33165681 0.48839110 -0.18591219
v -0.33561331 0.48919362 -0.18606189
v -0.33197513 0.49010912 -0.18009579
v -0.33296132 0.49074662 -0.17409340
v -0.33448711 0.49066222 -0.17985648
v -0.33730733 0.49093330 -0.17575470
v -0.33296132 0.49074662 -0.17409340
v -0.33730733 0.49093330 -0.17575470
v -0.33545473 0.49063513 -0.17017800
v -0.33296132 0.49074662 -0.17409340
v -0.33197513 0.49010912 -0.18009579
v -0.33448711 0.49066222 -0.17985648
v -0.33647192 0.48497862 -0.15890250
v -0.33558401 0.48565683 -0.15524718
v -0.33301711 0.48429582 -0.15811658
v -0.33306983 0.48487273 -0.16128629
v -0.33647192 0.48497862 -0.15890250
v -0.33301711 0.48429582 -0.15811658
v -0.33301711 0.48429582 -0.15811658
v -0.33558401 0.48565683 -0.15524718
v -0.33359173 0.48535973 -0.15518059
v -0.33647192 0.48497862 -0.15890250
v -0.33306983 0.48487273 -0.16128629
v -0.33564392 0.48589963 -0.16191059
v -0.33558401 0.48565683 -0.15524718
v -0.33738953 0.48778960 -0.15199718
v -0.33330253 0.48752412 -0.15199189
v -0.33558401 0.48565683 -0.15524718
v -0.33330253 0.48752412 -0.15199189
v -0.33359173 0.48535973 -0.15518059
v -0.32806012 0.48721182 -0.18183619
v -0.33165681 0.48839110 -0.18591219
v -0.33197513 0.49010912 -0.18009579
v -0.32806012 0.48721182 -0.18183619
v -0.33197513 0.49010912 -0.18009579
v -0.32924643 0.48889181 -0.17847219
v -0.33165681 0.48839110 -0.18591219
v -0.32806012 0.48721182 -0.18183619
v -0.32897153 0.48644650 -0.18598419
v -0.32960322 0.48926303 -0.17420480
v -0.32924643 0.48889181 -0.17847219
v -0.33197513 0.49010912 -0.18009579
v -0.32960322 0.48926303 -0.17420480
v -0.33197513 0.49010912 -0.18009579
v -0.33296132 0.49074662 -0.17409340
v -0.32960322 0.48926303 -0.17420480
v -0.32773024 0.48730323 -0.17015898
v -0.32707912 0.48718980 -0.17471929
v -0.32960322 0.48926303 -0.17420480
v -0.32707912 0.48718980 -0.17471929
v -0.32924643 0.48889181 -0.17847219
v -0.33301711 0.48429582 -0.15811658
v -0.33359173 0.48535973 -0.15518059
v -0.33169842 0.48362622 -0.15645838
v -0.33104262 0.48268542 -0.15975219
v -0.33301711 0.48429582 -0.15811658
v -0.33169842 0.48362622 -0.15645838
v -0.33301711 0.48429582 -0.15811658
v -0.33104262 0.48268542 -0.15975219
v -0.33306983 0.48487273 -0.16128629
v -0.33306983 0.48487273 -0.16128629
v -0.33104262 0.48268542 -0.15975219
v -0.32985702 0.48277780 -0.16231589
v -0.33359173 0.48535973 -0.15518059
v -0.33330253 0.48752412 -0.15199189
v -0.33052114 0.48603213 -0.15216079
v -0.33359173 0.48535973 -0.15518059
v -0.33052114 0.48603213 -0.15216079
v -0.33058104 0.48407170 -0.15420839
v -0.33359173 0.48535973 -0.15518059
v -0.33058104 0.48407170 -0.15420839
v -0.33169842 0.48362622 -0.15645838
v -0.32806012 0.48721182 -0.18183619
v -0.32924643 0.48889181 -0.17847219
v -0.32614362 0.48557201 -0.17929049
v -0.32806012 0.48721182 -0.18183619
v -0.32614362 0.48557201 -0.17929049
v -0.32660341 0.48326510 -0.18569149
v -0.32614362 0.48557201 -0.17929049
v -0.32486624 0.48227242 -0.18036360
v -0.32660341 0.48326510 -0.18569149
v -0.32707912 0.48718980 -0.17471929
v -0.32614362 0.48557201 -0.17929049
v -0.32924643 0.48889181 -0.17847219
v -0.32614362 0.48557201 -0.17929049
v -0.32707912 0.48718980 -0.17471929
v -0.32473743 0.48314571 -0.17607498
v -0.32707912 0.48718980 -0.17471929
v -0.32566881 0.48478800 -0.17148620
v -0.32473743 0.48314571 -0.17607498
v -0.32473743 0.48314571 -0.17607498
v -0.32486624 0.48227242 -0.18036360
v -0.32614362 0.48557201 -0.17929049
v -0.33104262 0.48268542 -0.15975219
v -0.33169842 0.48362622 -0.15645838
v -0.33000982 0.48069063 -0.15626639
v -0.33058104 0.48407170 -0.15420839
v -0.33052114 0.48603213 -0.15216079
v -0.32840902 0.48392692 -0.15166590
v -0.32840902 0.48392692 -0.15166590
v -0.32890362 0.48154712 -0.15388109
v -0.33058104 0.48407170 -0.15420839
v -0.33058104 0.48407170 -0.15420839
v -0.32890362 0.48154712 -0.15388109
v -0.33169842 0.48362622 -0.15645838
v -0.33169842 0.48362622 -0.15645838
v -0.32890362 0.48154712 -0.15388109
v -0.33000982 0.48069063 -0.15626639
v -0.32491592 0.47834712 -0.18174788
v -0.32486624 0.48227242 -0.18036360
v -0.32435563 0.47741270 -0.17741218
v -0.32660341 0.48326510 -0.18569149
v -0.32486624 0.48227242 -0.18036360
v -0.32591072 0.47968993 -0.18566759
v -0.32486624 0.48227242 -0.18036360
v -0.32491592 0.47834712 -0.18174788
v -0.32591072 0.47968993 -0.18566759
v -0.32464004 0.48175362 -0.17060998
v -0.32473743 0.48314571 -0.17607498
v -0.32566881 0.48478800 -0.17148620
v -0.32473743 0.48314571 -0.17607498
v -0.32464004 0.48175362 -0.17060998
v -0.32413822 0.47911543 -0.17501529
v -0.32473743 0.48314571 -0.17607498
v -0.32413822 0.47911543 -0.17501529
v -0.32486624 0.48227242 -0.18036360
v -0.32486624 0.48227242 -0.18036360
v -0.32413822 0.47911543 -0.17501529
v -0.32435563 0.47741270 -0.17741218
v -0.33000982 0.48069063 -0.15626639
v -0.33005553 0.47975042 -0.15985858
v -0.33104262 0.48268542 -0.15975219
v -0.33005553 0.47975042 -0.15985858
v -0.32985702 0.48277780 -0.16231589
v -0.33104262 0.48268542 -0.15975219
v -0.33005553 0.47975042 -0.15985858
v -0.33000982 0.48069063 -0.15626639
v -0.33045593 0.47763503 -0.15872219
v -0.32890362 0.48154712 -0.15388109
v -0.32769722 0.47829401 -0.15258908
v -0.33000982 0.48069063 -0.15626639
v -0.32491592 0.47834712 -0.18174788
v -0.32435563 0.47741270 -0.17741218
v -0.32548791 0.47564471 -0.18143539
v -0.32491592 0.47834712 -0.18174788
v -0.32548791 0.47564471 -0.18143539
v -0.32606983 0.47823831 -0.18588269
v -0.32548791 0.47564471 -0.18143539
v -0.32684883 0.47576991 -0.18603998
v -0.32606983 0.47823831 -0.18588269
v -0.32435563 0.47741270 -0.17741218
v -0.32413822 0.47911543 -0.17501529
v -0.32499963 0.47601891 -0.17092368
v -0.32435563 0.47741270 -0.17741218
v -0.32499963 0.47601891 -0.17092368
v -0.32541594 0.47426432 -0.17655289
v -0.32541594 0.47426432 -0.17655289
v -0.32548791 0.47564471 -0.18143539
v -0.32435563 0.47741270 -0.17741218
v -0.33045593 0.47763503 -0.15872219
v -0.33000982 0.48069063 -0.15626639
v -0.32980233 0.47770351 -0.15523879
v -0.33045593 0.47763503 -0.15872219
v -0.33084822 0.47642443 -0.16021448
v -0.33005553 0.47975042 -0.15985858
v -0.33005553 0.47975042 -0.15985858
v -0.33084822 0.47642443 -0.16021448
v -0.32928291 0.47926700 -0.16203819
v -0.32928291 0.47926700 -0.16203819
v -0.33084822 0.47642443 -0.16021448
v -0.32973671 0.47630212 -0.16248989
v -0.32980233 0.47770351 -0.15523879
v -0.33000982 0.48069063 -0.15626639
v -0.32769722 0.47829401 -0.15258908
v -0.32776111 0.47241342 -0.18283159
v -0.32684883 0.47576991 -0.18603998
v -0.32548791 0.47564471 -0.18143539
v -0.32776111 0.47241342 -0.18283159
v -0.32548791 0.47564471 -0.18143539
v -0.32720211 0.47204062 -0.17930399
v -0.32548791 0.47564471 -0.18143539
v -0.32541594 0.47426432 -0.17655289
v -0.32720211 0.47204062 -0.17930399
v -0.32541594 0.47426432 -0.17655289
v -0.32499963 0.47601891 -0.17092368
v -0.32643533 0.47316700 -0.17049900
v -0.32541594 0.47426432 -0.17655289
v -0.32643533 0.47316700 -0.17049900
v -0.32783821 0.47103101 -0.17587548
v -0.32541594 0.47426432 -0.17655289
v -0.32783821 0.47103101 -0.17587548
v -0.32720211 0.47204062 -0.17930399
v -0.33045593 0.47763503 -0.15872219
v -0.32980233 0.47770351 -0.15523879
v -0.33122823 0.47551581 -0.15563989
v -0.33084822 0.47642443 -0.16021448
v -0.33045593 0.47763503 -0.15872219
v -0.33122823 0.47551581 -0.15563989
v -0.33122823 0.47551581 -0.15563989
v -0.32980233 0.47770351 -0.15523879
v -0.32769722 0.47829401 -0.15258908
v -0.33122823 0.47551581 -0.15563989
v -0.32769722 0.47829401 -0.15258908
v -0.32877472 0.47450170 -0.15173629
v -0.33122823 0.47551581 -0.15563989
v -0.32877472 0.47450170 -0.15173629
v -0.33088693 0.47258011 -0.15197068
v -0.33251163 0.46890402 -0.18092199
v -0.33628091 0.46854782 -0.18120748
v -0.33530372 0.46957892 -0.18558659
v -0.33515283 0.46799120 -0.17674530
v -0.33251163 0.46890402 -0.18092199
v -0.33264291 0.46839720 -0.17625040
v -0.33264291 0.46839720 -0.17625040
v -0.33207011 0.46907172 -0.16932659
v -0.33551642 0.46826223 -0.17032570
v -0.33264291 0.46839720 -0.17625040
v -0.33051062 0.46944740 -0.17066689
v -0.33207011 0.46907172 -0.16932659
v -0.33264291 0.46839720 -0.17625040
v -0.33551642 0.46826223 -0.17032570
v -0.33515283 0.46799120 -0.17674530
v -0.33515283 0.46799120 -0.17674530
v -0.33628091 0.46854782 -0.18120748
v -0.33251163 0.46890402 -0.18092199
v -0.33319062 0.47461140 -0.15899700
v -0.33405823 0.47346291 -0.15520959
v -0.33611023 0.47400913 -0.15819409
v -0.33319062 0.47461140 -0.15899700
v -0.33611023 0.47400913 -0.15819409
v -0.33408684 0.47345632 -0.16172868
v -0.33611023 0.47400913 -0.15819409
v -0.33699614 0.47361660 -0.16094449
v -0.33408684 0.47345632 -0.16172868
v -0.33087492 0.47088441 -0.18551439
v -0.32776111 0.47241342 -0.18283159
v -0.32989633 0.46965730 -0.17826918
v -0.32776111 0.47241342 -0.18283159
v -0.32720211 0.47204062 -0.17930399
v -0.32989633 0.46965730 -0.17826918
v -0.33087492 0.47088441 -0.18551439
v -0.32989633 0.46965730 -0.17826918
v -0.33251163 0.46890402 -0.18092199
v -0.32783821 0.47103101 -0.17587548
v -0.32989633 0.46965730 -0.17826918
v -0.32720211 0.47204062 -0.17930399
v -0.32989633 0.46965730 -0.17826918
v -0.32783821 0.47103101 -0.17587548
v -0.33051062 0.46944740 -0.17066689
v -0.32989633 0.46965730 -0.17826918
v -0.33051062 0.46944740 -0.17066689
v -0.33264291 0.46839720 -0.17625040
v -0.32989633 0.46965730 -0.17826918
v -0.33264291 0.46839720 -0.17625040
v -0.33251163 0.46890402 -0.18092199
v -0.33319062 0.47461140 -0.15899700
v -0.33147812 0.47415692 -0.16268359
v -0.33084822 0.47642443 -0.16021448
v -0.33319062 0.47461140 -0.15899700
v -0.33084822 0.47642443 -0.16021448
v -0.33122823 0.47551581 -0.15563989
v -0.33122823 0.47551581 -0.15563989
v -0.33405823 0.47346291 -0.15520959
v -0.33319062 0.47461140 -0.15899700
v -0.33319062 0.47461140 -0.15899700
v -0.33408684 0.47345632 -0.16172868
v -0.33147812 0.47415692 -0.16268359
v -0.33122823 0.47551581 -0.15563989
v -0.33088693 0.47258011 -0.15197068
v -0.33405823 0.47346291 -0.15520959
v -0.33405823 0.47346291 -0.15520959
v -0.33088693 0.47258011 -0.15197068
v -0.33419192 0.47110102 -0.15192609
v -0.33750242 0.47314832 -0.16220078
v -0.34115162 0.47080562 -0.16730958
v -0.33659992 0.46978331 -0.16654208
v -0.33750242 0.47314832 -0.16220078
v -0.33699614 0.47361660 -0.16094449
v -0.34063232 0.47497851 -0.16237938
v -0.33750242 0.47314832 -0.16220078
v -0.34063232 0.47497851 -0.16237938
v -0.34115162 0.47080562 -0.16730958
v -0.34063232 0.47497851 -0.16237938
v -0.34363893 0.47317371 -0.16728160
v -0.34115162 0.47080562 -0.16730958
v -0.34584123 0.47590202 -0.16831909
v -0.34063232 0.47497851 -0.16237938
v -0.34148633 0.47719762 -0.16177300
v -0.34063232 0.47497851 -0.16237938
v -0.34584123 0.47590202 -0.16831909
v -0.34363893 0.47317371 -0.16728160
v -0.34148633 0.47719762 -0.16177300
v -0.34543574 0.47852832 -0.16664308
v -0.34584123 0.47590202 -0.16831909
v -0.34543574 0.47852832 -0.16664308
v -0.34148633 0.47719762 -0.16177300
v -0.34181902 0.47884610 -0.16141559
v -0.34168133 0.48181921 -0.16189408
v -0.34598202 0.48130041 -0.16775659
v -0.34543574 0.47852832 -0.16664308
v -0.34168133 0.48181921 -0.16189408
v -0.34181902 0.47884610 -0.16141559
v -0.34103411 0.48167622 -0.16017209
v -0.34168133 0.48181921 -0.16189408
v -0.34543574 0.47852832 -0.16664308
v -0.34181902 0.47884610 -0.16141559
v -0.34168133 0.48181921 -0.16189408
v -0.34493741 0.48437533 -0.16767859
v -0.34598202 0.48130041 -0.16775659
v -0.34493741 0.48437533 -0.16767859
v -0.34168133 0.48181921 -0.16189408
v -0.34253743 0.48705342 -0.16729589
v -0.34168133 0.48181921 -0.16189408
v -0.33913332 0.48459381 -0.16153160
v -0.34253743 0.48705342 -0.16729589
v -0.33913332 0.48459381 -0.16153160
v -0.33956182 0.48904952 -0.16735998
v -0.34253743 0.48705342 -0.16729589
v -0.33913332 0.48459381 -0.16153160
v -0.33698013 0.48934722 -0.16675138
v -0.33956182 0.48904952 -0.16735998
v -0.33698013 0.48934722 -0.16675138
v -0.33913332 0.48459381 -0.16153160
v -0.33564392 0.48589963 -0.16191059
v -0.33564392 0.48589963 -0.16191059
v -0.33252782 0.48921183 -0.16733268
v -0.33698013 0.48934722 -0.16675138
v -0.33564392 0.48589963 -0.16191059
v -0.33306983 0.48487273 -0.16128629
v -0.33252782 0.48921183 -0.16733268
v -0.33306983 0.48487273 -0.16128629
v -0.32893282 0.48698992 -0.16711739
v -0.33252782 0.48921183 -0.16733268
v -0.32985702 0.48277780 -0.16231589
v -0.32893282 0.48698992 -0.16711739
v -0.33306983 0.48487273 -0.16128629
v -0.32985702 0.48277780 -0.16231589
v -0.32639784 0.48383442 -0.16740820
v -0.32893282 0.48698992 -0.16711739
v -0.32985702 0.48277780 -0.16231589
v -0.32569844 0.47980282 -0.16699278
v -0.32639784 0.48383442 -0.16740820
v -0.32569844 0.47980282 -0.16699278
v -0.32985702 0.48277780 -0.16231589
v -0.32928291 0.47926700 -0.16203819
v -0.32985702 0.48277780 -0.16231589
v -0.33005553 0.47975042 -0.15985858
v -0.32928291 0.47926700 -0.16203819
v -0.32928291 0.47926700 -0.16203819
v -0.32598823 0.47633591 -0.16734138
v -0.32569844 0.47980282 -0.16699278
v -0.32598823 0.47633591 -0.16734138
v -0.32928291 0.47926700 -0.16203819
v -0.32973671 0.47630212 -0.16248989
v -0.32973671 0.47630212 -0.16248989
v -0.32789943 0.47319773 -0.16706769
v -0.32598823 0.47633591 -0.16734138
v -0.32973671 0.47630212 -0.16248989
v -0.33084822 0.47642443 -0.16021448
v -0.33147812 0.47415692 -0.16268359
v -0.33306363 0.46988770 -0.16697338
v -0.33408684 0.47345632 -0.16172868
v -0.33659992 0.46978331 -0.16654208
v -0.33408684 0.47345632 -0.16172868
v -0.33750242 0.47314832 -0.16220078
v -0.33659992 0.46978331 -0.16654208
v -0.33147812 0.47415692 -0.16268359
v -0.33025953 0.47138542 -0.16665459
v -0.32789943 0.47319773 -0.16706769
v -0.33147812 0.47415692 -0.16268359
v -0.32789943 0.47319773 -0.16706769
v -0.32973671 0.47630212 -0.16248989
v -0.33147812 0.47415692 -0.16268359
v -0.33408684 0.47345632 -0.16172868
v -0.33025953 0.47138542 -0.16665459
v -0.33025953 0.47138542 -0.16665459
v -0.33408684 0.47345632 -0.16172868
v -0.33306363 0.46988770 -0.16697338
v -0.33551642 0.46826223 -0.17032570
v -0.33659992 0.46978331 -0.16654208
v -0.33876804 0.46870941 -0.17037868
v -0.33876804 0.46870941 -0.17037868
v -0.33659992 0.46978331 -0.16654208
v -0.34115162 0.47080562 -0.16730958
v -0.33876804 0.46870941 -0.17037868
v -0.34115162 0.47080562 -0.16730958
v -0.34223872 0.47046730 -0.16979909
v -0.34223872 0.47046730 -0.16979909
v -0.33972323 0.46861652 -0.17531429
v -0.33876804 0.46870941 -0.17037868
v -0.34223872 0.47046730 -0.16979909
v -0.34115162 0.47080562 -0.16730958
v -0.34363893 0.47317371 -0.16728160
v -0.34504011 0.47312111 -0.17091519
v -0.34223872 0.47046730 -0.16979909
v -0.34363893 0.47317371 -0.16728160
v -0.34504011 0.47312111 -0.17091519
v -0.34363893 0.47317371 -0.16728160
v -0.34584123 0.47590202 -0.16831909
v -0.34504011 0.47312111 -0.17091519
v -0.34584123 0.47590202 -0.16831909
v -0.34628573 0.47488290 -0.17501509
v -0.34717023 0.47822273 -0.17396820
v -0.34628573 0.47488290 -0.17501509
v -0.34584123 0.47590202 -0.16831909
v -0.34681234 0.48007011 -0.16977179
v -0.34584123 0.47590202 -0.16831909
v -0.34543574 0.47852832 -0.16664308
v -0.34681234 0.48007011 -0.16977179
v -0.34543574 0.47852832 -0.16664308
v -0.34598202 0.48130041 -0.16775659
v -0.34584123 0.47590202 -0.16831909
v -0.34681234 0.48007011 -0.16977179
v -0.34717023 0.47822273 -0.17396820
v -0.34598202 0.48130041 -0.16775659
v -0.34493741 0.48437533 -0.16767859
v -0.34599742 0.48428822 -0.17156139
v -0.34598202 0.48130041 -0.16775659
v -0.34599742 0.48428822 -0.17156139
v -0.34681234 0.48007011 -0.16977179
v -0.34342802 0.48770413 -0.17080969
v -0.34599742 0.48428822 -0.17156139
v -0.34493741 0.48437533 -0.16767859
v -0.34493741 0.48437533 -0.16767859
v -0.34253743 0.48705342 -0.16729589
v -0.34342802 0.48770413 -0.17080969
v -0.34342802 0.48770413 -0.17080969
v -0.34518453 0.48618141 -0.17537579
v -0.34599742 0.48428822 -0.17156139
v -0.34342802 0.48770413 -0.17080969
v -0.34253743 0.48705342 -0.16729589
v -0.34050444 0.48990270 -0.17200959
v -0.34050444 0.48990270 -0.17200959
v -0.33956182 0.48904952 -0.16735998
v -0.33839542 0.49044973 -0.17100748
v -0.34050444 0.48990270 -0.17200959
v -0.34253743 0.48705342 -0.16729589
v -0.33956182 0.48904952 -0.16735998
v -0.34342802 0.48770413 -0.17080969
v -0.34050444 0.48990270 -0.17200959
v -0.34295532 0.48855183 -0.17665508
v -0.33839542 0.49044973 -0.17100748
v -0.33956182 0.48904952 -0.16735998
v -0.33545473 0.49063513 -0.17017800
v -0.33545473 0.49063513 -0.17017800
v -0.33956182 0.48904952 -0.16735998
v -0.33698013 0.48934722 -0.16675138
v -0.33127174 0.48962802 -0.16966540
v -0.33545473 0.49063513 -0.17017800
v -0.33252782 0.48921183 -0.16733268
v -0.33545473 0.49063513 -0.17017800
v -0.33698013 0.48934722 -0.16675138
v -0.33252782 0.48921183 -0.16733268
v -0.33127174 0.48962802 -0.16966540
v -0.33296132 0.49074662 -0.17409340
v -0.33545473 0.49063513 -0.17017800
v -0.33127174 0.48962802 -0.16966540
v -0.32960322 0.48926303 -0.17420480
v -0.33296132 0.49074662 -0.17409340
v -0.33127174 0.48962802 -0.16966540
v -0.33252782 0.48921183 -0.16733268
v -0.32893282 0.48698992 -0.16711739
v -0.33127174 0.48962802 -0.16966540
v -0.32893282 0.48698992 -0.16711739
v -0.32773024 0.48730323 -0.17015898
v -0.33127174 0.48962802 -0.16966540
v -0.32773024 0.48730323 -0.17015898
v -0.32960322 0.48926303 -0.17420480
v -0.32566881 0.48478800 -0.17148620
v -0.32707912 0.48718980 -0.17471929
v -0.32773024 0.48730323 -0.17015898
v -0.32566881 0.48478800 -0.17148620
v -0.32773024 0.48730323 -0.17015898
v -0.32639784 0.48383442 -0.16740820
v -0.32773024 0.48730323 -0.17015898
v -0.32893282 0.48698992 -0.16711739
v -0.32639784 0.48383442 -0.16740820
v -0.32639784 0.48383442 -0.16740820
v -0.32464004 0.48175362 -0.17060998
v -0.32566881 0.48478800 -0.17148620
v -0.32464004 0.48175362 -0.17060998
v -0.32639784 0.48383442 -0.16740820
v -0.32569844 0.47980282 -0.16699278
v -0.32464004 0.48175362 -0.17060998
v -0.32569844 0.47980282 -0.16699278
v -0.32483852 0.47859421 -0.16921610
v -0.32499963 0.47601891 -0.17092368
v -0.32413822 0.47911543 -0.17501529
v -0.32483852 0.47859421 -0.16921610
v -0.32483852 0.47859421 -0.16921610
v -0.32413822 0.47911543 -0.17501529
v -0.32464004 0.48175362 -0.17060998
v -0.32598823 0.47633591 -0.16734138
v -0.32483852 0.47859421 -0.16921610
v -0.32569844 0.47980282 -0.16699278
v -0.32483852 0.47859421 -0.16921610
v -0.32598823 0.47633591 -0.16734138
v -0.32499963 0.47601891 -0.17092368
v -0.32643533 0.47316700 -0.17049900
v -0.32598823 0.47633591 -0.16734138
v -0.32789943 0.47319773 -0.16706769
v -0.32643533 0.47316700 -0.17049900
v -0.32499963 0.47601891 -0.17092368
v -0.32598823 0.47633591 -0.16734138
v -0.32643533 0.47316700 -0.17049900
v -0.32789943 0.47319773 -0.16706769
v -0.32823074 0.47132871 -0.16971239
v -0.33207011 0.46907172 -0.16932659
v -0.33306363 0.46988770 -0.16697338
v -0.33551642 0.46826223 -0.17032570
v -0.33551642 0.46826223 -0.17032570
v -0.33306363 0.46988770 -0.16697338
v -0.33659992 0.46978331 -0.16654208
v -0.32823074 0.47132871 -0.16971239
v -0.33051062 0.46944740 -0.17066689
v -0.32783821 0.47103101 -0.17587548
v -0.32823074 0.47132871 -0.16971239
v -0.32783821 0.47103101 -0.17587548
v -0.32643533 0.47316700 -0.17049900
v -0.33051062 0.46944740 -0.17066689
v -0.32823074 0.47132871 -0.16971239
v -0.33025953 0.47138542 -0.16665459
v -0.32823074 0.47132871 -0.16971239
v -0.32789943 0.47319773 -0.16706769
v -0.33025953 0.47138542 -0.16665459
v -0.33051062 0.46944740 -0.17066689
v -0.33025953 0.47138542 -0.16665459
v -0.33207011 0.46907172 -0.16932659
v -0.33207011 0.46907172 -0.16932659
v -0.33025953 0.47138542 -0.16665459
v -0.33306363 0.46988770 -0.16697338
v -0.33652663 0.47035262 -0.18618819
v -0.33530372 0.46957892 -0.18558659
v -0.33902544 0.47032422 -0.18587568
v -0.33902544 0.47032422 -0.18587568
v -0.34278923 0.47371212 -0.18623789
v -0.33652663 0.47035262 -0.18618819
v -0.33902544 0.47032422 -0.18587568
v -0.34085661 0.47107041 -0.18549639
v -0.34278923 0.47371212 -0.18623789
v -0.34278923 0.47371212 -0.18623789
v -0.34085661 0.47107041 -0.18549639
v -0.34427601 0.47466710 -0.18574980
v -0.34085661 0.47107041 -0.18549639
v -0.34324473 0.47147101 -0.18099940
v -0.34427601 0.47466710 -0.18574980
v -0.34427601 0.47466710 -0.18574980
v -0.34491554 0.48023111 -0.18616650
v -0.34278923 0.47371212 -0.18623789
v -0.34491554 0.48023111 -0.18616650
v -0.34427601 0.47466710 -0.18574980
v -0.34560993 0.48019582 -0.18560338
v -0.34560993 0.48019582 -0.18560338
v -0.34427601 0.47466710 -0.18574980
v -0.34651533 0.47634801 -0.17985490
v -0.34491554 0.48023111 -0.18616650
v -0.33913362 0.48171711 -0.18643799
v -0.34278923 0.47371212 -0.18623789
v -0.34491554 0.48023111 -0.18616650
v -0.34560993 0.48019582 -0.18560338
v -0.34410131 0.48446360 -0.18578069
v -0.34231234 0.48592502 -0.18615149
v -0.34491554 0.48023111 -0.18616650
v -0.34410131 0.48446360 -0.18578069
v -0.34231234 0.48592502 -0.18615149
v -0.33913362 0.48171711 -0.18643799
v -0.34491554 0.48023111 -0.18616650
v -0.34410131 0.48446360 -0.18578069
v -0.34560993 0.48019582 -0.18560338
v -0.34636584 0.48288122 -0.18033779
v -0.34410131 0.48446360 -0.18578069
v -0.34172124 0.48725343 -0.18569829
v -0.34231234 0.48592502 -0.18615149
v -0.34410131 0.48446360 -0.18578069
v -0.34463382 0.48609212 -0.18079029
v -0.34172124 0.48725343 -0.18569829
v -0.34172124 0.48725343 -0.18569829
v -0.33881181 0.48862413 -0.18600439
v -0.34231234 0.48592502 -0.18615149
v -0.33881181 0.48862413 -0.18600439
v -0.33913362 0.48171711 -0.18643799
v -0.34231234 0.48592502 -0.18615149
v -0.34172124 0.48725343 -0.18569829
v -0.34116113 0.48921302 -0.18045269
v -0.33881181 0.48862413 -0.18600439
v -0.33561331 0.48919362 -0.18606189
v -0.33913362 0.48171711 -0.18643799
v -0.33881181 0.48862413 -0.18600439
v -0.33881181 0.48862413 -0.18600439
v -0.33847412 0.49023950 -0.18069309
v -0.33561331 0.48919362 -0.18606189
v -0.33165681 0.48839110 -0.18591219
v -0.33114684 0.48463592 -0.18635398
v -0.33561331 0.48919362 -0.18606189
v -0.33165681 0.48839110 -0.18591219
v -0.32897153 0.48644650 -0.18598419
v -0.33114684 0.48463592 -0.18635398
v -0.32660341 0.48326510 -0.18569149
v -0.32897153 0.48644650 -0.18598419
v -0.32806012 0.48721182 -0.18183619
v -0.32897153 0.48644650 -0.18598419
v -0.32678053 0.48151961 -0.18619889
v -0.33114684 0.48463592 -0.18635398
v -0.32660341 0.48326510 -0.18569149
v -0.32678053 0.48151961 -0.18619889
v -0.32897153 0.48644650 -0.18598419
v -0.32678053 0.48151961 -0.18619889
v -0.32591072 0.47968993 -0.18566759
v -0.32606983 0.47823831 -0.18588269
v -0.32678053 0.48151961 -0.18619889
v -0.32660341 0.48326510 -0.18569149
v -0.32591072 0.47968993 -0.18566759
v -0.32606983 0.47823831 -0.18588269
v -0.32684883 0.47576991 -0.18603998
v -0.32678053 0.48151961 -0.18619889
v -0.32684883 0.47576991 -0.18603998
v -0.33143732 0.47182670 -0.18628559
v -0.32678053 0.48151961 -0.18619889
v -0.32591072 0.47968993 -0.18566759
v -0.32491592 0.47834712 -0.18174788
v -0.32606983 0.47823831 -0.18588269
v -0.32840443 0.47306192 -0.18584599
v -0.32684883 0.47576991 -0.18603998
v -0.32776111 0.47241342 -0.18283159
v -0.32840443 0.47306192 -0.18584599
v -0.33143732 0.47182670 -0.18628559
v -0.32684883 0.47576991 -0.18603998
v -0.33652663 0.47035262 -0.18618819
v -0.33143732 0.47182670 -0.18628559
v -0.33530372 0.46957892 -0.18558659
v -0.33143732 0.47182670 -0.18628559
v -0.33087492 0.47088441 -0.18551439
v -0.33530372 0.46957892 -0.18558659
v -0.33530372 0.46957892 -0.18558659
v -0.33087492 0.47088441 -0.18551439
v -0.33251163 0.46890402 -0.18092199
v -0.33087492 0.47088441 -0.18551439
v -0.32840443 0.47306192 -0.18584599
v -0.32776111 0.47241342 -0.18283159
v -0.32840443 0.47306192 -0.18584599
v -0.33087492 0.47088441 -0.18551439
v -0.33143732 0.47182670 -0.18628559
v -0.34059003 0.47282961 -0.15116400
v -0.33728734 0.47172460 -0.15147929
v -0.33950824 0.47400102 -0.15334758
v -0.33950824 0.47400102 -0.15334758
v -0.34142941 0.47403511 -0.15152299
v -0.34059003 0.47282961 -0.15116400
v -0.34326091 0.47940651 -0.15217680
v -0.34355843 0.47778541 -0.15116438
v -0.34317294 0.47609431 -0.15114188
v -0.34326091 0.47940651 -0.15217680
v -0.34335583 0.48227292 -0.15116608
v -0.34355843 0.47778541 -0.15116438
v -0.34132743 0.48535660 -0.15123978
v -0.33748722 0.48675260 -0.15226078
v -0.33863482 0.48708141 -0.15112159
v -0.33185151 0.48674631 -0.15112449
v -0.33515513 0.48752150 -0.15129589
v -0.33228162 0.48625261 -0.15213940
v -0.32996693 0.48525071 -0.15113640
v -0.33185151 0.48674631 -0.15112449
v -0.33228162 0.48625261 -0.15213940
v -0.32828012 0.48267323 -0.15123349
v -0.32996693 0.48525071 -0.15113640
v -0.33039531 0.48184553 -0.15469569
v -0.32934862 0.47536531 -0.15209028
v -0.32908973 0.47495282 -0.15117469
v -0.32778943 0.47788653 -0.15126169
v -0.33505973 0.46911782 -0.18118650
v -0.33610111 0.47034511 -0.18554109
v -0.33914194 0.47100902 -0.18557349
v -0.33505973 0.46911782 -0.18118650
v -0.33914194 0.47100902 -0.18557349
v -0.33915743 0.46962222 -0.18038999
v -0.33366653 0.47202700 -0.15178919
v -0.33526301 0.47385120 -0.15483719
v -0.33728734 0.47172460 -0.15147929
v -0.33103442 0.47279960 -0.15114109
v -0.32908973 0.47495282 -0.15117469
v -0.32934862 0.47536531 -0.15209028
v -0.34280312 0.48123342 -0.18590769
v -0.33435214 0.47116312 -0.18584940
v -0.32727212 0.48161161 -0.18577990
v -0.34280312 0.48123342 -0.18590769
v -0.32727212 0.48161161 -0.18577990
v -0.33336341 0.48763391 -0.18583140
v -0.34280312 0.48123342 -0.18590769
v -0.33336341 0.48763391 -0.18583140
v -0.33933231 0.48786572 -0.18578589
v -0.34280312 0.48123342 -0.18590769
v -0.34415653 0.47632241 -0.18571769
v -0.33435214 0.47116312 -0.18584940
v -0.33810282 0.46885011 -0.17587879
v -0.33915743 0.46962222 -0.18038999
v -0.34126434 0.47005132 -0.17555270
v -0.33810282 0.46885011 -0.17587879
v -0.33634022 0.46902221 -0.17013189
v -0.33406943 0.46870932 -0.17502339
v -0.33915743 0.46962222 -0.18038999
v -0.33810282 0.46885011 -0.17587879
v -0.33505973 0.46911782 -0.18118650
v -0.33552343 0.47320601 -0.16289029
v -0.33850482 0.47418311 -0.16257939
v -0.33752742 0.47474471 -0.15992849
v -0.33607471 0.47464451 -0.15822068
v -0.33926234 0.47610700 -0.15933089
v -0.33746523 0.47407413 -0.15476990
v -0.33752742 0.47474471 -0.15992849
v -0.33926234 0.47610700 -0.15933089
v -0.33607471 0.47464451 -0.15822068
v -0.33607471 0.47464451 -0.15822068
v -0.33746523 0.47407413 -0.15476990
v -0.33526301 0.47385120 -0.15483719
v -0.33746523 0.47407413 -0.15476990
v -0.33728734 0.47172460 -0.15147929
v -0.33526301 0.47385120 -0.15483719
v -0.33915743 0.46962222 -0.18038999
v -0.34279892 0.47164831 -0.18005159
v -0.34126434 0.47005132 -0.17555270
v -0.34279892 0.47164831 -0.18005159
v -0.33915743 0.46962222 -0.18038999
v -0.33914194 0.47100902 -0.18557349
v -0.34279892 0.47164831 -0.18005159
v -0.34415302 0.47268942 -0.17366388
v -0.34126434 0.47005132 -0.17555270
v -0.33752742 0.47474471 -0.15992849
v -0.33850482 0.47418311 -0.16257939
v -0.34083253 0.47602132 -0.16270709
v -0.33752742 0.47474471 -0.15992849
v -0.34083253 0.47602132 -0.16270709
v -0.33926234 0.47610700 -0.15933089
v -0.33926234 0.47610700 -0.15933089
v -0.33981153 0.47639650 -0.15644538
v -0.33746523 0.47407413 -0.15476990
v -0.33950824 0.47400102 -0.15334758
v -0.33728734 0.47172460 -0.15147929
v -0.33746523 0.47407413 -0.15476990
v -0.33950824 0.47400102 -0.15334758
v -0.33746523 0.47407413 -0.15476990
v -0.33981153 0.47639650 -0.15644538
v -0.34541804 0.47496271 -0.17902179
v -0.34252483 0.47331423 -0.18558659
v -0.34415653 0.47632241 -0.18571769
v -0.34541804 0.47496271 -0.17902179
v -0.34279892 0.47164831 -0.18005159
v -0.34252483 0.47331423 -0.18558659
v -0.34541804 0.47496271 -0.17902179
v -0.34586433 0.47556663 -0.17392169
v -0.34415302 0.47268942 -0.17366388
v -0.34541804 0.47496271 -0.17902179
v -0.34415302 0.47268942 -0.17366388
v -0.34279892 0.47164831 -0.18005159
v -0.33926234 0.47610700 -0.15933089
v -0.34137681 0.47922650 -0.16209918
v -0.34061533 0.47899923 -0.15835609
v -0.33926234 0.47610700 -0.15933089
v -0.34061533 0.47899923 -0.15835609
v -0.33981153 0.47639650 -0.15644538
v -0.34112564 0.47691372 -0.15428269
v -0.34317294 0.47609431 -0.15114188
v -0.34142941 0.47403511 -0.15152299
v -0.34112564 0.47691372 -0.15428269
v -0.34142941 0.47403511 -0.15152299
v -0.33950824 0.47400102 -0.15334758
v -0.34112564 0.47691372 -0.15428269
v -0.33950824 0.47400102 -0.15334758
v -0.33981153 0.47639650 -0.15644538
v -0.34541804 0.47496271 -0.17902179
v -0.34567323 0.47776192 -0.18201378
v -0.34637871 0.47821081 -0.17774418
v -0.34567323 0.47776192 -0.18201378
v -0.34602761 0.48187542 -0.17981949
v -0.34637871 0.47821081 -0.17774418
v -0.34567323 0.47776192 -0.18201378
v -0.34541804 0.47496271 -0.17902179
v -0.34415653 0.47632241 -0.18571769
v -0.34637871 0.47821081 -0.17774418
v -0.34655774 0.48077920 -0.17451389
v -0.34631053 0.47912401 -0.17037508
v -0.34637871 0.47821081 -0.17774418
v -0.34631053 0.47912401 -0.17037508
v -0.34586433 0.47556663 -0.17392169
v -0.34637871 0.47821081 -0.17774418
v -0.34586433 0.47556663 -0.17392169
v -0.34541804 0.47496271 -0.17902179
v -0.34061533 0.47899923 -0.15835609
v -0.34137681 0.47922650 -0.16209918
v -0.34052652 0.48086691 -0.15983799
v -0.34061533 0.47899923 -0.15835609
v -0.34130862 0.47933900 -0.15498319
v -0.33981153 0.47639650 -0.15644538
v -0.34137681 0.47922650 -0.16209918
v -0.33926234 0.47610700 -0.15933089
v -0.34083253 0.47602132 -0.16270709
v -0.34130862 0.47933900 -0.15498319
v -0.34326091 0.47940651 -0.15217680
v -0.34112564 0.47691372 -0.15428269
v -0.34112564 0.47691372 -0.15428269
v -0.34326091 0.47940651 -0.15217680
v -0.34317294 0.47609431 -0.15114188
v -0.34130862 0.47933900 -0.15498319
v -0.34112564 0.47691372 -0.15428269
v -0.33981153 0.47639650 -0.15644538
v -0.34602761 0.48187542 -0.17981949
v -0.34489912 0.47937071 -0.18552050
v -0.34436572 0.48294121 -0.18500298
v -0.34602761 0.48187542 -0.17981949
v -0.34567323 0.47776192 -0.18201378
v -0.34489912 0.47937071 -0.18552050
v -0.34655774 0.48077920 -0.17451389
v -0.34602761 0.48187542 -0.17981949
v -0.34571111 0.48378241 -0.17624669
v -0.34655774 0.48077920 -0.17451389
v -0.34571111 0.48378241 -0.17624669
v -0.34556973 0.48300710 -0.16988888
v -0.34655774 0.48077920 -0.17451389
v -0.34637871 0.47821081 -0.17774418
v -0.34602761 0.48187542 -0.17981949
v -0.34061533 0.47899923 -0.15835609
v -0.34052652 0.48086691 -0.15983799
v -0.34058991 0.48196131 -0.15521288
v -0.34061533 0.47899923 -0.15835609
v -0.34058991 0.48196131 -0.15521288
v -0.34130862 0.47933900 -0.15498319
v -0.34052652 0.48086691 -0.15983799
v -0.34137681 0.47922650 -0.16209918
v -0.34141293 0.48160940 -0.16267799
v -0.34130862 0.47933900 -0.15498319
v -0.34058991 0.48196131 -0.15521288
v -0.34326091 0.47940651 -0.15217680
v -0.34058991 0.48196131 -0.15521288
v -0.34335583 0.48227292 -0.15116608
v -0.34326091 0.47940651 -0.15217680
v -0.34436572 0.48294121 -0.18500298
v -0.34492192 0.48457411 -0.17982289
v -0.34602761 0.48187542 -0.17981949
v -0.34279492 0.48683232 -0.18175589
v -0.34370512 0.48675931 -0.17764279
v -0.34492192 0.48457411 -0.17982289
v -0.34279492 0.48683232 -0.18175589
v -0.34492192 0.48457411 -0.17982289
v -0.34284192 0.48528242 -0.18562609
v -0.34492192 0.48457411 -0.17982289
v -0.34436572 0.48294121 -0.18500298
v -0.34284192 0.48528242 -0.18562609
v -0.34571111 0.48378241 -0.17624669
v -0.34492192 0.48457411 -0.17982289
v -0.34370512 0.48675931 -0.17764279
v -0.34571111 0.48378241 -0.17624669
v -0.34370512 0.48675931 -0.17764279
v -0.34335244 0.48705781 -0.17169039
v -0.34571111 0.48378241 -0.17624669
v -0.34335244 0.48705781 -0.17169039
v -0.34556973 0.48300710 -0.16988888
v -0.34492192 0.48457411 -0.17982289
v -0.34571111 0.48378241 -0.17624669
v -0.34602761 0.48187542 -0.17981949
v -0.34052652 0.48086691 -0.15983799
v -0.33972383 0.48372802 -0.16231358
v -0.33905941 0.48321980 -0.15955958
v -0.33905941 0.48321980 -0.15955958
v -0.33909741 0.48327503 -0.15673669
v -0.34052652 0.48086691 -0.15983799
v -0.34052652 0.48086691 -0.15983799
v -0.33909741 0.48327503 -0.15673669
v -0.34058991 0.48196131 -0.15521288
v -0.34058991 0.48196131 -0.15521288
v -0.34132743 0.48535660 -0.15123978
v -0.34335583 0.48227292 -0.15116608
v -0.34279492 0.48683232 -0.18175589
v -0.34284192 0.48528242 -0.18562609
v -0.33933231 0.48786572 -0.18578589
v -0.34279492 0.48683232 -0.18175589
v -0.33933231 0.48786572 -0.18578589
v -0.34115481 0.48891082 -0.17731719
v -0.34279492 0.48683232 -0.18175589
v -0.34115481 0.48891082 -0.17731719
v -0.34370512 0.48675931 -0.17764279
v -0.34115481 0.48891082 -0.17731719
v -0.33937073 0.48975882 -0.17420349
v -0.34335244 0.48705781 -0.17169039
v -0.34370512 0.48675931 -0.17764279
v -0.34115481 0.48891082 -0.17731719
v -0.34335244 0.48705781 -0.17169039
v -0.33972383 0.48372802 -0.16231358
v -0.33782822 0.48473641 -0.16198389
v -0.33905941 0.48321980 -0.15955958
v -0.33905941 0.48321980 -0.15955958
v -0.33591491 0.48449412 -0.15703169
v -0.33909741 0.48327503 -0.15673669
v -0.34132743 0.48535660 -0.15123978
v -0.33825102 0.48489332 -0.15438859
v -0.33748722 0.48675260 -0.15226078
v -0.33825102 0.48489332 -0.15438859
v -0.34132743 0.48535660 -0.15123978
v -0.34058991 0.48196131 -0.15521288
v -0.33825102 0.48489332 -0.15438859
v -0.34058991 0.48196131 -0.15521288
v -0.33909741 0.48327503 -0.15673669
v -0.33728382 0.48997271 -0.17972809
v -0.34115481 0.48891082 -0.17731719
v -0.33933231 0.48786572 -0.18578589
v -0.33728382 0.48997271 -0.17972809
v -0.33933231 0.48786572 -0.18578589
v -0.33543414 0.48887610 -0.18530509
v -0.33937073 0.48975882 -0.17420349
v -0.33728382 0.48997271 -0.17972809
v -0.33585072 0.49040672 -0.17632459
v -0.33585072 0.49040672 -0.17632459
v -0.33565053 0.49024540 -0.17131759
v -0.33937073 0.48975882 -0.17420349
v -0.33937073 0.48975882 -0.17420349
v -0.34115481 0.48891082 -0.17731719
v -0.33728382 0.48997271 -0.17972809
v -0.33591491 0.48449412 -0.15703169
v -0.33782822 0.48473641 -0.16198389
v -0.33474544 0.48438090 -0.15961528
v -0.33782822 0.48473641 -0.16198389
v -0.33471513 0.48542291 -0.16242059
v -0.33474544 0.48438090 -0.15961528
v -0.33591491 0.48449412 -0.15703169
v -0.33905941 0.48321980 -0.15955958
v -0.33782822 0.48473641 -0.16198389
v -0.33748722 0.48675260 -0.15226078
v -0.33825102 0.48489332 -0.15438859
v -0.33459032 0.48511133 -0.15482518
v -0.33825102 0.48489332 -0.15438859
v -0.33591491 0.48449412 -0.15703169
v -0.33459032 0.48511133 -0.15482518
v -0.33825102 0.48489332 -0.15438859
v -0.33909741 0.48327503 -0.15673669
v -0.33591491 0.48449412 -0.15703169
v -0.33543414 0.48887610 -0.18530509
v -0.33303952 0.48830351 -0.18550639
v -0.33162782 0.48897150 -0.18103969
v -0.33543414 0.48887610 -0.18530509
v -0.33162782 0.48897150 -0.18103969
v -0.33272672 0.48995072 -0.17684479
v -0.33543414 0.48887610 -0.18530509
v -0.33272672 0.48995072 -0.17684479
v -0.33585072 0.49040672 -0.17632459
v -0.33543414 0.48887610 -0.18530509
v -0.33585072 0.49040672 -0.17632459
v -0.33728382 0.48997271 -0.17972809
v -0.33272672 0.48995072 -0.17684479
v -0.33162782 0.48897150 -0.18103969
v -0.32920653 0.48829180 -0.17647108
v -0.33272672 0.48995072 -0.17684479
v -0.33565053 0.49024540 -0.17131759
v -0.33585072 0.49040672 -0.17632459
v -0.33474544 0.48438090 -0.15961528
v -0.33297542 0.48359641 -0.15803260
v -0.33591491 0.48449412 -0.15703169
v -0.33591491 0.48449412 -0.15703169
v -0.33297542 0.48359641 -0.15803260
v -0.33459032 0.48511133 -0.15482518
v -0.33459032 0.48511133 -0.15482518
v -0.33228162 0.48625261 -0.15213940
v -0.33515513 0.48752150 -0.15129589
v -0.33515513 0.48752150 -0.15129589
v -0.33748722 0.48675260 -0.15226078
v -0.33459032 0.48511133 -0.15482518
v -0.32783821 0.48672113 -0.17960328
v -0.32920653 0.48829180 -0.17647108
v -0.33162782 0.48897150 -0.18103969
v -0.32783821 0.48672113 -0.17960328
v -0.33162782 0.48897150 -0.18103969
v -0.32987043 0.48654851 -0.18554269
v -0.33055192 0.48891822 -0.17229809
v -0.32920653 0.48829180 -0.17647108
v -0.32853931 0.48718750 -0.17020719
v -0.33055192 0.48891822 -0.17229809
v -0.33272672 0.48995072 -0.17684479
v -0.32920653 0.48829180 -0.17647108
v -0.33297542 0.48359641 -0.15803260
v -0.33200553 0.48374403 -0.15490988
v -0.33459032 0.48511133 -0.15482518
v -0.33177131 0.48314422 -0.16114408
v -0.33297542 0.48359641 -0.15803260
v -0.33474544 0.48438090 -0.15961528
v -0.33177131 0.48314422 -0.16114408
v -0.33474544 0.48438090 -0.15961528
v -0.33471513 0.48542291 -0.16242059
v -0.33200553 0.48374403 -0.15490988
v -0.32996693 0.48525071 -0.15113640
v -0.33228162 0.48625261 -0.15213940
v -0.33200553 0.48374403 -0.15490988
v -0.33228162 0.48625261 -0.15213940
v -0.33459032 0.48511133 -0.15482518
v -0.32783821 0.48672113 -0.17960328
v -0.32757902 0.48414120 -0.18510269
v -0.32558611 0.48338622 -0.17743158
v -0.32783821 0.48672113 -0.17960328
v -0.32987043 0.48654851 -0.18554269
v -0.32757902 0.48414120 -0.18510269
v -0.32783821 0.48672113 -0.17960328
v -0.32558611 0.48338622 -0.17743158
v -0.32676524 0.48553321 -0.17280589
v -0.32676524 0.48553321 -0.17280589
v -0.32558611 0.48338622 -0.17743158
v -0.32530063 0.48188323 -0.17122959
v -0.32783821 0.48672113 -0.17960328
v -0.32676524 0.48553321 -0.17280589
v -0.32920653 0.48829180 -0.17647108
v -0.33104703 0.48113471 -0.15779570
v -0.33177131 0.48314422 -0.16114408
v -0.33022621 0.48057541 -0.16179949
v -0.33104703 0.48113471 -0.15779570
v -0.33039531 0.48184553 -0.15469569
v -0.33200553 0.48374403 -0.15490988
v -0.33104703 0.48113471 -0.15779570
v -0.33200553 0.48374403 -0.15490988
v -0.33297542 0.48359641 -0.15803260
v -0.33104703 0.48113471 -0.15779570
v -0.33297542 0.48359641 -0.15803260
v -0.33177131 0.48314422 -0.16114408
v -0.33039531 0.48184553 -0.15469569
v -0.32996693 0.48525071 -0.15113640
v -0.33200553 0.48374403 -0.15490988
v -0.32674241 0.48191941 -0.18523949
v -0.32650551 0.47940201 -0.18546399
v -0.32495642 0.48021641 -0.17880489
v -0.32674241 0.48191941 -0.18523949
v -0.32495642 0.48021641 -0.17880489
v -0.32558611 0.48338622 -0.17743158
v -0.32674241 0.48191941 -0.18523949
v -0.32558611 0.48338622 -0.17743158
v -0.32757902 0.48414120 -0.18510269
v -0.32495642 0.48021641 -0.17880489
v -0.32515374 0.47965592 -0.17017299
v -0.32530063 0.48188323 -0.17122959
v -0.32495642 0.48021641 -0.17880489
v -0.32530063 0.48188323 -0.17122959
v -0.32558611 0.48338622 -0.17743158
v -0.33104703 0.48113471 -0.15779570
v -0.33022621 0.48057541 -0.16179949
v -0.33065772 0.47875983 -0.16025129
v -0.33104703 0.48113471 -0.15779570
v -0.33060741 0.47862920 -0.15606588
v -0.33039531 0.48184553 -0.15469569
v -0.33104703 0.48113471 -0.15779570
v -0.33065772 0.47875983 -0.16025129
v -0.33060741 0.47862920 -0.15606588
v -0.32946971 0.47868133 -0.15392378
v -0.33039531 0.48184553 -0.15469569
v -0.33060741 0.47862920 -0.15606588
v -0.33039531 0.48184553 -0.15469569
v -0.32763514 0.48027962 -0.15117478
v -0.32828012 0.48267323 -0.15123349
v -0.33039531 0.48184553 -0.15469569
v -0.32946971 0.47868133 -0.15392378
v -0.32763514 0.48027962 -0.15117478
v -0.32642204 0.47697762 -0.18419379
v -0.32495531 0.47805542 -0.17736578
v -0.32495642 0.48021641 -0.17880489
v -0.32642204 0.47697762 -0.18419379
v -0.32495642 0.48021641 -0.17880489
v -0.32650551 0.47940201 -0.18546399
v -0.32495531 0.47805542 -0.17736578
v -0.32642204 0.47697762 -0.18419379
v -0.32627672 0.47439450 -0.17912629
v -0.32495531 0.47805542 -0.17736578
v -0.32592201 0.47536060 -0.17063218
v -0.32515374 0.47965592 -0.17017299
v -0.32495531 0.47805542 -0.17736578
v -0.32627672 0.47439450 -0.17912629
v -0.32592201 0.47536060 -0.17063218
v -0.32495531 0.47805542 -0.17736578
v -0.32515374 0.47965592 -0.17017299
v -0.32495642 0.48021641 -0.17880489
v -0.33065772 0.47875983 -0.16025129
v -0.33185121 0.47648060 -0.15830909
v -0.33060741 0.47862920 -0.15606588
v -0.32946971 0.47868133 -0.15392378
v -0.33060741 0.47862920 -0.15606588
v -0.33079082 0.47675872 -0.15486139
v -0.32946971 0.47868133 -0.15392378
v -0.32934862 0.47536531 -0.15209028
v -0.32778943 0.47788653 -0.15126169
v -0.32778943 0.47788653 -0.15126169
v -0.32763514 0.48027962 -0.15117478
v -0.32946971 0.47868133 -0.15392378
v -0.32627672 0.47439450 -0.17912629
v -0.32812473 0.47442353 -0.18565719
v -0.32917362 0.47147742 -0.18095610
v -0.32917362 0.47147742 -0.18095610
v -0.32736713 0.47246021 -0.17627519
v -0.32627672 0.47439450 -0.17912629
v -0.32627672 0.47439450 -0.17912629
v -0.32642204 0.47697762 -0.18419379
v -0.32812473 0.47442353 -0.18565719
v -0.32736713 0.47246021 -0.17627519
v -0.32592201 0.47536060 -0.17063218
v -0.32627672 0.47439450 -0.17912629
v -0.33185121 0.47648060 -0.15830909
v -0.33284202 0.47472042 -0.15502128
v -0.33079082 0.47675872 -0.15486139
v -0.33185121 0.47648060 -0.15830909
v -0.33079082 0.47675872 -0.15486139
v -0.33060741 0.47862920 -0.15606588
v -0.33185121 0.47648060 -0.15830909
v -0.33065772 0.47875983 -0.16025129
v -0.33129343 0.47621211 -0.16140190
v -0.33079082 0.47675872 -0.15486139
v -0.33284202 0.47472042 -0.15502128
v -0.33174762 0.47509661 -0.15441710
v -0.33079082 0.47675872 -0.15486139
v -0.33174762 0.47509661 -0.15441710
v -0.32934862 0.47536531 -0.15209028
v -0.33174762 0.47509661 -0.15441710
v -0.33103442 0.47279960 -0.15114109
v -0.32934862 0.47536531 -0.15209028
v -0.33079082 0.47675872 -0.15486139
v -0.32934862 0.47536531 -0.15209028
v -0.32946971 0.47868133 -0.15392378
v -0.33404192 0.47038531 -0.18537359
v -0.33610111 0.47034511 -0.18554109
v -0.33505973 0.46911782 -0.18118650
v -0.33404192 0.47038531 -0.18537359
v -0.33505973 0.46911782 -0.18118650
v -0.33117363 0.46976081 -0.17910899
v -0.33406943 0.46870932 -0.17502339
v -0.33505973 0.46911782 -0.18118650
v -0.33810282 0.46885011 -0.17587879
v -0.33406943 0.46870932 -0.17502339
v -0.32992163 0.47016633 -0.17413159
v -0.33117363 0.46976081 -0.17910899
v -0.33406943 0.46870932 -0.17502339
v -0.33117363 0.46976081 -0.17910899
v -0.33505973 0.46911782 -0.18118650
v -0.33607471 0.47464451 -0.15822068
v -0.33404821 0.47470552 -0.16030198
v -0.33752742 0.47474471 -0.15992849
v -0.33404821 0.47470552 -0.16030198
v -0.33607471 0.47464451 -0.15822068
v -0.33375713 0.47500682 -0.15820539
v -0.33375713 0.47500682 -0.15820539
v -0.33607471 0.47464451 -0.15822068
v -0.33526301 0.47385120 -0.15483719
v -0.33375713 0.47500682 -0.15820539
v -0.33526301 0.47385120 -0.15483719
v -0.33284202 0.47472042 -0.15502128
v -0.33526301 0.47385120 -0.15483719
v -0.33366653 0.47202700 -0.15178919
v -0.33284202 0.47472042 -0.15502128
v -0.33117363 0.46976081 -0.17910899
v -0.33023822 0.47217762 -0.18562549
v -0.33404192 0.47038531 -0.18537359
v -0.33117363 0.46976081 -0.17910899
v -0.32917362 0.47147742 -0.18095610
v -0.33023822 0.47217762 -0.18562549
v -0.32992163 0.47016633 -0.17413159
v -0.32792023 0.47230241 -0.17053999
v -0.32736713 0.47246021 -0.17627519
v -0.33117363 0.46976081 -0.17910899
v -0.32992163 0.47016633 -0.17413159
v -0.32917362 0.47147742 -0.18095610
v -0.32992163 0.47016633 -0.17413159
v -0.32736713 0.47246021 -0.17627519
v -0.32917362 0.47147742 -0.18095610
v -0.33375713 0.47500682 -0.15820539
v -0.33129343 0.47621211 -0.16140190
v -0.33404821 0.47470552 -0.16030198
v -0.33129343 0.47621211 -0.16140190
v -0.33275583 0.47427112 -0.16262209
v -0.33404821 0.47470552 -0.16030198
v -0.33185121 0.47648060 -0.15830909
v -0.33375713 0.47500682 -0.15820539
v -0.33284202 0.47472042 -0.15502128
v -0.33375713 0.47500682 -0.15820539
v -0.33185121 0.47648060 -0.15830909
v -0.33129343 0.47621211 -0.16140190
v -0.33174762 0.47509661 -0.15441710
v -0.33284202 0.47472042 -0.15502128
v -0.33103442 0.47279960 -0.15114109
v -0.33284202 0.47472042 -0.15502128
v -0.33366653 0.47202700 -0.15178919
v -0.33103442 0.47279960 -0.15114109
v -0.33552343 0.47320601 -0.16289029
v -0.33560652 0.47037041 -0.16671318
v -0.33850482 0.47418311 -0.16257939
v -0.33560652 0.47037041 -0.16671318
v -0.34070352 0.47110650 -0.16786918
v -0.33850482 0.47418311 -0.16257939
v -0.34083253 0.47602132 -0.16270709
v -0.34070352 0.47110650 -0.16786918
v -0.34259781 0.47331071 -0.16704318
v -0.34083253 0.47602132 -0.16270709
v -0.33850482 0.47418311 -0.16257939
v -0.34070352 0.47110650 -0.16786918
v -0.34083253 0.47602132 -0.16270709
v -0.34259781 0.47331071 -0.16704318
v -0.34465072 0.47767490 -0.16682610
v -0.34137681 0.47922650 -0.16209918
v -0.34083253 0.47602132 -0.16270709
v -0.34465072 0.47767490 -0.16682610
v -0.34141293 0.48160940 -0.16267799
v -0.34137681 0.47922650 -0.16209918
v -0.34451401 0.48156852 -0.16675869
v -0.34451401 0.48156852 -0.16675869
v -0.34137681 0.47922650 -0.16209918
v -0.34465072 0.47767490 -0.16682610
v -0.34141293 0.48160940 -0.16267799
v -0.33972383 0.48372802 -0.16231358
v -0.34052652 0.48086691 -0.15983799
v -0.33972383 0.48372802 -0.16231358
v -0.34141293 0.48160940 -0.16267799
v -0.34374991 0.48507363 -0.16793889
v -0.34141293 0.48160940 -0.16267799
v -0.34451401 0.48156852 -0.16675869
v -0.34374991 0.48507363 -0.16793889
v -0.33972383 0.48372802 -0.16231358
v -0.33865973 0.48884711 -0.16790159
v -0.33782822 0.48473641 -0.16198389
v -0.33972383 0.48372802 -0.16231358
v -0.34139264 0.48762390 -0.16816589
v -0.33865973 0.48884711 -0.16790159
v -0.33972383 0.48372802 -0.16231358
v -0.34374991 0.48507363 -0.16793889
v -0.34139264 0.48762390 -0.16816589
v -0.33601654 0.48713642 -0.16481268
v -0.33471513 0.48542291 -0.16242059
v -0.33782822 0.48473641 -0.16198389
v -0.33601654 0.48713642 -0.16481268
v -0.33782822 0.48473641 -0.16198389
v -0.33865973 0.48884711 -0.16790159
v -0.33601654 0.48713642 -0.16481268
v -0.33125514 0.48784572 -0.16729829
v -0.33471513 0.48542291 -0.16242059
v -0.33601654 0.48713642 -0.16481268
v -0.33361042 0.48932761 -0.16847719
v -0.33125514 0.48784572 -0.16729829
v -0.33024451 0.48623902 -0.16620550
v -0.33177131 0.48314422 -0.16114408
v -0.33471513 0.48542291 -0.16242059
v -0.33024451 0.48623902 -0.16620550
v -0.33471513 0.48542291 -0.16242059
v -0.33125514 0.48784572 -0.16729829
v -0.33010194 0.48219800 -0.16277759
v -0.33022621 0.48057541 -0.16179949
v -0.33177131 0.48314422 -0.16114408
v -0.33010194 0.48219800 -0.16277759
v -0.33177131 0.48314422 -0.16114408
v -0.33024451 0.48623902 -0.16620550
v -0.32701662 0.48326141 -0.16737199
v -0.33010194 0.48219800 -0.16277759
v -0.33024451 0.48623902 -0.16620550
v -0.33010194 0.48219800 -0.16277759
v -0.32596204 0.47885001 -0.16781859
v -0.33022621 0.48057541 -0.16179949
v -0.33010194 0.48219800 -0.16277759
v -0.32701662 0.48326141 -0.16737199
v -0.32596204 0.47885001 -0.16781859
v -0.32958633 0.47729051 -0.16328460
v -0.32596204 0.47885001 -0.16781859
v -0.32698312 0.47544360 -0.16768718
v -0.32958633 0.47729051 -0.16328460
v -0.33129343 0.47621211 -0.16140190
v -0.33065772 0.47875983 -0.16025129
v -0.32958633 0.47729051 -0.16328460
v -0.33022621 0.48057541 -0.16179949
v -0.32596204 0.47885001 -0.16781859
v -0.32958633 0.47729051 -0.16328460
v -0.33065772 0.47875983 -0.16025129
v -0.33022621 0.48057541 -0.16179949
v -0.33032513 0.47437170 -0.16453949
v -0.33129343 0.47621211 -0.16140190
v -0.32958633 0.47729051 -0.16328460
v -0.33032513 0.47437170 -0.16453949
v -0.32958633 0.47729051 -0.16328460
v -0.32698312 0.47544360 -0.16768718
v -0.33552343 0.47320601 -0.16289029
v -0.33752742 0.47474471 -0.15992849
v -0.33404821 0.47470552 -0.16030198
v -0.33552343 0.47320601 -0.16289029
v -0.33404821 0.47470552 -0.16030198
v -0.33275583 0.47427112 -0.16262209
v -0.33552343 0.47320601 -0.16289029
v -0.33275583 0.47427112 -0.16262209
v -0.33560652 0.47037041 -0.16671318
v -0.33032513 0.47437170 -0.16453949
v -0.33030114 0.47139651 -0.16786209
v -0.33275583 0.47427112 -0.16262209
v -0.33030114 0.47139651 -0.16786209
v -0.33560652 0.47037041 -0.16671318
v -0.33275583 0.47427112 -0.16262209
v -0.33030114 0.47139651 -0.16786209
v -0.33319142 0.46963242 -0.16896139
v -0.33560652 0.47037041 -0.16671318
v -0.33032513 0.47437170 -0.16453949
v -0.33275583 0.47427112 -0.16262209
v -0.33129343 0.47621211 -0.16140190
v -0.33634022 0.46902221 -0.17013189
v -0.33913854 0.46954411 -0.17023419
v -0.33560652 0.47037041 -0.16671318
v -0.33913854 0.46954411 -0.17023419
v -0.34070352 0.47110650 -0.16786918
v -0.33560652 0.47037041 -0.16671318
v -0.33913854 0.46954411 -0.17023419
v -0.33634022 0.46902221 -0.17013189
v -0.33810282 0.46885011 -0.17587879
v -0.33913854 0.46954411 -0.17023419
v -0.34126434 0.47005132 -0.17555270
v -0.34333381 0.47251561 -0.16941568
v -0.34333381 0.47251561 -0.16941568
v -0.34126434 0.47005132 -0.17555270
v -0.34415302 0.47268942 -0.17366388
v -0.34070352 0.47110650 -0.16786918
v -0.34333381 0.47251561 -0.16941568
v -0.34259781 0.47331071 -0.16704318
v -0.34070352 0.47110650 -0.16786918
v -0.33913854 0.46954411 -0.17023419
v -0.34333381 0.47251561 -0.16941568
v -0.33913854 0.46954411 -0.17023419
v -0.33810282 0.46885011 -0.17587879
v -0.34126434 0.47005132 -0.17555270
v -0.34333381 0.47251561 -0.16941568
v -0.34415302 0.47268942 -0.17366388
v -0.34522423 0.47563380 -0.16934869
v -0.34522423 0.47563380 -0.16934869
v -0.34415302 0.47268942 -0.17366388
v -0.34586433 0.47556663 -0.17392169
v -0.34333381 0.47251561 -0.16941568
v -0.34522423 0.47563380 -0.16934869
v -0.34259781 0.47331071 -0.16704318
v -0.34522423 0.47563380 -0.16934869
v -0.34465072 0.47767490 -0.16682610
v -0.34259781 0.47331071 -0.16704318
v -0.34631053 0.47912401 -0.17037508
v -0.34465072 0.47767490 -0.16682610
v -0.34522423 0.47563380 -0.16934869
v -0.34631053 0.47912401 -0.17037508
v -0.34522423 0.47563380 -0.16934869
v -0.34586433 0.47556663 -0.17392169
v -0.34556973 0.48300710 -0.16988888
v -0.34374991 0.48507363 -0.16793889
v -0.34451401 0.48156852 -0.16675869
v -0.34556973 0.48300710 -0.16988888
v -0.34451401 0.48156852 -0.16675869
v -0.34631053 0.47912401 -0.17037508
v -0.34631053 0.47912401 -0.17037508
v -0.34451401 0.48156852 -0.16675869
v -0.34465072 0.47767490 -0.16682610
v -0.34556973 0.48300710 -0.16988888
v -0.34631053 0.47912401 -0.17037508
v -0.34655774 0.48077920 -0.17451389
v -0.34374991 0.48507363 -0.16793889
v -0.34556973 0.48300710 -0.16988888
v -0.34335244 0.48705781 -0.17169039
v -0.34139264 0.48762390 -0.16816589
v -0.34335244 0.48705781 -0.17169039
v -0.33937073 0.48975882 -0.17420349
v -0.34335244 0.48705781 -0.17169039
v -0.34139264 0.48762390 -0.16816589
v -0.34374991 0.48507363 -0.16793889
v -0.33565053 0.49024540 -0.17131759
v -0.33361042 0.48932761 -0.16847719
v -0.33865973 0.48884711 -0.16790159
v -0.33865973 0.48884711 -0.16790159
v -0.33361042 0.48932761 -0.16847719
v -0.33601654 0.48713642 -0.16481268
v -0.33565053 0.49024540 -0.17131759
v -0.33865973 0.48884711 -0.16790159
v -0.33937073 0.48975882 -0.17420349
v -0.33865973 0.48884711 -0.16790159
v -0.34139264 0.48762390 -0.16816589
v -0.33937073 0.48975882 -0.17420349
v -0.33361042 0.48932761 -0.16847719
v -0.33565053 0.49024540 -0.17131759
v -0.33055192 0.48891822 -0.17229809
v -0.33565053 0.49024540 -0.17131759
v -0.33272672 0.48995072 -0.17684479
v -0.33055192 0.48891822 -0.17229809
v -0.32853931 0.48718750 -0.17020719
v -0.32717201 0.48517802 -0.16918489
v -0.33125514 0.48784572 -0.16729829
v -0.32853931 0.48718750 -0.17020719
v -0.33125514 0.48784572 -0.16729829
v -0.33361042 0.48932761 -0.16847719
v -0.32853931 0.48718750 -0.17020719
v -0.33361042 0.48932761 -0.16847719
v -0.33055192 0.48891822 -0.17229809
v -0.32853931 0.48718750 -0.17020719
v -0.32676524 0.48553321 -0.17280589
v -0.32717201 0.48517802 -0.16918489
v -0.32717201 0.48517802 -0.16918489
v -0.32676524 0.48553321 -0.17280589
v -0.32530063 0.48188323 -0.17122959
v -0.32717201 0.48517802 -0.16918489
v -0.32701662 0.48326141 -0.16737199
v -0.33024451 0.48623902 -0.16620550
v -0.32717201 0.48517802 -0.16918489
v -0.33024451 0.48623902 -0.16620550
v -0.33125514 0.48784572 -0.16729829
v -0.32853931 0.48718750 -0.17020719
v -0.32920653 0.48829180 -0.17647108
v -0.32676524 0.48553321 -0.17280589
v -0.32515374 0.47965592 -0.17017299
v -0.32596204 0.47885001 -0.16781859
v -0.32701662 0.48326141 -0.16737199
v -0.32530063 0.48188323 -0.17122959
v -0.32515374 0.47965592 -0.17017299
v -0.32701662 0.48326141 -0.16737199
v -0.32530063 0.48188323 -0.17122959
v -0.32701662 0.48326141 -0.16737199
v -0.32717201 0.48517802 -0.16918489
v -0.32592201 0.47536060 -0.17063218
v -0.32698312 0.47544360 -0.16768718
v -0.32596204 0.47885001 -0.16781859
v -0.32596204 0.47885001 -0.16781859
v -0.32515374 0.47965592 -0.17017299
v -0.32592201 0.47536060 -0.17063218
v -0.32592201 0.47536060 -0.17063218
v -0.32792023 0.47230241 -0.17053999
v -0.32698312 0.47544360 -0.16768718
v -0.32792023 0.47230241 -0.17053999
v -0.33030114 0.47139651 -0.16786209
v -0.32698312 0.47544360 -0.16768718
v -0.32698312 0.47544360 -0.16768718
v -0.33030114 0.47139651 -0.16786209
v -0.33032513 0.47437170 -0.16453949
v -0.32792023 0.47230241 -0.17053999
v -0.32592201 0.47536060 -0.17063218
v -0.32736713 0.47246021 -0.17627519
v -0.33319142 0.46963242 -0.16896139
v -0.33406943 0.46870932 -0.17502339
v -0.33634022 0.46902221 -0.17013189
v -0.33319142 0.46963242 -0.16896139
v -0.33634022 0.46902221 -0.17013189
v -0.33560652 0.47037041 -0.16671318
v -0.33319142 0.46963242 -0.16896139
v -0.32992163 0.47016633 -0.17413159
v -0.33406943 0.46870932 -0.17502339
v -0.32792023 0.47230241 -0.17053999
v -0.32992163 0.47016633 -0.17413159
v -0.33030114 0.47139651 -0.16786209
v -0.33030114 0.47139651 -0.16786209
v -0.32992163 0.47016633 -0.17413159
v -0.33319142 0.46963242 -0.16896139
v -0.33610111 0.47034511 -0.18554109
v -0.33435214 0.47116312 -0.18584940
v -0.33914194 0.47100902 -0.18557349
v -0.33914194 0.47100902 -0.18557349
v -0.33435214 0.47116312 -0.18584940
v -0.34252483 0.47331423 -0.18558659
v -0.33914194 0.47100902 -0.18557349
v -0.34252483 0.47331423 -0.18558659
v -0.34279892 0.47164831 -0.18005159
v -0.34415653 0.47632241 -0.18571769
v -0.34252483 0.47331423 -0.18558659
v -0.33435214 0.47116312 -0.18584940
v -0.34489912 0.47937071 -0.18552050
v -0.34567323 0.47776192 -0.18201378
v -0.34415653 0.47632241 -0.18571769
v -0.34489912 0.47937071 -0.18552050
v -0.34415653 0.47632241 -0.18571769
v -0.34280312 0.48123342 -0.18590769
v -0.34489912 0.47937071 -0.18552050
v -0.34284192 0.48528242 -0.18562609
v -0.34436572 0.48294121 -0.18500298
v -0.34489912 0.47937071 -0.18552050
v -0.34280312 0.48123342 -0.18590769
v -0.34284192 0.48528242 -0.18562609
v -0.34284192 0.48528242 -0.18562609
v -0.34280312 0.48123342 -0.18590769
v -0.33933231 0.48786572 -0.18578589
v -0.33543414 0.48887610 -0.18530509
v -0.33933231 0.48786572 -0.18578589
v -0.33336341 0.48763391 -0.18583140
v -0.33336341 0.48763391 -0.18583140
v -0.33303952 0.48830351 -0.18550639
v -0.33543414 0.48887610 -0.18530509
v -0.32987043 0.48654851 -0.18554269
v -0.33162782 0.48897150 -0.18103969
v -0.33303952 0.48830351 -0.18550639
v -0.32987043 0.48654851 -0.18554269
v -0.33303952 0.48830351 -0.18550639
v -0.33336341 0.48763391 -0.18583140
v -0.32727212 0.48161161 -0.18577990
v -0.32674241 0.48191941 -0.18523949
v -0.32757902 0.48414120 -0.18510269
v -0.32727212 0.48161161 -0.18577990
v -0.32757902 0.48414120 -0.18510269
v -0.32987043 0.48654851 -0.18554269
v -0.32727212 0.48161161 -0.18577990
v -0.32987043 0.48654851 -0.18554269
v -0.33336341 0.48763391 -0.18583140
v -0.32727212 0.48161161 -0.18577990
v -0.32650551 0.47940201 -0.18546399
v -0.32674241 0.48191941 -0.18523949
v -0.32812473 0.47442353 -0.18565719
v -0.32727212 0.48161161 -0.18577990
v -0.33435214 0.47116312 -0.18584940
v -0.32650551 0.47940201 -0.18546399
v -0.32812473 0.47442353 -0.18565719
v -0.32642204 0.47697762 -0.18419379
v -0.32650551 0.47940201 -0.18546399
v -0.32727212 0.48161161 -0.18577990
v -0.32812473 0.47442353 -0.18565719
v -0.32812473 0.47442353 -0.18565719
v -0.33435214 0.47116312 -0.18584940
v -0.33023822 0.47217762 -0.18562549
v -0.32812473 0.47442353 -0.18565719
v -0.33023822 0.47217762 -0.18562549
v -0.32917362 0.47147742 -0.18095610
v -0.33404192 0.47038531 -0.18537359
v -0.33435214 0.47116312 -0.18584940
v -0.33610111 0.47034511 -0.18554109
v -0.33023822 0.47217762 -0.18562549
v -0.33435214 0.47116312 -0.18584940
v -0.33404192 0.47038531 -0.18537359
v -0.34059003 0.47282961 -0.15116400
v -0.33795562 0.47135392 -0.15127748
v -0.33728734 0.47172460 -0.15147929
v -0.34317294 0.47609431 -0.15114188
v -0.34308332 0.47521061 -0.15198599
v -0.34059003 0.47282961 -0.15116400
v -0.34059003 0.47282961 -0.15116400
v -0.34142941 0.47403511 -0.15152299
v -0.34317294 0.47609431 -0.15114188
v -0.34355843 0.47778541 -0.15116438
v -0.34412432 0.47876450 -0.15131438
v -0.34317294 0.47609431 -0.15114188
v -0.34412432 0.47876450 -0.15131438
v -0.34355843 0.47778541 -0.15116438
v -0.34335583 0.48227292 -0.15116608
v -0.34132743 0.48535660 -0.15123978
v -0.34341103 0.48328641 -0.15166509
v -0.34335583 0.48227292 -0.15116608
v -0.33863482 0.48708141 -0.15112159
v -0.34132794 0.48587993 -0.15180819
v -0.34132743 0.48535660 -0.15123978
v -0.33863482 0.48708141 -0.15112159
v -0.33748722 0.48675260 -0.15226078
v -0.33515513 0.48752150 -0.15129589
v -0.33863482 0.48708141 -0.15112159
v -0.33515513 0.48752150 -0.15129589
v -0.33507392 0.48798293 -0.15127239
v -0.33185151 0.48674631 -0.15112449
v -0.33507392 0.48798293 -0.15127239
v -0.33515513 0.48752150 -0.15129589
v -0.32996693 0.48525071 -0.15113640
v -0.32828012 0.48267323 -0.15123349
v -0.32840902 0.48392692 -0.15166590
v -0.32828012 0.48267323 -0.15123349
v -0.32763514 0.48027962 -0.15117478
v -0.32735753 0.48113972 -0.15150219
v -0.32828012 0.48267323 -0.15123349
v -0.32735753 0.48113972 -0.15150219
v -0.32840902 0.48392692 -0.15166590
v -0.32778943 0.47788653 -0.15126169
v -0.32750323 0.47726151 -0.15134749
v -0.32763514 0.48027962 -0.15117478
v -0.32908973 0.47495282 -0.15117469
v -0.33103442 0.47279960 -0.15114109
v -0.32877472 0.47450170 -0.15173629
v -0.32908973 0.47495282 -0.15117469
v -0.32750323 0.47726151 -0.15134749
v -0.32778943 0.47788653 -0.15126169
v -0.32908973 0.47495282 -0.15117469
v -0.32877472 0.47450170 -0.15173629
v -0.32750323 0.47726151 -0.15134749
v -0.33103442 0.47279960 -0.15114109
v -0.33366653 0.47202700 -0.15178919
v -0.33318484 0.47163212 -0.15114638
v -0.33318484 0.47163212 -0.15114638
v -0.33795562 0.47135392 -0.15127748
v -0.33419192 0.47110102 -0.15192609
v -0.33318484 0.47163212 -0.15114638
v -0.33728734 0.47172460 -0.15147929
v -0.33795562 0.47135392 -0.15127748
v -0.33318484 0.47163212 -0.15114638
v -0.33366653 0.47202700 -0.15178919
v -0.33728734 0.47172460 -0.15147929
vn -0.43292218 -0.87151206 -0.23031530
vn -0.23420307 -0.86597270 -0.44185996
vn 0.12870552 -0.98883975 -0.07503921
vn -0.43292218 -0.87151206 -0.23031530
vn 0.12870552 -0.98883975 -0.07503921
vn -0.08363061 -0.75975871 0.64480436
vn -0.43292218 -0.87151206 -0.23031530
vn -0.08363061 -0.75975871 0.64480436
vn -0.37342033 -0.26162937 0.89000410
vn -0.43292218 -0.87151206 -0.23031530
vn -0.37342033 -0.26162937 0.89000410
vn -0.84432721 -0.52636266 -0.10026932
vn -0.95372075 0.07477165 -0.29124889
vn -0.84432721 -0.52636266 -0.10026932
vn -0.88987124 -0.09793323 0.44557634
vn -0.88987124 -0.09793323 0.44557634
vn -0.84432721 -0.52636266 -0.10026932
vn -0.22855127 -0.08949324 0.96940976
vn -0.88602567 0.45051193 0.10953292
vn -0.95372075 0.07477165 -0.29124889
vn -0.88987124 -0.09793323 0.44557634
vn -0.88602567 0.45051193 0.10953292
vn -0.88987124 -0.09793323 0.44557634
vn -0.13132897 -0.03010235 0.99088168
vn -0.63950258 0.76877946 -0.00382600
vn -0.88602567 0.45051193 0.10953292
vn -0.08752917 0.06568657 0.99399394
vn -0.63950258 0.76877946 -0.00382600
vn -0.11791996 0.26798075 0.95618051
vn -0.21817763 0.96630055 -0.13660809
vn -0.63950258 0.76877946 -0.00382600
vn -0.21817763 0.96630055 -0.13660809
vn -0.40466443 0.82354325 -0.39752138
vn -0.21817763 0.96630055 -0.13660809
vn -0.11791996 0.26798075 0.95618051
vn 0.05806416 0.84009153 0.53932804
vn 0.05806416 0.84009153 0.53932804
vn 0.29769945 0.93146342 -0.20916720
vn -0.21817763 0.96630055 -0.13660809
vn 0.05806416 0.84009153 0.53932804
vn 0.18759575 0.28489330 0.94002318
vn 0.29769945 0.93146342 -0.20916720
vn 0.60244930 0.76656407 -0.22233841
vn 0.29769945 0.93146342 -0.20916720
vn 0.18759575 0.28489330 0.94002318
vn 0.60244930 0.76656407 -0.22233841
vn 0.18759575 0.28489330 0.94002318
vn 0.12058204 0.22003193 0.96801132
vn 0.60244930 0.76656407 -0.22233841
vn 0.12058204 0.22003193 0.96801132
vn 0.85251856 0.50929725 0.11759450
vn 0.95650339 0.20370905 0.20881543
vn 0.81621754 0.27424097 -0.50850844
vn 0.85251856 0.50929725 0.11759450
vn 0.95650339 0.20370905 0.20881543
vn 0.89312834 -0.12949075 -0.43075970
vn 0.81621754 0.27424097 -0.50850844
vn 0.95650339 0.20370905 0.20881543
vn 0.85851198 -0.24622825 0.44980973
vn 0.89312834 -0.12949075 -0.43075970
vn 0.85851198 -0.24622825 0.44980973
vn 0.95650339 0.20370905 0.20881543
vn -0.00840669 -0.04177174 0.99909180
vn 0.85851198 -0.24622825 0.44980973
vn 0.81381434 -0.57834935 0.05672973
vn 0.89312834 -0.12949075 -0.43075970
vn -0.05570235 -0.98211414 -0.17985834
vn 0.01639877 -0.99898899 -0.04185861
vn -0.34393296 -0.92483091 -0.16247438
vn -0.05570235 -0.98211414 -0.17985834
vn -0.34393296 -0.92483091 -0.16247438
vn -0.24681038 -0.69131470 -0.67909396
vn -0.05570235 -0.98211414 -0.17985834
vn -0.24681038 -0.69131470 -0.67909396
vn 0.06831783 -0.82238537 -0.56481409
vn 0.12870552 -0.98883975 -0.07503921
vn 0.55581748 -0.81643152 -0.15654549
vn 0.15040307 -0.32261726 0.93450361
vn 0.55581748 -0.81643152 -0.15654549
vn 0.81381434 -0.57834935 0.05672973
vn 0.11670037 -0.18218940 0.97631347
vn 0.55581748 -0.81643152 -0.15654549
vn 0.11670037 -0.18218940 0.97631347
vn 0.15040307 -0.32261726 0.93450361
vn -0.01910088 0.01705086 -0.99967217
vn 0.14218102 -0.29317540 -0.94542730
vn -0.02834191 -0.38731530 -0.92151159
vn -0.01910088 0.01705086 -0.99967217
vn -0.02834191 -0.38731530 -0.92151159
vn -0.33264667 -0.31561923 -0.88866794
vn 0.04250756 0.05894397 -0.99735588
vn -0.01910088 0.01705086 -0.99967217
vn 0.00933926 0.66867608 -0.74349517
vn -0.01910088 0.01705086 -0.99967217
vn 0.04250756 0.05894397 -0.99735588
vn 0.14218102 -0.29317540 -0.94542730
vn 0.04250756 0.05894397 -0.99735588
vn 0.39207721 0.08049643 -0.91640371
vn 0.14218102 -0.29317540 -0.94542730
vn -0.33105275 -0.94358909 0.00660940
vn -0.34393296 -0.92483091 -0.16247438
vn 0.01639877 -0.99898899 -0.04185861
vn -0.33105275 -0.94358909 0.00660940
vn 0.01639877 -0.99898899 -0.04185861
vn 0.01667573 -0.98026812 0.19696781
vn -0.33105275 -0.94358909 0.00660940
vn 0.01667573 -0.98026812 0.19696781
vn -0.26677871 -0.94196355 0.20379852
vn -0.22290026 -0.93460613 0.27717662
vn -0.24789798 -0.80670041 0.53645229
vn 0.20503616 -0.88332289 0.42154580
vn -0.06311690 -0.99764520 -0.02683795
vn 0.24365713 -0.87548232 -0.41732711
vn -0.23420307 -0.86597270 -0.44185996
vn -0.06311690 -0.99764520 -0.02683795
vn -0.23420307 -0.86597270 -0.44185996
vn -0.51372576 -0.85164458 -0.10386208
vn -0.06311690 -0.99764520 -0.02683795
vn -0.51372576 -0.85164458 -0.10386208
vn -0.22290026 -0.93460613 0.27717662
vn -0.23420307 -0.86597270 -0.44185996
vn 0.24365713 -0.87548232 -0.41732711
vn 0.12870552 -0.98883975 -0.07503921
vn -0.34393296 -0.92483091 -0.16247438
vn -0.49428999 -0.70170164 -0.51312006
vn -0.24681038 -0.69131470 -0.67909396
vn -0.66628450 -0.71797228 -0.20144671
vn -0.34393296 -0.92483091 -0.16247438
vn -0.56795353 -0.82004035 -0.07044590
vn -0.34393296 -0.92483091 -0.16247438
vn -0.33105275 -0.94358909 0.00660940
vn -0.56795353 -0.82004035 -0.07044590
vn -0.34393296 -0.92483091 -0.16247438
vn -0.66628450 -0.71797228 -0.20144671
vn -0.49428999 -0.70170164 -0.51312006
vn -0.56795353 -0.82004035 -0.07044590
vn -0.33105275 -0.94358909 0.00660940
vn -0.57858545 -0.78793418 0.21070975
vn -0.56795353 -0.82004035 -0.07044590
vn -0.57858545 -0.78793418 0.21070975
vn -0.74891174 -0.66208196 -0.02790468
vn -0.74891174 -0.66208196 -0.02790468
vn -0.57858545 -0.78793418 0.21070975
vn -0.81385559 -0.55977976 0.15583876
vn -0.56795353 -0.82004035 -0.07044590
vn -0.74891174 -0.66208196 -0.02790468
vn -0.66628450 -0.71797228 -0.20144671
vn -0.51372576 -0.85164458 -0.10386208
vn -0.70677346 -0.69336826 0.14039865
vn -0.22290026 -0.93460613 0.27717662
vn -0.70677346 -0.69336826 0.14039865
vn -0.62619847 -0.58844250 0.51147914
vn -0.22290026 -0.93460613 0.27717662
vn -0.51372576 -0.85164458 -0.10386208
vn -0.56578529 -0.70178241 -0.43288386
vn -0.79628617 -0.48249128 -0.36487055
vn -0.56578529 -0.70178241 -0.43288386
vn -0.51372576 -0.85164458 -0.10386208
vn -0.23420307 -0.86597270 -0.44185996
vn -0.56578529 -0.70178241 -0.43288386
vn -0.23420307 -0.86597270 -0.44185996
vn -0.43292218 -0.87151206 -0.23031530
vn -0.84328806 -0.50866151 -0.17357616
vn -0.70477480 -0.35979268 -0.61142600
vn -0.66628450 -0.71797228 -0.20144671
vn -0.84328806 -0.50866151 -0.17357616
vn -0.66628450 -0.71797228 -0.20144671
vn -0.74891174 -0.66208196 -0.02790468
vn -0.84328806 -0.50866151 -0.17357616
vn -0.95031917 -0.27122846 -0.15273711
vn -0.70477480 -0.35979268 -0.61142600
vn -0.74891174 -0.66208196 -0.02790468
vn -0.81385559 -0.55977976 0.15583876
vn -0.91653818 -0.39980355 0.01072139
vn -0.74891174 -0.66208196 -0.02790468
vn -0.91653818 -0.39980355 0.01072139
vn -0.84328806 -0.50866151 -0.17357616
vn -0.91653818 -0.39980355 0.01072139
vn -0.95031917 -0.27122846 -0.15273711
vn -0.84328806 -0.50866151 -0.17357616
vn -0.70677346 -0.69336826 0.14039865
vn -0.51372576 -0.85164458 -0.10386208
vn -0.79628617 -0.48249128 -0.36487055
vn -0.70677346 -0.69336826 0.14039865
vn -0.79628617 -0.48249128 -0.36487055
vn -0.95823497 -0.25160539 0.13594297
vn -0.70677346 -0.69336826 0.14039865
vn -0.95823497 -0.25160539 0.13594297
vn -0.81786174 -0.36385885 0.44576779
vn -0.70677346 -0.69336826 0.14039865
vn -0.81786174 -0.36385885 0.44576779
vn -0.62619847 -0.58844250 0.51147914
vn -0.79628617 -0.48249128 -0.36487055
vn -0.56578529 -0.70178241 -0.43288386
vn -0.84432721 -0.52636266 -0.10026932
vn -0.84432721 -0.52636266 -0.10026932
vn -0.56578529 -0.70178241 -0.43288386
vn -0.43292218 -0.87151206 -0.23031530
vn -0.95031917 -0.27122846 -0.15273711
vn -0.98900002 0.00315885 -0.14788167
vn -0.85112578 0.03847518 -0.52355003
vn -0.99229193 -0.11609594 0.04334133
vn -0.95031917 -0.27122846 -0.15273711
vn -0.91653818 -0.39980355 0.01072139
vn -0.99229193 -0.11609594 0.04334133
vn -0.98900002 0.00315885 -0.14788167
vn -0.95031917 -0.27122846 -0.15273711
vn -0.95823497 -0.25160539 0.13594297
vn -0.90607125 -0.07229231 0.41690367
vn -0.81786174 -0.36385885 0.44576779
vn -0.98439324 0.00332798 -0.17595120
vn -0.79628617 -0.48249128 -0.36487055
vn -0.88467038 -0.03025832 -0.46523413
vn -0.95823497 -0.25160539 0.13594297
vn -0.79628617 -0.48249128 -0.36487055
vn -0.98439324 0.00332798 -0.17595120
vn -0.88467038 -0.03025832 -0.46523413
vn -0.79628617 -0.48249128 -0.36487055
vn -0.84432721 -0.52636266 -0.10026932
vn -0.88467038 -0.03025832 -0.46523413
vn -0.84432721 -0.52636266 -0.10026932
vn -0.95372075 0.07477165 -0.29124889
vn -0.93764091 0.30870917 -0.15977550
vn -0.85112578 0.03847518 -0.52355003
vn -0.98900002 0.00315885 -0.14788167
vn -0.97528309 0.22095853 0.00051999
vn -0.98900002 0.00315885 -0.14788167
vn -0.99229193 -0.11609594 0.04334133
vn -0.97528309 0.22095853 0.00051999
vn -0.99229193 -0.11609594 0.04334133
vn -0.97467983 0.04603434 0.21881509
vn -0.97528309 0.22095853 0.00051999
vn -0.97467983 0.04603434 0.21881509
vn -0.89899671 0.41528881 0.13906869
vn -0.97528309 0.22095853 0.00051999
vn -0.93764091 0.30870917 -0.15977550
vn -0.98900002 0.00315885 -0.14788167
vn -0.97528309 0.22095853 0.00051999
vn -0.83062369 0.55681145 -0.00503059
vn -0.93764091 0.30870917 -0.15977550
vn -0.98439324 0.00332798 -0.17595120
vn -0.94317490 0.33073962 -0.03213098
vn -0.95823497 -0.25160539 0.13594297
vn -0.94317490 0.33073962 -0.03213098
vn -0.88730007 0.40990996 0.21135847
vn -0.90607125 -0.07229231 0.41690367
vn -0.94317490 0.33073962 -0.03213098
vn -0.90607125 -0.07229231 0.41690367
vn -0.95823497 -0.25160539 0.13594297
vn -0.88467038 -0.03025832 -0.46523413
vn -0.88602567 0.45051193 0.10953292
vn -0.76440209 0.47087532 -0.44041553
vn -0.88467038 -0.03025832 -0.46523413
vn -0.95372075 0.07477165 -0.29124889
vn -0.88602567 0.45051193 0.10953292
vn -0.88467038 -0.03025832 -0.46523413
vn -0.76440209 0.47087532 -0.44041553
vn -0.98439324 0.00332798 -0.17595120
vn -0.78397369 0.59340405 -0.18236472
vn -0.67115831 0.37283200 -0.64073616
vn -0.93764091 0.30870917 -0.15977550
vn -0.83062369 0.55681145 -0.00503059
vn -0.78397369 0.59340405 -0.18236472
vn -0.93764091 0.30870917 -0.15977550
vn -0.83062369 0.55681145 -0.00503059
vn -0.97528309 0.22095853 0.00051999
vn -0.89899671 0.41528881 0.13906869
vn -0.83062369 0.55681145 -0.00503059
vn -0.60619283 0.79386359 -0.04807109
vn -0.78397369 0.59340405 -0.18236472
vn -0.94317490 0.33073962 -0.03213098
vn -0.98439324 0.00332798 -0.17595120
vn -0.76440209 0.47087532 -0.44041553
vn -0.88730007 0.40990996 0.21135847
vn -0.94317490 0.33073962 -0.03213098
vn -0.62471145 0.77586216 -0.08816773
vn -0.94317490 0.33073962 -0.03213098
vn -0.76440209 0.47087532 -0.44041553
vn -0.62471145 0.77586216 -0.08816773
vn -0.88730007 0.40990996 0.21135847
vn -0.62471145 0.77586216 -0.08816773
vn -0.51818508 0.74970609 0.41161269
vn -0.88730007 0.40990996 0.21135847
vn -0.51818508 0.74970609 0.41161269
vn -0.80031693 0.33796418 0.49525046
vn -0.76440209 0.47087532 -0.44041553
vn -0.88602567 0.45051193 0.10953292
vn -0.63950258 0.76877946 -0.00382600
vn -0.49055955 0.85608220 -0.16271016
vn -0.50398898 0.65719569 -0.56043643
vn -0.78397369 0.59340405 -0.18236472
vn -0.49055955 0.85608220 -0.16271016
vn -0.78397369 0.59340405 -0.18236472
vn -0.60619283 0.79386359 -0.04807109
vn -0.60619283 0.79386359 -0.04807109
vn -0.83062369 0.55681145 -0.00503059
vn -0.67123979 0.71671534 0.18909322
vn -0.60619283 0.79386359 -0.04807109
vn -0.43145066 0.89536178 0.11035211
vn -0.49055955 0.85608220 -0.16271016
vn -0.62471145 0.77586216 -0.08816773
vn -0.76440209 0.47087532 -0.44041553
vn -0.40466443 0.82354325 -0.39752138
vn -0.62471145 0.77586216 -0.08816773
vn -0.09951161 0.99413145 0.04242829
vn -0.51818508 0.74970609 0.41161269
vn -0.40466443 0.82354325 -0.39752138
vn -0.76440209 0.47087532 -0.44041553
vn -0.63950258 0.76877946 -0.00382600
vn -0.23370300 0.95776266 -0.16755186
vn -0.21577418 0.62689954 -0.74862438
vn -0.49055955 0.85608220 -0.16271016
vn -0.23370300 0.95776266 -0.16755186
vn 0.07706421 0.98537356 -0.15198703
vn 0.00933926 0.66867608 -0.74349517
vn -0.43145066 0.89536178 0.11035211
vn -0.14985980 0.98844540 -0.02275376
vn -0.49055955 0.85608220 -0.16271016
vn -0.14985980 0.98844540 -0.02275376
vn -0.23370300 0.95776266 -0.16755186
vn -0.49055955 0.85608220 -0.16271016
vn -0.14985980 0.98844540 -0.02275376
vn -0.43145066 0.89536178 0.11035211
vn -0.21248513 0.96149659 0.17428248
vn -0.21248513 0.96149659 0.17428248
vn 0.02785637 0.97522134 0.21947062
vn -0.14985980 0.98844540 -0.02275376
vn -0.14985980 0.98844540 -0.02275376
vn 0.07706421 0.98537356 -0.15198703
vn -0.23370300 0.95776266 -0.16755186
vn -0.09951161 0.99413145 0.04242829
vn 0.00147652 0.87410200 0.48574021
vn -0.51818508 0.74970609 0.41161269
vn -0.09951161 0.99413145 0.04242829
vn -0.62471145 0.77586216 -0.08816773
vn -0.40466443 0.82354325 -0.39752138
vn -0.40466443 0.82354325 -0.39752138
vn 0.01973028 0.91170079 -0.41038078
vn -0.09951161 0.99413145 0.04242829
vn -0.40466443 0.82354325 -0.39752138
vn -0.21817763 0.96630055 -0.13660809
vn 0.01973028 0.91170079 -0.41038078
vn 0.34360027 0.92408812 -0.16733192
vn 0.00933926 0.66867608 -0.74349517
vn 0.07706421 0.98537356 -0.15198703
vn 0.29018557 0.64432698 -0.70755571
vn 0.00933926 0.66867608 -0.74349517
vn 0.34360027 0.92408812 -0.16733192
vn 0.22844097 0.97298068 0.03351673
vn 0.07706421 0.98537356 -0.15198703
vn -0.14985980 0.98844540 -0.02275376
vn 0.22844097 0.97298068 0.03351673
vn -0.14985980 0.98844540 -0.02275376
vn 0.02785637 0.97522134 0.21947062
vn 0.22844097 0.97298068 0.03351673
vn 0.34360027 0.92408812 -0.16733192
vn 0.07706421 0.98537356 -0.15198703
vn -0.09951161 0.99413145 0.04242829
vn 0.01973028 0.91170079 -0.41038078
vn 0.44442388 0.89367634 -0.06188745
vn 0.41276518 0.81510633 0.40648070
vn -0.09951161 0.99413145 0.04242829
vn 0.44442388 0.89367634 -0.06188745
vn 0.44442388 0.89367634 -0.06188745
vn 0.01973028 0.91170079 -0.41038078
vn 0.31258070 0.84039146 -0.44275901
vn -0.09951161 0.99413145 0.04242829
vn 0.41276518 0.81510633 0.40648070
vn 0.00147652 0.87410200 0.48574021
vn 0.01973028 0.91170079 -0.41038078
vn -0.21817763 0.96630055 -0.13660809
vn 0.29769945 0.93146342 -0.20916720
vn 0.01973028 0.91170079 -0.41038078
vn 0.29769945 0.93146342 -0.20916720
vn 0.31258070 0.84039146 -0.44275901
vn 0.67952698 0.70050496 -0.21802734
vn 0.29018557 0.64432698 -0.70755571
vn 0.34360027 0.92408812 -0.16733192
vn 0.67952698 0.70050496 -0.21802734
vn 0.34360027 0.92408812 -0.16733192
vn 0.57183760 0.81354809 -0.10555215
vn 0.29018557 0.64432698 -0.70755571
vn 0.67952698 0.70050496 -0.21802734
vn 0.47895688 0.48706877 -0.73031795
vn 0.52438074 0.85073209 0.03577384
vn 0.57183760 0.81354809 -0.10555215
vn 0.34360027 0.92408812 -0.16733192
vn 0.52438074 0.85073209 0.03577384
vn 0.34360027 0.92408812 -0.16733192
vn 0.22844097 0.97298068 0.03351673
vn 0.52438074 0.85073209 0.03577384
vn 0.69449139 0.68606031 0.21680175
vn 0.75500822 0.65565717 0.00873126
vn 0.52438074 0.85073209 0.03577384
vn 0.75500822 0.65565717 0.00873126
vn 0.57183760 0.81354809 -0.10555215
vn 0.44442388 0.89367634 -0.06188745
vn 0.31258070 0.84039146 -0.44275901
vn 0.68663430 0.68331850 -0.24821186
vn 0.80197674 0.57590020 0.15865770
vn 0.44442388 0.89367634 -0.06188745
vn 0.68663430 0.68331850 -0.24821186
vn 0.44442388 0.89367634 -0.06188745
vn 0.80197674 0.57590020 0.15865770
vn 0.41276518 0.81510633 0.40648070
vn 0.41276518 0.81510633 0.40648070
vn 0.80197674 0.57590020 0.15865770
vn 0.74889958 0.42231834 0.51068258
vn 0.31258070 0.84039146 -0.44275901
vn 0.29769945 0.93146342 -0.20916720
vn 0.60244930 0.76656407 -0.22233841
vn 0.31258070 0.84039146 -0.44275901
vn 0.60244930 0.76656407 -0.22233841
vn 0.63397682 0.56081748 -0.53250086
vn 0.31258070 0.84039146 -0.44275901
vn 0.63397682 0.56081748 -0.53250086
vn 0.68663430 0.68331850 -0.24821186
vn 0.67952698 0.70050496 -0.21802734
vn 0.57183760 0.81354809 -0.10555215
vn 0.83125192 0.54138857 -0.12616900
vn 0.67952698 0.70050496 -0.21802734
vn 0.83125192 0.54138857 -0.12616900
vn 0.74322581 0.32882732 -0.58265597
vn 0.83125192 0.54138857 -0.12616900
vn 0.95983362 0.22693448 -0.16498540
vn 0.74322581 0.32882732 -0.58265597
vn 0.75500822 0.65565717 0.00873126
vn 0.83125192 0.54138857 -0.12616900
vn 0.57183760 0.81354809 -0.10555215
vn 0.83125192 0.54138857 -0.12616900
vn 0.75500822 0.65565717 0.00873126
vn 0.94786352 0.31802973 -0.02029434
vn 0.75500822 0.65565717 0.00873126
vn 0.87227482 0.46945542 0.13692446
vn 0.94786352 0.31802973 -0.02029434
vn 0.94786352 0.31802973 -0.02029434
vn 0.95983362 0.22693448 -0.16498540
vn 0.83125192 0.54138857 -0.12616900
vn 0.80197674 0.57590020 0.15865770
vn 0.68663430 0.68331850 -0.24821186
vn 0.93249178 0.20543629 -0.29707751
vn 0.63397682 0.56081748 -0.53250086
vn 0.60244930 0.76656407 -0.22233841
vn 0.85251856 0.50929725 0.11759450
vn 0.85251856 0.50929725 0.11759450
vn 0.81621754 0.27424097 -0.50850844
vn 0.63397682 0.56081748 -0.53250086
vn 0.63397682 0.56081748 -0.53250086
vn 0.81621754 0.27424097 -0.50850844
vn 0.68663430 0.68331850 -0.24821186
vn 0.68663430 0.68331850 -0.24821186
vn 0.81621754 0.27424097 -0.50850844
vn 0.93249178 0.20543629 -0.29707751
vn 0.97561693 -0.08476561 -0.20245101
vn 0.95983362 0.22693448 -0.16498540
vn 0.98271745 -0.16960318 -0.07416978
vn 0.74322581 0.32882732 -0.58265597
vn 0.95983362 0.22693448 -0.16498540
vn 0.84686583 0.05943126 -0.52847534
vn 0.95983362 0.22693448 -0.16498540
vn 0.97561693 -0.08476561 -0.20245101
vn 0.84686583 0.05943126 -0.52847534
vn 0.96299440 0.19160366 0.18955168
vn 0.94786352 0.31802973 -0.02029434
vn 0.87227482 0.46945542 0.13692446
vn 0.94786352 0.31802973 -0.02029434
vn 0.96299440 0.19160366 0.18955168
vn 0.99972498 -0.01883547 0.01397118
vn 0.94786352 0.31802973 -0.02029434
vn 0.99972498 -0.01883547 0.01397118
vn 0.95983362 0.22693448 -0.16498540
vn 0.95983362 0.22693448 -0.16498540
vn 0.99972498 -0.01883547 0.01397118
vn 0.98271745 -0.16960318 -0.07416978
vn 0.93249178 0.20543629 -0.29707751
vn 0.98552382 0.02188884 0.16811801
vn 0.80197674 0.57590020 0.15865770
vn 0.98552382 0.02188884 0.16811801
vn 0.74889958 0.42231834 0.51068258
vn 0.80197674 0.57590020 0.15865770
vn 0.98552382 0.02188884 0.16811801
vn 0.93249178 0.20543629 -0.29707751
vn 0.96703917 -0.24885109 -0.05392938
vn 0.81621754 0.27424097 -0.50850844
vn 0.89312834 -0.12949075 -0.43075970
vn 0.93249178 0.20543629 -0.29707751
vn 0.97561693 -0.08476561 -0.20245101
vn 0.98271745 -0.16960318 -0.07416978
vn 0.90766609 -0.36658520 -0.20434678
vn 0.97561693 -0.08476561 -0.20245101
vn 0.90766609 -0.36658520 -0.20434678
vn 0.72751832 -0.11049698 -0.67713183
vn 0.90766609 -0.36658520 -0.20434678
vn 0.60573077 -0.26499924 -0.75024372
vn 0.72751832 -0.11049698 -0.67713183
vn 0.98271745 -0.16960318 -0.07416978
vn 0.99972498 -0.01883547 0.01397118
vn 0.94045693 -0.30283749 0.15437029
vn 0.98271745 -0.16960318 -0.07416978
vn 0.94045693 -0.30283749 0.15437029
vn 0.88679910 -0.46110544 -0.03113050
vn 0.88679910 -0.46110544 -0.03113050
vn 0.90766609 -0.36658520 -0.20434678
vn 0.98271745 -0.16960318 -0.07416978
vn 0.96703917 -0.24885109 -0.05392938
vn 0.93249178 0.20543629 -0.29707751
vn 0.86215746 -0.29200494 -0.41402614
vn 0.96703917 -0.24885109 -0.05392938
vn 0.84106410 -0.49226144 0.22425398
vn 0.98552382 0.02188884 0.16811801
vn 0.98552382 0.02188884 0.16811801
vn 0.84106410 -0.49226144 0.22425398
vn 0.87456918 -0.03497931 0.48363745
vn 0.87456918 -0.03497931 0.48363745
vn 0.84106410 -0.49226144 0.22425398
vn 0.75912952 -0.38832170 0.52242571
vn 0.86215746 -0.29200494 -0.41402614
vn 0.93249178 0.20543629 -0.29707751
vn 0.89312834 -0.12949075 -0.43075970
vn 0.72503090 -0.64741445 -0.23491439
vn 0.60573077 -0.26499924 -0.75024372
vn 0.90766609 -0.36658520 -0.20434678
vn 0.72503090 -0.64741445 -0.23491439
vn 0.90766609 -0.36658520 -0.20434678
vn 0.74867636 -0.64828032 -0.13862304
vn 0.90766609 -0.36658520 -0.20434678
vn 0.88679910 -0.46110544 -0.03113050
vn 0.74867636 -0.64828032 -0.13862304
vn 0.88679910 -0.46110544 -0.03113050
vn 0.94045693 -0.30283749 0.15437029
vn 0.81956941 -0.54230374 0.18496652
vn 0.88679910 -0.46110544 -0.03113050
vn 0.81956941 -0.54230374 0.18496652
vn 0.68396658 -0.72951287 -0.00081101
vn 0.88679910 -0.46110544 -0.03113050
vn 0.68396658 -0.72951287 -0.00081101
vn 0.74867636 -0.64828032 -0.13862304
vn 0.96703917 -0.24885109 -0.05392938
vn 0.86215746 -0.29200494 -0.41402614
vn 0.69304848 -0.63343710 -0.34415296
vn 0.84106410 -0.49226144 0.22425398
vn 0.96703917 -0.24885109 -0.05392938
vn 0.69304848 -0.63343710 -0.34415296
vn 0.69304848 -0.63343710 -0.34415296
vn 0.86215746 -0.29200494 -0.41402614
vn 0.89312834 -0.12949075 -0.43075970
vn 0.69304848 -0.63343710 -0.34415296
vn 0.89312834 -0.12949075 -0.43075970
vn 0.81381434 -0.57834935 0.05672973
vn 0.69304848 -0.63343710 -0.34415296
vn 0.81381434 -0.57834935 0.05672973
vn 0.55581748 -0.81643152 -0.15654549
vn 0.28280935 -0.94069248 -0.18739410
vn -0.05570235 -0.98211414 -0.17985834
vn 0.06831783 -0.82238537 -0.56481409
vn 0.01639877 -0.99898899 -0.04185861
vn 0.28280935 -0.94069248 -0.18739410
vn 0.27778047 -0.96055216 -0.01332590
vn 0.27778047 -0.96055216 -0.01332590
vn 0.30229515 -0.91155833 0.27870956
vn 0.01667573 -0.98026812 0.19696781
vn 0.27778047 -0.96055216 -0.01332590
vn 0.46754560 -0.86959279 0.15877500
vn 0.30229515 -0.91155833 0.27870956
vn 0.27778047 -0.96055216 -0.01332590
vn 0.01667573 -0.98026812 0.19696781
vn 0.01639877 -0.99898899 -0.04185861
vn 0.01639877 -0.99898899 -0.04185861
vn -0.05570235 -0.98211414 -0.17985834
vn 0.28280935 -0.94069248 -0.18739410
vn 0.44665816 -0.89137638 0.07710124
vn 0.24365713 -0.87548232 -0.41732711
vn -0.06311690 -0.99764520 -0.02683795
vn 0.44665816 -0.89137638 0.07710124
vn -0.06311690 -0.99764520 -0.02683795
vn 0.20503616 -0.88332289 0.42154580
vn -0.06311690 -0.99764520 -0.02683795
vn -0.22290026 -0.93460613 0.27717662
vn 0.20503616 -0.88332289 0.42154580
vn 0.39098477 -0.74239182 -0.54404533
vn 0.72503090 -0.64741445 -0.23491439
vn 0.50627726 -0.85656792 -0.09987353
vn 0.72503090 -0.64741445 -0.23491439
vn 0.74867636 -0.64828032 -0.13862304
vn 0.50627726 -0.85656792 -0.09987353
vn 0.39098477 -0.74239182 -0.54404533
vn 0.50627726 -0.85656792 -0.09987353
vn 0.28280935 -0.94069248 -0.18739410
vn 0.68396658 -0.72951287 -0.00081101
vn 0.50627726 -0.85656792 -0.09987353
vn 0.74867636 -0.64828032 -0.13862304
vn 0.50627726 -0.85656792 -0.09987353
vn 0.68396658 -0.72951287 -0.00081101
vn 0.46754560 -0.86959279 0.15877500
vn 0.50627726 -0.85656792 -0.09987353
vn 0.46754560 -0.86959279 0.15877500
vn 0.27778047 -0.96055216 -0.01332590
vn 0.50627726 -0.85656792 -0.09987353
vn 0.27778047 -0.96055216 -0.01332590
vn 0.28280935 -0.94069248 -0.18739410
vn 0.44665816 -0.89137638 0.07710124
vn 0.53793502 -0.67076963 0.51058203
vn 0.84106410 -0.49226144 0.22425398
vn 0.44665816 -0.89137638 0.07710124
vn 0.84106410 -0.49226144 0.22425398
vn 0.69304848 -0.63343710 -0.34415296
vn 0.69304848 -0.63343710 -0.34415296
vn 0.24365713 -0.87548232 -0.41732711
vn 0.44665816 -0.89137638 0.07710124
vn 0.44665816 -0.89137638 0.07710124
vn 0.20503616 -0.88332289 0.42154580
vn 0.53793502 -0.67076963 0.51058203
vn 0.69304848 -0.63343710 -0.34415296
vn 0.55581748 -0.81643152 -0.15654549
vn 0.24365713 -0.87548232 -0.41732711
vn 0.24365713 -0.87548232 -0.41732711
vn 0.55581748 -0.81643152 -0.15654549
vn 0.12870552 -0.98883975 -0.07503921
vn -0.24789798 -0.80670041 0.53645229
vn -0.45302492 -0.76427233 0.45897302
vn -0.08967017 -0.86819834 0.48804808
vn -0.24789798 -0.80670041 0.53645229
vn -0.22290026 -0.93460613 0.27717662
vn -0.62619847 -0.58844250 0.51147914
vn -0.24789798 -0.80670041 0.53645229
vn -0.62619847 -0.58844250 0.51147914
vn -0.45302492 -0.76427233 0.45897302
vn -0.62619847 -0.58844250 0.51147914
vn -0.70208788 -0.54068714 0.46338972
vn -0.45302492 -0.76427233 0.45897302
vn -0.88134760 -0.31298468 0.35393083
vn -0.62619847 -0.58844250 0.51147914
vn -0.81786174 -0.36385885 0.44576779
vn -0.62619847 -0.58844250 0.51147914
vn -0.88134760 -0.31298468 0.35393083
vn -0.70208788 -0.54068714 0.46338972
vn -0.81786174 -0.36385885 0.44576779
vn -0.85433441 -0.08238592 0.51315230
vn -0.88134760 -0.31298468 0.35393083
vn -0.85433441 -0.08238592 0.51315230
vn -0.81786174 -0.36385885 0.44576779
vn -0.90607125 -0.07229231 0.41690367
vn -0.80031693 0.33796418 0.49525046
vn -0.89337146 0.16860633 0.41648450
vn -0.85433441 -0.08238592 0.51315230
vn -0.80031693 0.33796418 0.49525046
vn -0.90607125 -0.07229231 0.41690367
vn -0.88730007 0.40990996 0.21135847
vn -0.80031693 0.33796418 0.49525046
vn -0.85433441 -0.08238592 0.51315230
vn -0.90607125 -0.07229231 0.41690367
vn -0.80031693 0.33796418 0.49525046
vn -0.80283433 0.43532258 0.40737116
vn -0.89337146 0.16860633 0.41648450
vn -0.80283433 0.43532258 0.40737116
vn -0.80031693 0.33796418 0.49525046
vn -0.60218561 0.66739255 0.43813208
vn -0.80031693 0.33796418 0.49525046
vn -0.51818508 0.74970609 0.41161269
vn -0.60218561 0.66739255 0.43813208
vn -0.51818508 0.74970609 0.41161269
vn -0.35476381 0.83732754 0.41596305
vn -0.60218561 0.66739255 0.43813208
vn -0.51818508 0.74970609 0.41161269
vn -0.08602924 0.87750912 0.47178042
vn -0.35476381 0.83732754 0.41596305
vn -0.08602924 0.87750912 0.47178042
vn -0.51818508 0.74970609 0.41161269
vn 0.00147652 0.87410200 0.48574021
vn 0.00147652 0.87410200 0.48574021
vn 0.26775652 0.85206801 0.44976279
vn -0.08602924 0.87750912 0.47178042
vn 0.00147652 0.87410200 0.48574021
vn 0.41276518 0.81510633 0.40648070
vn 0.26775652 0.85206801 0.44976279
vn 0.41276518 0.81510633 0.40648070
vn 0.59307975 0.66012305 0.46097070
vn 0.26775652 0.85206801 0.44976279
vn 0.74889958 0.42231834 0.51068258
vn 0.59307975 0.66012305 0.46097070
vn 0.41276518 0.81510633 0.40648070
vn 0.74889958 0.42231834 0.51068258
vn 0.81616896 0.37888521 0.43625021
vn 0.59307975 0.66012305 0.46097070
vn 0.74889958 0.42231834 0.51068258
vn 0.87366998 0.04657071 0.48428500
vn 0.81616896 0.37888521 0.43625021
vn 0.87366998 0.04657071 0.48428500
vn 0.74889958 0.42231834 0.51068258
vn 0.87456918 -0.03497931 0.48363745
vn 0.74889958 0.42231834 0.51068258
vn 0.98552382 0.02188884 0.16811801
vn 0.87456918 -0.03497931 0.48363745
vn 0.87456918 -0.03497931 0.48363745
vn 0.84713662 -0.29054692 0.44490677
vn 0.87366998 0.04657071 0.48428500
vn 0.84713662 -0.29054692 0.44490677
vn 0.87456918 -0.03497931 0.48363745
vn 0.75912952 -0.38832170 0.52242571
vn 0.75912952 -0.38832170 0.52242571
vn 0.69324702 -0.54557794 0.47090682
vn 0.84713662 -0.29054692 0.44490677
vn 0.75912952 -0.38832170 0.52242571
vn 0.84106410 -0.49226144 0.22425398
vn 0.53793502 -0.67076963 0.51058203
vn 0.21762021 -0.84666413 0.48559371
vn 0.20503616 -0.88332289 0.42154580
vn -0.08967017 -0.86819834 0.48804808
vn 0.20503616 -0.88332289 0.42154580
vn -0.24789798 -0.80670041 0.53645229
vn -0.08967017 -0.86819834 0.48804808
vn 0.53793502 -0.67076963 0.51058203
vn 0.48196942 -0.72077709 0.49818259
vn 0.69324702 -0.54557794 0.47090682
vn 0.53793502 -0.67076963 0.51058203
vn 0.69324702 -0.54557794 0.47090682
vn 0.75912952 -0.38832170 0.52242571
vn 0.53793502 -0.67076963 0.51058203
vn 0.20503616 -0.88332289 0.42154580
vn 0.48196942 -0.72077709 0.49818259
vn 0.48196942 -0.72077709 0.49818259
vn 0.20503616 -0.88332289 0.42154580
vn 0.21762021 -0.84666413 0.48559371
vn 0.01667573 -0.98026812 0.19696781
vn -0.08967017 -0.86819834 0.48804808
vn -0.26677871 -0.94196355 0.20379852
vn -0.26677871 -0.94196355 0.20379852
vn -0.08967017 -0.86819834 0.48804808
vn -0.45302492 -0.76427233 0.45897302
vn -0.26677871 -0.94196355 0.20379852
vn -0.45302492 -0.76427233 0.45897302
vn -0.57858545 -0.78793418 0.21070975
vn -0.57858545 -0.78793418 0.21070975
vn -0.33105275 -0.94358909 0.00660940
vn -0.26677871 -0.94196355 0.20379852
vn -0.57858545 -0.78793418 0.21070975
vn -0.45302492 -0.76427233 0.45897302
vn -0.70208788 -0.54068714 0.46338972
vn -0.81385559 -0.55977976 0.15583876
vn -0.57858545 -0.78793418 0.21070975
vn -0.70208788 -0.54068714 0.46338972
vn -0.81385559 -0.55977976 0.15583876
vn -0.70208788 -0.54068714 0.46338972
vn -0.88134760 -0.31298468 0.35393083
vn -0.81385559 -0.55977976 0.15583876
vn -0.88134760 -0.31298468 0.35393083
vn -0.91653818 -0.39980355 0.01072139
vn -0.99229193 -0.11609594 0.04334133
vn -0.91653818 -0.39980355 0.01072139
vn -0.88134760 -0.31298468 0.35393083
vn -0.97467983 0.04603434 0.21881509
vn -0.88134760 -0.31298468 0.35393083
vn -0.85433441 -0.08238592 0.51315230
vn -0.97467983 0.04603434 0.21881509
vn -0.85433441 -0.08238592 0.51315230
vn -0.89337146 0.16860633 0.41648450
vn -0.88134760 -0.31298468 0.35393083
vn -0.97467983 0.04603434 0.21881509
vn -0.99229193 -0.11609594 0.04334133
vn -0.89337146 0.16860633 0.41648450
vn -0.80283433 0.43532258 0.40737116
vn -0.89899671 0.41528881 0.13906869
vn -0.89337146 0.16860633 0.41648450
vn -0.89899671 0.41528881 0.13906869
vn -0.97467983 0.04603434 0.21881509
vn -0.67123979 0.71671534 0.18909322
vn -0.89899671 0.41528881 0.13906869
vn -0.80283433 0.43532258 0.40737116
vn -0.80283433 0.43532258 0.40737116
vn -0.60218561 0.66739255 0.43813208
vn -0.67123979 0.71671534 0.18909322
vn -0.67123979 0.71671534 0.18909322
vn -0.83062369 0.55681145 -0.00503059
vn -0.89899671 0.41528881 0.13906869
vn -0.67123979 0.71671534 0.18909322
vn -0.60218561 0.66739255 0.43813208
vn -0.43145066 0.89536178 0.11035211
vn -0.43145066 0.89536178 0.11035211
vn -0.35476381 0.83732754 0.41596305
vn -0.21248513 0.96149659 0.17428248
vn -0.43145066 0.89536178 0.11035211
vn -0.60218561 0.66739255 0.43813208
vn -0.35476381 0.83732754 0.41596305
vn -0.67123979 0.71671534 0.18909322
vn -0.43145066 0.89536178 0.11035211
vn -0.60619283 0.79386359 -0.04807109
vn -0.21248513 0.96149659 0.17428248
vn -0.35476381 0.83732754 0.41596305
vn 0.02785637 0.97522134 0.21947062
vn 0.02785637 0.97522134 0.21947062
vn -0.35476381 0.83732754 0.41596305
vn -0.08602924 0.87750912 0.47178042
vn 0.39552510 0.88748908 0.23648056
vn 0.02785637 0.97522134 0.21947062
vn 0.26775652 0.85206801 0.44976279
vn 0.02785637 0.97522134 0.21947062
vn -0.08602924 0.87750912 0.47178042
vn 0.26775652 0.85206801 0.44976279
vn 0.39552510 0.88748908 0.23648056
vn 0.22844097 0.97298068 0.03351673
vn 0.02785637 0.97522134 0.21947062
vn 0.39552510 0.88748908 0.23648056
vn 0.52438074 0.85073209 0.03577384
vn 0.22844097 0.97298068 0.03351673
vn 0.39552510 0.88748908 0.23648056
vn 0.26775652 0.85206801 0.44976279
vn 0.59307975 0.66012305 0.46097070
vn 0.39552510 0.88748908 0.23648056
vn 0.59307975 0.66012305 0.46097070
vn 0.69449139 0.68606031 0.21680175
vn 0.39552510 0.88748908 0.23648056
vn 0.69449139 0.68606031 0.21680175
vn 0.52438074 0.85073209 0.03577384
vn 0.87227482 0.46945542 0.13692446
vn 0.75500822 0.65565717 0.00873126
vn 0.69449139 0.68606031 0.21680175
vn 0.87227482 0.46945542 0.13692446
vn 0.69449139 0.68606031 0.21680175
vn 0.81616896 0.37888521 0.43625021
vn 0.69449139 0.68606031 0.21680175
vn 0.59307975 0.66012305 0.46097070
vn 0.81616896 0.37888521 0.43625021
vn 0.81616896 0.37888521 0.43625021
vn 0.96299440 0.19160366 0.18955168
vn 0.87227482 0.46945542 0.13692446
vn 0.96299440 0.19160366 0.18955168
vn 0.81616896 0.37888521 0.43625021
vn 0.87366998 0.04657071 0.48428500
vn 0.96299440 0.19160366 0.18955168
vn 0.87366998 0.04657071 0.48428500
vn 0.96156347 -0.07997956 0.26267654
vn 0.94045693 -0.30283749 0.15437029
vn 0.99972498 -0.01883547 0.01397118
vn 0.96156347 -0.07997956 0.26267654
vn 0.96156347 -0.07997956 0.26267654
vn 0.99972498 -0.01883547 0.01397118
vn 0.96299440 0.19160366 0.18955168
vn 0.84713662 -0.29054692 0.44490677
vn 0.96156347 -0.07997956 0.26267654
vn 0.87366998 0.04657071 0.48428500
vn 0.96156347 -0.07997956 0.26267654
vn 0.84713662 -0.29054692 0.44490677
vn 0.94045693 -0.30283749 0.15437029
vn 0.81956941 -0.54230374 0.18496652
vn 0.84713662 -0.29054692 0.44490677
vn 0.69324702 -0.54557794 0.47090682
vn 0.81956941 -0.54230374 0.18496652
vn 0.94045693 -0.30283749 0.15437029
vn 0.84713662 -0.29054692 0.44490677
vn 0.81956941 -0.54230374 0.18496652
vn 0.69324702 -0.54557794 0.47090682
vn 0.64953738 -0.71964514 0.24538144
vn 0.30229515 -0.91155833 0.27870956
vn 0.21762021 -0.84666413 0.48559371
vn 0.01667573 -0.98026812 0.19696781
vn 0.01667573 -0.98026812 0.19696781
vn 0.21762021 -0.84666413 0.48559371
vn -0.08967017 -0.86819834 0.48804808
vn 0.64953738 -0.71964514 0.24538144
vn 0.46754560 -0.86959279 0.15877500
vn 0.68396658 -0.72951287 -0.00081101
vn 0.64953738 -0.71964514 0.24538144
vn 0.68396658 -0.72951287 -0.00081101
vn 0.81956941 -0.54230374 0.18496652
vn 0.46754560 -0.86959279 0.15877500
vn 0.64953738 -0.71964514 0.24538144
vn 0.48196942 -0.72077709 0.49818259
vn 0.64953738 -0.71964514 0.24538144
vn 0.69324702 -0.54557794 0.47090682
vn 0.48196942 -0.72077709 0.49818259
vn 0.46754560 -0.86959279 0.15877500
vn 0.48196942 -0.72077709 0.49818259
vn 0.30229515 -0.91155833 0.27870956
vn 0.30229515 -0.91155833 0.27870956
vn 0.48196942 -0.72077709 0.49818259
vn 0.21762021 -0.84666413 0.48559371
vn -0.02834191 -0.38731530 -0.92151159
vn 0.06831783 -0.82238537 -0.56481409
vn -0.24681038 -0.69131470 -0.67909396
vn -0.24681038 -0.69131470 -0.67909396
vn -0.33264667 -0.31561923 -0.88866794
vn -0.02834191 -0.38731530 -0.92151159
vn -0.24681038 -0.69131470 -0.67909396
vn -0.49428999 -0.70170164 -0.51312006
vn -0.33264667 -0.31561923 -0.88866794
vn -0.33264667 -0.31561923 -0.88866794
vn -0.49428999 -0.70170164 -0.51312006
vn -0.70477480 -0.35979268 -0.61142600
vn -0.49428999 -0.70170164 -0.51312006
vn -0.66628450 -0.71797228 -0.20144671
vn -0.70477480 -0.35979268 -0.61142600
vn -0.70477480 -0.35979268 -0.61142600
vn -0.39780629 0.02560368 -0.91711211
vn -0.33264667 -0.31561923 -0.88866794
vn -0.39780629 0.02560368 -0.91711211
vn -0.70477480 -0.35979268 -0.61142600
vn -0.85112578 0.03847518 -0.52355003
vn -0.85112578 0.03847518 -0.52355003
vn -0.70477480 -0.35979268 -0.61142600
vn -0.95031917 -0.27122846 -0.15273711
vn -0.39780629 0.02560368 -0.91711211
vn -0.01910088 0.01705086 -0.99967217
vn -0.33264667 -0.31561923 -0.88866794
vn -0.39780629 0.02560368 -0.91711211
vn -0.85112578 0.03847518 -0.52355003
vn -0.67115831 0.37283200 -0.64073616
vn -0.29356492 0.27803147 -0.91461366
vn -0.39780629 0.02560368 -0.91711211
vn -0.67115831 0.37283200 -0.64073616
vn -0.29356492 0.27803147 -0.91461366
vn -0.01910088 0.01705086 -0.99967217
vn -0.39780629 0.02560368 -0.91711211
vn -0.67115831 0.37283200 -0.64073616
vn -0.85112578 0.03847518 -0.52355003
vn -0.93764091 0.30870917 -0.15977550
vn -0.67115831 0.37283200 -0.64073616
vn -0.50398898 0.65719569 -0.56043643
vn -0.29356492 0.27803147 -0.91461366
vn -0.67115831 0.37283200 -0.64073616
vn -0.78397369 0.59340405 -0.18236472
vn -0.50398898 0.65719569 -0.56043643
vn -0.50398898 0.65719569 -0.56043643
vn -0.21577418 0.62689954 -0.74862438
vn -0.29356492 0.27803147 -0.91461366
vn -0.21577418 0.62689954 -0.74862438
vn -0.01910088 0.01705086 -0.99967217
vn -0.29356492 0.27803147 -0.91461366
vn -0.50398898 0.65719569 -0.56043643
vn -0.49055955 0.85608220 -0.16271016
vn -0.21577418 0.62689954 -0.74862438
vn 0.00933926 0.66867608 -0.74349517
vn -0.01910088 0.01705086 -0.99967217
vn -0.21577418 0.62689954 -0.74862438
vn -0.21577418 0.62689954 -0.74862438
vn -0.23370300 0.95776266 -0.16755186
vn 0.00933926 0.66867608 -0.74349517
vn 0.29018557 0.64432698 -0.70755571
vn 0.04250756 0.05894397 -0.99735588
vn 0.00933926 0.66867608 -0.74349517
vn 0.29018557 0.64432698 -0.70755571
vn 0.47895688 0.48706877 -0.73031795
vn 0.04250756 0.05894397 -0.99735588
vn 0.74322581 0.32882732 -0.58265597
vn 0.47895688 0.48706877 -0.73031795
vn 0.67952698 0.70050496 -0.21802734
vn 0.47895688 0.48706877 -0.73031795
vn 0.39207721 0.08049643 -0.91640371
vn 0.04250756 0.05894397 -0.99735588
vn 0.74322581 0.32882732 -0.58265597
vn 0.39207721 0.08049643 -0.91640371
vn 0.47895688 0.48706877 -0.73031795
vn 0.39207721 0.08049643 -0.91640371
vn 0.84686583 0.05943126 -0.52847534
vn 0.72751832 -0.11049698 -0.67713183
vn 0.39207721 0.08049643 -0.91640371
vn 0.74322581 0.32882732 -0.58265597
vn 0.84686583 0.05943126 -0.52847534
vn 0.72751832 -0.11049698 -0.67713183
vn 0.60573077 -0.26499924 -0.75024372
vn 0.39207721 0.08049643 -0.91640371
vn 0.60573077 -0.26499924 -0.75024372
vn 0.14218102 -0.29317540 -0.94542730
vn 0.39207721 0.08049643 -0.91640371
vn 0.84686583 0.05943126 -0.52847534
vn 0.97561693 -0.08476561 -0.20245101
vn 0.72751832 -0.11049698 -0.67713183
vn 0.55694091 -0.48850757 -0.67169726
vn 0.60573077 -0.26499924 -0.75024372
vn 0.72503090 -0.64741445 -0.23491439
vn 0.55694091 -0.48850757 -0.67169726
vn 0.14218102 -0.29317540 -0.94542730
vn 0.60573077 -0.26499924 -0.75024372
vn -0.02834191 -0.38731530 -0.92151159
vn 0.14218102 -0.29317540 -0.94542730
vn 0.06831783 -0.82238537 -0.56481409
vn 0.14218102 -0.29317540 -0.94542730
vn 0.39098477 -0.74239182 -0.54404533
vn 0.06831783 -0.82238537 -0.56481409
vn 0.06831783 -0.82238537 -0.56481409
vn 0.39098477 -0.74239182 -0.54404533
vn 0.28280935 -0.94069248 -0.18739410
vn 0.39098477 -0.74239182 -0.54404533
vn 0.55694091 -0.48850757 -0.67169726
vn 0.72503090 -0.64741445 -0.23491439
vn 0.55694091 -0.48850757 -0.67169726
vn 0.39098477 -0.74239182 -0.54404533
vn 0.14218102 -0.29317540 -0.94542730
vn -0.37342033 -0.26162937 0.89000410
vn 0.07820991 0.66315132 0.74438798
vn 0.47301662 0.68420017 0.55509049
vn 0.47301662 0.68420017 0.55509049
vn 0.69218576 0.56994987 0.44275957
vn -0.37342033 -0.26162937 0.89000410
vn 0.89191937 0.00134800 0.45219252
vn 0.28517404 0.05276067 0.95702249
vn -0.22855127 -0.08949324 0.96940976
vn 0.89191937 0.00134800 0.45219252
vn -0.13132897 -0.03010235 0.99088168
vn 0.28517404 0.05276067 0.95702249
vn -0.08752917 0.06568657 0.99399394
vn 0.20557308 -0.82307565 0.52942061
vn -0.11791996 0.26798075 0.95618051
vn 0.18759575 0.28489330 0.94002318
vn -0.02995773 -0.47324282 0.88042247
vn -0.36647564 -0.75352079 0.54580402
vn 0.12058204 0.22003193 0.96801132
vn 0.18759575 0.28489330 0.94002318
vn -0.36647564 -0.75352079 0.54580402
vn -0.01780655 -0.00795768 0.99980980
vn 0.12058204 0.22003193 0.96801132
vn -0.82138866 -0.34458977 0.45450917
vn -0.72693533 0.45845029 0.51126152
vn -0.06910975 0.03701883 0.99692202
vn -0.32999936 0.06932428 0.94143218
vn -0.04741502 0.98146266 0.18569548
vn 0.07722333 0.73466307 0.67402279
vn 0.27116361 0.63747519 0.72117662
vn -0.04741502 0.98146266 0.18569548
vn 0.27116361 0.63747519 0.72117662
vn 0.32438594 0.92840743 0.18119991
vn -0.17426553 0.80284214 0.57015437
vn -0.08345786 0.90735644 0.41199398
vn 0.07820991 0.66315132 0.74438798
vn 0.11670037 -0.18218940 0.97631347
vn -0.06910975 0.03701883 0.99692202
vn -0.72693533 0.45845029 0.51126152
vn 0.11515757 -0.02770939 0.99296069
vn -0.05603609 0.26080865 0.96376282
vn -0.36872199 -0.10845753 0.92319071
vn 0.11515757 -0.02770939 0.99296069
vn -0.36872199 -0.10845753 0.92319071
vn -0.06034714 -0.22620361 0.97220892
vn 0.11515757 -0.02770939 0.99296069
vn -0.06034714 -0.22620361 0.97220892
vn 0.26977861 -0.60862637 0.74618590
vn 0.11515757 -0.02770939 0.99296069
vn 0.60236138 0.24346733 0.76018709
vn -0.05603609 0.26080865 0.96376282
vn 0.19881213 0.97980249 0.02146688
vn 0.32438594 0.92840743 0.18119991
vn 0.52050966 0.85385489 -0.00122600
vn 0.19881213 0.97980249 0.02146688
vn 0.05257525 0.97289330 -0.22519886
vn -0.14831117 0.98882967 -0.01482125
vn 0.32438594 0.92840743 0.18119991
vn 0.19881213 0.97980249 0.02146688
vn -0.04741502 0.98146266 0.18569548
vn -0.03147132 0.85801274 -0.51266330
vn 0.41751394 0.77765465 -0.47003755
vn 0.34252271 0.88630509 -0.31167525
vn 0.09265220 0.98997992 0.10656139
vn 0.73206812 0.67077959 -0.11887396
vn 0.28265136 0.85803998 0.42880723
vn 0.34252271 0.88630509 -0.31167525
vn 0.73206812 0.67077959 -0.11887396
vn 0.09265220 0.98997992 0.10656139
vn 0.09265220 0.98997992 0.10656139
vn 0.28265136 0.85803998 0.42880723
vn -0.08345786 0.90735644 0.41199398
vn 0.28265136 0.85803998 0.42880723
vn 0.07820991 0.66315132 0.74438798
vn -0.08345786 0.90735644 0.41199398
vn 0.32438594 0.92840743 0.18119991
vn 0.66390896 0.73006624 0.16195115
vn 0.52050966 0.85385489 -0.00122600
vn 0.66390896 0.73006624 0.16195115
vn 0.32438594 0.92840743 0.18119991
vn 0.27116361 0.63747519 0.72117662
vn 0.66390896 0.73006624 0.16195115
vn 0.77087474 0.63483632 -0.05229668
vn 0.52050966 0.85385489 -0.00122600
vn 0.34252271 0.88630509 -0.31167525
vn 0.41751394 0.77765465 -0.47003755
vn 0.71780890 0.46695656 -0.51643193
vn 0.34252271 0.88630509 -0.31167525
vn 0.71780890 0.46695656 -0.51643193
vn 0.73206812 0.67077959 -0.11887396
vn 0.73206812 0.67077959 -0.11887396
vn 0.79915613 0.54993367 0.24273941
vn 0.28265136 0.85803998 0.42880723
vn 0.47301662 0.68420017 0.55509049
vn 0.07820991 0.66315132 0.74438798
vn 0.28265136 0.85803998 0.42880723
vn 0.47301662 0.68420017 0.55509049
vn 0.28265136 0.85803998 0.42880723
vn 0.79915613 0.54993367 0.24273941
vn 0.89317143 0.43130058 0.12737603
vn 0.50760156 0.47093904 0.72149640
vn 0.60236138 0.24346733 0.76018709
vn 0.89317143 0.43130058 0.12737603
vn 0.66390896 0.73006624 0.16195115
vn 0.50760156 0.47093904 0.72149640
vn 0.89317143 0.43130058 0.12737603
vn 0.93505180 0.35153928 -0.04580657
vn 0.77087474 0.63483632 -0.05229668
vn 0.89317143 0.43130058 0.12737603
vn 0.77087474 0.63483632 -0.05229668
vn 0.66390896 0.73006624 0.16195115
vn 0.73206812 0.67077959 -0.11887396
vn 0.89399177 0.08345437 -0.44024324
vn 0.98532301 0.17022532 0.01272557
vn 0.73206812 0.67077959 -0.11887396
vn 0.98532301 0.17022532 0.01272557
vn 0.79915613 0.54993367 0.24273941
vn 0.78679520 0.35108471 0.50763452
vn -0.22855127 -0.08949324 0.96940976
vn 0.69218576 0.56994987 0.44275957
vn 0.78679520 0.35108471 0.50763452
vn 0.69218576 0.56994987 0.44275957
vn 0.47301662 0.68420017 0.55509049
vn 0.78679520 0.35108471 0.50763452
vn 0.47301662 0.68420017 0.55509049
vn 0.79915613 0.54993367 0.24273941
vn 0.89317143 0.43130058 0.12737603
vn 0.96335590 0.16095038 0.21457016
vn 0.99038279 0.11247286 0.08057127
vn 0.96335590 0.16095038 0.21457016
vn 0.96678632 -0.19971848 0.15948898
vn 0.99038279 0.11247286 0.08057127
vn 0.96335590 0.16095038 0.21457016
vn 0.89317143 0.43130058 0.12737603
vn 0.60236138 0.24346733 0.76018709
vn 0.99038279 0.11247286 0.08057127
vn 0.99380332 -0.10928541 -0.02028885
vn 0.97392941 0.03679820 -0.22384685
vn 0.99038279 0.11247286 0.08057127
vn 0.97392941 0.03679820 -0.22384685
vn 0.93505180 0.35153928 -0.04580657
vn 0.99038279 0.11247286 0.08057127
vn 0.93505180 0.35153928 -0.04580657
vn 0.89317143 0.43130058 0.12737603
vn 0.98532301 0.17022532 0.01272557
vn 0.89399177 0.08345437 -0.44024324
vn 0.93279094 -0.32236415 -0.16119066
vn 0.98532301 0.17022532 0.01272557
vn 0.90382552 0.02904398 0.42691436
vn 0.79915613 0.54993367 0.24273941
vn 0.89399177 0.08345437 -0.44024324
vn 0.73206812 0.67077959 -0.11887396
vn 0.71780890 0.46695656 -0.51643193
vn 0.90382552 0.02904398 0.42691436
vn 0.89191937 0.00134800 0.45219252
vn 0.78679520 0.35108471 0.50763452
vn 0.78679520 0.35108471 0.50763452
vn 0.89191937 0.00134800 0.45219252
vn -0.22855127 -0.08949324 0.96940976
vn 0.90382552 0.02904398 0.42691436
vn 0.78679520 0.35108471 0.50763452
vn 0.79915613 0.54993367 0.24273941
vn 0.96678632 -0.19971848 0.15948898
vn 0.72106093 -0.01248431 0.69275922
vn 0.82142770 -0.29896429 0.48567161
vn 0.96678632 -0.19971848 0.15948898
vn 0.96335590 0.16095038 0.21457016
vn 0.72106093 -0.01248431 0.69275922
vn 0.99380332 -0.10928541 -0.02028885
vn 0.96678632 -0.19971848 0.15948898
vn 0.91020966 -0.41395339 0.01268788
vn 0.99380332 -0.10928541 -0.02028885
vn 0.91020966 -0.41395339 0.01268788
vn 0.91253233 -0.33183798 -0.23909894
vn 0.99380332 -0.10928541 -0.02028885
vn 0.99038279 0.11247286 0.08057127
vn 0.96678632 -0.19971848 0.15948898
vn 0.98532301 0.17022532 0.01272557
vn 0.93279094 -0.32236415 -0.16119066
vn 0.81899416 -0.43284205 0.37669134
vn 0.98532301 0.17022532 0.01272557
vn 0.81899416 -0.43284205 0.37669134
vn 0.90382552 0.02904398 0.42691436
vn 0.93279094 -0.32236415 -0.16119066
vn 0.89399177 0.08345437 -0.44024324
vn 0.80199826 -0.31360355 -0.50838137
vn 0.90382552 0.02904398 0.42691436
vn 0.81899416 -0.43284205 0.37669134
vn 0.89191937 0.00134800 0.45219252
vn 0.81899416 -0.43284205 0.37669134
vn -0.13132897 -0.03010235 0.99088168
vn 0.89191937 0.00134800 0.45219252
vn 0.82142770 -0.29896429 0.48567161
vn 0.86042535 -0.48361075 0.16058913
vn 0.96678632 -0.19971848 0.15948898
vn 0.66152704 -0.71914929 0.21261761
vn 0.74331880 -0.66585159 0.06417811
vn 0.86042535 -0.48361075 0.16058913
vn 0.66152704 -0.71914929 0.21261761
vn 0.86042535 -0.48361075 0.16058913
vn 0.53983295 -0.43453050 0.72094637
vn 0.86042535 -0.48361075 0.16058913
vn 0.82142770 -0.29896429 0.48567161
vn 0.53983295 -0.43453050 0.72094637
vn 0.91020966 -0.41395339 0.01268788
vn 0.86042535 -0.48361075 0.16058913
vn 0.74331880 -0.66585159 0.06417811
vn 0.91020966 -0.41395339 0.01268788
vn 0.74331880 -0.66585159 0.06417811
vn 0.70215118 -0.70095807 -0.12506594
vn 0.91020966 -0.41395339 0.01268788
vn 0.70215118 -0.70095807 -0.12506594
vn 0.91253233 -0.33183798 -0.23909894
vn 0.86042535 -0.48361075 0.16058913
vn 0.91020966 -0.41395339 0.01268788
vn 0.96678632 -0.19971848 0.15948898
vn 0.93279094 -0.32236415 -0.16119066
vn 0.62009346 -0.63551050 -0.46001139
vn 0.68206233 -0.71439755 -0.15629174
vn 0.68206233 -0.71439755 -0.15629174
vn 0.62180144 -0.76324254 0.17556709
vn 0.93279094 -0.32236415 -0.16119066
vn 0.93279094 -0.32236415 -0.16119066
vn 0.62180144 -0.76324254 0.17556709
vn 0.81899416 -0.43284205 0.37669134
vn 0.81899416 -0.43284205 0.37669134
vn -0.08752917 0.06568657 0.99399394
vn -0.13132897 -0.03010235 0.99088168
vn 0.66152704 -0.71914929 0.21261761
vn 0.53983295 -0.43453050 0.72094637
vn 0.26977861 -0.60862637 0.74618590
vn 0.66152704 -0.71914929 0.21261761
vn 0.26977861 -0.60862637 0.74618590
vn 0.49423745 -0.86596495 0.07638106
vn 0.66152704 -0.71914929 0.21261761
vn 0.49423745 -0.86596495 0.07638106
vn 0.74331880 -0.66585159 0.06417811
vn 0.49423745 -0.86596495 0.07638106
vn 0.34703207 -0.93597794 -0.05927922
vn 0.70215118 -0.70095807 -0.12506594
vn 0.74331880 -0.66585159 0.06417811
vn 0.49423745 -0.86596495 0.07638106
vn 0.70215118 -0.70095807 -0.12506594
vn 0.62009346 -0.63551050 -0.46001139
vn 0.32479867 -0.85007393 -0.41458425
vn 0.68206233 -0.71439755 -0.15629174
vn 0.68206233 -0.71439755 -0.15629174
vn 0.06849750 -0.98565590 0.15424179
vn 0.62180144 -0.76324254 0.17556709
vn -0.08752917 0.06568657 0.99399394
vn 0.38122368 -0.78110689 0.49451044
vn 0.20557308 -0.82307565 0.52942061
vn 0.38122368 -0.78110689 0.49451044
vn -0.08752917 0.06568657 0.99399394
vn 0.81899416 -0.43284205 0.37669134
vn 0.38122368 -0.78110689 0.49451044
vn 0.81899416 -0.43284205 0.37669134
vn 0.62180144 -0.76324254 0.17556709
vn 0.15024146 -0.97566313 0.15971512
vn 0.49423745 -0.86596495 0.07638106
vn 0.26977861 -0.60862637 0.74618590
vn 0.15024146 -0.97566313 0.15971512
vn 0.26977861 -0.60862637 0.74618590
vn -0.01238400 -0.81104708 0.58484983
vn 0.34703207 -0.93597794 -0.05927922
vn 0.15024146 -0.97566313 0.15971512
vn 0.01102841 -0.99896741 0.04407352
vn 0.01102841 -0.99896741 0.04407352
vn -0.00622715 -0.98770750 -0.15618931
vn 0.34703207 -0.93597794 -0.05927922
vn 0.34703207 -0.93597794 -0.05927922
vn 0.49423745 -0.86596495 0.07638106
vn 0.15024146 -0.97566313 0.15971512
vn 0.06849750 -0.98565590 0.15424179
vn 0.32479867 -0.85007393 -0.41458425
vn -0.24881698 -0.95811218 -0.14181384
vn 0.32479867 -0.85007393 -0.41458425
vn -0.14742304 -0.85169852 -0.50286788
vn -0.24881698 -0.95811218 -0.14181384
vn 0.06849750 -0.98565590 0.15424179
vn 0.68206233 -0.71439755 -0.15629174
vn 0.32479867 -0.85007393 -0.41458425
vn 0.20557308 -0.82307565 0.52942061
vn 0.38122368 -0.78110689 0.49451044
vn -0.15744157 -0.88166964 0.44482666
vn 0.38122368 -0.78110689 0.49451044
vn 0.06849750 -0.98565590 0.15424179
vn -0.15744157 -0.88166964 0.44482666
vn 0.38122368 -0.78110689 0.49451044
vn 0.62180144 -0.76324254 0.17556709
vn 0.06849750 -0.98565590 0.15424179
vn -0.01238400 -0.81104708 0.58484983
vn -0.24619685 -0.73627144 0.63031060
vn -0.38086674 -0.90469337 0.19097249
vn -0.01238400 -0.81104708 0.58484983
vn -0.38086674 -0.90469337 0.19097249
vn -0.27119201 -0.96080983 0.05743978
vn -0.01238400 -0.81104708 0.58484983
vn -0.27119201 -0.96080983 0.05743978
vn 0.01102841 -0.99896741 0.04407352
vn -0.01238400 -0.81104708 0.58484983
vn 0.01102841 -0.99896741 0.04407352
vn 0.15024146 -0.97566313 0.15971512
vn -0.27119201 -0.96080983 0.05743978
vn -0.38086674 -0.90469337 0.19097249
vn -0.59292221 -0.80454576 0.03390226
vn -0.27119201 -0.96080983 0.05743978
vn -0.00622715 -0.98770750 -0.15618931
vn 0.01102841 -0.99896741 0.04407352
vn -0.24881698 -0.95811218 -0.14181384
vn -0.54830897 -0.83403683 0.06115469
vn 0.06849750 -0.98565590 0.15424179
vn 0.06849750 -0.98565590 0.15424179
vn -0.54830897 -0.83403683 0.06115469
vn -0.15744157 -0.88166964 0.44482666
vn -0.15744157 -0.88166964 0.44482666
vn -0.36647564 -0.75352079 0.54580402
vn -0.02995773 -0.47324282 0.88042247
vn -0.02995773 -0.47324282 0.88042247
vn 0.20557308 -0.82307565 0.52942061
vn -0.15744157 -0.88166964 0.44482666
vn -0.73404151 -0.66205269 0.15122603
vn -0.59292221 -0.80454576 0.03390226
vn -0.38086674 -0.90469337 0.19097249
vn -0.73404151 -0.66205269 0.15122603
vn -0.38086674 -0.90469337 0.19097249
vn -0.45216787 -0.54116553 0.70900220
vn -0.44290227 -0.88824230 -0.12191466
vn -0.59292221 -0.80454576 0.03390226
vn -0.63837099 -0.73224866 -0.23726434
vn -0.44290227 -0.88824230 -0.12191466
vn -0.27119201 -0.96080983 0.05743978
vn -0.59292221 -0.80454576 0.03390226
vn -0.54830897 -0.83403683 0.06115469
vn -0.59742999 -0.68114275 0.42322803
vn -0.15744157 -0.88166964 0.44482666
vn -0.66587704 -0.65831631 -0.35103762
vn -0.54830897 -0.83403683 0.06115469
vn -0.24881698 -0.95811218 -0.14181384
vn -0.66587704 -0.65831631 -0.35103762
vn -0.24881698 -0.95811218 -0.14181384
vn -0.14742304 -0.85169852 -0.50286788
vn -0.59742999 -0.68114275 0.42322803
vn 0.12058204 0.22003193 0.96801132
vn -0.36647564 -0.75352079 0.54580402
vn -0.59742999 -0.68114275 0.42322803
vn -0.36647564 -0.75352079 0.54580402
vn -0.15744157 -0.88166964 0.44482666
vn -0.73404151 -0.66205269 0.15122603
vn -0.72819614 -0.42953309 0.53407085
vn -0.92661399 -0.36944866 0.06995872
vn -0.73404151 -0.66205269 0.15122603
vn -0.45216787 -0.54116553 0.70900220
vn -0.72819614 -0.42953309 0.53407085
vn -0.73404151 -0.66205269 0.15122603
vn -0.92661399 -0.36944866 0.06995872
vn -0.83303732 -0.54947221 -0.06425769
vn -0.83303732 -0.54947221 -0.06425769
vn -0.92661399 -0.36944866 0.06995872
vn -0.95767421 -0.24765423 -0.14672242
vn -0.73404151 -0.66205269 0.15122603
vn -0.83303732 -0.54947221 -0.06425769
vn -0.59292221 -0.80454576 0.03390226
vn -0.93609077 -0.34858757 0.04712480
vn -0.66587704 -0.65831631 -0.35103762
vn -0.90037507 -0.17182317 -0.39975184
vn -0.93609077 -0.34858757 0.04712480
vn -0.82138866 -0.34458977 0.45450917
vn -0.59742999 -0.68114275 0.42322803
vn -0.93609077 -0.34858757 0.04712480
vn -0.59742999 -0.68114275 0.42322803
vn -0.54830897 -0.83403683 0.06115469
vn -0.93609077 -0.34858757 0.04712480
vn -0.54830897 -0.83403683 0.06115469
vn -0.66587704 -0.65831631 -0.35103762
vn -0.82138866 -0.34458977 0.45450917
vn 0.12058204 0.22003193 0.96801132
vn -0.59742999 -0.68114275 0.42322803
vn -0.83711755 -0.24026439 0.49143380
vn -0.73913115 0.03201798 0.67280006
vn -0.98893529 -0.07825428 0.12602860
vn -0.83711755 -0.24026439 0.49143380
vn -0.98893529 -0.07825428 0.12602860
vn -0.92661399 -0.36944866 0.06995872
vn -0.83711755 -0.24026439 0.49143380
vn -0.92661399 -0.36944866 0.06995872
vn -0.72819614 -0.42953309 0.53407085
vn -0.98893529 -0.07825428 0.12602860
vn -0.97785664 -0.00880207 -0.20909071
vn -0.95767421 -0.24765423 -0.14672242
vn -0.98893529 -0.07825428 0.12602860
vn -0.95767421 -0.24765423 -0.14672242
vn -0.92661399 -0.36944866 0.06995872
vn -0.93609077 -0.34858757 0.04712480
vn -0.90037507 -0.17182317 -0.39975184
vn -0.96317714 0.16573864 -0.21170846
vn -0.93609077 -0.34858757 0.04712480
vn -0.95488393 0.13368502 0.26518849
vn -0.82138866 -0.34458977 0.45450917
vn -0.93609077 -0.34858757 0.04712480
vn -0.96317714 0.16573864 -0.21170846
vn -0.95488393 0.13368502 0.26518849
vn -0.83662319 0.09723338 0.53908002
vn -0.82138866 -0.34458977 0.45450917
vn -0.95488393 0.13368502 0.26518849
vn -0.82138866 -0.34458977 0.45450917
vn -0.00840669 -0.04177174 0.99909180
vn -0.01780655 -0.00795768 0.99980980
vn -0.82138866 -0.34458977 0.45450917
vn -0.83662319 0.09723338 0.53908002
vn -0.00840669 -0.04177174 0.99909180
vn -0.91090083 0.25497055 0.32442200
vn -0.98520905 0.16501184 0.04619791
vn -0.98893529 -0.07825428 0.12602860
vn -0.91090083 0.25497055 0.32442200
vn -0.98893529 -0.07825428 0.12602860
vn -0.73913115 0.03201798 0.67280006
vn -0.98520905 0.16501184 0.04619791
vn -0.91090083 0.25497055 0.32442200
vn -0.87597746 0.46471113 0.12925582
vn -0.98520905 0.16501184 0.04619791
vn -0.91155499 0.37323686 -0.17251575
vn -0.97785664 -0.00880207 -0.20909071
vn -0.98520905 0.16501184 0.04619791
vn -0.87597746 0.46471113 0.12925582
vn -0.91155499 0.37323686 -0.17251575
vn -0.98520905 0.16501184 0.04619791
vn -0.97785664 -0.00880207 -0.20909071
vn -0.98893529 -0.07825428 0.12602860
vn -0.96317714 0.16573864 -0.21170846
vn -0.78883648 0.61440963 0.01542069
vn -0.95488393 0.13368502 0.26518849
vn -0.83662319 0.09723338 0.53908002
vn -0.95488393 0.13368502 0.26518849
vn -0.78441918 0.44327787 0.43381020
vn -0.83662319 0.09723338 0.53908002
vn -0.72693533 0.45845029 0.51126152
vn -0.32999936 0.06932428 0.94143218
vn -0.32999936 0.06932428 0.94143218
vn -0.00840669 -0.04177174 0.99909180
vn -0.83662319 0.09723338 0.53908002
vn -0.87597746 0.46471113 0.12925582
vn -0.55581665 0.36403257 0.74736077
vn -0.64013439 0.74350876 0.19344954
vn -0.64013439 0.74350876 0.19344954
vn -0.76868647 0.63894844 0.02942725
vn -0.87597746 0.46471113 0.12925582
vn -0.87597746 0.46471113 0.12925582
vn -0.91090083 0.25497055 0.32442200
vn -0.55581665 0.36403257 0.74736077
vn -0.76868647 0.63894844 0.02942725
vn -0.91155499 0.37323686 -0.17251575
vn -0.87597746 0.46471113 0.12925582
vn -0.78883648 0.61440963 0.01542069
vn -0.47339404 0.78126746 0.40684053
vn -0.78441918 0.44327787 0.43381020
vn -0.78883648 0.61440963 0.01542069
vn -0.78441918 0.44327787 0.43381020
vn -0.95488393 0.13368502 0.26518849
vn -0.78883648 0.61440963 0.01542069
vn -0.96317714 0.16573864 -0.21170846
vn -0.72239101 0.57200897 -0.38853183
vn -0.78441918 0.44327787 0.43381020
vn -0.47339404 0.78126746 0.40684053
vn -0.56570101 0.55883175 0.60637403
vn -0.78441918 0.44327787 0.43381020
vn -0.56570101 0.55883175 0.60637403
vn -0.72693533 0.45845029 0.51126152
vn -0.56570101 0.55883175 0.60637403
vn 0.11670037 -0.18218940 0.97631347
vn -0.72693533 0.45845029 0.51126152
vn -0.78441918 0.44327787 0.43381020
vn -0.72693533 0.45845029 0.51126152
vn -0.83662319 0.09723338 0.53908002
vn -0.19537219 0.79155833 0.57902080
vn 0.07722333 0.73466307 0.67402279
vn -0.04741502 0.98146266 0.18569548
vn -0.19537219 0.79155833 0.57902080
vn -0.04741502 0.98146266 0.18569548
vn -0.41350791 0.90139610 0.12843791
vn -0.14831117 0.98882967 -0.01482125
vn -0.04741502 0.98146266 0.18569548
vn 0.19881213 0.97980249 0.02146688
vn -0.14831117 0.98882967 -0.01482125
vn -0.51035118 0.85847545 -0.05061181
vn -0.41350791 0.90139610 0.12843791
vn -0.14831117 0.98882967 -0.01482125
vn -0.41350791 0.90139610 0.12843791
vn -0.04741502 0.98146266 0.18569548
vn 0.09265220 0.98997992 0.10656139
vn -0.30128950 0.92166060 -0.24447159
vn 0.34252271 0.88630509 -0.31167525
vn -0.30128950 0.92166060 -0.24447159
vn 0.09265220 0.98997992 0.10656139
vn -0.39114773 0.91806823 0.06445321
vn -0.39114773 0.91806823 0.06445321
vn 0.09265220 0.98997992 0.10656139
vn -0.08345786 0.90735644 0.41199398
vn -0.39114773 0.91806823 0.06445321
vn -0.08345786 0.90735644 0.41199398
vn -0.47339404 0.78126746 0.40684053
vn -0.08345786 0.90735644 0.41199398
vn -0.17426553 0.80284214 0.57015437
vn -0.47339404 0.78126746 0.40684053
vn -0.41350791 0.90139610 0.12843791
vn -0.40439555 0.56076032 0.72250402
vn -0.19537219 0.79155833 0.57902080
vn -0.41350791 0.90139610 0.12843791
vn -0.64013439 0.74350876 0.19344954
vn -0.40439555 0.56076032 0.72250402
vn -0.51035118 0.85847545 -0.05061181
vn -0.71246350 0.66783190 -0.21539807
vn -0.76868647 0.63894844 0.02942725
vn -0.41350791 0.90139610 0.12843791
vn -0.51035118 0.85847545 -0.05061181
vn -0.64013439 0.74350876 0.19344954
vn -0.51035118 0.85847545 -0.05061181
vn -0.76868647 0.63894844 0.02942725
vn -0.64013439 0.74350876 0.19344954
vn -0.39114773 0.91806823 0.06445321
vn -0.72239101 0.57200897 -0.38853183
vn -0.30128950 0.92166060 -0.24447159
vn -0.72239101 0.57200897 -0.38853183
vn -0.40692452 0.76390088 -0.50086713
vn -0.30128950 0.92166060 -0.24447159
vn -0.78883648 0.61440963 0.01542069
vn -0.39114773 0.91806823 0.06445321
vn -0.47339404 0.78126746 0.40684053
vn -0.39114773 0.91806823 0.06445321
vn -0.78883648 0.61440963 0.01542069
vn -0.72239101 0.57200897 -0.38853183
vn -0.56570101 0.55883175 0.60637403
vn -0.47339404 0.78126746 0.40684053
vn 0.11670037 -0.18218940 0.97631347
vn -0.47339404 0.78126746 0.40684053
vn -0.17426553 0.80284214 0.57015437
vn 0.11670037 -0.18218940 0.97631347
vn -0.03147132 0.85801274 -0.51266330
vn -0.00376343 0.85653162 -0.51608086
vn 0.41751394 0.77765465 -0.47003755
vn -0.00376343 0.85653162 -0.51608086
vn 0.44027662 0.79250669 -0.42200664
vn 0.41751394 0.77765465 -0.47003755
vn 0.71780890 0.46695656 -0.51643193
vn 0.44027662 0.79250669 -0.42200664
vn 0.65729654 0.55105704 -0.51409864
vn 0.71780890 0.46695656 -0.51643193
vn 0.41751394 0.77765465 -0.47003755
vn 0.44027662 0.79250669 -0.42200664
vn 0.71780890 0.46695656 -0.51643193
vn 0.65729654 0.55105704 -0.51409864
vn 0.84711933 0.17612819 -0.50136578
vn 0.89399177 0.08345437 -0.44024324
vn 0.71780890 0.46695656 -0.51643193
vn 0.84711933 0.17612819 -0.50136578
vn 0.80199826 -0.31360355 -0.50838137
vn 0.89399177 0.08345437 -0.44024324
vn 0.84396875 -0.18547167 -0.50330603
vn 0.84396875 -0.18547167 -0.50330603
vn 0.89399177 0.08345437 -0.44024324
vn 0.84711933 0.17612819 -0.50136578
vn 0.80199826 -0.31360355 -0.50838137
vn 0.62009346 -0.63551050 -0.46001139
vn 0.93279094 -0.32236415 -0.16119066
vn 0.62009346 -0.63551050 -0.46001139
vn 0.80199826 -0.31360355 -0.50838137
vn 0.74691939 -0.51634848 -0.41892204
vn 0.80199826 -0.31360355 -0.50838137
vn 0.84396875 -0.18547167 -0.50330603
vn 0.74691939 -0.51634848 -0.41892204
vn 0.62009346 -0.63551050 -0.46001139
vn 0.26235908 -0.87850422 -0.39924684
vn 0.32479867 -0.85007393 -0.41458425
vn 0.62009346 -0.63551050 -0.46001139
vn 0.52367049 -0.76164973 -0.38165283
vn 0.26235908 -0.87850422 -0.39924684
vn 0.62009346 -0.63551050 -0.46001139
vn 0.74691939 -0.51634848 -0.41892204
vn 0.52367049 -0.76164973 -0.38165283
vn 0.01171173 -0.82757097 -0.56123894
vn -0.14742304 -0.85169852 -0.50286788
vn 0.32479867 -0.85007393 -0.41458425
vn 0.01171173 -0.82757097 -0.56123894
vn 0.32479867 -0.85007393 -0.41458425
vn 0.26235908 -0.87850422 -0.39924684
vn 0.01171173 -0.82757097 -0.56123894
vn -0.42181280 -0.78893131 -0.44683474
vn -0.14742304 -0.85169852 -0.50286788
vn 0.01171173 -0.82757097 -0.56123894
vn -0.19599710 -0.90985048 -0.36572838
vn -0.42181280 -0.78893131 -0.44683474
vn -0.56541610 -0.62929726 -0.53318816
vn -0.66587704 -0.65831631 -0.35103762
vn -0.14742304 -0.85169852 -0.50286788
vn -0.56541610 -0.62929726 -0.53318816
vn -0.14742304 -0.85169852 -0.50286788
vn -0.42181280 -0.78893131 -0.44683474
vn -0.76669711 -0.33853140 -0.54550165
vn -0.90037507 -0.17182317 -0.39975184
vn -0.66587704 -0.65831631 -0.35103762
vn -0.76669711 -0.33853140 -0.54550165
vn -0.66587704 -0.65831631 -0.35103762
vn -0.56541610 -0.62929726 -0.53318816
vn -0.81366473 -0.33650446 -0.47404060
vn -0.76669711 -0.33853140 -0.54550165
vn -0.56541610 -0.62929726 -0.53318816
vn -0.76669711 -0.33853140 -0.54550165
vn -0.89465171 0.05025719 -0.44392854
vn -0.90037507 -0.17182317 -0.39975184
vn -0.76669711 -0.33853140 -0.54550165
vn -0.81366473 -0.33650446 -0.47404060
vn -0.89465171 0.05025719 -0.44392854
vn -0.80562794 0.26723763 -0.52872264
vn -0.89465171 0.05025719 -0.44392854
vn -0.79577351 0.40141797 -0.45344031
vn -0.80562794 0.26723763 -0.52872264
vn -0.72239101 0.57200897 -0.38853183
vn -0.96317714 0.16573864 -0.21170846
vn -0.80562794 0.26723763 -0.52872264
vn -0.90037507 -0.17182317 -0.39975184
vn -0.89465171 0.05025719 -0.44392854
vn -0.80562794 0.26723763 -0.52872264
vn -0.96317714 0.16573864 -0.21170846
vn -0.90037507 -0.17182317 -0.39975184
vn -0.60910201 0.56218392 -0.55941397
vn -0.72239101 0.57200897 -0.38853183
vn -0.80562794 0.26723763 -0.52872264
vn -0.60910201 0.56218392 -0.55941397
vn -0.80562794 0.26723763 -0.52872264
vn -0.79577351 0.40141797 -0.45344031
vn -0.03147132 0.85801274 -0.51266330
vn 0.34252271 0.88630509 -0.31167525
vn -0.30128950 0.92166060 -0.24447159
vn -0.03147132 0.85801274 -0.51266330
vn -0.30128950 0.92166060 -0.24447159
vn -0.40692452 0.76390088 -0.50086713
vn -0.03147132 0.85801274 -0.51266330
vn -0.40692452 0.76390088 -0.50086713
vn -0.00376343 0.85653162 -0.51608086
vn -0.60910201 0.56218392 -0.55941397
vn -0.50199604 0.75354671 -0.42446125
vn -0.40692452 0.76390088 -0.50086713
vn -0.50199604 0.75354671 -0.42446125
vn -0.00376343 0.85653162 -0.51608086
vn -0.40692452 0.76390088 -0.50086713
vn -0.50199604 0.75354671 -0.42446125
vn -0.25951031 0.91153872 -0.31898522
vn -0.00376343 0.85653162 -0.51608086
vn -0.60910201 0.56218392 -0.55941397
vn -0.40692452 0.76390088 -0.50086713
vn -0.72239101 0.57200897 -0.38853183
vn 0.05257525 0.97289330 -0.22519886
vn 0.33857271 0.91349602 -0.22559588
vn -0.00376343 0.85653162 -0.51608086
vn 0.33857271 0.91349602 -0.22559588
vn 0.44027662 0.79250669 -0.42200664
vn -0.00376343 0.85653162 -0.51608086
vn 0.33857271 0.91349602 -0.22559588
vn 0.05257525 0.97289330 -0.22519886
vn 0.19881213 0.97980249 0.02146688
vn 0.33857271 0.91349602 -0.22559588
vn 0.52050966 0.85385489 -0.00122600
vn 0.71029967 0.65643084 -0.25411209
vn 0.71029967 0.65643084 -0.25411209
vn 0.52050966 0.85385489 -0.00122600
vn 0.77087474 0.63483632 -0.05229668
vn 0.44027662 0.79250669 -0.42200664
vn 0.71029967 0.65643084 -0.25411209
vn 0.65729654 0.55105704 -0.51409864
vn 0.44027662 0.79250669 -0.42200664
vn 0.33857271 0.91349602 -0.22559588
vn 0.71029967 0.65643084 -0.25411209
vn 0.33857271 0.91349602 -0.22559588
vn 0.19881213 0.97980249 0.02146688
vn 0.52050966 0.85385489 -0.00122600
vn 0.71029967 0.65643084 -0.25411209
vn 0.77087474 0.63483632 -0.05229668
vn 0.88112551 0.36914757 -0.29554683
vn 0.88112551 0.36914757 -0.29554683
vn 0.77087474 0.63483632 -0.05229668
vn 0.93505180 0.35153928 -0.04580657
vn 0.71029967 0.65643084 -0.25411209
vn 0.88112551 0.36914757 -0.29554683
vn 0.65729654 0.55105704 -0.51409864
vn 0.88112551 0.36914757 -0.29554683
vn 0.84711933 0.17612819 -0.50136578
vn 0.65729654 0.55105704 -0.51409864
vn 0.97392941 0.03679820 -0.22384685
vn 0.84711933 0.17612819 -0.50136578
vn 0.88112551 0.36914757 -0.29554683
vn 0.97392941 0.03679820 -0.22384685
vn 0.88112551 0.36914757 -0.29554683
vn 0.93505180 0.35153928 -0.04580657
vn 0.91253233 -0.33183798 -0.23909894
vn 0.74691939 -0.51634848 -0.41892204
vn 0.84396875 -0.18547167 -0.50330603
vn 0.91253233 -0.33183798 -0.23909894
vn 0.84396875 -0.18547167 -0.50330603
vn 0.97392941 0.03679820 -0.22384685
vn 0.97392941 0.03679820 -0.22384685
vn 0.84396875 -0.18547167 -0.50330603
vn 0.84711933 0.17612819 -0.50136578
vn 0.91253233 -0.33183798 -0.23909894
vn 0.97392941 0.03679820 -0.22384685
vn 0.99380332 -0.10928541 -0.02028885
vn 0.74691939 -0.51634848 -0.41892204
vn 0.91253233 -0.33183798 -0.23909894
vn 0.70215118 -0.70095807 -0.12506594
vn 0.52367049 -0.76164973 -0.38165283
vn 0.70215118 -0.70095807 -0.12506594
vn 0.34703207 -0.93597794 -0.05927922
vn 0.70215118 -0.70095807 -0.12506594
vn 0.52367049 -0.76164973 -0.38165283
vn 0.74691939 -0.51634848 -0.41892204
vn -0.00622715 -0.98770750 -0.15618931
vn -0.19599710 -0.90985048 -0.36572838
vn 0.26235908 -0.87850422 -0.39924684
vn 0.26235908 -0.87850422 -0.39924684
vn -0.19599710 -0.90985048 -0.36572838
vn 0.01171173 -0.82757097 -0.56123894
vn -0.00622715 -0.98770750 -0.15618931
vn 0.26235908 -0.87850422 -0.39924684
vn 0.34703207 -0.93597794 -0.05927922
vn 0.26235908 -0.87850422 -0.39924684
vn 0.52367049 -0.76164973 -0.38165283
vn 0.34703207 -0.93597794 -0.05927922
vn -0.19599710 -0.90985048 -0.36572838
vn -0.00622715 -0.98770750 -0.15618931
vn -0.44290227 -0.88824230 -0.12191466
vn -0.00622715 -0.98770750 -0.15618931
vn -0.27119201 -0.96080983 0.05743978
vn -0.44290227 -0.88824230 -0.12191466
vn -0.63837099 -0.73224866 -0.23726434
vn -0.79111916 -0.52326691 -0.31673670
vn -0.42181280 -0.78893131 -0.44683474
vn -0.63837099 -0.73224866 -0.23726434
vn -0.42181280 -0.78893131 -0.44683474
vn -0.19599710 -0.90985048 -0.36572838
vn -0.63837099 -0.73224866 -0.23726434
vn -0.19599710 -0.90985048 -0.36572838
vn -0.44290227 -0.88824230 -0.12191466
vn -0.63837099 -0.73224866 -0.23726434
vn -0.83303732 -0.54947221 -0.06425769
vn -0.79111916 -0.52326691 -0.31673670
vn -0.79111916 -0.52326691 -0.31673670
vn -0.83303732 -0.54947221 -0.06425769
vn -0.95767421 -0.24765423 -0.14672242
vn -0.79111916 -0.52326691 -0.31673670
vn -0.81366473 -0.33650446 -0.47404060
vn -0.56541610 -0.62929726 -0.53318816
vn -0.79111916 -0.52326691 -0.31673670
vn -0.56541610 -0.62929726 -0.53318816
vn -0.42181280 -0.78893131 -0.44683474
vn -0.63837099 -0.73224866 -0.23726434
vn -0.59292221 -0.80454576 0.03390226
vn -0.83303732 -0.54947221 -0.06425769
vn -0.97785664 -0.00880207 -0.20909071
vn -0.89465171 0.05025719 -0.44392854
vn -0.81366473 -0.33650446 -0.47404060
vn -0.95767421 -0.24765423 -0.14672242
vn -0.97785664 -0.00880207 -0.20909071
vn -0.81366473 -0.33650446 -0.47404060
vn -0.95767421 -0.24765423 -0.14672242
vn -0.81366473 -0.33650446 -0.47404060
vn -0.79111916 -0.52326691 -0.31673670
vn -0.91155499 0.37323686 -0.17251575
vn -0.79577351 0.40141797 -0.45344031
vn -0.89465171 0.05025719 -0.44392854
vn -0.89465171 0.05025719 -0.44392854
vn -0.97785664 -0.00880207 -0.20909071
vn -0.91155499 0.37323686 -0.17251575
vn -0.91155499 0.37323686 -0.17251575
vn -0.71246350 0.66783190 -0.21539807
vn -0.79577351 0.40141797 -0.45344031
vn -0.71246350 0.66783190 -0.21539807
vn -0.50199604 0.75354671 -0.42446125
vn -0.79577351 0.40141797 -0.45344031
vn -0.79577351 0.40141797 -0.45344031
vn -0.50199604 0.75354671 -0.42446125
vn -0.60910201 0.56218392 -0.55941397
vn -0.71246350 0.66783190 -0.21539807
vn -0.91155499 0.37323686 -0.17251575
vn -0.76868647 0.63894844 0.02942725
vn -0.25951031 0.91153872 -0.31898522
vn -0.14831117 0.98882967 -0.01482125
vn 0.05257525 0.97289330 -0.22519886
vn -0.25951031 0.91153872 -0.31898522
vn 0.05257525 0.97289330 -0.22519886
vn -0.00376343 0.85653162 -0.51608086
vn -0.25951031 0.91153872 -0.31898522
vn -0.51035118 0.85847545 -0.05061181
vn -0.14831117 0.98882967 -0.01482125
vn -0.71246350 0.66783190 -0.21539807
vn -0.51035118 0.85847545 -0.05061181
vn -0.50199604 0.75354671 -0.42446125
vn -0.50199604 0.75354671 -0.42446125
vn -0.51035118 0.85847545 -0.05061181
vn -0.25951031 0.91153872 -0.31898522
vn 0.07722333 0.73466307 0.67402279
vn -0.05603609 0.26080865 0.96376282
vn 0.27116361 0.63747519 0.72117662
vn 0.27116361 0.63747519 0.72117662
vn -0.05603609 0.26080865 0.96376282
vn 0.50760156 0.47093904 0.72149640
vn 0.27116361 0.63747519 0.72117662
vn 0.50760156 0.47093904 0.72149640
vn 0.66390896 0.73006624 0.16195115
vn 0.60236138 0.24346733 0.76018709
vn 0.50760156 0.47093904 0.72149640
vn -0.05603609 0.26080865 0.96376282
vn 0.72106093 -0.01248431 0.69275922
vn 0.96335590 0.16095038 0.21457016
vn 0.60236138 0.24346733 0.76018709
vn 0.72106093 -0.01248431 0.69275922
vn 0.60236138 0.24346733 0.76018709
vn 0.11515757 -0.02770939 0.99296069
vn 0.72106093 -0.01248431 0.69275922
vn 0.53983295 -0.43453050 0.72094637
vn 0.82142770 -0.29896429 0.48567161
vn 0.72106093 -0.01248431 0.69275922
vn 0.11515757 -0.02770939 0.99296069
vn 0.53983295 -0.43453050 0.72094637
vn 0.53983295 -0.43453050 0.72094637
vn 0.11515757 -0.02770939 0.99296069
vn 0.26977861 -0.60862637 0.74618590
vn -0.01238400 -0.81104708 0.58484983
vn 0.26977861 -0.60862637 0.74618590
vn -0.06034714 -0.22620361 0.97220892
vn -0.06034714 -0.22620361 0.97220892
vn -0.24619685 -0.73627144 0.63031060
vn -0.01238400 -0.81104708 0.58484983
vn -0.45216787 -0.54116553 0.70900220
vn -0.38086674 -0.90469337 0.19097249
vn -0.24619685 -0.73627144 0.63031060
vn -0.45216787 -0.54116553 0.70900220
vn -0.24619685 -0.73627144 0.63031060
vn -0.06034714 -0.22620361 0.97220892
vn -0.36872199 -0.10845753 0.92319071
vn -0.83711755 -0.24026439 0.49143380
vn -0.72819614 -0.42953309 0.53407085
vn -0.36872199 -0.10845753 0.92319071
vn -0.72819614 -0.42953309 0.53407085
vn -0.45216787 -0.54116553 0.70900220
vn -0.36872199 -0.10845753 0.92319071
vn -0.45216787 -0.54116553 0.70900220
vn -0.06034714 -0.22620361 0.97220892
vn -0.36872199 -0.10845753 0.92319071
vn -0.73913115 0.03201798 0.67280006
vn -0.83711755 -0.24026439 0.49143380
vn -0.55581665 0.36403257 0.74736077
vn -0.36872199 -0.10845753 0.92319071
vn -0.05603609 0.26080865 0.96376282
vn -0.73913115 0.03201798 0.67280006
vn -0.55581665 0.36403257 0.74736077
vn -0.91090083 0.25497055 0.32442200
vn -0.73913115 0.03201798 0.67280006
vn -0.36872199 -0.10845753 0.92319071
vn -0.55581665 0.36403257 0.74736077
vn -0.55581665 0.36403257 0.74736077
vn -0.05603609 0.26080865 0.96376282
vn -0.40439555 0.56076032 0.72250402
vn -0.55581665 0.36403257 0.74736077
vn -0.40439555 0.56076032 0.72250402
vn -0.64013439 0.74350876 0.19344954
vn -0.19537219 0.79155833 0.57902080
vn -0.05603609 0.26080865 0.96376282
vn 0.07722333 0.73466307 0.67402279
vn -0.40439555 0.56076032 0.72250402
vn -0.05603609 0.26080865 0.96376282
vn -0.19537219 0.79155833 0.57902080
vn -0.37342033 -0.26162937 0.89000410
vn -0.08363061 -0.75975871 0.64480436
vn 0.07820991 0.66315132 0.74438798
vn -0.22855127 -0.08949324 0.96940976
vn -0.84432721 -0.52636266 -0.10026932
vn -0.37342033 -0.26162937 0.89000410
vn -0.37342033 -0.26162937 0.89000410
vn 0.69218576 0.56994987 0.44275957
vn -0.22855127 -0.08949324 0.96940976
vn 0.28517404 0.05276067 0.95702249
vn -0.88987124 -0.09793323 0.44557634
vn -0.22855127 -0.08949324 0.96940976
vn -0.88987124 -0.09793323 0.44557634
vn 0.28517404 0.05276067 0.95702249
vn -0.13132897 -0.03010235 0.99088168
vn -0.08752917 0.06568657 0.99399394
vn -0.88602567 0.45051193 0.10953292
vn -0.13132897 -0.03010235 0.99088168
vn -0.11791996 0.26798075 0.95618051
vn -0.63950258 0.76877946 -0.00382600
vn -0.08752917 0.06568657 0.99399394
vn -0.11791996 0.26798075 0.95618051
vn 0.20557308 -0.82307565 0.52942061
vn -0.02995773 -0.47324282 0.88042247
vn -0.11791996 0.26798075 0.95618051
vn -0.02995773 -0.47324282 0.88042247
vn 0.05806416 0.84009153 0.53932804
vn 0.18759575 0.28489330 0.94002318
vn 0.05806416 0.84009153 0.53932804
vn -0.02995773 -0.47324282 0.88042247
vn 0.12058204 0.22003193 0.96801132
vn -0.01780655 -0.00795768 0.99980980
vn 0.85251856 0.50929725 0.11759450
vn -0.01780655 -0.00795768 0.99980980
vn -0.00840669 -0.04177174 0.99909180
vn 0.95650339 0.20370905 0.20881543
vn -0.01780655 -0.00795768 0.99980980
vn 0.95650339 0.20370905 0.20881543
vn 0.85251856 0.50929725 0.11759450
vn -0.32999936 0.06932428 0.94143218
vn 0.85851198 -0.24622825 0.44980973
vn -0.00840669 -0.04177174 0.99909180
vn -0.06910975 0.03701883 0.99692202
vn 0.11670037 -0.18218940 0.97631347
vn 0.81381434 -0.57834935 0.05672973
vn -0.06910975 0.03701883 0.99692202
vn 0.85851198 -0.24622825 0.44980973
vn -0.32999936 0.06932428 0.94143218
vn -0.06910975 0.03701883 0.99692202
vn 0.81381434 -0.57834935 0.05672973
vn 0.85851198 -0.24622825 0.44980973
vn 0.11670037 -0.18218940 0.97631347
vn -0.17426553 0.80284214 0.57015437
vn 0.15040307 -0.32261726 0.93450361
vn 0.15040307 -0.32261726 0.93450361
vn -0.08363061 -0.75975871 0.64480436
vn 0.12870552 -0.98883975 -0.07503921
vn 0.15040307 -0.32261726 0.93450361
vn 0.07820991 0.66315132 0.74438798
vn -0.08363061 -0.75975871 0.64480436
vn 0.15040307 -0.32261726 0.93450361
vn -0.17426553 0.80284214 0.57015437
vn 0.07820991 0.66315132 0.74438798
vt 0.00000000 0.00000000
vt 0.00000000 0.00000000
vt 0.00000000 0.00000000
vt 0.00000000 0.00000000
vt 0.00000000 0.00000000
vt 0.00000000 0.00000000
vt 0.00000000 0.00000000
vt 0.00000000 0.00000000
vt 0.00000000 0.00000000
vt 0.00000000 0.00000000
vt 0.00000000 0.00000000
vt 0.00000000 0.00000000
vt 0.00000000 0.00000000
vt 0.00000000 0.00000000
vt 0.00000000 0.00000000
vt 0.00000000 0.00000000
vt 0.00000000 0.00000000
vt 0.00000000 0.00000000
vt 0.00000000 0.00000000
vt 0.00000000 0.00000000
vt 0.00000000 0.00000000
vt 0.00000000 0.00000000
vt 0.00000000 0.00000000
vt 0.00000000 0.00000000
vt 0.00000000 0.00000000
vt 0.00000000 0.00000000
vt 0.00000000 0.00000000
vt 0.00000000 0.00000000
vt 0.00000000 0.00000000
vt 0.00000000 0.00000000
vt 0.00000000 0.00000000
vt 0.00000000 0.00000000
vt 0.00000000 0.00000000
vt 0.00000000 0.00000000
vt 0.00000000 0.00000000
vt 0.00000000 0.00000000
vt 0.00000000 0.00000000
vt 0.00000000 0.00000000
vt 0.00000000 0.00000000
vt 0.00000000 0.00000000
vt 0.00000000 0.00000000
vt 0.00000000 0.00000000
vt 0.00000000 0.00000000
vt 0.00000000 0.00000000
vt 0.00000000 0.00000000
vt 0.00000000 0.00000000
vt 0.00000000 0.00000000
vt 0.00000000 0.00000000
vt 0.00000000 0.00000000
vt 0.00000000 0.00000000
vt 0.00000000 0.00000000
vt 0.00000000 0.00000000
vt 0.00000000 0.00000000
vt 0.00000000 0.00000000
vt 0.00000000 0.00000000
vt 0.00000000 0.00000000
vt 0.00000000 0.00000000
vt 0.00000000 0.00000000
vt 0.00000000 0.00000000
vt 0.00000000 0.00000000
vt 0.00000000 0.00000000
vt 0.00000000 0.00000000
vt 0.00000000 0.00000000
vt 0.00000000 0.00000000
vt 0.00000000 0.00000000
vt 0.00000000 0.00000000
vt 0.00000000 0.00000000
vt 0.00000000 0.00000000
vt 0.00000000 0.00000000
vt 0.00000000 0.00000000
vt 0.00000000 0.00000000
vt 0.00000000 0.00000000
vt 0.00000000 0.00000000
vt 0.00000000 0.00000000
vt 0.00000000 0.00000000
vt 0.00000000 0.00000000
vt 0.00000000 0.00000000
vt 0.00000000 0.00000000
vt 0.00000000 0.00000000
vt 0.00000000 0.00000000
vt 0.00000000 0.00000000
vt 0.00000000 0.00000000
vt 0.00000000 0.00000000
vt 0.00000000 0.00000000
vt 0.00000000 0.00000000
vt 0.00000000 0.00000000
vt 0.00000000 0.00000000
vt 0.00000000 0.00000000
vt 0.00000000 0.00000000
vt 0.00000000 0.00000000
vt 0.00000000 0.00000000
vt 0.00000000 0.00000000
vt 0.00000000 0.00000000
vt 0.00000000 0.00000000
vt 0.00000000 0.00000000
vt 0.00000000 0.00000000
vt 0.00000000 0.00000000
vt 0.00000000 0.00000000
vt 0.00000000 0.00000000
vt 0.00000000 0.00000000
vt 0.00000000 0.00000000
vt 0.00000000 0.00000000
vt 0.00000000 0.00000000
vt 0.00000000 0.00000000
vt 0.00000000 0.00000000
vt 0.00000000 0.00000000
vt 0.00000000 0.00000000
vt 0.00000000 0.00000000
vt 0.00000000 0.00000000
vt 0.00000000 0.00000000
vt 0.00000000 0.00000000
vt 0.00000000 0.00000000
vt 0.00000000 0.00000000
vt 0.00000000 0.00000000
vt 0.00000000 0.00000000
vt 0.00000000 0.00000000
vt 0.00000000 0.00000000
vt 0.00000000 0.00000000
vt 0.00000000 0.00000000
vt 0.00000000 0.00000000
vt 0.00000000 0.00000000
vt 0.00000000 0.00000000
vt 0.00000000 0.00000000
vt 0.00000000 0.00000000
vt 0.00000000 0.00000000
vt 0.00000000 0.00000000
vt 0.00000000 0.00000000
vt 0.00000000 0.00000000
vt 0.00000000 0.00000000
vt 0.00000000 0.00000000
vt 0.00000000 0.00000000
vt 0.00000000 0.00000000
vt 0.00000000 0.00000000
vt 0.00000000 0.00000000
vt 0.00000000 0.00000000
vt 0.00000000 0.00000000
vt 0.00000000 0.00000000
vt 0.00000000 0.00000000
vt 0.00000000 0.00000000
vt 0.00000000 0.00000000
vt 0.00000000 0.00000000
vt 0.00000000 0.00000000
vt 0.00000000 0.00000000
vt 0.00000000 0.00000000
vt 0.00000000 0.00000000
vt 0.00000000 0.00000000
vt 0.00000000 0.00000000
vt 0.00000000 0.00000000
vt 0.00000000 0.00000000
vt 0.00000000 0.00000000
vt 0.00000000 0.00000000
vt 0.00000000 0.00000000
vt 0.00000000 0.00000000
vt 0.00000000 0.00000000
vt 0.00000000 0.00000000
vt 0.00000000 0.00000000
vt 0.00000000 0.00000000
vt 0.00000000 0.00000000
vt 0.00000000 0.00000000
vt 0.00000000 0.00000000
vt 0.00000000 0.00000000
vt 0.00000000 0.00000000
vt 0.00000000 0.00000000
vt 0.00000000 0.00000000
vt 0.00000000 0.00000000
vt 0.00000000 0.00000000
vt 0.00000000 0.00000000
vt 0.00000000 0.00000000
vt 0.00000000 0.00000000
vt 0.00000000 0.00000000
vt 0.00000000 0.00000000
vt 0.00000000 0.00000000
vt 0.00000000 0.00000000
vt 0.00000000 0.00000000
vt 0.00000000 0.00000000
vt 0.00000000 0.00000000
vt 0.00000000 0.00000000
vt 0.00000000 0.00000000
vt 0.00000000 0.00000000
vt 0.00000000 0.00000000
vt 0.00000000 0.00000000
vt 0.00000000 0.00000000
vt 0.00000000 0.00000000
vt 0.00000000 0.00000000
vt 0.00000000 0.00000000
vt 0.00000000 0.00000000
vt 0.00000000 0.00000000
vt 0.00000000 0.00000000
vt 0.00000000 0.00000000
vt 0.00000000 0.00000000
vt 0.00000000 0.00000000
vt 0.00000000 0.00000000
vt 0.00000000 0.00000000
vt 0.00000000 0.00000000
vt 0.00000000 0.00000000
vt 0.00000000 0.00000000
vt 0.00000000 0.00000000
vt 0.00000000 0.00000000
vt 0.00000000 0.00000000
vt 0.00000000 0.00000000
vt 0.00000000 0.00000000
vt 0.00000000 0.00000000
vt 0.00000000 0.00000000
vt 0.00000000 0.00000000
vt 0.00000000 0.00000000
vt 0.00000000 0.00000000
vt 0.00000000 0.00000000
vt 0.00000000 0.00000000
vt 0.00000000 0.00000000
vt 0.00000000 0.00000000
vt 0.00000000 0.00000000
vt 0.00000000 0.00000000
vt 0.00000000 0.00000000
vt 0.00000000 0.00000000
vt 0.00000000 0.00000000
vt 0.00000000 0.00000000
vt 0.00000000 0.00000000
vt 0.00000000 0.00000000
vt 0.00000000 0.00000000
vt 0.00000000 0.00000000
vt 0.00000000 0.00000000
vt 0.00000000 0.00000000
vt 0.00000000 0.00000000
vt 0.00000000 0.00000000
vt 0.00000000 0.00000000
vt 0.00000000 0.00000000
vt 0.00000000 0.00000000
vt 0.00000000 0.00000000
vt 0.00000000 0.00000000
vt 0.00000000 0.00000000
vt 0.00000000 0.00000000
vt 0.00000000 0.00000000
vt 0.00000000 0.00000000
vt 0.00000000 0.00000000
vt 0.00000000 0.00000000
vt 0.00000000 0.00000000
vt 0.00000000 0.00000000
vt 0.00000000 0.00000000
vt 0.00000000 0.00000000
vt 0.00000000 0.00000000
vt 0.00000000 0.00000000
vt 0.00000000 0.00000000
vt 0.00000000 0.00000000
vt 0.00000000 0.00000000
vt 0.00000000 0.00000000
vt 0.00000000 0.00000000
vt 0.00000000 0.00000000
vt 0.00000000 0.00000000
vt 0.00000000 0.00000000
vt 0.00000000 0.00000000
vt 0.00000000 0.00000000
vt 0.00000000 0.00000000
vt 0.00000000 0.00000000
vt 0.00000000 0.00000000
vt 0.00000000 0.00000000
vt 0.00000000 0.00000000
vt 0.00000000 0.00000000
vt 0.00000000 0.00000000
vt 0.00000000 0.00000000
vt 0.00000000 0.00000000
vt 0.00000000 0.00000000
vt 0.00000000 0.00000000
vt 0.00000000 0.00000000
vt 0.00000000 0.00000000
vt 0.00000000 0.00000000
vt 0.00000000 0.00000000
vt 0.00000000 0.00000000
vt 0.00000000 0.00000000
vt 0.00000000 0.00000000
vt 0.00000000 0.00000000
vt 0.00000000 0.00000000
vt 0.00000000 0.00000000
vt 0.00000000 0.00000000
vt 0.00000000 0.00000000
vt 0.00000000 0.00000000
vt 0.00000000 0.00000000
vt 0.00000000 0.00000000
vt 0.00000000 0.00000000
vt 0.00000000 0.00000000
vt 0.00000000 0.00000000
vt 0.00000000 0.00000000
vt 0.00000000 0.00000000
vt 0.00000000 0.00000000
vt 0.00000000 0.00000000
vt 0.00000000 0.00000000
vt 0.00000000 0.00000000
vt 0.00000000 0.00000000
vt 0.00000000 0.00000000
vt 0.00000000 0.00000000
vt 0.00000000 0.00000000
vt 0.00000000 0.00000000
vt 0.00000000 0.00000000
vt 0.00000000 0.00000000
vt 0.00000000 0.00000000
vt 0.00000000 0.00000000
vt 0.00000000 0.00000000
vt 0.00000000 0.00000000
vt 0.00000000 0.00000000
vt 0.00000000 0.00000000
vt 0.00000000 0.00000000
vt 0.00000000 0.00000000
vt 0.00000000 0.00000000
vt 0.00000000 0.00000000
vt 0.00000000 0.00000000
vt 0.00000000 0.00000000
vt 0.00000000 0.00000000
vt 0.00000000 0.00000000
vt 0.00000000 0.00000000
vt 0.00000000 0.00000000
vt 0.00000000 0.00000000
vt 0.00000000 0.00000000
vt 0.00000000 0.00000000
vt 0.00000000 0.00000000
vt 0.00000000 0.00000000
vt 0.00000000 0.00000000
vt 0.00000000 0.00000000
vt 0.00000000 0.00000000
vt 0.00000000 0.00000000
vt 0.00000000 0.00000000
vt 0.00000000 0.00000000
vt 0.00000000 0.00000000
vt 0.00000000 0.00000000
vt 0.00000000 0.00000000
vt 0.00000000 0.00000000
vt 0.00000000 0.00000000
vt 0.00000000 0.00000000
vt 0.00000000 0.00000000
vt 0.00000000 0.00000000
vt 0.00000000 0.00000000
vt 0.00000000 0.00000000
vt 0.00000000 0.00000000
vt 0.00000000 0.00000000
vt 0.00000000 0.00000000
vt 0.00000000 0.00000000
vt 0.00000000 0.00000000
vt 0.00000000 0.00000000
vt 0.00000000 0.00000000
vt 0.00000000 0.00000000
vt 0.00000000 0.00000000
vt 0.00000000 0.00000000
vt 0.00000000 0.00000000
vt 0.00000000 0.00000000
vt 0.00000000 0.00000000
vt 0.00000000 0.00000000
vt 0.00000000 0.00000000
vt 0.00000000 0.00000000
vt 0.00000000 0.00000000
vt 0.00000000 0.00000000
vt 0.00000000 0.00000000
vt 0.00000000 0.00000000
vt 0.00000000 0.00000000
vt 0.00000000 0.00000000
vt 0.00000000 0.00000000
vt 0.00000000 0.00000000
vt 0.00000000 0.00000000
vt 0.00000000 0.00000000
vt 0.00000000 0.00000000
vt 0.00000000 0.00000000
vt 0.00000000 0.00000000
vt 0.00000000 0.00000000
vt 0.00000000 0.00000000
vt 0.00000000 0.00000000
vt 0.00000000 0.00000000
vt 0.00000000 0.00000000
vt 0.00000000 0.00000000
vt 0.00000000 0.00000000
vt 0.00000000 0.00000000
vt 0.00000000 0.00000000
vt 0.00000000 0.00000000
vt 0.00000000 0.00000000
vt 0.00000000 0.00000000
vt 0.00000000 0.00000000
vt 0.00000000 0.00000000
vt 0.00000000 0.00000000
vt 0.00000000 0.00000000
vt 0.00000000 0.00000000
vt 0.00000000 0.00000000
vt 0.00000000 0.00000000
vt 0.00000000 0.00000000
vt 0.00000000 0.00000000
vt 0.00000000 0.00000000
vt 0.00000000 0.00000000
vt 0.00000000 0.00000000
vt 0.00000000 0.00000000
vt 0.00000000 0.00000000
vt 0.00000000 0.00000000
vt 0.00000000 0.00000000
vt 0.00000000 0.00000000
vt 0.00000000 0.00000000
vt 0.00000000 0.00000000
vt 0.00000000 0.00000000
vt 0.00000000 0.00000000
vt 0.00000000 0.00000000
vt 0.00000000 0.00000000
vt 0.00000000 0.00000000
vt 0.00000000 0.00000000
vt 0.00000000 0.00000000
vt 0.00000000 0.00000000
vt 0.00000000 0.00000000
vt 0.00000000 0.00000000
vt 0.00000000 0.00000000
vt 0.00000000 0.00000000
vt 0.00000000 0.00000000
vt 0.00000000 0.00000000
vt 0.00000000 0.00000000
vt 0.00000000 0.00000000
vt 0.00000000 0.00000000
vt 0.00000000 0.00000000
vt 0.00000000 0.00000000
vt 0.00000000 0.00000000
vt 0.00000000 0.00000000
vt 0.00000000 0.00000000
vt 0.00000000 0.00000000
vt 0.00000000 0.00000000
vt 0.00000000 0.00000000
vt 0.00000000 0.00000000
vt 0.00000000 0.00000000
vt 0.00000000 0.00000000
vt 0.00000000 0.00000000
vt 0.00000000 0.00000000
vt 0.00000000 0.00000000
vt 0.00000000 0.00000000
vt 0.00000000 0.00000000
vt 0.00000000 0.00000000
vt 0.00000000 0.00000000
vt 0.00000000 0.00000000
vt 0.00000000 0.00000000
vt 0.00000000 0.00000000
vt 0.00000000 0.00000000
vt 0.00000000 0.00000000
vt 0.00000000 0.00000000
vt 0.00000000 0.00000000
vt 0.00000000 0.00000000
vt 0.00000000 0.00000000
vt 0.00000000 0.00000000
vt 0.00000000 0.00000000
vt 0.00000000 0.00000000
vt 0.00000000 0.00000000
vt 0.00000000 0.00000000
vt 0.00000000 0.00000000
vt 0.00000000 0.00000000
vt 0.00000000 0.00000000
vt 0.00000000 0.00000000
vt 0.00000000 0.00000000
vt 0.00000000 0.00000000
vt 0.00000000 0.00000000
vt 0.00000000 0.00000000
vt 0.00000000 0.00000000
vt 0.00000000 0.00000000
vt 0.00000000 0.00000000
vt 0.00000000 0.00000000
vt 0.00000000 0.00000000
vt 0.00000000 0.00000000
vt 0.00000000 0.00000000
vt 0.00000000 0.00000000
vt 0.00000000 0.00000000
vt 0.00000000 0.00000000
vt 0.00000000 0.00000000
vt 0.00000000 0.00000000
vt 0.00000000 0.00000000
vt 0.00000000 0.00000000
vt 0.00000000 0.00000000
vt 0.00000000 0.00000000
vt 0.00000000 0.00000000
vt 0.00000000 0.00000000
vt 0.00000000 0.00000000
vt 0.00000000 0.00000000
vt 0.00000000 0.00000000
vt 0.00000000 0.00000000
vt 0.00000000 0.00000000
vt 0.00000000 0.00000000
vt 0.00000000 0.00000000
vt 0.00000000 0.00000000
vt 0.00000000 0.00000000
vt 0.00000000 0.00000000
vt 0.00000000 0.00000000
vt 0.00000000 0.00000000
vt 0.00000000 0.00000000
vt 0.00000000 0.00000000
vt 0.00000000 0.00000000
vt 0.00000000 0.00000000
vt 0.00000000 0.00000000
vt 0.00000000 0.00000000
vt 0.00000000 0.00000000
vt 0.00000000 0.00000000
vt 0.00000000 0.00000000
vt 0.00000000 0.00000000
vt 0.00000000 0.00000000
vt 0.00000000 0.00000000
vt 0.00000000 0.00000000
vt 0.00000000 0.00000000
vt 0.00000000 0.00000000
vt 0.00000000 0.00000000
vt 0.00000000 0.00000000
vt 0.00000000 0.00000000
vt 0.00000000 0.00000000
vt 0.00000000 0.00000000
vt 0.00000000 0.00000000
vt 0.00000000 0.00000000
vt 0.00000000 0.00000000
vt 0.00000000 0.00000000
vt 0.00000000 0.00000000
vt 0.00000000 0.00000000
vt 0.00000000 0.00000000
vt 0.00000000 0.00000000
vt 0.00000000 0.00000000
vt 0.00000000 0.00000000
vt 0.00000000 0.00000000
vt 0.00000000 0.00000000
vt 0.00000000 0.00000000
vt 0.00000000 0.00000000
vt 0.00000000 0.00000000
vt 0.00000000 0.00000000
vt 0.00000000 0.00000000
vt 0.00000000 0.00000000
vt 0.00000000 0.00000000
vt 0.00000000 0.00000000
vt 0.00000000 0.00000000
vt 0.00000000 0.00000000
vt 0.00000000 0.00000000
vt 0.00000000 0.00000000
vt 0.00000000 0.00000000
vt 0.00000000 0.00000000
vt 0.00000000 0.00000000
vt 0.00000000 0.00000000
vt 0.00000000 0.00000000
vt 0.00000000 0.00000000
vt 0.00000000 0.00000000
vt 0.00000000 0.00000000
vt 0.00000000 0.00000000
vt 0.00000000 0.00000000
vt 0.00000000 0.00000000
vt 0.00000000 0.00000000
vt 0.00000000 0.00000000
vt 0.00000000 0.00000000
vt 0.00000000 0.00000000
vt 0.00000000 0.00000000
vt 0.00000000 0.00000000
vt 0.00000000 0.00000000
vt 0.00000000 0.00000000
vt 0.00000000 0.00000000
vt 0.00000000 0.00000000
vt 0.00000000 0.00000000
vt 0.00000000 0.00000000
vt 0.00000000 0.00000000
vt 0.00000000 0.00000000
vt 0.00000000 0.00000000
vt 0.00000000 0.00000000
vt 0.00000000 0.00000000
vt 0.00000000 0.00000000
vt 0.00000000 0.00000000
vt 0.00000000 0.00000000
vt 0.00000000 0.00000000
vt 0.00000000 0.00000000
vt 0.00000000 0.00000000
vt 0.00000000 0.00000000
vt 0.00000000 0.00000000
vt 0.00000000 0.00000000
vt 0.00000000 0.00000000
vt 0.00000000 0.00000000
vt 0.00000000 0.00000000
vt 0.00000000 0.00000000
vt 0.00000000 0.00000000
vt 0.00000000 0.00000000
vt 0.00000000 0.00000000
vt 0.00000000 0.00000000
vt 0.00000000 0.00000000
vt 0.00000000 0.00000000
vt 0.00000000 0.00000000
vt 0.00000000 0.00000000
vt 0.00000000 0.00000000
vt 0.00000000 0.00000000
vt 0.00000000 0.00000000
vt 0.00000000 0.00000000
vt 0.00000000 0.00000000
vt 0.00000000 0.00000000
vt 0.00000000 0.00000000
vt 0.00000000 0.00000000
vt 0.00000000 0.00000000
vt 0.00000000 0.00000000
vt 0.00000000 0.00000000
vt 0.00000000 0.00000000
vt 0.00000000 0.00000000
vt 0.00000000 0.00000000
vt 0.00000000 0.00000000
vt 0.00000000 0.00000000
vt 0.00000000 0.00000000
vt 0.00000000 0.00000000
vt 0.00000000 0.00000000
vt 0.00000000 0.00000000
vt 0.00000000 0.00000000
vt 0.00000000 0.00000000
vt 0.00000000 0.00000000
vt 0.00000000 0.00000000
vt 0.00000000 0.00000000
vt 0.00000000 0.00000000
vt 0.00000000 0.00000000
vt 0.00000000 0.00000000
vt 0.00000000 0.00000000
vt 0.00000000 0.00000000
vt 0.00000000 0.00000000
vt 0.00000000 0.00000000
vt 0.00000000 0.00000000
vt 0.00000000 0.00000000
vt 0.00000000 0.00000000
vt 0.00000000 0.00000000
vt 0.00000000 0.00000000
vt 0.00000000 0.00000000
vt 0.00000000 0.00000000
vt 0.00000000 0.00000000
vt 0.00000000 0.00000000
vt 0.00000000 0.00000000
vt 0.00000000 0.00000000
vt 0.00000000 0.00000000
vt 0.00000000 0.00000000
vt 0.00000000 0.00000000
vt 0.00000000 0.00000000
vt 0.00000000 0.00000000
vt 0.00000000 0.00000000
vt 0.00000000 0.00000000
vt 0.00000000 0.00000000
vt 0.00000000 0.00000000
vt 0.00000000 0.00000000
vt 0.00000000 0.00000000
vt 0.00000000 0.00000000
vt 0.00000000 0.00000000
vt 0.00000000 0.00000000
vt 0.00000000 0.00000000
vt 0.00000000 0.00000000
vt 0.00000000 0.00000000
vt 0.00000000 0.00000000
vt 0.00000000 0.00000000
vt 0.00000000 0.00000000
vt 0.00000000 0.00000000
vt 0.00000000 0.00000000
vt 0.00000000 0.00000000
vt 0.00000000 0.00000000
vt 0.00000000 0.00000000
vt 0.00000000 0.00000000
vt 0.00000000 0.00000000
vt 0.00000000 0.00000000
vt 0.00000000 0.00000000
vt 0.00000000 0.00000000
vt 0.00000000 0.00000000
vt 0.00000000 0.00000000
vt 0.00000000 0.00000000
vt 0.00000000 0.00000000
vt 0.00000000 0.00000000
vt 0.00000000 0.00000000
vt 0.00000000 0.00000000
vt 0.00000000 0.00000000
vt 0.00000000 0.00000000
vt 0.00000000 0.00000000
vt 0.00000000 0.00000000
vt 0.00000000 0.00000000
vt 0.00000000 0.00000000
vt 0.00000000 0.00000000
vt 0.00000000 0.00000000
vt 0.00000000 0.00000000
vt 0.00000000 0.00000000
vt 0.00000000 0.00000000
vt 0.00000000 0.00000000
vt 0.00000000 0.00000000
vt 0.00000000 0.00000000
vt 0.00000000 0.00000000
vt 0.00000000 0.00000000
vt 0.00000000 0.00000000
vt 0.00000000 0.00000000
vt 0.00000000 0.00000000
vt 0.00000000 0.00000000
vt 0.00000000 0.00000000
vt 0.00000000 0.00000000
vt 0.00000000 0.00000000
vt 0.00000000 0.00000000
vt 0.00000000 0.00000000
vt 0.00000000 0.00000000
vt 0.00000000 0.00000000
vt 0.00000000 0.00000000
vt 0.00000000 0.00000000
vt 0.00000000 0.00000000
vt 0.00000000 0.00000000
vt 0.00000000 0.00000000
vt 0.00000000 0.00000000
vt 0.00000000 0.00000000
vt 0.00000000 0.00000000
vt 0.00000000 0.00000000
vt 0.00000000 0.00000000
vt 0.00000000 0.00000000
vt 0.00000000 0.00000000
vt 0.00000000 0.00000000
vt 0.00000000 0.00000000
vt 0.00000000 0.00000000
vt 0.00000000 0.00000000
vt 0.00000000 0.00000000
vt 0.00000000 0.00000000
vt 0.00000000 0.00000000
vt 0.00000000 0.00000000
vt 0.00000000 0.00000000
vt 0.00000000 0.00000000
vt 0.00000000 0.00000000
vt 0.00000000 0.00000000
vt 0.00000000 0.00000000
vt 0.00000000 0.00000000
vt 0.00000000 0.00000000
vt 0.00000000 0.00000000
vt 0.00000000 0.00000000
vt 0.00000000 0.00000000
vt 0.00000000 0.00000000
vt 0.00000000 0.00000000
vt 0.00000000 0.00000000
vt 0.00000000 0.00000000
vt 0.00000000 0.00000000
vt 0.00000000 0.00000000
vt 0.00000000 0.00000000
vt 0.00000000 0.00000000
vt 0.00000000 0.00000000
vt 0.00000000 0.00000000
vt 0.00000000 0.00000000
vt 0.00000000 0.00000000
vt 0.00000000 0.00000000
vt 0.00000000 0.00000000
vt 0.00000000 0.00000000
vt 0.00000000 0.00000000
vt 0.00000000 0.00000000
vt 0.00000000 0.00000000
vt 0.00000000 0.00000000
vt 0.00000000 0.00000000
vt 0.00000000 0.00000000
vt 0.00000000 0.00000000
vt 0.00000000 0.00000000
vt 0.00000000 0.00000000
vt 0.00000000 0.00000000
vt 0.00000000 0.00000000
vt 0.00000000 0.00000000
vt 0.00000000 0.00000000
vt 0.00000000 0.00000000
vt 0.00000000 0.00000000
vt 0.00000000 0.00000000
vt 0.00000000 0.00000000
vt 0.00000000 0.00000000
vt 0.00000000 0.00000000
vt 0.00000000 0.00000000
vt 0.00000000 0.00000000
vt 0.00000000 0.00000000
vt 0.00000000 0.00000000
vt 0.00000000 0.00000000
vt 0.00000000 0.00000000
vt 0.00000000 0.00000000
vt 0.00000000 0.00000000
vt 0.00000000 0.00000000
vt 0.00000000 0.00000000
vt 0.00000000 0.00000000
vt 0.00000000 0.00000000
vt 0.00000000 0.00000000
vt 0.00000000 0.00000000
vt 0.00000000 0.00000000
vt 0.00000000 0.00000000
vt 0.00000000 0.00000000
vt 0.00000000 0.00000000
vt 0.00000000 0.00000000
vt 0.00000000 0.00000000
vt 0.00000000 0.00000000
vt 0.00000000 0.00000000
vt 0.00000000 0.00000000
vt 0.00000000 0.00000000
vt 0.00000000 0.00000000
vt 0.00000000 0.00000000
vt 0.00000000 0.00000000
vt 0.00000000 0.00000000
vt 0.00000000 0.00000000
vt 0.00000000 0.00000000
vt 0.00000000 0.00000000
vt 0.00000000 0.00000000
vt 0.00000000 0.00000000
vt 0.00000000 0.00000000
vt 0.00000000 0.00000000
vt 0.00000000 0.00000000
vt 0.00000000 0.00000000
vt 0.00000000 0.00000000
vt 0.00000000 0.00000000
vt 0.00000000 0.00000000
vt 0.00000000 0.00000000
vt 0.00000000 0.00000000
vt 0.00000000 0.00000000
vt 0.00000000 0.00000000
vt 0.00000000 0.00000000
vt 0.00000000 0.00000000
vt 0.00000000 0.00000000
vt 0.00000000 0.00000000
vt 0.00000000 0.00000000
vt 0.00000000 0.00000000
vt 0.00000000 0.00000000
vt 0.00000000 0.00000000
vt 0.00000000 0.00000000
vt 0.00000000 0.00000000
vt 0.00000000 0.00000000
vt 0.00000000 0.00000000
vt 0.00000000 0.00000000
vt 0.00000000 0.00000000
vt 0.00000000 0.00000000
vt 0.00000000 0.00000000
vt 0.00000000 0.00000000
vt 0.00000000 0.00000000
vt 0.00000000 0.00000000
vt 0.00000000 0.00000000
vt 0.00000000 0.00000000
vt 0.00000000 0.00000000
vt 0.00000000 0.00000000
vt 0.00000000 0.00000000
vt 0.00000000 0.00000000
vt 0.00000000 0.00000000
vt 0.00000000 0.00000000
vt 0.00000000 0.00000000
vt 0.00000000 0.00000000
vt 0.00000000 0.00000000
vt 0.00000000 0.00000000
vt 0.00000000 0.00000000
vt 0.00000000 0.00000000
vt 0.00000000 0.00000000
vt 0.00000000 0.00000000
vt 0.00000000 0.00000000
vt 0.00000000 0.00000000
vt 0.00000000 0.00000000
vt 0.00000000 0.00000000
vt 0.00000000 0.00000000
vt 0.00000000 0.00000000
vt 0.00000000 0.00000000
vt 0.00000000 0.00000000
vt 0.00000000 0.00000000
vt 0.00000000 0.00000000
vt 0.00000000 0.00000000
vt 0.00000000 0.00000000
vt 0.00000000 0.00000000
vt 0.00000000 0.00000000
vt 0.00000000 0.00000000
vt 0.00000000 0.00000000
vt 0.00000000 0.00000000
vt 0.00000000 0.00000000
vt 0.00000000 0.00000000
vt 0.00000000 0.00000000
vt 0.00000000 0.00000000
vt 0.00000000 0.00000000
vt 0.00000000 0.00000000
vt 0.00000000 0.00000000
vt 0.00000000 0.00000000
vt 0.00000000 0.00000000
vt 0.00000000 0.00000000
vt 0.00000000 0.00000000
vt 0.00000000 0.00000000
vt 0.00000000 0.00000000
vt 0.00000000 0.00000000
vt 0.00000000 0.00000000
vt 0.00000000 0.00000000
vt 0.00000000 0.00000000
vt 0.00000000 0.00000000
vt 0.00000000 0.00000000
vt 0.00000000 0.00000000
vt 0.00000000 0.00000000
vt 0.00000000 0.00000000
vt 0.00000000 0.00000000
vt 0.00000000 0.00000000
vt 0.00000000 0.00000000
vt 0.00000000 0.00000000
vt 0.00000000 0.00000000
vt 0.00000000 0.00000000
vt 0.00000000 0.00000000
vt 0.00000000 0.00000000
vt 0.00000000 0.00000000
vt 0.00000000 0.00000000
vt 0.00000000 0.00000000
vt 0.00000000 0.00000000
vt 0.00000000 0.00000000
vt 0.00000000 0.00000000
vt 0.00000000 0.00000000
vt 0.00000000 0.00000000
vt 0.00000000 0.00000000
vt 0.00000000 0.00000000
vt 0.00000000 0.00000000
vt 0.00000000 0.00000000
vt 0.00000000 0.00000000
vt 0.00000000 0.00000000
vt 0.00000000 0.00000000
vt 0.00000000 0.00000000
vt 0.00000000 0.00000000
vt 0.00000000 0.00000000
vt 0.00000000 0.00000000
vt 0.00000000 0.00000000
vt 0.00000000 0.00000000
vt 0.00000000 0.00000000
vt 0.00000000 0.00000000
vt 0.00000000 0.00000000
vt 0.00000000 0.00000000
vt 0.00000000 0.00000000
vt 0.00000000 0.00000000
vt 0.00000000 0.00000000
vt 0.00000000 0.00000000
vt 0.00000000 0.00000000
vt 0.00000000 0.00000000
vt 0.00000000 0.00000000
vt 0.00000000 0.00000000
vt 0.00000000 0.00000000
vt 0.00000000 0.00000000
vt 0.00000000 0.00000000
vt 0.00000000 0.00000000
vt 0.00000000 0.00000000
vt 0.00000000 0.00000000
vt 0.00000000 0.00000000
vt 0.00000000 0.00000000
vt 0.00000000 0.00000000
vt 0.00000000 0.00000000
vt 0.00000000 0.00000000
vt 0.00000000 0.00000000
vt 0.00000000 0.00000000
vt 0.00000000 0.00000000
vt 0.00000000 0.00000000
vt 0.00000000 0.00000000
vt 0.00000000 0.00000000
vt 0.00000000 0.00000000
vt 0.00000000 0.00000000
vt 0.00000000 0.00000000
vt 0.00000000 0.00000000
vt 0.00000000 0.00000000
vt 0.00000000 0.00000000
vt 0.00000000 0.00000000
vt 0.00000000 0.00000000
vt 0.00000000 0.00000000
vt 0.00000000 0.00000000
vt 0.00000000 0.00000000
vt 0.00000000 0.00000000
vt 0.00000000 0.00000000
vt 0.00000000 0.00000000
vt 0.00000000 0.00000000
vt 0.00000000 0.00000000
vt 0.00000000 0.00000000
vt 0.00000000 0.00000000
vt 0.00000000 0.00000000
vt 0.00000000 0.00000000
vt 0.00000000 0.00000000
vt 0.00000000 0.00000000
vt 0.00000000 0.00000000
vt 0.00000000 0.00000000
vt 0.00000000 0.00000000
vt 0.00000000 0.00000000
vt 0.00000000 0.00000000
vt 0.00000000 0.00000000
vt 0.00000000 0.00000000
vt 0.00000000 0.00000000
vt 0.00000000 0.00000000
vt 0.00000000 0.00000000
vt 0.00000000 0.00000000
vt 0.00000000 0.00000000
vt 0.00000000 0.00000000
vt 0.00000000 0.00000000
vt 0.00000000 0.00000000
vt 0.00000000 0.00000000
vt 0.00000000 0.00000000
vt 0.00000000 0.00000000
vt 0.00000000 0.00000000
vt 0.00000000 0.00000000
vt 0.00000000 0.00000000
vt 0.00000000 0.00000000
vt 0.00000000 0.00000000
vt 0.00000000 0.00000000
vt 0.00000000 0.00000000
vt 0.00000000 0.00000000
vt 0.00000000 0.00000000
vt 0.00000000 0.00000000
vt 0.00000000 0.00000000
vt 0.00000000 0.00000000
vt 0.00000000 0.00000000
vt 0.00000000 0.00000000
vt 0.00000000 0.00000000
vt 0.00000000 0.00000000
vt 0.00000000 0.00000000
vt 0.00000000 0.00000000
vt 0.00000000 0.00000000
vt 0.00000000 0.00000000
vt 0.00000000 0.00000000
vt 0.00000000 0.00000000
vt 0.00000000 0.00000000
vt 0.00000000 0.00000000
vt 0.00000000 0.00000000
vt 0.00000000 0.00000000
vt 0.00000000 0.00000000
vt 0.00000000 0.00000000
vt 0.00000000 0.00000000
vt 0.00000000 0.00000000
vt 0.00000000 0.00000000
vt 0.00000000 0.00000000
vt 0.00000000 0.00000000
vt 0.00000000 0.00000000
vt 0.00000000 0.00000000
vt 0.00000000 0.00000000
vt 0.00000000 0.00000000
vt 0.00000000 0.00000000
vt 0.00000000 0.00000000
vt 0.00000000 0.00000000
vt 0.00000000 0.00000000
vt 0.00000000 0.00000000
vt 0.00000000 0.00000000
vt 0.00000000 0.00000000
vt 0.00000000 0.00000000
vt 0.00000000 0.00000000
vt 0.00000000 0.00000000
vt 0.00000000 0.00000000
vt 0.00000000 0.00000000
vt 0.00000000 0.00000000
vt 0.00000000 0.00000000
vt 0.00000000 0.00000000
vt 0.00000000 0.00000000
vt 0.00000000 0.00000000
vt 0.00000000 0.00000000
vt 0.00000000 0.00000000
vt 0.00000000 0.00000000
vt 0.00000000 0.00000000
vt 0.00000000 0.00000000
vt 0.00000000 0.00000000
vt 0.00000000 0.00000000
vt 0.00000000 0.00000000
vt 0.00000000 0.00000000
vt 0.00000000 0.00000000
vt 0.00000000 0.00000000
vt 0.00000000 0.00000000
vt 0.00000000 0.00000000
vt 0.00000000 0.00000000
vt 0.00000000 0.00000000
vt 0.00000000 0.00000000
vt 0.00000000 0.00000000
vt 0.00000000 0.00000000
vt 0.00000000 0.00000000
vt 0.00000000 0.00000000
vt 0.00000000 0.00000000
vt 0.00000000 0.00000000
vt 0.00000000 0.00000000
vt 0.00000000 0.00000000
vt 0.00000000 0.00000000
vt 0.00000000 0.00000000
vt 0.00000000 0.00000000
vt 0.00000000 0.00000000
vt 0.00000000 0.00000000
vt 0.00000000 0.00000000
vt 0.00000000 0.00000000
vt 0.00000000 0.00000000
vt 0.00000000 0.00000000
vt 0.00000000 0.00000000
vt 0.00000000 0.00000000
vt 0.00000000 0.00000000
vt 0.00000000 0.00000000
vt 0.00000000 0.00000000
vt 0.00000000 0.00000000
vt 0.00000000 0.00000000
vt 0.00000000 0.00000000
vt 0.00000000 0.00000000
vt 0.00000000 0.00000000
vt 0.00000000 0.00000000
vt 0.00000000 0.00000000
vt 0.00000000 0.00000000
vt 0.00000000 0.00000000
vt 0.00000000 0.00000000
vt 0.00000000 0.00000000
vt 0.00000000 0.00000000
vt 0.00000000 0.00000000
vt 0.00000000 0.00000000
vt 0.00000000 0.00000000
vt 0.00000000 0.00000000
vt 0.00000000 0.00000000
vt 0.00000000 0.00000000
vt 0.00000000 0.00000000
vt 0.00000000 0.00000000
vt 0.00000000 0.00000000
vt 0.00000000 0.00000000
vt 0.00000000 0.00000000
vt 0.00000000 0.00000000
vt 0.00000000 0.00000000
vt 0.00000000 0.00000000
vt 0.00000000 0.00000000
vt 0.00000000 0.00000000
vt 0.00000000 0.00000000
vt 0.00000000 0.00000000
vt 0.00000000 0.00000000
vt 0.00000000 0.00000000
vt 0.00000000 0.00000000
vt 0.00000000 0.00000000
vt 0.00000000 0.00000000
vt 0.00000000 0.00000000
vt 0.00000000 0.00000000
vt 0.00000000 0.00000000
vt 0.00000000 0.00000000
vt 0.00000000 0.00000000
vt 0.00000000 0.00000000
vt 0.00000000 0.00000000
vt 0.00000000 0.00000000
vt 0.00000000 0.00000000
vt 0.00000000 0.00000000
vt 0.00000000 0.00000000
vt 0.00000000 0.00000000
vt 0.00000000 0.00000000
vt 0.00000000 0.00000000
vt 0.00000000 0.00000000
vt 0.00000000 0.00000000
vt 0.00000000 0.00000000
vt 0.00000000 0.00000000
vt 0.00000000 0.00000000
vt 0.00000000 0.00000000
vt 0.00000000 0.00000000
vt 0.00000000 0.00000000
vt 0.00000000 0.00000000
vt 0.00000000 0.00000000
vt 0.00000000 0.00000000
vt 0.00000000 0.00000000
vt 0.00000000 0.00000000
vt 0.00000000 0.00000000
vt 0.00000000 0.00000000
vt 0.00000000 0.00000000
vt 0.00000000 0.00000000
vt 0.00000000 0.00000000
vt 0.00000000 0.00000000
vt 0.00000000 0.00000000
vt 0.00000000 0.00000000
vt 0.00000000 0.00000000
vt 0.00000000 0.00000000
vt 0.00000000 0.00000000
vt 0.00000000 0.00000000
vt 0.00000000 0.00000000
vt 0.00000000 0.00000000
vt 0.00000000 0.00000000
vt 0.00000000 0.00000000
vt 0.00000000 0.00000000
vt 0.00000000 0.00000000
vt 0.00000000 0.00000000
vt 0.00000000 0.00000000
vt 0.00000000 0.00000000
vt 0.00000000 0.00000000
vt 0.00000000 0.00000000
vt 0.00000000 0.00000000
vt 0.00000000 0.00000000
vt 0.00000000 0.00000000
vt 0.00000000 0.00000000
vt 0.00000000 0.00000000
vt 0.00000000 0.00000000
vt 0.00000000 0.00000000
vt 0.00000000 0.00000000
vt 0.00000000 0.00000000
vt 0.00000000 0.00000000
vt 0.00000000 0.00000000
vt 0.00000000 0.00000000
vt 0.00000000 0.00000000
vt 0.00000000 0.00000000
vt 0.00000000 0.00000000
vt 0.00000000 0.00000000
vt 0.00000000 0.00000000
vt 0.00000000 0.00000000
vt 0.00000000 0.00000000
vt 0.00000000 0.00000000
vt 0.00000000 0.00000000
vt 0.00000000 0.00000000
vt 0.00000000 0.00000000
vt 0.00000000 0.00000000
vt 0.00000000 0.00000000
vt 0.00000000 0.00000000
vt 0.00000000 0.00000000
vt 0.00000000 0.00000000
vt 0.00000000 0.00000000
vt 0.00000000 0.00000000
vt 0.00000000 0.00000000
vt 0.00000000 0.00000000
vt 0.00000000 0.00000000
vt 0.00000000 0.00000000
vt 0.00000000 0.00000000
vt 0.00000000 0.00000000
vt 0.00000000 0.00000000
vt 0.00000000 0.00000000
vt 0.00000000 0.00000000
vt 0.00000000 0.00000000
vt 0.00000000 0.00000000
vt 0.00000000 0.00000000
vt 0.00000000 0.00000000
vt 0.00000000 0.00000000
vt 0.00000000 0.00000000
vt 0.00000000 0.00000000
vt 0.00000000 0.00000000
vt 0.00000000 0.00000000
vt 0.00000000 0.00000000
vt 0.00000000 0.00000000
vt 0.00000000 0.00000000
vt 0.00000000 0.00000000
vt 0.00000000 0.00000000
vt 0.00000000 0.00000000
vt 0.00000000 0.00000000
vt 0.00000000 0.00000000
vt 0.00000000 0.00000000
vt 0.00000000 0.00000000
vt 0.00000000 0.00000000
vt 0.00000000 0.00000000
vt 0.00000000 0.00000000
vt 0.00000000 0.00000000
vt 0.00000000 0.00000000
vt 0.00000000 0.00000000
vt 0.00000000 0.00000000
vt 0.00000000 0.00000000
vt 0.00000000 0.00000000
vt 0.00000000 0.00000000
vt 0.00000000 0.00000000
vt 0.00000000 0.00000000
vt 0.00000000 0.00000000
vt 0.00000000 0.00000000
vt 0.00000000 0.00000000
vt 0.00000000 0.00000000
vt 0.00000000 0.00000000
vt 0.00000000 0.00000000
vt 0.00000000 0.00000000
vt 0.00000000 0.00000000
vt 0.00000000 0.00000000
vt 0.00000000 0.00000000
vt 0.00000000 0.00000000
vt 0.00000000 0.00000000
vt 0.00000000 0.00000000
vt 0.00000000 0.00000000
vt 0.00000000 0.00000000
vt 0.00000000 0.00000000
vt 0.00000000 0.00000000
vt 0.00000000 0.00000000
vt 0.00000000 0.00000000
vt 0.00000000 0.00000000
vt 0.00000000 0.00000000
vt 0.00000000 0.00000000
vt 0.00000000 0.00000000
vt 0.00000000 0.00000000
vt 0.00000000 0.00000000
vt 0.00000000 0.00000000
vt 0.00000000 0.00000000
vt 0.00000000 0.00000000
vt 0.00000000 0.00000000
vt 0.00000000 0.00000000
vt 0.00000000 0.00000000
vt 0.00000000 0.00000000
vt 0.00000000 0.00000000
vt 0.00000000 0.00000000
vt 0.00000000 0.00000000
vt 0.00000000 0.00000000
vt 0.00000000 0.00000000
vt 0.00000000 0.00000000
vt 0.00000000 0.00000000
vt 0.00000000 0.00000000
vt 0.00000000 0.00000000
vt 0.00000000 0.00000000
vt 0.00000000 0.00000000
vt 0.00000000 0.00000000
vt 0.00000000 0.00000000
vt 0.00000000 0.00000000
vt 0.00000000 0.00000000
vt 0.00000000 0.00000000
vt 0.00000000 0.00000000
vt 0.00000000 0.00000000
vt 0.00000000 0.00000000
vt 0.00000000 0.00000000
vt 0.00000000 0.00000000
vt 0.00000000 0.00000000
vt 0.00000000 0.00000000
vt 0.00000000 0.00000000
vt 0.00000000 0.00000000
vt 0.00000000 0.00000000
vt 0.00000000 0.00000000
vt 0.00000000 0.00000000
vt 0.00000000 0.00000000
vt 0.00000000 0.00000000
vt 0.00000000 0.00000000
vt 0.00000000 0.00000000
vt 0.00000000 0.00000000
vt 0.00000000 0.00000000
vt 0.00000000 0.00000000
vt 0.00000000 0.00000000
vt 0.00000000 0.00000000
vt 0.00000000 0.00000000
vt 0.00000000 0.00000000
vt 0.00000000 0.00000000
vt 0.00000000 0.00000000
vt 0.00000000 0.00000000
vt 0.00000000 0.00000000
vt 0.00000000 0.00000000
vt 0.00000000 0.00000000
vt 0.00000000 0.00000000
vt 0.00000000 0.00000000
vt 0.00000000 0.00000000
vt 0.00000000 0.00000000
vt 0.00000000 0.00000000
vt 0.00000000 0.00000000
vt 0.00000000 0.00000000
vt 0.00000000 0.00000000
vt 0.00000000 0.00000000
vt 0.00000000 0.00000000
vt 0.00000000 0.00000000
vt 0.00000000 0.00000000
vt 0.00000000 0.00000000
vt 0.00000000 0.00000000
vt 0.00000000 0.00000000
vt 0.00000000 0.00000000
vt 0.00000000 0.00000000
vt 0.00000000 0.00000000
vt 0.00000000 0.00000000
vt 0.00000000 0.00000000
vt 0.00000000 0.00000000
vt 0.00000000 0.00000000
vt 0.00000000 0.00000000
vt 0.00000000 0.00000000
vt 0.00000000 0.00000000
vt 0.00000000 0.00000000
vt 0.00000000 0.00000000
vt 0.00000000 0.00000000
vt 0.00000000 0.00000000
vt 0.00000000 0.00000000
vt 0.00000000 0.00000000
vt 0.00000000 0.00000000
vt 0.00000000 0.00000000
vt 0.00000000 0.00000000
vt 0.00000000 0.00000000
vt 0.00000000 0.00000000
vt 0.00000000 0.00000000
vt 0.00000000 0.00000000
vt 0.00000000 0.00000000
vt 0.00000000 0.00000000
vt 0.00000000 0.00000000
vt 0.00000000 0.00000000
vt 0.00000000 0.00000000
vt 0.00000000 0.00000000
vt 0.00000000 0.00000000
vt 0.00000000 0.00000000
vt 0.00000000 0.00000000
vt 0.00000000 0.00000000
vt 0.00000000 0.00000000
vt 0.00000000 0.00000000
vt 0.00000000 0.00000000
vt 0.00000000 0.00000000
vt 0.00000000 0.00000000
vt 0.00000000 0.00000000
vt 0.00000000 0.00000000
vt 0.00000000 0.00000000
vt 0.00000000 0.00000000
vt 0.00000000 0.00000000
vt 0.00000000 0.00000000
vt 0.00000000 0.00000000
vt 0.00000000 0.00000000
vt 0.00000000 0.00000000
vt 0.00000000 0.00000000
vt 0.00000000 0.00000000
vt 0.00000000 0.00000000
vt 0.00000000 0.00000000
vt 0.00000000 0.00000000
vt 0.00000000 0.00000000
vt 0.00000000 0.00000000
vt 0.00000000 0.00000000
vt 0.00000000 0.00000000
vt 0.00000000 0.00000000
vt 0.00000000 0.00000000
vt 0.00000000 0.00000000
vt 0.00000000 0.00000000
vt 0.00000000 0.00000000
vt 0.00000000 0.00000000
vt 0.00000000 0.00000000
vt 0.00000000 0.00000000
vt 0.00000000 0.00000000
vt 0.00000000 0.00000000
vt 0.00000000 0.00000000
vt 0.00000000 0.00000000
vt 0.00000000 0.00000000
vt 0.00000000 0.00000000
vt 0.00000000 0.00000000
vt 0.00000000 0.00000000
vt 0.00000000 0.00000000
vt 0.00000000 0.00000000
vt 0.00000000 0.00000000
vt 0.00000000 0.00000000
vt 0.00000000 0.00000000
vt 0.00000000 0.00000000
vt 0.00000000 0.00000000
vt 0.00000000 0.00000000
vt 0.00000000 0.00000000
vt 0.00000000 0.00000000
vt 0.00000000 0.00000000
vt 0.00000000 0.00000000
vt 0.00000000 0.00000000
vt 0.00000000 0.00000000
vt 0.00000000 0.00000000
vt 0.00000000 0.00000000
vt 0.00000000 0.00000000
vt 0.00000000 0.00000000
vt 0.00000000 0.00000000
vt 0.00000000 0.00000000
vt 0.00000000 0.00000000
vt 0.00000000 0.00000000
vt 0.00000000 0.00000000
vt 0.00000000 0.00000000
vt 0.00000000 0.00000000
vt 0.00000000 0.00000000
vt 0.00000000 0.00000000
vt 0.00000000 0.00000000
vt 0.00000000 0.00000000
vt 0.00000000 0.00000000
vt 0.00000000 0.00000000
vt 0.00000000 0.00000000
vt 0.00000000 0.00000000
vt 0.00000000 0.00000000
vt 0.00000000 0.00000000
vt 0.00000000 0.00000000
vt 0.00000000 0.00000000
vt 0.00000000 0.00000000
vt 0.00000000 0.00000000
vt 0.00000000 0.00000000
vt 0.00000000 0.00000000
vt 0.00000000 0.00000000
vt 0.00000000 0.00000000
vt 0.00000000 0.00000000
vt 0.00000000 0.00000000
vt 0.00000000 0.00000000
vt 0.00000000 0.00000000
vt 0.00000000 0.00000000
vt 0.00000000 0.00000000
vt 0.00000000 0.00000000
vt 0.00000000 0.00000000
vt 0.00000000 0.00000000
vt 0.00000000 0.00000000
vt 0.00000000 0.00000000
vt 0.00000000 0.00000000
vt 0.00000000 0.00000000
vt 0.00000000 0.00000000
vt 0.00000000 0.00000000
vt 0.00000000 0.00000000
vt 0.00000000 0.00000000
vt 0.00000000 0.00000000
vt 0.00000000 0.00000000
vt 0.00000000 0.00000000
vt 0.00000000 0.00000000
vt 0.00000000 0.00000000
vt 0.00000000 0.00000000
vt 0.00000000 0.00000000
vt 0.00000000 0.00000000
vt 0.00000000 0.00000000
vt 0.00000000 0.00000000
vt 0.00000000 0.00000000
vt 0.00000000 0.00000000
vt 0.00000000 0.00000000
vt 0.00000000 0.00000000
vt 0.00000000 0.00000000
vt 0.00000000 0.00000000
vt 0.00000000 0.00000000
vt 0.00000000 0.00000000
vt 0.00000000 0.00000000
vt 0.00000000 0.00000000
vt 0.00000000 0.00000000
vt 0.00000000 0.00000000
vt 0.00000000 0.00000000
vt 0.00000000 0.00000000
vt 0.00000000 0.00000000
vt 0.00000000 0.00000000
vt 0.00000000 0.00000000
vt 0.00000000 0.00000000
vt 0.00000000 0.00000000
vt 0.00000000 0.00000000
vt 0.00000000 0.00000000
vt 0.00000000 0.00000000
vt 0.00000000 0.00000000
vt 0.00000000 0.00000000
vt 0.00000000 0.00000000
vt 0.00000000 0.00000000
vt 0.00000000 0.00000000
vt 0.00000000 0.00000000
vt 0.00000000 0.00000000
vt 0.00000000 0.00000000
vt 0.00000000 0.00000000
vt 0.00000000 0.00000000
vt 0.00000000 0.00000000
vt 0.00000000 0.00000000
vt 0.00000000 0.00000000
vt 0.00000000 0.00000000
vt 0.00000000 0.00000000
vt 0.00000000 0.00000000
vt 0.00000000 0.00000000
vt 0.00000000 0.00000000
vt 0.00000000 0.00000000
vt 0.00000000 0.00000000
vt 0.00000000 0.00000000
vt 0.00000000 0.00000000
vt 0.00000000 0.00000000
vt 0.00000000 0.00000000
vt 0.00000000 0.00000000
vt 0.00000000 0.00000000
vt 0.00000000 0.00000000
vt 0.00000000 0.00000000
vt 0.00000000 0.00000000
vt 0.00000000 0.00000000
vt 0.00000000 0.00000000
vt 0.00000000 0.00000000
vt 0.00000000 0.00000000
vt 0.00000000 0.00000000
vt 0.00000000 0.00000000
vt 0.00000000 0.00000000
vt 0.00000000 0.00000000
vt 0.00000000 0.00000000
vt 0.00000000 0.00000000
vt 0.00000000 0.00000000
vt 0.00000000 0.00000000
vt 0.00000000 0.00000000
vt 0.00000000 0.00000000
vt 0.00000000 0.00000000
vt 0.00000000 0.00000000
vt 0.00000000 0.00000000
vt 0.00000000 0.00000000
vt 0.00000000 0.00000000
vt 0.00000000 0.00000000
vt 0.00000000 0.00000000
vt 0.00000000 0.00000000
vt 0.00000000 0.00000000
vt 0.00000000 0.00000000
vt 0.00000000 0.00000000
vt 0.00000000 0.00000000
vt 0.00000000 0.00000000
vt 0.00000000 0.00000000
vt 0.00000000 0.00000000
vt 0.00000000 0.00000000
vt 0.00000000 0.00000000
vt 0.00000000 0.00000000
vt 0.00000000 0.00000000
vt 0.00000000 0.00000000
vt 0.00000000 0.00000000
vt 0.00000000 0.00000000
vt 0.00000000 0.00000000
vt 0.00000000 0.00000000
vt 0.00000000 0.00000000
vt 0.00000000 0.00000000
vt 0.00000000 0.00000000
vt 0.00000000 0.00000000
vt 0.00000000 0.00000000
vt 0.00000000 0.00000000
vt 0.00000000 0.00000000
vt 0.00000000 0.00000000
vt 0.00000000 0.00000000
vt 0.00000000 0.00000000
vt 0.00000000 0.00000000
vt 0.00000000 0.00000000
vt 0.00000000 0.00000000
vt 0.00000000 0.00000000
vt 0.00000000 0.00000000
vt 0.00000000 0.00000000
vt 0.00000000 0.00000000
vt 0.00000000 0.00000000
vt 0.00000000 0.00000000
vt 0.00000000 0.00000000
vt 0.00000000 0.00000000
vt 0.00000000 0.00000000
vt 0.00000000 0.00000000
vt 0.00000000 0.00000000
vt 0.00000000 0.00000000
vt 0.00000000 0.00000000
vt 0.00000000 0.00000000
vt 0.00000000 0.00000000
vt 0.00000000 0.00000000
vt 0.00000000 0.00000000
vt 0.00000000 0.00000000
vt 0.00000000 0.00000000
vt 0.00000000 0.00000000
vt 0.00000000 0.00000000
vt 0.00000000 0.00000000
vt 0.00000000 0.00000000
vt 0.00000000 0.00000000
vt 0.00000000 0.00000000
vt 0.00000000 0.00000000
vt 0.00000000 0.00000000
vt 0.00000000 0.00000000
vt 0.00000000 0.00000000
vt 0.00000000 0.00000000
vt 0.00000000 0.00000000
vt 0.00000000 0.00000000
vt 0.00000000 0.00000000
vt 0.00000000 0.00000000
vt 0.00000000 0.00000000
vt 0.00000000 0.00000000
vt 0.00000000 0.00000000
vt 0.00000000 0.00000000
vt 0.00000000 0.00000000
vt 0.00000000 0.00000000
vt 0.00000000 0.00000000
vt 0.00000000 0.00000000
vt 0.00000000 0.00000000
vt 0.00000000 0.00000000
vt 0.00000000 0.00000000
vt 0.00000000 0.00000000
vt 0.00000000 0.00000000
vt 0.00000000 0.00000000
vt 0.00000000 0.00000000
vt 0.00000000 0.00000000
vt 0.00000000 0.00000000
vt 0.00000000 0.00000000
vt 0.00000000 0.00000000
vt 0.00000000 0.00000000
vt 0.00000000 0.00000000
vt 0.00000000 0.00000000
vt 0.00000000 0.00000000
vt 0.00000000 0.00000000
vt 0.00000000 0.00000000
vt 0.00000000 0.00000000
vt 0.00000000 0.00000000
vt 0.00000000 0.00000000
vt 0.00000000 0.00000000
vt 0.00000000 0.00000000
vt 0.00000000 0.00000000
vt 0.00000000 0.00000000
vt 0.00000000 0.00000000
vt 0.00000000 0.00000000
vt 0.00000000 0.00000000
vt 0.00000000 0.00000000
vt 0.00000000 0.00000000
vt 0.00000000 0.00000000
vt 0.00000000 0.00000000
vt 0.00000000 0.00000000
vt 0.00000000 0.00000000
vt 0.00000000 0.00000000
vt 0.00000000 0.00000000
vt 0.00000000 0.00000000
vt 0.00000000 0.00000000
vt 0.00000000 0.00000000
vt 0.00000000 0.00000000
vt 0.00000000 0.00000000
vt 0.00000000 0.00000000
vt 0.00000000 0.00000000
vt 0.00000000 0.00000000
vt 0.00000000 0.00000000
vt 0.00000000 0.00000000
vt 0.00000000 0.00000000
vt 0.00000000 0.00000000
vt 0.00000000 0.00000000
vt 0.00000000 0.00000000
vt 0.00000000 0.00000000
vt 0.00000000 0.00000000
vt 0.00000000 0.00000000
vt 0.00000000 0.00000000
vt 0.00000000 0.00000000
vt 0.00000000 0.00000000
vt 0.00000000 0.00000000
vt 0.00000000 0.00000000
vt 0.00000000 0.00000000
vt 0.00000000 0.00000000
vt 0.00000000 0.00000000
vt 0.00000000 0.00000000
vt 0.00000000 0.00000000
vt 0.00000000 0.00000000
vt 0.00000000 0.00000000
vt 0.00000000 0.00000000
vt 0.00000000 0.00000000
vt 0.00000000 0.00000000
vt 0.00000000 0.00000000
vt 0.00000000 0.00000000
vt 0.00000000 0.00000000
vt 0.00000000 0.00000000
vt 0.00000000 0.00000000
vt 0.00000000 0.00000000
vt 0.00000000 0.00000000
vt 0.00000000 0.00000000
vt 0.00000000 0.00000000
vt 0.00000000 0.00000000
vt 0.00000000 0.00000000
vt 0.00000000 0.00000000
vt 0.00000000 0.00000000
vt 0.00000000 0.00000000
vt 0.00000000 0.00000000
vt 0.00000000 0.00000000
vt 0.00000000 0.00000000
vt 0.00000000 0.00000000
vt 0.00000000 0.00000000
vt 0.00000000 0.00000000
vt 0.00000000 0.00000000
vt 0.00000000 0.00000000
vt 0.00000000 0.00000000
vt 0.00000000 0.00000000
vt 0.00000000 0.00000000
vt 0.00000000 0.00000000
vt 0.00000000 0.00000000
vt 0.00000000 0.00000000
vt 0.00000000 0.00000000
vt 0.00000000 0.00000000
vt 0.00000000 0.00000000
vt 0.00000000 0.00000000
vt 0.00000000 0.00000000
vt 0.00000000 0.00000000
vt 0.00000000 0.00000000
vt 0.00000000 0.00000000
vt 0.00000000 0.00000000
vt 0.00000000 0.00000000
vt 0.00000000 0.00000000
vt 0.00000000 0.00000000
vt 0.00000000 0.00000000
vt 0.00000000 0.00000000
vt 0.00000000 0.00000000
vt 0.00000000 0.00000000
vt 0.00000000 0.00000000
vt 0.00000000 0.00000000
vt 0.00000000 0.00000000
vt 0.00000000 0.00000000
vt 0.00000000 0.00000000
vt 0.00000000 0.00000000
vt 0.00000000 0.00000000
vt 0.00000000 0.00000000
vt 0.00000000 0.00000000
vt 0.00000000 0.00000000
vt 0.00000000 0.00000000
vt 0.00000000 0.00000000
vt 0.00000000 0.00000000
vt 0.00000000 0.00000000
vt 0.00000000 0.00000000
vt 0.00000000 0.00000000
vt 0.00000000 0.00000000
vt 0.00000000 0.00000000
vt 0.00000000 0.00000000
vt 0.00000000 0.00000000
vt 0.00000000 0.00000000
vt 0.00000000 0.00000000
vt 0.00000000 0.00000000
vt 0.00000000 0.00000000
vt 0.00000000 0.00000000
vt 0.00000000 0.00000000
vt 0.00000000 0.00000000
vt 0.00000000 0.00000000
vt 0.00000000 0.00000000
vt 0.00000000 0.00000000
vt 0.00000000 0.00000000
vt 0.00000000 0.00000000
vt 0.00000000 0.00000000
vt 0.00000000 0.00000000
vt 0.00000000 0.00000000
vt 0.00000000 0.00000000
vt 0.00000000 0.00000000
vt 0.00000000 0.00000000
vt 0.00000000 0.00000000
vt 0.00000000 0.00000000
vt 0.00000000 0.00000000
vt 0.00000000 0.00000000
vt 0.00000000 0.00000000
vt 0.00000000 0.00000000
vt 0.00000000 0.00000000
vt 0.00000000 0.00000000
vt 0.00000000 0.00000000
vt 0.00000000 0.00000000
vt 0.00000000 0.00000000
vt 0.00000000 0.00000000
vt 0.00000000 0.00000000
vt 0.00000000 0.00000000
vt 0.00000000 0.00000000
vt 0.00000000 0.00000000
vt 0.00000000 0.00000000
vt 0.00000000 0.00000000
vt 0.00000000 0.00000000
vt 0.00000000 0.00000000
vt 0.00000000 0.00000000
vt 0.00000000 0.00000000
vt 0.00000000 0.00000000
vt 0.00000000 0.00000000
vt 0.00000000 0.00000000
vt 0.00000000 0.00000000
vt 0.00000000 0.00000000
vt 0.00000000 0.00000000
vt 0.00000000 0.00000000
vt 0.00000000 0.00000000
vt 0.00000000 0.00000000
vt 0.00000000 0.00000000
vt 0.00000000 0.00000000
vt 0.00000000 0.00000000
vt 0.00000000 0.00000000
vt 0.00000000 0.00000000
vt 0.00000000 0.00000000
vt 0.00000000 0.00000000
vt 0.00000000 0.00000000
vt 0.00000000 0.00000000
vt 0.00000000 0.00000000
vt 0.00000000 0.00000000
vt 0.00000000 0.00000000
vt 0.00000000 0.00000000
vt 0.00000000 0.00000000
vt 0.00000000 0.00000000
vt 0.00000000 0.00000000
vt 0.00000000 0.00000000
vt 0.00000000 0.00000000
vt 0.00000000 0.00000000
vt 0.00000000 0.00000000
vt 0.00000000 0.00000000
vt 0.00000000 0.00000000
vt 0.00000000 0.00000000
vt 0.00000000 0.00000000
vt 0.00000000 0.00000000
vt 0.00000000 0.00000000
vt 0.00000000 0.00000000
vt 0.00000000 0.00000000
vt 0.00000000 0.00000000
vt 0.00000000 0.00000000
vt 0.00000000 0.00000000
vt 0.00000000 0.00000000
vt 0.00000000 0.00000000
vt 0.00000000 0.00000000
vt 0.00000000 0.00000000
vt 0.00000000 0.00000000
vt 0.00000000 0.00000000
vt 0.00000000 0.00000000
vt 0.00000000 0.00000000
vt 0.00000000 0.00000000
vt 0.00000000 0.00000000
vt 0.00000000 0.00000000
vt 0.00000000 0.00000000
vt 0.00000000 0.00000000
vt 0.00000000 0.00000000
vt 0.00000000 0.00000000
vt 0.00000000 0.00000000
vt 0.00000000 0.00000000
vt 0.00000000 0.00000000
vt 0.00000000 0.00000000
vt 0.00000000 0.00000000
vt 0.00000000 0.00000000
vt 0.00000000 0.00000000
vt 0.00000000 0.00000000
vt 0.00000000 0.00000000
vt 0.00000000 0.00000000
vt 0.00000000 0.00000000
vt 0.00000000 0.00000000
vt 0.00000000 0.00000000
vt 0.00000000 0.00000000
vt 0.00000000 0.00000000
vt 0.00000000 0.00000000
vt 0.00000000 0.00000000
vt 0.00000000 0.00000000
vt 0.00000000 0.00000000
vt 0.00000000 0.00000000
vt 0.00000000 0.00000000
vt 0.00000000 0.00000000
vt 0.00000000 0.00000000
vt 0.00000000 0.00000000
vt 0.00000000 0.00000000
vt 0.00000000 0.00000000
vt 0.00000000 0.00000000
vt 0.00000000 0.00000000
vt 0.00000000 0.00000000
vt 0.00000000 0.00000000
vt 0.00000000 0.00000000
vt 0.00000000 0.00000000
vt 0.00000000 0.00000000
vt 0.00000000 0.00000000
vt 0.00000000 0.00000000
vt 0.00000000 0.00000000
vt 0.00000000 0.00000000
vt 0.00000000 0.00000000
vt 0.00000000 0.00000000
vt 0.00000000 0.00000000
vt 0.00000000 0.00000000
vt 0.00000000 0.00000000
vt 0.00000000 0.00000000
vt 0.00000000 0.00000000
vt 0.00000000 0.00000000
vt 0.00000000 0.00000000
vt 0.00000000 0.00000000
vt 0.00000000 0.00000000
vt 0.00000000 0.00000000
vt 0.00000000 0.00000000
vt 0.00000000 0.00000000
vt 0.00000000 0.00000000
vt 0.00000000 0.00000000
vt 0.00000000 0.00000000
vt 0.00000000 0.00000000
vt 0.00000000 0.00000000
vt 0.00000000 0.00000000
vt 0.00000000 0.00000000
vt 0.00000000 0.00000000
vt 0.00000000 0.00000000
vt 0.00000000 0.00000000
vt 0.00000000 0.00000000
vt 0.00000000 0.00000000
vt 0.00000000 0.00000000
vt 0.00000000 0.00000000
vt 0.00000000 0.00000000
vt 0.00000000 0.00000000
vt 0.00000000 0.00000000
vt 0.00000000 0.00000000
vt 0.00000000 0.00000000
vt 0.00000000 0.00000000
vt 0.00000000 0.00000000
vt 0.00000000 0.00000000
vt 0.00000000 0.00000000
vt 0.00000000 0.00000000
vt 0.00000000 0.00000000
vt 0.00000000 0.00000000
vt 0.00000000 0.00000000
vt 0.00000000 0.00000000
vt 0.00000000 0.00000000
vt 0.00000000 0.00000000
vt 0.00000000 0.00000000
vt 0.00000000 0.00000000
vt 0.00000000 0.00000000
vt 0.00000000 0.00000000
vt 0.00000000 0.00000000
vt 0.00000000 0.00000000
vt 0.00000000 0.00000000
vt 0.00000000 0.00000000
vt 0.00000000 0.00000000
vt 0.00000000 0.00000000
vt 0.00000000 0.00000000
vt 0.00000000 0.00000000
vt 0.00000000 0.00000000
vt 0.00000000 0.00000000
vt 0.00000000 0.00000000
vt 0.00000000 0.00000000
vt 0.00000000 0.00000000
vt 0.00000000 0.00000000
vt 0.00000000 0.00000000
vt 0.00000000 0.00000000
vt 0.00000000 0.00000000
vt 0.00000000 0.00000000
vt 0.00000000 0.00000000
vt 0.00000000 0.00000000
vt 0.00000000 0.00000000
vt 0.00000000 0.00000000
vt 0.00000000 0.00000000
vt 0.00000000 0.00000000
vt 0.00000000 0.00000000
vt 0.00000000 0.00000000
vt 0.00000000 0.00000000
f 1/1/1 2/2/2 3/3/3
f 4/4/4 5/5/5 6/6/6
f 7/7/7 8/8/8 9/9/9
f 10/10/10 11/11/11 12/12/12
f 13/13/13 14/14/14 15/15/15
f 16/16/16 17/17/17 18/18/18
f 19/19/19 20/20/20 21/21/21
f 22/22/22 23/23/23 24/24/24
f 25/25/25 26/26/26 27/27/27
f 28/28/28 29/29/29 30/30/30
f 31/31/31 32/32/32 33/33/33
f 34/34/34 35/35/35 36/36/36
f 37/37/37 38/38/38 39/39/39
f 40/40/40 41/41/41 42/42/42
f 43/43/43 44/44/44 45/45/45
f 46/46/46 47/47/47 48/48/48
f 49/49/49 50/50/50 51/51/51
f 52/52/52 53/53/53 54/54/54
f 55/55/55 56/56/56 57/57/57
f 58/58/58 59/59/59 60/60/60
f 61/61/61 62/62/62 63/63/63
f 64/64/64 65/65/65 66/66/66
f 67/67/67 68/68/68 69/69/69
f 70/70/70 71/71/71 72/72/72
f 73/73/73 74/74/74 75/75/75
f 76/76/76 77/77/77 78/78/78
f 79/79/79 80/80/80 81/81/81
f 82/82/82 83/83/83 84/84/84
f 85/85/85 86/86/86 87/87/87
f 88/88/88 89/89/89 90/90/90
f 91/91/91 92/92/92 93/93/93
f 94/94/94 95/95/95 96/96/96
f 97/97/97 98/98/98 99/99/99
f 100/100/100 101/101/101 102/102/102
f 103/103/103 104/104/104 105/105/105
f 106/106/106 107/107/107 108/108/108
f 109/109/109 110/110/110 111/111/111
f 112/112/112 113/113/113 114/114/114
f 115/115/115 116/116/116 117/117/117
f 118/118/118 119/119/119 120/120/120
f 121/121/121 122/122/122 123/123/123
f 124/124/124 125/125/125 126/126/126
f 127/127/127 128/128/128 129/129/129
f 130/130/130 131/131/131 132/132/132
f 133/133/133 134/134/134 135/135/135
f 136/136/136 137/137/137 138/138/138
f 139/139/139 140/140/140 141/141/141
f 142/142/142 143/143/143 144/144/144
f 145/145/145 146/146/146 147/147/147
f 148/148/148 149/149/149 150/150/150
f 151/151/151 152/152/152 153/153/153
f 154/154/154 155/155/155 156/156/156
f 157/157/157 158/158/158 159/159/159
f 160/160/160 161/161/161 162/162/162
f 163/163/163 164/164/164 165/165/165
f 166/166/166 167/167/167 168/168/168
f 169/169/169 170/170/170 171/171/171
f 172/172/172 173/173/173 174/174/174
f 175/175/175 176/176/176 177/177/177
f 178/178/178 179/179/179 180/180/180
f 181/181/181 182/182/182 183/183/183
f 184/184/184 185/185/185 186/186/186
f 187/187/187 188/188/188 189/189/189
f 190/190/190 191/191/191 192/192/192
f 193/193/193 194/194/194 195/195/195
f 196/196/196 197/197/197 198/198/198
f 199/199/199 200/200/200 201/201/201
f 202/202/202 203/203/203 204/204/204
f 205/205/205 206/206/206 207/207/207
f 208/208/208 209/209/209 210/210/210
f 211/211/211 212/212/212 213/213/213
f 214/214/214 215/215/215 216/216/216
f 217/217/217 218/218/218 219/219/219
f 220/220/220 221/221/221 222/222/222
f 223/223/223 224/224/224 225/225/225
f 226/226/226 227/227/227 228/228/228
f 229/229/229 230/230/230 231/231/231
f 232/232/232 233/233/233 234/234/234
f 235/235/235 236/236/236 237/237/237
f 238/238/238 239/239/239 240/240/240
f 241/241/241 242/242/242 243/243/243
f 244/244/244 245/245/245 246/246/246
f 247/247/247 248/248/248 249/249/249
f 250/250/250 251/251/251 252/252/252
f 253/253/253 254/254/254 255/255/255
f 256/256/256 257/257/257 258/258/258
f 259/259/259 260/260/260 261/261/261
f 262/262/262 263/263/263 264/264/264
f 265/265/265 266/266/266 267/267/267
f 268/268/268 269/269/269 270/270/270
f 271/271/271 272/272/272 273/273/273
f 274/274/274 275/275/275 276/276/276
f 277/277/277 278/278/278 279/279/279
f 280/280/280 281/281/281 282/282/282
f 283/283/283 284/284/284 285/285/285
f 286/286/286 287/287/287 288/288/288
f 289/289/289 290/290/290 291/291/291
f 292/292/292 293/293/293 294/294/294
f 295/295/295 296/296/296 297/297/297
f 298/298/298 299/299/299 300/300/300
f 301/301/301 302/302/302 303/303/303
f 304/304/304 305/305/305 306/306/306
f 307/307/307 308/308/308 309/309/309
f 310/310/310 311/311/311 312/312/312
f 313/313/313 314/314/314 315/315/315
f 316/316/316 317/317/317 318/318/318
f 319/319/319 320/320/320 321/321/321
f 322/322/322 323/323/323 324/324/324
f 325/325/325 326/326/326 327/327/327
f 328/328/328 329/329/329 330/330/330
f 331/331/331 332/332/332 333/333/333
f 334/334/334 335/335/335 336/336/336
f 337/337/337 338/338/338 339/339/339
f 340/340/340 341/341/341 342/342/342
f 343/343/343 344/344/344 345/345/345
f 346/346/346 347/347/347 348/348/348
f 349/349/349 350/350/350 351/351/351
f 352/352/352 353/353/353 354/354/354
f 355/355/355 356/356/356 357/357/357
f 358/358/358 359/359/359 360/360/360
f 361/361/361 362/362/362 363/363/363
f 364/364/364 365/365/365 366/366/366
f 367/367/367 368/368/368 369/369/369
f 370/370/370 371/371/371 372/372/372
f 373/373/373 374/374/374 375/375/375
f 376/376/376 377/377/377 378/378/378
f 379/379/379 380/380/380 381/381/381
f 382/382/382 383/383/383 384/384/384
f 385/385/385 386/386/386 387/387/387
f 388/388/388 389/389/389 390/390/390
f 391/391/391 392/392/392 393/393/393
f 394/394/394 395/395/395 396/396/396
f 397/397/397 398/398/398 399/399/399
f 400/400/400 401/401/401 402/402/402
f 403/403/403 404/404/404 405/405/405
f 406/406/406 407/407/407 408/408/408
f 409/409/409 410/410/410 411/411/411
f 412/412/412 413/413/413 414/414/414
f 415/415/415 416/416/416 417/417/417
f 418/418/418 419/419/419 420/420/420
f 421/421/421 422/422/422 423/423/423
f 424/424/424 425/425/425 426/426/426
f 427/427/427 428/428/428 429/429/429
f 430/430/430 431/431/431 432/432/432
f 433/433/433 434/434/434 435/435/435
f 436/436/436 437/437/437 438/438/438
f 439/439/439 440/440/440 441/441/441
f 442/442/442 443/443/443 444/444/444
f 445/445/445 446/446/446 447/447/447
f 448/448/448 449/449/449 450/450/450
f 451/451/451 452/452/452 453/453/453
f 454/454/454 455/455/455 456/456/456
f 457/457/457 458/458/458 459/459/459
f 460/460/460 461/461/461 462/462/462
f 463/463/463 464/464/464 465/465/465
f 466/466/466 467/467/467 468/468/468
f 469/469/469 470/470/470 471/471/471
f 472/472/472 473/473/473 474/474/474
f 475/475/475 476/476/476 477/477/477
f 478/478/478 479/479/479 480/480/480
f 481/481/481 482/482/482 483/483/483
f 484/484/484 485/485/485 486/486/486
f 487/487/487 488/488/488 489/489/489
f 490/490/490 491/491/491 492/492/492
f 493/493/493 494/494/494 495/495/495
f 496/496/496 497/497/497 498/498/498
f 499/499/499 500/500/500 501/501/501
f 502/502/502 503/503/503 504/504/504
f 505/505/505 506/506/506 507/507/507
f 508/508/508 509/509/509 510/510/510
f 511/511/511 512/512/512 513/513/513
f 514/514/514 515/515/515 516/516/516
f 517/517/517 518/518/518 519/519/519
f 520/520/520 521/521/521 522/522/522
f 523/523/523 524/524/524 525/525/525
f 526/526/526 527/527/527 528/528/528
f 529/529/529 530/530/530 531/531/531
f 532/532/532 533/533/533 534/534/534
f 535/535/535 536/536/536 537/537/537
f 538/538/538 539/539/539 540/540/540
f 541/541/541 542/542/542 543/543/543
f 544/544/544 545/545/545 546/546/546
f 547/547/547 548/548/548 549/549/549
f 550/550/550 551/551/551 552/552/552
f 553/553/553 554/554/554 555/555/555
f 556/556/556 557/557/557 558/558/558
f 559/559/559 560/560/560 561/561/561
f 562/562/562 563/563/563 564/564/564
f 565/565/565 566/566/566 567/567/567
f 568/568/568 569/569/569 570/570/570
f 571/571/571 572/572/572 573/573/573
f 574/574/574 575/575/575 576/576/576
f 577/577/577 578/578/578 579/579/579
f 580/580/580 581/581/581 582/582/582
f 583/583/583 584/584/584 585/585/585
f 586/586/586 587/587/587 588/588/588
f 589/589/589 590/590/590 591/591/591
f 592/592/592 593/593/593 594/594/594
f 595/595/595 596/596/596 597/597/597
f 598/598/598 599/599/599 600/600/600
f 601/601/601 602/602/602 603/603/603
f 604/604/604 605/605/605 606/606/606
f 607/607/607 608/608/608 609/609/609
f 610/610/610 611/611/611 612/612/612
f 613/613/613 614/614/614 615/615/615
f 616/616/616 617/617/617 618/618/618
f 619/619/619 620/620/620 621/621/621
f 622/622/622 623/623/623 624/624/624
f 625/625/625 626/626/626 627/627/627
f 628/628/628 629/629/629 630/630/630
f 631/631/631 632/632/632 633/633/633
f 634/634/634 635/635/635 636/636/636
f 637/637/637 638/638/638 639/639/639
f 640/640/640 641/641/641 642/642/642
f 643/643/643 644/644/644 645/645/645
f 646/646/646 647/647/647 648/648/648
f 649/649/649 650/650/650 651/651/651
f 652/652/652 653/653/653 654/654/654
f 655/655/655 656/656/656 657/657/657
f 658/658/658 659/659/659 660/660/660
f 661/661/661 662/662/662 663/663/663
f 664/664/664 665/665/665 666/666/666
f 667/667/667 668/668/668 669/669/669
f 670/670/670 671/671/671 672/672/672
f 673/673/673 674/674/674 675/675/675
f 676/676/676 677/677/677 678/678/678
f 679/679/679 680/680/680 681/681/681
f 682/682/682 683/683/683 684/684/684
f 685/685/685 686/686/686 687/687/687
f 688/688/688 689/689/689 690/690/690
f 691/691/691 692/692/692 693/693/693
f 694/694/694 695/695/695 696/696/696
f 697/697/697 698/698/698 699/699/699
f 700/700/700 701/701/701 702/702/702
f 703/703/703 704/704/704 705/705/705
f 706/706/706 707/707/707 708/708/708
f 709/709/709 710/710/710 711/711/711
f 712/712/712 713/713/713 714/714/714
f 715/715/715 716/716/716 717/717/717
f 718/718/718 719/719/719 720/720/720
f 721/721/721 722/722/722 723/723/723
f 724/724/724 725/725/725 726/726/726
f 727/727/727 728/728/728 729/729/729
f 730/730/730 731/731/731 732/732/732
f 733/733/733 734/734/734 735/735/735
f 736/736/736 737/737/737 738/738/738
f 739/739/739 740/740/740 741/741/741
f 742/742/742 743/743/743 744/744/744
f 745/745/745 746/746/746 747/747/747
f 748/748/748 749/749/749 750/750/750
f 751/751/751 752/752/752 753/753/753
f 754/754/754 755/755/755 756/756/756
f 757/757/757 758/758/758 759/759/759
f 760/760/760 761/761/761 762/762/762
f 763/763/763 764/764/764 765/765/765
f 766/766/766 767/767/767 768/768/768
f 769/769/769 770/770/770 771/771/771
f 772/772/772 773/773/773 774/774/774
f 775/775/775 776/776/776 777/777/777
f 778/778/778 779/779/779 780/780/780
f 781/781/781 782/782/782 783/783/783
f 784/784/784 785/785/785 786/786/786
f 787/787/787 788/788/788 789/789/789
f 790/790/790 791/791/791 792/792/792
f 793/793/793 794/794/794 795/795/795
f 796/796/796 797/797/797 798/798/798
f 799/799/799 800/800/800 801/801/801
f 802/802/802 803/803/803 804/804/804
f 805/805/805 806/806/806 807/807/807
f 808/808/808 809/809/809 810/810/810
f 811/811/811 812/812/812 813/813/813
f 814/814/814 815/815/815 816/816/816
f 817/817/817 818/818/818 819/819/819
f 820/820/820 821/821/821 822/822/822
f 823/823/823 824/824/824 825/825/825
f 826/826/826 827/827/827 828/828/828
f 829/829/829 830/830/830 831/831/831
f 832/832/832 833/833/833 834/834/834
f 835/835/835 836/836/836 837/837/837
f 838/838/838 839/839/839 840/840/840
f 841/841/841 842/842/842 843/843/843
f 844/844/844 845/845/845 846/846/846
f 847/847/847 848/848/848 849/849/849
f 850/850/850 851/851/851 852/852/852
f 853/853/853 854/854/854 855/855/855
f 856/856/856 857/857/857 858/858/858
f 859/859/859 860/860/860 861/861/861
f 862/862/862 863/863/863 864/864/864
f 865/865/865 866/866/866 867/867/867
f 868/868/868 869/869/869 870/870/870
f 871/871/871 872/872/872 873/873/873
f 874/874/874 875/875/875 876/876/876
f 877/877/877 878/878/878 879/879/879
f 880/880/880 881/881/881 882/882/882
f 883/883/883 884/884/884 885/885/885
f 886/886/886 887/887/887 888/888/888
f 889/889/889 890/890/890 891/891/891
f 892/892/892 893/893/893 894/894/894
f 895/895/895 896/896/896 897/897/897
f 898/898/898 899/899/899 900/900/900
f 901/901/901 902/902/902 903/903/903
f 904/904/904 905/905/905 906/906/906
f 907/907/907 908/908/908 909/909/909
f 910/910/910 911/911/911 912/912/912
f 913/913/913 914/914/914 915/915/915
f 916/916/916 917/917/917 918/918/918
f 919/919/919 920/920/920 921/921/921
f 922/922/922 923/923/923 924/924/924
f 925/925/925 926/926/926 927/927/927
f 928/928/928 929/929/929 930/930/930
f 931/931/931 932/932/932 933/933/933
f 934/934/934 935/935/935 936/936/936
f 937/937/937 938/938/938 939/939/939
f 940/940/940 941/941/941 942/942/942
f 943/943/943 944/944/944 945/945/945
f 946/946/946 947/947/947 948/948/948
f 949/949/949 950/950/950 951/951/951
f 952/952/952 953/953/953 954/954/954
f 955/955/955 956/956/956 957/957/957
f 958/958/958 959/959/959 960/960/960
f 961/961/961 962/962/962 963/963/963
f 964/964/964 965/965/965 966/966/966
f 967/967/967 968/968/968 969/969/969
f 970/970/970 971/971/971 972/972/972
f 973/973/973 974/974/974 975/975/975
f 976/976/976 977/977/977 978/978/978
f 979/979/979 980/980/980 981/981/981
f 982/982/982 983/983/983 984/984/984
f 985/985/985 986/986/986 987/987/987
f 988/988/988 989/989/989 990/990/990
f 991/991/991 992/992/992 993/993/993
f 994/994/994 995/995/995 996/996/996
f 997/997/997 998/998/998 999/999/999
f 1000/1000/1000 1001/1001/1001 1002/1002/1002
f 1003/1003/1003 1004/1004/1004 1005/1005/1005
f 1006/1006/1006 1007/1007/1007 1008/1008/1008
f 1009/1009/1009 1010/1010/1010 1011/1011/1011
f 1012/1012/1012 1013/1013/1013 1014/1014/1014
f 1015/1015/1015 1016/1016/1016 1017/1017/1017
f 1018/1018/1018 1019/1019/1019 1020/1020/1020
f 1021/1021/1021 1022/1022/1022 1023/1023/1023
f 1024/1024/1024 1025/1025/1025 1026/1026/1026
f 1027/1027/1027 1028/1028/1028 1029/1029/1029
f 1030/1030/1030 1031/1031/1031 1032/1032/1032
f 1033/1033/1033 1034/1034/1034 1035/1035/1035
f 1036/1036/1036 1037/1037/1037 1038/1038/1038
f 1039/1039/1039 1040/1040/1040 1041/1041/1041
f 1042/1042/1042 1043/1043/1043 1044/1044/1044
f 1045/1045/1045 1046/1046/1046 1047/1047/1047
f 1048/1048/1048 1049/1049/1049 1050/1050/1050
f 1051/1051/1051 1052/1052/1052 1053/1053/1053
f 1054/1054/1054 1055/1055/1055 1056/1056/1056
f 1057/1057/1057 1058/1058/1058 1059/1059/1059
f 1060/1060/1060 1061/1061/1061 1062/1062/1062
f 1063/1063/1063 1064/1064/1064 1065/1065/1065
f 1066/1066/1066 1067/1067/1067 1068/1068/1068
f 1069/1069/1069 1070/1070/1070 1071/1071/1071
f 1072/1072/1072 1073/1073/1073 1074/1074/1074
f 1075/1075/1075 1076/1076/1076 1077/1077/1077
f 1078/1078/1078 1079/1079/1079 1080/1080/1080
f 1081/1081/1081 1082/1082/1082 1083/1083/1083
f 1084/1084/1084 1085/1085/1085 1086/1086/1086
f 1087/1087/1087 1088/1088/1088 1089/1089/1089
f 1090/1090/1090 1091/1091/1091 1092/1092/1092
f 1093/1093/1093 1094/1094/1094 1095/1095/1095
f 1096/1096/1096 1097/1097/1097 1098/1098/1098
f 1099/1099/1099 1100/1100/1100 1101/1101/1101
f 1102/1102/1102 1103/1103/1103 1104/1104/1104
f 1105/1105/1105 1106/1106/1106 1107/1107/1107
f 1108/1108/1108 1109/1109/1109 1110/1110/1110
f 1111/1111/1111 1112/1112/1112 1113/1113/1113
f 1114/1114/1114 1115/1115/1115 1116/1116/1116
f 1117/1117/1117 1118/1118/1118 1119/1119/1119
f 1120/1120/1120 1121/1121/1121 1122/1122/1122
f 1123/1123/1123 1124/1124/1124 1125/1125/1125
f 1126/1126/1126 1127/1127/1127 1128/1128/1128
f 1129/1129/1129 1130/1130/1130 1131/1131/1131
f 1132/1132/1132 1133/1133/1133 1134/1134/1134
f 1135/1135/1135 1136/1136/1136 1137/1137/1137
f 1138/1138/1138 1139/1139/1139 1140/1140/1140
f 1141/1141/1141 1142/1142/1142 1143/1143/1143
f 1144/1144/1144 1145/1145/1145 1146/1146/1146
f 1147/1147/1147 1148/1148/1148 1149/1149/1149
f 1150/1150/1150 1151/1151/1151 1152/1152/1152
f 1153/1153/1153 1154/1154/1154 1155/1155/1155
f 1156/1156/1156 1157/1157/1157 1158/1158/1158
f 1159/1159/1159 1160/1160/1160 1161/1161/1161
f 1162/1162/1162 1163/1163/1163 1164/1164/1164
f 1165/1165/1165 1166/1166/1166 1167/1167/1167
f 1168/1168/1168 1169/1169/1169 1170/1170/1170
f 1171/1171/1171 1172/1172/1172 1173/1173/1173
f 1174/1174/1174 1175/1175/1175 1176/1176/1176
f 1177/1177/1177 1178/1178/1178 1179/1179/1179
f 1180/1180/1180 1181/1181/1181 1182/1182/1182
f 1183/1183/1183 1184/1184/1184 1185/1185/1185
f 1186/1186/1186 1187/1187/1187 1188/1188/1188
f 1189/1189/1189 1190/1190/1190 1191/1191/1191
f 1192/1192/1192 1193/1193/1193 1194/1194/1194
f 1195/1195/1195 1196/1196/1196 1197/1197/1197
f 1198/1198/1198 1199/1199/1199 1200/1200/1200
f 1201/1201/1201 1202/1202/1202 1203/1203/1203
f 1204/1204/1204 1205/1205/1205 1206/1206/1206
f 1207/1207/1207 1208/1208/1208 1209/1209/1209
f 1210/1210/1210 1211/1211/1211 1212/1212/1212
f 1213/1213/1213 1214/1214/1214 1215/1215/1215
f 1216/1216/1216 1217/1217/1217 1218/1218/1218
f 1219/1219/1219 1220/1220/1220 1221/1221/1221
f 1222/1222/1222 1223/1223/1223 1224/1224/1224
f 1225/1225/1225 1226/1226/1226 1227/1227/1227
f 1228/1228/1228 1229/1229/1229 1230/1230/1230
f 1231/1231/1231 1232/1232/1232 1233/1233/1233
f 1234/1234/1234 1235/1235/1235 1236/1236/1236
f 1237/1237/1237 1238/1238/1238 1239/1239/1239
f 1240/1240/1240 1241/1241/1241 1242/1242/1242
f 1243/1243/1243 1244/1244/1244 1245/1245/1245
f 1246/1246/1246 1247/1247/1247 1248/1248/1248
f 1249/1249/1249 1250/1250/1250 1251/1251/1251
f 1252/1252/1252 1253/1253/1253 1254/1254/1254
f 1255/1255/1255 1256/1256/1256 1257/1257/1257
f 1258/1258/1258 1259/1259/1259 1260/1260/1260
f 1261/1261/1261 1262/1262/1262 1263/1263/1263
f 1264/1264/1264 1265/1265/1265 1266/1266/1266
f 1267/1267/1267 1268/1268/1268 1269/1269/1269
f 1270/1270/1270 1271/1271/1271 1272/1272/1272
f 1273/1273/1273 1274/1274/1274 1275/1275/1275
f 1276/1276/1276 1277/1277/1277 1278/1278/1278
f 1279/1279/1279 1280/1280/1280 1281/1281/1281
f 1282/1282/1282 1283/1283/1283 1284/1284/1284
f 1285/1285/1285 1286/1286/1286 1287/1287/1287
f 1288/1288/1288 1289/1289/1289 1290/1290/1290
f 1291/1291/1291 1292/1292/1292 1293/1293/1293
f 1294/1294/1294 1295/1295/1295 1296/1296/1296
f 1297/1297/1297 1298/1298/1298 1299/1299/1299
f 1300/1300/1300 1301/1301/1301 1302/1302/1302
f 1303/1303/1303 1304/1304/1304 1305/1305/1305
f 1306/1306/1306 1307/1307/1307 1308/1308/1308
f 1309/1309/1309 1310/1310/1310 1311/1311/1311
f 1312/1312/1312 1313/1313/1313 1314/1314/1314
f 1315/1315/1315 1316/1316/1316 1317/1317/1317
f 1318/1318/1318 1319/1319/1319 1320/1320/1320
f 1321/1321/1321 1322/1322/1322 1323/1323/1323
f 1324/1324/1324 1325/1325/1325 1326/1326/1326
f 1327/1327/1327 1328/1328/1328 1329/1329/1329
f 1330/1330/1330 1331/1331/1331 1332/1332/1332
f 1333/1333/1333 1334/1334/1334 1335/1335/1335
f 1336/1336/1336 1337/1337/1337 1338/1338/1338
f 1339/1339/1339 1340/1340/1340 1341/1341/1341
f 1342/1342/1342 1343/1343/1343 1344/1344/1344
f 1345/1345/1345 1346/1346/1346 1347/1347/1347
f 1348/1348/1348 1349/1349/1349 1350/1350/1350
f 1351/1351/1351 1352/1352/1352 1353/1353/1353
f 1354/1354/1354 1355/1355/1355 1356/1356/1356
f 1357/1357/1357 1358/1358/1358 1359/1359/1359
f 1360/1360/1360 1361/1361/1361 1362/1362/1362
f 1363/1363/1363 1364/1364/1364 1365/1365/1365
f 1366/1366/1366 1367/1367/1367 1368/1368/1368
f 1369/1369/1369 1370/1370/1370 1371/1371/1371
f 1372/1372/1372 1373/1373/1373 1374/1374/1374
f 1375/1375/1375 1376/1376/1376 1377/1377/1377
f 1378/1378/1378 1379/1379/1379 1380/1380/1380
f 1381/1381/1381 1382/1382/1382 1383/1383/1383
f 1384/1384/1384 1385/1385/1385 1386/1386/1386
f 1387/1387/1387 1388/1388/1388 1389/1389/1389
f 1390/1390/1390 1391/1391/1391 1392/1392/1392
f 1393/1393/1393 1394/1394/1394 1395/1395/1395
f 1396/1396/1396 1397/1397/1397 1398/1398/1398
f 1399/1399/1399 1400/1400/1400 1401/1401/1401
f 1402/1402/1402 1403/1403/1403 1404/1404/1404
f 1405/1405/1405 1406/1406/1406 1407/1407/1407
f 1408/1408/1408 1409/1409/1409 1410/1410/1410
f 1411/1411/1411 1412/1412/1412 1413/1413/1413
f 1414/1414/1414 1415/1415/1415 1416/1416/1416
f 1417/1417/1417 1418/1418/1418 1419/1419/1419
f 1420/1420/1420 1421/1421/1421 1422/1422/1422
f 1423/1423/1423 1424/1424/1424 1425/1425/1425
f 1426/1426/1426 1427/1427/1427 1428/1428/1428
f 1429/1429/1429 1430/1430/1430 1431/1431/1431
f 1432/1432/1432 1433/1433/1433 1434/1434/1434
f 1435/1435/1435 1436/1436/1436 1437/1437/1437
f 1438/1438/1438 1439/1439/1439 1440/1440/1440
f 1441/1441/1441 1442/1442/1442 1443/1443/1443
f 1444/1444/1444 1445/1445/1445 1446/1446/1446
f 1447/1447/1447 1448/1448/1448 1449/1449/1449
f 1450/1450/1450 1451/1451/1451 1452/1452/1452
f 1453/1453/1453 1454/1454/1454 1455/1455/1455
f 1456/1456/1456 1457/1457/1457 1458/1458/1458
f 1459/1459/1459 1460/1460/1460 1461/1461/1461
f 1462/1462/1462 1463/1463/1463 1464/1464/1464
f 1465/1465/1465 1466/1466/1466 1467/1467/1467
f 1468/1468/1468 1469/1469/1469 1470/1470/1470
f 1471/1471/1471 1472/1472/1472 1473/1473/1473
f 1474/1474/1474 1475/1475/1475 1476/1476/1476
f 1477/1477/1477 1478/1478/1478 1479/1479/1479
f 1480/1480/1480 1481/1481/1481 1482/1482/1482
f 1483/1483/1483 1484/1484/1484 1485/1485/1485
f 1486/1486/1486 1487/1487/1487 1488/1488/1488
f 1489/1489/1489 1490/1490/1490 1491/1491/1491
f 1492/1492/1492 1493/1493/1493 1494/1494/1494
f 1495/1495/1495 1496/1496/1496 1497/1497/1497
f 1498/1498/1498 1499/1499/1499 1500/1500/1500
f 1501/1501/1501 1502/1502/1502 1503/1503/1503
f 1504/1504/1504 1505/1505/1505 1506/1506/1506
f 1507/1507/1507 1508/1508/1508 1509/1509/1509
f 1510/1510/1510 1511/1511/1511 1512/1512/1512
f 1513/1513/1513 1514/1514/1514 1515/1515/1515
f 1516/1516/1516 1517/1517/1517 1518/1518/1518
f 1519/1519/1519 1520/1520/1520 1521/1521/1521
f 1522/1522/1522 1523/1523/1523 1524/1524/1524
f 1525/1525/1525 1526/1526/1526 1527/1527/1527
f 1528/1528/1528 1529/1529/1529 1530/1530/1530
f 1531/1531/1531 1532/1532/1532 1533/1533/1533
f 1534/1534/1534 1535/1535/1535 1536/1536/1536
f 1537/1537/1537 1538/1538/1538 1539/1539/1539
f 1540/1540/1540 1541/1541/1541 1542/1542/1542
f 1543/1543/1543 1544/1544/1544 1545/1545/1545
f 1546/1546/1546 1547/1547/1547 1548/1548/1548
f 1549/1549/1549 1550/1550/1550 1551/1551/1551
f 1552/1552/1552 1553/1553/1553 1554/1554/1554
f 1555/1555/1555 1556/1556/1556 1557/1557/1557
f 1558/1558/1558 1559/1559/1559 1560/1560/1560
f 1561/1561/1561 1562/1562/1562 1563/1563/1563
f 1564/1564/1564 1565/1565/1565 1566/1566/1566
f 1567/1567/1567 1568/1568/1568 1569/1569/1569
f 1570/1570/1570 1571/1571/1571 1572/1572/1572
f 1573/1573/1573 1574/1574/1574 1575/1575/1575
f 1576/1576/1576 1577/1577/1577 1578/1578/1578
f 1579/1579/1579 1580/1580/1580 1581/1581/1581
f 1582/1582/1582 1583/1583/1583 1584/1584/1584
f 1585/1585/1585 1586/1586/1586 1587/1587/1587
f 1588/1588/1588 1589/1589/1589 1590/1590/1590
f 1591/1591/1591 1592/1592/1592 1593/1593/1593
f 1594/1594/1594 1595/1595/1595 1596/1596/1596
f 1597/1597/1597 1598/1598/1598 1599/1599/1599
f 1600/1600/1600 1601/1601/1601 1602/1602/1602
f 1603/1603/1603 1604/1604/1604 1605/1605/1605
f 1606/1606/1606 1607/1607/1607 1608/1608/1608
f 1609/1609/1609 1610/1610/1610 1611/1611/1611
f 1612/1612/1612 1613/1613/1613 1614/1614/1614
f 1615/1615/1615 1616/1616/1616 1617/1617/1617
f 1618/1618/1618 1619/1619/1619 1620/1620/1620
f 1621/1621/1621 1622/1622/1622 1623/1623/1623
f 1624/1624/1624 1625/1625/1625 1626/1626/1626
f 1627/1627/1627 1628/1628/1628 1629/1629/1629
f 1630/1630/1630 1631/1631/1631 1632/1632/1632
f 1633/1633/1633 1634/1634/1634 1635/1635/1635
f 1636/1636/1636 1637/1637/1637 1638/1638/1638
f 1639/1639/1639 1640/1640/1640 1641/1641/1641
f 1642/1642/1642 1643/1643/1643 1644/1644/1644
f 1645/1645/1645 1646/1646/1646 1647/1647/1647
f 1648/1648/1648 1649/1649/1649 1650/1650/1650
f 1651/1651/1651 1652/1652/1652 1653/1653/1653
f 1654/1654/1654 1655/1655/1655 1656/1656/1656
f 1657/1657/1657 1658/1658/1658 1659/1659/1659
f 1660/1660/1660 1661/1661/1661 1662/1662/1662
f 1663/1663/1663 1664/1664/1664 1665/1665/1665
f 1666/1666/1666 1667/1667/1667 1668/1668/1668
f 1669/1669/1669 1670/1670/1670 1671/1671/1671
f 1672/1672/1672 1673/1673/1673 1674/1674/1674
f 1675/1675/1675 1676/1676/1676 1677/1677/1677
f 1678/1678/1678 1679/1679/1679 1680/1680/1680
f 1681/1681/1681 1682/1682/1682 1683/1683/1683
f 1684/1684/1684 1685/1685/1685 1686/1686/1686
f 1687/1687/1687 1688/1688/1688 1689/1689/1689
f 1690/1690/1690 1691/1691/1691 1692/1692/1692
f 1693/1693/1693 1694/1694/1694 1695/1695/1695
f 1696/1696/1696 1697/1697/1697 1698/1698/1698
f 1699/1699/1699 1700/1700/1700 1701/1701/1701
f 1702/1702/1702 1703/1703/1703 1704/1704/1704
f 1705/1705/1705 1706/1706/1706 1707/1707/1707
f 1708/1708/1708 1709/1709/1709 1710/1710/1710
f 1711/1711/1711 1712/1712/1712 1713/1713/1713
f 1714/1714/1714 1715/1715/1715 1716/1716/1716
f 1717/1717/1717 1718/1718/1718 1719/1719/1719
f 1720/1720/1720 1721/1721/1721 1722/1722/1722
f 1723/1723/1723 1724/1724/1724 1725/1725/1725
f 1726/1726/1726 1727/1727/1727 1728/1728/1728
f 1729/1729/1729 1730/1730/1730 1731/1731/1731
f 1732/1732/1732 1733/1733/1733 1734/1734/1734
f 1735/1735/1735 1736/1736/1736 1737/1737/1737
f 1738/1738/1738 1739/1739/1739 1740/1740/1740
f 1741/1741/1741 1742/1742/1742 1743/1743/1743
f 1744/1744/1744 1745/1745/1745 1746/1746/1746
f 1747/1747/1747 1748/1748/1748 1749/1749/1749
f 1750/1750/1750 1751/1751/1751 1752/1752/1752
f 1753/1753/1753 1754/1754/1754 1755/1755/1755
f 1756/1756/1756 1757/1757/1757 1758/1758/1758
f 1759/1759/1759 1760/1760/1760 1761/1761/1761
f 1762/1762/1762 1763/1763/1763 1764/1764/1764
f 1765/1765/1765 1766/1766/1766 1767/1767/1767
f 1768/1768/1768 1769/1769/1769 1770/1770/1770
f 1771/1771/1771 1772/1772/1772 1773/1773/1773
f 1774/1774/1774 1775/1775/1775 1776/1776/1776
f 1777/1777/1777 1778/1778/1778 1779/1779/1779
f 1780/1780/1780 1781/1781/1781 1782/1782/1782
f 1783/1783/1783 1784/1784/1784 1785/1785/1785
f 1786/1786/1786 1787/1787/1787 1788/1788/1788
f 1789/1789/1789 1790/1790/1790 1791/1791/1791
f 1792/1792/1792 1793/1793/1793 1794/1794/1794
f 1795/1795/1795 1796/1796/1796 1797/1797/1797
f 1798/1798/1798 1799/1799/1799 1800/1800/1800
f 1801/1801/1801 1802/1802/1802 1803/1803/1803
f 1804/1804/1804 1805/1805/1805 1806/1806/1806
f 1807/1807/1807 1808/1808/1808 1809/1809/1809
f 1810/1810/1810 1811/1811/1811 1812/1812/1812
f 1813/1813/1813 1814/1814/1814 1815/1815/1815
f 1816/1816/1816 1817/1817/1817 1818/1818/1818
f 1819/1819/1819 1820/1820/1820 1821/1821/1821
f 1822/1822/1822 1823/1823/1823 1824/1824/1824
f 1825/1825/1825 1826/1826/1826 1827/1827/1827
f 1828/1828/1828 1829/1829/1829 1830/1830/1830
f 1831/1831/1831 1832/1832/1832 1833/1833/1833
f 1834/1834/1834 1835/1835/1835 1836/1836/1836
f 1837/1837/1837 1838/1838/1838 1839/1839/1839
f 1840/1840/1840 1841/1841/1841 1842/1842/1842
f 1843/1843/1843 1844/1844/1844 1845/1845/1845
f 1846/1846/1846 1847/1847/1847 1848/1848/1848
f 1849/1849/1849 1850/1850/1850 1851/1851/1851
f 1852/1852/1852 1853/1853/1853 1854/1854/1854
f 1855/1855/1855 1856/1856/1856 1857/1857/1857
f 1858/1858/1858 1859/1859/1859 1860/1860/1860
f 1861/1861/1861 1862/1862/1862 1863/1863/1863
f 1864/1864/1864 1865/1865/1865 1866/1866/1866
f 1867/1867/1867 1868/1868/1868 1869/1869/1869
f 1870/1870/1870 1871/1871/1871 1872/1872/1872
f 1873/1873/1873 1874/1874/1874 1875/1875/1875
f 1876/1876/1876 1877/1877/1877 1878/1878/1878
f 1879/1879/1879 1880/1880/1880 1881/1881/1881
f 1882/1882/1882 1883/1883/1883 1884/1884/1884
f 1885/1885/1885 1886/1886/1886 1887/1887/1887
f 1888/1888/1888 1889/1889/1889 1890/1890/1890
f 1891/1891/1891 1892/1892/1892 1893/1893/1893
f 1894/1894/1894 1895/1895/1895 1896/1896/1896
f 1897/1897/1897 1898/1898/1898 1899/1899/1899
f 1900/1900/1900 1901/1901/1901 1902/1902/1902
f 1903/1903/1903 1904/1904/1904 1905/1905/1905
f 1906/1906/1906 1907/1907/1907 1908/1908/1908
f 1909/1909/1909 1910/1910/1910 1911/1911/1911
f 1912/1912/1912 1913/1913/1913 1914/1914/1914
f 1915/1915/1915 1916/1916/1916 1917/1917/1917
f 1918/1918/1918 1919/1919/1919 1920/1920/1920

