# https://github.com/mikedh/trimesh
mtllib material.mtl
usemtl material_0
v 0.17206383 0.19288571 -0.39844298
v 0.17176063 0.19318311 -0.39929360
v 0.17330860 0.19291353 -0.39924923
v 0.17206383 0.19288571 -0.39844298
v 0.17330860 0.19291353 -0.39924923
v 0.17368418 0.19268236 -0.39840180
v 0.17368418 0.19268236 -0.39840180
v 0.17330860 0.19291353 -0.39924923
v 0.17476368 0.19274150 -0.39889568
v 0.17176063 0.19318311 -0.39929360
v 0.17244610 0.19348031 -0.40047863
v 0.17330860 0.19291353 -0.39924923
v 0.17330860 0.19291353 -0.39924923
v 0.17244610 0.19348031 -0.40047863
v 0.17331555 0.19344880 -0.40070483
v 0.17330860 0.19291353 -0.39924923
v 0.17331555 0.19344880 -0.40070483
v 0.17419830 0.19334128 -0.40058008
v 0.17330860 0.19291353 -0.39924923
v 0.17419830 0.19334128 -0.40058008
v 0.17476368 0.19274150 -0.39889568
v 0.17158151 0.19301885 -0.39808863
v 0.17206383 0.19288571 -0.39844298
v 0.17318840 0.19278428 -0.39802334
v 0.17206383 0.19288571 -0.39844298
v 0.17368418 0.19268236 -0.39840180
v 0.17318840 0.19278428 -0.39802334
v 0.17368418 0.19268236 -0.39840180
v 0.17476368 0.19274150 -0.39889568
v 0.17467523 0.19264536 -0.39825851
v 0.17368418 0.19268236 -0.39840180
v 0.17467523 0.19264536 -0.39825851
v 0.17318840 0.19278428 -0.39802334
v 0.17318840 0.19278428 -0.39802334
v 0.17467523 0.19264536 -0.39825851
v 0.17524609 0.19272305 -0.39804316
v 0.17206383 0.19288571 -0.39844298
v 0.17158151 0.19301885 -0.39808863
v 0.17042422 0.19331995 -0.39840162
v 0.17042422 0.19331995 -0.39840162
v 0.17158151 0.19301885 -0.39808863
v 0.17046311 0.19339824 -0.39800218
v 0.17042422 0.19331995 -0.39840162
v 0.17046311 0.19339824 -0.39800218
v 0.16949071 0.19373973 -0.39803997
v 0.17042422 0.19331995 -0.39840162
v 0.16949071 0.19373973 -0.39803997
v 0.16918385 0.19382080 -0.39856279
v 0.17176063 0.19318311 -0.39929360
v 0.17130806 0.19373454 -0.40048301
v 0.17244610 0.19348031 -0.40047863
v 0.17206383 0.19288571 -0.39844298
v 0.17042422 0.19331995 -0.39840162
v 0.17023273 0.19365066 -0.39938366
v 0.17206383 0.19288571 -0.39844298
v 0.17023273 0.19365066 -0.39938366
v 0.17176063 0.19318311 -0.39929360
v 0.17176063 0.19318311 -0.39929360
v 0.17023273 0.19365066 -0.39938366
v 0.17130806 0.19373454 -0.40048301
v 0.17023273 0.19365066 -0.39938366
v 0.17013948 0.19421434 -0.40072459
v 0.17130806 0.19373454 -0.40048301
v 0.17042422 0.19331995 -0.39840162
v 0.16918385 0.19382080 -0.39856279
v 0.17023273 0.19365066 -0.39938366
v 0.16691582 0.19529036 -0.39899573
v 0.16798046 0.19520879 -0.40049389
v 0.16828226 0.19441421 -0.39899522
v 0.16828226 0.19441421 -0.39899522
v 0.16798046 0.19520879 -0.40049389
v 0.16905060 0.19453350 -0.40032825
v 0.16828226 0.19441421 -0.39899522
v 0.16905060 0.19453350 -0.40032825
v 0.16918385 0.19382080 -0.39856279
v 0.16918385 0.19382080 -0.39856279
v 0.16905060 0.19453350 -0.40032825
v 0.17023273 0.19365066 -0.39938366
v 0.16798046 0.19520879 -0.40049389
v 0.16919990 0.19485094 -0.40123731
v 0.16905060 0.19453350 -0.40032825
v 0.16905060 0.19453350 -0.40032825
v 0.17013948 0.19421434 -0.40072459
v 0.17023273 0.19365066 -0.39938366
v 0.16691582 0.19529036 -0.39899573
v 0.16828226 0.19441421 -0.39899522
v 0.16792502 0.19445880 -0.39819986
v 0.16828226 0.19441421 -0.39899522
v 0.16918385 0.19382080 -0.39856279
v 0.16792502 0.19445880 -0.39819986
v 0.16792502 0.19445880 -0.39819986
v 0.16918385 0.19382080 -0.39856279
v 0.16949071 0.19373973 -0.39803997
v 0.16691582 0.19529036 -0.39899573
v 0.16792502 0.19445880 -0.39819986
v 0.16696259 0.19510426 -0.39813504
v 0.16691582 0.19529036 -0.39899573
v 0.16696259 0.19510426 -0.39813504
v 0.16580600 0.19603038 -0.39831254
v 0.16696259 0.19510426 -0.39813504
v 0.16595310 0.19599059 -0.39804307
v 0.16580600 0.19603038 -0.39831254
v 0.16792502 0.19445880 -0.39819986
v 0.16787735 0.19472098 -0.39790794
v 0.16696259 0.19510426 -0.39813504
v 0.16691582 0.19529036 -0.39899573
v 0.16702422 0.19587879 -0.40049440
v 0.16798046 0.19520879 -0.40049389
v 0.16691582 0.19529036 -0.39899573
v 0.16580600 0.19603038 -0.39831254
v 0.16565789 0.19644038 -0.39917701
v 0.16691582 0.19529036 -0.39899573
v 0.16565789 0.19644038 -0.39917701
v 0.16613771 0.19668482 -0.40058875
v 0.16691582 0.19529036 -0.39899573
v 0.16613771 0.19668482 -0.40058875
v 0.16702422 0.19587879 -0.40049440
v 0.16418953 0.19806144 -0.39899990
v 0.16498640 0.19733888 -0.39953196
v 0.16478005 0.19710180 -0.39842394
v 0.16478005 0.19710180 -0.39842394
v 0.16498640 0.19733888 -0.39953196
v 0.16565789 0.19644038 -0.39917701
v 0.16418953 0.19806144 -0.39899990
v 0.16425745 0.19876076 -0.40032634
v 0.16498640 0.19733888 -0.39953196
v 0.16425745 0.19876076 -0.40032634
v 0.16506518 0.19822001 -0.40119174
v 0.16498640 0.19733888 -0.39953196
v 0.16498640 0.19733888 -0.39953196
v 0.16506518 0.19822001 -0.40119174
v 0.16572312 0.19757973 -0.40140975
v 0.16498640 0.19733888 -0.39953196
v 0.16572312 0.19757973 -0.40140975
v 0.16613771 0.19668482 -0.40058875
v 0.16498640 0.19733888 -0.39953196
v 0.16613771 0.19668482 -0.40058875
v 0.16565789 0.19644038 -0.39917701
v 0.16385493 0.19827825 -0.39827862
v 0.16442440 0.19767606 -0.39803857
v 0.16345061 0.19909826 -0.39800426
v 0.16418953 0.19806144 -0.39899990
v 0.16478005 0.19710180 -0.39842394
v 0.16385493 0.19827825 -0.39827862
v 0.16385493 0.19827825 -0.39827862
v 0.16478005 0.19710180 -0.39842394
v 0.16442440 0.19767606 -0.39803857
v 0.16478005 0.19710180 -0.39842394
v 0.16488497 0.19697984 -0.39818180
v 0.16442440 0.19767606 -0.39803857
v 0.16478005 0.19710180 -0.39842394
v 0.16565789 0.19644038 -0.39917701
v 0.16580600 0.19603038 -0.39831254
v 0.16478005 0.19710180 -0.39842394
v 0.16580600 0.19603038 -0.39831254
v 0.16488497 0.19697984 -0.39818180
v 0.16488497 0.19697984 -0.39818180
v 0.16580600 0.19603038 -0.39831254
v 0.16595310 0.19599059 -0.39804307
v 0.16340294 0.19902945 -0.39849168
v 0.16300429 0.19974762 -0.39831883
v 0.16297439 0.19997540 -0.39878786
v 0.16297439 0.19997540 -0.39878786
v 0.16300429 0.19974762 -0.39831883
v 0.16245538 0.20099358 -0.39838377
v 0.16385493 0.19827825 -0.39827862
v 0.16345061 0.19909826 -0.39800426
v 0.16340294 0.19902945 -0.39849168
v 0.16340294 0.19902945 -0.39849168
v 0.16345061 0.19909826 -0.39800426
v 0.16300429 0.19974762 -0.39831883
v 0.16300429 0.19974762 -0.39831883
v 0.16345061 0.19909826 -0.39800426
v 0.16280982 0.20032167 -0.39802012
v 0.16300429 0.19974762 -0.39831883
v 0.16280982 0.20032167 -0.39802012
v 0.16245538 0.20099358 -0.39838377
v 0.16385493 0.19827825 -0.39827862
v 0.16340294 0.19902945 -0.39849168
v 0.16418953 0.19806144 -0.39899990
v 0.16418953 0.19806144 -0.39899990
v 0.16340294 0.19902945 -0.39849168
v 0.16364928 0.19949679 -0.39995146
v 0.16418953 0.19806144 -0.39899990
v 0.16364928 0.19949679 -0.39995146
v 0.16425745 0.19876076 -0.40032634
v 0.16340294 0.19902945 -0.39849168
v 0.16297439 0.19997540 -0.39878786
v 0.16364928 0.19949679 -0.39995146
v 0.16297439 0.19997540 -0.39878786
v 0.16277133 0.20083252 -0.39934629
v 0.16332984 0.20021297 -0.40006933
v 0.16297439 0.19997540 -0.39878786
v 0.16332984 0.20021297 -0.40006933
v 0.16364928 0.19949679 -0.39995146
v 0.16332984 0.20021297 -0.40006933
v 0.16277133 0.20083252 -0.39934629
v 0.16315131 0.20120701 -0.40068099
v 0.16205645 0.20234935 -0.39857155
v 0.16244461 0.20207378 -0.39964178
v 0.16245538 0.20099358 -0.39838377
v 0.16245538 0.20099358 -0.39838377
v 0.16244461 0.20207378 -0.39964178
v 0.16277133 0.20083252 -0.39934629
v 0.16245538 0.20099358 -0.39838377
v 0.16277133 0.20083252 -0.39934629
v 0.16297439 0.19997540 -0.39878786
v 0.16203201 0.20340192 -0.39929640
v 0.16244461 0.20207378 -0.39964178
v 0.16205645 0.20234935 -0.39857155
v 0.16203201 0.20340192 -0.39929640
v 0.16257745 0.20313764 -0.40065867
v 0.16244461 0.20207378 -0.39964178
v 0.16244461 0.20207378 -0.39964178
v 0.16315131 0.20120701 -0.40068099
v 0.16277133 0.20083252 -0.39934629
v 0.16205645 0.20234935 -0.39857155
v 0.16221184 0.20179991 -0.39808965
v 0.16195822 0.20274588 -0.39809024
v 0.16205645 0.20234935 -0.39857155
v 0.16245538 0.20099358 -0.39838377
v 0.16221184 0.20179991 -0.39808965
v 0.16245538 0.20099358 -0.39838377
v 0.16280982 0.20032167 -0.39802012
v 0.16221184 0.20179991 -0.39808965
v 0.16205645 0.20234935 -0.39857155
v 0.16195822 0.20274588 -0.39809024
v 0.16173960 0.20396560 -0.39810270
v 0.16205645 0.20234935 -0.39857155
v 0.16173960 0.20396560 -0.39810270
v 0.16169073 0.20436195 -0.39853254
v 0.16169073 0.20436195 -0.39853254
v 0.16173960 0.20396560 -0.39810270
v 0.16163178 0.20525725 -0.39832452
v 0.16173960 0.20396560 -0.39810270
v 0.16168924 0.20516570 -0.39803827
v 0.16163178 0.20525725 -0.39832452
v 0.16163178 0.20525725 -0.39832452
v 0.16168924 0.20516570 -0.39803827
v 0.16166860 0.20644037 -0.39809203
v 0.16195822 0.20274588 -0.39809024
v 0.16182497 0.20418422 -0.39795750
v 0.16173960 0.20396560 -0.39810270
v 0.16205645 0.20234935 -0.39857155
v 0.16169073 0.20436195 -0.39853254
v 0.16203201 0.20340192 -0.39929640
v 0.16169073 0.20436195 -0.39853254
v 0.16188760 0.20495157 -0.39941588
v 0.16203201 0.20340192 -0.39929640
v 0.16203201 0.20340192 -0.39929640
v 0.16188760 0.20495157 -0.39941588
v 0.16257745 0.20313764 -0.40065867
v 0.16257745 0.20313764 -0.40065867
v 0.16188760 0.20495157 -0.39941588
v 0.16269703 0.20410503 -0.40132010
v 0.16188760 0.20495157 -0.39941588
v 0.16236363 0.20529704 -0.40072599
v 0.16269703 0.20410503 -0.40132010
v 0.16169073 0.20436195 -0.39853254
v 0.16163178 0.20525725 -0.39832452
v 0.16188760 0.20495157 -0.39941588
v 0.16169381 0.20644347 -0.39864793
v 0.16188760 0.20495157 -0.39941588
v 0.16163178 0.20525725 -0.39832452
v 0.16182017 0.20758930 -0.39870369
v 0.16204588 0.20648675 -0.39978939
v 0.16169381 0.20644347 -0.39864793
v 0.16169381 0.20644347 -0.39864793
v 0.16204588 0.20648675 -0.39978939
v 0.16188760 0.20495157 -0.39941588
v 0.16204318 0.20853616 -0.39884013
v 0.16259570 0.20802213 -0.40069985
v 0.16182017 0.20758930 -0.39870369
v 0.16182017 0.20758930 -0.39870369
v 0.16259570 0.20802213 -0.40069985
v 0.16204588 0.20648675 -0.39978939
v 0.16259570 0.20802213 -0.40069985
v 0.16279456 0.20726816 -0.40152365
v 0.16204588 0.20648675 -0.39978939
v 0.16204588 0.20648675 -0.39978939
v 0.16279456 0.20726816 -0.40152365
v 0.16261995 0.20617428 -0.40133315
v 0.16204588 0.20648675 -0.39978939
v 0.16261995 0.20617428 -0.40133315
v 0.16236363 0.20529704 -0.40072599
v 0.16204588 0.20648675 -0.39978939
v 0.16236363 0.20529704 -0.40072599
v 0.16188760 0.20495157 -0.39941588
v 0.16182017 0.20758930 -0.39870369
v 0.16169381 0.20644347 -0.39864793
v 0.16166860 0.20644037 -0.39809203
v 0.16182017 0.20758930 -0.39870369
v 0.16166860 0.20644037 -0.39809203
v 0.16188669 0.20803730 -0.39808905
v 0.16169381 0.20644347 -0.39864793
v 0.16163178 0.20525725 -0.39832452
v 0.16166860 0.20644037 -0.39809203
v 0.16182017 0.20758930 -0.39870369
v 0.16188669 0.20803730 -0.39808905
v 0.16213454 0.20913914 -0.39812863
v 0.16182017 0.20758930 -0.39870369
v 0.16213454 0.20913914 -0.39812863
v 0.16204318 0.20853616 -0.39884013
v 0.16204318 0.20853616 -0.39884013
v 0.16213454 0.20913914 -0.39812863
v 0.16236053 0.20990460 -0.39840719
v 0.16213454 0.20913914 -0.39812863
v 0.16265404 0.21057290 -0.39809632
v 0.16236053 0.20990460 -0.39840719
v 0.16265404 0.21057290 -0.39809632
v 0.16213454 0.20913914 -0.39812863
v 0.16275379 0.21043776 -0.39792788
v 0.16204318 0.20853616 -0.39884013
v 0.16247323 0.20892173 -0.39978123
v 0.16259570 0.20802213 -0.40069985
v 0.16247323 0.20892173 -0.39978123
v 0.16315810 0.20925364 -0.40127289
v 0.16259570 0.20802213 -0.40069985
v 0.16236053 0.20990460 -0.39840719
v 0.16272466 0.21039169 -0.39913633
v 0.16204318 0.20853616 -0.39884013
v 0.16204318 0.20853616 -0.39884013
v 0.16272466 0.21039169 -0.39913633
v 0.16247323 0.20892173 -0.39978123
v 0.16247323 0.20892173 -0.39978123
v 0.16272466 0.21039169 -0.39913633
v 0.16315810 0.20925364 -0.40127289
v 0.16272466 0.21039169 -0.39913633
v 0.16343965 0.21059275 -0.40072817
v 0.16315810 0.20925364 -0.40127289
v 0.16436267 0.21306531 -0.39950266
v 0.16373934 0.21139580 -0.40050188
v 0.16353698 0.21211796 -0.39893818
v 0.16353698 0.21211796 -0.39893818
v 0.16373934 0.21139580 -0.40050188
v 0.16272466 0.21039169 -0.39913633
v 0.16272466 0.21039169 -0.39913633
v 0.16373934 0.21139580 -0.40050188
v 0.16343965 0.21059275 -0.40072817
v 0.16436267 0.21306531 -0.39950266
v 0.16465209 0.21218409 -0.40143606
v 0.16373934 0.21139580 -0.40050188
v 0.16353698 0.21211796 -0.39893818
v 0.16300431 0.21140058 -0.39831883
v 0.16372816 0.21266399 -0.39820951
v 0.16372816 0.21266399 -0.39820951
v 0.16300431 0.21140058 -0.39831883
v 0.16336784 0.21188827 -0.39799291
v 0.16372816 0.21266399 -0.39820951
v 0.16336784 0.21188827 -0.39799291
v 0.16417906 0.21311338 -0.39796856
v 0.16353698 0.21211796 -0.39893818
v 0.16272466 0.21039169 -0.39913633
v 0.16300431 0.21140058 -0.39831883
v 0.16300431 0.21140058 -0.39831883
v 0.16265404 0.21057290 -0.39809632
v 0.16336784 0.21188827 -0.39799291
v 0.16272466 0.21039169 -0.39913633
v 0.16236053 0.20990460 -0.39840719
v 0.16300431 0.21140058 -0.39831883
v 0.16300431 0.21140058 -0.39831883
v 0.16236053 0.20990460 -0.39840719
v 0.16265404 0.21057290 -0.39809632
v 0.16353698 0.21211796 -0.39893818
v 0.16372816 0.21266399 -0.39820951
v 0.16440605 0.21355660 -0.39853325
v 0.16440605 0.21355660 -0.39853325
v 0.16372816 0.21266399 -0.39820951
v 0.16449511 0.21366003 -0.39809003
v 0.16440605 0.21355660 -0.39853325
v 0.16449511 0.21366003 -0.39809003
v 0.16536598 0.21467510 -0.39847103
v 0.16449511 0.21366003 -0.39809003
v 0.16507655 0.21423538 -0.39798692
v 0.16536598 0.21467510 -0.39847103
v 0.16536598 0.21467510 -0.39847103
v 0.16507655 0.21423538 -0.39798692
v 0.16600825 0.21528965 -0.39817560
v 0.16372816 0.21266399 -0.39820951
v 0.16417906 0.21311338 -0.39796856
v 0.16449511 0.21366003 -0.39809003
v 0.16353698 0.21211796 -0.39893818
v 0.16440605 0.21355660 -0.39853325
v 0.16436267 0.21306531 -0.39950266
v 0.16436267 0.21306531 -0.39950266
v 0.16499338 0.21309444 -0.40079769
v 0.16465209 0.21218409 -0.40143606
v 0.16436267 0.21306531 -0.39950266
v 0.16503456 0.21387525 -0.39953876
v 0.16499338 0.21309444 -0.40079769
v 0.16440605 0.21355660 -0.39853325
v 0.16536598 0.21467510 -0.39847103
v 0.16503456 0.21387525 -0.39953876
v 0.16440605 0.21355660 -0.39853325
v 0.16503456 0.21387525 -0.39953876
v 0.16436267 0.21306531 -0.39950266
v 0.16503456 0.21387525 -0.39953876
v 0.16572312 0.21356867 -0.40140975
v 0.16499338 0.21309444 -0.40079769
v 0.16503456 0.21387525 -0.39953876
v 0.16536598 0.21467510 -0.39847103
v 0.16578287 0.21472467 -0.39939755
v 0.16503456 0.21387525 -0.39953876
v 0.16578287 0.21472467 -0.39939755
v 0.16624951 0.21439755 -0.40091577
v 0.16503456 0.21387525 -0.39953876
v 0.16624951 0.21439755 -0.40091577
v 0.16572312 0.21356867 -0.40140975
v 0.16649735 0.21554357 -0.39893776
v 0.16578287 0.21472467 -0.39939755
v 0.16536598 0.21467510 -0.39847103
v 0.16748281 0.21623392 -0.39904988
v 0.16823807 0.21609819 -0.40050936
v 0.16702463 0.21527180 -0.40049011
v 0.16748281 0.21623392 -0.39904988
v 0.16702463 0.21527180 -0.40049011
v 0.16649735 0.21554357 -0.39893776
v 0.16649735 0.21554357 -0.39893776
v 0.16702463 0.21527180 -0.40049011
v 0.16624951 0.21439755 -0.40091577
v 0.16649735 0.21554357 -0.39893776
v 0.16624951 0.21439755 -0.40091577
v 0.16578287 0.21472467 -0.39939755
v 0.16748281 0.21623392 -0.39904988
v 0.16649735 0.21554357 -0.39893776
v 0.16738656 0.21635002 -0.39823863
v 0.16738656 0.21635002 -0.39823863
v 0.16704239 0.21596684 -0.39796838
v 0.16812420 0.21668941 -0.39799559
v 0.16649735 0.21554357 -0.39893776
v 0.16600825 0.21528965 -0.39817560
v 0.16738656 0.21635002 -0.39823863
v 0.16738656 0.21635002 -0.39823863
v 0.16600825 0.21528965 -0.39817560
v 0.16704239 0.21596684 -0.39796838
v 0.16649735 0.21554357 -0.39893776
v 0.16536598 0.21467510 -0.39847103
v 0.16600825 0.21528965 -0.39817560
v 0.16748281 0.21623392 -0.39904988
v 0.16738656 0.21635002 -0.39823863
v 0.16845609 0.21696337 -0.39833617
v 0.16748281 0.21623392 -0.39904988
v 0.16845609 0.21696337 -0.39833617
v 0.16883887 0.21702909 -0.39899543
v 0.16883887 0.21702909 -0.39899543
v 0.16845609 0.21696337 -0.39833617
v 0.16949511 0.21748029 -0.39831156
v 0.16883887 0.21702909 -0.39899543
v 0.16949511 0.21748029 -0.39831156
v 0.16982922 0.21741267 -0.39917782
v 0.16738656 0.21635002 -0.39823863
v 0.16812420 0.21668941 -0.39799559
v 0.16845609 0.21696337 -0.39833617
v 0.16845609 0.21696337 -0.39833617
v 0.16812420 0.21668941 -0.39799559
v 0.16935769 0.21734086 -0.39801675
v 0.16845609 0.21696337 -0.39833617
v 0.16935769 0.21734086 -0.39801675
v 0.16949511 0.21748029 -0.39831156
v 0.16748281 0.21623392 -0.39904988
v 0.16883887 0.21702909 -0.39899543
v 0.16823807 0.21609819 -0.40050936
v 0.16883887 0.21702909 -0.39899543
v 0.16954368 0.21674126 -0.40058607
v 0.16823807 0.21609819 -0.40050936
v 0.16883887 0.21702909 -0.39899543
v 0.16982922 0.21741267 -0.39917782
v 0.16954368 0.21674126 -0.40058607
v 0.17256039 0.21835314 -0.39840212
v 0.17206563 0.21802822 -0.39931795
v 0.17092468 0.21786416 -0.39893639
v 0.17092468 0.21786416 -0.39893639
v 0.16982922 0.21741267 -0.39917782
v 0.17039111 0.21781528 -0.39840290
v 0.17206563 0.21802822 -0.39931795
v 0.17193577 0.21743032 -0.40083370
v 0.17130835 0.21741277 -0.40048593
v 0.17206563 0.21802822 -0.39931795
v 0.17130835 0.21741277 -0.40048593
v 0.17092468 0.21786416 -0.39893639
v 0.17092468 0.21786416 -0.39893639
v 0.17130835 0.21741277 -0.40048593
v 0.17080352 0.21712235 -0.40083867
v 0.17092468 0.21786416 -0.39893639
v 0.17080352 0.21712235 -0.40083867
v 0.16982922 0.21741267 -0.39917782
v 0.17080352 0.21712235 -0.40083867
v 0.16954368 0.21674126 -0.40058607
v 0.16982922 0.21741267 -0.39917782
v 0.17256039 0.21835314 -0.39840212
v 0.17092468 0.21786416 -0.39893639
v 0.17140569 0.21810073 -0.39833617
v 0.17256039 0.21835314 -0.39840212
v 0.17140569 0.21810073 -0.39833617
v 0.17233630 0.21828303 -0.39809015
v 0.17233630 0.21828303 -0.39809015
v 0.17140569 0.21810073 -0.39833617
v 0.17142662 0.21799111 -0.39794663
v 0.17092468 0.21786416 -0.39893639
v 0.17039111 0.21781528 -0.39840290
v 0.17140569 0.21810073 -0.39833617
v 0.17140569 0.21810073 -0.39833617
v 0.17039111 0.21781528 -0.39840290
v 0.17027493 0.21771595 -0.39804327
v 0.17140569 0.21810073 -0.39833617
v 0.17027493 0.21771595 -0.39804327
v 0.17142662 0.21799111 -0.39794663
v 0.17039111 0.21781528 -0.39840290
v 0.16949511 0.21748029 -0.39831156
v 0.17027493 0.21771595 -0.39804327
v 0.17039111 0.21781528 -0.39840290
v 0.16982922 0.21741267 -0.39917782
v 0.16949511 0.21748029 -0.39831156
v 0.16949511 0.21748029 -0.39831156
v 0.16935769 0.21734086 -0.39801675
v 0.17027493 0.21771595 -0.39804327
v 0.17353348 0.21834855 -0.39893278
v 0.17256039 0.21835314 -0.39840212
v 0.17390998 0.21847293 -0.39833617
v 0.17353348 0.21834855 -0.39893278
v 0.17390998 0.21847293 -0.39833617
v 0.17489843 0.21849208 -0.39841425
v 0.17353348 0.21834855 -0.39893278
v 0.17489843 0.21849208 -0.39841425
v 0.17454368 0.21832313 -0.39916757
v 0.17233630 0.21828303 -0.39809015
v 0.17359741 0.21840350 -0.39807668
v 0.17256039 0.21835314 -0.39840212
v 0.17256039 0.21835314 -0.39840212
v 0.17359741 0.21840350 -0.39807668
v 0.17390998 0.21847293 -0.39833617
v 0.17390998 0.21847293 -0.39833617
v 0.17359741 0.21840350 -0.39807668
v 0.17526872 0.21845986 -0.39811686
v 0.17390998 0.21847293 -0.39833617
v 0.17526872 0.21845986 -0.39811686
v 0.17489843 0.21849208 -0.39841425
v 0.17359741 0.21840350 -0.39807668
v 0.17549571 0.21839583 -0.39800894
v 0.17526872 0.21845986 -0.39811686
v 0.17206563 0.21802822 -0.39931795
v 0.17302077 0.21766458 -0.40071729
v 0.17193577 0.21743032 -0.40083370
v 0.17256039 0.21835314 -0.39840212
v 0.17353348 0.21834855 -0.39893278
v 0.17206563 0.21802822 -0.39931795
v 0.17206563 0.21802822 -0.39931795
v 0.17353348 0.21834855 -0.39893278
v 0.17302077 0.21766458 -0.40071729
v 0.17353348 0.21834855 -0.39893278
v 0.17454368 0.21832313 -0.39916757
v 0.17391357 0.21774179 -0.40071440
v 0.17353348 0.21834855 -0.39893278
v 0.17391357 0.21774179 -0.40071440
v 0.17302077 0.21766458 -0.40071729
v 0.17391357 0.21774179 -0.40071440
v 0.17454368 0.21832313 -0.39916757
v 0.17481823 0.21775495 -0.40072387
v 0.17605782 0.21828054 -0.39899632
v 0.17454368 0.21832313 -0.39916757
v 0.17489843 0.21849208 -0.39841425
v 0.17765634 0.21799400 -0.39899543
v 0.17664105 0.21766150 -0.40049529
v 0.17605782 0.21828054 -0.39899632
v 0.17605782 0.21828054 -0.39899632
v 0.17664105 0.21766150 -0.40049529
v 0.17551777 0.21769162 -0.40079439
v 0.17605782 0.21828054 -0.39899632
v 0.17551777 0.21769162 -0.40079439
v 0.17481823 0.21775495 -0.40072387
v 0.17605782 0.21828054 -0.39899632
v 0.17481823 0.21775495 -0.40072387
v 0.17454368 0.21832313 -0.39916757
v 0.17765634 0.21799400 -0.39899543
v 0.17605782 0.21828054 -0.39899632
v 0.17639232 0.21837419 -0.39831865
v 0.17694564 0.21826239 -0.39815089
v 0.17549571 0.21839583 -0.39800894
v 0.17774121 0.21803479 -0.39803889
v 0.17694564 0.21826239 -0.39815089
v 0.17639232 0.21837419 -0.39831865
v 0.17526872 0.21845986 -0.39811686
v 0.17694564 0.21826239 -0.39815089
v 0.17526872 0.21845986 -0.39811686
v 0.17549571 0.21839583 -0.39800894
v 0.17605782 0.21828054 -0.39899632
v 0.17489843 0.21849208 -0.39841425
v 0.17639232 0.21837419 -0.39831865
v 0.17639232 0.21837419 -0.39831865
v 0.17489843 0.21849208 -0.39841425
v 0.17526872 0.21845986 -0.39811686
v 0.17765634 0.21799400 -0.39899543
v 0.17639232 0.21837419 -0.39831865
v 0.17839666 0.21792030 -0.39839712
v 0.17639232 0.21837419 -0.39831865
v 0.17694564 0.21826239 -0.39815089
v 0.17839666 0.21792030 -0.39839712
v 0.17839666 0.21792030 -0.39839712
v 0.17915571 0.21763915 -0.39814651
v 0.17980938 0.21737705 -0.39841995
v 0.17839666 0.21792030 -0.39839712
v 0.17694564 0.21826239 -0.39815089
v 0.17774121 0.21803479 -0.39803889
v 0.17839666 0.21792030 -0.39839712
v 0.17774121 0.21803479 -0.39803889
v 0.17915571 0.21763915 -0.39814651
v 0.17915571 0.21763915 -0.39814651
v 0.17893909 0.21754560 -0.39792070
v 0.17998818 0.21723823 -0.39804375
v 0.17765634 0.21799400 -0.39899543
v 0.17725989 0.21742333 -0.40079030
v 0.17664105 0.21766150 -0.40049529
v 0.17765634 0.21799400 -0.39899543
v 0.17828256 0.21714249 -0.40079179
v 0.17725989 0.21742333 -0.40079030
v 0.17765634 0.21799400 -0.39899543
v 0.17839666 0.21792030 -0.39839712
v 0.17947654 0.21727075 -0.39934018
v 0.17765634 0.21799400 -0.39899543
v 0.17947654 0.21727075 -0.39934018
v 0.17890270 0.21700495 -0.40059033
v 0.17765634 0.21799400 -0.39899543
v 0.17890270 0.21700495 -0.40059033
v 0.17828256 0.21714249 -0.40079179
v 0.17839666 0.21792030 -0.39839712
v 0.17980938 0.21737705 -0.39841995
v 0.17947654 0.21727075 -0.39934018
v 0.18119864 0.21661580 -0.39864755
v 0.18098451 0.21640974 -0.39960396
v 0.17947654 0.21727075 -0.39934018
v 0.18119864 0.21661580 -0.39864755
v 0.17947654 0.21727075 -0.39934018
v 0.17980938 0.21737705 -0.39841995
v 0.18098451 0.21640974 -0.39960396
v 0.18146601 0.21556681 -0.40079379
v 0.18066327 0.21578433 -0.40140975
v 0.18098451 0.21640974 -0.39960396
v 0.18066327 0.21578433 -0.40140975
v 0.17998001 0.21637474 -0.40093124
v 0.18098451 0.21640974 -0.39960396
v 0.17998001 0.21637474 -0.40093124
v 0.17947654 0.21727075 -0.39934018
v 0.17947654 0.21727075 -0.39934018
v 0.17998001 0.21637474 -0.40093124
v 0.17890270 0.21700495 -0.40059033
v 0.18230906 0.21587569 -0.39860737
v 0.18119864 0.21661580 -0.39864755
v 0.18118538 0.21665579 -0.39816514
v 0.18118538 0.21665579 -0.39816514
v 0.17998818 0.21723823 -0.39804375
v 0.18194045 0.21602339 -0.39795601
v 0.18119864 0.21661580 -0.39864755
v 0.17980938 0.21737705 -0.39841995
v 0.18118538 0.21665579 -0.39816514
v 0.18118538 0.21665579 -0.39816514
v 0.17980938 0.21737705 -0.39841995
v 0.17998818 0.21723823 -0.39804375
v 0.17980938 0.21737705 -0.39841995
v 0.17915571 0.21763915 -0.39814651
v 0.17998818 0.21723823 -0.39804375
v 0.18230906 0.21587569 -0.39860737
v 0.18118538 0.21665579 -0.39816514
v 0.18238238 0.21582562 -0.39810351
v 0.18230906 0.21587569 -0.39860737
v 0.18238238 0.21582562 -0.39810351
v 0.18362054 0.21480206 -0.39829710
v 0.18238238 0.21582562 -0.39810351
v 0.18334369 0.21495296 -0.39803839
v 0.18362054 0.21480206 -0.39829710
v 0.18118538 0.21665579 -0.39816514
v 0.18194045 0.21602339 -0.39795601
v 0.18238238 0.21582562 -0.39810351
v 0.18238238 0.21582562 -0.39810351
v 0.18194045 0.21602339 -0.39795601
v 0.18334369 0.21495296 -0.39803839
v 0.18119864 0.21661580 -0.39864755
v 0.18230906 0.21587569 -0.39860737
v 0.18230917 0.21551794 -0.39953586
v 0.18119864 0.21661580 -0.39864755
v 0.18230917 0.21551794 -0.39953586
v 0.18098451 0.21640974 -0.39960396
v 0.18098451 0.21640974 -0.39960396
v 0.18230917 0.21551794 -0.39953586
v 0.18146601 0.21556681 -0.40079379
v 0.18230917 0.21551794 -0.39953586
v 0.18242954 0.21492283 -0.40060130
v 0.18146601 0.21556681 -0.40079379
v 0.18230906 0.21587569 -0.39860737
v 0.18362054 0.21480206 -0.39829710
v 0.18336712 0.21470292 -0.39928585
v 0.18230906 0.21587569 -0.39860737
v 0.18336712 0.21470292 -0.39928585
v 0.18230917 0.21551794 -0.39953586
v 0.18230917 0.21551794 -0.39953586
v 0.18336712 0.21470292 -0.39928585
v 0.18242954 0.21492283 -0.40060130
v 0.18242954 0.21492283 -0.40060130
v 0.18336712 0.21470292 -0.39928585
v 0.18274969 0.21419320 -0.40140975
v 0.18554080 0.21241535 -0.39826766
v 0.18487458 0.21279006 -0.39959651
v 0.18481216 0.21319456 -0.39896950
v 0.18433693 0.21395981 -0.39861163
v 0.18336712 0.21470292 -0.39928585
v 0.18362054 0.21480206 -0.39829710
v 0.18481216 0.21319456 -0.39896950
v 0.18418692 0.21342096 -0.40006027
v 0.18433693 0.21395981 -0.39861163
v 0.18433693 0.21395981 -0.39861163
v 0.18418692 0.21342096 -0.40006027
v 0.18378910 0.21388692 -0.40005985
v 0.18433693 0.21395981 -0.39861163
v 0.18378910 0.21388692 -0.40005985
v 0.18336712 0.21470292 -0.39928585
v 0.18481216 0.21319456 -0.39896950
v 0.18487458 0.21279006 -0.39959651
v 0.18418692 0.21342096 -0.40006027
v 0.18487458 0.21279006 -0.39959651
v 0.18435100 0.21241367 -0.40129197
v 0.18418692 0.21342096 -0.40006027
v 0.18378910 0.21388692 -0.40005985
v 0.18274969 0.21419320 -0.40140975
v 0.18336712 0.21470292 -0.39928585
v 0.18554080 0.21241535 -0.39826766
v 0.18481216 0.21319456 -0.39896950
v 0.18514256 0.21298024 -0.39814240
v 0.18481216 0.21319456 -0.39896950
v 0.18433693 0.21395981 -0.39861163
v 0.18514256 0.21298024 -0.39814240
v 0.18514256 0.21298024 -0.39814240
v 0.18433693 0.21395981 -0.39861163
v 0.18459314 0.21365872 -0.39808995
v 0.18433693 0.21395981 -0.39861163
v 0.18362054 0.21480206 -0.39829710
v 0.18459314 0.21365872 -0.39808995
v 0.18459314 0.21365872 -0.39808995
v 0.18362054 0.21480206 -0.39829710
v 0.18370610 0.21449538 -0.39795241
v 0.18362054 0.21480206 -0.39829710
v 0.18334369 0.21495296 -0.39803839
v 0.18370610 0.21449538 -0.39795241
v 0.18554080 0.21241535 -0.39826766
v 0.18587171 0.21177787 -0.39812574
v 0.18571523 0.21196815 -0.39873272
v 0.18571523 0.21196815 -0.39873272
v 0.18587171 0.21177787 -0.39812574
v 0.18641964 0.21067213 -0.39849874
v 0.18641964 0.21067213 -0.39849874
v 0.18587171 0.21177787 -0.39812574
v 0.18640000 0.21042269 -0.39795581
v 0.18554080 0.21241535 -0.39826766
v 0.18514256 0.21298024 -0.39814240
v 0.18525836 0.21254970 -0.39794323
v 0.18554080 0.21241535 -0.39826766
v 0.18525836 0.21254970 -0.39794323
v 0.18587171 0.21177787 -0.39812574
v 0.18554080 0.21241535 -0.39826766
v 0.18571523 0.21196815 -0.39873272
v 0.18487458 0.21279006 -0.39959651
v 0.18487458 0.21279006 -0.39959651
v 0.18571523 0.21196815 -0.39873272
v 0.18519941 0.21175691 -0.40038359
v 0.18487458 0.21279006 -0.39959651
v 0.18519941 0.21175691 -0.40038359
v 0.18435100 0.21241367 -0.40129197
v 0.18571523 0.21196815 -0.39873272
v 0.18641964 0.21067213 -0.39849874
v 0.18624121 0.21047087 -0.39938030
v 0.18571523 0.21196815 -0.39873272
v 0.18624121 0.21047087 -0.39938030
v 0.18519941 0.21175691 -0.40038359
v 0.18519941 0.21175691 -0.40038359
v 0.18624121 0.21047087 -0.39938030
v 0.18536906 0.21074633 -0.40121186
v 0.18716393 0.20838097 -0.39841828
v 0.18704107 0.20796658 -0.39923090
v 0.18684739 0.20894586 -0.39914322
v 0.18684739 0.20894586 -0.39914322
v 0.18624121 0.21047087 -0.39938030
v 0.18641964 0.21067213 -0.39849874
v 0.18704107 0.20796658 -0.39923090
v 0.18639700 0.20762889 -0.40109697
v 0.18684739 0.20894586 -0.39914322
v 0.18684739 0.20894586 -0.39914322
v 0.18624820 0.20881701 -0.40082023
v 0.18586205 0.20996723 -0.40084156
v 0.18684739 0.20894586 -0.39914322
v 0.18586205 0.20996723 -0.40084156
v 0.18624121 0.21047087 -0.39938030
v 0.18639700 0.20762889 -0.40109697
v 0.18624820 0.20881701 -0.40082023
v 0.18684739 0.20894586 -0.39914322
v 0.18586205 0.20996723 -0.40084156
v 0.18536906 0.21074633 -0.40121186
v 0.18624121 0.21047087 -0.39938030
v 0.18716393 0.20838097 -0.39841828
v 0.18689527 0.20934130 -0.39827314
v 0.18688209 0.20903403 -0.39795879
v 0.18716393 0.20838097 -0.39841828
v 0.18688209 0.20903403 -0.39795879
v 0.18727246 0.20750672 -0.39805374
v 0.18716393 0.20838097 -0.39841828
v 0.18684739 0.20894586 -0.39914322
v 0.18689527 0.20934130 -0.39827314
v 0.18684739 0.20894586 -0.39914322
v 0.18641964 0.21067213 -0.39849874
v 0.18689527 0.20934130 -0.39827314
v 0.18689527 0.20934130 -0.39827314
v 0.18641964 0.21067213 -0.39849874
v 0.18640000 0.21042269 -0.39795581
v 0.18689527 0.20934130 -0.39827314
v 0.18640000 0.21042269 -0.39795581
v 0.18688209 0.20903403 -0.39795879
v 0.18716393 0.20838097 -0.39841828
v 0.18727246 0.20750672 -0.39805374
v 0.18736631 0.20723055 -0.39837259
v 0.18736631 0.20723055 -0.39837259
v 0.18727246 0.20750672 -0.39805374
v 0.18739064 0.20601043 -0.39801633
v 0.18736631 0.20723055 -0.39837259
v 0.18739064 0.20601043 -0.39801633
v 0.18745616 0.20616880 -0.39846665
v 0.18716393 0.20838097 -0.39841828
v 0.18736631 0.20723055 -0.39837259
v 0.18704107 0.20796658 -0.39923090
v 0.18736631 0.20723055 -0.39837259
v 0.18745616 0.20616880 -0.39846665
v 0.18704805 0.20658688 -0.39977252
v 0.18736631 0.20723055 -0.39837259
v 0.18704805 0.20658688 -0.39977252
v 0.18704107 0.20796658 -0.39923090
v 0.18704107 0.20796658 -0.39923090
v 0.18704805 0.20658688 -0.39977252
v 0.18639700 0.20762889 -0.40109697
v 0.18704805 0.20658688 -0.39977252
v 0.18745616 0.20616880 -0.39846665
v 0.18725321 0.20582961 -0.39925653
v 0.18745616 0.20616880 -0.39846665
v 0.18742864 0.20509617 -0.39850512
v 0.18725321 0.20582961 -0.39925653
v 0.18725321 0.20582961 -0.39925653
v 0.18712895 0.20506187 -0.39964607
v 0.18704805 0.20658688 -0.39977252
v 0.18719009 0.20288381 -0.39837429
v 0.18693356 0.20278937 -0.39929581
v 0.18725291 0.20393848 -0.39893168
v 0.18725291 0.20393848 -0.39893168
v 0.18712895 0.20506187 -0.39964607
v 0.18742864 0.20509617 -0.39850512
v 0.18742864 0.20509617 -0.39850512
v 0.18712895 0.20506187 -0.39964607
v 0.18725321 0.20582961 -0.39925653
v 0.18693356 0.20278937 -0.39929581
v 0.18644208 0.20259179 -0.40051445
v 0.18671764 0.20403372 -0.40049019
v 0.18693356 0.20278937 -0.39929581
v 0.18671764 0.20403372 -0.40049019
v 0.18725291 0.20393848 -0.39893168
v 0.18725291 0.20393848 -0.39893168
v 0.18671764 0.20403372 -0.40049019
v 0.18712895 0.20506187 -0.39964607
v 0.18719009 0.20288381 -0.39837429
v 0.18725291 0.20393848 -0.39893168
v 0.18735284 0.20398664 -0.39821869
v 0.18719009 0.20288381 -0.39837429
v 0.18735284 0.20398664 -0.39821869
v 0.18704547 0.20255688 -0.39803371
v 0.18704547 0.20255688 -0.39803371
v 0.18735284 0.20398664 -0.39821869
v 0.18714839 0.20365115 -0.39792576
v 0.18735284 0.20398664 -0.39821869
v 0.18734975 0.20478781 -0.39803022
v 0.18714839 0.20365115 -0.39792576
v 0.18725291 0.20393848 -0.39893168
v 0.18742864 0.20509617 -0.39850512
v 0.18735284 0.20398664 -0.39821869
v 0.18735284 0.20398664 -0.39821869
v 0.18742864 0.20509617 -0.39850512
v 0.18734975 0.20478781 -0.39803022
v 0.18742864 0.20509617 -0.39850512
v 0.18745616 0.20616880 -0.39846665
v 0.18739064 0.20601043 -0.39801633
v 0.18742864 0.20509617 -0.39850512
v 0.18739064 0.20601043 -0.39801633
v 0.18734975 0.20478781 -0.39803022
v 0.18683253 0.20195191 -0.39893687
v 0.18719009 0.20288381 -0.39837429
v 0.18675685 0.20128390 -0.39823934
v 0.18719009 0.20288381 -0.39837429
v 0.18704547 0.20255688 -0.39803371
v 0.18675685 0.20128390 -0.39823934
v 0.18675685 0.20128390 -0.39823934
v 0.18624599 0.20021695 -0.39804366
v 0.18647608 0.20062876 -0.39850053
v 0.18719009 0.20288381 -0.39837429
v 0.18683253 0.20195191 -0.39893687
v 0.18693356 0.20278937 -0.39929581
v 0.18693356 0.20278937 -0.39929581
v 0.18683253 0.20195191 -0.39893687
v 0.18644208 0.20259179 -0.40051445
v 0.18683253 0.20195191 -0.39893687
v 0.18675685 0.20128390 -0.39823934
v 0.18635103 0.20098549 -0.39939892
v 0.18683253 0.20195191 -0.39893687
v 0.18635103 0.20098549 -0.39939892
v 0.18585406 0.20113829 -0.40081674
v 0.18683253 0.20195191 -0.39893687
v 0.18585406 0.20113829 -0.40081674
v 0.18644208 0.20259179 -0.40051445
v 0.18675685 0.20128390 -0.39823934
v 0.18647608 0.20062876 -0.39850053
v 0.18635103 0.20098549 -0.39939892
v 0.18520240 0.19825351 -0.39837459
v 0.18510117 0.19851711 -0.39931574
v 0.18593185 0.19944821 -0.39839762
v 0.18593185 0.19944821 -0.39839762
v 0.18510117 0.19851711 -0.39931574
v 0.18599857 0.19989830 -0.39903679
v 0.18599857 0.19989830 -0.39903679
v 0.18635103 0.20098549 -0.39939892
v 0.18647608 0.20062876 -0.39850053
v 0.18510117 0.19851711 -0.39931574
v 0.18480615 0.19878599 -0.40041262
v 0.18549022 0.20002507 -0.40048692
v 0.18510117 0.19851711 -0.39931574
v 0.18549022 0.20002507 -0.40048692
v 0.18599857 0.19989830 -0.39903679
v 0.18599857 0.19989830 -0.39903679
v 0.18549022 0.20002507 -0.40048692
v 0.18635103 0.20098549 -0.39939892
v 0.18549022 0.20002507 -0.40048692
v 0.18585406 0.20113829 -0.40081674
v 0.18635103 0.20098549 -0.39939892
v 0.18520240 0.19825351 -0.39837459
v 0.18593185 0.19944821 -0.39839762
v 0.18551406 0.19876166 -0.39810309
v 0.18551406 0.19876166 -0.39810309
v 0.18624599 0.20021695 -0.39804366
v 0.18553212 0.19908719 -0.39793265
v 0.18551406 0.19876166 -0.39810309
v 0.18593185 0.19944821 -0.39839762
v 0.18624599 0.20021695 -0.39804366
v 0.18599857 0.19989830 -0.39903679
v 0.18647608 0.20062876 -0.39850053
v 0.18593185 0.19944821 -0.39839762
v 0.18593185 0.19944821 -0.39839762
v 0.18647608 0.20062876 -0.39850053
v 0.18624599 0.20021695 -0.39804366
v 0.18468070 0.19759080 -0.39853194
v 0.18520240 0.19825351 -0.39837459
v 0.18459263 0.19748907 -0.39808995
v 0.18468070 0.19759080 -0.39853194
v 0.18459263 0.19748907 -0.39808995
v 0.18391506 0.19664952 -0.39830345
v 0.18520240 0.19825351 -0.39837459
v 0.18551406 0.19876166 -0.39810309
v 0.18459263 0.19748907 -0.39808995
v 0.18459263 0.19748907 -0.39808995
v 0.18378800 0.19676930 -0.39793417
v 0.18391506 0.19664952 -0.39830345
v 0.18520240 0.19825351 -0.39837459
v 0.18468070 0.19759080 -0.39853194
v 0.18510117 0.19851711 -0.39931574
v 0.18468070 0.19759080 -0.39853194
v 0.18411352 0.19730118 -0.39945829
v 0.18510117 0.19851711 -0.39931574
v 0.18510117 0.19851711 -0.39931574
v 0.18411352 0.19730118 -0.39945829
v 0.18480615 0.19878599 -0.40041262
v 0.18480615 0.19878599 -0.40041262
v 0.18411352 0.19730118 -0.39945829
v 0.18358634 0.19774538 -0.40128547
v 0.18480615 0.19878599 -0.40041262
v 0.18358634 0.19774538 -0.40128547
v 0.18422014 0.19876525 -0.40158316
v 0.18468070 0.19759080 -0.39853194
v 0.18391506 0.19664952 -0.39830345
v 0.18411352 0.19730118 -0.39945829
v 0.18391506 0.19664952 -0.39830345
v 0.18335366 0.19643998 -0.39933202
v 0.18411352 0.19730118 -0.39945829
v 0.18411352 0.19730118 -0.39945829
v 0.18335366 0.19643998 -0.39933202
v 0.18281591 0.19702502 -0.40144655
v 0.18411352 0.19730118 -0.39945829
v 0.18281591 0.19702502 -0.40144655
v 0.18358634 0.19774538 -0.40128547
v 0.17254563 0.19813274 -0.41297823
v 0.17258064 0.19824634 -0.41384232
v 0.17393291 0.19802593 -0.41387054
v 0.17258064 0.19824634 -0.41384232
v 0.17305067 0.19818561 -0.41519618
v 0.17393291 0.19802593 -0.41387054
v 0.17254563 0.19813274 -0.41297823
v 0.17393291 0.19802593 -0.41387054
v 0.17357937 0.19770928 -0.41192994
v 0.17254563 0.19813274 -0.41297823
v 0.17357937 0.19770928 -0.41192994
v 0.17241399 0.19783942 -0.41159815
v 0.17357937 0.19770928 -0.41192994
v 0.17327328 0.19704157 -0.40967649
v 0.17237748 0.19713531 -0.40943193
v 0.17357937 0.19770928 -0.41192994
v 0.17458457 0.19741806 -0.41112351
v 0.17327328 0.19704157 -0.40967649
v 0.17393291 0.19802593 -0.41387054
v 0.17473605 0.19773801 -0.41231251
v 0.17357937 0.19770928 -0.41192994
v 0.17357937 0.19770928 -0.41192994
v 0.17473605 0.19773801 -0.41231251
v 0.17458457 0.19741806 -0.41112351
v 0.17180093 0.19846405 -0.41348428
v 0.17254563 0.19813274 -0.41297823
v 0.17125121 0.19860986 -0.41294903
v 0.17254563 0.19813274 -0.41297823
v 0.17241399 0.19783942 -0.41159815
v 0.17137527 0.19818372 -0.41153291
v 0.17254563 0.19813274 -0.41297823
v 0.17137527 0.19818372 -0.41153291
v 0.17125121 0.19860986 -0.41294903
v 0.17357937 0.19770928 -0.41192994
v 0.17237748 0.19713531 -0.40943193
v 0.17241399 0.19783942 -0.41159815
v 0.17241399 0.19783942 -0.41159815
v 0.17237748 0.19713531 -0.40943193
v 0.17150351 0.19769642 -0.41025305
v 0.17241399 0.19783942 -0.41159815
v 0.17150351 0.19769642 -0.41025305
v 0.17137527 0.19818372 -0.41153291
v 0.17258064 0.19824634 -0.41384232
v 0.17205915 0.19844900 -0.41511092
v 0.17305067 0.19818561 -0.41519618
v 0.17254563 0.19813274 -0.41297823
v 0.17180093 0.19846405 -0.41348428
v 0.17258064 0.19824634 -0.41384232
v 0.17180093 0.19846405 -0.41348428
v 0.17141317 0.19869573 -0.41413245
v 0.17258064 0.19824634 -0.41384232
v 0.17258064 0.19824634 -0.41384232
v 0.17141317 0.19869573 -0.41413245
v 0.17205915 0.19844900 -0.41511092
v 0.17839496 0.19322750 -0.39839742
v 0.17825015 0.19333929 -0.39905396
v 0.17937931 0.19389980 -0.39944780
v 0.17839496 0.19322750 -0.39839742
v 0.17937931 0.19389980 -0.39944780
v 0.17962915 0.19368237 -0.39837289
v 0.17642124 0.19290864 -0.39899603
v 0.17627105 0.19347712 -0.40063980
v 0.17719528 0.19366752 -0.40068218
v 0.17642124 0.19290864 -0.39899603
v 0.17719528 0.19366752 -0.40068218
v 0.17825015 0.19333929 -0.39905396
v 0.17825015 0.19333929 -0.39905396
v 0.17719528 0.19366752 -0.40068218
v 0.17836064 0.19390896 -0.40048394
v 0.17825015 0.19333929 -0.39905396
v 0.17836064 0.19390896 -0.40048394
v 0.17937931 0.19389980 -0.39944780
v 0.17836064 0.19390896 -0.40048394
v 0.17954297 0.19440684 -0.40058595
v 0.17937931 0.19389980 -0.39944780
v 0.17642124 0.19290864 -0.39899603
v 0.17825015 0.19333929 -0.39905396
v 0.17839496 0.19322750 -0.39839742
v 0.17642124 0.19290864 -0.39899603
v 0.17839496 0.19322750 -0.39839742
v 0.17639092 0.19277401 -0.39831883
v 0.17639092 0.19277401 -0.39831883
v 0.17839496 0.19322750 -0.39839742
v 0.17675006 0.19286516 -0.39808995
v 0.17675006 0.19286516 -0.39808995
v 0.17839496 0.19322750 -0.39839742
v 0.17799513 0.19320196 -0.39800307
v 0.17839496 0.19322750 -0.39839742
v 0.17962915 0.19368237 -0.39837289
v 0.17947605 0.19366172 -0.39808127
v 0.17839496 0.19322750 -0.39839742
v 0.17947605 0.19366172 -0.39808127
v 0.17799513 0.19320196 -0.39800307
v 0.17642124 0.19290864 -0.39899603
v 0.17639092 0.19277401 -0.39831883
v 0.17476368 0.19274150 -0.39889568
v 0.17639092 0.19277401 -0.39831883
v 0.17467523 0.19264536 -0.39825851
v 0.17476368 0.19274150 -0.39889568
v 0.17675006 0.19286516 -0.39808995
v 0.17524609 0.19272305 -0.39804316
v 0.17639092 0.19277401 -0.39831883
v 0.17639092 0.19277401 -0.39831883
v 0.17524609 0.19272305 -0.39804316
v 0.17467523 0.19264536 -0.39825851
v 0.17642124 0.19290864 -0.39899603
v 0.17476368 0.19274150 -0.39889568
v 0.17517328 0.19340242 -0.40070415
v 0.17642124 0.19290864 -0.39899603
v 0.17517328 0.19340242 -0.40070415
v 0.17627105 0.19347712 -0.40063980
v 0.17517328 0.19340242 -0.40070415
v 0.17476368 0.19274150 -0.39889568
v 0.17419830 0.19334128 -0.40058008
v 0.18271178 0.19572869 -0.39899591
v 0.18335366 0.19643998 -0.39933202
v 0.18290196 0.19570965 -0.39841595
v 0.18290196 0.19570965 -0.39841595
v 0.18335366 0.19643998 -0.39933202
v 0.18391506 0.19664952 -0.39830345
v 0.18186614 0.19491586 -0.39845768
v 0.18096896 0.19484994 -0.39988762
v 0.18220803 0.19538771 -0.39916506
v 0.18220803 0.19538771 -0.39916506
v 0.18191393 0.19592986 -0.40084237
v 0.18271178 0.19572869 -0.39899591
v 0.18271178 0.19572869 -0.39899591
v 0.18191393 0.19592986 -0.40084237
v 0.18242744 0.19635561 -0.40086541
v 0.18271178 0.19572869 -0.39899591
v 0.18242744 0.19635561 -0.40086541
v 0.18335366 0.19643998 -0.39933202
v 0.18096896 0.19484994 -0.39988762
v 0.18100365 0.19552882 -0.40132627
v 0.18191393 0.19592986 -0.40084237
v 0.18096896 0.19484994 -0.39988762
v 0.18191393 0.19592986 -0.40084237
v 0.18220803 0.19538771 -0.39916506
v 0.18242744 0.19635561 -0.40086541
v 0.18281591 0.19702502 -0.40144655
v 0.18335366 0.19643998 -0.39933202
v 0.18186614 0.19491586 -0.39845768
v 0.18220803 0.19538771 -0.39916506
v 0.18290196 0.19570965 -0.39841595
v 0.18220803 0.19538771 -0.39916506
v 0.18271178 0.19572869 -0.39899591
v 0.18290196 0.19570965 -0.39841595
v 0.18290196 0.19570965 -0.39841595
v 0.18198533 0.19500822 -0.39811677
v 0.18186614 0.19491586 -0.39845768
v 0.18198533 0.19500822 -0.39811677
v 0.18290196 0.19570965 -0.39841595
v 0.18295832 0.19593374 -0.39794701
v 0.18290196 0.19570965 -0.39841595
v 0.18391506 0.19664952 -0.39830345
v 0.18295832 0.19593374 -0.39794701
v 0.18295832 0.19593374 -0.39794701
v 0.18391506 0.19664952 -0.39830345
v 0.18378800 0.19676930 -0.39793417
v 0.18020082 0.19409706 -0.39899144
v 0.18096666 0.19439366 -0.39860564
v 0.17962915 0.19368237 -0.39837289
v 0.18186614 0.19491586 -0.39845768
v 0.18198533 0.19500822 -0.39811677
v 0.18096666 0.19439366 -0.39860564
v 0.18096666 0.19439366 -0.39860564
v 0.18198533 0.19500822 -0.39811677
v 0.18083252 0.19431777 -0.39807668
v 0.18096666 0.19439366 -0.39860564
v 0.18083252 0.19431777 -0.39807668
v 0.17962915 0.19368237 -0.39837289
v 0.18083252 0.19431777 -0.39807668
v 0.17947605 0.19366172 -0.39808127
v 0.17962915 0.19368237 -0.39837289
v 0.18186614 0.19491586 -0.39845768
v 0.18096666 0.19439366 -0.39860564
v 0.18096896 0.19484994 -0.39988762
v 0.18096666 0.19439366 -0.39860564
v 0.18020082 0.19409706 -0.39899144
v 0.18096896 0.19484994 -0.39988762
v 0.18096896 0.19484994 -0.39988762
v 0.18014206 0.19510247 -0.40148354
v 0.18100365 0.19552882 -0.40132627
v 0.18096896 0.19484994 -0.39988762
v 0.18020082 0.19409706 -0.39899144
v 0.17954297 0.19440684 -0.40058595
v 0.18096896 0.19484994 -0.39988762
v 0.17954297 0.19440684 -0.40058595
v 0.18014206 0.19510247 -0.40148354
v 0.17962915 0.19368237 -0.39837289
v 0.17937931 0.19389980 -0.39944780
v 0.18020082 0.19409706 -0.39899144
v 0.18020082 0.19409706 -0.39899144
v 0.17937931 0.19389980 -0.39944780
v 0.17954297 0.19440684 -0.40058595
v 0.17317535 0.20125009 -0.41564998
v 0.17466345 0.19903523 -0.41558534
v 0.17216694 0.19979829 -0.41559643
v 0.17317535 0.20125009 -0.41564998
v 0.17472538 0.20201494 -0.41566882
v 0.17466345 0.19903523 -0.41558534
v 0.17472538 0.20201494 -0.41566882
v 0.17733310 0.19974741 -0.41559243
v 0.17466345 0.19903523 -0.41558534
v 0.17454368 0.20557420 -0.41569725
v 0.17472538 0.20201494 -0.41566882
v 0.17116472 0.20346016 -0.41565585
v 0.17472538 0.20201494 -0.41566882
v 0.17317535 0.20125009 -0.41564998
v 0.17116472 0.20346016 -0.41565585
v 0.17116472 0.20346016 -0.41565585
v 0.17317535 0.20125009 -0.41564998
v 0.16990960 0.20178206 -0.41560650
v 0.17317535 0.20125009 -0.41564998
v 0.17216694 0.19979829 -0.41559643
v 0.16990960 0.20178206 -0.41560650
v 0.17116472 0.20346016 -0.41565585
v 0.16990960 0.20178206 -0.41560650
v 0.16917926 0.20512022 -0.41563481
v 0.17454368 0.20557420 -0.41569725
v 0.17116472 0.20346016 -0.41565585
v 0.16917926 0.20512022 -0.41563481
v 0.17454368 0.20557420 -0.41569725
v 0.16917926 0.20512022 -0.41563481
v 0.17162451 0.20856737 -0.41565415
v 0.17162451 0.20856737 -0.41565415
v 0.16867402 0.20821342 -0.41559044
v 0.17010856 0.21031289 -0.41558486
v 0.17162451 0.20856737 -0.41565415
v 0.16917926 0.20512022 -0.41563481
v 0.16867402 0.20821342 -0.41559044
v 0.17454368 0.20557420 -0.41569725
v 0.17162451 0.20856737 -0.41565415
v 0.17393461 0.20889340 -0.41566920
v 0.17412230 0.21132438 -0.41561964
v 0.17393461 0.20889340 -0.41566920
v 0.17162451 0.20856737 -0.41565415
v 0.17162451 0.20856737 -0.41565415
v 0.17010856 0.21031289 -0.41558486
v 0.17209195 0.21172979 -0.41556102
v 0.17162451 0.20856737 -0.41565415
v 0.17209195 0.21172979 -0.41556102
v 0.17412230 0.21132438 -0.41561964
v 0.17393461 0.20889340 -0.41566920
v 0.17412230 0.21132438 -0.41561964
v 0.17681699 0.21085584 -0.41561934
v 0.17454368 0.20557420 -0.41569725
v 0.17393461 0.20889340 -0.41566920
v 0.17857058 0.20840351 -0.41564679
v 0.17393461 0.20889340 -0.41566920
v 0.17681699 0.21085584 -0.41561934
v 0.17857058 0.20840351 -0.41564679
v 0.17454368 0.20557420 -0.41569725
v 0.17857058 0.20840351 -0.41564679
v 0.17892005 0.20503575 -0.41565168
v 0.17892005 0.20503575 -0.41565168
v 0.17857058 0.20840351 -0.41564679
v 0.18073827 0.20558268 -0.41559792
v 0.17454368 0.20557420 -0.41569725
v 0.17892005 0.20503575 -0.41565168
v 0.17796989 0.20139939 -0.41563940
v 0.17796989 0.20139939 -0.41563940
v 0.17892005 0.20503575 -0.41565168
v 0.17949250 0.20124380 -0.41557407
v 0.17892005 0.20503575 -0.41565168
v 0.18084449 0.20269990 -0.41555354
v 0.17949250 0.20124380 -0.41557407
v 0.17892005 0.20503575 -0.41565168
v 0.18073827 0.20558268 -0.41559792
v 0.18084449 0.20269990 -0.41555354
v 0.17472538 0.20201494 -0.41566882
v 0.17796989 0.20139939 -0.41563940
v 0.17733310 0.19974741 -0.41559243
v 0.17454368 0.20557420 -0.41569725
v 0.17796989 0.20139939 -0.41563940
v 0.17472538 0.20201494 -0.41566882
v 0.17290348 0.19451644 -0.40319714
v 0.17271517 0.19567384 -0.40592465
v 0.17354375 0.19542171 -0.40560350
v 0.17354375 0.19542171 -0.40560350
v 0.17431459 0.19614877 -0.40754271
v 0.17399514 0.19440843 -0.40319714
v 0.17399514 0.19440843 -0.40319714
v 0.17431459 0.19614877 -0.40754271
v 0.17475881 0.19487996 -0.40438807
v 0.17271517 0.19567384 -0.40592465
v 0.17237748 0.19713531 -0.40943193
v 0.17365207 0.19657731 -0.40854213
v 0.17271517 0.19567384 -0.40592465
v 0.17365207 0.19657731 -0.40854213
v 0.17354375 0.19542171 -0.40560350
v 0.17354375 0.19542171 -0.40560350
v 0.17365207 0.19657731 -0.40854213
v 0.17431459 0.19614877 -0.40754271
v 0.17237748 0.19713531 -0.40943193
v 0.17327328 0.19704157 -0.40967649
v 0.17365207 0.19657731 -0.40854213
v 0.17431459 0.19614877 -0.40754271
v 0.17365207 0.19657731 -0.40854213
v 0.17489792 0.19701354 -0.40985250
v 0.17365207 0.19657731 -0.40854213
v 0.17327328 0.19704157 -0.40967649
v 0.17458457 0.19741806 -0.41112351
v 0.17365207 0.19657731 -0.40854213
v 0.17458457 0.19741806 -0.41112351
v 0.17489792 0.19701354 -0.40985250
v 0.17271517 0.19567384 -0.40592465
v 0.17290348 0.19451644 -0.40319714
v 0.17225860 0.19408679 -0.40188837
v 0.17225860 0.19408679 -0.40188837
v 0.17290348 0.19451644 -0.40319714
v 0.17244610 0.19348031 -0.40047863
v 0.17290348 0.19451644 -0.40319714
v 0.17354375 0.19542171 -0.40560350
v 0.17331555 0.19344880 -0.40070483
v 0.17290348 0.19451644 -0.40319714
v 0.17331555 0.19344880 -0.40070483
v 0.17244610 0.19348031 -0.40047863
v 0.17354375 0.19542171 -0.40560350
v 0.17399514 0.19440843 -0.40319714
v 0.17331555 0.19344880 -0.40070483
v 0.17331555 0.19344880 -0.40070483
v 0.17399514 0.19440843 -0.40319714
v 0.17419830 0.19334128 -0.40058008
v 0.17399514 0.19440843 -0.40319714
v 0.17475881 0.19487996 -0.40438807
v 0.17419830 0.19334128 -0.40058008
v 0.17183463 0.19619006 -0.40667763
v 0.17134933 0.19436295 -0.40203169
v 0.17078733 0.19506647 -0.40324533
v 0.17271517 0.19567384 -0.40592465
v 0.17225860 0.19408679 -0.40188837
v 0.17134933 0.19436295 -0.40203169
v 0.17271517 0.19567384 -0.40592465
v 0.17134933 0.19436295 -0.40203169
v 0.17183463 0.19619006 -0.40667763
v 0.17078733 0.19506647 -0.40324533
v 0.17013948 0.19421434 -0.40072459
v 0.17036608 0.19613060 -0.40528595
v 0.17225860 0.19408679 -0.40188837
v 0.17244610 0.19348031 -0.40047863
v 0.17130806 0.19373454 -0.40048301
v 0.17225860 0.19408679 -0.40188837
v 0.17130806 0.19373454 -0.40048301
v 0.17134933 0.19436295 -0.40203169
v 0.17134933 0.19436295 -0.40203169
v 0.17130806 0.19373454 -0.40048301
v 0.17013948 0.19421434 -0.40072459
v 0.17134933 0.19436295 -0.40203169
v 0.17013948 0.19421434 -0.40072459
v 0.17078733 0.19506647 -0.40324533
v 0.17271517 0.19567384 -0.40592465
v 0.17183463 0.19619006 -0.40667763
v 0.17237748 0.19713531 -0.40943193
v 0.17183463 0.19619006 -0.40667763
v 0.17078733 0.19506647 -0.40324533
v 0.17120133 0.19705394 -0.40824363
v 0.17183463 0.19619006 -0.40667763
v 0.17120133 0.19705394 -0.40824363
v 0.17237748 0.19713531 -0.40943193
v 0.17237748 0.19713531 -0.40943193
v 0.17120133 0.19705394 -0.40824363
v 0.17150351 0.19769642 -0.41025305
v 0.17078733 0.19506647 -0.40324533
v 0.17036608 0.19613060 -0.40528595
v 0.17120133 0.19705394 -0.40824363
v 0.17059377 0.19911560 -0.41383582
v 0.17141317 0.19869573 -0.41413245
v 0.17125121 0.19860986 -0.41294903
v 0.17125121 0.19860986 -0.41294903
v 0.17141317 0.19869573 -0.41413245
v 0.17180093 0.19846405 -0.41348428
v 0.17059377 0.19911560 -0.41383582
v 0.17105284 0.19889869 -0.41520697
v 0.17141317 0.19869573 -0.41413245
v 0.16987748 0.19927937 -0.41231251
v 0.17064004 0.19877981 -0.41231251
v 0.17045784 0.19836153 -0.41068819
v 0.16987748 0.19927937 -0.41231251
v 0.17045784 0.19836153 -0.41068819
v 0.16963294 0.19895534 -0.41084546
v 0.16963294 0.19895534 -0.41084546
v 0.17045784 0.19836153 -0.41068819
v 0.16952673 0.19845200 -0.40942517
v 0.17059377 0.19911560 -0.41383582
v 0.17125121 0.19860986 -0.41294903
v 0.17064004 0.19877981 -0.41231251
v 0.17064004 0.19877981 -0.41231251
v 0.17125121 0.19860986 -0.41294903
v 0.17137527 0.19818372 -0.41153291
v 0.17064004 0.19877981 -0.41231251
v 0.17137527 0.19818372 -0.41153291
v 0.17045784 0.19836153 -0.41068819
v 0.17045784 0.19836153 -0.41068819
v 0.17137527 0.19818372 -0.41153291
v 0.17150351 0.19769642 -0.41025305
v 0.17059377 0.19911560 -0.41383582
v 0.17064004 0.19877981 -0.41231251
v 0.16987748 0.19927937 -0.41231251
v 0.17059377 0.19911560 -0.41383582
v 0.16987748 0.19927937 -0.41231251
v 0.16964361 0.19980307 -0.41390675
v 0.16964361 0.19980307 -0.41390675
v 0.16987748 0.19927937 -0.41231251
v 0.16909128 0.20012341 -0.41293305
v 0.16987748 0.19927937 -0.41231251
v 0.16897869 0.19962634 -0.41112220
v 0.16909128 0.20012341 -0.41293305
v 0.16987748 0.19927937 -0.41231251
v 0.16963294 0.19895534 -0.41084546
v 0.16897869 0.19962634 -0.41112220
v 0.16878022 0.19760306 -0.40651056
v 0.17028509 0.19759050 -0.40853742
v 0.16944663 0.19664493 -0.40540633
v 0.16878022 0.19760306 -0.40651056
v 0.16952673 0.19845200 -0.40942517
v 0.17028509 0.19759050 -0.40853742
v 0.16944663 0.19664493 -0.40540633
v 0.17028509 0.19759050 -0.40853742
v 0.17036608 0.19613060 -0.40528595
v 0.17036608 0.19613060 -0.40528595
v 0.17028509 0.19759050 -0.40853742
v 0.17120133 0.19705394 -0.40824363
v 0.16952673 0.19845200 -0.40942517
v 0.17045784 0.19836153 -0.41068819
v 0.17028509 0.19759050 -0.40853742
v 0.17028509 0.19759050 -0.40853742
v 0.17045784 0.19836153 -0.41068819
v 0.17150351 0.19769642 -0.41025305
v 0.17028509 0.19759050 -0.40853742
v 0.17150351 0.19769642 -0.41025305
v 0.17120133 0.19705394 -0.40824363
v 0.16878022 0.19760306 -0.40651056
v 0.16944663 0.19664493 -0.40540633
v 0.16781929 0.19603318 -0.40197811
v 0.16781929 0.19603318 -0.40197811
v 0.16944663 0.19664493 -0.40540633
v 0.16798046 0.19520879 -0.40049389
v 0.16944663 0.19664493 -0.40540633
v 0.16919990 0.19485094 -0.40123731
v 0.16798046 0.19520879 -0.40049389
v 0.16944663 0.19664493 -0.40540633
v 0.17036608 0.19613060 -0.40528595
v 0.16919990 0.19485094 -0.40123731
v 0.16919990 0.19485094 -0.40123731
v 0.17036608 0.19613060 -0.40528595
v 0.17013948 0.19421434 -0.40072459
v 0.16919990 0.19485094 -0.40123731
v 0.17013948 0.19421434 -0.40072459
v 0.16905060 0.19453350 -0.40032825
v 0.16781929 0.19603318 -0.40197811
v 0.16697207 0.19679573 -0.40219453
v 0.16878022 0.19760306 -0.40651056
v 0.16878022 0.19760306 -0.40651056
v 0.16697207 0.19679573 -0.40219453
v 0.16805816 0.19835475 -0.40683699
v 0.16805816 0.19835475 -0.40683699
v 0.16697207 0.19679573 -0.40219453
v 0.16682406 0.19816098 -0.40437251
v 0.16781929 0.19603318 -0.40197811
v 0.16798046 0.19520879 -0.40049389
v 0.16702422 0.19587879 -0.40049440
v 0.16781929 0.19603318 -0.40197811
v 0.16702422 0.19587879 -0.40049440
v 0.16697207 0.19679573 -0.40219453
v 0.16697207 0.19679573 -0.40219453
v 0.16702422 0.19587879 -0.40049440
v 0.16613771 0.19668482 -0.40058875
v 0.16697207 0.19679573 -0.40219453
v 0.16613771 0.19668482 -0.40058875
v 0.16682406 0.19816098 -0.40437251
v 0.16878022 0.19760306 -0.40651056
v 0.16805816 0.19835475 -0.40683699
v 0.16849539 0.19910674 -0.40907261
v 0.16878022 0.19760306 -0.40651056
v 0.16849539 0.19910674 -0.40907261
v 0.16952673 0.19845200 -0.40942517
v 0.16952673 0.19845200 -0.40942517
v 0.16849539 0.19910674 -0.40907261
v 0.16963294 0.19895534 -0.41084546
v 0.16849539 0.19910674 -0.40907261
v 0.16897869 0.19962634 -0.41112220
v 0.16963294 0.19895534 -0.41084546
v 0.16835427 0.20097992 -0.41294143
v 0.16791166 0.20180161 -0.41334984
v 0.16851255 0.20101014 -0.41409335
v 0.16835427 0.20097992 -0.41294143
v 0.16851255 0.20101014 -0.41409335
v 0.16901878 0.20041773 -0.41413295
v 0.16835427 0.20097992 -0.41294143
v 0.16901878 0.20041773 -0.41413295
v 0.16909128 0.20012341 -0.41293305
v 0.16909128 0.20012341 -0.41293305
v 0.16901878 0.20041773 -0.41413295
v 0.16964361 0.19980307 -0.41390675
v 0.16835427 0.20097992 -0.41294143
v 0.16833912 0.20047536 -0.41155833
v 0.16762930 0.20153363 -0.41160282
v 0.16762930 0.20153363 -0.41160282
v 0.16833912 0.20047536 -0.41155833
v 0.16772984 0.20077047 -0.41055202
v 0.16835427 0.20097992 -0.41294143
v 0.16909128 0.20012341 -0.41293305
v 0.16833912 0.20047536 -0.41155833
v 0.16833912 0.20047536 -0.41155833
v 0.16790667 0.19996214 -0.40948170
v 0.16772984 0.20077047 -0.41055202
v 0.16909128 0.20012341 -0.41293305
v 0.16897869 0.19962634 -0.41112220
v 0.16833912 0.20047536 -0.41155833
v 0.16833912 0.20047536 -0.41155833
v 0.16897869 0.19962634 -0.41112220
v 0.16790667 0.19996214 -0.40948170
v 0.16835427 0.20097992 -0.41294143
v 0.16762930 0.20153363 -0.41160282
v 0.16791166 0.20180161 -0.41334984
v 0.16791166 0.20180161 -0.41334984
v 0.16762930 0.20153363 -0.41160282
v 0.16713235 0.20247251 -0.41154447
v 0.16791166 0.20180161 -0.41334984
v 0.16713235 0.20247251 -0.41154447
v 0.16741198 0.20291133 -0.41354263
v 0.16741198 0.20291133 -0.41354263
v 0.16713235 0.20247251 -0.41154447
v 0.16701107 0.20330757 -0.41222474
v 0.16762930 0.20153363 -0.41160282
v 0.16772984 0.20077047 -0.41055202
v 0.16674918 0.20168123 -0.40942267
v 0.16762930 0.20153363 -0.41160282
v 0.16674918 0.20168123 -0.40942267
v 0.16713235 0.20247251 -0.41154447
v 0.16713235 0.20247251 -0.41154447
v 0.16674918 0.20168123 -0.40942267
v 0.16650502 0.20247221 -0.40972048
v 0.16851255 0.20101014 -0.41409335
v 0.16791166 0.20180161 -0.41334984
v 0.16798756 0.20186065 -0.41496471
v 0.16791166 0.20180161 -0.41334984
v 0.16760676 0.20262042 -0.41509736
v 0.16798756 0.20186065 -0.41496471
v 0.16791166 0.20180161 -0.41334984
v 0.16741198 0.20291133 -0.41354263
v 0.16760676 0.20262042 -0.41509736
v 0.16592836 0.19981733 -0.40519878
v 0.16683413 0.20069388 -0.40831852
v 0.16662639 0.19939876 -0.40599486
v 0.16662639 0.19939876 -0.40599486
v 0.16720305 0.19954427 -0.40735382
v 0.16682406 0.19816098 -0.40437251
v 0.16682406 0.19816098 -0.40437251
v 0.16720305 0.19954427 -0.40735382
v 0.16805816 0.19835475 -0.40683699
v 0.16683413 0.20069388 -0.40831852
v 0.16720305 0.19954427 -0.40735382
v 0.16662639 0.19939876 -0.40599486
v 0.16720305 0.19954427 -0.40735382
v 0.16849539 0.19910674 -0.40907261
v 0.16805816 0.19835475 -0.40683699
v 0.16683413 0.20069388 -0.40831852
v 0.16790667 0.19996214 -0.40948170
v 0.16720305 0.19954427 -0.40735382
v 0.16720305 0.19954427 -0.40735382
v 0.16790667 0.19996214 -0.40948170
v 0.16849539 0.19910674 -0.40907261
v 0.16683413 0.20069388 -0.40831852
v 0.16772984 0.20077047 -0.41055202
v 0.16790667 0.19996214 -0.40948170
v 0.16790667 0.19996214 -0.40948170
v 0.16897869 0.19962634 -0.41112220
v 0.16849539 0.19910674 -0.40907261
v 0.16592836 0.19981733 -0.40519878
v 0.16662639 0.19939876 -0.40599486
v 0.16506518 0.19822001 -0.40119174
v 0.16592836 0.19981733 -0.40519878
v 0.16506518 0.19822001 -0.40119174
v 0.16425745 0.19876076 -0.40032634
v 0.16662639 0.19939876 -0.40599486
v 0.16682406 0.19816098 -0.40437251
v 0.16572312 0.19757973 -0.40140975
v 0.16662639 0.19939876 -0.40599486
v 0.16572312 0.19757973 -0.40140975
v 0.16506518 0.19822001 -0.40119174
v 0.16572312 0.19757973 -0.40140975
v 0.16682406 0.19816098 -0.40437251
v 0.16613771 0.19668482 -0.40058875
v 0.16592836 0.19981733 -0.40519878
v 0.16447617 0.19987707 -0.40225437
v 0.16561241 0.20051466 -0.40543076
v 0.16561241 0.20051466 -0.40543076
v 0.16447617 0.19987707 -0.40225437
v 0.16530824 0.20153503 -0.40589792
v 0.16447617 0.19987707 -0.40225437
v 0.16399805 0.20084527 -0.40228161
v 0.16530824 0.20153503 -0.40589792
v 0.16592836 0.19981733 -0.40519878
v 0.16425745 0.19876076 -0.40032634
v 0.16447617 0.19987707 -0.40225437
v 0.16447617 0.19987707 -0.40225437
v 0.16425745 0.19876076 -0.40032634
v 0.16364928 0.19949679 -0.39995146
v 0.16447617 0.19987707 -0.40225437
v 0.16364928 0.19949679 -0.39995146
v 0.16332984 0.20021297 -0.40006933
v 0.16447617 0.19987707 -0.40225437
v 0.16332984 0.20021297 -0.40006933
v 0.16399805 0.20084527 -0.40228161
v 0.16399805 0.20084527 -0.40228161
v 0.16332984 0.20021297 -0.40006933
v 0.16315131 0.20120701 -0.40068099
v 0.16592836 0.19981733 -0.40519878
v 0.16561241 0.20051466 -0.40543076
v 0.16683413 0.20069388 -0.40831852
v 0.16561241 0.20051466 -0.40543076
v 0.16592996 0.20150431 -0.40730435
v 0.16683413 0.20069388 -0.40831852
v 0.16683413 0.20069388 -0.40831852
v 0.16592996 0.20150431 -0.40730435
v 0.16674918 0.20168123 -0.40942267
v 0.16683413 0.20069388 -0.40831852
v 0.16674918 0.20168123 -0.40942267
v 0.16772984 0.20077047 -0.41055202
v 0.16561241 0.20051466 -0.40543076
v 0.16530824 0.20153503 -0.40589792
v 0.16592996 0.20150431 -0.40730435
v 0.16674918 0.20168123 -0.40942267
v 0.16592996 0.20150431 -0.40730435
v 0.16650502 0.20247221 -0.40972048
v 0.16714281 0.20394216 -0.41379634
v 0.16732013 0.20338497 -0.41509375
v 0.16741198 0.20291133 -0.41354263
v 0.16741198 0.20291133 -0.41354263
v 0.16732013 0.20338497 -0.41509375
v 0.16760676 0.20262042 -0.41509736
v 0.16679245 0.20444642 -0.41232857
v 0.16701107 0.20330757 -0.41222474
v 0.16669402 0.20340012 -0.41116002
v 0.16679245 0.20444642 -0.41232857
v 0.16669402 0.20340012 -0.41116002
v 0.16631293 0.20345199 -0.41004190
v 0.16714281 0.20394216 -0.41379634
v 0.16741198 0.20291133 -0.41354263
v 0.16701107 0.20330757 -0.41222474
v 0.16701107 0.20330757 -0.41222474
v 0.16713235 0.20247251 -0.41154447
v 0.16669402 0.20340012 -0.41116002
v 0.16669402 0.20340012 -0.41116002
v 0.16713235 0.20247251 -0.41154447
v 0.16650502 0.20247221 -0.40972048
v 0.16669402 0.20340012 -0.41116002
v 0.16650502 0.20247221 -0.40972048
v 0.16631293 0.20345199 -0.41004190
v 0.16714281 0.20394216 -0.41379634
v 0.16701107 0.20330757 -0.41222474
v 0.16679245 0.20444642 -0.41232857
v 0.16714281 0.20394216 -0.41379634
v 0.16679245 0.20444642 -0.41232857
v 0.16677052 0.20543666 -0.41259357
v 0.16679245 0.20444642 -0.41232857
v 0.16631293 0.20345199 -0.41004190
v 0.16618139 0.20485492 -0.41036084
v 0.16679245 0.20444642 -0.41232857
v 0.16618139 0.20485492 -0.41036084
v 0.16677052 0.20543666 -0.41259357
v 0.16714281 0.20394216 -0.41379634
v 0.16677052 0.20543666 -0.41259357
v 0.16700299 0.20498806 -0.41398174
v 0.16438740 0.20378809 -0.40532875
v 0.16568542 0.20337749 -0.40833387
v 0.16477725 0.20312536 -0.40592793
v 0.16477725 0.20312536 -0.40592793
v 0.16551089 0.20259638 -0.40732527
v 0.16447386 0.20251939 -0.40480456
v 0.16447386 0.20251939 -0.40480456
v 0.16551089 0.20259638 -0.40732527
v 0.16508174 0.20219077 -0.40596941
v 0.16477725 0.20312536 -0.40592793
v 0.16568542 0.20337749 -0.40833387
v 0.16551089 0.20259638 -0.40732527
v 0.16508174 0.20219077 -0.40596941
v 0.16551089 0.20259638 -0.40732527
v 0.16592996 0.20150431 -0.40730435
v 0.16508174 0.20219077 -0.40596941
v 0.16592996 0.20150431 -0.40730435
v 0.16530824 0.20153503 -0.40589792
v 0.16568542 0.20337749 -0.40833387
v 0.16631293 0.20345199 -0.41004190
v 0.16650502 0.20247221 -0.40972048
v 0.16568542 0.20337749 -0.40833387
v 0.16650502 0.20247221 -0.40972048
v 0.16551089 0.20259638 -0.40732527
v 0.16551089 0.20259638 -0.40732527
v 0.16650502 0.20247221 -0.40972048
v 0.16592996 0.20150431 -0.40730435
v 0.16438740 0.20378809 -0.40532875
v 0.16477725 0.20312536 -0.40592793
v 0.16257745 0.20313764 -0.40065867
v 0.16477725 0.20312536 -0.40592793
v 0.16447386 0.20251939 -0.40480456
v 0.16340692 0.20219834 -0.40207615
v 0.16477725 0.20312536 -0.40592793
v 0.16340692 0.20219834 -0.40207615
v 0.16257745 0.20313764 -0.40065867
v 0.16257745 0.20313764 -0.40065867
v 0.16340692 0.20219834 -0.40207615
v 0.16244461 0.20207378 -0.39964178
v 0.16447386 0.20251939 -0.40480456
v 0.16508174 0.20219077 -0.40596941
v 0.16340692 0.20219834 -0.40207615
v 0.16340692 0.20219834 -0.40207615
v 0.16508174 0.20219077 -0.40596941
v 0.16315131 0.20120701 -0.40068099
v 0.16340692 0.20219834 -0.40207615
v 0.16315131 0.20120701 -0.40068099
v 0.16244461 0.20207378 -0.39964178
v 0.16508174 0.20219077 -0.40596941
v 0.16530824 0.20153503 -0.40589792
v 0.16399805 0.20084527 -0.40228161
v 0.16508174 0.20219077 -0.40596941
v 0.16399805 0.20084527 -0.40228161
v 0.16315131 0.20120701 -0.40068099
v 0.16438740 0.20378809 -0.40532875
v 0.16269703 0.20410503 -0.40132010
v 0.16413787 0.20506915 -0.40508220
v 0.16438740 0.20378809 -0.40532875
v 0.16257745 0.20313764 -0.40065867
v 0.16269703 0.20410503 -0.40132010
v 0.16269703 0.20410503 -0.40132010
v 0.16236363 0.20529704 -0.40072599
v 0.16413787 0.20506915 -0.40508220
v 0.16438740 0.20378809 -0.40532875
v 0.16523533 0.20489123 -0.40781349
v 0.16568542 0.20337749 -0.40833387
v 0.16568542 0.20337749 -0.40833387
v 0.16523533 0.20489123 -0.40781349
v 0.16618139 0.20485492 -0.41036084
v 0.16568542 0.20337749 -0.40833387
v 0.16618139 0.20485492 -0.41036084
v 0.16631293 0.20345199 -0.41004190
v 0.16438740 0.20378809 -0.40532875
v 0.16413787 0.20506915 -0.40508220
v 0.16523533 0.20489123 -0.40781349
v 0.16523533 0.20489123 -0.40781349
v 0.16589846 0.20558856 -0.40962932
v 0.16618139 0.20485492 -0.41036084
v 0.16702563 0.20726247 -0.41294903
v 0.16711549 0.20696697 -0.41435385
v 0.16698493 0.20589863 -0.41413063
v 0.16702563 0.20726247 -0.41294903
v 0.16698493 0.20589863 -0.41413063
v 0.16681787 0.20663255 -0.41245642
v 0.16681787 0.20663255 -0.41245642
v 0.16698493 0.20589863 -0.41413063
v 0.16700299 0.20498806 -0.41398174
v 0.16681787 0.20663255 -0.41245642
v 0.16700299 0.20498806 -0.41398174
v 0.16677052 0.20543666 -0.41259357
v 0.16634355 0.20679043 -0.41068617
v 0.16681787 0.20663255 -0.41245642
v 0.16589846 0.20558856 -0.40962932
v 0.16677052 0.20543666 -0.41259357
v 0.16618139 0.20485492 -0.41036084
v 0.16681787 0.20663255 -0.41245642
v 0.16681787 0.20663255 -0.41245642
v 0.16618139 0.20485492 -0.41036084
v 0.16589846 0.20558856 -0.40962932
v 0.16702563 0.20726247 -0.41294903
v 0.16710162 0.20803480 -0.41231251
v 0.16737849 0.20831245 -0.41315037
v 0.16702563 0.20726247 -0.41294903
v 0.16681787 0.20663255 -0.41245642
v 0.16680811 0.20771715 -0.41155753
v 0.16702563 0.20726247 -0.41294903
v 0.16680811 0.20771715 -0.41155753
v 0.16710162 0.20803480 -0.41231251
v 0.16737849 0.20831245 -0.41315037
v 0.16710162 0.20803480 -0.41231251
v 0.16726279 0.20895433 -0.41156831
v 0.16681787 0.20663255 -0.41245642
v 0.16634355 0.20679043 -0.41068617
v 0.16680811 0.20771715 -0.41155753
v 0.16680811 0.20771715 -0.41155753
v 0.16676714 0.20842476 -0.41069216
v 0.16710162 0.20803480 -0.41231251
v 0.16710162 0.20803480 -0.41231251
v 0.16676714 0.20842476 -0.41069216
v 0.16726279 0.20895433 -0.41156831
v 0.16634355 0.20679043 -0.41068617
v 0.16622548 0.20787543 -0.40968007
v 0.16680811 0.20771715 -0.41155753
v 0.16680811 0.20771715 -0.41155753
v 0.16622548 0.20787543 -0.40968007
v 0.16676714 0.20842476 -0.41069216
v 0.16676714 0.20842476 -0.41069216
v 0.16690844 0.20918162 -0.41023189
v 0.16726279 0.20895433 -0.41156831
v 0.16702563 0.20726247 -0.41294903
v 0.16737849 0.20831245 -0.41315037
v 0.16711549 0.20696697 -0.41435385
v 0.16737849 0.20831245 -0.41315037
v 0.16754244 0.20842674 -0.41409275
v 0.16711549 0.20696697 -0.41435385
v 0.16711549 0.20696697 -0.41435385
v 0.16754244 0.20842674 -0.41409275
v 0.16727355 0.20758820 -0.41509315
v 0.16449681 0.20607036 -0.40595236
v 0.16523533 0.20489123 -0.40781349
v 0.16413787 0.20506915 -0.40508220
v 0.16471563 0.20752886 -0.40603703
v 0.16567136 0.20733897 -0.40854213
v 0.16556923 0.20668292 -0.40855151
v 0.16471563 0.20752886 -0.40603703
v 0.16556923 0.20668292 -0.40855151
v 0.16450319 0.20684239 -0.40580335
v 0.16450319 0.20684239 -0.40580335
v 0.16556923 0.20668292 -0.40855151
v 0.16589846 0.20558856 -0.40962932
v 0.16450319 0.20684239 -0.40580335
v 0.16589846 0.20558856 -0.40962932
v 0.16449681 0.20607036 -0.40595236
v 0.16449681 0.20607036 -0.40595236
v 0.16589846 0.20558856 -0.40962932
v 0.16523533 0.20489123 -0.40781349
v 0.16567136 0.20733897 -0.40854213
v 0.16634355 0.20679043 -0.41068617
v 0.16556923 0.20668292 -0.40855151
v 0.16556923 0.20668292 -0.40855151
v 0.16634355 0.20679043 -0.41068617
v 0.16589846 0.20558856 -0.40962932
v 0.16471563 0.20752886 -0.40603703
v 0.16450319 0.20684239 -0.40580335
v 0.16279456 0.20726816 -0.40152365
v 0.16450319 0.20684239 -0.40580335
v 0.16449681 0.20607036 -0.40595236
v 0.16261995 0.20617428 -0.40133315
v 0.16450319 0.20684239 -0.40580335
v 0.16261995 0.20617428 -0.40133315
v 0.16279456 0.20726816 -0.40152365
v 0.16449681 0.20607036 -0.40595236
v 0.16413787 0.20506915 -0.40508220
v 0.16261995 0.20617428 -0.40133315
v 0.16261995 0.20617428 -0.40133315
v 0.16413787 0.20506915 -0.40508220
v 0.16236363 0.20529704 -0.40072599
v 0.16463573 0.20830648 -0.40541241
v 0.16315810 0.20925364 -0.40127289
v 0.16508254 0.20895723 -0.40597132
v 0.16471563 0.20752886 -0.40603703
v 0.16279456 0.20726816 -0.40152365
v 0.16259570 0.20802213 -0.40069985
v 0.16471563 0.20752886 -0.40603703
v 0.16259570 0.20802213 -0.40069985
v 0.16463573 0.20830648 -0.40541241
v 0.16463573 0.20830648 -0.40541241
v 0.16259570 0.20802213 -0.40069985
v 0.16315810 0.20925364 -0.40127289
v 0.16508254 0.20895723 -0.40597132
v 0.16315810 0.20925364 -0.40127289
v 0.16506208 0.20950027 -0.40544802
v 0.16315810 0.20925364 -0.40127289
v 0.16343965 0.21059275 -0.40072817
v 0.16506208 0.20950027 -0.40544802
v 0.16471563 0.20752886 -0.40603703
v 0.16463573 0.20830648 -0.40541241
v 0.16537745 0.20811090 -0.40732527
v 0.16471563 0.20752886 -0.40603703
v 0.16537745 0.20811090 -0.40732527
v 0.16567136 0.20733897 -0.40854213
v 0.16567136 0.20733897 -0.40854213
v 0.16537745 0.20811090 -0.40732527
v 0.16622548 0.20787543 -0.40968007
v 0.16567136 0.20733897 -0.40854213
v 0.16622548 0.20787543 -0.40968007
v 0.16634355 0.20679043 -0.41068617
v 0.16463573 0.20830648 -0.40541241
v 0.16508254 0.20895723 -0.40597132
v 0.16537745 0.20811090 -0.40732527
v 0.16537745 0.20811090 -0.40732527
v 0.16508254 0.20895723 -0.40597132
v 0.16616274 0.20880842 -0.40870351
v 0.16537745 0.20811090 -0.40732527
v 0.16616274 0.20880842 -0.40870351
v 0.16622548 0.20787543 -0.40968007
v 0.16622548 0.20787543 -0.40968007
v 0.16616274 0.20880842 -0.40870351
v 0.16676714 0.20842476 -0.41069216
v 0.16508254 0.20895723 -0.40597132
v 0.16506208 0.20950027 -0.40544802
v 0.16616274 0.20880842 -0.40870351
v 0.16616274 0.20880842 -0.40870351
v 0.16690844 0.20918162 -0.41023189
v 0.16676714 0.20842476 -0.41069216
v 0.16866015 0.21039128 -0.41366640
v 0.16795762 0.20928615 -0.41413155
v 0.16781990 0.20925343 -0.41315416
v 0.16737849 0.20831245 -0.41315037
v 0.16781990 0.20925343 -0.41315416
v 0.16754244 0.20842674 -0.41409275
v 0.16781990 0.20925343 -0.41315416
v 0.16795762 0.20928615 -0.41413155
v 0.16754244 0.20842674 -0.41409275
v 0.16866015 0.21039128 -0.41366640
v 0.16781990 0.20925343 -0.41315416
v 0.16824925 0.21024437 -0.41231680
v 0.16824925 0.21024437 -0.41231680
v 0.16781990 0.20925343 -0.41315416
v 0.16764538 0.20969555 -0.41153389
v 0.16781990 0.20925343 -0.41315416
v 0.16726279 0.20895433 -0.41156831
v 0.16764538 0.20969555 -0.41153389
v 0.16764538 0.20969555 -0.41153389
v 0.16690844 0.20918162 -0.41023189
v 0.16779537 0.21040894 -0.41066194
v 0.16764538 0.20969555 -0.41153389
v 0.16726279 0.20895433 -0.41156831
v 0.16690844 0.20918162 -0.41023189
v 0.16781990 0.20925343 -0.41315416
v 0.16737849 0.20831245 -0.41315037
v 0.16726279 0.20895433 -0.41156831
v 0.16866015 0.21039128 -0.41366640
v 0.16824925 0.21024437 -0.41231680
v 0.16938311 0.21112871 -0.41365832
v 0.16824925 0.21024437 -0.41231680
v 0.16922145 0.21137115 -0.41222247
v 0.16938311 0.21112871 -0.41365832
v 0.16824925 0.21024437 -0.41231680
v 0.16764538 0.20969555 -0.41153389
v 0.16779537 0.21040894 -0.41066194
v 0.16824925 0.21024437 -0.41231680
v 0.16779537 0.21040894 -0.41066194
v 0.16854466 0.21128789 -0.41069117
v 0.16824925 0.21024437 -0.41231680
v 0.16854466 0.21128789 -0.41069117
v 0.16922145 0.21137115 -0.41222247
v 0.16795762 0.20928615 -0.41413155
v 0.16866015 0.21039128 -0.41366640
v 0.16841282 0.20998128 -0.41461036
v 0.16866015 0.21039128 -0.41366640
v 0.16911364 0.21080777 -0.41520029
v 0.16841282 0.20998128 -0.41461036
v 0.16866015 0.21039128 -0.41366640
v 0.16938311 0.21112871 -0.41365832
v 0.16911364 0.21080777 -0.41520029
v 0.16622967 0.21156105 -0.40549460
v 0.16699332 0.21112172 -0.40770796
v 0.16619655 0.21030881 -0.40710637
v 0.16578306 0.20975140 -0.40681964
v 0.16616274 0.20880842 -0.40870351
v 0.16506208 0.20950027 -0.40544802
v 0.16699332 0.21112172 -0.40770796
v 0.16754514 0.21103935 -0.40901586
v 0.16676652 0.20973425 -0.40916327
v 0.16699332 0.21112172 -0.40770796
v 0.16676652 0.20973425 -0.40916327
v 0.16619655 0.21030881 -0.40710637
v 0.16619655 0.21030881 -0.40710637
v 0.16676652 0.20973425 -0.40916327
v 0.16578306 0.20975140 -0.40681964
v 0.16578306 0.20975140 -0.40681964
v 0.16676652 0.20973425 -0.40916327
v 0.16616274 0.20880842 -0.40870351
v 0.16754514 0.21103935 -0.40901586
v 0.16779537 0.21040894 -0.41066194
v 0.16676652 0.20973425 -0.40916327
v 0.16676652 0.20973425 -0.40916327
v 0.16779537 0.21040894 -0.41066194
v 0.16690844 0.20918162 -0.41023189
v 0.16676652 0.20973425 -0.40916327
v 0.16690844 0.20918162 -0.41023189
v 0.16616274 0.20880842 -0.40870351
v 0.16622967 0.21156105 -0.40549460
v 0.16619655 0.21030881 -0.40710637
v 0.16447069 0.21127571 -0.40223712
v 0.16622967 0.21156105 -0.40549460
v 0.16447069 0.21127571 -0.40223712
v 0.16465209 0.21218409 -0.40143606
v 0.16465209 0.21218409 -0.40143606
v 0.16447069 0.21127571 -0.40223712
v 0.16373934 0.21139580 -0.40050188
v 0.16619655 0.21030881 -0.40710637
v 0.16578306 0.20975140 -0.40681964
v 0.16447069 0.21127571 -0.40223712
v 0.16447069 0.21127571 -0.40223712
v 0.16578306 0.20975140 -0.40681964
v 0.16343965 0.21059275 -0.40072817
v 0.16447069 0.21127571 -0.40223712
v 0.16343965 0.21059275 -0.40072817
v 0.16373934 0.21139580 -0.40050188
v 0.16578306 0.20975140 -0.40681964
v 0.16506208 0.20950027 -0.40544802
v 0.16343965 0.21059275 -0.40072817
v 0.16622967 0.21156105 -0.40549460
v 0.16499338 0.21309444 -0.40079769
v 0.16696618 0.21214299 -0.40602627
v 0.16499338 0.21309444 -0.40079769
v 0.16572312 0.21356867 -0.40140975
v 0.16696618 0.21214299 -0.40602627
v 0.16696618 0.21214299 -0.40602627
v 0.16572312 0.21356867 -0.40140975
v 0.16624951 0.21439755 -0.40091577
v 0.16696618 0.21214299 -0.40602627
v 0.16624951 0.21439755 -0.40091577
v 0.16762324 0.21281938 -0.40604919
v 0.16465209 0.21218409 -0.40143606
v 0.16499338 0.21309444 -0.40079769
v 0.16622967 0.21156105 -0.40549460
v 0.16622967 0.21156105 -0.40549460
v 0.16696618 0.21214299 -0.40602627
v 0.16699332 0.21112172 -0.40770796
v 0.16696618 0.21214299 -0.40602627
v 0.16817525 0.21193664 -0.40865991
v 0.16699332 0.21112172 -0.40770796
v 0.16699332 0.21112172 -0.40770796
v 0.16817525 0.21193664 -0.40865991
v 0.16754514 0.21103935 -0.40901586
v 0.16754514 0.21103935 -0.40901586
v 0.16854466 0.21128789 -0.41069117
v 0.16779537 0.21040894 -0.41066194
v 0.16696618 0.21214299 -0.40602627
v 0.16762324 0.21281938 -0.40604919
v 0.16817525 0.21193664 -0.40865991
v 0.16754514 0.21103935 -0.40901586
v 0.16817525 0.21193664 -0.40865991
v 0.16854466 0.21128789 -0.41069117
v 0.17099151 0.21226865 -0.41396770
v 0.16997571 0.21156365 -0.41519707
v 0.17010768 0.21178554 -0.41338733
v 0.17010768 0.21178554 -0.41338733
v 0.16997571 0.21156365 -0.41519707
v 0.16938311 0.21112871 -0.41365832
v 0.17010768 0.21178554 -0.41338733
v 0.16922145 0.21137115 -0.41222247
v 0.16967413 0.21190344 -0.41174084
v 0.16977046 0.21235134 -0.41068819
v 0.16967413 0.21190344 -0.41174084
v 0.16898578 0.21206291 -0.40991414
v 0.17010768 0.21178554 -0.41338733
v 0.16938311 0.21112871 -0.41365832
v 0.16922145 0.21137115 -0.41222247
v 0.16922145 0.21137115 -0.41222247
v 0.16854466 0.21128789 -0.41069117
v 0.16967413 0.21190344 -0.41174084
v 0.16967413 0.21190344 -0.41174084
v 0.16854466 0.21128789 -0.41069117
v 0.16898578 0.21206291 -0.40991414
v 0.17010768 0.21178554 -0.41338733
v 0.17101723 0.21258910 -0.41228181
v 0.17149913 0.21257643 -0.41342103
v 0.17010768 0.21178554 -0.41338733
v 0.16967413 0.21190344 -0.41174084
v 0.17101723 0.21258910 -0.41228181
v 0.16967413 0.21190344 -0.41174084
v 0.16977046 0.21235134 -0.41068819
v 0.17036778 0.21273559 -0.41068819
v 0.16967413 0.21190344 -0.41174084
v 0.17036778 0.21273559 -0.41068819
v 0.17101723 0.21258910 -0.41228181
v 0.17101723 0.21258910 -0.41228181
v 0.17036778 0.21273559 -0.41068819
v 0.17162938 0.21335214 -0.41064909
v 0.17036778 0.21273559 -0.41068819
v 0.17064930 0.21336631 -0.40942675
v 0.17162938 0.21335214 -0.41064909
v 0.17010768 0.21178554 -0.41338733
v 0.17149913 0.21257643 -0.41342103
v 0.17099151 0.21226865 -0.41396770
v 0.16916859 0.21406254 -0.40598148
v 0.16954288 0.21305615 -0.40867066
v 0.16833313 0.21353586 -0.40585023
v 0.16833313 0.21353586 -0.40585023
v 0.16954288 0.21305615 -0.40867066
v 0.16849190 0.21258770 -0.40797237
v 0.16833313 0.21353586 -0.40585023
v 0.16849190 0.21258770 -0.40797237
v 0.16762324 0.21281938 -0.40604919
v 0.16762324 0.21281938 -0.40604919
v 0.16849190 0.21258770 -0.40797237
v 0.16817525 0.21193664 -0.40865991
v 0.16954288 0.21305615 -0.40867066
v 0.16898578 0.21206291 -0.40991414
v 0.16849190 0.21258770 -0.40797237
v 0.16849190 0.21258770 -0.40797237
v 0.16898578 0.21206291 -0.40991414
v 0.16817525 0.21193664 -0.40865991
v 0.16954288 0.21305615 -0.40867066
v 0.16977046 0.21235134 -0.41068819
v 0.16898578 0.21206291 -0.40991414
v 0.16817525 0.21193664 -0.40865991
v 0.16898578 0.21206291 -0.40991414
v 0.16854466 0.21128789 -0.41069117
v 0.16916859 0.21406254 -0.40598148
v 0.16833313 0.21353586 -0.40585023
v 0.16740979 0.21470891 -0.40219954
v 0.16916859 0.21406254 -0.40598148
v 0.16740979 0.21470891 -0.40219954
v 0.16860250 0.21560730 -0.40204254
v 0.16860250 0.21560730 -0.40204254
v 0.16740979 0.21470891 -0.40219954
v 0.16702463 0.21527180 -0.40049011
v 0.16860250 0.21560730 -0.40204254
v 0.16702463 0.21527180 -0.40049011
v 0.16823807 0.21609819 -0.40050936
v 0.16833313 0.21353586 -0.40585023
v 0.16762324 0.21281938 -0.40604919
v 0.16624951 0.21439755 -0.40091577
v 0.16833313 0.21353586 -0.40585023
v 0.16624951 0.21439755 -0.40091577
v 0.16740979 0.21470891 -0.40219954
v 0.16740979 0.21470891 -0.40219954
v 0.16624951 0.21439755 -0.40091577
v 0.16702463 0.21527180 -0.40049011
v 0.17005470 0.21448541 -0.40615281
v 0.16957559 0.21609949 -0.40207109
v 0.17019333 0.21607675 -0.40273479
v 0.17005470 0.21448541 -0.40615281
v 0.17019333 0.21607675 -0.40273479
v 0.17098710 0.21415928 -0.40786934
v 0.16916859 0.21406254 -0.40598148
v 0.16860250 0.21560730 -0.40204254
v 0.17005470 0.21448541 -0.40615281
v 0.17005470 0.21448541 -0.40615281
v 0.16860250 0.21560730 -0.40204254
v 0.16957559 0.21609949 -0.40207109
v 0.16860250 0.21560730 -0.40204254
v 0.16823807 0.21609819 -0.40050936
v 0.16954368 0.21674126 -0.40058607
v 0.16860250 0.21560730 -0.40204254
v 0.16954368 0.21674126 -0.40058607
v 0.16957559 0.21609949 -0.40207109
v 0.16957559 0.21609949 -0.40207109
v 0.16954368 0.21674126 -0.40058607
v 0.17019333 0.21607675 -0.40273479
v 0.16954288 0.21305615 -0.40867066
v 0.17036778 0.21273559 -0.41068819
v 0.16977046 0.21235134 -0.41068819
v 0.16916859 0.21406254 -0.40598148
v 0.17005470 0.21448541 -0.40615281
v 0.17064930 0.21336631 -0.40942675
v 0.16916859 0.21406254 -0.40598148
v 0.17064930 0.21336631 -0.40942675
v 0.16954288 0.21305615 -0.40867066
v 0.16954288 0.21305615 -0.40867066
v 0.17064930 0.21336631 -0.40942675
v 0.17036778 0.21273559 -0.41068819
v 0.17005470 0.21448541 -0.40615281
v 0.17098710 0.21415928 -0.40786934
v 0.17064930 0.21336631 -0.40942675
v 0.17064930 0.21336631 -0.40942675
v 0.17098710 0.21415928 -0.40786934
v 0.17162938 0.21335214 -0.41064909
v 0.17334040 0.21318819 -0.41288260
v 0.17253007 0.21286616 -0.41407800
v 0.17239854 0.21303800 -0.41262260
v 0.17239854 0.21303800 -0.41262260
v 0.17253007 0.21286616 -0.41407800
v 0.17149913 0.21257643 -0.41342103
v 0.17149913 0.21257643 -0.41342103
v 0.17253007 0.21286616 -0.41407800
v 0.17099151 0.21226865 -0.41396770
v 0.17239854 0.21303800 -0.41262260
v 0.17162938 0.21335214 -0.41064909
v 0.17308877 0.21373692 -0.41069385
v 0.17149913 0.21257643 -0.41342103
v 0.17101723 0.21258910 -0.41228181
v 0.17239854 0.21303800 -0.41262260
v 0.17239854 0.21303800 -0.41262260
v 0.17101723 0.21258910 -0.41228181
v 0.17162938 0.21335214 -0.41064909
v 0.17334040 0.21318819 -0.41288260
v 0.17490341 0.21345069 -0.41217810
v 0.17454328 0.21316874 -0.41370717
v 0.17239854 0.21303800 -0.41262260
v 0.17308877 0.21373692 -0.41069385
v 0.17334040 0.21318819 -0.41288260
v 0.17334040 0.21318819 -0.41288260
v 0.17308877 0.21373692 -0.41069385
v 0.17461298 0.21386537 -0.41067809
v 0.17334040 0.21318819 -0.41288260
v 0.17461298 0.21386537 -0.41067809
v 0.17490341 0.21345069 -0.41217810
v 0.17308877 0.21373692 -0.41069385
v 0.17390878 0.21418032 -0.40967649
v 0.17461298 0.21386537 -0.41067809
v 0.17253007 0.21286616 -0.41407800
v 0.17334040 0.21318819 -0.41288260
v 0.17419660 0.21311778 -0.41487065
v 0.17253007 0.21286616 -0.41407800
v 0.17419660 0.21311778 -0.41487065
v 0.17347354 0.21304627 -0.41510683
v 0.17334040 0.21318819 -0.41288260
v 0.17454328 0.21316874 -0.41370717
v 0.17419660 0.21311778 -0.41487065
v 0.17080352 0.21712235 -0.40083867
v 0.17194943 0.21543786 -0.40560350
v 0.17110670 0.21517955 -0.40560350
v 0.17194943 0.21543786 -0.40560350
v 0.17254543 0.21508619 -0.40678334
v 0.17172574 0.21410173 -0.40870887
v 0.17194943 0.21543786 -0.40560350
v 0.17172574 0.21410173 -0.40870887
v 0.17110670 0.21517955 -0.40560350
v 0.17110670 0.21517955 -0.40560350
v 0.17172574 0.21410173 -0.40870887
v 0.17098710 0.21415928 -0.40786934
v 0.17254543 0.21508619 -0.40678334
v 0.17281412 0.21427268 -0.40902802
v 0.17172574 0.21410173 -0.40870887
v 0.17281412 0.21427268 -0.40902802
v 0.17308877 0.21373692 -0.41069385
v 0.17162938 0.21335214 -0.41064909
v 0.17281412 0.21427268 -0.40902802
v 0.17162938 0.21335214 -0.41064909
v 0.17172574 0.21410173 -0.40870887
v 0.17172574 0.21410173 -0.40870887
v 0.17162938 0.21335214 -0.41064909
v 0.17098710 0.21415928 -0.40786934
v 0.17254543 0.21508619 -0.40678334
v 0.17194943 0.21543786 -0.40560350
v 0.17193577 0.21743032 -0.40083370
v 0.17194943 0.21543786 -0.40560350
v 0.17080352 0.21712235 -0.40083867
v 0.17193577 0.21743032 -0.40083370
v 0.17193577 0.21743032 -0.40083370
v 0.17080352 0.21712235 -0.40083867
v 0.17130835 0.21741277 -0.40048593
v 0.17110670 0.21517955 -0.40560350
v 0.17098710 0.21415928 -0.40786934
v 0.17019333 0.21607675 -0.40273479
v 0.17110670 0.21517955 -0.40560350
v 0.17019333 0.21607675 -0.40273479
v 0.17080352 0.21712235 -0.40083867
v 0.17080352 0.21712235 -0.40083867
v 0.17019333 0.21607675 -0.40273479
v 0.16954368 0.21674126 -0.40058607
v 0.17254543 0.21508619 -0.40678334
v 0.17193577 0.21743032 -0.40083370
v 0.17302077 0.21766458 -0.40071729
v 0.17254543 0.21508619 -0.40678334
v 0.17302077 0.21766458 -0.40071729
v 0.17324106 0.21613589 -0.40450594
v 0.17324106 0.21613589 -0.40450594
v 0.17302077 0.21766458 -0.40071729
v 0.17391357 0.21774179 -0.40071440
v 0.17324106 0.21613589 -0.40450594
v 0.17391357 0.21774179 -0.40071440
v 0.17428258 0.21621329 -0.40450594
v 0.17428258 0.21621329 -0.40450594
v 0.17391357 0.21774179 -0.40071440
v 0.17481823 0.21775495 -0.40072387
v 0.17254543 0.21508619 -0.40678334
v 0.17324106 0.21613589 -0.40450594
v 0.17356101 0.21497460 -0.40749076
v 0.17254543 0.21508619 -0.40678334
v 0.17356101 0.21497460 -0.40749076
v 0.17281412 0.21427268 -0.40902802
v 0.17356101 0.21497460 -0.40749076
v 0.17390878 0.21418032 -0.40967649
v 0.17281412 0.21427268 -0.40902802
v 0.17281412 0.21427268 -0.40902802
v 0.17390878 0.21418032 -0.40967649
v 0.17308877 0.21373692 -0.41069385
v 0.17324106 0.21613589 -0.40450594
v 0.17428258 0.21621329 -0.40450594
v 0.17430432 0.21532676 -0.40670106
v 0.17324106 0.21613589 -0.40450594
v 0.17430432 0.21532676 -0.40670106
v 0.17356101 0.21497460 -0.40749076
v 0.17430432 0.21532676 -0.40670106
v 0.17496625 0.21446277 -0.40894565
v 0.17356101 0.21497460 -0.40749076
v 0.17356101 0.21497460 -0.40749076
v 0.17496625 0.21446277 -0.40894565
v 0.17390878 0.21418032 -0.40967649
v 0.17390878 0.21418032 -0.40967649
v 0.17496625 0.21446277 -0.40894565
v 0.17461298 0.21386537 -0.41067809
v 0.17643061 0.21298583 -0.41328001
v 0.17620024 0.21295182 -0.41426069
v 0.17534792 0.21315946 -0.41336221
v 0.17620024 0.21295182 -0.41426069
v 0.17511137 0.21309045 -0.41522321
v 0.17534792 0.21315946 -0.41336221
v 0.17534792 0.21315946 -0.41336221
v 0.17511137 0.21309045 -0.41522321
v 0.17419660 0.21311778 -0.41487065
v 0.17534792 0.21315946 -0.41336221
v 0.17419660 0.21311778 -0.41487065
v 0.17454328 0.21316874 -0.41370717
v 0.17643061 0.21298583 -0.41328001
v 0.17534792 0.21315946 -0.41336221
v 0.17490341 0.21345069 -0.41217810
v 0.17643061 0.21298583 -0.41328001
v 0.17490341 0.21345069 -0.41217810
v 0.17591530 0.21350664 -0.41150460
v 0.17591530 0.21350664 -0.41150460
v 0.17557661 0.21394895 -0.41021812
v 0.17670238 0.21390447 -0.40974250
v 0.17490341 0.21345069 -0.41217810
v 0.17461298 0.21386537 -0.41067809
v 0.17591530 0.21350664 -0.41150460
v 0.17591530 0.21350664 -0.41150460
v 0.17461298 0.21386537 -0.41067809
v 0.17557661 0.21394895 -0.41021812
v 0.17534792 0.21315946 -0.41336221
v 0.17454328 0.21316874 -0.41370717
v 0.17490341 0.21345069 -0.41217810
v 0.17643061 0.21298583 -0.41328001
v 0.17678398 0.21312337 -0.41213998
v 0.17767988 0.21269959 -0.41254649
v 0.17643061 0.21298583 -0.41328001
v 0.17591530 0.21350664 -0.41150460
v 0.17678398 0.21312337 -0.41213998
v 0.17678398 0.21312337 -0.41213998
v 0.17591530 0.21350664 -0.41150460
v 0.17748888 0.21320584 -0.41107515
v 0.17678398 0.21312337 -0.41213998
v 0.17748888 0.21320584 -0.41107515
v 0.17767988 0.21269959 -0.41254649
v 0.17591530 0.21350664 -0.41150460
v 0.17670238 0.21390447 -0.40974250
v 0.17738776 0.21352528 -0.41023201
v 0.17591530 0.21350664 -0.41150460
v 0.17738776 0.21352528 -0.41023201
v 0.17748888 0.21320584 -0.41107515
v 0.17643061 0.21298583 -0.41328001
v 0.17767988 0.21269959 -0.41254649
v 0.17735544 0.21259059 -0.41409025
v 0.17643061 0.21298583 -0.41328001
v 0.17735544 0.21259059 -0.41409025
v 0.17620024 0.21295182 -0.41426069
v 0.17618379 0.21663186 -0.40319714
v 0.17664535 0.21550000 -0.40574074
v 0.17547607 0.21504202 -0.40732527
v 0.17618379 0.21663186 -0.40319714
v 0.17547607 0.21504202 -0.40732527
v 0.17558688 0.21616800 -0.40450594
v 0.17558688 0.21616800 -0.40450594
v 0.17547607 0.21504202 -0.40732527
v 0.17501043 0.21507673 -0.40732527
v 0.17558688 0.21616800 -0.40450594
v 0.17501043 0.21507673 -0.40732527
v 0.17506588 0.21620670 -0.40450594
v 0.17506588 0.21620670 -0.40450594
v 0.17501043 0.21507673 -0.40732527
v 0.17430432 0.21532676 -0.40670106
v 0.17506588 0.21620670 -0.40450594
v 0.17430432 0.21532676 -0.40670106
v 0.17428258 0.21621329 -0.40450594
v 0.17664535 0.21550000 -0.40574074
v 0.17608964 0.21448441 -0.40854213
v 0.17547607 0.21504202 -0.40732527
v 0.17501043 0.21507673 -0.40732527
v 0.17496625 0.21446277 -0.40894565
v 0.17430432 0.21532676 -0.40670106
v 0.17608964 0.21448441 -0.40854213
v 0.17496625 0.21446277 -0.40894565
v 0.17547607 0.21504202 -0.40732527
v 0.17547607 0.21504202 -0.40732527
v 0.17496625 0.21446277 -0.40894565
v 0.17501043 0.21507673 -0.40732527
v 0.17608964 0.21448441 -0.40854213
v 0.17670238 0.21390447 -0.40974250
v 0.17557661 0.21394895 -0.41021812
v 0.17608964 0.21448441 -0.40854213
v 0.17557661 0.21394895 -0.41021812
v 0.17496625 0.21446277 -0.40894565
v 0.17496625 0.21446277 -0.40894565
v 0.17557661 0.21394895 -0.41021812
v 0.17461298 0.21386537 -0.41067809
v 0.17664535 0.21550000 -0.40574074
v 0.17618379 0.21663186 -0.40319714
v 0.17725989 0.21742333 -0.40079030
v 0.17725989 0.21742333 -0.40079030
v 0.17618379 0.21663186 -0.40319714
v 0.17664105 0.21766150 -0.40049529
v 0.17618379 0.21663186 -0.40319714
v 0.17558688 0.21616800 -0.40450594
v 0.17551777 0.21769162 -0.40079439
v 0.17618379 0.21663186 -0.40319714
v 0.17551777 0.21769162 -0.40079439
v 0.17664105 0.21766150 -0.40049529
v 0.17558688 0.21616800 -0.40450594
v 0.17506588 0.21620670 -0.40450594
v 0.17551777 0.21769162 -0.40079439
v 0.17506588 0.21620670 -0.40450594
v 0.17428258 0.21621329 -0.40450594
v 0.17481823 0.21775495 -0.40072387
v 0.17506588 0.21620670 -0.40450594
v 0.17481823 0.21775495 -0.40072387
v 0.17551777 0.21769162 -0.40079439
v 0.17664535 0.21550000 -0.40574074
v 0.17725989 0.21742333 -0.40079030
v 0.17828256 0.21714249 -0.40079179
v 0.17664535 0.21550000 -0.40574074
v 0.17828256 0.21714249 -0.40079179
v 0.17714351 0.21490598 -0.40687191
v 0.17714351 0.21490598 -0.40687191
v 0.17828256 0.21714249 -0.40079179
v 0.17811760 0.21493061 -0.40605760
v 0.17811760 0.21493061 -0.40605760
v 0.17828256 0.21714249 -0.40079179
v 0.17905250 0.21576159 -0.40330008
v 0.17828256 0.21714249 -0.40079179
v 0.17890270 0.21700495 -0.40059033
v 0.17905250 0.21576159 -0.40330008
v 0.17664535 0.21550000 -0.40574074
v 0.17714351 0.21490598 -0.40687191
v 0.17608964 0.21448441 -0.40854213
v 0.17608964 0.21448441 -0.40854213
v 0.17714351 0.21490598 -0.40687191
v 0.17670238 0.21390447 -0.40974250
v 0.17714351 0.21490598 -0.40687191
v 0.17811760 0.21493061 -0.40605760
v 0.17779037 0.21398684 -0.40861812
v 0.17714351 0.21490598 -0.40687191
v 0.17779037 0.21398684 -0.40861812
v 0.17670238 0.21390447 -0.40974250
v 0.17670238 0.21390447 -0.40974250
v 0.17779037 0.21398684 -0.40861812
v 0.17738776 0.21352528 -0.41023201
v 0.17829134 0.21218617 -0.41365632
v 0.17735544 0.21259059 -0.41409025
v 0.17767988 0.21269959 -0.41254649
v 0.17829134 0.21218617 -0.41365632
v 0.17826161 0.21214867 -0.41508511
v 0.17735544 0.21259059 -0.41409025
v 0.17854097 0.21225420 -0.41253451
v 0.17767988 0.21269959 -0.41254649
v 0.17866552 0.21264495 -0.41104692
v 0.17829134 0.21218617 -0.41365632
v 0.17767988 0.21269959 -0.41254649
v 0.17854097 0.21225420 -0.41253451
v 0.17767988 0.21269959 -0.41254649
v 0.17748888 0.21320584 -0.41107515
v 0.17866552 0.21264495 -0.41104692
v 0.17748888 0.21320584 -0.41107515
v 0.17738776 0.21352528 -0.41023201
v 0.17866552 0.21264495 -0.41104692
v 0.17854097 0.21225420 -0.41253451
v 0.17866552 0.21264495 -0.41104692
v 0.17980747 0.21197793 -0.41068828
v 0.17854097 0.21225420 -0.41253451
v 0.17980747 0.21197793 -0.41068828
v 0.17938350 0.21164343 -0.41261810
v 0.17938350 0.21164343 -0.41261810
v 0.17980747 0.21197793 -0.41068828
v 0.18045792 0.21138622 -0.41067660
v 0.17938350 0.21164343 -0.41261810
v 0.18045792 0.21138622 -0.41067660
v 0.17994261 0.21107195 -0.41288769
v 0.17866552 0.21264495 -0.41104692
v 0.17906247 0.21270788 -0.41023669
v 0.17980747 0.21197793 -0.41068828
v 0.17854097 0.21225420 -0.41253451
v 0.17938350 0.21164343 -0.41261810
v 0.17962575 0.21118686 -0.41417304
v 0.17854097 0.21225420 -0.41253451
v 0.17962575 0.21118686 -0.41417304
v 0.17829134 0.21218617 -0.41365632
v 0.17829134 0.21218617 -0.41365632
v 0.17962575 0.21118686 -0.41417304
v 0.17826161 0.21214867 -0.41508511
v 0.17938350 0.21164343 -0.41261810
v 0.17994261 0.21107195 -0.41288769
v 0.17962575 0.21118686 -0.41417304
v 0.17955215 0.21405925 -0.40645194
v 0.17876397 0.21405865 -0.40741855
v 0.17981325 0.21543306 -0.40319714
v 0.17981325 0.21543306 -0.40319714
v 0.17876397 0.21405865 -0.40741855
v 0.17905250 0.21576159 -0.40330008
v 0.17905250 0.21576159 -0.40330008
v 0.17876397 0.21405865 -0.40741855
v 0.17811760 0.21493061 -0.40605760
v 0.18029386 0.21396202 -0.40568000
v 0.17939438 0.21323356 -0.40848947
v 0.17955215 0.21405925 -0.40645194
v 0.17876397 0.21405865 -0.40741855
v 0.17779037 0.21398684 -0.40861812
v 0.17811760 0.21493061 -0.40605760
v 0.17939438 0.21323356 -0.40848947
v 0.17851225 0.21345477 -0.40914232
v 0.17955215 0.21405925 -0.40645194
v 0.17955215 0.21405925 -0.40645194
v 0.17851225 0.21345477 -0.40914232
v 0.17876397 0.21405865 -0.40741855
v 0.17876397 0.21405865 -0.40741855
v 0.17851225 0.21345477 -0.40914232
v 0.17779037 0.21398684 -0.40861812
v 0.17939438 0.21323356 -0.40848947
v 0.17906247 0.21270788 -0.41023669
v 0.17851225 0.21345477 -0.40914232
v 0.17851225 0.21345477 -0.40914232
v 0.17906247 0.21270788 -0.41023669
v 0.17866552 0.21264495 -0.41104692
v 0.17851225 0.21345477 -0.40914232
v 0.17866552 0.21264495 -0.41104692
v 0.17738776 0.21352528 -0.41023201
v 0.17851225 0.21345477 -0.40914232
v 0.17738776 0.21352528 -0.41023201
v 0.17779037 0.21398684 -0.40861812
v 0.18029386 0.21396202 -0.40568000
v 0.17955215 0.21405925 -0.40645194
v 0.18146601 0.21556681 -0.40079379
v 0.18146601 0.21556681 -0.40079379
v 0.17955215 0.21405925 -0.40645194
v 0.18066327 0.21578433 -0.40140975
v 0.17955215 0.21405925 -0.40645194
v 0.17981325 0.21543306 -0.40319714
v 0.18066327 0.21578433 -0.40140975
v 0.18066327 0.21578433 -0.40140975
v 0.17981325 0.21543306 -0.40319714
v 0.17998001 0.21637474 -0.40093124
v 0.17981325 0.21543306 -0.40319714
v 0.17905250 0.21576159 -0.40330008
v 0.17998001 0.21637474 -0.40093124
v 0.17905250 0.21576159 -0.40330008
v 0.17890270 0.21700495 -0.40059033
v 0.17998001 0.21637474 -0.40093124
v 0.18029386 0.21396202 -0.40568000
v 0.18146601 0.21556681 -0.40079379
v 0.18114868 0.21448281 -0.40341467
v 0.18114868 0.21448281 -0.40341467
v 0.18242954 0.21492283 -0.40060130
v 0.18093176 0.21335484 -0.40593231
v 0.18093176 0.21335484 -0.40593231
v 0.18242954 0.21492283 -0.40060130
v 0.18274969 0.21419320 -0.40140975
v 0.18093176 0.21335484 -0.40593231
v 0.18274969 0.21419320 -0.40140975
v 0.18145685 0.21283203 -0.40603852
v 0.18114868 0.21448281 -0.40341467
v 0.18146601 0.21556681 -0.40079379
v 0.18242954 0.21492283 -0.40060130
v 0.18029386 0.21396202 -0.40568000
v 0.18006767 0.21265112 -0.40871736
v 0.17939438 0.21323356 -0.40848947
v 0.17939438 0.21323356 -0.40848947
v 0.18006767 0.21265112 -0.40871736
v 0.17906247 0.21270788 -0.41023669
v 0.18114868 0.21448281 -0.40341467
v 0.18093176 0.21335484 -0.40593231
v 0.18029386 0.21396202 -0.40568000
v 0.18029386 0.21396202 -0.40568000
v 0.18093176 0.21335484 -0.40593231
v 0.18006767 0.21265112 -0.40871736
v 0.18006767 0.21265112 -0.40871736
v 0.17980747 0.21197793 -0.41068828
v 0.17906247 0.21270788 -0.41023669
v 0.18093176 0.21335484 -0.40593231
v 0.18145685 0.21283203 -0.40603852
v 0.18080100 0.21199359 -0.40873471
v 0.18093176 0.21335484 -0.40593231
v 0.18080100 0.21199359 -0.40873471
v 0.18006767 0.21265112 -0.40871736
v 0.18006767 0.21265112 -0.40871736
v 0.18080100 0.21199359 -0.40873471
v 0.17980747 0.21197793 -0.41068828
v 0.18080100 0.21199359 -0.40873471
v 0.18045792 0.21138622 -0.41067660
v 0.17980747 0.21197793 -0.41068828
v 0.18092956 0.20979738 -0.41317800
v 0.18068711 0.20997690 -0.41430518
v 0.18051526 0.21037802 -0.41315755
v 0.18051526 0.21037802 -0.41315755
v 0.18068711 0.20997690 -0.41430518
v 0.17962575 0.21118686 -0.41417304
v 0.18051526 0.21037802 -0.41315755
v 0.17962575 0.21118686 -0.41417304
v 0.17994261 0.21107195 -0.41288769
v 0.18092956 0.20979738 -0.41317800
v 0.18051526 0.21037802 -0.41315755
v 0.18095508 0.21039866 -0.41157719
v 0.18092956 0.20979738 -0.41317800
v 0.18095508 0.21039866 -0.41157719
v 0.18147999 0.20961277 -0.41159785
v 0.18095508 0.21039866 -0.41157719
v 0.18122287 0.21073715 -0.41022053
v 0.18194573 0.20991416 -0.40981302
v 0.18051526 0.21037802 -0.41315755
v 0.17994261 0.21107195 -0.41288769
v 0.18095508 0.21039866 -0.41157719
v 0.18095508 0.21039866 -0.41157719
v 0.17994261 0.21107195 -0.41288769
v 0.18045792 0.21138622 -0.41067660
v 0.18095508 0.21039866 -0.41157719
v 0.18045792 0.21138622 -0.41067660
v 0.18122287 0.21073715 -0.41022053
v 0.18092956 0.20979738 -0.41317800
v 0.18147999 0.20961277 -0.41159785
v 0.18153831 0.20897399 -0.41257811
v 0.18147999 0.20961277 -0.41159785
v 0.18211278 0.20863779 -0.41107303
v 0.18153831 0.20897399 -0.41257811
v 0.18095508 0.21039866 -0.41157719
v 0.18194573 0.20991416 -0.40981302
v 0.18147999 0.20961277 -0.41159785
v 0.18147999 0.20961277 -0.41159785
v 0.18194573 0.20991416 -0.40981302
v 0.18211278 0.20863779 -0.41107303
v 0.18092956 0.20979738 -0.41317800
v 0.18153831 0.20897399 -0.41257811
v 0.18131772 0.20894416 -0.41407341
v 0.18092956 0.20979738 -0.41317800
v 0.18131772 0.20894416 -0.41407341
v 0.18068711 0.20997690 -0.41430518
v 0.18153831 0.20897399 -0.41257811
v 0.18175265 0.20830867 -0.41294512
v 0.18131772 0.20894416 -0.41407341
v 0.18310113 0.21293946 -0.40293097
v 0.18268475 0.21157321 -0.40581363
v 0.18197685 0.21228939 -0.40604702
v 0.18305306 0.21087418 -0.40603286
v 0.18188639 0.21074444 -0.40870976
v 0.18268475 0.21157321 -0.40581363
v 0.18268475 0.21157321 -0.40581363
v 0.18188639 0.21074444 -0.40870976
v 0.18146113 0.21139848 -0.40855291
v 0.18268475 0.21157321 -0.40581363
v 0.18146113 0.21139848 -0.40855291
v 0.18197685 0.21228939 -0.40604702
v 0.18197685 0.21228939 -0.40604702
v 0.18146113 0.21139848 -0.40855291
v 0.18080100 0.21199359 -0.40873471
v 0.18197685 0.21228939 -0.40604702
v 0.18080100 0.21199359 -0.40873471
v 0.18145685 0.21283203 -0.40603852
v 0.18188639 0.21074444 -0.40870976
v 0.18194573 0.20991416 -0.40981302
v 0.18122287 0.21073715 -0.41022053
v 0.18188639 0.21074444 -0.40870976
v 0.18122287 0.21073715 -0.41022053
v 0.18146113 0.21139848 -0.40855291
v 0.18146113 0.21139848 -0.40855291
v 0.18122287 0.21073715 -0.41022053
v 0.18045792 0.21138622 -0.41067660
v 0.18146113 0.21139848 -0.40855291
v 0.18045792 0.21138622 -0.41067660
v 0.18080100 0.21199359 -0.40873471
v 0.18268475 0.21157321 -0.40581363
v 0.18310113 0.21293946 -0.40293097
v 0.18435100 0.21241367 -0.40129197
v 0.18435100 0.21241367 -0.40129197
v 0.18310113 0.21293946 -0.40293097
v 0.18418692 0.21342096 -0.40006027
v 0.18310113 0.21293946 -0.40293097
v 0.18378910 0.21388692 -0.40005985
v 0.18418692 0.21342096 -0.40006027
v 0.18197685 0.21228939 -0.40604702
v 0.18145685 0.21283203 -0.40603852
v 0.18310113 0.21293946 -0.40293097
v 0.18310113 0.21293946 -0.40293097
v 0.18145685 0.21283203 -0.40603852
v 0.18274969 0.21419320 -0.40140975
v 0.18310113 0.21293946 -0.40293097
v 0.18274969 0.21419320 -0.40140975
v 0.18378910 0.21388692 -0.40005985
v 0.18268475 0.21157321 -0.40581363
v 0.18435100 0.21241367 -0.40129197
v 0.18519941 0.21175691 -0.40038359
v 0.18268475 0.21157321 -0.40581363
v 0.18519941 0.21175691 -0.40038359
v 0.18305306 0.21087418 -0.40603286
v 0.18305306 0.21087418 -0.40603286
v 0.18519941 0.21175691 -0.40038359
v 0.18438390 0.21050219 -0.40361464
v 0.18438390 0.21050219 -0.40361464
v 0.18586205 0.20996723 -0.40084156
v 0.18366832 0.20959990 -0.40616500
v 0.18519941 0.21175691 -0.40038359
v 0.18536906 0.21074633 -0.40121186
v 0.18438390 0.21050219 -0.40361464
v 0.18438390 0.21050219 -0.40361464
v 0.18536906 0.21074633 -0.40121186
v 0.18586205 0.20996723 -0.40084156
v 0.18305306 0.21087418 -0.40603286
v 0.18275616 0.21019232 -0.40755707
v 0.18188639 0.21074444 -0.40870976
v 0.18188639 0.21074444 -0.40870976
v 0.18275616 0.21019232 -0.40755707
v 0.18194573 0.20991416 -0.40981302
v 0.18305306 0.21087418 -0.40603286
v 0.18438390 0.21050219 -0.40361464
v 0.18275616 0.21019232 -0.40755707
v 0.18438390 0.21050219 -0.40361464
v 0.18366832 0.20959990 -0.40616500
v 0.18275616 0.21019232 -0.40755707
v 0.18275616 0.21019232 -0.40755707
v 0.18366832 0.20959990 -0.40616500
v 0.18294665 0.20905088 -0.40840378
v 0.18275616 0.21019232 -0.40755707
v 0.18294665 0.20905088 -0.40840378
v 0.18194573 0.20991416 -0.40981302
v 0.18194573 0.20991416 -0.40981302
v 0.18294665 0.20905088 -0.40840378
v 0.18211278 0.20863779 -0.41107303
v 0.18175265 0.20830867 -0.41294512
v 0.18197256 0.20746712 -0.41316554
v 0.18131772 0.20894416 -0.41407341
v 0.18199332 0.20689097 -0.41408247
v 0.18165432 0.20810182 -0.41463289
v 0.18197256 0.20746712 -0.41316554
v 0.18197256 0.20746712 -0.41316554
v 0.18165432 0.20810182 -0.41463289
v 0.18131772 0.20894416 -0.41407341
v 0.18197256 0.20746712 -0.41316554
v 0.18175265 0.20830867 -0.41294512
v 0.18211278 0.20863779 -0.41107303
v 0.18197256 0.20746712 -0.41316554
v 0.18211278 0.20863779 -0.41107303
v 0.18246864 0.20737168 -0.41122192
v 0.18246864 0.20737168 -0.41122192
v 0.18211278 0.20863779 -0.41107303
v 0.18287705 0.20808227 -0.40946436
v 0.18175265 0.20830867 -0.41294512
v 0.18153831 0.20897399 -0.41257811
v 0.18211278 0.20863779 -0.41107303
v 0.18197256 0.20746712 -0.41316554
v 0.18246864 0.20737168 -0.41122192
v 0.18227136 0.20637485 -0.41262627
v 0.18227136 0.20637485 -0.41262627
v 0.18246864 0.20737168 -0.41122192
v 0.18280892 0.20616840 -0.41068518
v 0.18227136 0.20637485 -0.41262627
v 0.18280892 0.20616840 -0.41068518
v 0.18231225 0.20557669 -0.41258976
v 0.18231225 0.20557669 -0.41258976
v 0.18280892 0.20616840 -0.41068518
v 0.18282598 0.20522074 -0.41066495
v 0.18197256 0.20746712 -0.41316554
v 0.18227136 0.20637485 -0.41262627
v 0.18199332 0.20689097 -0.41408247
v 0.18227136 0.20637485 -0.41262627
v 0.18231225 0.20557669 -0.41258976
v 0.18209961 0.20588008 -0.41404247
v 0.18227136 0.20637485 -0.41262627
v 0.18209961 0.20588008 -0.41404247
v 0.18199332 0.20689097 -0.41408247
v 0.18462566 0.20783652 -0.40527838
v 0.18348390 0.20712553 -0.40845487
v 0.18366024 0.20806591 -0.40748227
v 0.18462566 0.20783652 -0.40527838
v 0.18366024 0.20806591 -0.40748227
v 0.18409857 0.20876394 -0.40591526
v 0.18366024 0.20806591 -0.40748227
v 0.18287705 0.20808227 -0.40946436
v 0.18294665 0.20905088 -0.40840378
v 0.18366024 0.20806591 -0.40748227
v 0.18294665 0.20905088 -0.40840378
v 0.18409857 0.20876394 -0.40591526
v 0.18409857 0.20876394 -0.40591526
v 0.18294665 0.20905088 -0.40840378
v 0.18366832 0.20959990 -0.40616500
v 0.18348390 0.20712553 -0.40845487
v 0.18287705 0.20808227 -0.40946436
v 0.18366024 0.20806591 -0.40748227
v 0.18348390 0.20712553 -0.40845487
v 0.18246864 0.20737168 -0.41122192
v 0.18287705 0.20808227 -0.40946436
v 0.18287705 0.20808227 -0.40946436
v 0.18211278 0.20863779 -0.41107303
v 0.18294665 0.20905088 -0.40840378
v 0.18462566 0.20783652 -0.40527838
v 0.18624820 0.20881701 -0.40082023
v 0.18639700 0.20762889 -0.40109697
v 0.18462566 0.20783652 -0.40527838
v 0.18409857 0.20876394 -0.40591526
v 0.18624820 0.20881701 -0.40082023
v 0.18409857 0.20876394 -0.40591526
v 0.18586205 0.20996723 -0.40084156
v 0.18624820 0.20881701 -0.40082023
v 0.18409857 0.20876394 -0.40591526
v 0.18366832 0.20959990 -0.40616500
v 0.18586205 0.20996723 -0.40084156
v 0.18462566 0.20783652 -0.40527838
v 0.18639700 0.20762889 -0.40109697
v 0.18463752 0.20694801 -0.40564150
v 0.18463752 0.20694801 -0.40564150
v 0.18639700 0.20762889 -0.40109697
v 0.18622117 0.20643549 -0.40188837
v 0.18463752 0.20694801 -0.40564150
v 0.18622117 0.20643549 -0.40188837
v 0.18480587 0.20626086 -0.40538469
v 0.18480587 0.20626086 -0.40538469
v 0.18622117 0.20643549 -0.40188837
v 0.18585774 0.20502436 -0.40286514
v 0.18480587 0.20626086 -0.40538469
v 0.18585774 0.20502436 -0.40286514
v 0.18462974 0.20532686 -0.40588245
v 0.18639700 0.20762889 -0.40109697
v 0.18704805 0.20658688 -0.39977252
v 0.18622117 0.20643549 -0.40188837
v 0.18622117 0.20643549 -0.40188837
v 0.18704805 0.20658688 -0.39977252
v 0.18712895 0.20506187 -0.39964607
v 0.18622117 0.20643549 -0.40188837
v 0.18712895 0.20506187 -0.39964607
v 0.18585774 0.20502436 -0.40286514
v 0.18462566 0.20783652 -0.40527838
v 0.18463752 0.20694801 -0.40564150
v 0.18348390 0.20712553 -0.40845487
v 0.18463752 0.20694801 -0.40564150
v 0.18350206 0.20623264 -0.40870517
v 0.18348390 0.20712553 -0.40845487
v 0.18348390 0.20712553 -0.40845487
v 0.18350206 0.20623264 -0.40870517
v 0.18280892 0.20616840 -0.41068518
v 0.18348390 0.20712553 -0.40845487
v 0.18280892 0.20616840 -0.41068518
v 0.18246864 0.20737168 -0.41122192
v 0.18463752 0.20694801 -0.40564150
v 0.18480587 0.20626086 -0.40538469
v 0.18350206 0.20623264 -0.40870517
v 0.18480587 0.20626086 -0.40538469
v 0.18462974 0.20532686 -0.40588245
v 0.18343155 0.20514584 -0.40894693
v 0.18480587 0.20626086 -0.40538469
v 0.18343155 0.20514584 -0.40894693
v 0.18350206 0.20623264 -0.40870517
v 0.18350206 0.20623264 -0.40870517
v 0.18343155 0.20514584 -0.40894693
v 0.18282598 0.20522074 -0.41066495
v 0.18350206 0.20623264 -0.40870517
v 0.18282598 0.20522074 -0.41066495
v 0.18280892 0.20616840 -0.41068518
v 0.18206951 0.20384742 -0.41279152
v 0.18177630 0.20334437 -0.41417533
v 0.18216275 0.20484774 -0.41327813
v 0.18216275 0.20484774 -0.41327813
v 0.18209961 0.20588008 -0.41404247
v 0.18231225 0.20557669 -0.41258976
v 0.18177630 0.20334437 -0.41417533
v 0.18207827 0.20512550 -0.41434228
v 0.18216275 0.20484774 -0.41327813
v 0.18216275 0.20484774 -0.41327813
v 0.18207827 0.20512550 -0.41434228
v 0.18209961 0.20588008 -0.41404247
v 0.18177630 0.20334437 -0.41417533
v 0.18195142 0.20413804 -0.41509447
v 0.18207827 0.20512550 -0.41434228
v 0.18206951 0.20384742 -0.41279152
v 0.18216275 0.20484774 -0.41327813
v 0.18248101 0.20442279 -0.41158697
v 0.18248101 0.20442279 -0.41158697
v 0.18282598 0.20522074 -0.41066495
v 0.18302675 0.20458186 -0.40991923
v 0.18248101 0.20442279 -0.41158697
v 0.18302675 0.20458186 -0.40991923
v 0.18297487 0.20360528 -0.40961206
v 0.18216275 0.20484774 -0.41327813
v 0.18231225 0.20557669 -0.41258976
v 0.18248101 0.20442279 -0.41158697
v 0.18248101 0.20442279 -0.41158697
v 0.18231225 0.20557669 -0.41258976
v 0.18282598 0.20522074 -0.41066495
v 0.18206951 0.20384742 -0.41279152
v 0.18181747 0.20279045 -0.41252983
v 0.18159798 0.20260376 -0.41331822
v 0.18206951 0.20384742 -0.41279152
v 0.18248101 0.20442279 -0.41158697
v 0.18253954 0.20338027 -0.41068926
v 0.18206951 0.20384742 -0.41279152
v 0.18253954 0.20338027 -0.41068926
v 0.18209164 0.20244807 -0.41109180
v 0.18206951 0.20384742 -0.41279152
v 0.18209164 0.20244807 -0.41109180
v 0.18181747 0.20279045 -0.41252983
v 0.18248101 0.20442279 -0.41158697
v 0.18297487 0.20360528 -0.40961206
v 0.18253954 0.20338027 -0.41068926
v 0.18253954 0.20338027 -0.41068926
v 0.18247682 0.20217152 -0.40968326
v 0.18209164 0.20244807 -0.41109180
v 0.18206951 0.20384742 -0.41279152
v 0.18159798 0.20260376 -0.41331822
v 0.18177630 0.20334437 -0.41417533
v 0.18405618 0.20368157 -0.40683150
v 0.18371239 0.20421414 -0.40794942
v 0.18448223 0.20409815 -0.40597042
v 0.18448223 0.20409815 -0.40597042
v 0.18371239 0.20421414 -0.40794942
v 0.18424566 0.20471351 -0.40673289
v 0.18462974 0.20532686 -0.40588245
v 0.18424566 0.20471351 -0.40673289
v 0.18343155 0.20514584 -0.40894693
v 0.18405618 0.20368157 -0.40683150
v 0.18297487 0.20360528 -0.40961206
v 0.18302675 0.20458186 -0.40991923
v 0.18405618 0.20368157 -0.40683150
v 0.18302675 0.20458186 -0.40991923
v 0.18371239 0.20421414 -0.40794942
v 0.18371239 0.20421414 -0.40794942
v 0.18302675 0.20458186 -0.40991923
v 0.18343155 0.20514584 -0.40894693
v 0.18371239 0.20421414 -0.40794942
v 0.18343155 0.20514584 -0.40894693
v 0.18424566 0.20471351 -0.40673289
v 0.18343155 0.20514584 -0.40894693
v 0.18302675 0.20458186 -0.40991923
v 0.18282598 0.20522074 -0.41066495
v 0.18405618 0.20368157 -0.40683150
v 0.18448223 0.20409815 -0.40597042
v 0.18616053 0.20356208 -0.40170497
v 0.18616053 0.20356208 -0.40170497
v 0.18671764 0.20403372 -0.40049019
v 0.18644208 0.20259179 -0.40051445
v 0.18448223 0.20409815 -0.40597042
v 0.18424566 0.20471351 -0.40673289
v 0.18585774 0.20502436 -0.40286514
v 0.18448223 0.20409815 -0.40597042
v 0.18585774 0.20502436 -0.40286514
v 0.18616053 0.20356208 -0.40170497
v 0.18616053 0.20356208 -0.40170497
v 0.18585774 0.20502436 -0.40286514
v 0.18671764 0.20403372 -0.40049019
v 0.18424566 0.20471351 -0.40673289
v 0.18462974 0.20532686 -0.40588245
v 0.18585774 0.20502436 -0.40286514
v 0.18585774 0.20502436 -0.40286514
v 0.18712895 0.20506187 -0.39964607
v 0.18671764 0.20403372 -0.40049019
v 0.18399166 0.20265850 -0.40638202
v 0.18557888 0.20183502 -0.40204674
v 0.18383506 0.20172532 -0.40595794
v 0.18557888 0.20183502 -0.40204674
v 0.18585406 0.20113829 -0.40081674
v 0.18383506 0.20172532 -0.40595794
v 0.18405618 0.20368157 -0.40683150
v 0.18616053 0.20356208 -0.40170497
v 0.18538731 0.20285788 -0.40319714
v 0.18538731 0.20285788 -0.40319714
v 0.18557888 0.20183502 -0.40204674
v 0.18399166 0.20265850 -0.40638202
v 0.18616053 0.20356208 -0.40170497
v 0.18644208 0.20259179 -0.40051445
v 0.18538731 0.20285788 -0.40319714
v 0.18538731 0.20285788 -0.40319714
v 0.18644208 0.20259179 -0.40051445
v 0.18557888 0.20183502 -0.40204674
v 0.18557888 0.20183502 -0.40204674
v 0.18644208 0.20259179 -0.40051445
v 0.18585406 0.20113829 -0.40081674
v 0.18405618 0.20368157 -0.40683150
v 0.18538731 0.20285788 -0.40319714
v 0.18399166 0.20265850 -0.40638202
v 0.18405618 0.20368157 -0.40683150
v 0.18399166 0.20265850 -0.40638202
v 0.18297487 0.20360528 -0.40961206
v 0.18399166 0.20265850 -0.40638202
v 0.18316098 0.20249076 -0.40824583
v 0.18297487 0.20360528 -0.40961206
v 0.18297487 0.20360528 -0.40961206
v 0.18316098 0.20249076 -0.40824583
v 0.18247682 0.20217152 -0.40968326
v 0.18297487 0.20360528 -0.40961206
v 0.18247682 0.20217152 -0.40968326
v 0.18253954 0.20338027 -0.41068926
v 0.18399166 0.20265850 -0.40638202
v 0.18383506 0.20172532 -0.40595794
v 0.18316098 0.20249076 -0.40824583
v 0.18114498 0.20161341 -0.41295299
v 0.18088338 0.20145015 -0.41409394
v 0.18139341 0.20238395 -0.41438127
v 0.18114498 0.20161341 -0.41295299
v 0.18139341 0.20238395 -0.41438127
v 0.18159798 0.20260376 -0.41331822
v 0.18159798 0.20260376 -0.41331822
v 0.18139341 0.20238395 -0.41438127
v 0.18177630 0.20334437 -0.41417533
v 0.18114498 0.20161341 -0.41295299
v 0.18159798 0.20260376 -0.41331822
v 0.18181747 0.20279045 -0.41252983
v 0.18114498 0.20161341 -0.41295299
v 0.18181747 0.20279045 -0.41252983
v 0.18142065 0.20145315 -0.41163734
v 0.18142065 0.20145315 -0.41163734
v 0.18181747 0.20279045 -0.41252983
v 0.18209164 0.20244807 -0.41109180
v 0.18142065 0.20145315 -0.41163734
v 0.18209164 0.20244807 -0.41109180
v 0.18247682 0.20217152 -0.40968326
v 0.18142065 0.20145315 -0.41163734
v 0.18247682 0.20217152 -0.40968326
v 0.18194674 0.20123483 -0.40981153
v 0.18114498 0.20161341 -0.41295299
v 0.18062577 0.20062776 -0.41230473
v 0.18043499 0.20081376 -0.41382319
v 0.18043499 0.20081376 -0.41382319
v 0.18062577 0.20062776 -0.41230473
v 0.17994769 0.20008022 -0.41294482
v 0.18114498 0.20161341 -0.41295299
v 0.18142065 0.20145315 -0.41163734
v 0.18062577 0.20062776 -0.41230473
v 0.18062577 0.20062776 -0.41230473
v 0.18036976 0.20002647 -0.41152483
v 0.17994769 0.20008022 -0.41294482
v 0.18142065 0.20145315 -0.41163734
v 0.18085256 0.20015083 -0.41061747
v 0.18062577 0.20062776 -0.41230473
v 0.18062577 0.20062776 -0.41230473
v 0.18085256 0.20015083 -0.41061747
v 0.18036976 0.20002647 -0.41152483
v 0.18142065 0.20145315 -0.41163734
v 0.18194674 0.20123483 -0.40981153
v 0.18085256 0.20015083 -0.41061747
v 0.18114498 0.20161341 -0.41295299
v 0.18043499 0.20081376 -0.41382319
v 0.18088338 0.20145015 -0.41409394
v 0.17994769 0.20008022 -0.41294482
v 0.17942330 0.19978970 -0.41395453
v 0.18043499 0.20081376 -0.41382319
v 0.18043499 0.20081376 -0.41382319
v 0.17942330 0.19978970 -0.41395453
v 0.17989752 0.20025156 -0.41431943
v 0.18398318 0.19991088 -0.40361533
v 0.18299383 0.20011921 -0.40594938
v 0.18303242 0.20135380 -0.40740874
v 0.18398318 0.19991088 -0.40361533
v 0.18303242 0.20135380 -0.40740874
v 0.18445252 0.20059843 -0.40342793
v 0.18445252 0.20059843 -0.40342793
v 0.18303242 0.20135380 -0.40740874
v 0.18383506 0.20172532 -0.40595794
v 0.18299383 0.20011921 -0.40594938
v 0.18230577 0.20089634 -0.40850472
v 0.18303242 0.20135380 -0.40740874
v 0.18303242 0.20135380 -0.40740874
v 0.18316098 0.20249076 -0.40824583
v 0.18383506 0.20172532 -0.40595794
v 0.18230577 0.20089634 -0.40850472
v 0.18194674 0.20123483 -0.40981153
v 0.18247682 0.20217152 -0.40968326
v 0.18230577 0.20089634 -0.40850472
v 0.18247682 0.20217152 -0.40968326
v 0.18303242 0.20135380 -0.40740874
v 0.18303242 0.20135380 -0.40740874
v 0.18247682 0.20217152 -0.40968326
v 0.18316098 0.20249076 -0.40824583
v 0.18299383 0.20011921 -0.40594938
v 0.18398318 0.19991088 -0.40361533
v 0.18422014 0.19876525 -0.40158316
v 0.18422014 0.19876525 -0.40158316
v 0.18398318 0.19991088 -0.40361533
v 0.18480615 0.19878599 -0.40041262
v 0.18398318 0.19991088 -0.40361533
v 0.18445252 0.20059843 -0.40342793
v 0.18549022 0.20002507 -0.40048692
v 0.18398318 0.19991088 -0.40361533
v 0.18549022 0.20002507 -0.40048692
v 0.18480615 0.19878599 -0.40041262
v 0.18445252 0.20059843 -0.40342793
v 0.18383506 0.20172532 -0.40595794
v 0.18585406 0.20113829 -0.40081674
v 0.18445252 0.20059843 -0.40342793
v 0.18585406 0.20113829 -0.40081674
v 0.18549022 0.20002507 -0.40048692
v 0.18175146 0.19908279 -0.40683320
v 0.18281591 0.19702502 -0.40144655
v 0.18141896 0.19832702 -0.40612411
v 0.18299383 0.20011921 -0.40594938
v 0.18422014 0.19876525 -0.40158316
v 0.18243723 0.19939706 -0.40603814
v 0.18243723 0.19939706 -0.40603814
v 0.18358634 0.19774538 -0.40128547
v 0.18175146 0.19908279 -0.40683320
v 0.18175146 0.19908279 -0.40683320
v 0.18358634 0.19774538 -0.40128547
v 0.18281591 0.19702502 -0.40144655
v 0.18243723 0.19939706 -0.40603814
v 0.18422014 0.19876525 -0.40158316
v 0.18358634 0.19774538 -0.40128547
v 0.18299383 0.20011921 -0.40594938
v 0.18243723 0.19939706 -0.40603814
v 0.18152985 0.19998010 -0.40877169
v 0.18299383 0.20011921 -0.40594938
v 0.18152985 0.19998010 -0.40877169
v 0.18230577 0.20089634 -0.40850472
v 0.18230577 0.20089634 -0.40850472
v 0.18152985 0.19998010 -0.40877169
v 0.18085256 0.20015083 -0.41061747
v 0.18230577 0.20089634 -0.40850472
v 0.18085256 0.20015083 -0.41061747
v 0.18194674 0.20123483 -0.40981153
v 0.18243723 0.19939706 -0.40603814
v 0.18175146 0.19908279 -0.40683320
v 0.18152985 0.19998010 -0.40877169
v 0.18175146 0.19908279 -0.40683320
v 0.18141896 0.19832702 -0.40612411
v 0.18076071 0.19905138 -0.40862250
v 0.18175146 0.19908279 -0.40683320
v 0.18076071 0.19905138 -0.40862250
v 0.18152985 0.19998010 -0.40877169
v 0.18152985 0.19998010 -0.40877169
v 0.18076071 0.19905138 -0.40862250
v 0.18085256 0.20015083 -0.41061747
v 0.17585267 0.19806981 -0.41342744
v 0.17692280 0.19836223 -0.41373551
v 0.17648079 0.19807100 -0.41270795
v 0.17585267 0.19806981 -0.41342744
v 0.17652127 0.19828564 -0.41507831
v 0.17692280 0.19836223 -0.41373551
v 0.17692280 0.19836223 -0.41373551
v 0.17652127 0.19828564 -0.41507831
v 0.17750873 0.19864108 -0.41520587
v 0.17692280 0.19836223 -0.41373551
v 0.17750873 0.19864108 -0.41520587
v 0.17817275 0.19890428 -0.41383564
v 0.17648079 0.19807100 -0.41270795
v 0.17697336 0.19791771 -0.41156462
v 0.17635980 0.19748628 -0.41068819
v 0.17635980 0.19748628 -0.41068819
v 0.17697336 0.19791771 -0.41156462
v 0.17714779 0.19734636 -0.40967649
v 0.17648079 0.19807100 -0.41270795
v 0.17692280 0.19836223 -0.41373551
v 0.17759161 0.19835216 -0.41230932
v 0.17648079 0.19807100 -0.41270795
v 0.17759161 0.19835216 -0.41230932
v 0.17697336 0.19791771 -0.41156462
v 0.17697336 0.19791771 -0.41156462
v 0.17759161 0.19835216 -0.41230932
v 0.17807122 0.19808756 -0.41072437
v 0.17697336 0.19791771 -0.41156462
v 0.17807122 0.19808756 -0.41072437
v 0.17774609 0.19756007 -0.40967649
v 0.17697336 0.19791771 -0.41156462
v 0.17774609 0.19756007 -0.40967649
v 0.17714779 0.19734636 -0.40967649
v 0.17528759 0.19801636 -0.41370717
v 0.17585267 0.19806981 -0.41342744
v 0.17473605 0.19773801 -0.41231251
v 0.17528759 0.19801636 -0.41370717
v 0.17473605 0.19773801 -0.41231251
v 0.17393291 0.19802593 -0.41387054
v 0.17648079 0.19807100 -0.41270795
v 0.17552644 0.19760525 -0.41156283
v 0.17585267 0.19806981 -0.41342744
v 0.17585267 0.19806981 -0.41342744
v 0.17552644 0.19760525 -0.41156283
v 0.17473605 0.19773801 -0.41231251
v 0.17648079 0.19807100 -0.41270795
v 0.17635980 0.19748628 -0.41068819
v 0.17552644 0.19760525 -0.41156283
v 0.17552644 0.19760525 -0.41156283
v 0.17458457 0.19741806 -0.41112351
v 0.17473605 0.19773801 -0.41231251
v 0.17635980 0.19748628 -0.41068819
v 0.17607397 0.19708525 -0.40970030
v 0.17552644 0.19760525 -0.41156283
v 0.17552644 0.19760525 -0.41156283
v 0.17607397 0.19708525 -0.40970030
v 0.17489792 0.19701354 -0.40985250
v 0.17552644 0.19760525 -0.41156283
v 0.17489792 0.19701354 -0.40985250
v 0.17458457 0.19741806 -0.41112351
v 0.17585267 0.19806981 -0.41342744
v 0.17528759 0.19801636 -0.41370717
v 0.17535500 0.19807889 -0.41509387
v 0.17585267 0.19806981 -0.41342744
v 0.17535500 0.19807889 -0.41509387
v 0.17652127 0.19828564 -0.41507831
v 0.17528759 0.19801636 -0.41370717
v 0.17472887 0.19802733 -0.41457495
v 0.17535500 0.19807889 -0.41509387
v 0.17528759 0.19801636 -0.41370717
v 0.17393291 0.19802593 -0.41387054
v 0.17472887 0.19802733 -0.41457495
v 0.17630596 0.19540226 -0.40530121
v 0.17593096 0.19620800 -0.40745014
v 0.17707957 0.19640906 -0.40733588
v 0.17630596 0.19540226 -0.40530121
v 0.17707957 0.19640906 -0.40733588
v 0.17725979 0.19473046 -0.40319714
v 0.17725979 0.19473046 -0.40319714
v 0.17707957 0.19640906 -0.40733588
v 0.17778878 0.19487667 -0.40319714
v 0.17778878 0.19487667 -0.40319714
v 0.17707957 0.19640906 -0.40733588
v 0.17830928 0.19644706 -0.40642658
v 0.17707957 0.19640906 -0.40733588
v 0.17804758 0.19710858 -0.40824869
v 0.17830928 0.19644706 -0.40642658
v 0.17593096 0.19620800 -0.40745014
v 0.17607397 0.19708525 -0.40970030
v 0.17707957 0.19640906 -0.40733588
v 0.17707957 0.19640906 -0.40733588
v 0.17607397 0.19708525 -0.40970030
v 0.17714779 0.19734636 -0.40967649
v 0.17707957 0.19640906 -0.40733588
v 0.17714779 0.19734636 -0.40967649
v 0.17774609 0.19756007 -0.40967649
v 0.17707957 0.19640906 -0.40733588
v 0.17774609 0.19756007 -0.40967649
v 0.17804758 0.19710858 -0.40824869
v 0.17607397 0.19708525 -0.40970030
v 0.17635980 0.19748628 -0.41068819
v 0.17714779 0.19734636 -0.40967649
v 0.17630596 0.19540226 -0.40530121
v 0.17725979 0.19473046 -0.40319714
v 0.17719528 0.19366752 -0.40068218
v 0.17725979 0.19473046 -0.40319714
v 0.17778878 0.19487667 -0.40319714
v 0.17836064 0.19390896 -0.40048394
v 0.17725979 0.19473046 -0.40319714
v 0.17836064 0.19390896 -0.40048394
v 0.17719528 0.19366752 -0.40068218
v 0.17778878 0.19487667 -0.40319714
v 0.17830928 0.19644706 -0.40642658
v 0.17903024 0.19492295 -0.40228841
v 0.17778878 0.19487667 -0.40319714
v 0.17903024 0.19492295 -0.40228841
v 0.17836064 0.19390896 -0.40048394
v 0.17903024 0.19492295 -0.40228841
v 0.17954297 0.19440684 -0.40058595
v 0.17836064 0.19390896 -0.40048394
v 0.17630596 0.19540226 -0.40530121
v 0.17719528 0.19366752 -0.40068218
v 0.17627105 0.19347712 -0.40063980
v 0.17630596 0.19540226 -0.40530121
v 0.17627105 0.19347712 -0.40063980
v 0.17558688 0.19498040 -0.40450594
v 0.17558688 0.19498040 -0.40450594
v 0.17627105 0.19347712 -0.40063980
v 0.17517328 0.19340242 -0.40070415
v 0.17558688 0.19498040 -0.40450594
v 0.17517328 0.19340242 -0.40070415
v 0.17475881 0.19487996 -0.40438807
v 0.17517328 0.19340242 -0.40070415
v 0.17419830 0.19334128 -0.40058008
v 0.17475881 0.19487996 -0.40438807
v 0.17630596 0.19540226 -0.40530121
v 0.17558688 0.19498040 -0.40450594
v 0.17593096 0.19620800 -0.40745014
v 0.17593096 0.19620800 -0.40745014
v 0.17489792 0.19701354 -0.40985250
v 0.17607397 0.19708525 -0.40970030
v 0.17558688 0.19498040 -0.40450594
v 0.17475881 0.19487996 -0.40438807
v 0.17501043 0.19607167 -0.40732527
v 0.17558688 0.19498040 -0.40450594
v 0.17501043 0.19607167 -0.40732527
v 0.17593096 0.19620800 -0.40745014
v 0.17593096 0.19620800 -0.40745014
v 0.17501043 0.19607167 -0.40732527
v 0.17489792 0.19701354 -0.40985250
v 0.17475881 0.19487996 -0.40438807
v 0.17431459 0.19614877 -0.40754271
v 0.17501043 0.19607167 -0.40732527
v 0.17501043 0.19607167 -0.40732527
v 0.17431459 0.19614877 -0.40754271
v 0.17489792 0.19701354 -0.40985250
v 0.17867750 0.19903563 -0.41277647
v 0.17817275 0.19890428 -0.41383564
v 0.17942330 0.19978970 -0.41395453
v 0.17817275 0.19890428 -0.41383564
v 0.17857826 0.19919978 -0.41508618
v 0.17942330 0.19978970 -0.41395453
v 0.17883916 0.19879068 -0.41156283
v 0.17935598 0.19939098 -0.41233963
v 0.17986950 0.19908938 -0.41035637
v 0.17883916 0.19879068 -0.41156283
v 0.17986950 0.19908938 -0.41035637
v 0.17907174 0.19822599 -0.40967956
v 0.17867750 0.19903563 -0.41277647
v 0.17942330 0.19978970 -0.41395453
v 0.17935598 0.19939098 -0.41233963
v 0.17942330 0.19978970 -0.41395453
v 0.17994769 0.20008022 -0.41294482
v 0.17935598 0.19939098 -0.41233963
v 0.17994769 0.20008022 -0.41294482
v 0.18036976 0.20002647 -0.41152483
v 0.17935598 0.19939098 -0.41233963
v 0.17935598 0.19939098 -0.41233963
v 0.18036976 0.20002647 -0.41152483
v 0.17986950 0.19908938 -0.41035637
v 0.17986950 0.19908938 -0.41035637
v 0.18036976 0.20002647 -0.41152483
v 0.18085256 0.20015083 -0.41061747
v 0.17813805 0.19876285 -0.41296884
v 0.17759161 0.19835216 -0.41230932
v 0.17692280 0.19836223 -0.41373551
v 0.17935598 0.19939098 -0.41233963
v 0.17883916 0.19879068 -0.41156283
v 0.17867750 0.19903563 -0.41277647
v 0.17813805 0.19876285 -0.41296884
v 0.17867750 0.19903563 -0.41277647
v 0.17759161 0.19835216 -0.41230932
v 0.17883916 0.19879068 -0.41156283
v 0.17807122 0.19808756 -0.41072437
v 0.17867750 0.19903563 -0.41277647
v 0.17867750 0.19903563 -0.41277647
v 0.17807122 0.19808756 -0.41072437
v 0.17759161 0.19835216 -0.41230932
v 0.17883916 0.19879068 -0.41156283
v 0.17907174 0.19822599 -0.40967956
v 0.17807122 0.19808756 -0.41072437
v 0.17867750 0.19903563 -0.41277647
v 0.17813805 0.19876285 -0.41296884
v 0.17817275 0.19890428 -0.41383564
v 0.17817275 0.19890428 -0.41383564
v 0.17801078 0.19888394 -0.41519350
v 0.17857826 0.19919978 -0.41508618
v 0.17817275 0.19890428 -0.41383564
v 0.17750873 0.19864108 -0.41520587
v 0.17801078 0.19888394 -0.41519350
v 0.17813805 0.19876285 -0.41296884
v 0.17692280 0.19836223 -0.41373551
v 0.17817275 0.19890428 -0.41383564
v 0.18036048 0.19768634 -0.40660742
v 0.18019453 0.19803740 -0.40757582
v 0.18141896 0.19832702 -0.40612411
v 0.18019453 0.19803740 -0.40757582
v 0.18076071 0.19905138 -0.40862250
v 0.18141896 0.19832702 -0.40612411
v 0.18019453 0.19803740 -0.40757582
v 0.17907174 0.19822599 -0.40967956
v 0.17986950 0.19908938 -0.41035637
v 0.18019453 0.19803740 -0.40757582
v 0.17986950 0.19908938 -0.41035637
v 0.18076071 0.19905138 -0.40862250
v 0.18076071 0.19905138 -0.40862250
v 0.17986950 0.19908938 -0.41035637
v 0.18085256 0.20015083 -0.41061747
v 0.18036048 0.19768634 -0.40660742
v 0.18191393 0.19592986 -0.40084237
v 0.18100365 0.19552882 -0.40132627
v 0.18191393 0.19592986 -0.40084237
v 0.18036048 0.19768634 -0.40660742
v 0.18242744 0.19635561 -0.40086541
v 0.18036048 0.19768634 -0.40660742
v 0.18141896 0.19832702 -0.40612411
v 0.18281591 0.19702502 -0.40144655
v 0.18036048 0.19768634 -0.40660742
v 0.18281591 0.19702502 -0.40144655
v 0.18242744 0.19635561 -0.40086541
v 0.18036048 0.19768634 -0.40660742
v 0.18100365 0.19552882 -0.40132627
v 0.17971173 0.19695580 -0.40596694
v 0.17971173 0.19695580 -0.40596694
v 0.18014206 0.19510247 -0.40148354
v 0.17928615 0.19673519 -0.40601292
v 0.17928615 0.19673519 -0.40601292
v 0.18014206 0.19510247 -0.40148354
v 0.17903024 0.19492295 -0.40228841
v 0.17928615 0.19673519 -0.40601292
v 0.17903024 0.19492295 -0.40228841
v 0.17830928 0.19644706 -0.40642658
v 0.17971173 0.19695580 -0.40596694
v 0.18100365 0.19552882 -0.40132627
v 0.18014206 0.19510247 -0.40148354
v 0.18014206 0.19510247 -0.40148354
v 0.17954297 0.19440684 -0.40058595
v 0.17903024 0.19492295 -0.40228841
v 0.18036048 0.19768634 -0.40660742
v 0.17971173 0.19695580 -0.40596694
v 0.17881113 0.19760236 -0.40854612
v 0.18036048 0.19768634 -0.40660742
v 0.17881113 0.19760236 -0.40854612
v 0.18019453 0.19803740 -0.40757582
v 0.18019453 0.19803740 -0.40757582
v 0.17881113 0.19760236 -0.40854612
v 0.17907174 0.19822599 -0.40967956
v 0.17971173 0.19695580 -0.40596694
v 0.17928615 0.19673519 -0.40601292
v 0.17881113 0.19760236 -0.40854612
v 0.17928615 0.19673519 -0.40601292
v 0.17830928 0.19644706 -0.40642658
v 0.17804758 0.19710858 -0.40824869
v 0.17928615 0.19673519 -0.40601292
v 0.17804758 0.19710858 -0.40824869
v 0.17881113 0.19760236 -0.40854612
v 0.17881113 0.19760236 -0.40854612
v 0.17807122 0.19808756 -0.41072437
v 0.17907174 0.19822599 -0.40967956
v 0.17804758 0.19710858 -0.40824869
v 0.17774609 0.19756007 -0.40967649
v 0.17881113 0.19760236 -0.40854612
v 0.17881113 0.19760236 -0.40854612
v 0.17774609 0.19756007 -0.40967649
v 0.17807122 0.19808756 -0.41072437
v 0.17227466 0.19851403 -0.41537362
v 0.17180052 0.19903404 -0.41551265
v 0.17455265 0.19846545 -0.41550815
v 0.17227466 0.19851403 -0.41537362
v 0.17455265 0.19846545 -0.41550815
v 0.17461139 0.19814920 -0.41536725
v 0.17305067 0.19818561 -0.41519618
v 0.17435169 0.19802892 -0.41512468
v 0.17393291 0.19802593 -0.41387054
v 0.17227466 0.19851403 -0.41537362
v 0.17461139 0.19814920 -0.41536725
v 0.17305067 0.19818561 -0.41519618
v 0.17305067 0.19818561 -0.41519618
v 0.17461139 0.19814920 -0.41536725
v 0.17435169 0.19802892 -0.41512468
v 0.17435169 0.19802892 -0.41512468
v 0.17472887 0.19802733 -0.41457495
v 0.17393291 0.19802593 -0.41387054
v 0.17305067 0.19818561 -0.41519618
v 0.17205915 0.19844900 -0.41511092
v 0.17227466 0.19851403 -0.41537362
v 0.17455265 0.19846545 -0.41550815
v 0.17216694 0.19979829 -0.41559643
v 0.17466345 0.19903523 -0.41558534
v 0.17455265 0.19846545 -0.41550815
v 0.17180052 0.19903404 -0.41551265
v 0.17216694 0.19979829 -0.41559643
v 0.17045404 0.19939147 -0.41535527
v 0.16951425 0.20034252 -0.41546229
v 0.17180052 0.19903404 -0.41551265
v 0.17045404 0.19939147 -0.41535527
v 0.17180052 0.19903404 -0.41551265
v 0.17227466 0.19851403 -0.41537362
v 0.17045404 0.19939147 -0.41535527
v 0.17105284 0.19889869 -0.41520697
v 0.17019065 0.19940364 -0.41509017
v 0.17019065 0.19940364 -0.41509017
v 0.17105284 0.19889869 -0.41520697
v 0.17059377 0.19911560 -0.41383582
v 0.17045404 0.19939147 -0.41535527
v 0.17227466 0.19851403 -0.41537362
v 0.17105284 0.19889869 -0.41520697
v 0.17105284 0.19889869 -0.41520697
v 0.17227466 0.19851403 -0.41537362
v 0.17205915 0.19844900 -0.41511092
v 0.17105284 0.19889869 -0.41520697
v 0.17205915 0.19844900 -0.41511092
v 0.17141317 0.19869573 -0.41413245
v 0.17045404 0.19939147 -0.41535527
v 0.16934592 0.20013158 -0.41521922
v 0.16951425 0.20034252 -0.41546229
v 0.17045404 0.19939147 -0.41535527
v 0.17019065 0.19940364 -0.41509017
v 0.16934592 0.20013158 -0.41521922
v 0.17019065 0.19940364 -0.41509017
v 0.17059377 0.19911560 -0.41383582
v 0.16964361 0.19980307 -0.41390675
v 0.17019065 0.19940364 -0.41509017
v 0.16964361 0.19980307 -0.41390675
v 0.16934592 0.20013158 -0.41521922
v 0.16934592 0.20013158 -0.41521922
v 0.16964361 0.19980307 -0.41390675
v 0.16901878 0.20041773 -0.41413295
v 0.16951425 0.20034252 -0.41546229
v 0.16974096 0.20070535 -0.41555065
v 0.17180052 0.19903404 -0.41551265
v 0.17180052 0.19903404 -0.41551265
v 0.16974096 0.20070535 -0.41555065
v 0.17216694 0.19979829 -0.41559643
v 0.17216694 0.19979829 -0.41559643
v 0.16974096 0.20070535 -0.41555065
v 0.16990960 0.20178206 -0.41560650
v 0.16891536 0.20073597 -0.41535586
v 0.16796461 0.20242923 -0.41544452
v 0.16951425 0.20034252 -0.41546229
v 0.16796461 0.20242923 -0.41544452
v 0.16799015 0.20298693 -0.41552243
v 0.16974096 0.20070535 -0.41555065
v 0.16796461 0.20242923 -0.41544452
v 0.16974096 0.20070535 -0.41555065
v 0.16951425 0.20034252 -0.41546229
v 0.16799015 0.20298693 -0.41552243
v 0.16990960 0.20178206 -0.41560650
v 0.16974096 0.20070535 -0.41555065
v 0.16796461 0.20242923 -0.41544452
v 0.16891536 0.20073597 -0.41535586
v 0.16791046 0.20218648 -0.41529065
v 0.16791046 0.20218648 -0.41529065
v 0.16891536 0.20073597 -0.41535586
v 0.16859721 0.20091888 -0.41509345
v 0.16859721 0.20091888 -0.41509345
v 0.16901878 0.20041773 -0.41413295
v 0.16851255 0.20101014 -0.41409335
v 0.16891536 0.20073597 -0.41535586
v 0.16951425 0.20034252 -0.41546229
v 0.16934592 0.20013158 -0.41521922
v 0.16891536 0.20073597 -0.41535586
v 0.16934592 0.20013158 -0.41521922
v 0.16859721 0.20091888 -0.41509345
v 0.16859721 0.20091888 -0.41509345
v 0.16934592 0.20013158 -0.41521922
v 0.16901878 0.20041773 -0.41413295
v 0.16791046 0.20218648 -0.41529065
v 0.16859721 0.20091888 -0.41509345
v 0.16798756 0.20186065 -0.41496471
v 0.16791046 0.20218648 -0.41529065
v 0.16798756 0.20186065 -0.41496471
v 0.16760676 0.20262042 -0.41509736
v 0.16859721 0.20091888 -0.41509345
v 0.16851255 0.20101014 -0.41409335
v 0.16798756 0.20186065 -0.41496471
v 0.16749807 0.20361914 -0.41540185
v 0.16773622 0.20422632 -0.41551512
v 0.16799015 0.20298693 -0.41552243
v 0.16749807 0.20361914 -0.41540185
v 0.16799015 0.20298693 -0.41552243
v 0.16796461 0.20242923 -0.41544452
v 0.16773622 0.20422632 -0.41551512
v 0.16917926 0.20512022 -0.41563481
v 0.16799015 0.20298693 -0.41552243
v 0.16799015 0.20298693 -0.41552243
v 0.16917926 0.20512022 -0.41563481
v 0.16990960 0.20178206 -0.41560650
v 0.16736703 0.20358592 -0.41529095
v 0.16732013 0.20338497 -0.41509375
v 0.16709545 0.20448093 -0.41521126
v 0.16709545 0.20448093 -0.41521126
v 0.16732013 0.20338497 -0.41509375
v 0.16714281 0.20394216 -0.41379634
v 0.16749807 0.20361914 -0.41540185
v 0.16796461 0.20242923 -0.41544452
v 0.16791046 0.20218648 -0.41529065
v 0.16749807 0.20361914 -0.41540185
v 0.16791046 0.20218648 -0.41529065
v 0.16736703 0.20358592 -0.41529095
v 0.16736703 0.20358592 -0.41529095
v 0.16791046 0.20218648 -0.41529065
v 0.16760676 0.20262042 -0.41509736
v 0.16736703 0.20358592 -0.41529095
v 0.16760676 0.20262042 -0.41509736
v 0.16732013 0.20338497 -0.41509375
v 0.16749807 0.20361914 -0.41540185
v 0.16736703 0.20358592 -0.41529095
v 0.16709545 0.20448093 -0.41521126
v 0.16749807 0.20361914 -0.41540185
v 0.16709545 0.20448093 -0.41521126
v 0.16724075 0.20495127 -0.41540125
v 0.16724075 0.20495127 -0.41540125
v 0.16709545 0.20448093 -0.41521126
v 0.16700609 0.20544565 -0.41520646
v 0.16724075 0.20495127 -0.41540125
v 0.16700609 0.20544565 -0.41520646
v 0.16724515 0.20615265 -0.41540125
v 0.16709545 0.20448093 -0.41521126
v 0.16714281 0.20394216 -0.41379634
v 0.16700299 0.20498806 -0.41398174
v 0.16709545 0.20448093 -0.41521126
v 0.16700299 0.20498806 -0.41398174
v 0.16700609 0.20544565 -0.41520646
v 0.16700609 0.20544565 -0.41520646
v 0.16700299 0.20498806 -0.41398174
v 0.16698493 0.20589863 -0.41413063
v 0.16749807 0.20361914 -0.41540185
v 0.16724075 0.20495127 -0.41540125
v 0.16773622 0.20422632 -0.41551512
v 0.16773622 0.20422632 -0.41551512
v 0.16780414 0.20560083 -0.41555962
v 0.16917926 0.20512022 -0.41563481
v 0.16724075 0.20495127 -0.41540125
v 0.16737759 0.20570974 -0.41548720
v 0.16773622 0.20422632 -0.41551512
v 0.16773622 0.20422632 -0.41551512
v 0.16737759 0.20570974 -0.41548720
v 0.16780414 0.20560083 -0.41555962
v 0.16724075 0.20495127 -0.41540125
v 0.16724515 0.20615265 -0.41540125
v 0.16737759 0.20570974 -0.41548720
v 0.16724515 0.20615265 -0.41540125
v 0.16700609 0.20544565 -0.41520646
v 0.16711418 0.20663226 -0.41523439
v 0.16711418 0.20663226 -0.41523439
v 0.16700609 0.20544565 -0.41520646
v 0.16711549 0.20696697 -0.41435385
v 0.16711549 0.20696697 -0.41435385
v 0.16700609 0.20544565 -0.41520646
v 0.16698493 0.20589863 -0.41413063
v 0.16724515 0.20615265 -0.41540125
v 0.16711418 0.20663226 -0.41523439
v 0.16756769 0.20816675 -0.41535547
v 0.16711418 0.20663226 -0.41523439
v 0.16727355 0.20758820 -0.41509315
v 0.16756769 0.20816675 -0.41535547
v 0.16756769 0.20816675 -0.41535547
v 0.16727355 0.20758820 -0.41509315
v 0.16770481 0.20878439 -0.41513157
v 0.16711418 0.20663226 -0.41523439
v 0.16711549 0.20696697 -0.41435385
v 0.16727355 0.20758820 -0.41509315
v 0.16727355 0.20758820 -0.41509315
v 0.16754244 0.20842674 -0.41409275
v 0.16770481 0.20878439 -0.41513157
v 0.16724515 0.20615265 -0.41540125
v 0.16756769 0.20816675 -0.41535547
v 0.16794597 0.20830797 -0.41550139
v 0.16724515 0.20615265 -0.41540125
v 0.16794597 0.20830797 -0.41550139
v 0.16737759 0.20570974 -0.41548720
v 0.16737759 0.20570974 -0.41548720
v 0.16794597 0.20830797 -0.41550139
v 0.16780414 0.20560083 -0.41555962
v 0.16780414 0.20560083 -0.41555962
v 0.16867402 0.20821342 -0.41559044
v 0.16917926 0.20512022 -0.41563481
v 0.16780414 0.20560083 -0.41555962
v 0.16794597 0.20830797 -0.41550139
v 0.16867402 0.20821342 -0.41559044
v 0.16756769 0.20816675 -0.41535547
v 0.16793868 0.20891145 -0.41538748
v 0.16794597 0.20830797 -0.41550139
v 0.16793868 0.20891145 -0.41538748
v 0.16770481 0.20878439 -0.41513157
v 0.16858675 0.21013966 -0.41524196
v 0.16858675 0.21013966 -0.41524196
v 0.16770481 0.20878439 -0.41513157
v 0.16841282 0.20998128 -0.41461036
v 0.16841282 0.20998128 -0.41461036
v 0.16770481 0.20878439 -0.41513157
v 0.16795762 0.20928615 -0.41413155
v 0.16793868 0.20891145 -0.41538748
v 0.16756769 0.20816675 -0.41535547
v 0.16770481 0.20878439 -0.41513157
v 0.16770481 0.20878439 -0.41513157
v 0.16754244 0.20842674 -0.41409275
v 0.16795762 0.20928615 -0.41413155
v 0.16793868 0.20891145 -0.41538748
v 0.16858675 0.21013966 -0.41524196
v 0.16925655 0.21051565 -0.41547644
v 0.16925655 0.21051565 -0.41547644
v 0.16858675 0.21013966 -0.41524196
v 0.16911364 0.21080777 -0.41520029
v 0.16925655 0.21051565 -0.41547644
v 0.16911364 0.21080777 -0.41520029
v 0.16962695 0.21100405 -0.41542637
v 0.16858675 0.21013966 -0.41524196
v 0.16841282 0.20998128 -0.41461036
v 0.16911364 0.21080777 -0.41520029
v 0.16793868 0.20891145 -0.41538748
v 0.16925655 0.21051565 -0.41547644
v 0.16794597 0.20830797 -0.41550139
v 0.16794597 0.20830797 -0.41550139
v 0.16925655 0.21051565 -0.41547644
v 0.16867402 0.20821342 -0.41559044
v 0.16867402 0.20821342 -0.41559044
v 0.16925655 0.21051565 -0.41547644
v 0.17010856 0.21031289 -0.41558486
v 0.17136310 0.21210828 -0.41545010
v 0.17010856 0.21031289 -0.41558486
v 0.16962695 0.21100405 -0.41542637
v 0.16962695 0.21100405 -0.41542637
v 0.17010856 0.21031289 -0.41558486
v 0.16925655 0.21051565 -0.41547644
v 0.17086583 0.21215595 -0.41518810
v 0.16997571 0.21156365 -0.41519707
v 0.17099151 0.21226865 -0.41396770
v 0.16962695 0.21100405 -0.41542637
v 0.16911364 0.21080777 -0.41520029
v 0.16997571 0.21156365 -0.41519707
v 0.16997571 0.21156365 -0.41519707
v 0.16911364 0.21080777 -0.41520029
v 0.16938311 0.21112871 -0.41365832
v 0.16962695 0.21100405 -0.41542637
v 0.16997571 0.21156365 -0.41519707
v 0.17086583 0.21215595 -0.41518810
v 0.16962695 0.21100405 -0.41542637
v 0.17086583 0.21215595 -0.41518810
v 0.17136310 0.21210828 -0.41545010
v 0.17136310 0.21210828 -0.41545010
v 0.17086583 0.21215595 -0.41518810
v 0.17211160 0.21270958 -0.41519707
v 0.17136310 0.21210828 -0.41545010
v 0.17211160 0.21270958 -0.41519707
v 0.17188132 0.21237287 -0.41543895
v 0.17086583 0.21215595 -0.41518810
v 0.17099151 0.21226865 -0.41396770
v 0.17211160 0.21270958 -0.41519707
v 0.17136310 0.21210828 -0.41545010
v 0.17188132 0.21237287 -0.41543895
v 0.17209195 0.21172979 -0.41556102
v 0.17136310 0.21210828 -0.41545010
v 0.17209195 0.21172979 -0.41556102
v 0.17010856 0.21031289 -0.41558486
v 0.17282319 0.21278936 -0.41534588
v 0.17440215 0.21261263 -0.41551894
v 0.17188132 0.21237287 -0.41543895
v 0.17440215 0.21261263 -0.41551894
v 0.17209195 0.21172979 -0.41556102
v 0.17188132 0.21237287 -0.41543895
v 0.17440215 0.21261263 -0.41551894
v 0.17412230 0.21132438 -0.41561964
v 0.17209195 0.21172979 -0.41556102
v 0.17282319 0.21278936 -0.41534588
v 0.17211160 0.21270958 -0.41519707
v 0.17347354 0.21304627 -0.41510683
v 0.17347354 0.21304627 -0.41510683
v 0.17211160 0.21270958 -0.41519707
v 0.17253007 0.21286616 -0.41407800
v 0.17282319 0.21278936 -0.41534588
v 0.17188132 0.21237287 -0.41543895
v 0.17211160 0.21270958 -0.41519707
v 0.17211160 0.21270958 -0.41519707
v 0.17099151 0.21226865 -0.41396770
v 0.17253007 0.21286616 -0.41407800
v 0.17282319 0.21278936 -0.41534588
v 0.17347354 0.21304627 -0.41510683
v 0.17450099 0.21304257 -0.41533631
v 0.17347354 0.21304627 -0.41510683
v 0.17419660 0.21311778 -0.41487065
v 0.17450099 0.21304257 -0.41533631
v 0.17282319 0.21278936 -0.41534588
v 0.17450099 0.21304257 -0.41533631
v 0.17440215 0.21261263 -0.41551894
v 0.17450099 0.21304257 -0.41533631
v 0.17506020 0.21287642 -0.41542566
v 0.17440215 0.21261263 -0.41551894
v 0.17729700 0.21222177 -0.41548443
v 0.17711280 0.21181586 -0.41555780
v 0.17440215 0.21261263 -0.41551894
v 0.17729700 0.21222177 -0.41548443
v 0.17440215 0.21261263 -0.41551894
v 0.17506020 0.21287642 -0.41542566
v 0.17711280 0.21181586 -0.41555780
v 0.17681699 0.21085584 -0.41561934
v 0.17412230 0.21132438 -0.41561964
v 0.17711280 0.21181586 -0.41555780
v 0.17412230 0.21132438 -0.41561964
v 0.17440215 0.21261263 -0.41551894
v 0.17620163 0.21294135 -0.41509059
v 0.17511137 0.21309045 -0.41522321
v 0.17620024 0.21295182 -0.41426069
v 0.17506020 0.21287642 -0.41542566
v 0.17450099 0.21304257 -0.41533631
v 0.17511137 0.21309045 -0.41522321
v 0.17511137 0.21309045 -0.41522321
v 0.17450099 0.21304257 -0.41533631
v 0.17419660 0.21311778 -0.41487065
v 0.17506020 0.21287642 -0.41542566
v 0.17511137 0.21309045 -0.41522321
v 0.17710482 0.21254730 -0.41536632
v 0.17511137 0.21309045 -0.41522321
v 0.17620163 0.21294135 -0.41509059
v 0.17710482 0.21254730 -0.41536632
v 0.17710482 0.21254730 -0.41536632
v 0.17620163 0.21294135 -0.41509059
v 0.17726269 0.21259178 -0.41521883
v 0.17620163 0.21294135 -0.41509059
v 0.17620024 0.21295182 -0.41426069
v 0.17735544 0.21259059 -0.41409025
v 0.17620163 0.21294135 -0.41509059
v 0.17735544 0.21259059 -0.41409025
v 0.17726269 0.21259178 -0.41521883
v 0.17506020 0.21287642 -0.41542566
v 0.17710482 0.21254730 -0.41536632
v 0.17729700 0.21222177 -0.41548443
v 0.17812358 0.21206550 -0.41536236
v 0.17729700 0.21222177 -0.41548443
v 0.17710482 0.21254730 -0.41536632
v 0.17947076 0.21127142 -0.41522530
v 0.17812358 0.21206550 -0.41536236
v 0.17826161 0.21214867 -0.41508511
v 0.17710482 0.21254730 -0.41536632
v 0.17726269 0.21259178 -0.41521883
v 0.17812358 0.21206550 -0.41536236
v 0.17812358 0.21206550 -0.41536236
v 0.17726269 0.21259178 -0.41521883
v 0.17826161 0.21214867 -0.41508511
v 0.17826161 0.21214867 -0.41508511
v 0.17726269 0.21259178 -0.41521883
v 0.17735544 0.21259059 -0.41409025
v 0.17812358 0.21206550 -0.41536236
v 0.17947076 0.21127142 -0.41522530
v 0.17983021 0.21060482 -0.41544962
v 0.17826161 0.21214867 -0.41508511
v 0.17962575 0.21118686 -0.41417304
v 0.17947076 0.21127142 -0.41522530
v 0.17711280 0.21181586 -0.41555780
v 0.17945531 0.21039666 -0.41556022
v 0.17681699 0.21085584 -0.41561934
v 0.17681699 0.21085584 -0.41561934
v 0.17945531 0.21039666 -0.41556022
v 0.17857058 0.20840351 -0.41564679
v 0.17812358 0.21206550 -0.41536236
v 0.17983021 0.21060482 -0.41544962
v 0.17945531 0.21039666 -0.41556022
v 0.17812358 0.21206550 -0.41536236
v 0.17945531 0.21039666 -0.41556022
v 0.17729700 0.21222177 -0.41548443
v 0.17729700 0.21222177 -0.41548443
v 0.17945531 0.21039666 -0.41556022
v 0.17711280 0.21181586 -0.41555780
v 0.17983021 0.21060482 -0.41544962
v 0.18033774 0.20874280 -0.41556498
v 0.17945531 0.21039666 -0.41556022
v 0.18033774 0.20874280 -0.41556498
v 0.17857058 0.20840351 -0.41564679
v 0.17945531 0.21039666 -0.41556022
v 0.18119156 0.20883735 -0.41537413
v 0.17983021 0.21060482 -0.41544962
v 0.18039379 0.21030670 -0.41523200
v 0.18107598 0.20933720 -0.41510314
v 0.18039379 0.21030670 -0.41523200
v 0.18068711 0.20997690 -0.41430518
v 0.18039379 0.21030670 -0.41523200
v 0.17962575 0.21118686 -0.41417304
v 0.18068711 0.20997690 -0.41430518
v 0.17983021 0.21060482 -0.41544962
v 0.17947076 0.21127142 -0.41522530
v 0.18039379 0.21030670 -0.41523200
v 0.18039379 0.21030670 -0.41523200
v 0.17947076 0.21127142 -0.41522530
v 0.17962575 0.21118686 -0.41417304
v 0.18039379 0.21030670 -0.41523200
v 0.18107598 0.20933720 -0.41510314
v 0.18119156 0.20883735 -0.41537413
v 0.18119156 0.20883735 -0.41537413
v 0.18107598 0.20933720 -0.41510314
v 0.18150711 0.20829779 -0.41531527
v 0.18107598 0.20933720 -0.41510314
v 0.18165432 0.20810182 -0.41463289
v 0.18150711 0.20829779 -0.41531527
v 0.18107598 0.20933720 -0.41510314
v 0.18068711 0.20997690 -0.41430518
v 0.18131772 0.20894416 -0.41407341
v 0.18107598 0.20933720 -0.41510314
v 0.18131772 0.20894416 -0.41407341
v 0.18165432 0.20810182 -0.41463289
v 0.18119156 0.20883735 -0.41537413
v 0.18107468 0.20827734 -0.41551694
v 0.17983021 0.21060482 -0.41544962
v 0.17983021 0.21060482 -0.41544962
v 0.18107468 0.20827734 -0.41551694
v 0.18033774 0.20874280 -0.41556498
v 0.18119156 0.20883735 -0.41537413
v 0.18150711 0.20829779 -0.41531527
v 0.18107468 0.20827734 -0.41551694
v 0.18182078 0.20661591 -0.41539156
v 0.18162678 0.20558108 -0.41551533
v 0.18107468 0.20827734 -0.41551694
v 0.18182078 0.20661591 -0.41539156
v 0.18107468 0.20827734 -0.41551694
v 0.18150711 0.20829779 -0.41531527
v 0.18107468 0.20827734 -0.41551694
v 0.18073827 0.20558268 -0.41559792
v 0.18033774 0.20874280 -0.41556498
v 0.18073827 0.20558268 -0.41559792
v 0.17857058 0.20840351 -0.41564679
v 0.18033774 0.20874280 -0.41556498
v 0.18186326 0.20735192 -0.41519219
v 0.18165432 0.20810182 -0.41463289
v 0.18199332 0.20689097 -0.41408247
v 0.18182078 0.20661591 -0.41539156
v 0.18150711 0.20829779 -0.41531527
v 0.18186326 0.20735192 -0.41519219
v 0.18186326 0.20735192 -0.41519219
v 0.18150711 0.20829779 -0.41531527
v 0.18165432 0.20810182 -0.41463289
v 0.18182078 0.20661591 -0.41539156
v 0.18186326 0.20735192 -0.41519219
v 0.18204027 0.20628688 -0.41520956
v 0.18182078 0.20661591 -0.41539156
v 0.18204027 0.20628688 -0.41520956
v 0.18193756 0.20535637 -0.41539487
v 0.18204027 0.20628688 -0.41520956
v 0.18207708 0.20507443 -0.41510463
v 0.18193756 0.20535637 -0.41539487
v 0.18186326 0.20735192 -0.41519219
v 0.18199332 0.20689097 -0.41408247
v 0.18204027 0.20628688 -0.41520956
v 0.18204027 0.20628688 -0.41520956
v 0.18199332 0.20689097 -0.41408247
v 0.18209961 0.20588008 -0.41404247
v 0.18204027 0.20628688 -0.41520956
v 0.18209961 0.20588008 -0.41404247
v 0.18207827 0.20512550 -0.41434228
v 0.18204027 0.20628688 -0.41520956
v 0.18207827 0.20512550 -0.41434228
v 0.18207708 0.20507443 -0.41510463
v 0.18182078 0.20661591 -0.41539156
v 0.18193756 0.20535637 -0.41539487
v 0.18162678 0.20558108 -0.41551533
v 0.18107468 0.20827734 -0.41551694
v 0.18162678 0.20558108 -0.41551533
v 0.18073827 0.20558268 -0.41559792
v 0.18158270 0.20392253 -0.41544631
v 0.18162678 0.20558108 -0.41551533
v 0.18193756 0.20535637 -0.41539487
v 0.18158270 0.20392253 -0.41544631
v 0.18193756 0.20535637 -0.41539487
v 0.18182805 0.20403144 -0.41529113
v 0.18182805 0.20403144 -0.41529113
v 0.18193756 0.20535637 -0.41539487
v 0.18207708 0.20507443 -0.41510463
v 0.18182805 0.20403144 -0.41529113
v 0.18207708 0.20507443 -0.41510463
v 0.18195142 0.20413804 -0.41509447
v 0.18207708 0.20507443 -0.41510463
v 0.18207827 0.20512550 -0.41434228
v 0.18195142 0.20413804 -0.41509447
v 0.18158270 0.20392253 -0.41544631
v 0.18182805 0.20403144 -0.41529113
v 0.18147041 0.20289378 -0.41536951
v 0.18182805 0.20403144 -0.41529113
v 0.18195142 0.20413804 -0.41509447
v 0.18160155 0.20290704 -0.41514122
v 0.18182805 0.20403144 -0.41529113
v 0.18160155 0.20290704 -0.41514122
v 0.18147041 0.20289378 -0.41536951
v 0.18195142 0.20413804 -0.41509447
v 0.18177630 0.20334437 -0.41417533
v 0.18160155 0.20290704 -0.41514122
v 0.18160155 0.20290704 -0.41514122
v 0.18177630 0.20334437 -0.41417533
v 0.18139341 0.20238395 -0.41438127
v 0.18162678 0.20558108 -0.41551533
v 0.18084449 0.20269990 -0.41555354
v 0.18073827 0.20558268 -0.41559792
v 0.18158270 0.20392253 -0.41544631
v 0.18084449 0.20269990 -0.41555354
v 0.18162678 0.20558108 -0.41551533
v 0.18147041 0.20289378 -0.41536951
v 0.18084449 0.20269990 -0.41555354
v 0.18158270 0.20392253 -0.41544631
v 0.18086344 0.20189676 -0.41540205
v 0.17964111 0.20050678 -0.41548580
v 0.18084449 0.20269990 -0.41555354
v 0.18086344 0.20189676 -0.41540205
v 0.18084449 0.20269990 -0.41555354
v 0.18147041 0.20289378 -0.41536951
v 0.17964111 0.20050678 -0.41548580
v 0.17949250 0.20124380 -0.41557407
v 0.18084449 0.20269990 -0.41555354
v 0.18086344 0.20189676 -0.41540205
v 0.18090862 0.20152894 -0.41518372
v 0.18030901 0.20078005 -0.41525993
v 0.18030901 0.20078005 -0.41525993
v 0.18090862 0.20152894 -0.41518372
v 0.18043149 0.20085186 -0.41512120
v 0.18090862 0.20152894 -0.41518372
v 0.18139341 0.20238395 -0.41438127
v 0.18088338 0.20145015 -0.41409394
v 0.18086344 0.20189676 -0.41540205
v 0.18147041 0.20289378 -0.41536951
v 0.18090862 0.20152894 -0.41518372
v 0.18090862 0.20152894 -0.41518372
v 0.18147041 0.20289378 -0.41536951
v 0.18160155 0.20290704 -0.41514122
v 0.18090862 0.20152894 -0.41518372
v 0.18160155 0.20290704 -0.41514122
v 0.18139341 0.20238395 -0.41438127
v 0.18086344 0.20189676 -0.41540205
v 0.18030901 0.20078005 -0.41525993
v 0.17975172 0.20036685 -0.41541800
v 0.17975172 0.20036685 -0.41541800
v 0.18030901 0.20078005 -0.41525993
v 0.17936575 0.19982162 -0.41526750
v 0.18030901 0.20078005 -0.41525993
v 0.18043149 0.20085186 -0.41512120
v 0.17946778 0.19984955 -0.41512108
v 0.18030901 0.20078005 -0.41525993
v 0.17946778 0.19984955 -0.41512108
v 0.17936575 0.19982162 -0.41526750
v 0.18090862 0.20152894 -0.41518372
v 0.18088338 0.20145015 -0.41409394
v 0.18043499 0.20081376 -0.41382319
v 0.18090862 0.20152894 -0.41518372
v 0.18043499 0.20081376 -0.41382319
v 0.18043149 0.20085186 -0.41512120
v 0.18043149 0.20085186 -0.41512120
v 0.18043499 0.20081376 -0.41382319
v 0.17989752 0.20025156 -0.41431943
v 0.18043149 0.20085186 -0.41512120
v 0.17989752 0.20025156 -0.41431943
v 0.17946778 0.19984955 -0.41512108
v 0.18086344 0.20189676 -0.41540205
v 0.17975172 0.20036685 -0.41541800
v 0.17964111 0.20050678 -0.41548580
v 0.17600624 0.19829032 -0.41533771
v 0.17455265 0.19846545 -0.41550815
v 0.17743184 0.19904798 -0.41548163
v 0.17600624 0.19829032 -0.41533771
v 0.17743184 0.19904798 -0.41548163
v 0.17761484 0.19888213 -0.41540933
v 0.17455265 0.19846545 -0.41550815
v 0.17466345 0.19903523 -0.41558534
v 0.17743184 0.19904798 -0.41548163
v 0.17743184 0.19904798 -0.41548163
v 0.17466345 0.19903523 -0.41558534
v 0.17733310 0.19974741 -0.41559243
v 0.17600624 0.19829032 -0.41533771
v 0.17761484 0.19888213 -0.41540933
v 0.17750873 0.19864108 -0.41520587
v 0.17600624 0.19829032 -0.41533771
v 0.17750873 0.19864108 -0.41520587
v 0.17652127 0.19828564 -0.41507831
v 0.17600624 0.19829032 -0.41533771
v 0.17652127 0.19828564 -0.41507831
v 0.17535500 0.19807889 -0.41509387
v 0.17600624 0.19829032 -0.41533771
v 0.17535500 0.19807889 -0.41509387
v 0.17435169 0.19802892 -0.41512468
v 0.17600624 0.19829032 -0.41533771
v 0.17435169 0.19802892 -0.41512468
v 0.17461139 0.19814920 -0.41536725
v 0.17535500 0.19807889 -0.41509387
v 0.17472887 0.19802733 -0.41457495
v 0.17435169 0.19802892 -0.41512468
v 0.17600624 0.19829032 -0.41533771
v 0.17461139 0.19814920 -0.41536725
v 0.17455265 0.19846545 -0.41550815
v 0.17761484 0.19888213 -0.41540933
v 0.17964111 0.20050678 -0.41548580
v 0.17975172 0.20036685 -0.41541800
v 0.17964111 0.20050678 -0.41548580
v 0.17733310 0.19974741 -0.41559243
v 0.17949250 0.20124380 -0.41557407
v 0.17733310 0.19974741 -0.41559243
v 0.17796989 0.20139939 -0.41563940
v 0.17949250 0.20124380 -0.41557407
v 0.17761484 0.19888213 -0.41540933
v 0.17975172 0.20036685 -0.41541800
v 0.17936575 0.19982162 -0.41526750
v 0.17936575 0.19982162 -0.41526750
v 0.17946778 0.19984955 -0.41512108
v 0.17857826 0.19919978 -0.41508618
v 0.17857826 0.19919978 -0.41508618
v 0.17946778 0.19984955 -0.41512108
v 0.17942330 0.19978970 -0.41395453
v 0.17946778 0.19984955 -0.41512108
v 0.17989752 0.20025156 -0.41431943
v 0.17942330 0.19978970 -0.41395453
v 0.17761484 0.19888213 -0.41540933
v 0.17936575 0.19982162 -0.41526750
v 0.17801078 0.19888394 -0.41519350
v 0.17761484 0.19888213 -0.41540933
v 0.17801078 0.19888394 -0.41519350
v 0.17750873 0.19864108 -0.41520587
v 0.17936575 0.19982162 -0.41526750
v 0.17857826 0.19919978 -0.41508618
v 0.17801078 0.19888394 -0.41519350
v 0.17761484 0.19888213 -0.41540933
v 0.17743184 0.19904798 -0.41548163
v 0.17964111 0.20050678 -0.41548580
v 0.17964111 0.20050678 -0.41548580
v 0.17743184 0.19904798 -0.41548163
v 0.17733310 0.19974741 -0.41559243
v 0.17117830 0.19383247 -0.39807439
v 0.17195751 0.19407502 -0.39934438
v 0.17072052 0.19467291 -0.39999524
v 0.17117830 0.19383247 -0.39807439
v 0.17072052 0.19467291 -0.39999524
v 0.16989574 0.19435407 -0.39829400
v 0.17195751 0.19407502 -0.39934438
v 0.17219229 0.19441441 -0.40036026
v 0.17072052 0.19467291 -0.39999524
v 0.17195751 0.19407502 -0.39934438
v 0.17117830 0.19383247 -0.39807439
v 0.17292191 0.19346656 -0.39807439
v 0.16989574 0.19435407 -0.39829400
v 0.16984876 0.19423719 -0.39799389
v 0.17117830 0.19383247 -0.39807439
v 0.17195751 0.19407502 -0.39934438
v 0.17292191 0.19346656 -0.39807439
v 0.17311659 0.19423918 -0.40031877
v 0.17195751 0.19407502 -0.39934438
v 0.17311659 0.19423918 -0.40031877
v 0.17219229 0.19441441 -0.40036026
v 0.17292191 0.19346656 -0.39807439
v 0.17422353 0.19333142 -0.39798951
v 0.17394926 0.19416389 -0.40030789
v 0.17292191 0.19346656 -0.39807439
v 0.17394926 0.19416389 -0.40030789
v 0.17311659 0.19423918 -0.40031877
v 0.17422353 0.19333142 -0.39798951
v 0.17483997 0.19349986 -0.39844939
v 0.17484307 0.19413735 -0.40027878
v 0.17422353 0.19333142 -0.39798951
v 0.17484307 0.19413735 -0.40027878
v 0.17394926 0.19416389 -0.40030789
v 0.16776106 0.19540496 -0.39806291
v 0.16791654 0.19616152 -0.40008241
v 0.16666718 0.19688429 -0.39951453
v 0.16776106 0.19540496 -0.39806291
v 0.16666718 0.19688429 -0.39951453
v 0.16680482 0.19612792 -0.39807639
v 0.16791654 0.19616152 -0.40008241
v 0.16713443 0.19727874 -0.40109318
v 0.16666718 0.19688429 -0.39951453
v 0.16680482 0.19612792 -0.39807639
v 0.16666718 0.19688429 -0.39951453
v 0.16582635 0.19713034 -0.39830565
v 0.16582635 0.19713034 -0.39830565
v 0.16539809 0.19748637 -0.39807737
v 0.16680482 0.19612792 -0.39807639
v 0.16882062 0.19478452 -0.39806372
v 0.16984876 0.19423719 -0.39799389
v 0.16989574 0.19435407 -0.39829400
v 0.16776106 0.19540496 -0.39806291
v 0.16906495 0.19530563 -0.39975616
v 0.16791654 0.19616152 -0.40008241
v 0.16791654 0.19616152 -0.40008241
v 0.16906495 0.19530563 -0.39975616
v 0.16887128 0.19620800 -0.40148255
v 0.16776106 0.19540496 -0.39806291
v 0.16882062 0.19478452 -0.39806372
v 0.16906495 0.19530563 -0.39975616
v 0.16906495 0.19530563 -0.39975616
v 0.16950837 0.19563414 -0.40102297
v 0.16887128 0.19620800 -0.40148255
v 0.16882062 0.19478452 -0.39806372
v 0.16989574 0.19435407 -0.39829400
v 0.16906495 0.19530563 -0.39975616
v 0.16989574 0.19435407 -0.39829400
v 0.17072052 0.19467291 -0.39999524
v 0.16906495 0.19530563 -0.39975616
v 0.16906495 0.19530563 -0.39975616
v 0.17072052 0.19467291 -0.39999524
v 0.17058599 0.19532298 -0.40138420
v 0.16906495 0.19530563 -0.39975616
v 0.17058599 0.19532298 -0.40138420
v 0.16950837 0.19563414 -0.40102297
v 0.16451426 0.19922303 -0.39909685
v 0.16451925 0.20020987 -0.40045720
v 0.16362026 0.20010087 -0.39806253
v 0.16362026 0.20010087 -0.39806253
v 0.16451925 0.20020987 -0.40045720
v 0.16407414 0.20093423 -0.40022662
v 0.16362026 0.20010087 -0.39806253
v 0.16407414 0.20093423 -0.40022662
v 0.16325174 0.20091918 -0.39807099
v 0.16451426 0.19922303 -0.39909685
v 0.16493523 0.19963920 -0.40064660
v 0.16451925 0.20020987 -0.40045720
v 0.16451426 0.19922303 -0.39909685
v 0.16387248 0.19952750 -0.39797497
v 0.16459076 0.19849756 -0.39806890
v 0.16451426 0.19922303 -0.39909685
v 0.16362026 0.20010087 -0.39806253
v 0.16387248 0.19952750 -0.39797497
v 0.16459076 0.19849756 -0.39806890
v 0.16539809 0.19748637 -0.39807737
v 0.16537355 0.19822629 -0.39942664
v 0.16537355 0.19822629 -0.39942664
v 0.16539809 0.19748637 -0.39807737
v 0.16582635 0.19713034 -0.39830565
v 0.16451426 0.19922303 -0.39909685
v 0.16459076 0.19849756 -0.39806890
v 0.16537355 0.19822629 -0.39942664
v 0.16451426 0.19922303 -0.39909685
v 0.16537355 0.19822629 -0.39942664
v 0.16533884 0.19912110 -0.40077862
v 0.16451426 0.19922303 -0.39909685
v 0.16533884 0.19912110 -0.40077862
v 0.16493523 0.19963920 -0.40064660
v 0.16537355 0.19822629 -0.39942664
v 0.16582635 0.19713034 -0.39830565
v 0.16598970 0.19786726 -0.40007153
v 0.16582635 0.19713034 -0.39830565
v 0.16666718 0.19688429 -0.39951453
v 0.16598970 0.19786726 -0.40007153
v 0.16598970 0.19786726 -0.40007153
v 0.16666718 0.19688429 -0.39951453
v 0.16713443 0.19727874 -0.40109318
v 0.16277651 0.20377412 -0.39897037
v 0.16330700 0.20444053 -0.40063849
v 0.16306573 0.20532995 -0.40016878
v 0.16277651 0.20377412 -0.39897037
v 0.16306573 0.20532995 -0.40016878
v 0.16233380 0.20496164 -0.39806440
v 0.16310483 0.20296280 -0.39950025
v 0.16359513 0.20366740 -0.40107971
v 0.16277651 0.20377412 -0.39897037
v 0.16277651 0.20377412 -0.39897037
v 0.16359513 0.20366740 -0.40107971
v 0.16330700 0.20444053 -0.40063849
v 0.16277651 0.20377412 -0.39897037
v 0.16233380 0.20496164 -0.39806440
v 0.16252489 0.20333660 -0.39804068
v 0.16310483 0.20296280 -0.39950025
v 0.16277651 0.20377412 -0.39897037
v 0.16307640 0.20185047 -0.39854673
v 0.16277651 0.20377412 -0.39897037
v 0.16252489 0.20333660 -0.39804068
v 0.16283487 0.20202222 -0.39804068
v 0.16277651 0.20377412 -0.39897037
v 0.16283487 0.20202222 -0.39804068
v 0.16307640 0.20185047 -0.39854673
v 0.16307640 0.20185047 -0.39854673
v 0.16283487 0.20202222 -0.39804068
v 0.16325174 0.20091918 -0.39807099
v 0.16310483 0.20296280 -0.39950025
v 0.16307640 0.20185047 -0.39854673
v 0.16372806 0.20199649 -0.40040165
v 0.16307640 0.20185047 -0.39854673
v 0.16325174 0.20091918 -0.39807099
v 0.16407414 0.20093423 -0.40022662
v 0.16307640 0.20185047 -0.39854673
v 0.16407414 0.20093423 -0.40022662
v 0.16372806 0.20199649 -0.40040165
v 0.16323370 0.20880972 -0.39940780
v 0.16384375 0.20939605 -0.40048441
v 0.16307820 0.20957696 -0.39827174
v 0.16307820 0.20957696 -0.39827174
v 0.16384375 0.20939605 -0.40048441
v 0.16397880 0.21056671 -0.39963141
v 0.16307820 0.20957696 -0.39827174
v 0.16397880 0.21056671 -0.39963141
v 0.16325185 0.21022922 -0.39807099
v 0.16289969 0.20819986 -0.39888242
v 0.16288283 0.20726855 -0.39936501
v 0.16323370 0.20880972 -0.39940780
v 0.16288283 0.20726855 -0.39936501
v 0.16372567 0.20834188 -0.40096983
v 0.16323370 0.20880972 -0.39940780
v 0.16323370 0.20880972 -0.39940780
v 0.16372567 0.20834188 -0.40096983
v 0.16384375 0.20939605 -0.40048441
v 0.16249748 0.20786366 -0.39798063
v 0.16289969 0.20819986 -0.39888242
v 0.16282070 0.20921016 -0.39798892
v 0.16289969 0.20819986 -0.39888242
v 0.16323370 0.20880972 -0.39940780
v 0.16307820 0.20957696 -0.39827174
v 0.16289969 0.20819986 -0.39888242
v 0.16307820 0.20957696 -0.39827174
v 0.16282070 0.20921016 -0.39798892
v 0.16307820 0.20957696 -0.39827174
v 0.16325185 0.21022922 -0.39807099
v 0.16282070 0.20921016 -0.39798892
v 0.16289969 0.20819986 -0.39888242
v 0.16249748 0.20786366 -0.39798063
v 0.16288283 0.20726855 -0.39936501
v 0.16288283 0.20726855 -0.39936501
v 0.16249748 0.20786366 -0.39798063
v 0.16233161 0.20655696 -0.39799660
v 0.16288283 0.20726855 -0.39936501
v 0.16233161 0.20655696 -0.39799660
v 0.16287665 0.20646082 -0.39959270
v 0.16287665 0.20646082 -0.39959270
v 0.16233161 0.20655696 -0.39799660
v 0.16234528 0.20542490 -0.39811397
v 0.16287665 0.20646082 -0.39959270
v 0.16234528 0.20542490 -0.39811397
v 0.16233380 0.20496164 -0.39806440
v 0.16288283 0.20726855 -0.39936501
v 0.16350485 0.20699330 -0.40105540
v 0.16372567 0.20834188 -0.40096983
v 0.16288283 0.20726855 -0.39936501
v 0.16287665 0.20646082 -0.39959270
v 0.16350485 0.20699330 -0.40105540
v 0.16287665 0.20646082 -0.39959270
v 0.16233380 0.20496164 -0.39806440
v 0.16306573 0.20532995 -0.40016878
v 0.16287665 0.20646082 -0.39959270
v 0.16306573 0.20532995 -0.40016878
v 0.16331258 0.20614527 -0.40076476
v 0.16458647 0.21188079 -0.39934596
v 0.16527702 0.21315119 -0.39882067
v 0.16471213 0.21285897 -0.39801773
v 0.16527702 0.21315119 -0.39882067
v 0.16626647 0.21339403 -0.40041679
v 0.16639771 0.21412249 -0.39928293
v 0.16527702 0.21315119 -0.39882067
v 0.16639771 0.21412249 -0.39928293
v 0.16589136 0.21419498 -0.39807069
v 0.16458647 0.21188079 -0.39934596
v 0.16556135 0.21247989 -0.40055203
v 0.16527702 0.21315119 -0.39882067
v 0.16527702 0.21315119 -0.39882067
v 0.16556135 0.21247989 -0.40055203
v 0.16626647 0.21339403 -0.40041679
v 0.16458647 0.21188079 -0.39934596
v 0.16508144 0.21121667 -0.40134832
v 0.16556135 0.21247989 -0.40055203
v 0.16471213 0.21285897 -0.39801773
v 0.16527702 0.21315119 -0.39882067
v 0.16589136 0.21419498 -0.39807069
v 0.16458647 0.21188079 -0.39934596
v 0.16471213 0.21285897 -0.39801773
v 0.16387257 0.21162099 -0.39797497
v 0.16458647 0.21188079 -0.39934596
v 0.16387257 0.21162099 -0.39797497
v 0.16362056 0.21104813 -0.39806253
v 0.16458647 0.21188079 -0.39934596
v 0.16362056 0.21104813 -0.39806253
v 0.16397880 0.21056671 -0.39963141
v 0.16458647 0.21188079 -0.39934596
v 0.16397880 0.21056671 -0.39963141
v 0.16508144 0.21121667 -0.40134832
v 0.16397880 0.21056671 -0.39963141
v 0.16451186 0.21031229 -0.40113658
v 0.16508144 0.21121667 -0.40134832
v 0.16362056 0.21104813 -0.39806253
v 0.16325185 0.21022922 -0.39807099
v 0.16397880 0.21056671 -0.39963141
v 0.16397880 0.21056671 -0.39963141
v 0.16384375 0.20939605 -0.40048441
v 0.16451186 0.21031229 -0.40113658
v 0.16780832 0.21565507 -0.39835703
v 0.16791615 0.21498597 -0.40008360
v 0.16884315 0.21557429 -0.40008709
v 0.16780832 0.21565507 -0.39835703
v 0.16884315 0.21557429 -0.40008709
v 0.16892405 0.21641473 -0.39807516
v 0.16892405 0.21641473 -0.39807516
v 0.16884315 0.21557429 -0.40008709
v 0.16997631 0.21649632 -0.39920834
v 0.16884315 0.21557429 -0.40008709
v 0.16982123 0.21555883 -0.40125218
v 0.16997631 0.21649632 -0.39920834
v 0.16997631 0.21649632 -0.39920834
v 0.16982123 0.21555883 -0.40125218
v 0.17058061 0.21647020 -0.39989191
v 0.16780832 0.21565507 -0.39835703
v 0.16892405 0.21641473 -0.39807516
v 0.16790697 0.21593213 -0.39795449
v 0.16997631 0.21649632 -0.39920834
v 0.17025946 0.21701363 -0.39806491
v 0.16892405 0.21641473 -0.39807516
v 0.16667597 0.21491686 -0.39806610
v 0.16589136 0.21419498 -0.39807069
v 0.16639771 0.21412249 -0.39928293
v 0.16780832 0.21565507 -0.39835703
v 0.16790697 0.21593213 -0.39795449
v 0.16667597 0.21491686 -0.39806610
v 0.16780832 0.21565507 -0.39835703
v 0.16667597 0.21491686 -0.39806610
v 0.16705057 0.21431078 -0.40009069
v 0.16780832 0.21565507 -0.39835703
v 0.16705057 0.21431078 -0.40009069
v 0.16791615 0.21498597 -0.40008360
v 0.16667597 0.21491686 -0.39806610
v 0.16639771 0.21412249 -0.39928293
v 0.16705057 0.21431078 -0.40009069
v 0.16705057 0.21431078 -0.40009069
v 0.16639771 0.21412249 -0.39928293
v 0.16626647 0.21339403 -0.40041679
v 0.17199831 0.21691081 -0.39981642
v 0.17311151 0.21690542 -0.40030929
v 0.17308798 0.21769670 -0.39806381
v 0.17308798 0.21769670 -0.39806381
v 0.17311151 0.21690542 -0.40030929
v 0.17431399 0.21735442 -0.39935493
v 0.17308798 0.21769670 -0.39806381
v 0.17431399 0.21735442 -0.39935493
v 0.17398089 0.21777509 -0.39806363
v 0.17311151 0.21690542 -0.40030929
v 0.17413956 0.21660931 -0.40125218
v 0.17431399 0.21735442 -0.39935493
v 0.17199831 0.21691081 -0.39981642
v 0.17308798 0.21769670 -0.39806381
v 0.17173691 0.21746163 -0.39806750
v 0.17398089 0.21777509 -0.39806363
v 0.17431399 0.21735442 -0.39935493
v 0.17530283 0.21731652 -0.39940262
v 0.17398089 0.21777509 -0.39806363
v 0.17530283 0.21731652 -0.39940262
v 0.17484528 0.21786256 -0.39798394
v 0.17173691 0.21746163 -0.39806750
v 0.17095679 0.21727623 -0.39799389
v 0.17058061 0.21647020 -0.39989191
v 0.17173691 0.21746163 -0.39806750
v 0.17058061 0.21647020 -0.39989191
v 0.17199831 0.21691081 -0.39981642
v 0.17199831 0.21691081 -0.39981642
v 0.17058061 0.21647020 -0.39989191
v 0.17133738 0.21614327 -0.40125218
v 0.17095679 0.21727623 -0.39799389
v 0.17025946 0.21701363 -0.39806491
v 0.16997631 0.21649632 -0.39920834
v 0.17095679 0.21727623 -0.39799389
v 0.16997631 0.21649632 -0.39920834
v 0.17058061 0.21647020 -0.39989191
v 0.17717682 0.21736279 -0.39847341
v 0.17658900 0.21684907 -0.40021715
v 0.17756259 0.21659435 -0.40031427
v 0.17717682 0.21736279 -0.39847341
v 0.17756259 0.21659435 -0.40031427
v 0.17823449 0.21721360 -0.39807510
v 0.17823449 0.21721360 -0.39807510
v 0.17756259 0.21659435 -0.40031427
v 0.17836185 0.21634313 -0.40030780
v 0.17823449 0.21721360 -0.39807510
v 0.17836185 0.21634313 -0.40030780
v 0.17916758 0.21674724 -0.39845267
v 0.17916758 0.21674724 -0.39845267
v 0.17836185 0.21634313 -0.40030780
v 0.17920709 0.21609679 -0.40009367
v 0.17649874 0.21763088 -0.39806780
v 0.17717682 0.21736279 -0.39847341
v 0.17803910 0.21735272 -0.39798394
v 0.17717682 0.21736279 -0.39847341
v 0.17823449 0.21721360 -0.39807510
v 0.17803910 0.21735272 -0.39798394
v 0.17916758 0.21674724 -0.39845267
v 0.17949550 0.21674994 -0.39805284
v 0.17823449 0.21721360 -0.39807510
v 0.17570785 0.21775813 -0.39799401
v 0.17484528 0.21786256 -0.39798394
v 0.17530283 0.21731652 -0.39940262
v 0.17717682 0.21736279 -0.39847341
v 0.17649874 0.21763088 -0.39806780
v 0.17612584 0.21687800 -0.40034142
v 0.17717682 0.21736279 -0.39847341
v 0.17612584 0.21687800 -0.40034142
v 0.17658900 0.21684907 -0.40021715
v 0.17649874 0.21763088 -0.39806780
v 0.17570785 0.21775813 -0.39799401
v 0.17530283 0.21731652 -0.39940262
v 0.17649874 0.21763088 -0.39806780
v 0.17530283 0.21731652 -0.39940262
v 0.17612584 0.21687800 -0.40034142
v 0.17530283 0.21731652 -0.39940262
v 0.17431399 0.21735442 -0.39935493
v 0.17413956 0.21660931 -0.40125218
v 0.18126267 0.21515821 -0.39957994
v 0.18193218 0.21456629 -0.39975718
v 0.18194205 0.21529244 -0.39806581
v 0.18194205 0.21529244 -0.39806581
v 0.18193218 0.21456629 -0.39975718
v 0.18240850 0.21491435 -0.39807510
v 0.18240850 0.21491435 -0.39807510
v 0.18193218 0.21456629 -0.39975718
v 0.18280484 0.21424724 -0.39877841
v 0.18280484 0.21424724 -0.39877841
v 0.18193218 0.21456629 -0.39975718
v 0.18241806 0.21387315 -0.40028018
v 0.18193218 0.21456629 -0.39975718
v 0.18126267 0.21515821 -0.39957994
v 0.18173958 0.21397088 -0.40123370
v 0.18193218 0.21456629 -0.39975718
v 0.18173958 0.21397088 -0.40123370
v 0.18241806 0.21387315 -0.40028018
v 0.18126267 0.21515821 -0.39957994
v 0.18194205 0.21529244 -0.39806581
v 0.18083970 0.21594560 -0.39830169
v 0.18083970 0.21594560 -0.39830169
v 0.18194205 0.21529244 -0.39806581
v 0.18111487 0.21595098 -0.39798892
v 0.18240850 0.21491435 -0.39807510
v 0.18280484 0.21424724 -0.39877841
v 0.18306373 0.21430519 -0.39811397
v 0.18026803 0.21636337 -0.39806321
v 0.17949550 0.21674994 -0.39805284
v 0.17916758 0.21674724 -0.39845267
v 0.18083970 0.21594560 -0.39830169
v 0.18111487 0.21595098 -0.39798892
v 0.18026803 0.21636337 -0.39806321
v 0.18126267 0.21515821 -0.39957994
v 0.18083970 0.21594560 -0.39830169
v 0.18027551 0.21570574 -0.39973482
v 0.18126267 0.21515821 -0.39957994
v 0.18027551 0.21570574 -0.39973482
v 0.18043947 0.21497719 -0.40113130
v 0.18083970 0.21594560 -0.39830169
v 0.18026803 0.21636337 -0.39806321
v 0.18027551 0.21570574 -0.39973482
v 0.18027551 0.21570574 -0.39973482
v 0.17975281 0.21521544 -0.40146169
v 0.18043947 0.21497719 -0.40113130
v 0.18026803 0.21636337 -0.39806321
v 0.17916758 0.21674724 -0.39845267
v 0.17920709 0.21609679 -0.40009367
v 0.18026803 0.21636337 -0.39806321
v 0.17920709 0.21609679 -0.40009367
v 0.18027551 0.21570574 -0.39973482
v 0.18027551 0.21570574 -0.39973482
v 0.17920709 0.21609679 -0.40009367
v 0.17975281 0.21521544 -0.40146169
v 0.18409199 0.21244946 -0.39937451
v 0.18418324 0.21147239 -0.40063930
v 0.18494040 0.21144874 -0.39886767
v 0.18494040 0.21144874 -0.39886767
v 0.18418324 0.21147239 -0.40063930
v 0.18457408 0.21067891 -0.40074861
v 0.18494040 0.21144874 -0.39886767
v 0.18457408 0.21067891 -0.40074861
v 0.18533784 0.21036804 -0.39927277
v 0.18457408 0.21067891 -0.40074861
v 0.18474802 0.20980096 -0.40125218
v 0.18533784 0.21036804 -0.39927277
v 0.18409199 0.21244946 -0.39937451
v 0.18494040 0.21144874 -0.39886767
v 0.18500334 0.21190523 -0.39805543
v 0.18494040 0.21144874 -0.39886767
v 0.18533784 0.21036804 -0.39927277
v 0.18579870 0.21032396 -0.39806691
v 0.18494040 0.21144874 -0.39886767
v 0.18579870 0.21032396 -0.39806691
v 0.18500334 0.21190523 -0.39805543
v 0.18409199 0.21244946 -0.39937451
v 0.18500334 0.21190523 -0.39805543
v 0.18421695 0.21303998 -0.39805833
v 0.18409199 0.21244946 -0.39937451
v 0.18421695 0.21303998 -0.39805833
v 0.18354125 0.21328881 -0.39915019
v 0.18354125 0.21328881 -0.39915019
v 0.18421695 0.21303998 -0.39805833
v 0.18354975 0.21374889 -0.39820164
v 0.18354975 0.21374889 -0.39820164
v 0.18306373 0.21430519 -0.39811397
v 0.18280484 0.21424724 -0.39877841
v 0.18421695 0.21303998 -0.39805833
v 0.18386857 0.21351770 -0.39801735
v 0.18354975 0.21374889 -0.39820164
v 0.18354975 0.21374889 -0.39820164
v 0.18386857 0.21351770 -0.39801735
v 0.18306373 0.21430519 -0.39811397
v 0.18418324 0.21147239 -0.40063930
v 0.18409199 0.21244946 -0.39937451
v 0.18338059 0.21247579 -0.40085334
v 0.18409199 0.21244946 -0.39937451
v 0.18354125 0.21328881 -0.39915019
v 0.18338059 0.21247579 -0.40085334
v 0.18354125 0.21328881 -0.39915019
v 0.18269274 0.21329410 -0.40082461
v 0.18338059 0.21247579 -0.40085334
v 0.18354975 0.21374889 -0.39820164
v 0.18280484 0.21424724 -0.39877841
v 0.18354125 0.21328881 -0.39915019
v 0.18354125 0.21328881 -0.39915019
v 0.18280484 0.21424724 -0.39877841
v 0.18241806 0.21387315 -0.40028018
v 0.18354125 0.21328881 -0.39915019
v 0.18241806 0.21387315 -0.40028018
v 0.18269274 0.21329410 -0.40082461
v 0.18606529 0.20773141 -0.39954084
v 0.18578614 0.20670785 -0.40062356
v 0.18652466 0.20643678 -0.39868224
v 0.18652466 0.20643678 -0.39868224
v 0.18578614 0.20670785 -0.40062356
v 0.18582873 0.20615403 -0.40062344
v 0.18652466 0.20643678 -0.39868224
v 0.18582873 0.20615403 -0.40062344
v 0.18641455 0.20533334 -0.39909273
v 0.18582873 0.20615403 -0.40062344
v 0.18588299 0.20525245 -0.40051654
v 0.18641455 0.20533334 -0.39909273
v 0.18606529 0.20773141 -0.39954084
v 0.18652466 0.20643678 -0.39868224
v 0.18651918 0.20802692 -0.39805961
v 0.18651918 0.20802692 -0.39805961
v 0.18652466 0.20643678 -0.39868224
v 0.18679753 0.20651607 -0.39798394
v 0.18652466 0.20643678 -0.39868224
v 0.18641455 0.20533334 -0.39909273
v 0.18681887 0.20504551 -0.39798394
v 0.18652466 0.20643678 -0.39868224
v 0.18681887 0.20504551 -0.39798394
v 0.18679753 0.20651607 -0.39798394
v 0.18618597 0.20926780 -0.39806610
v 0.18579870 0.21032396 -0.39806691
v 0.18566138 0.20925961 -0.39952269
v 0.18651918 0.20802692 -0.39805961
v 0.18618597 0.20926780 -0.39806610
v 0.18606529 0.20773141 -0.39954084
v 0.18606529 0.20773141 -0.39954084
v 0.18618597 0.20926780 -0.39806610
v 0.18566138 0.20925961 -0.39952269
v 0.18606529 0.20773141 -0.39954084
v 0.18566138 0.20925961 -0.39952269
v 0.18560542 0.20775396 -0.40071601
v 0.18560542 0.20775396 -0.40071601
v 0.18566138 0.20925961 -0.39952269
v 0.18512861 0.20903981 -0.40103474
v 0.18566138 0.20925961 -0.39952269
v 0.18579870 0.21032396 -0.39806691
v 0.18533784 0.21036804 -0.39927277
v 0.18566138 0.20925961 -0.39952269
v 0.18533784 0.21036804 -0.39927277
v 0.18474802 0.20980096 -0.40125218
v 0.18566138 0.20925961 -0.39952269
v 0.18474802 0.20980096 -0.40125218
v 0.18512861 0.20903981 -0.40103474
v 0.18622746 0.20279844 -0.39866748
v 0.18576470 0.20182694 -0.39921942
v 0.18624650 0.20203379 -0.39803809
v 0.18576470 0.20182694 -0.39921942
v 0.18510646 0.20119922 -0.40029144
v 0.18566865 0.20044096 -0.39799470
v 0.18622746 0.20279844 -0.39866748
v 0.18562557 0.20310022 -0.40047595
v 0.18576470 0.20182694 -0.39921942
v 0.18562557 0.20310022 -0.40047595
v 0.18512869 0.20210838 -0.40103436
v 0.18576470 0.20182694 -0.39921942
v 0.18576470 0.20182694 -0.39921942
v 0.18512869 0.20210838 -0.40103436
v 0.18510646 0.20119922 -0.40029144
v 0.18666190 0.20403741 -0.39807877
v 0.18622746 0.20279844 -0.39866748
v 0.18624650 0.20203379 -0.39803809
v 0.18576470 0.20182694 -0.39921942
v 0.18566865 0.20044096 -0.39799470
v 0.18624650 0.20203379 -0.39803809
v 0.18666190 0.20403741 -0.39807877
v 0.18681887 0.20504551 -0.39798394
v 0.18641455 0.20533334 -0.39909273
v 0.18622746 0.20279844 -0.39866748
v 0.18666190 0.20403741 -0.39807877
v 0.18595958 0.20413186 -0.40007970
v 0.18622746 0.20279844 -0.39866748
v 0.18595958 0.20413186 -0.40007970
v 0.18562557 0.20310022 -0.40047595
v 0.18666190 0.20403741 -0.39807877
v 0.18641455 0.20533334 -0.39909273
v 0.18595958 0.20413186 -0.40007970
v 0.18595958 0.20413186 -0.40007970
v 0.18641455 0.20533334 -0.39909273
v 0.18588299 0.20525245 -0.40051654
v 0.18357965 0.19737816 -0.39812145
v 0.18354185 0.19785757 -0.39914513
v 0.18300648 0.19672930 -0.39799887
v 0.18457538 0.19922203 -0.39908957
v 0.18395874 0.19894916 -0.40007961
v 0.18453579 0.19849478 -0.39799112
v 0.18453579 0.19849478 -0.39799112
v 0.18395874 0.19894916 -0.40007961
v 0.18354185 0.19785757 -0.39914513
v 0.18354185 0.19785757 -0.39914513
v 0.18259519 0.19712394 -0.39965126
v 0.18300648 0.19672930 -0.39799887
v 0.18395874 0.19894916 -0.40007961
v 0.18295603 0.19801645 -0.40062016
v 0.18354185 0.19785757 -0.39914513
v 0.18354185 0.19785757 -0.39914513
v 0.18295603 0.19801645 -0.40062016
v 0.18259519 0.19712394 -0.39965126
v 0.18395874 0.19894916 -0.40007961
v 0.18346576 0.19897190 -0.40112430
v 0.18295603 0.19801645 -0.40062016
v 0.18453579 0.19849478 -0.39799112
v 0.18354185 0.19785757 -0.39914513
v 0.18396242 0.19773291 -0.39798203
v 0.18354185 0.19785757 -0.39914513
v 0.18357965 0.19737816 -0.39812145
v 0.18396242 0.19773291 -0.39798203
v 0.18457538 0.19922203 -0.39908957
v 0.18453579 0.19849478 -0.39799112
v 0.18515922 0.19947784 -0.39799747
v 0.18515922 0.19947784 -0.39799747
v 0.18566865 0.20044096 -0.39799470
v 0.18517129 0.20028497 -0.39909685
v 0.18457538 0.19922203 -0.39908957
v 0.18429783 0.19970334 -0.40040025
v 0.18395874 0.19894916 -0.40007961
v 0.18457538 0.19922203 -0.39908957
v 0.18515922 0.19947784 -0.39799747
v 0.18517129 0.20028497 -0.39909685
v 0.18457538 0.19922203 -0.39908957
v 0.18517129 0.20028497 -0.39909685
v 0.18458296 0.20020817 -0.40039617
v 0.18457538 0.19922203 -0.39908957
v 0.18458296 0.20020817 -0.40039617
v 0.18429783 0.19970334 -0.40040025
v 0.18517129 0.20028497 -0.39909685
v 0.18451315 0.20071372 -0.40113148
v 0.18458296 0.20020817 -0.40039617
v 0.18517129 0.20028497 -0.39909685
v 0.18566865 0.20044096 -0.39799470
v 0.18510646 0.20119922 -0.40029144
v 0.18517129 0.20028497 -0.39909685
v 0.18510646 0.20119922 -0.40029144
v 0.18451315 0.20071372 -0.40113148
v 0.17277232 0.19908828 -0.41369590
v 0.17167845 0.19950916 -0.41434577
v 0.17150183 0.19952820 -0.41336590
v 0.17277232 0.19908828 -0.41369590
v 0.17323299 0.19898835 -0.41441140
v 0.17228533 0.19922651 -0.41495574
v 0.17277232 0.19908828 -0.41369590
v 0.17228533 0.19922651 -0.41495574
v 0.17167845 0.19950916 -0.41434577
v 0.17277232 0.19908828 -0.41369590
v 0.17234975 0.19894008 -0.41216260
v 0.17353846 0.19880614 -0.41283742
v 0.17353846 0.19880614 -0.41283742
v 0.17234975 0.19894008 -0.41216260
v 0.17296579 0.19847174 -0.41103154
v 0.17234975 0.19894008 -0.41216260
v 0.17230028 0.19847922 -0.41051593
v 0.17296579 0.19847174 -0.41103154
v 0.17277232 0.19908828 -0.41369590
v 0.17150183 0.19952820 -0.41336590
v 0.17234975 0.19894008 -0.41216260
v 0.17353846 0.19880614 -0.41283742
v 0.17453499 0.19846345 -0.41163215
v 0.17487569 0.19877373 -0.41306600
v 0.17353846 0.19880614 -0.41283742
v 0.17296579 0.19847174 -0.41103154
v 0.17366612 0.19845916 -0.41142559
v 0.17353846 0.19880614 -0.41283742
v 0.17366612 0.19845916 -0.41142559
v 0.17453499 0.19846345 -0.41163215
v 0.17366612 0.19845916 -0.41142559
v 0.17296579 0.19847174 -0.41103154
v 0.17426492 0.19800329 -0.41006106
v 0.17366612 0.19845916 -0.41142559
v 0.17426492 0.19800329 -0.41006106
v 0.17453499 0.19846345 -0.41163215
v 0.17277232 0.19908828 -0.41369590
v 0.17353846 0.19880614 -0.41283742
v 0.17438878 0.19886418 -0.41429481
v 0.17277232 0.19908828 -0.41369590
v 0.17438878 0.19886418 -0.41429481
v 0.17323299 0.19898835 -0.41441140
v 0.17353846 0.19880614 -0.41283742
v 0.17487569 0.19877373 -0.41306600
v 0.17438878 0.19886418 -0.41429481
v 0.17708407 0.19415671 -0.39959690
v 0.17645225 0.19433801 -0.40038690
v 0.17592597 0.19343813 -0.39807430
v 0.17592597 0.19343813 -0.39807430
v 0.17645225 0.19433801 -0.40038690
v 0.17549522 0.19414923 -0.40021405
v 0.17592597 0.19343813 -0.39807430
v 0.17549522 0.19414923 -0.40021405
v 0.17483997 0.19349986 -0.39844939
v 0.17483997 0.19349986 -0.39844939
v 0.17549522 0.19414923 -0.40021405
v 0.17484307 0.19413735 -0.40027878
v 0.17708407 0.19415671 -0.39959690
v 0.17592597 0.19343813 -0.39807430
v 0.17767787 0.19376734 -0.39807430
v 0.17483997 0.19349986 -0.39844939
v 0.17422353 0.19333142 -0.39798951
v 0.17592597 0.19343813 -0.39807430
v 0.17767787 0.19376734 -0.39807430
v 0.17804718 0.19473545 -0.40040395
v 0.17708407 0.19415671 -0.39959690
v 0.17767787 0.19376734 -0.39807430
v 0.17898127 0.19421335 -0.39813900
v 0.17910755 0.19471531 -0.39937919
v 0.17767787 0.19376734 -0.39807430
v 0.17910755 0.19471531 -0.39937919
v 0.17804718 0.19473545 -0.40040395
v 0.17910755 0.19471531 -0.39937919
v 0.17906415 0.19569018 -0.40168670
v 0.17804718 0.19473545 -0.40040395
v 0.18100776 0.19590023 -0.39977172
v 0.18023182 0.19538541 -0.39965644
v 0.18100505 0.19519103 -0.39802891
v 0.18100505 0.19519103 -0.39802891
v 0.18023182 0.19538541 -0.39965644
v 0.18007086 0.19464558 -0.39798883
v 0.18007086 0.19464558 -0.39798883
v 0.18023182 0.19538541 -0.39965644
v 0.17910755 0.19471531 -0.39937919
v 0.18100776 0.19590023 -0.39977172
v 0.18053141 0.19609690 -0.40086010
v 0.18023182 0.19538541 -0.39965644
v 0.18053141 0.19609690 -0.40086010
v 0.17975132 0.19593464 -0.40146738
v 0.18023182 0.19538541 -0.39965644
v 0.18023182 0.19538541 -0.39965644
v 0.17975132 0.19593464 -0.40146738
v 0.17906415 0.19569018 -0.40168670
v 0.18023182 0.19538541 -0.39965644
v 0.17906415 0.19569018 -0.40168670
v 0.17910755 0.19471531 -0.39937919
v 0.18007086 0.19464558 -0.39798883
v 0.17910755 0.19471531 -0.39937919
v 0.17898127 0.19421335 -0.39813900
v 0.18100776 0.19590023 -0.39977172
v 0.18100505 0.19519103 -0.39802891
v 0.18202132 0.19602889 -0.39831126
v 0.18100505 0.19519103 -0.39802891
v 0.18229640 0.19603926 -0.39796397
v 0.18202132 0.19602889 -0.39831126
v 0.18202132 0.19602889 -0.39831126
v 0.18229640 0.19603926 -0.39796397
v 0.18300648 0.19672930 -0.39799887
v 0.18100776 0.19590023 -0.39977172
v 0.18202132 0.19602889 -0.39831126
v 0.18132161 0.19637705 -0.40030870
v 0.18202132 0.19602889 -0.39831126
v 0.18176483 0.19672123 -0.40031040
v 0.18132161 0.19637705 -0.40030870
v 0.18202132 0.19602889 -0.39831126
v 0.18300648 0.19672930 -0.39799887
v 0.18259519 0.19712394 -0.39965126
v 0.18202132 0.19602889 -0.39831126
v 0.18259519 0.19712394 -0.39965126
v 0.18176483 0.19672123 -0.40031040
v 0.18176483 0.19672123 -0.40031040
v 0.18259519 0.19712394 -0.39965126
v 0.18199781 0.19735831 -0.40113905
v 0.18259519 0.19712394 -0.39965126
v 0.18295603 0.19801645 -0.40062016
v 0.18199781 0.19735831 -0.40113905
v 0.17617700 0.20860317 -0.41511840
v 0.17445680 0.20119563 -0.41512749
v 0.17796889 0.20327167 -0.41512737
v 0.17796889 0.20327167 -0.41512737
v 0.17445680 0.20119563 -0.41512749
v 0.17679954 0.19947854 -0.41514912
v 0.17617700 0.20860317 -0.41511840
v 0.17796889 0.20327167 -0.41512737
v 0.18091699 0.20541033 -0.41514790
v 0.17617700 0.20860317 -0.41511840
v 0.18091699 0.20541033 -0.41514790
v 0.17905398 0.20975220 -0.41514760
v 0.17617700 0.20860317 -0.41511840
v 0.17489743 0.21205422 -0.41514653
v 0.17209056 0.21146132 -0.41514900
v 0.17617700 0.20860317 -0.41511840
v 0.17209056 0.21146132 -0.41514900
v 0.16998062 0.20761164 -0.41513276
v 0.17061062 0.20361903 -0.41512626
v 0.17617700 0.20860317 -0.41511840
v 0.16998062 0.20761164 -0.41513276
v 0.16998062 0.20761164 -0.41513276
v 0.17209056 0.21146132 -0.41514900
v 0.16991329 0.21014833 -0.41514692
v 0.17617700 0.20860317 -0.41511840
v 0.17061062 0.20361903 -0.41512626
v 0.17445680 0.20119563 -0.41512749
v 0.17061062 0.20361903 -0.41512626
v 0.17244349 0.19961657 -0.41514853
v 0.17445680 0.20119563 -0.41512749
v 0.17295763 0.19614607 -0.40487894
v 0.17365596 0.19749506 -0.40854353
v 0.17247583 0.19693147 -0.40654239
v 0.17247583 0.19693147 -0.40654239
v 0.17188910 0.19785438 -0.40844569
v 0.17166439 0.19685696 -0.40582889
v 0.17166439 0.19685696 -0.40582889
v 0.17188910 0.19785438 -0.40844569
v 0.17093556 0.19785959 -0.40751368
v 0.17166439 0.19685696 -0.40582889
v 0.17093556 0.19785959 -0.40751368
v 0.17045593 0.19704247 -0.40514353
v 0.17247583 0.19693147 -0.40654239
v 0.17298166 0.19772154 -0.40887174
v 0.17188910 0.19785438 -0.40844569
v 0.17298166 0.19772154 -0.40887174
v 0.17230028 0.19847922 -0.41051593
v 0.17188910 0.19785438 -0.40844569
v 0.17188910 0.19785438 -0.40844569
v 0.17230028 0.19847922 -0.41051593
v 0.17099877 0.19877772 -0.40985879
v 0.17295763 0.19614607 -0.40487894
v 0.17247583 0.19693147 -0.40654239
v 0.17164953 0.19511653 -0.40172541
v 0.17295763 0.19614607 -0.40487894
v 0.17164953 0.19511653 -0.40172541
v 0.17219229 0.19441441 -0.40036026
v 0.17247583 0.19693147 -0.40654239
v 0.17166439 0.19685696 -0.40582889
v 0.17164953 0.19511653 -0.40172541
v 0.17164953 0.19511653 -0.40172541
v 0.17072052 0.19467291 -0.39999524
v 0.17219229 0.19441441 -0.40036026
v 0.17166439 0.19685696 -0.40582889
v 0.17058599 0.19532298 -0.40138420
v 0.17164953 0.19511653 -0.40172541
v 0.17164953 0.19511653 -0.40172541
v 0.17058599 0.19532298 -0.40138420
v 0.17072052 0.19467291 -0.39999524
v 0.17166439 0.19685696 -0.40582889
v 0.17045593 0.19704247 -0.40514353
v 0.17058599 0.19532298 -0.40138420
v 0.17295763 0.19614607 -0.40487894
v 0.17219229 0.19441441 -0.40036026
v 0.17311659 0.19423918 -0.40031877
v 0.17295763 0.19614607 -0.40487894
v 0.17311659 0.19423918 -0.40031877
v 0.17386310 0.19611385 -0.40507632
v 0.17386310 0.19611385 -0.40507632
v 0.17311659 0.19423918 -0.40031877
v 0.17394926 0.19416389 -0.40030789
v 0.17386310 0.19611385 -0.40507632
v 0.17394926 0.19416389 -0.40030789
v 0.17442189 0.19631602 -0.40563092
v 0.17394926 0.19416389 -0.40030789
v 0.17484307 0.19413735 -0.40027878
v 0.17442189 0.19631602 -0.40563092
v 0.17247583 0.19693147 -0.40654239
v 0.17365596 0.19749506 -0.40854353
v 0.17298166 0.19772154 -0.40887174
v 0.17298166 0.19772154 -0.40887174
v 0.17296579 0.19847174 -0.41103154
v 0.17230028 0.19847922 -0.41051593
v 0.17298166 0.19772154 -0.40887174
v 0.17365596 0.19749506 -0.40854353
v 0.17426492 0.19800329 -0.41006106
v 0.17298166 0.19772154 -0.40887174
v 0.17426492 0.19800329 -0.41006106
v 0.17296579 0.19847174 -0.41103154
v 0.17386310 0.19611385 -0.40507632
v 0.17442189 0.19631602 -0.40563092
v 0.17295763 0.19614607 -0.40487894
v 0.17295763 0.19614607 -0.40487894
v 0.17442189 0.19631602 -0.40563092
v 0.17365596 0.19749506 -0.40854353
v 0.17442189 0.19631602 -0.40563092
v 0.17496565 0.19716164 -0.40775353
v 0.17365596 0.19749506 -0.40854353
v 0.17365596 0.19749506 -0.40854353
v 0.17496565 0.19716164 -0.40775353
v 0.17426492 0.19800329 -0.41006106
v 0.17047308 0.19998538 -0.41244018
v 0.17024748 0.20041862 -0.41410261
v 0.16970675 0.20085464 -0.41338095
v 0.17109402 0.19941261 -0.41182065
v 0.17047308 0.19998538 -0.41244018
v 0.16999058 0.19970922 -0.41057679
v 0.17047308 0.19998538 -0.41244018
v 0.16970675 0.20085464 -0.41338095
v 0.16946319 0.20066066 -0.41179022
v 0.17047308 0.19998538 -0.41244018
v 0.16946319 0.20066066 -0.41179022
v 0.16882470 0.20038681 -0.40966111
v 0.17047308 0.19998538 -0.41244018
v 0.16882470 0.20038681 -0.40966111
v 0.16999058 0.19970922 -0.41057679
v 0.17047308 0.19998538 -0.41244018
v 0.17109402 0.19941261 -0.41182065
v 0.17150183 0.19952820 -0.41336590
v 0.17150183 0.19952820 -0.41336590
v 0.17109402 0.19941261 -0.41182065
v 0.17234975 0.19894008 -0.41216260
v 0.17109402 0.19941261 -0.41182065
v 0.17230028 0.19847922 -0.41051593
v 0.17234975 0.19894008 -0.41216260
v 0.16999058 0.19970922 -0.41057679
v 0.17099877 0.19877772 -0.40985879
v 0.17109402 0.19941261 -0.41182065
v 0.17109402 0.19941261 -0.41182065
v 0.17099877 0.19877772 -0.40985879
v 0.17230028 0.19847922 -0.41051593
v 0.17047308 0.19998538 -0.41244018
v 0.17150183 0.19952820 -0.41336590
v 0.17024748 0.20041862 -0.41410261
v 0.17024748 0.20041862 -0.41410261
v 0.17150183 0.19952820 -0.41336590
v 0.17167845 0.19950916 -0.41434577
v 0.17024748 0.20041862 -0.41410261
v 0.17167845 0.19950916 -0.41434577
v 0.17078057 0.19998528 -0.41486657
v 0.16869496 0.19725220 -0.40339142
v 0.16986591 0.19880544 -0.40824822
v 0.16932398 0.19911461 -0.40805912
v 0.16869496 0.19725220 -0.40339142
v 0.16932398 0.19911461 -0.40805912
v 0.16865845 0.19881521 -0.40636465
v 0.16865845 0.19881521 -0.40636465
v 0.16821484 0.19983308 -0.40744466
v 0.16715239 0.19853637 -0.40330106
v 0.16865845 0.19881521 -0.40636465
v 0.16932398 0.19911461 -0.40805912
v 0.16882470 0.20038681 -0.40966111
v 0.16865845 0.19881521 -0.40636465
v 0.16882470 0.20038681 -0.40966111
v 0.16821484 0.19983308 -0.40744466
v 0.16986591 0.19880544 -0.40824822
v 0.17099877 0.19877772 -0.40985879
v 0.16999058 0.19970922 -0.41057679
v 0.16986591 0.19880544 -0.40824822
v 0.16999058 0.19970922 -0.41057679
v 0.16932398 0.19911461 -0.40805912
v 0.16932398 0.19911461 -0.40805912
v 0.16999058 0.19970922 -0.41057679
v 0.16882470 0.20038681 -0.40966111
v 0.16869496 0.19725220 -0.40339142
v 0.16865845 0.19881521 -0.40636465
v 0.16713443 0.19727874 -0.40109318
v 0.16869496 0.19725220 -0.40339142
v 0.16713443 0.19727874 -0.40109318
v 0.16791654 0.19616152 -0.40008241
v 0.16865845 0.19881521 -0.40636465
v 0.16715239 0.19853637 -0.40330106
v 0.16713443 0.19727874 -0.40109318
v 0.16887128 0.19620800 -0.40148255
v 0.16950837 0.19563414 -0.40102297
v 0.17045593 0.19704247 -0.40514353
v 0.17045593 0.19704247 -0.40514353
v 0.16950837 0.19563414 -0.40102297
v 0.17058599 0.19532298 -0.40138420
v 0.16869496 0.19725220 -0.40339142
v 0.16791654 0.19616152 -0.40008241
v 0.16887128 0.19620800 -0.40148255
v 0.16869496 0.19725220 -0.40339142
v 0.16887128 0.19620800 -0.40148255
v 0.17063215 0.19830538 -0.40819237
v 0.16869496 0.19725220 -0.40339142
v 0.17063215 0.19830538 -0.40819237
v 0.16986591 0.19880544 -0.40824822
v 0.16986591 0.19880544 -0.40824822
v 0.17063215 0.19830538 -0.40819237
v 0.17099877 0.19877772 -0.40985879
v 0.16887128 0.19620800 -0.40148255
v 0.17045593 0.19704247 -0.40514353
v 0.17093556 0.19785959 -0.40751368
v 0.16887128 0.19620800 -0.40148255
v 0.17093556 0.19785959 -0.40751368
v 0.17063215 0.19830538 -0.40819237
v 0.17093556 0.19785959 -0.40751368
v 0.17188910 0.19785438 -0.40844569
v 0.17063215 0.19830538 -0.40819237
v 0.17063215 0.19830538 -0.40819237
v 0.17188910 0.19785438 -0.40844569
v 0.17099877 0.19877772 -0.40985879
v 0.16911803 0.20150650 -0.41322309
v 0.16867061 0.20233698 -0.41430148
v 0.16866663 0.20223355 -0.41336820
v 0.16866663 0.20223355 -0.41336820
v 0.16867061 0.20233698 -0.41430148
v 0.16830082 0.20298792 -0.41338095
v 0.16830082 0.20298792 -0.41338095
v 0.16867061 0.20233698 -0.41430148
v 0.16813286 0.20359041 -0.41433609
v 0.16867061 0.20233698 -0.41430148
v 0.16833062 0.20296629 -0.41495633
v 0.16813286 0.20359041 -0.41433609
v 0.16911803 0.20150650 -0.41322309
v 0.16866663 0.20223355 -0.41336820
v 0.16839136 0.20228791 -0.41218907
v 0.16911803 0.20150650 -0.41322309
v 0.16839136 0.20228791 -0.41218907
v 0.16894428 0.20142531 -0.41225249
v 0.16894428 0.20142531 -0.41225249
v 0.16839136 0.20228791 -0.41218907
v 0.16840751 0.20168871 -0.41111961
v 0.16866663 0.20223355 -0.41336820
v 0.16830082 0.20298792 -0.41338095
v 0.16800401 0.20311131 -0.41215295
v 0.16866663 0.20223355 -0.41336820
v 0.16800401 0.20311131 -0.41215295
v 0.16839136 0.20228791 -0.41218907
v 0.16839136 0.20228791 -0.41218907
v 0.16756877 0.20281948 -0.41030380
v 0.16840751 0.20168871 -0.41111961
v 0.16840751 0.20168871 -0.41111961
v 0.16756877 0.20281948 -0.41030380
v 0.16795942 0.20154011 -0.40968275
v 0.16839136 0.20228791 -0.41218907
v 0.16800401 0.20311131 -0.41215295
v 0.16756877 0.20281948 -0.41030380
v 0.16970675 0.20085464 -0.41338095
v 0.16911803 0.20150650 -0.41322309
v 0.16946319 0.20066066 -0.41179022
v 0.16911803 0.20150650 -0.41322309
v 0.16894428 0.20142531 -0.41225249
v 0.16946319 0.20066066 -0.41179022
v 0.16894428 0.20142531 -0.41225249
v 0.16840751 0.20168871 -0.41111961
v 0.16946319 0.20066066 -0.41179022
v 0.16840751 0.20168871 -0.41111961
v 0.16795942 0.20154011 -0.40968275
v 0.16882470 0.20038681 -0.40966111
v 0.16840751 0.20168871 -0.41111961
v 0.16882470 0.20038681 -0.40966111
v 0.16946319 0.20066066 -0.41179022
v 0.16911803 0.20150650 -0.41322309
v 0.16938910 0.20129068 -0.41425321
v 0.16867061 0.20233698 -0.41430148
v 0.16867061 0.20233698 -0.41430148
v 0.16938910 0.20129068 -0.41425321
v 0.16923061 0.20142531 -0.41490376
v 0.16911803 0.20150650 -0.41322309
v 0.16970675 0.20085464 -0.41338095
v 0.16938910 0.20129068 -0.41425321
v 0.16970675 0.20085464 -0.41338095
v 0.17024748 0.20041862 -0.41410261
v 0.16938910 0.20129068 -0.41425321
v 0.16938910 0.20129068 -0.41425321
v 0.17024748 0.20041862 -0.41410261
v 0.16923061 0.20142531 -0.41490376
v 0.16701336 0.20027471 -0.40574104
v 0.16740301 0.20122027 -0.40794343
v 0.16658741 0.20106259 -0.40591049
v 0.16658741 0.20106259 -0.40591049
v 0.16740301 0.20122027 -0.40794343
v 0.16696927 0.20221351 -0.40809831
v 0.16658741 0.20106259 -0.40591049
v 0.16696927 0.20221351 -0.40809831
v 0.16626626 0.20165929 -0.40588853
v 0.16626626 0.20165929 -0.40588853
v 0.16696927 0.20221351 -0.40809831
v 0.16604157 0.20205283 -0.40576616
v 0.16740301 0.20122027 -0.40794343
v 0.16795942 0.20154011 -0.40968275
v 0.16756877 0.20281948 -0.41030380
v 0.16740301 0.20122027 -0.40794343
v 0.16756877 0.20281948 -0.41030380
v 0.16696927 0.20221351 -0.40809831
v 0.16701336 0.20027471 -0.40574104
v 0.16658741 0.20106259 -0.40591049
v 0.16493523 0.19963920 -0.40064660
v 0.16701336 0.20027471 -0.40574104
v 0.16493523 0.19963920 -0.40064660
v 0.16533884 0.19912110 -0.40077862
v 0.16658741 0.20106259 -0.40591049
v 0.16451925 0.20020987 -0.40045720
v 0.16493523 0.19963920 -0.40064660
v 0.16658741 0.20106259 -0.40591049
v 0.16626626 0.20165929 -0.40588853
v 0.16483770 0.20100036 -0.40202999
v 0.16658741 0.20106259 -0.40591049
v 0.16483770 0.20100036 -0.40202999
v 0.16451925 0.20020987 -0.40045720
v 0.16451925 0.20020987 -0.40045720
v 0.16483770 0.20100036 -0.40202999
v 0.16407414 0.20093423 -0.40022662
v 0.16626626 0.20165929 -0.40588853
v 0.16604157 0.20205283 -0.40576616
v 0.16483770 0.20100036 -0.40202999
v 0.16483770 0.20100036 -0.40202999
v 0.16604157 0.20205283 -0.40576616
v 0.16456631 0.20144157 -0.40186173
v 0.16483770 0.20100036 -0.40202999
v 0.16456631 0.20144157 -0.40186173
v 0.16407414 0.20093423 -0.40022662
v 0.16701336 0.20027471 -0.40574104
v 0.16533884 0.19912110 -0.40077862
v 0.16665821 0.19910245 -0.40331963
v 0.16533884 0.19912110 -0.40077862
v 0.16537355 0.19822629 -0.39942664
v 0.16665821 0.19910245 -0.40331963
v 0.16665821 0.19910245 -0.40331963
v 0.16537355 0.19822629 -0.39942664
v 0.16598970 0.19786726 -0.40007153
v 0.16665821 0.19910245 -0.40331963
v 0.16598970 0.19786726 -0.40007153
v 0.16715239 0.19853637 -0.40330106
v 0.16715239 0.19853637 -0.40330106
v 0.16598970 0.19786726 -0.40007153
v 0.16713443 0.19727874 -0.40109318
v 0.16701336 0.20027471 -0.40574104
v 0.16665821 0.19910245 -0.40331963
v 0.16821484 0.19983308 -0.40744466
v 0.16701336 0.20027471 -0.40574104
v 0.16821484 0.19983308 -0.40744466
v 0.16740301 0.20122027 -0.40794343
v 0.16740301 0.20122027 -0.40794343
v 0.16821484 0.19983308 -0.40744466
v 0.16882470 0.20038681 -0.40966111
v 0.16740301 0.20122027 -0.40794343
v 0.16882470 0.20038681 -0.40966111
v 0.16795942 0.20154011 -0.40968275
v 0.16665821 0.19910245 -0.40331963
v 0.16715239 0.19853637 -0.40330106
v 0.16821484 0.19983308 -0.40744466
v 0.16793241 0.20401008 -0.41311747
v 0.16813286 0.20359041 -0.41433609
v 0.16784762 0.20505320 -0.41429472
v 0.16793241 0.20401008 -0.41311747
v 0.16784762 0.20505320 -0.41429472
v 0.16779387 0.20507982 -0.41336769
v 0.16793241 0.20401008 -0.41311747
v 0.16740860 0.20488475 -0.41141981
v 0.16751212 0.20416717 -0.41140944
v 0.16779387 0.20507982 -0.41336769
v 0.16754752 0.20557888 -0.41213292
v 0.16793241 0.20401008 -0.41311747
v 0.16793241 0.20401008 -0.41311747
v 0.16754752 0.20557888 -0.41213292
v 0.16740860 0.20488475 -0.41141981
v 0.16751212 0.20416717 -0.41140944
v 0.16740860 0.20488475 -0.41141981
v 0.16701455 0.20464668 -0.41007662
v 0.16754752 0.20557888 -0.41213292
v 0.16730957 0.20567204 -0.41119191
v 0.16740860 0.20488475 -0.41141981
v 0.16740860 0.20488475 -0.41141981
v 0.16730957 0.20567204 -0.41119191
v 0.16677222 0.20576289 -0.40951630
v 0.16740860 0.20488475 -0.41141981
v 0.16677222 0.20576289 -0.40951630
v 0.16701455 0.20464668 -0.41007662
v 0.16793241 0.20401008 -0.41311747
v 0.16800401 0.20311131 -0.41215295
v 0.16830082 0.20298792 -0.41338095
v 0.16793241 0.20401008 -0.41311747
v 0.16751212 0.20416717 -0.41140944
v 0.16800401 0.20311131 -0.41215295
v 0.16751212 0.20416717 -0.41140944
v 0.16739164 0.20357665 -0.41053689
v 0.16800401 0.20311131 -0.41215295
v 0.16800401 0.20311131 -0.41215295
v 0.16739164 0.20357665 -0.41053689
v 0.16756877 0.20281948 -0.41030380
v 0.16751212 0.20416717 -0.41140944
v 0.16701455 0.20464668 -0.41007662
v 0.16739164 0.20357665 -0.41053689
v 0.16793241 0.20401008 -0.41311747
v 0.16830082 0.20298792 -0.41338095
v 0.16813286 0.20359041 -0.41433609
v 0.16507915 0.20393071 -0.40476525
v 0.16603579 0.20398705 -0.40714997
v 0.16538891 0.20451704 -0.40573496
v 0.16538891 0.20451704 -0.40573496
v 0.16603579 0.20398705 -0.40714997
v 0.16573986 0.20497999 -0.40670806
v 0.16603579 0.20398705 -0.40714997
v 0.16669811 0.20421284 -0.40896818
v 0.16660216 0.20498836 -0.40896818
v 0.16603579 0.20398705 -0.40714997
v 0.16660216 0.20498836 -0.40896818
v 0.16573986 0.20497999 -0.40670806
v 0.16573986 0.20497999 -0.40670806
v 0.16660216 0.20498836 -0.40896818
v 0.16677222 0.20576289 -0.40951630
v 0.16573986 0.20497999 -0.40670806
v 0.16677222 0.20576289 -0.40951630
v 0.16558000 0.20573357 -0.40635279
v 0.16669811 0.20421284 -0.40896818
v 0.16701455 0.20464668 -0.41007662
v 0.16660216 0.20498836 -0.40896818
v 0.16660216 0.20498836 -0.40896818
v 0.16701455 0.20464668 -0.41007662
v 0.16677222 0.20576289 -0.40951630
v 0.16507915 0.20393071 -0.40476525
v 0.16538891 0.20451704 -0.40573496
v 0.16330700 0.20444053 -0.40063849
v 0.16507915 0.20393071 -0.40476525
v 0.16330700 0.20444053 -0.40063849
v 0.16359513 0.20366740 -0.40107971
v 0.16538891 0.20451704 -0.40573496
v 0.16573986 0.20497999 -0.40670806
v 0.16386531 0.20526452 -0.40215427
v 0.16538891 0.20451704 -0.40573496
v 0.16386531 0.20526452 -0.40215427
v 0.16330700 0.20444053 -0.40063849
v 0.16330700 0.20444053 -0.40063849
v 0.16386531 0.20526452 -0.40215427
v 0.16306573 0.20532995 -0.40016878
v 0.16573986 0.20497999 -0.40670806
v 0.16558000 0.20573357 -0.40635279
v 0.16386531 0.20526452 -0.40215427
v 0.16507915 0.20393071 -0.40476525
v 0.16434932 0.20302054 -0.40256673
v 0.16574985 0.20338905 -0.40611872
v 0.16574985 0.20338905 -0.40611872
v 0.16434932 0.20302054 -0.40256673
v 0.16543907 0.20256576 -0.40482169
v 0.16574985 0.20338905 -0.40611872
v 0.16543907 0.20256576 -0.40482169
v 0.16623983 0.20283823 -0.40692097
v 0.16623983 0.20283823 -0.40692097
v 0.16543907 0.20256576 -0.40482169
v 0.16604157 0.20205283 -0.40576616
v 0.16507915 0.20393071 -0.40476525
v 0.16359513 0.20366740 -0.40107971
v 0.16434932 0.20302054 -0.40256673
v 0.16543907 0.20256576 -0.40482169
v 0.16456631 0.20144157 -0.40186173
v 0.16604157 0.20205283 -0.40576616
v 0.16434932 0.20302054 -0.40256673
v 0.16372806 0.20199649 -0.40040165
v 0.16543907 0.20256576 -0.40482169
v 0.16543907 0.20256576 -0.40482169
v 0.16372806 0.20199649 -0.40040165
v 0.16456631 0.20144157 -0.40186173
v 0.16359513 0.20366740 -0.40107971
v 0.16310483 0.20296280 -0.39950025
v 0.16434932 0.20302054 -0.40256673
v 0.16434932 0.20302054 -0.40256673
v 0.16310483 0.20296280 -0.39950025
v 0.16372806 0.20199649 -0.40040165
v 0.16372806 0.20199649 -0.40040165
v 0.16407414 0.20093423 -0.40022662
v 0.16456631 0.20144157 -0.40186173
v 0.16507915 0.20393071 -0.40476525
v 0.16574985 0.20338905 -0.40611872
v 0.16603579 0.20398705 -0.40714997
v 0.16603579 0.20398705 -0.40714997
v 0.16574985 0.20338905 -0.40611872
v 0.16660047 0.20358443 -0.40837207
v 0.16603579 0.20398705 -0.40714997
v 0.16660047 0.20358443 -0.40837207
v 0.16669811 0.20421284 -0.40896818
v 0.16669811 0.20421284 -0.40896818
v 0.16660047 0.20358443 -0.40837207
v 0.16739164 0.20357665 -0.41053689
v 0.16669811 0.20421284 -0.40896818
v 0.16739164 0.20357665 -0.41053689
v 0.16701455 0.20464668 -0.41007662
v 0.16574985 0.20338905 -0.40611872
v 0.16623983 0.20283823 -0.40692097
v 0.16660047 0.20358443 -0.40837207
v 0.16660047 0.20358443 -0.40837207
v 0.16623983 0.20283823 -0.40692097
v 0.16756877 0.20281948 -0.41030380
v 0.16660047 0.20358443 -0.40837207
v 0.16756877 0.20281948 -0.41030380
v 0.16739164 0.20357665 -0.41053689
v 0.16623983 0.20283823 -0.40692097
v 0.16604157 0.20205283 -0.40576616
v 0.16696927 0.20221351 -0.40809831
v 0.16623983 0.20283823 -0.40692097
v 0.16696927 0.20221351 -0.40809831
v 0.16756877 0.20281948 -0.41030380
v 0.16793878 0.20721081 -0.41306889
v 0.16787675 0.20633367 -0.41378868
v 0.16817056 0.20767348 -0.41418889
v 0.16793878 0.20721081 -0.41306889
v 0.16817056 0.20767348 -0.41418889
v 0.16823289 0.20810612 -0.41308185
v 0.16787675 0.20633367 -0.41378868
v 0.16785501 0.20639490 -0.41497588
v 0.16817056 0.20767348 -0.41418889
v 0.16793878 0.20721081 -0.41306889
v 0.16763780 0.20748857 -0.41141871
v 0.16754963 0.20661302 -0.41180736
v 0.16754963 0.20661302 -0.41180736
v 0.16763780 0.20748857 -0.41141871
v 0.16690156 0.20699508 -0.40951732
v 0.16793878 0.20721081 -0.41306889
v 0.16823289 0.20810612 -0.41308185
v 0.16763780 0.20748857 -0.41141871
v 0.16763780 0.20748857 -0.41141871
v 0.16740182 0.20813105 -0.41007251
v 0.16690156 0.20699508 -0.40951732
v 0.16823289 0.20810612 -0.41308185
v 0.16827618 0.20854075 -0.41239640
v 0.16763780 0.20748857 -0.41141871
v 0.16763780 0.20748857 -0.41141871
v 0.16827618 0.20854075 -0.41239640
v 0.16780554 0.20876135 -0.41048265
v 0.16763780 0.20748857 -0.41141871
v 0.16780554 0.20876135 -0.41048265
v 0.16740182 0.20813105 -0.41007251
v 0.16793878 0.20721081 -0.41306889
v 0.16754963 0.20661302 -0.41180736
v 0.16787675 0.20633367 -0.41378868
v 0.16787675 0.20633367 -0.41378868
v 0.16754963 0.20661302 -0.41180736
v 0.16754752 0.20557888 -0.41213292
v 0.16787675 0.20633367 -0.41378868
v 0.16754752 0.20557888 -0.41213292
v 0.16779387 0.20507982 -0.41336769
v 0.16754963 0.20661302 -0.41180736
v 0.16702843 0.20621698 -0.41015071
v 0.16730957 0.20567204 -0.41119191
v 0.16754963 0.20661302 -0.41180736
v 0.16730957 0.20567204 -0.41119191
v 0.16754752 0.20557888 -0.41213292
v 0.16754963 0.20661302 -0.41180736
v 0.16690156 0.20699508 -0.40951732
v 0.16702843 0.20621698 -0.41015071
v 0.16702843 0.20621698 -0.41015071
v 0.16677222 0.20576289 -0.40951630
v 0.16730957 0.20567204 -0.41119191
v 0.16787675 0.20633367 -0.41378868
v 0.16779387 0.20507982 -0.41336769
v 0.16784762 0.20505320 -0.41429472
v 0.16787675 0.20633367 -0.41378868
v 0.16784762 0.20505320 -0.41429472
v 0.16781940 0.20532058 -0.41505527
v 0.16787675 0.20633367 -0.41378868
v 0.16781940 0.20532058 -0.41505527
v 0.16785501 0.20639490 -0.41497588
v 0.16476728 0.20751908 -0.40388921
v 0.16603579 0.20716125 -0.40714997
v 0.16565679 0.20804098 -0.40571809
v 0.16603579 0.20716125 -0.40714997
v 0.16675405 0.20788939 -0.40853852
v 0.16565679 0.20804098 -0.40571809
v 0.16565679 0.20804098 -0.40571809
v 0.16675405 0.20788939 -0.40853852
v 0.16681130 0.20855351 -0.40809822
v 0.16565679 0.20804098 -0.40571809
v 0.16681130 0.20855351 -0.40809822
v 0.16588129 0.20891804 -0.40556970
v 0.16603579 0.20716125 -0.40714997
v 0.16690156 0.20699508 -0.40951732
v 0.16675405 0.20788939 -0.40853852
v 0.16675405 0.20788939 -0.40853852
v 0.16690156 0.20699508 -0.40951732
v 0.16740182 0.20813105 -0.41007251
v 0.16675405 0.20788939 -0.40853852
v 0.16740182 0.20813105 -0.41007251
v 0.16681130 0.20855351 -0.40809822
v 0.16476728 0.20751908 -0.40388921
v 0.16565679 0.20804098 -0.40571809
v 0.16372567 0.20834188 -0.40096983
v 0.16565679 0.20804098 -0.40571809
v 0.16588129 0.20891804 -0.40556970
v 0.16372567 0.20834188 -0.40096983
v 0.16372567 0.20834188 -0.40096983
v 0.16588129 0.20891804 -0.40556970
v 0.16384375 0.20939605 -0.40048441
v 0.16494979 0.20675413 -0.40461934
v 0.16331258 0.20614527 -0.40076476
v 0.16558000 0.20573357 -0.40635279
v 0.16476728 0.20751908 -0.40388921
v 0.16350485 0.20699330 -0.40105540
v 0.16494979 0.20675413 -0.40461934
v 0.16494979 0.20675413 -0.40461934
v 0.16350485 0.20699330 -0.40105540
v 0.16331258 0.20614527 -0.40076476
v 0.16331258 0.20614527 -0.40076476
v 0.16386531 0.20526452 -0.40215427
v 0.16558000 0.20573357 -0.40635279
v 0.16476728 0.20751908 -0.40388921
v 0.16372567 0.20834188 -0.40096983
v 0.16350485 0.20699330 -0.40105540
v 0.16350485 0.20699330 -0.40105540
v 0.16287665 0.20646082 -0.39959270
v 0.16331258 0.20614527 -0.40076476
v 0.16331258 0.20614527 -0.40076476
v 0.16306573 0.20532995 -0.40016878
v 0.16386531 0.20526452 -0.40215427
v 0.16476728 0.20751908 -0.40388921
v 0.16494979 0.20675413 -0.40461934
v 0.16601324 0.20636238 -0.40738502
v 0.16476728 0.20751908 -0.40388921
v 0.16601324 0.20636238 -0.40738502
v 0.16603579 0.20716125 -0.40714997
v 0.16603579 0.20716125 -0.40714997
v 0.16601324 0.20636238 -0.40738502
v 0.16702843 0.20621698 -0.41015071
v 0.16603579 0.20716125 -0.40714997
v 0.16702843 0.20621698 -0.41015071
v 0.16690156 0.20699508 -0.40951732
v 0.16494979 0.20675413 -0.40461934
v 0.16558000 0.20573357 -0.40635279
v 0.16601324 0.20636238 -0.40738502
v 0.16601324 0.20636238 -0.40738502
v 0.16677222 0.20576289 -0.40951630
v 0.16702843 0.20621698 -0.41015071
v 0.16601324 0.20636238 -0.40738502
v 0.16558000 0.20573357 -0.40635279
v 0.16677222 0.20576289 -0.40951630
v 0.16935408 0.20996442 -0.41310030
v 0.16879080 0.20910943 -0.41346145
v 0.16972120 0.21025236 -0.41375038
v 0.16871132 0.20885530 -0.41432881
v 0.16931909 0.20982201 -0.41500461
v 0.16879080 0.20910943 -0.41346145
v 0.16879080 0.20910943 -0.41346145
v 0.16931909 0.20982201 -0.41500461
v 0.16972120 0.21025236 -0.41375038
v 0.16972120 0.21025236 -0.41375038
v 0.16931909 0.20982201 -0.41500461
v 0.17009172 0.21063483 -0.41502005
v 0.16879080 0.20910943 -0.41346145
v 0.16935408 0.20996442 -0.41310030
v 0.16889381 0.20966144 -0.41218907
v 0.16935408 0.20996442 -0.41310030
v 0.16955304 0.21062087 -0.41168180
v 0.16889381 0.20966144 -0.41218907
v 0.16889381 0.20966144 -0.41218907
v 0.16955304 0.21062087 -0.41168180
v 0.16872586 0.20996363 -0.41103515
v 0.16872586 0.20996363 -0.41103515
v 0.16955304 0.21062087 -0.41168180
v 0.16905560 0.21105739 -0.40955272
v 0.16879080 0.20910943 -0.41346145
v 0.16889381 0.20966144 -0.41218907
v 0.16827618 0.20854075 -0.41239640
v 0.16889381 0.20966144 -0.41218907
v 0.16872586 0.20996363 -0.41103515
v 0.16827618 0.20854075 -0.41239640
v 0.16872586 0.20996363 -0.41103515
v 0.16780554 0.20876135 -0.41048265
v 0.16827618 0.20854075 -0.41239640
v 0.16872586 0.20996363 -0.41103515
v 0.16823259 0.21001838 -0.40967897
v 0.16780554 0.20876135 -0.41048265
v 0.16827618 0.20854075 -0.41239640
v 0.16823289 0.20810612 -0.41308185
v 0.16879080 0.20910943 -0.41346145
v 0.16879080 0.20910943 -0.41346145
v 0.16823289 0.20810612 -0.41308185
v 0.16871132 0.20885530 -0.41432881
v 0.16823289 0.20810612 -0.41308185
v 0.16817056 0.20767348 -0.41418889
v 0.16871132 0.20885530 -0.41432881
v 0.16871132 0.20885530 -0.41432881
v 0.16817056 0.20767348 -0.41418889
v 0.16815969 0.20773491 -0.41493300
v 0.16659459 0.21117438 -0.40447921
v 0.16738597 0.21035618 -0.40728089
v 0.16791873 0.21114257 -0.40715784
v 0.16659459 0.21117438 -0.40447921
v 0.16791873 0.21114257 -0.40715784
v 0.16683903 0.21190453 -0.40388063
v 0.16683903 0.21190453 -0.40388063
v 0.16791873 0.21114257 -0.40715784
v 0.16827169 0.21153741 -0.40714997
v 0.16683903 0.21190453 -0.40388063
v 0.16827169 0.21153741 -0.40714997
v 0.16762133 0.21216613 -0.40488094
v 0.16762133 0.21216613 -0.40488094
v 0.16827169 0.21153741 -0.40714997
v 0.16872907 0.21198063 -0.40714997
v 0.16738597 0.21035618 -0.40728089
v 0.16823259 0.21001838 -0.40967897
v 0.16791873 0.21114257 -0.40715784
v 0.16791873 0.21114257 -0.40715784
v 0.16823259 0.21001838 -0.40967897
v 0.16905560 0.21105739 -0.40955272
v 0.16791873 0.21114257 -0.40715784
v 0.16905560 0.21105739 -0.40955272
v 0.16827169 0.21153741 -0.40714997
v 0.16823259 0.21001838 -0.40967897
v 0.16872586 0.20996363 -0.41103515
v 0.16905560 0.21105739 -0.40955272
v 0.16508144 0.21121667 -0.40134832
v 0.16659459 0.21117438 -0.40447921
v 0.16556135 0.21247989 -0.40055203
v 0.16659459 0.21117438 -0.40447921
v 0.16683903 0.21190453 -0.40388063
v 0.16556135 0.21247989 -0.40055203
v 0.16683903 0.21190453 -0.40388063
v 0.16762133 0.21216613 -0.40488094
v 0.16626647 0.21339403 -0.40041679
v 0.16683903 0.21190453 -0.40388063
v 0.16626647 0.21339403 -0.40041679
v 0.16556135 0.21247989 -0.40055203
v 0.16636081 0.21021676 -0.40525821
v 0.16508144 0.21121667 -0.40134832
v 0.16451186 0.21031229 -0.40113658
v 0.16636081 0.21021676 -0.40525821
v 0.16451186 0.21031229 -0.40113658
v 0.16675735 0.20945649 -0.40702879
v 0.16675735 0.20945649 -0.40702879
v 0.16451186 0.21031229 -0.40113658
v 0.16588129 0.20891804 -0.40556970
v 0.16659459 0.21117438 -0.40447921
v 0.16508144 0.21121667 -0.40134832
v 0.16636081 0.21021676 -0.40525821
v 0.16451186 0.21031229 -0.40113658
v 0.16384375 0.20939605 -0.40048441
v 0.16588129 0.20891804 -0.40556970
v 0.16659459 0.21117438 -0.40447921
v 0.16636081 0.21021676 -0.40525821
v 0.16738597 0.21035618 -0.40728089
v 0.16738597 0.21035618 -0.40728089
v 0.16636081 0.21021676 -0.40525821
v 0.16675735 0.20945649 -0.40702879
v 0.16738597 0.21035618 -0.40728089
v 0.16675735 0.20945649 -0.40702879
v 0.16743074 0.20915450 -0.40896818
v 0.16738597 0.21035618 -0.40728089
v 0.16743074 0.20915450 -0.40896818
v 0.16823259 0.21001838 -0.40967897
v 0.16823259 0.21001838 -0.40967897
v 0.16743074 0.20915450 -0.40896818
v 0.16780554 0.20876135 -0.41048265
v 0.16675735 0.20945649 -0.40702879
v 0.16588129 0.20891804 -0.40556970
v 0.16681130 0.20855351 -0.40809822
v 0.16675735 0.20945649 -0.40702879
v 0.16681130 0.20855351 -0.40809822
v 0.16743074 0.20915450 -0.40896818
v 0.16743074 0.20915450 -0.40896818
v 0.16681130 0.20855351 -0.40809822
v 0.16740182 0.20813105 -0.41007251
v 0.16743074 0.20915450 -0.40896818
v 0.16740182 0.20813105 -0.41007251
v 0.16780554 0.20876135 -0.41048265
v 0.17121111 0.21145692 -0.41338095
v 0.17046233 0.21098688 -0.41320065
v 0.17155679 0.21157810 -0.41433081
v 0.17121111 0.21145692 -0.41338095
v 0.17155679 0.21157810 -0.41433081
v 0.17203440 0.21184888 -0.41338095
v 0.17056663 0.21097802 -0.41429490
v 0.17155679 0.21157810 -0.41433081
v 0.17046233 0.21098688 -0.41320065
v 0.17046233 0.21098688 -0.41320065
v 0.17121111 0.21145692 -0.41338095
v 0.17110468 0.21164483 -0.41218907
v 0.17046233 0.21098688 -0.41320065
v 0.17110468 0.21164483 -0.41218907
v 0.17037944 0.21140137 -0.41145900
v 0.17110468 0.21164483 -0.41218907
v 0.17136909 0.21229069 -0.41053957
v 0.17037944 0.21140137 -0.41145900
v 0.17037944 0.21140137 -0.41145900
v 0.17136909 0.21229069 -0.41053957
v 0.17041185 0.21209063 -0.40966341
v 0.17121111 0.21145692 -0.41338095
v 0.17203440 0.21184888 -0.41338095
v 0.17179604 0.21198362 -0.41218907
v 0.17121111 0.21145692 -0.41338095
v 0.17179604 0.21198362 -0.41218907
v 0.17110468 0.21164483 -0.41218907
v 0.17110468 0.21164483 -0.41218907
v 0.17179604 0.21198362 -0.41218907
v 0.17136909 0.21229069 -0.41053957
v 0.17046233 0.21098688 -0.41320065
v 0.16955304 0.21062087 -0.41168180
v 0.16972120 0.21025236 -0.41375038
v 0.16972120 0.21025236 -0.41375038
v 0.16955304 0.21062087 -0.41168180
v 0.16935408 0.20996442 -0.41310030
v 0.17046233 0.21098688 -0.41320065
v 0.17037944 0.21140137 -0.41145900
v 0.16955304 0.21062087 -0.41168180
v 0.17037944 0.21140137 -0.41145900
v 0.17041185 0.21209063 -0.40966341
v 0.16965966 0.21157251 -0.40961823
v 0.17037944 0.21140137 -0.41145900
v 0.16965966 0.21157251 -0.40961823
v 0.16905560 0.21105739 -0.40955272
v 0.17037944 0.21140137 -0.41145900
v 0.16905560 0.21105739 -0.40955272
v 0.16955304 0.21062087 -0.41168180
v 0.17046233 0.21098688 -0.41320065
v 0.16972120 0.21025236 -0.41375038
v 0.17056663 0.21097802 -0.41429490
v 0.17056663 0.21097802 -0.41429490
v 0.16972120 0.21025236 -0.41375038
v 0.17009172 0.21063483 -0.41502005
v 0.16947077 0.21359839 -0.40504310
v 0.16982433 0.21271455 -0.40740865
v 0.17018466 0.21371298 -0.40568727
v 0.17018466 0.21371298 -0.40568727
v 0.17103110 0.21348360 -0.40714997
v 0.17046560 0.21420008 -0.40493101
v 0.17046560 0.21420008 -0.40493101
v 0.17103110 0.21348360 -0.40714997
v 0.17120633 0.21423449 -0.40557078
v 0.16982433 0.21271455 -0.40740865
v 0.17105773 0.21288869 -0.40860415
v 0.17018466 0.21371298 -0.40568727
v 0.17018466 0.21371298 -0.40568727
v 0.17105773 0.21288869 -0.40860415
v 0.17103110 0.21348360 -0.40714997
v 0.16982433 0.21271455 -0.40740865
v 0.17041185 0.21209063 -0.40966341
v 0.17105773 0.21288869 -0.40860415
v 0.17041185 0.21209063 -0.40966341
v 0.17136909 0.21229069 -0.41053957
v 0.17105773 0.21288869 -0.40860415
v 0.16873863 0.21474142 -0.40172541
v 0.16884315 0.21557429 -0.40008709
v 0.16791615 0.21498597 -0.40008360
v 0.16947077 0.21359839 -0.40504310
v 0.17018466 0.21371298 -0.40568727
v 0.16942719 0.21514674 -0.40172541
v 0.16947077 0.21359839 -0.40504310
v 0.16942719 0.21514674 -0.40172541
v 0.16873863 0.21474142 -0.40172541
v 0.16873863 0.21474142 -0.40172541
v 0.16942719 0.21514674 -0.40172541
v 0.16884315 0.21557429 -0.40008709
v 0.17018466 0.21371298 -0.40568727
v 0.17046560 0.21420008 -0.40493101
v 0.16982123 0.21555883 -0.40125218
v 0.17018466 0.21371298 -0.40568727
v 0.16982123 0.21555883 -0.40125218
v 0.16942719 0.21514674 -0.40172541
v 0.16942719 0.21514674 -0.40172541
v 0.16982123 0.21555883 -0.40125218
v 0.16884315 0.21557429 -0.40008709
v 0.17046560 0.21420008 -0.40493101
v 0.17120633 0.21423449 -0.40557078
v 0.17076232 0.21537672 -0.40256673
v 0.17046560 0.21420008 -0.40493101
v 0.17076232 0.21537672 -0.40256673
v 0.16982123 0.21555883 -0.40125218
v 0.16982123 0.21555883 -0.40125218
v 0.17076232 0.21537672 -0.40256673
v 0.17058061 0.21647020 -0.39989191
v 0.16947077 0.21359839 -0.40504310
v 0.16809866 0.21426579 -0.40180826
v 0.16892733 0.21296339 -0.40557596
v 0.16892733 0.21296339 -0.40557596
v 0.16809866 0.21426579 -0.40180826
v 0.16751772 0.21371637 -0.40197870
v 0.16892733 0.21296339 -0.40557596
v 0.16751772 0.21371637 -0.40197870
v 0.16823189 0.21289119 -0.40462783
v 0.16823189 0.21289119 -0.40462783
v 0.16751772 0.21371637 -0.40197870
v 0.16762133 0.21216613 -0.40488094
v 0.16947077 0.21359839 -0.40504310
v 0.16873863 0.21474142 -0.40172541
v 0.16809866 0.21426579 -0.40180826
v 0.16751772 0.21371637 -0.40197870
v 0.16626647 0.21339403 -0.40041679
v 0.16762133 0.21216613 -0.40488094
v 0.16873863 0.21474142 -0.40172541
v 0.16791615 0.21498597 -0.40008360
v 0.16809866 0.21426579 -0.40180826
v 0.16809866 0.21426579 -0.40180826
v 0.16791615 0.21498597 -0.40008360
v 0.16705057 0.21431078 -0.40009069
v 0.16809866 0.21426579 -0.40180826
v 0.16705057 0.21431078 -0.40009069
v 0.16751772 0.21371637 -0.40197870
v 0.16751772 0.21371637 -0.40197870
v 0.16705057 0.21431078 -0.40009069
v 0.16626647 0.21339403 -0.40041679
v 0.16947077 0.21359839 -0.40504310
v 0.16892733 0.21296339 -0.40557596
v 0.16982433 0.21271455 -0.40740865
v 0.16982433 0.21271455 -0.40740865
v 0.16965966 0.21157251 -0.40961823
v 0.17041185 0.21209063 -0.40966341
v 0.16892733 0.21296339 -0.40557596
v 0.16872907 0.21198063 -0.40714997
v 0.16982433 0.21271455 -0.40740865
v 0.16982433 0.21271455 -0.40740865
v 0.16872907 0.21198063 -0.40714997
v 0.16965966 0.21157251 -0.40961823
v 0.16823189 0.21289119 -0.40462783
v 0.16872907 0.21198063 -0.40714997
v 0.16892733 0.21296339 -0.40557596
v 0.16823189 0.21289119 -0.40462783
v 0.16762133 0.21216613 -0.40488094
v 0.16872907 0.21198063 -0.40714997
v 0.16872907 0.21198063 -0.40714997
v 0.16827169 0.21153741 -0.40714997
v 0.16905560 0.21105739 -0.40955272
v 0.16872907 0.21198063 -0.40714997
v 0.16905560 0.21105739 -0.40955272
v 0.16965966 0.21157251 -0.40961823
v 0.17291774 0.21217510 -0.41309002
v 0.17298625 0.21210539 -0.41410142
v 0.17386331 0.21226525 -0.41364703
v 0.17386331 0.21226525 -0.41364703
v 0.17485055 0.21226965 -0.41403401
v 0.17451556 0.21248238 -0.41248128
v 0.17298625 0.21210539 -0.41410142
v 0.17404620 0.21228720 -0.41500181
v 0.17386331 0.21226525 -0.41364703
v 0.17386331 0.21226525 -0.41364703
v 0.17404620 0.21228720 -0.41500181
v 0.17485055 0.21226965 -0.41403401
v 0.17291774 0.21217510 -0.41309002
v 0.17386331 0.21226525 -0.41364703
v 0.17343594 0.21245894 -0.41218907
v 0.17343594 0.21245894 -0.41218907
v 0.17407982 0.21304108 -0.41039047
v 0.17299412 0.21296898 -0.41012239
v 0.17299412 0.21296898 -0.41012239
v 0.17407982 0.21304108 -0.41039047
v 0.17397809 0.21332492 -0.40952897
v 0.17386331 0.21226525 -0.41364703
v 0.17451556 0.21248238 -0.41248128
v 0.17343594 0.21245894 -0.41218907
v 0.17343594 0.21245894 -0.41218907
v 0.17451556 0.21248238 -0.41248128
v 0.17463663 0.21292569 -0.41077575
v 0.17343594 0.21245894 -0.41218907
v 0.17463663 0.21292569 -0.41077575
v 0.17407982 0.21304108 -0.41039047
v 0.17291774 0.21217510 -0.41309002
v 0.17179604 0.21198362 -0.41218907
v 0.17203440 0.21184888 -0.41338095
v 0.17343594 0.21245894 -0.41218907
v 0.17246056 0.21243152 -0.41142559
v 0.17291774 0.21217510 -0.41309002
v 0.17291774 0.21217510 -0.41309002
v 0.17246056 0.21243152 -0.41142559
v 0.17179604 0.21198362 -0.41218907
v 0.17343594 0.21245894 -0.41218907
v 0.17299412 0.21296898 -0.41012239
v 0.17246056 0.21243152 -0.41142559
v 0.17179604 0.21198362 -0.41218907
v 0.17246056 0.21243152 -0.41142559
v 0.17136909 0.21229069 -0.41053957
v 0.17299412 0.21296898 -0.41012239
v 0.17205335 0.21302593 -0.40924981
v 0.17246056 0.21243152 -0.41142559
v 0.17246056 0.21243152 -0.41142559
v 0.17205335 0.21302593 -0.40924981
v 0.17136909 0.21229069 -0.41053957
v 0.17291774 0.21217510 -0.41309002
v 0.17203440 0.21184888 -0.41338095
v 0.17298625 0.21210539 -0.41410142
v 0.17298625 0.21210539 -0.41410142
v 0.17213105 0.21186155 -0.41504979
v 0.17299852 0.21213102 -0.41501090
v 0.17203440 0.21184888 -0.41338095
v 0.17155679 0.21157810 -0.41433081
v 0.17298625 0.21210539 -0.41410142
v 0.17298625 0.21210539 -0.41410142
v 0.17155679 0.21157810 -0.41433081
v 0.17213105 0.21186155 -0.41504979
v 0.17306495 0.21479857 -0.40542728
v 0.17390698 0.21420497 -0.40714997
v 0.17382391 0.21533273 -0.40433061
v 0.17382391 0.21533273 -0.40433061
v 0.17390698 0.21420497 -0.40714997
v 0.17475602 0.21422590 -0.40714997
v 0.17382391 0.21533273 -0.40433061
v 0.17475602 0.21422590 -0.40714997
v 0.17454368 0.21589562 -0.40302801
v 0.17306495 0.21479857 -0.40542728
v 0.17283127 0.21396351 -0.40740019
v 0.17390698 0.21420497 -0.40714997
v 0.17283127 0.21396351 -0.40740019
v 0.17299412 0.21296898 -0.41012239
v 0.17397809 0.21332492 -0.40952897
v 0.17283127 0.21396351 -0.40740019
v 0.17397809 0.21332492 -0.40952897
v 0.17390698 0.21420497 -0.40714997
v 0.17390698 0.21420497 -0.40714997
v 0.17397809 0.21332492 -0.40952897
v 0.17475602 0.21422590 -0.40714997
v 0.17244121 0.21512330 -0.40436113
v 0.17306495 0.21479857 -0.40542728
v 0.17311151 0.21690542 -0.40030929
v 0.17244121 0.21512330 -0.40436113
v 0.17311151 0.21690542 -0.40030929
v 0.17199831 0.21691081 -0.39981642
v 0.17306495 0.21479857 -0.40542728
v 0.17382391 0.21533273 -0.40433061
v 0.17311151 0.21690542 -0.40030929
v 0.17382391 0.21533273 -0.40433061
v 0.17413956 0.21660931 -0.40125218
v 0.17311151 0.21690542 -0.40030929
v 0.17382391 0.21533273 -0.40433061
v 0.17454368 0.21589562 -0.40302801
v 0.17413956 0.21660931 -0.40125218
v 0.17173710 0.21439645 -0.40562865
v 0.17076232 0.21537672 -0.40256673
v 0.17120633 0.21423449 -0.40557078
v 0.17244121 0.21512330 -0.40436113
v 0.17199831 0.21691081 -0.39981642
v 0.17133738 0.21614327 -0.40125218
v 0.17244121 0.21512330 -0.40436113
v 0.17133738 0.21614327 -0.40125218
v 0.17173710 0.21439645 -0.40562865
v 0.17173710 0.21439645 -0.40562865
v 0.17133738 0.21614327 -0.40125218
v 0.17076232 0.21537672 -0.40256673
v 0.17133738 0.21614327 -0.40125218
v 0.17058061 0.21647020 -0.39989191
v 0.17076232 0.21537672 -0.40256673
v 0.17244121 0.21512330 -0.40436113
v 0.17283127 0.21396351 -0.40740019
v 0.17306495 0.21479857 -0.40542728
v 0.17244121 0.21512330 -0.40436113
v 0.17173710 0.21439645 -0.40562865
v 0.17283127 0.21396351 -0.40740019
v 0.17283127 0.21396351 -0.40740019
v 0.17173710 0.21439645 -0.40562865
v 0.17205335 0.21302593 -0.40924981
v 0.17283127 0.21396351 -0.40740019
v 0.17205335 0.21302593 -0.40924981
v 0.17299412 0.21296898 -0.41012239
v 0.17173710 0.21439645 -0.40562865
v 0.17120633 0.21423449 -0.40557078
v 0.17103110 0.21348360 -0.40714997
v 0.17173710 0.21439645 -0.40562865
v 0.17103110 0.21348360 -0.40714997
v 0.17205335 0.21302593 -0.40924981
v 0.17205335 0.21302593 -0.40924981
v 0.17103110 0.21348360 -0.40714997
v 0.17105773 0.21288869 -0.40860415
v 0.17205335 0.21302593 -0.40924981
v 0.17105773 0.21288869 -0.40860415
v 0.17136909 0.21229069 -0.41053957
v 0.17551358 0.21238016 -0.41268441
v 0.17671755 0.21192597 -0.41422558
v 0.17679633 0.21196975 -0.41329959
v 0.17552076 0.21222268 -0.41368395
v 0.17598471 0.21214409 -0.41499943
v 0.17671755 0.21192597 -0.41422558
v 0.17551358 0.21238016 -0.41268441
v 0.17679633 0.21196975 -0.41329959
v 0.17673670 0.21220802 -0.41216451
v 0.17551358 0.21238016 -0.41268441
v 0.17673670 0.21220802 -0.41216451
v 0.17657384 0.21255589 -0.41110626
v 0.17673670 0.21220802 -0.41216451
v 0.17779356 0.21197385 -0.41140527
v 0.17657384 0.21255589 -0.41110626
v 0.17552076 0.21222268 -0.41368395
v 0.17551358 0.21238016 -0.41268441
v 0.17451556 0.21248238 -0.41248128
v 0.17551358 0.21238016 -0.41268441
v 0.17657384 0.21255589 -0.41110626
v 0.17538641 0.21281090 -0.41097289
v 0.17538641 0.21281090 -0.41097289
v 0.17463663 0.21292569 -0.41077575
v 0.17551358 0.21238016 -0.41268441
v 0.17551358 0.21238016 -0.41268441
v 0.17463663 0.21292569 -0.41077575
v 0.17451556 0.21248238 -0.41248128
v 0.17657384 0.21255589 -0.41110626
v 0.17639004 0.21305226 -0.40973353
v 0.17538641 0.21281090 -0.41097289
v 0.17551358 0.21238016 -0.41268441
v 0.17552076 0.21222268 -0.41368395
v 0.17671755 0.21192597 -0.41422558
v 0.17552076 0.21222268 -0.41368395
v 0.17508732 0.21228831 -0.41499153
v 0.17598471 0.21214409 -0.41499943
v 0.17552076 0.21222268 -0.41368395
v 0.17451556 0.21248238 -0.41248128
v 0.17485055 0.21226965 -0.41403401
v 0.17552076 0.21222268 -0.41368395
v 0.17485055 0.21226965 -0.41403401
v 0.17508732 0.21228831 -0.41499153
v 0.17664555 0.21512280 -0.40436283
v 0.17634435 0.21406843 -0.40708384
v 0.17725651 0.21378599 -0.40717149
v 0.17664555 0.21512280 -0.40436283
v 0.17725651 0.21378599 -0.40717149
v 0.17738497 0.21494059 -0.40433061
v 0.17738497 0.21494059 -0.40433061
v 0.17725651 0.21378599 -0.40717149
v 0.17806543 0.21470372 -0.40433061
v 0.17806543 0.21470372 -0.40433061
v 0.17725651 0.21378599 -0.40717149
v 0.17800201 0.21348140 -0.40721437
v 0.17634435 0.21406843 -0.40708384
v 0.17639004 0.21305226 -0.40973353
v 0.17731147 0.21295123 -0.40922987
v 0.17634435 0.21406843 -0.40708384
v 0.17731147 0.21295123 -0.40922987
v 0.17725651 0.21378599 -0.40717149
v 0.17725651 0.21378599 -0.40717149
v 0.17731147 0.21295123 -0.40922987
v 0.17800201 0.21348140 -0.40721437
v 0.17731147 0.21295123 -0.40922987
v 0.17639004 0.21305226 -0.40973353
v 0.17657384 0.21255589 -0.41110626
v 0.17664555 0.21512280 -0.40436283
v 0.17756259 0.21659435 -0.40031427
v 0.17658900 0.21684907 -0.40021715
v 0.17664555 0.21512280 -0.40436283
v 0.17738497 0.21494059 -0.40433061
v 0.17756259 0.21659435 -0.40031427
v 0.17738497 0.21494059 -0.40433061
v 0.17806543 0.21470372 -0.40433061
v 0.17836185 0.21634313 -0.40030780
v 0.17738497 0.21494059 -0.40433061
v 0.17836185 0.21634313 -0.40030780
v 0.17756259 0.21659435 -0.40031427
v 0.17806543 0.21470372 -0.40433061
v 0.17863980 0.21468866 -0.40383694
v 0.17836185 0.21634313 -0.40030780
v 0.17836185 0.21634313 -0.40030780
v 0.17863980 0.21468866 -0.40383694
v 0.17920709 0.21609679 -0.40009367
v 0.17664555 0.21512280 -0.40436283
v 0.17612584 0.21687800 -0.40034142
v 0.17580630 0.21483079 -0.40542728
v 0.17580630 0.21483079 -0.40542728
v 0.17612584 0.21687800 -0.40034142
v 0.17534174 0.21639569 -0.40172541
v 0.17580630 0.21483079 -0.40542728
v 0.17534174 0.21639569 -0.40172541
v 0.17522494 0.21503523 -0.40507442
v 0.17522494 0.21503523 -0.40507442
v 0.17534174 0.21639569 -0.40172541
v 0.17454368 0.21589562 -0.40302801
v 0.17664555 0.21512280 -0.40436283
v 0.17658900 0.21684907 -0.40021715
v 0.17612584 0.21687800 -0.40034142
v 0.17534174 0.21639569 -0.40172541
v 0.17612584 0.21687800 -0.40034142
v 0.17530283 0.21731652 -0.39940262
v 0.17534174 0.21639569 -0.40172541
v 0.17530283 0.21731652 -0.39940262
v 0.17413956 0.21660931 -0.40125218
v 0.17534174 0.21639569 -0.40172541
v 0.17413956 0.21660931 -0.40125218
v 0.17454368 0.21589562 -0.40302801
v 0.17664555 0.21512280 -0.40436283
v 0.17580630 0.21483079 -0.40542728
v 0.17634435 0.21406843 -0.40708384
v 0.17580630 0.21483079 -0.40542728
v 0.17523782 0.21361963 -0.40867019
v 0.17634435 0.21406843 -0.40708384
v 0.17634435 0.21406843 -0.40708384
v 0.17523782 0.21361963 -0.40867019
v 0.17639004 0.21305226 -0.40973353
v 0.17639004 0.21305226 -0.40973353
v 0.17523782 0.21361963 -0.40867019
v 0.17538641 0.21281090 -0.41097289
v 0.17522494 0.21503523 -0.40507442
v 0.17475602 0.21422590 -0.40714997
v 0.17580630 0.21483079 -0.40542728
v 0.17580630 0.21483079 -0.40542728
v 0.17475602 0.21422590 -0.40714997
v 0.17523782 0.21361963 -0.40867019
v 0.17523782 0.21361963 -0.40867019
v 0.17463663 0.21292569 -0.41077575
v 0.17538641 0.21281090 -0.41097289
v 0.17522494 0.21503523 -0.40507442
v 0.17454368 0.21589562 -0.40302801
v 0.17475602 0.21422590 -0.40714997
v 0.17475602 0.21422590 -0.40714997
v 0.17397809 0.21332492 -0.40952897
v 0.17523782 0.21361963 -0.40867019
v 0.17523782 0.21361963 -0.40867019
v 0.17397809 0.21332492 -0.40952897
v 0.17407982 0.21304108 -0.41039047
v 0.17523782 0.21361963 -0.40867019
v 0.17407982 0.21304108 -0.41039047
v 0.17463663 0.21292569 -0.41077575
v 0.17798904 0.21132877 -0.41412356
v 0.17915441 0.21044394 -0.41445589
v 0.17832704 0.21122824 -0.41315156
v 0.17832704 0.21122824 -0.41315156
v 0.17915441 0.21044394 -0.41445589
v 0.17936535 0.21026573 -0.41364744
v 0.17798904 0.21132877 -0.41412356
v 0.17906535 0.21057868 -0.41493779
v 0.17915441 0.21044394 -0.41445589
v 0.17869924 0.21117778 -0.41218913
v 0.17958805 0.21087340 -0.41093931
v 0.17839186 0.21201423 -0.41034189
v 0.17839186 0.21201423 -0.41034189
v 0.17958805 0.21087340 -0.41093931
v 0.17932107 0.21170346 -0.40951464
v 0.17839186 0.21201423 -0.41034189
v 0.17932107 0.21170346 -0.40951464
v 0.17851932 0.21236509 -0.40927246
v 0.17832704 0.21122824 -0.41315156
v 0.17936535 0.21026573 -0.41364744
v 0.17948872 0.21049471 -0.41216871
v 0.17832704 0.21122824 -0.41315156
v 0.17948872 0.21049471 -0.41216871
v 0.17869924 0.21117778 -0.41218913
v 0.17869924 0.21117778 -0.41218913
v 0.17948872 0.21049471 -0.41216871
v 0.17958805 0.21087340 -0.41093931
v 0.17958805 0.21087340 -0.41093931
v 0.18003646 0.21080597 -0.41009057
v 0.17932107 0.21170346 -0.40951464
v 0.17869924 0.21117778 -0.41218913
v 0.17779356 0.21197385 -0.41140527
v 0.17832704 0.21122824 -0.41315156
v 0.17832704 0.21122824 -0.41315156
v 0.17779356 0.21197385 -0.41140527
v 0.17679633 0.21196975 -0.41329959
v 0.17679633 0.21196975 -0.41329959
v 0.17779356 0.21197385 -0.41140527
v 0.17673670 0.21220802 -0.41216451
v 0.17869924 0.21117778 -0.41218913
v 0.17839186 0.21201423 -0.41034189
v 0.17779356 0.21197385 -0.41140527
v 0.17779356 0.21197385 -0.41140527
v 0.17839186 0.21201423 -0.41034189
v 0.17657384 0.21255589 -0.41110626
v 0.17832704 0.21122824 -0.41315156
v 0.17679633 0.21196975 -0.41329959
v 0.17671755 0.21192597 -0.41422558
v 0.17832704 0.21122824 -0.41315156
v 0.17671755 0.21192597 -0.41422558
v 0.17798904 0.21132877 -0.41412356
v 0.17798904 0.21132877 -0.41412356
v 0.17671755 0.21192597 -0.41422558
v 0.17794186 0.21138671 -0.41499254
v 0.17963444 0.21358134 -0.40505677
v 0.17927669 0.21284381 -0.40710339
v 0.17992744 0.21286246 -0.40611890
v 0.17927669 0.21284381 -0.40710339
v 0.17966884 0.21173808 -0.40883982
v 0.17992744 0.21286246 -0.40611890
v 0.17992744 0.21286246 -0.40611890
v 0.17966884 0.21173808 -0.40883982
v 0.18025158 0.21219963 -0.40691519
v 0.18025158 0.21219963 -0.40691519
v 0.18053232 0.21105570 -0.40856028
v 0.18110788 0.21181148 -0.40612859
v 0.17927669 0.21284381 -0.40710339
v 0.17851932 0.21236509 -0.40927246
v 0.17932107 0.21170346 -0.40951464
v 0.17927669 0.21284381 -0.40710339
v 0.17932107 0.21170346 -0.40951464
v 0.17966884 0.21173808 -0.40883982
v 0.18025158 0.21219963 -0.40691519
v 0.17966884 0.21173808 -0.40883982
v 0.18053232 0.21105570 -0.40856028
v 0.17966884 0.21173808 -0.40883982
v 0.17932107 0.21170346 -0.40951464
v 0.18003646 0.21080597 -0.41009057
v 0.17966884 0.21173808 -0.40883982
v 0.18003646 0.21080597 -0.41009057
v 0.18053232 0.21105570 -0.40856028
v 0.17963444 0.21358134 -0.40505677
v 0.17992744 0.21286246 -0.40611890
v 0.18073957 0.21392462 -0.40283802
v 0.17963444 0.21358134 -0.40505677
v 0.18073957 0.21392462 -0.40283802
v 0.18043947 0.21497719 -0.40113130
v 0.18043947 0.21497719 -0.40113130
v 0.18073957 0.21392462 -0.40283802
v 0.18126267 0.21515821 -0.39957994
v 0.17992744 0.21286246 -0.40611890
v 0.18025158 0.21219963 -0.40691519
v 0.18173958 0.21397088 -0.40123370
v 0.17992744 0.21286246 -0.40611890
v 0.18173958 0.21397088 -0.40123370
v 0.18073957 0.21392462 -0.40283802
v 0.18073957 0.21392462 -0.40283802
v 0.18173958 0.21397088 -0.40123370
v 0.18126267 0.21515821 -0.39957994
v 0.18025158 0.21219963 -0.40691519
v 0.18110788 0.21181148 -0.40612859
v 0.18269274 0.21329410 -0.40082461
v 0.18025158 0.21219963 -0.40691519
v 0.18269274 0.21329410 -0.40082461
v 0.18173958 0.21397088 -0.40123370
v 0.18173958 0.21397088 -0.40123370
v 0.18269274 0.21329410 -0.40082461
v 0.18241806 0.21387315 -0.40028018
v 0.17963444 0.21358134 -0.40505677
v 0.18043947 0.21497719 -0.40113130
v 0.17975281 0.21521544 -0.40146169
v 0.17975281 0.21521544 -0.40146169
v 0.17920709 0.21609679 -0.40009367
v 0.17863980 0.21468866 -0.40383694
v 0.17963444 0.21358134 -0.40505677
v 0.17975281 0.21521544 -0.40146169
v 0.17858854 0.21315248 -0.40730992
v 0.17963444 0.21358134 -0.40505677
v 0.17858854 0.21315248 -0.40730992
v 0.17927669 0.21284381 -0.40710339
v 0.17927669 0.21284381 -0.40710339
v 0.17858854 0.21315248 -0.40730992
v 0.17851932 0.21236509 -0.40927246
v 0.17975281 0.21521544 -0.40146169
v 0.17863980 0.21468866 -0.40383694
v 0.17800201 0.21348140 -0.40721437
v 0.17975281 0.21521544 -0.40146169
v 0.17800201 0.21348140 -0.40721437
v 0.17858854 0.21315248 -0.40730992
v 0.17858854 0.21315248 -0.40730992
v 0.17800201 0.21348140 -0.40721437
v 0.17731147 0.21295123 -0.40922987
v 0.17858854 0.21315248 -0.40730992
v 0.17731147 0.21295123 -0.40922987
v 0.17851932 0.21236509 -0.40927246
v 0.17863980 0.21468866 -0.40383694
v 0.17806543 0.21470372 -0.40433061
v 0.17800201 0.21348140 -0.40721437
v 0.17851932 0.21236509 -0.40927246
v 0.17731147 0.21295123 -0.40922987
v 0.17657384 0.21255589 -0.41110626
v 0.17851932 0.21236509 -0.40927246
v 0.17657384 0.21255589 -0.41110626
v 0.17839186 0.21201423 -0.41034189
v 0.18006328 0.20956260 -0.41304216
v 0.18001820 0.20944761 -0.41413611
v 0.18038532 0.20897917 -0.41338095
v 0.18090174 0.20818859 -0.41271234
v 0.18038532 0.20897917 -0.41338095
v 0.18049173 0.20866990 -0.41406581
v 0.18090174 0.20818859 -0.41271234
v 0.18049173 0.20866990 -0.41406581
v 0.18087190 0.20781948 -0.41372582
v 0.18001820 0.20944761 -0.41413611
v 0.18049173 0.20866990 -0.41406581
v 0.18038532 0.20897917 -0.41338095
v 0.18049173 0.20866990 -0.41406581
v 0.18050669 0.20869423 -0.41501120
v 0.18079123 0.20809864 -0.41500410
v 0.18049173 0.20866990 -0.41406581
v 0.18079123 0.20809864 -0.41500410
v 0.18087190 0.20781948 -0.41372582
v 0.18006328 0.20956260 -0.41304216
v 0.18069938 0.20886289 -0.41218907
v 0.18037236 0.20973684 -0.41145819
v 0.18038532 0.20897917 -0.41338095
v 0.18090174 0.20818859 -0.41271234
v 0.18069938 0.20886289 -0.41218907
v 0.18038532 0.20897917 -0.41338095
v 0.18069938 0.20886289 -0.41218907
v 0.18006328 0.20956260 -0.41304216
v 0.18069938 0.20886289 -0.41218907
v 0.18118438 0.20891264 -0.41053748
v 0.18037236 0.20973684 -0.41145819
v 0.18037236 0.20973684 -0.41145819
v 0.18118438 0.20891264 -0.41053748
v 0.18104306 0.20973335 -0.40968275
v 0.18069938 0.20886289 -0.41218907
v 0.18112932 0.20826449 -0.41161796
v 0.18118438 0.20891264 -0.41053748
v 0.18069938 0.20886289 -0.41218907
v 0.18090174 0.20818859 -0.41271234
v 0.18112932 0.20826449 -0.41161796
v 0.18118438 0.20891264 -0.41053748
v 0.18112932 0.20826449 -0.41161796
v 0.18153772 0.20808327 -0.41053757
v 0.18006328 0.20956260 -0.41304216
v 0.17948872 0.21049471 -0.41216871
v 0.17936535 0.21026573 -0.41364744
v 0.18006328 0.20956260 -0.41304216
v 0.18037236 0.20973684 -0.41145819
v 0.17948872 0.21049471 -0.41216871
v 0.18037236 0.20973684 -0.41145819
v 0.17958805 0.21087340 -0.41093931
v 0.17948872 0.21049471 -0.41216871
v 0.18037236 0.20973684 -0.41145819
v 0.18104306 0.20973335 -0.40968275
v 0.18003646 0.21080597 -0.41009057
v 0.18037236 0.20973684 -0.41145819
v 0.18003646 0.21080597 -0.41009057
v 0.17958805 0.21087340 -0.41093931
v 0.18006328 0.20956260 -0.41304216
v 0.17936535 0.21026573 -0.41364744
v 0.18001820 0.20944761 -0.41413611
v 0.18001820 0.20944761 -0.41413611
v 0.17936535 0.21026573 -0.41364744
v 0.17915441 0.21044394 -0.41445589
v 0.18001820 0.20944761 -0.41413611
v 0.17915441 0.21044394 -0.41445589
v 0.17988366 0.20967510 -0.41492891
v 0.18257254 0.21065608 -0.40503433
v 0.18173869 0.21099117 -0.40626284
v 0.18186007 0.21020837 -0.40715405
v 0.18257254 0.21065608 -0.40503433
v 0.18186007 0.21020837 -0.40715405
v 0.18280503 0.20970014 -0.40569106
v 0.18280503 0.20970014 -0.40569106
v 0.18186007 0.21020837 -0.40715405
v 0.18197656 0.20887066 -0.40851828
v 0.18280503 0.20970014 -0.40569106
v 0.18197656 0.20887066 -0.40851828
v 0.18300301 0.20919369 -0.40578172
v 0.18186007 0.21020837 -0.40715405
v 0.18104306 0.20973335 -0.40968275
v 0.18197656 0.20887066 -0.40851828
v 0.18104306 0.20973335 -0.40968275
v 0.18118438 0.20891264 -0.41053748
v 0.18197656 0.20887066 -0.40851828
v 0.18197656 0.20887066 -0.40851828
v 0.18118438 0.20891264 -0.41053748
v 0.18153772 0.20808327 -0.41053757
v 0.18257254 0.21065608 -0.40503433
v 0.18280503 0.20970014 -0.40569106
v 0.18457408 0.21067891 -0.40074861
v 0.18257254 0.21065608 -0.40503433
v 0.18457408 0.21067891 -0.40074861
v 0.18418324 0.21147239 -0.40063930
v 0.18280503 0.20970014 -0.40569106
v 0.18300301 0.20919369 -0.40578172
v 0.18474802 0.20980096 -0.40125218
v 0.18280503 0.20970014 -0.40569106
v 0.18474802 0.20980096 -0.40125218
v 0.18457408 0.21067891 -0.40074861
v 0.18173869 0.21099117 -0.40626284
v 0.18269274 0.21329410 -0.40082461
v 0.18110788 0.21181148 -0.40612859
v 0.18257254 0.21065608 -0.40503433
v 0.18418324 0.21147239 -0.40063930
v 0.18338059 0.21247579 -0.40085334
v 0.18257254 0.21065608 -0.40503433
v 0.18338059 0.21247579 -0.40085334
v 0.18173869 0.21099117 -0.40626284
v 0.18173869 0.21099117 -0.40626284
v 0.18338059 0.21247579 -0.40085334
v 0.18269274 0.21329410 -0.40082461
v 0.18186007 0.21020837 -0.40715405
v 0.18173869 0.21099117 -0.40626284
v 0.18053232 0.21105570 -0.40856028
v 0.18186007 0.21020837 -0.40715405
v 0.18053232 0.21105570 -0.40856028
v 0.18104306 0.20973335 -0.40968275
v 0.18104306 0.20973335 -0.40968275
v 0.18053232 0.21105570 -0.40856028
v 0.18003646 0.21080597 -0.41009057
v 0.18173869 0.21099117 -0.40626284
v 0.18110788 0.21181148 -0.40612859
v 0.18053232 0.21105570 -0.40856028
v 0.18111067 0.20705304 -0.41367805
v 0.18123195 0.20606498 -0.41401386
v 0.18133099 0.20640776 -0.41287929
v 0.18133099 0.20640776 -0.41287929
v 0.18123195 0.20606498 -0.41401386
v 0.18130386 0.20522852 -0.41337398
v 0.18111287 0.20704725 -0.41498217
v 0.18124402 0.20618446 -0.41499332
v 0.18111067 0.20705304 -0.41367805
v 0.18111067 0.20705304 -0.41367805
v 0.18124402 0.20618446 -0.41499332
v 0.18123195 0.20606498 -0.41401386
v 0.18133099 0.20640776 -0.41287929
v 0.18193656 0.20537543 -0.41065717
v 0.18153353 0.20687012 -0.41165179
v 0.18153353 0.20687012 -0.41165179
v 0.18193656 0.20537543 -0.41065717
v 0.18188310 0.20653014 -0.41063643
v 0.18130386 0.20522852 -0.41337398
v 0.18148647 0.20524129 -0.41230243
v 0.18133099 0.20640776 -0.41287929
v 0.18133099 0.20640776 -0.41287929
v 0.18148647 0.20524129 -0.41230243
v 0.18193656 0.20537543 -0.41065717
v 0.18111067 0.20705304 -0.41367805
v 0.18133099 0.20640776 -0.41287929
v 0.18126397 0.20743670 -0.41218516
v 0.18111067 0.20705304 -0.41367805
v 0.18126397 0.20743670 -0.41218516
v 0.18090174 0.20818859 -0.41271234
v 0.18133099 0.20640776 -0.41287929
v 0.18153353 0.20687012 -0.41165179
v 0.18126397 0.20743670 -0.41218516
v 0.18126397 0.20743670 -0.41218516
v 0.18112932 0.20826449 -0.41161796
v 0.18090174 0.20818859 -0.41271234
v 0.18126397 0.20743670 -0.41218516
v 0.18153353 0.20687012 -0.41165179
v 0.18153772 0.20808327 -0.41053757
v 0.18126397 0.20743670 -0.41218516
v 0.18153772 0.20808327 -0.41053757
v 0.18112932 0.20826449 -0.41161796
v 0.18188310 0.20653014 -0.41063643
v 0.18194503 0.20723704 -0.41007632
v 0.18153353 0.20687012 -0.41165179
v 0.18153353 0.20687012 -0.41165179
v 0.18194503 0.20723704 -0.41007632
v 0.18153772 0.20808327 -0.41053757
v 0.18090174 0.20818859 -0.41271234
v 0.18087190 0.20781948 -0.41372582
v 0.18111067 0.20705304 -0.41367805
v 0.18111067 0.20705304 -0.41367805
v 0.18087190 0.20781948 -0.41372582
v 0.18079123 0.20809864 -0.41500410
v 0.18111067 0.20705304 -0.41367805
v 0.18079123 0.20809864 -0.41500410
v 0.18111287 0.20704725 -0.41498217
v 0.18382978 0.20765741 -0.40499741
v 0.18240520 0.20786017 -0.40837875
v 0.18367958 0.20678724 -0.40573347
v 0.18401469 0.20626016 -0.40504909
v 0.18367958 0.20678724 -0.40573347
v 0.18263857 0.20537184 -0.40862259
v 0.18401469 0.20626016 -0.40504909
v 0.18263857 0.20537184 -0.40862259
v 0.18388982 0.20557399 -0.40541291
v 0.18240520 0.20786017 -0.40837875
v 0.18255171 0.20696168 -0.40852687
v 0.18367958 0.20678724 -0.40573347
v 0.18367958 0.20678724 -0.40573347
v 0.18255171 0.20696168 -0.40852687
v 0.18261544 0.20619653 -0.40861353
v 0.18367958 0.20678724 -0.40573347
v 0.18261544 0.20619653 -0.40861353
v 0.18263857 0.20537184 -0.40862259
v 0.18255171 0.20696168 -0.40852687
v 0.18194503 0.20723704 -0.41007632
v 0.18188310 0.20653014 -0.41063643
v 0.18255171 0.20696168 -0.40852687
v 0.18188310 0.20653014 -0.41063643
v 0.18261544 0.20619653 -0.40861353
v 0.18261544 0.20619653 -0.40861353
v 0.18188310 0.20653014 -0.41063643
v 0.18193656 0.20537543 -0.41065717
v 0.18261544 0.20619653 -0.40861353
v 0.18193656 0.20537543 -0.41065717
v 0.18263857 0.20537184 -0.40862259
v 0.18382978 0.20765741 -0.40499741
v 0.18367958 0.20678724 -0.40573347
v 0.18560542 0.20775396 -0.40071601
v 0.18367958 0.20678724 -0.40573347
v 0.18401469 0.20626016 -0.40504909
v 0.18560542 0.20775396 -0.40071601
v 0.18560542 0.20775396 -0.40071601
v 0.18401469 0.20626016 -0.40504909
v 0.18578614 0.20670785 -0.40062356
v 0.18560542 0.20775396 -0.40071601
v 0.18578614 0.20670785 -0.40062356
v 0.18606529 0.20773141 -0.39954084
v 0.18401469 0.20626016 -0.40504909
v 0.18582873 0.20615403 -0.40062344
v 0.18578614 0.20670785 -0.40062356
v 0.18401469 0.20626016 -0.40504909
v 0.18388982 0.20557399 -0.40541291
v 0.18582873 0.20615403 -0.40062344
v 0.18582873 0.20615403 -0.40062344
v 0.18388982 0.20557399 -0.40541291
v 0.18588299 0.20525245 -0.40051654
v 0.18382978 0.20765741 -0.40499741
v 0.18560542 0.20775396 -0.40071601
v 0.18512861 0.20903981 -0.40103474
v 0.18382978 0.20765741 -0.40499741
v 0.18512861 0.20903981 -0.40103474
v 0.18327597 0.20846814 -0.40578112
v 0.18327597 0.20846814 -0.40578112
v 0.18512861 0.20903981 -0.40103474
v 0.18474802 0.20980096 -0.40125218
v 0.18327597 0.20846814 -0.40578112
v 0.18474802 0.20980096 -0.40125218
v 0.18300301 0.20919369 -0.40578172
v 0.18255171 0.20696168 -0.40852687
v 0.18240520 0.20786017 -0.40837875
v 0.18194503 0.20723704 -0.41007632
v 0.18382978 0.20765741 -0.40499741
v 0.18327597 0.20846814 -0.40578112
v 0.18240520 0.20786017 -0.40837875
v 0.18240520 0.20786017 -0.40837875
v 0.18153772 0.20808327 -0.41053757
v 0.18194503 0.20723704 -0.41007632
v 0.18327597 0.20846814 -0.40578112
v 0.18300301 0.20919369 -0.40578172
v 0.18197656 0.20887066 -0.40851828
v 0.18327597 0.20846814 -0.40578112
v 0.18197656 0.20887066 -0.40851828
v 0.18240520 0.20786017 -0.40837875
v 0.18240520 0.20786017 -0.40837875
v 0.18197656 0.20887066 -0.40851828
v 0.18153772 0.20808327 -0.41053757
v 0.18098949 0.20326558 -0.41282403
v 0.18120731 0.20415929 -0.41299799
v 0.18099239 0.20370740 -0.41406274
v 0.18099239 0.20370740 -0.41406274
v 0.18118678 0.20469426 -0.41441280
v 0.18101533 0.20372984 -0.41500741
v 0.18099239 0.20370740 -0.41406274
v 0.18101533 0.20372984 -0.41500741
v 0.18069369 0.20290145 -0.41431576
v 0.18120731 0.20415929 -0.41299799
v 0.18140370 0.20348440 -0.41142520
v 0.18152875 0.20445201 -0.41180369
v 0.18200368 0.20439246 -0.41012967
v 0.18152875 0.20445201 -0.41180369
v 0.18185927 0.20316187 -0.40972915
v 0.18120731 0.20415929 -0.41299799
v 0.18098949 0.20326558 -0.41282403
v 0.18140370 0.20348440 -0.41142520
v 0.18152875 0.20445201 -0.41180369
v 0.18140370 0.20348440 -0.41142520
v 0.18185927 0.20316187 -0.40972915
v 0.18098949 0.20326558 -0.41282403
v 0.18105492 0.20249625 -0.41132405
v 0.18140370 0.20348440 -0.41142520
v 0.18140370 0.20348440 -0.41142520
v 0.18105492 0.20249625 -0.41132405
v 0.18185927 0.20316187 -0.40972915
v 0.18120731 0.20415929 -0.41299799
v 0.18152875 0.20445201 -0.41180369
v 0.18148647 0.20524129 -0.41230243
v 0.18152875 0.20445201 -0.41180369
v 0.18200368 0.20439246 -0.41012967
v 0.18193656 0.20537543 -0.41065717
v 0.18152875 0.20445201 -0.41180369
v 0.18193656 0.20537543 -0.41065717
v 0.18148647 0.20524129 -0.41230243
v 0.18120731 0.20415929 -0.41299799
v 0.18148647 0.20524129 -0.41230243
v 0.18130386 0.20522852 -0.41337398
v 0.18120731 0.20415929 -0.41299799
v 0.18130386 0.20522852 -0.41337398
v 0.18099239 0.20370740 -0.41406274
v 0.18099239 0.20370740 -0.41406274
v 0.18130386 0.20522852 -0.41337398
v 0.18118678 0.20469426 -0.41441280
v 0.18130386 0.20522852 -0.41337398
v 0.18123195 0.20606498 -0.41401386
v 0.18118678 0.20469426 -0.41441280
v 0.18118678 0.20469426 -0.41441280
v 0.18123195 0.20606498 -0.41401386
v 0.18126036 0.20493640 -0.41494885
v 0.18409736 0.20416677 -0.40467271
v 0.18320386 0.20405088 -0.40680549
v 0.18370183 0.20302433 -0.40502226
v 0.18370183 0.20302433 -0.40502226
v 0.18320386 0.20405088 -0.40680549
v 0.18246873 0.20326838 -0.40818629
v 0.18370183 0.20302433 -0.40502226
v 0.18246873 0.20326838 -0.40818629
v 0.18353567 0.20235582 -0.40490815
v 0.18353567 0.20235582 -0.40490815
v 0.18246873 0.20326838 -0.40818629
v 0.18247990 0.20217600 -0.40721369
v 0.18353567 0.20235582 -0.40490815
v 0.18247990 0.20217600 -0.40721369
v 0.18320426 0.20173548 -0.40510443
v 0.18246873 0.20326838 -0.40818629
v 0.18136200 0.20216683 -0.40995622
v 0.18247990 0.20217600 -0.40721369
v 0.18320386 0.20405088 -0.40680549
v 0.18200368 0.20439246 -0.41012967
v 0.18246873 0.20326838 -0.40818629
v 0.18246873 0.20326838 -0.40818629
v 0.18185927 0.20316187 -0.40972915
v 0.18136200 0.20216683 -0.40995622
v 0.18200368 0.20439246 -0.41012967
v 0.18185927 0.20316187 -0.40972915
v 0.18246873 0.20326838 -0.40818629
v 0.18409736 0.20416677 -0.40467271
v 0.18370183 0.20302433 -0.40502226
v 0.18562557 0.20310022 -0.40047595
v 0.18370183 0.20302433 -0.40502226
v 0.18512869 0.20210838 -0.40103436
v 0.18562557 0.20310022 -0.40047595
v 0.18370183 0.20302433 -0.40502226
v 0.18353567 0.20235582 -0.40490815
v 0.18512869 0.20210838 -0.40103436
v 0.18353567 0.20235582 -0.40490815
v 0.18320426 0.20173548 -0.40510443
v 0.18510646 0.20119922 -0.40029144
v 0.18353567 0.20235582 -0.40490815
v 0.18510646 0.20119922 -0.40029144
v 0.18512869 0.20210838 -0.40103436
v 0.18562557 0.20310022 -0.40047595
v 0.18595958 0.20413186 -0.40007970
v 0.18409736 0.20416677 -0.40467271
v 0.18409736 0.20416677 -0.40467271
v 0.18595958 0.20413186 -0.40007970
v 0.18388613 0.20493421 -0.40537822
v 0.18388613 0.20493421 -0.40537822
v 0.18595958 0.20413186 -0.40007970
v 0.18588299 0.20525245 -0.40051654
v 0.18388613 0.20493421 -0.40537822
v 0.18588299 0.20525245 -0.40051654
v 0.18388982 0.20557399 -0.40541291
v 0.18320386 0.20405088 -0.40680549
v 0.18263857 0.20537184 -0.40862259
v 0.18200368 0.20439246 -0.41012967
v 0.18409736 0.20416677 -0.40467271
v 0.18388613 0.20493421 -0.40537822
v 0.18320386 0.20405088 -0.40680549
v 0.18320386 0.20405088 -0.40680549
v 0.18388613 0.20493421 -0.40537822
v 0.18263857 0.20537184 -0.40862259
v 0.18200368 0.20439246 -0.41012967
v 0.18263857 0.20537184 -0.40862259
v 0.18193656 0.20537543 -0.41065717
v 0.18388613 0.20493421 -0.40537822
v 0.18388982 0.20557399 -0.40541291
v 0.18263857 0.20537184 -0.40862259
v 0.18001661 0.20169270 -0.41386655
v 0.18015255 0.20182066 -0.41496202
v 0.17934321 0.20085783 -0.41499832
v 0.18001661 0.20169270 -0.41386655
v 0.17934321 0.20085783 -0.41499832
v 0.17908590 0.20061499 -0.41374707
v 0.18046860 0.20223345 -0.41308624
v 0.18001661 0.20169270 -0.41386655
v 0.18022914 0.20136587 -0.41176030
v 0.18001661 0.20169270 -0.41386655
v 0.17960222 0.20075631 -0.41215613
v 0.18022914 0.20136587 -0.41176030
v 0.18022914 0.20136587 -0.41176030
v 0.17995396 0.20066395 -0.41095516
v 0.18052395 0.20090690 -0.41007701
v 0.18001661 0.20169270 -0.41386655
v 0.17908590 0.20061499 -0.41374707
v 0.17960222 0.20075631 -0.41215613
v 0.18022914 0.20136587 -0.41176030
v 0.17960222 0.20075631 -0.41215613
v 0.17995396 0.20066395 -0.41095516
v 0.17995396 0.20066395 -0.41095516
v 0.18004283 0.20008302 -0.40951639
v 0.18052395 0.20090690 -0.41007701
v 0.18022914 0.20136587 -0.41176030
v 0.18105492 0.20249625 -0.41132405
v 0.18046860 0.20223345 -0.41308624
v 0.18046860 0.20223345 -0.41308624
v 0.18105492 0.20249625 -0.41132405
v 0.18098949 0.20326558 -0.41282403
v 0.18022914 0.20136587 -0.41176030
v 0.18136200 0.20216683 -0.40995622
v 0.18105492 0.20249625 -0.41132405
v 0.18022914 0.20136587 -0.41176030
v 0.18052395 0.20090690 -0.41007701
v 0.18136200 0.20216683 -0.40995622
v 0.18105492 0.20249625 -0.41132405
v 0.18136200 0.20216683 -0.40995622
v 0.18185927 0.20316187 -0.40972915
v 0.18046860 0.20223345 -0.41308624
v 0.18069369 0.20290145 -0.41431576
v 0.18001661 0.20169270 -0.41386655
v 0.18001661 0.20169270 -0.41386655
v 0.18069369 0.20290145 -0.41431576
v 0.18015255 0.20182066 -0.41496202
v 0.18046860 0.20223345 -0.41308624
v 0.18098949 0.20326558 -0.41282403
v 0.18099239 0.20370740 -0.41406274
v 0.18046860 0.20223345 -0.41308624
v 0.18099239 0.20370740 -0.41406274
v 0.18069369 0.20290145 -0.41431576
v 0.18201396 0.20003743 -0.40553290
v 0.18108185 0.20072350 -0.40850115
v 0.18080638 0.19954816 -0.40705392
v 0.18201396 0.20003743 -0.40553290
v 0.18080638 0.19954816 -0.40705392
v 0.18171744 0.19923918 -0.40487066
v 0.18108185 0.20072350 -0.40850115
v 0.18004283 0.20008302 -0.40951639
v 0.18080638 0.19954816 -0.40705392
v 0.18108185 0.20072350 -0.40850115
v 0.18052395 0.20090690 -0.41007701
v 0.18004283 0.20008302 -0.40951639
v 0.18283126 0.20003814 -0.40389240
v 0.18201396 0.20003743 -0.40553290
v 0.18346576 0.19897190 -0.40112430
v 0.18283126 0.20003814 -0.40389240
v 0.18346576 0.19897190 -0.40112430
v 0.18395874 0.19894916 -0.40007961
v 0.18201396 0.20003743 -0.40553290
v 0.18171744 0.19923918 -0.40487066
v 0.18346576 0.19897190 -0.40112430
v 0.18346576 0.19897190 -0.40112430
v 0.18171744 0.19923918 -0.40487066
v 0.18295603 0.19801645 -0.40062016
v 0.18171744 0.19923918 -0.40487066
v 0.18080638 0.19954816 -0.40705392
v 0.18135722 0.19843324 -0.40412876
v 0.18171744 0.19923918 -0.40487066
v 0.18135722 0.19843324 -0.40412876
v 0.18295603 0.19801645 -0.40062016
v 0.18310463 0.20044844 -0.40386397
v 0.18451315 0.20071372 -0.40113148
v 0.18276863 0.20131791 -0.40562096
v 0.18276863 0.20131791 -0.40562096
v 0.18451315 0.20071372 -0.40113148
v 0.18320426 0.20173548 -0.40510443
v 0.18320426 0.20173548 -0.40510443
v 0.18451315 0.20071372 -0.40113148
v 0.18510646 0.20119922 -0.40029144
v 0.18283126 0.20003814 -0.40389240
v 0.18395874 0.19894916 -0.40007961
v 0.18429783 0.19970334 -0.40040025
v 0.18283126 0.20003814 -0.40389240
v 0.18429783 0.19970334 -0.40040025
v 0.18310463 0.20044844 -0.40386397
v 0.18310463 0.20044844 -0.40386397
v 0.18429783 0.19970334 -0.40040025
v 0.18458296 0.20020817 -0.40039617
v 0.18310463 0.20044844 -0.40386397
v 0.18458296 0.20020817 -0.40039617
v 0.18451315 0.20071372 -0.40113148
v 0.18283126 0.20003814 -0.40389240
v 0.18310463 0.20044844 -0.40386397
v 0.18197007 0.20133157 -0.40741256
v 0.18283126 0.20003814 -0.40389240
v 0.18197007 0.20133157 -0.40741256
v 0.18201396 0.20003743 -0.40553290
v 0.18201396 0.20003743 -0.40553290
v 0.18197007 0.20133157 -0.40741256
v 0.18108185 0.20072350 -0.40850115
v 0.18108185 0.20072350 -0.40850115
v 0.18197007 0.20133157 -0.40741256
v 0.18136200 0.20216683 -0.40995622
v 0.18108185 0.20072350 -0.40850115
v 0.18136200 0.20216683 -0.40995622
v 0.18052395 0.20090690 -0.41007701
v 0.18310463 0.20044844 -0.40386397
v 0.18276863 0.20131791 -0.40562096
v 0.18197007 0.20133157 -0.40741256
v 0.18276863 0.20131791 -0.40562096
v 0.18247990 0.20217600 -0.40721369
v 0.18197007 0.20133157 -0.40741256
v 0.18197007 0.20133157 -0.40741256
v 0.18247990 0.20217600 -0.40721369
v 0.18136200 0.20216683 -0.40995622
v 0.18320426 0.20173548 -0.40510443
v 0.18247990 0.20217600 -0.40721369
v 0.18276863 0.20131791 -0.40562096
v 0.17622307 0.19897519 -0.41302562
v 0.17603000 0.19902694 -0.41427526
v 0.17487569 0.19877373 -0.41306600
v 0.17487569 0.19877373 -0.41306600
v 0.17603000 0.19902694 -0.41427526
v 0.17438878 0.19886418 -0.41429481
v 0.17603000 0.19902694 -0.41427526
v 0.17516541 0.19886498 -0.41495046
v 0.17438878 0.19886418 -0.41429481
v 0.17622307 0.19897519 -0.41302562
v 0.17487569 0.19877373 -0.41306600
v 0.17556503 0.19867449 -0.41218907
v 0.17625010 0.19861436 -0.41142967
v 0.17556503 0.19867449 -0.41218907
v 0.17532338 0.19811299 -0.41029930
v 0.17625010 0.19861436 -0.41142967
v 0.17532338 0.19811299 -0.41029930
v 0.17656726 0.19826309 -0.41007680
v 0.17487569 0.19877373 -0.41306600
v 0.17453499 0.19846345 -0.41163215
v 0.17556503 0.19867449 -0.41218907
v 0.17556503 0.19867449 -0.41218907
v 0.17453499 0.19846345 -0.41163215
v 0.17532338 0.19811299 -0.41029930
v 0.17453499 0.19846345 -0.41163215
v 0.17426492 0.19800329 -0.41006106
v 0.17532338 0.19811299 -0.41029930
v 0.17622307 0.19897519 -0.41302562
v 0.17699191 0.19895305 -0.41180626
v 0.17743772 0.19944981 -0.41336828
v 0.17556503 0.19867449 -0.41218907
v 0.17625010 0.19861436 -0.41142967
v 0.17622307 0.19897519 -0.41302562
v 0.17622307 0.19897519 -0.41302562
v 0.17625010 0.19861436 -0.41142967
v 0.17699191 0.19895305 -0.41180626
v 0.17625010 0.19861436 -0.41142967
v 0.17656726 0.19826309 -0.41007680
v 0.17699191 0.19895305 -0.41180626
v 0.17699191 0.19895305 -0.41180626
v 0.17656726 0.19826309 -0.41007680
v 0.17784053 0.19889620 -0.41048950
v 0.17622307 0.19897519 -0.41302562
v 0.17688102 0.19928485 -0.41413632
v 0.17603000 0.19902694 -0.41427526
v 0.17622307 0.19897519 -0.41302562
v 0.17743772 0.19944981 -0.41336828
v 0.17688102 0.19928485 -0.41413632
v 0.17688102 0.19928485 -0.41413632
v 0.17720385 0.19938678 -0.41494387
v 0.17603000 0.19902694 -0.41427526
v 0.17617320 0.19619045 -0.40497968
v 0.17576928 0.19739152 -0.40813860
v 0.17496565 0.19716164 -0.40775353
v 0.17617320 0.19619045 -0.40497968
v 0.17496565 0.19716164 -0.40775353
v 0.17522454 0.19611216 -0.40507212
v 0.17522454 0.19611216 -0.40507212
v 0.17496565 0.19716164 -0.40775353
v 0.17442189 0.19631602 -0.40563092
v 0.17576928 0.19739152 -0.40813860
v 0.17656726 0.19826309 -0.41007680
v 0.17532338 0.19811299 -0.41029930
v 0.17576928 0.19739152 -0.40813860
v 0.17532338 0.19811299 -0.41029930
v 0.17496565 0.19716164 -0.40775353
v 0.17496565 0.19716164 -0.40775353
v 0.17532338 0.19811299 -0.41029930
v 0.17426492 0.19800329 -0.41006106
v 0.17617320 0.19619045 -0.40497968
v 0.17522454 0.19611216 -0.40507212
v 0.17549522 0.19414923 -0.40021405
v 0.17617320 0.19619045 -0.40497968
v 0.17549522 0.19414923 -0.40021405
v 0.17645225 0.19433801 -0.40038690
v 0.17522454 0.19611216 -0.40507212
v 0.17484307 0.19413735 -0.40027878
v 0.17549522 0.19414923 -0.40021405
v 0.17522454 0.19611216 -0.40507212
v 0.17442189 0.19631602 -0.40563092
v 0.17484307 0.19413735 -0.40027878
v 0.17617320 0.19619045 -0.40497968
v 0.17645225 0.19433801 -0.40038690
v 0.17681709 0.19656615 -0.40554973
v 0.17681709 0.19656615 -0.40554973
v 0.17804718 0.19473545 -0.40040395
v 0.17747083 0.19678785 -0.40562415
v 0.17747083 0.19678785 -0.40562415
v 0.17804718 0.19473545 -0.40040395
v 0.17821473 0.19699270 -0.40544662
v 0.17645225 0.19433801 -0.40038690
v 0.17708407 0.19415671 -0.39959690
v 0.17681709 0.19656615 -0.40554973
v 0.17681709 0.19656615 -0.40554973
v 0.17708407 0.19415671 -0.39959690
v 0.17804718 0.19473545 -0.40040395
v 0.17804718 0.19473545 -0.40040395
v 0.17906415 0.19569018 -0.40168670
v 0.17821473 0.19699270 -0.40544662
v 0.17617320 0.19619045 -0.40497968
v 0.17681709 0.19656615 -0.40554973
v 0.17576928 0.19739152 -0.40813860
v 0.17576928 0.19739152 -0.40813860
v 0.17681709 0.19656615 -0.40554973
v 0.17690325 0.19766450 -0.40819088
v 0.17576928 0.19739152 -0.40813860
v 0.17690325 0.19766450 -0.40819088
v 0.17656726 0.19826309 -0.41007680
v 0.17681709 0.19656615 -0.40554973
v 0.17747083 0.19678785 -0.40562415
v 0.17690325 0.19766450 -0.40819088
v 0.17690325 0.19766450 -0.40819088
v 0.17768505 0.19808696 -0.40855828
v 0.17656726 0.19826309 -0.41007680
v 0.17747083 0.19678785 -0.40562415
v 0.17821473 0.19699270 -0.40544662
v 0.17768505 0.19808696 -0.40855828
v 0.17747083 0.19678785 -0.40562415
v 0.17768505 0.19808696 -0.40855828
v 0.17690325 0.19766450 -0.40819088
v 0.17768505 0.19808696 -0.40855828
v 0.17784053 0.19889620 -0.41048950
v 0.17656726 0.19826309 -0.41007680
v 0.17846128 0.20011124 -0.41364715
v 0.17800011 0.19982421 -0.41417462
v 0.17743772 0.19944981 -0.41336828
v 0.17743772 0.19944981 -0.41336828
v 0.17800011 0.19982421 -0.41417462
v 0.17688102 0.19928485 -0.41413632
v 0.17800011 0.19982421 -0.41417462
v 0.17729639 0.19941899 -0.41501817
v 0.17720385 0.19938678 -0.41494387
v 0.17800011 0.19982421 -0.41417462
v 0.17720385 0.19938678 -0.41494387
v 0.17688102 0.19928485 -0.41413632
v 0.17846128 0.20011124 -0.41364715
v 0.17743772 0.19944981 -0.41336828
v 0.17787066 0.19945690 -0.41221866
v 0.17873903 0.20000313 -0.41219324
v 0.17787066 0.19945690 -0.41221866
v 0.17784053 0.19889620 -0.41048950
v 0.17873903 0.20000313 -0.41219324
v 0.17784053 0.19889620 -0.41048950
v 0.17893161 0.19956680 -0.41050187
v 0.17893161 0.19956680 -0.41050187
v 0.17784053 0.19889620 -0.41048950
v 0.17845610 0.19885740 -0.40951762
v 0.17743772 0.19944981 -0.41336828
v 0.17699191 0.19895305 -0.41180626
v 0.17787066 0.19945690 -0.41221866
v 0.17787066 0.19945690 -0.41221866
v 0.17699191 0.19895305 -0.41180626
v 0.17784053 0.19889620 -0.41048950
v 0.17846128 0.20011124 -0.41364715
v 0.17787066 0.19945690 -0.41221866
v 0.17873903 0.20000313 -0.41219324
v 0.17846128 0.20011124 -0.41364715
v 0.17873903 0.20000313 -0.41219324
v 0.17960222 0.20075631 -0.41215613
v 0.17846128 0.20011124 -0.41364715
v 0.17960222 0.20075631 -0.41215613
v 0.17908590 0.20061499 -0.41374707
v 0.17873903 0.20000313 -0.41219324
v 0.17924099 0.20013987 -0.41135967
v 0.17960222 0.20075631 -0.41215613
v 0.17873903 0.20000313 -0.41219324
v 0.17893161 0.19956680 -0.41050187
v 0.17924099 0.20013987 -0.41135967
v 0.17924099 0.20013987 -0.41135967
v 0.17995396 0.20066395 -0.41095516
v 0.17960222 0.20075631 -0.41215613
v 0.17924099 0.20013987 -0.41135967
v 0.17893161 0.19956680 -0.41050187
v 0.18004283 0.20008302 -0.40951639
v 0.17924099 0.20013987 -0.41135967
v 0.18004283 0.20008302 -0.40951639
v 0.17995396 0.20066395 -0.41095516
v 0.17800011 0.19982421 -0.41417462
v 0.17846128 0.20011124 -0.41364715
v 0.17881104 0.20037414 -0.41504040
v 0.17846128 0.20011124 -0.41364715
v 0.17908590 0.20061499 -0.41374707
v 0.17934321 0.20085783 -0.41499832
v 0.17846128 0.20011124 -0.41364715
v 0.17934321 0.20085783 -0.41499832
v 0.17881104 0.20037414 -0.41504040
v 0.17943327 0.19784620 -0.40591428
v 0.17846915 0.19776113 -0.40691578
v 0.17975132 0.19593464 -0.40146738
v 0.17975132 0.19593464 -0.40146738
v 0.17846915 0.19776113 -0.40691578
v 0.17821473 0.19699270 -0.40544662
v 0.17943327 0.19784620 -0.40591428
v 0.17904919 0.19880733 -0.40852737
v 0.17846915 0.19776113 -0.40691578
v 0.17846915 0.19776113 -0.40691578
v 0.17768505 0.19808696 -0.40855828
v 0.17821473 0.19699270 -0.40544662
v 0.17904919 0.19880733 -0.40852737
v 0.17845610 0.19885740 -0.40951762
v 0.17846915 0.19776113 -0.40691578
v 0.17846915 0.19776113 -0.40691578
v 0.17845610 0.19885740 -0.40951762
v 0.17768505 0.19808696 -0.40855828
v 0.17904919 0.19880733 -0.40852737
v 0.17893161 0.19956680 -0.41050187
v 0.17845610 0.19885740 -0.40951762
v 0.17845610 0.19885740 -0.40951762
v 0.17784053 0.19889620 -0.41048950
v 0.17768505 0.19808696 -0.40855828
v 0.17943327 0.19784620 -0.40591428
v 0.17975132 0.19593464 -0.40146738
v 0.18053141 0.19609690 -0.40086010
v 0.17975132 0.19593464 -0.40146738
v 0.17821473 0.19699270 -0.40544662
v 0.17906415 0.19569018 -0.40168670
v 0.17943327 0.19784620 -0.40591428
v 0.18053141 0.19609690 -0.40086010
v 0.18039699 0.19809544 -0.40504560
v 0.18039699 0.19809544 -0.40504560
v 0.18199781 0.19735831 -0.40113905
v 0.18135722 0.19843324 -0.40412876
v 0.18053141 0.19609690 -0.40086010
v 0.18100776 0.19590023 -0.39977172
v 0.18132161 0.19637705 -0.40030870
v 0.18053141 0.19609690 -0.40086010
v 0.18132161 0.19637705 -0.40030870
v 0.18039699 0.19809544 -0.40504560
v 0.18039699 0.19809544 -0.40504560
v 0.18132161 0.19637705 -0.40030870
v 0.18176483 0.19672123 -0.40031040
v 0.18039699 0.19809544 -0.40504560
v 0.18176483 0.19672123 -0.40031040
v 0.18199781 0.19735831 -0.40113905
v 0.18199781 0.19735831 -0.40113905
v 0.18295603 0.19801645 -0.40062016
v 0.18135722 0.19843324 -0.40412876
v 0.17943327 0.19784620 -0.40591428
v 0.18039699 0.19809544 -0.40504560
v 0.17981136 0.19917555 -0.40810150
v 0.17943327 0.19784620 -0.40591428
v 0.17981136 0.19917555 -0.40810150
v 0.17904919 0.19880733 -0.40852737
v 0.17904919 0.19880733 -0.40852737
v 0.17981136 0.19917555 -0.40810150
v 0.17893161 0.19956680 -0.41050187
v 0.18039699 0.19809544 -0.40504560
v 0.18135722 0.19843324 -0.40412876
v 0.17981136 0.19917555 -0.40810150
v 0.17981136 0.19917555 -0.40810150
v 0.18004283 0.20008302 -0.40951639
v 0.17893161 0.19956680 -0.41050187
v 0.18135722 0.19843324 -0.40412876
v 0.18080638 0.19954816 -0.40705392
v 0.17981136 0.19917555 -0.40810150
v 0.17981136 0.19917555 -0.40810150
v 0.18080638 0.19954816 -0.40705392
v 0.18004283 0.20008302 -0.40951639
v 0.17324565 0.19903602 -0.41506854
v 0.17244349 0.19961657 -0.41514853
v 0.17188190 0.19948672 -0.41511223
v 0.17575563 0.19935407 -0.41514692
v 0.17445680 0.20119563 -0.41512749
v 0.17244349 0.19961657 -0.41514853
v 0.17324565 0.19903602 -0.41506854
v 0.17228533 0.19922651 -0.41495574
v 0.17372227 0.19891046 -0.41494498
v 0.17372227 0.19891046 -0.41494498
v 0.17228533 0.19922651 -0.41495574
v 0.17323299 0.19898835 -0.41441140
v 0.17324565 0.19903602 -0.41506854
v 0.17188190 0.19948672 -0.41511223
v 0.17228533 0.19922651 -0.41495574
v 0.17188190 0.19948672 -0.41511223
v 0.17142443 0.19961746 -0.41502553
v 0.17228533 0.19922651 -0.41495574
v 0.17324565 0.19903602 -0.41506854
v 0.17372227 0.19891046 -0.41494498
v 0.17473127 0.19891156 -0.41509694
v 0.17473127 0.19891156 -0.41509694
v 0.17372227 0.19891046 -0.41494498
v 0.17516541 0.19886498 -0.41495046
v 0.17372227 0.19891046 -0.41494498
v 0.17323299 0.19898835 -0.41441140
v 0.17438878 0.19886418 -0.41429481
v 0.17372227 0.19891046 -0.41494498
v 0.17438878 0.19886418 -0.41429481
v 0.17516541 0.19886498 -0.41495046
v 0.17324565 0.19903602 -0.41506854
v 0.17473127 0.19891156 -0.41509694
v 0.17244349 0.19961657 -0.41514853
v 0.17244349 0.19961657 -0.41514853
v 0.17473127 0.19891156 -0.41509694
v 0.17575563 0.19935407 -0.41514692
v 0.17188190 0.19948672 -0.41511223
v 0.17244349 0.19961657 -0.41514853
v 0.17014058 0.20124491 -0.41514841
v 0.17188190 0.19948672 -0.41511223
v 0.17014058 0.20124491 -0.41514841
v 0.17021857 0.20061499 -0.41512209
v 0.17014058 0.20124491 -0.41514841
v 0.17244349 0.19961657 -0.41514853
v 0.17061062 0.20361903 -0.41512626
v 0.17021857 0.20061499 -0.41512209
v 0.16983628 0.20079091 -0.41506165
v 0.17142443 0.19961746 -0.41502553
v 0.17142443 0.19961746 -0.41502553
v 0.16983628 0.20079091 -0.41506165
v 0.17078057 0.19998528 -0.41486657
v 0.16983628 0.20079091 -0.41506165
v 0.17024748 0.20041862 -0.41410261
v 0.17078057 0.19998528 -0.41486657
v 0.17021857 0.20061499 -0.41512209
v 0.17142443 0.19961746 -0.41502553
v 0.17188190 0.19948672 -0.41511223
v 0.17142443 0.19961746 -0.41502553
v 0.17078057 0.19998528 -0.41486657
v 0.17167845 0.19950916 -0.41434577
v 0.17142443 0.19961746 -0.41502553
v 0.17167845 0.19950916 -0.41434577
v 0.17228533 0.19922651 -0.41495574
v 0.16854775 0.20291093 -0.41512507
v 0.17014058 0.20124491 -0.41514841
v 0.16844302 0.20398466 -0.41514573
v 0.17014058 0.20124491 -0.41514841
v 0.17061062 0.20361903 -0.41512626
v 0.16844302 0.20398466 -0.41514573
v 0.16911224 0.20179692 -0.41507283
v 0.16858345 0.20245366 -0.41501418
v 0.16923061 0.20142531 -0.41490376
v 0.16923061 0.20142531 -0.41490376
v 0.16858345 0.20245366 -0.41501418
v 0.16867061 0.20233698 -0.41430148
v 0.16911224 0.20179692 -0.41507283
v 0.16854775 0.20291093 -0.41512507
v 0.16858345 0.20245366 -0.41501418
v 0.16858345 0.20245366 -0.41501418
v 0.16833062 0.20296629 -0.41495633
v 0.16867061 0.20233698 -0.41430148
v 0.16911224 0.20179692 -0.41507283
v 0.16923061 0.20142531 -0.41490376
v 0.16983628 0.20079091 -0.41506165
v 0.16983628 0.20079091 -0.41506165
v 0.16923061 0.20142531 -0.41490376
v 0.17024748 0.20041862 -0.41410261
v 0.16911224 0.20179692 -0.41507283
v 0.16983628 0.20079091 -0.41506165
v 0.17021857 0.20061499 -0.41512209
v 0.16911224 0.20179692 -0.41507283
v 0.17021857 0.20061499 -0.41512209
v 0.16854775 0.20291093 -0.41512507
v 0.16854775 0.20291093 -0.41512507
v 0.17021857 0.20061499 -0.41512209
v 0.17014058 0.20124491 -0.41514841
v 0.16781940 0.20532058 -0.41505527
v 0.16844302 0.20398466 -0.41514573
v 0.16806404 0.20619743 -0.41514203
v 0.16844302 0.20398466 -0.41514573
v 0.17061062 0.20361903 -0.41512626
v 0.16806404 0.20619743 -0.41514203
v 0.16806404 0.20619743 -0.41514203
v 0.17061062 0.20361903 -0.41512626
v 0.16998062 0.20761164 -0.41513276
v 0.16800670 0.20402145 -0.41490945
v 0.16781940 0.20532058 -0.41505527
v 0.16784762 0.20505320 -0.41429472
v 0.16822273 0.20356767 -0.41507301
v 0.16858345 0.20245366 -0.41501418
v 0.16854775 0.20291093 -0.41512507
v 0.16781940 0.20532058 -0.41505527
v 0.16800670 0.20402145 -0.41490945
v 0.16822273 0.20356767 -0.41507301
v 0.16822273 0.20356767 -0.41507301
v 0.16800670 0.20402145 -0.41490945
v 0.16833062 0.20296629 -0.41495633
v 0.16822273 0.20356767 -0.41507301
v 0.16833062 0.20296629 -0.41495633
v 0.16858345 0.20245366 -0.41501418
v 0.16800670 0.20402145 -0.41490945
v 0.16813286 0.20359041 -0.41433609
v 0.16833062 0.20296629 -0.41495633
v 0.16800670 0.20402145 -0.41490945
v 0.16784762 0.20505320 -0.41429472
v 0.16813286 0.20359041 -0.41433609
v 0.16781940 0.20532058 -0.41505527
v 0.16822273 0.20356767 -0.41507301
v 0.16844302 0.20398466 -0.41514573
v 0.16822273 0.20356767 -0.41507301
v 0.16854775 0.20291093 -0.41512507
v 0.16844302 0.20398466 -0.41514573
v 0.16806404 0.20619743 -0.41514203
v 0.16862574 0.20834866 -0.41513467
v 0.16821484 0.20770748 -0.41507840
v 0.16806404 0.20619743 -0.41514203
v 0.16998062 0.20761164 -0.41513276
v 0.16862574 0.20834866 -0.41513467
v 0.16821484 0.20770748 -0.41507840
v 0.16815969 0.20773491 -0.41493300
v 0.16785501 0.20639490 -0.41497588
v 0.16785501 0.20639490 -0.41497588
v 0.16815969 0.20773491 -0.41493300
v 0.16817056 0.20767348 -0.41418889
v 0.16821484 0.20770748 -0.41507840
v 0.16856679 0.20867588 -0.41499791
v 0.16815969 0.20773491 -0.41493300
v 0.16806404 0.20619743 -0.41514203
v 0.16821484 0.20770748 -0.41507840
v 0.16785501 0.20639490 -0.41497588
v 0.16806404 0.20619743 -0.41514203
v 0.16785501 0.20639490 -0.41497588
v 0.16781940 0.20532058 -0.41505527
v 0.16862574 0.20834866 -0.41513467
v 0.16991329 0.21014833 -0.41514692
v 0.16931909 0.20982201 -0.41500461
v 0.16991329 0.21014833 -0.41514692
v 0.17009172 0.21063483 -0.41502005
v 0.16931909 0.20982201 -0.41500461
v 0.16862574 0.20834866 -0.41513467
v 0.16931909 0.20982201 -0.41500461
v 0.16856679 0.20867588 -0.41499791
v 0.16862574 0.20834866 -0.41513467
v 0.16856679 0.20867588 -0.41499791
v 0.16821484 0.20770748 -0.41507840
v 0.16931909 0.20982201 -0.41500461
v 0.16871132 0.20885530 -0.41432881
v 0.16856679 0.20867588 -0.41499791
v 0.16856679 0.20867588 -0.41499791
v 0.16871132 0.20885530 -0.41432881
v 0.16815969 0.20773491 -0.41493300
v 0.16991329 0.21014833 -0.41514692
v 0.16862574 0.20834866 -0.41513467
v 0.16998062 0.20761164 -0.41513276
v 0.17159538 0.21159495 -0.41506723
v 0.16991329 0.21014833 -0.41514692
v 0.17209056 0.21146132 -0.41514900
v 0.17159538 0.21159495 -0.41506723
v 0.17209056 0.21146132 -0.41514900
v 0.17213105 0.21186155 -0.41504979
v 0.17009172 0.21063483 -0.41502005
v 0.17159538 0.21159495 -0.41506723
v 0.17155679 0.21157810 -0.41433081
v 0.17009172 0.21063483 -0.41502005
v 0.17155679 0.21157810 -0.41433081
v 0.17056663 0.21097802 -0.41429490
v 0.17159538 0.21159495 -0.41506723
v 0.17213105 0.21186155 -0.41504979
v 0.17155679 0.21157810 -0.41433081
v 0.17159538 0.21159495 -0.41506723
v 0.17009172 0.21063483 -0.41502005
v 0.16991329 0.21014833 -0.41514692
v 0.17382410 0.21210220 -0.41510352
v 0.17404620 0.21228720 -0.41500181
v 0.17299852 0.21213102 -0.41501090
v 0.17299852 0.21213102 -0.41501090
v 0.17404620 0.21228720 -0.41500181
v 0.17298625 0.21210539 -0.41410142
v 0.17382410 0.21210220 -0.41510352
v 0.17489743 0.21205422 -0.41514653
v 0.17508732 0.21228831 -0.41499153
v 0.17382410 0.21210220 -0.41510352
v 0.17508732 0.21228831 -0.41499153
v 0.17404620 0.21228720 -0.41500181
v 0.17404620 0.21228720 -0.41500181
v 0.17508732 0.21228831 -0.41499153
v 0.17485055 0.21226965 -0.41403401
v 0.17382410 0.21210220 -0.41510352
v 0.17299852 0.21213102 -0.41501090
v 0.17209056 0.21146132 -0.41514900
v 0.17382410 0.21210220 -0.41510352
v 0.17209056 0.21146132 -0.41514900
v 0.17489743 0.21205422 -0.41514653
v 0.17299852 0.21213102 -0.41501090
v 0.17213105 0.21186155 -0.41504979
v 0.17209056 0.21146132 -0.41514900
v 0.17615186 0.21184967 -0.41512290
v 0.17713763 0.21174565 -0.41508108
v 0.17598471 0.21214409 -0.41499943
v 0.17598471 0.21214409 -0.41499943
v 0.17713763 0.21174565 -0.41508108
v 0.17671755 0.21192597 -0.41422558
v 0.17615186 0.21184967 -0.41512290
v 0.17598471 0.21214409 -0.41499943
v 0.17489743 0.21205422 -0.41514653
v 0.17489743 0.21205422 -0.41514653
v 0.17598471 0.21214409 -0.41499943
v 0.17508732 0.21228831 -0.41499153
v 0.17733608 0.21120979 -0.41514820
v 0.17489743 0.21205422 -0.41514653
v 0.17617700 0.20860317 -0.41511840
v 0.17615186 0.21184967 -0.41512290
v 0.17489743 0.21205422 -0.41514653
v 0.17733608 0.21120979 -0.41514820
v 0.17713763 0.21174565 -0.41508108
v 0.17733608 0.21120979 -0.41514820
v 0.17905886 0.21043825 -0.41510692
v 0.17733608 0.21120979 -0.41514820
v 0.17905398 0.20975220 -0.41514760
v 0.17905886 0.21043825 -0.41510692
v 0.17713763 0.21174565 -0.41508108
v 0.17905886 0.21043825 -0.41510692
v 0.17794186 0.21138671 -0.41499254
v 0.17794186 0.21138671 -0.41499254
v 0.17906535 0.21057868 -0.41493779
v 0.17798904 0.21132877 -0.41412356
v 0.17794186 0.21138671 -0.41499254
v 0.17905886 0.21043825 -0.41510692
v 0.17906535 0.21057868 -0.41493779
v 0.17905886 0.21043825 -0.41510692
v 0.17959802 0.20993660 -0.41504249
v 0.17906535 0.21057868 -0.41493779
v 0.17794186 0.21138671 -0.41499254
v 0.17671755 0.21192597 -0.41422558
v 0.17713763 0.21174565 -0.41508108
v 0.17905398 0.20975220 -0.41514760
v 0.17733608 0.21120979 -0.41514820
v 0.17617700 0.20860317 -0.41511840
v 0.17713763 0.21174565 -0.41508108
v 0.17615186 0.21184967 -0.41512290
v 0.17733608 0.21120979 -0.41514820
v 0.17988366 0.20967510 -0.41492891
v 0.18050669 0.20869423 -0.41501120
v 0.18001820 0.20944761 -0.41413611
v 0.18001820 0.20944761 -0.41413611
v 0.18050669 0.20869423 -0.41501120
v 0.18049173 0.20866990 -0.41406581
v 0.18037546 0.20876335 -0.41509736
v 0.18050669 0.20869423 -0.41501120
v 0.17959802 0.20993660 -0.41504249
v 0.18037546 0.20876335 -0.41509736
v 0.17959802 0.20993660 -0.41504249
v 0.17905886 0.21043825 -0.41510692
v 0.18050669 0.20869423 -0.41501120
v 0.17988366 0.20967510 -0.41492891
v 0.17959802 0.20993660 -0.41504249
v 0.17959802 0.20993660 -0.41504249
v 0.17988366 0.20967510 -0.41492891
v 0.17906535 0.21057868 -0.41493779
v 0.17988366 0.20967510 -0.41492891
v 0.17915441 0.21044394 -0.41445589
v 0.17906535 0.21057868 -0.41493779
v 0.18037546 0.20876335 -0.41509736
v 0.17905886 0.21043825 -0.41510692
v 0.18068512 0.20784640 -0.41513625
v 0.18068512 0.20784640 -0.41513625
v 0.17905886 0.21043825 -0.41510692
v 0.17905398 0.20975220 -0.41514760
v 0.18068512 0.20784640 -0.41513625
v 0.18091699 0.20541033 -0.41514790
v 0.18119086 0.20530611 -0.41507551
v 0.18068512 0.20784640 -0.41513625
v 0.18119086 0.20530611 -0.41507551
v 0.18124402 0.20618446 -0.41499332
v 0.18068512 0.20784640 -0.41513625
v 0.18124402 0.20618446 -0.41499332
v 0.18111287 0.20704725 -0.41498217
v 0.18124402 0.20618446 -0.41499332
v 0.18119086 0.20530611 -0.41507551
v 0.18126036 0.20493640 -0.41494885
v 0.18124402 0.20618446 -0.41499332
v 0.18126036 0.20493640 -0.41494885
v 0.18123195 0.20606498 -0.41401386
v 0.18068512 0.20784640 -0.41513625
v 0.18111287 0.20704725 -0.41498217
v 0.18079123 0.20809864 -0.41500410
v 0.18068512 0.20784640 -0.41513625
v 0.18079123 0.20809864 -0.41500410
v 0.18037546 0.20876335 -0.41509736
v 0.18037546 0.20876335 -0.41509736
v 0.18079123 0.20809864 -0.41500410
v 0.18050669 0.20869423 -0.41501120
v 0.18068512 0.20784640 -0.41513625
v 0.17905398 0.20975220 -0.41514760
v 0.18091699 0.20541033 -0.41514790
v 0.18119086 0.20530611 -0.41507551
v 0.18091699 0.20541033 -0.41514790
v 0.18065529 0.20318660 -0.41512936
v 0.18119086 0.20530611 -0.41507551
v 0.18065529 0.20318660 -0.41512936
v 0.18101533 0.20372984 -0.41500741
v 0.18126036 0.20493640 -0.41494885
v 0.18101533 0.20372984 -0.41500741
v 0.18118678 0.20469426 -0.41441280
v 0.18065529 0.20318660 -0.41512936
v 0.18065389 0.20280033 -0.41505966
v 0.18101533 0.20372984 -0.41500741
v 0.18101533 0.20372984 -0.41500741
v 0.18065389 0.20280033 -0.41505966
v 0.18069369 0.20290145 -0.41431576
v 0.18101533 0.20372984 -0.41500741
v 0.18126036 0.20493640 -0.41494885
v 0.18119086 0.20530611 -0.41507551
v 0.18006238 0.20203368 -0.41510335
v 0.18065529 0.20318660 -0.41512936
v 0.17898636 0.20068859 -0.41512290
v 0.18065529 0.20318660 -0.41512936
v 0.17890568 0.20122096 -0.41514862
v 0.17898636 0.20068859 -0.41512290
v 0.18006238 0.20203368 -0.41510335
v 0.18015255 0.20182066 -0.41496202
v 0.18065389 0.20280033 -0.41505966
v 0.18006238 0.20203368 -0.41510335
v 0.17898636 0.20068859 -0.41512290
v 0.17934321 0.20085783 -0.41499832
v 0.18006238 0.20203368 -0.41510335
v 0.17934321 0.20085783 -0.41499832
v 0.18015255 0.20182066 -0.41496202
v 0.18015255 0.20182066 -0.41496202
v 0.18069369 0.20290145 -0.41431576
v 0.18065389 0.20280033 -0.41505966
v 0.17890568 0.20122096 -0.41514862
v 0.18091699 0.20541033 -0.41514790
v 0.17796889 0.20327167 -0.41512737
v 0.18006238 0.20203368 -0.41510335
v 0.18065389 0.20280033 -0.41505966
v 0.18065529 0.20318660 -0.41512936
v 0.18065529 0.20318660 -0.41512936
v 0.18091699 0.20541033 -0.41514790
v 0.17890568 0.20122096 -0.41514862
v 0.17652786 0.19918193 -0.41507211
v 0.17575563 0.19935407 -0.41514692
v 0.17473127 0.19891156 -0.41509694
v 0.17679954 0.19947854 -0.41514912
v 0.17445680 0.20119563 -0.41512749
v 0.17575563 0.19935407 -0.41514692
v 0.17652786 0.19918193 -0.41507211
v 0.17473127 0.19891156 -0.41509694
v 0.17516541 0.19886498 -0.41495046
v 0.17652786 0.19918193 -0.41507211
v 0.17729639 0.19941899 -0.41501817
v 0.17679954 0.19947854 -0.41514912
v 0.17729639 0.19941899 -0.41501817
v 0.17652786 0.19918193 -0.41507211
v 0.17720385 0.19938678 -0.41494387
v 0.17516541 0.19886498 -0.41495046
v 0.17603000 0.19902694 -0.41427526
v 0.17652786 0.19918193 -0.41507211
v 0.17652786 0.19918193 -0.41507211
v 0.17603000 0.19902694 -0.41427526
v 0.17720385 0.19938678 -0.41494387
v 0.17652786 0.19918193 -0.41507211
v 0.17679954 0.19947854 -0.41514912
v 0.17575563 0.19935407 -0.41514692
v 0.17898636 0.20068859 -0.41512290
v 0.17729639 0.19941899 -0.41501817
v 0.17813125 0.19988565 -0.41499552
v 0.17813125 0.19988565 -0.41499552
v 0.17729639 0.19941899 -0.41501817
v 0.17800011 0.19982421 -0.41417462
v 0.17898636 0.20068859 -0.41512290
v 0.17679954 0.19947854 -0.41514912
v 0.17729639 0.19941899 -0.41501817
v 0.17898636 0.20068859 -0.41512290
v 0.17813125 0.19988565 -0.41499552
v 0.17881104 0.20037414 -0.41504040
v 0.17881104 0.20037414 -0.41504040
v 0.17934321 0.20085783 -0.41499832
v 0.17898636 0.20068859 -0.41512290
v 0.17813125 0.19988565 -0.41499552
v 0.17800011 0.19982421 -0.41417462
v 0.17881104 0.20037414 -0.41504040
v 0.17679954 0.19947854 -0.41514912
v 0.17898636 0.20068859 -0.41512290
v 0.17890568 0.20122096 -0.41514862
v 0.17679954 0.19947854 -0.41514912
v 0.17890568 0.20122096 -0.41514862
v 0.17796889 0.20327167 -0.41512737
v 0.17296261 0.19314282 -0.39787701
v 0.17036657 0.19382170 -0.39787403
v 0.17238685 0.19305556 -0.39790255
v 0.17238685 0.19305556 -0.39790255
v 0.17036657 0.19382170 -0.39787403
v 0.17046311 0.19339824 -0.39800218
v 0.17238685 0.19305556 -0.39790255
v 0.17046311 0.19339824 -0.39800218
v 0.17158151 0.19301885 -0.39808863
v 0.17036657 0.19382170 -0.39787403
v 0.16910166 0.19407961 -0.39790523
v 0.17046311 0.19339824 -0.39800218
v 0.17046311 0.19339824 -0.39800218
v 0.16910166 0.19407961 -0.39790523
v 0.16949071 0.19373973 -0.39803997
v 0.17296261 0.19314282 -0.39787701
v 0.17238685 0.19305556 -0.39790255
v 0.17423280 0.19290984 -0.39790413
v 0.17238685 0.19305556 -0.39790255
v 0.17158151 0.19301885 -0.39808863
v 0.17318840 0.19278428 -0.39802334
v 0.17238685 0.19305556 -0.39790255
v 0.17318840 0.19278428 -0.39802334
v 0.17423280 0.19290984 -0.39790413
v 0.17423280 0.19290984 -0.39790413
v 0.17318840 0.19278428 -0.39802334
v 0.17524609 0.19272305 -0.39804316
v 0.17296261 0.19314282 -0.39787701
v 0.17422353 0.19333142 -0.39798951
v 0.17273362 0.19336902 -0.39793217
v 0.17273362 0.19336902 -0.39793217
v 0.17422353 0.19333142 -0.39798951
v 0.17292191 0.19346656 -0.39807439
v 0.17296261 0.19314282 -0.39787701
v 0.17273362 0.19336902 -0.39793217
v 0.17036657 0.19382170 -0.39787403
v 0.17273362 0.19336902 -0.39793217
v 0.17292191 0.19346656 -0.39807439
v 0.17117830 0.19383247 -0.39807439
v 0.17273362 0.19336902 -0.39793217
v 0.17117830 0.19383247 -0.39807439
v 0.17036657 0.19382170 -0.39787403
v 0.17036657 0.19382170 -0.39787403
v 0.17117830 0.19383247 -0.39807439
v 0.16984876 0.19423719 -0.39799389
v 0.16787735 0.19472098 -0.39790794
v 0.16682257 0.19556423 -0.39788210
v 0.16696259 0.19510426 -0.39813504
v 0.16682257 0.19556423 -0.39788210
v 0.16590314 0.19623703 -0.39790893
v 0.16696259 0.19510426 -0.39813504
v 0.16696259 0.19510426 -0.39813504
v 0.16590314 0.19623703 -0.39790893
v 0.16595310 0.19599059 -0.39804307
v 0.16649604 0.19601023 -0.39788070
v 0.16473296 0.19782208 -0.39787921
v 0.16590314 0.19623703 -0.39790893
v 0.16649604 0.19601023 -0.39788070
v 0.16590314 0.19623703 -0.39790893
v 0.16682257 0.19556423 -0.39788210
v 0.16787735 0.19472098 -0.39790794
v 0.16910166 0.19407961 -0.39790523
v 0.17036657 0.19382170 -0.39787403
v 0.16787735 0.19472098 -0.39790794
v 0.16792502 0.19445880 -0.39819986
v 0.16910166 0.19407961 -0.39790523
v 0.16910166 0.19407961 -0.39790523
v 0.16792502 0.19445880 -0.39819986
v 0.16949071 0.19373973 -0.39803997
v 0.16682257 0.19556423 -0.39788210
v 0.16886510 0.19454716 -0.39790544
v 0.16779655 0.19520439 -0.39792129
v 0.16779655 0.19520439 -0.39792129
v 0.16886510 0.19454716 -0.39790544
v 0.16882062 0.19478452 -0.39806372
v 0.16779655 0.19520439 -0.39792129
v 0.16882062 0.19478452 -0.39806372
v 0.16776106 0.19540496 -0.39806291
v 0.16682257 0.19556423 -0.39788210
v 0.16787735 0.19472098 -0.39790794
v 0.16886510 0.19454716 -0.39790544
v 0.16886510 0.19454716 -0.39790544
v 0.16984876 0.19423719 -0.39799389
v 0.16882062 0.19478452 -0.39806372
v 0.16787735 0.19472098 -0.39790794
v 0.17036657 0.19382170 -0.39787403
v 0.16886510 0.19454716 -0.39790544
v 0.16886510 0.19454716 -0.39790544
v 0.17036657 0.19382170 -0.39787403
v 0.16984876 0.19423719 -0.39799389
v 0.16682257 0.19556423 -0.39788210
v 0.16779655 0.19520439 -0.39792129
v 0.16649604 0.19601023 -0.39788070
v 0.16779655 0.19520439 -0.39792129
v 0.16622986 0.19640906 -0.39792758
v 0.16649604 0.19601023 -0.39788070
v 0.16649604 0.19601023 -0.39788070
v 0.16622986 0.19640906 -0.39792758
v 0.16473296 0.19782208 -0.39787921
v 0.16779655 0.19520439 -0.39792129
v 0.16776106 0.19540496 -0.39806291
v 0.16680482 0.19612792 -0.39807639
v 0.16779655 0.19520439 -0.39792129
v 0.16680482 0.19612792 -0.39807639
v 0.16622986 0.19640906 -0.39792758
v 0.16622986 0.19640906 -0.39792758
v 0.16680482 0.19612792 -0.39807639
v 0.16539809 0.19748637 -0.39807737
v 0.16473296 0.19782208 -0.39787921
v 0.16344871 0.19981793 -0.39788070
v 0.16333981 0.19976148 -0.39788938
v 0.16473296 0.19782208 -0.39787921
v 0.16333981 0.19976148 -0.39788938
v 0.16461499 0.19760895 -0.39791334
v 0.16461499 0.19760895 -0.39791334
v 0.16333981 0.19976148 -0.39788938
v 0.16345061 0.19909826 -0.39800426
v 0.16333981 0.19976148 -0.39788938
v 0.16280982 0.20032167 -0.39802012
v 0.16345061 0.19909826 -0.39800426
v 0.16344871 0.19981793 -0.39788070
v 0.16272417 0.20150790 -0.39788070
v 0.16250315 0.20152207 -0.39790383
v 0.16344871 0.19981793 -0.39788070
v 0.16250315 0.20152207 -0.39790383
v 0.16333981 0.19976148 -0.39788938
v 0.16333981 0.19976148 -0.39788938
v 0.16250315 0.20152207 -0.39790383
v 0.16280982 0.20032167 -0.39802012
v 0.16473296 0.19782208 -0.39787921
v 0.16461499 0.19760895 -0.39791334
v 0.16590314 0.19623703 -0.39790893
v 0.16461499 0.19760895 -0.39791334
v 0.16345061 0.19909826 -0.39800426
v 0.16442440 0.19767606 -0.39803857
v 0.16590314 0.19623703 -0.39790893
v 0.16461499 0.19760895 -0.39791334
v 0.16595310 0.19599059 -0.39804307
v 0.16461499 0.19760895 -0.39791334
v 0.16442440 0.19767606 -0.39803857
v 0.16488497 0.19697984 -0.39818180
v 0.16461499 0.19760895 -0.39791334
v 0.16488497 0.19697984 -0.39818180
v 0.16595310 0.19599059 -0.39804307
v 0.16454747 0.19825651 -0.39791083
v 0.16539809 0.19748637 -0.39807737
v 0.16459076 0.19849756 -0.39806890
v 0.16473296 0.19782208 -0.39787921
v 0.16622986 0.19640906 -0.39792758
v 0.16454747 0.19825651 -0.39791083
v 0.16454747 0.19825651 -0.39791083
v 0.16622986 0.19640906 -0.39792758
v 0.16539809 0.19748637 -0.39807737
v 0.16473296 0.19782208 -0.39787921
v 0.16454747 0.19825651 -0.39791083
v 0.16344871 0.19981793 -0.39788070
v 0.16454747 0.19825651 -0.39791083
v 0.16387248 0.19952750 -0.39797497
v 0.16344871 0.19981793 -0.39788070
v 0.16344871 0.19981793 -0.39788070
v 0.16387248 0.19952750 -0.39797497
v 0.16319700 0.20071024 -0.39792717
v 0.16344871 0.19981793 -0.39788070
v 0.16319700 0.20071024 -0.39792717
v 0.16272417 0.20150790 -0.39788070
v 0.16454747 0.19825651 -0.39791083
v 0.16459076 0.19849756 -0.39806890
v 0.16387248 0.19952750 -0.39797497
v 0.16387248 0.19952750 -0.39797497
v 0.16362026 0.20010087 -0.39806253
v 0.16319700 0.20071024 -0.39792717
v 0.16319700 0.20071024 -0.39792717
v 0.16362026 0.20010087 -0.39806253
v 0.16325174 0.20091918 -0.39807099
v 0.16220915 0.20296369 -0.39789090
v 0.16199721 0.20477365 -0.39788100
v 0.16182497 0.20418422 -0.39795750
v 0.16220915 0.20296369 -0.39789090
v 0.16182497 0.20418422 -0.39795750
v 0.16195822 0.20274588 -0.39809024
v 0.16173960 0.20396560 -0.39810270
v 0.16182497 0.20418422 -0.39795750
v 0.16168924 0.20516570 -0.39803827
v 0.16199721 0.20477365 -0.39788100
v 0.16183963 0.20667106 -0.39792797
v 0.16182497 0.20418422 -0.39795750
v 0.16182497 0.20418422 -0.39795750
v 0.16183963 0.20667106 -0.39792797
v 0.16168924 0.20516570 -0.39803827
v 0.16220915 0.20296369 -0.39789090
v 0.16250315 0.20152207 -0.39790383
v 0.16272417 0.20150790 -0.39788070
v 0.16220915 0.20296369 -0.39789090
v 0.16195822 0.20274588 -0.39809024
v 0.16250315 0.20152207 -0.39790383
v 0.16250315 0.20152207 -0.39790383
v 0.16195822 0.20274588 -0.39809024
v 0.16221184 0.20179991 -0.39808965
v 0.16250315 0.20152207 -0.39790383
v 0.16221184 0.20179991 -0.39808965
v 0.16280982 0.20032167 -0.39802012
v 0.16220915 0.20296369 -0.39789090
v 0.16272417 0.20150790 -0.39788070
v 0.16245538 0.20286007 -0.39791343
v 0.16245538 0.20286007 -0.39791343
v 0.16272417 0.20150790 -0.39788070
v 0.16272056 0.20198761 -0.39792717
v 0.16245538 0.20286007 -0.39791343
v 0.16272056 0.20198761 -0.39792717
v 0.16283487 0.20202222 -0.39804068
v 0.16245538 0.20286007 -0.39791343
v 0.16283487 0.20202222 -0.39804068
v 0.16252489 0.20333660 -0.39804068
v 0.16272417 0.20150790 -0.39788070
v 0.16319700 0.20071024 -0.39792717
v 0.16272056 0.20198761 -0.39792717
v 0.16272056 0.20198761 -0.39792717
v 0.16319700 0.20071024 -0.39792717
v 0.16325174 0.20091918 -0.39807099
v 0.16272056 0.20198761 -0.39792717
v 0.16325174 0.20091918 -0.39807099
v 0.16283487 0.20202222 -0.39804068
v 0.16220915 0.20296369 -0.39789090
v 0.16245538 0.20286007 -0.39791343
v 0.16199721 0.20477365 -0.39788100
v 0.16245538 0.20286007 -0.39791343
v 0.16218431 0.20497261 -0.39792767
v 0.16199721 0.20477365 -0.39788100
v 0.16199721 0.20477365 -0.39788100
v 0.16218431 0.20497261 -0.39792767
v 0.16205405 0.20645793 -0.39788359
v 0.16245538 0.20286007 -0.39791343
v 0.16252489 0.20333660 -0.39804068
v 0.16218431 0.20497261 -0.39792767
v 0.16218431 0.20497261 -0.39792767
v 0.16252489 0.20333660 -0.39804068
v 0.16233380 0.20496164 -0.39806440
v 0.16218431 0.20497261 -0.39792767
v 0.16233380 0.20496164 -0.39806440
v 0.16234528 0.20542490 -0.39811397
v 0.16188669 0.20803730 -0.39808905
v 0.16224594 0.20881630 -0.39793095
v 0.16213454 0.20913914 -0.39812863
v 0.16227685 0.20833041 -0.39787152
v 0.16317914 0.21056871 -0.39790684
v 0.16275379 0.21043776 -0.39792788
v 0.16227685 0.20833041 -0.39787152
v 0.16275379 0.21043776 -0.39792788
v 0.16224594 0.20881630 -0.39793095
v 0.16224594 0.20881630 -0.39793095
v 0.16275379 0.21043776 -0.39792788
v 0.16213454 0.20913914 -0.39812863
v 0.16227685 0.20833041 -0.39787152
v 0.16224594 0.20881630 -0.39793095
v 0.16183963 0.20667106 -0.39792797
v 0.16227685 0.20833041 -0.39787152
v 0.16183963 0.20667106 -0.39792797
v 0.16205405 0.20645793 -0.39788359
v 0.16205405 0.20645793 -0.39788359
v 0.16183963 0.20667106 -0.39792797
v 0.16199721 0.20477365 -0.39788100
v 0.16224594 0.20881630 -0.39793095
v 0.16188669 0.20803730 -0.39808905
v 0.16183963 0.20667106 -0.39792797
v 0.16183963 0.20667106 -0.39792797
v 0.16166860 0.20644037 -0.39809203
v 0.16168924 0.20516570 -0.39803827
v 0.16183963 0.20667106 -0.39792797
v 0.16188669 0.20803730 -0.39808905
v 0.16166860 0.20644037 -0.39809203
v 0.16227685 0.20833041 -0.39787152
v 0.16205405 0.20645793 -0.39788359
v 0.16233161 0.20655696 -0.39799660
v 0.16227685 0.20833041 -0.39787152
v 0.16233161 0.20655696 -0.39799660
v 0.16249748 0.20786366 -0.39798063
v 0.16205405 0.20645793 -0.39788359
v 0.16218431 0.20497261 -0.39792767
v 0.16233161 0.20655696 -0.39799660
v 0.16218431 0.20497261 -0.39792767
v 0.16234528 0.20542490 -0.39811397
v 0.16233161 0.20655696 -0.39799660
v 0.16227685 0.20833041 -0.39787152
v 0.16249748 0.20786366 -0.39798063
v 0.16282070 0.20921016 -0.39798892
v 0.16227685 0.20833041 -0.39787152
v 0.16282070 0.20921016 -0.39798892
v 0.16317914 0.21056871 -0.39790684
v 0.16473298 0.21332622 -0.39787921
v 0.16496994 0.21377900 -0.39787811
v 0.16382749 0.21221590 -0.39787152
v 0.16382749 0.21221590 -0.39787152
v 0.16496994 0.21377900 -0.39787811
v 0.16417906 0.21311338 -0.39796856
v 0.16496994 0.21377900 -0.39787811
v 0.16507655 0.21423538 -0.39798692
v 0.16417906 0.21311338 -0.39796856
v 0.16449511 0.21366003 -0.39809003
v 0.16417906 0.21311338 -0.39796856
v 0.16507655 0.21423538 -0.39798692
v 0.16317914 0.21056871 -0.39790684
v 0.16382749 0.21221590 -0.39787152
v 0.16275379 0.21043776 -0.39792788
v 0.16382749 0.21221590 -0.39787152
v 0.16336784 0.21188827 -0.39799291
v 0.16275379 0.21043776 -0.39792788
v 0.16382749 0.21221590 -0.39787152
v 0.16417906 0.21311338 -0.39796856
v 0.16336784 0.21188827 -0.39799291
v 0.16336784 0.21188827 -0.39799291
v 0.16265404 0.21057290 -0.39809632
v 0.16275379 0.21043776 -0.39792788
v 0.16473298 0.21332622 -0.39787921
v 0.16382749 0.21221590 -0.39787152
v 0.16468072 0.21307608 -0.39790833
v 0.16468072 0.21307608 -0.39790833
v 0.16382749 0.21221590 -0.39787152
v 0.16387257 0.21162099 -0.39797497
v 0.16468072 0.21307608 -0.39790833
v 0.16387257 0.21162099 -0.39797497
v 0.16471213 0.21285897 -0.39801773
v 0.16382749 0.21221590 -0.39787152
v 0.16317914 0.21056871 -0.39790684
v 0.16387257 0.21162099 -0.39797497
v 0.16387257 0.21162099 -0.39797497
v 0.16317914 0.21056871 -0.39790684
v 0.16362056 0.21104813 -0.39806253
v 0.16317914 0.21056871 -0.39790684
v 0.16282070 0.20921016 -0.39798892
v 0.16325185 0.21022922 -0.39807099
v 0.16317914 0.21056871 -0.39790684
v 0.16325185 0.21022922 -0.39807099
v 0.16362056 0.21104813 -0.39806253
v 0.16473298 0.21332622 -0.39787921
v 0.16468072 0.21307608 -0.39790833
v 0.16559786 0.21409127 -0.39792717
v 0.16468072 0.21307608 -0.39790833
v 0.16471213 0.21285897 -0.39801773
v 0.16589136 0.21419498 -0.39807069
v 0.16468072 0.21307608 -0.39790833
v 0.16589136 0.21419498 -0.39807069
v 0.16559786 0.21409127 -0.39792717
v 0.16721053 0.21572100 -0.39787921
v 0.16878730 0.21666905 -0.39788070
v 0.16873096 0.21677786 -0.39788938
v 0.16721053 0.21572100 -0.39787921
v 0.16873096 0.21677786 -0.39788938
v 0.16704239 0.21596684 -0.39796838
v 0.16704239 0.21596684 -0.39796838
v 0.16873096 0.21677786 -0.39788938
v 0.16812420 0.21668941 -0.39799559
v 0.16873096 0.21677786 -0.39788938
v 0.16935769 0.21734086 -0.39801675
v 0.16812420 0.21668941 -0.39799559
v 0.16878730 0.21666905 -0.39788070
v 0.17113611 0.21760465 -0.39787921
v 0.17049773 0.21763128 -0.39791012
v 0.16878730 0.21666905 -0.39788070
v 0.17049773 0.21763128 -0.39791012
v 0.16873096 0.21677786 -0.39788938
v 0.16873096 0.21677786 -0.39788938
v 0.17049773 0.21763128 -0.39791012
v 0.16935769 0.21734086 -0.39801675
v 0.16935769 0.21734086 -0.39801675
v 0.17049773 0.21763128 -0.39791012
v 0.17027493 0.21771595 -0.39804327
v 0.16721053 0.21572100 -0.39787921
v 0.16704239 0.21596684 -0.39796838
v 0.16625610 0.21521914 -0.39790973
v 0.16721053 0.21572100 -0.39787921
v 0.16625610 0.21521914 -0.39790973
v 0.16496994 0.21377900 -0.39787811
v 0.16625610 0.21521914 -0.39790973
v 0.16507655 0.21423538 -0.39798692
v 0.16496994 0.21377900 -0.39787811
v 0.16704239 0.21596684 -0.39796838
v 0.16600825 0.21528965 -0.39817560
v 0.16625610 0.21521914 -0.39790973
v 0.16625610 0.21521914 -0.39790973
v 0.16600825 0.21528965 -0.39817560
v 0.16507655 0.21423538 -0.39798692
v 0.16790697 0.21593213 -0.39795449
v 0.16721053 0.21572100 -0.39787921
v 0.16653584 0.21497351 -0.39792717
v 0.16790697 0.21593213 -0.39795449
v 0.16653584 0.21497351 -0.39792717
v 0.16667597 0.21491686 -0.39806610
v 0.16721053 0.21572100 -0.39787921
v 0.16496994 0.21377900 -0.39787811
v 0.16653584 0.21497351 -0.39792717
v 0.16496994 0.21377900 -0.39787811
v 0.16473298 0.21332622 -0.39787921
v 0.16559786 0.21409127 -0.39792717
v 0.16496994 0.21377900 -0.39787811
v 0.16559786 0.21409127 -0.39792717
v 0.16653584 0.21497351 -0.39792717
v 0.16653584 0.21497351 -0.39792717
v 0.16559786 0.21409127 -0.39792717
v 0.16589136 0.21419498 -0.39807069
v 0.16653584 0.21497351 -0.39792717
v 0.16589136 0.21419498 -0.39807069
v 0.16667597 0.21491686 -0.39806610
v 0.16721053 0.21572100 -0.39787921
v 0.16790697 0.21593213 -0.39795449
v 0.16878730 0.21666905 -0.39788070
v 0.16790697 0.21593213 -0.39795449
v 0.16885841 0.21653213 -0.39792717
v 0.16878730 0.21666905 -0.39788070
v 0.16878730 0.21666905 -0.39788070
v 0.16885841 0.21653213 -0.39792717
v 0.17009819 0.21709831 -0.39792717
v 0.16878730 0.21666905 -0.39788070
v 0.17009819 0.21709831 -0.39792717
v 0.17113611 0.21760465 -0.39787921
v 0.16885841 0.21653213 -0.39792717
v 0.16790697 0.21593213 -0.39795449
v 0.16892405 0.21641473 -0.39807516
v 0.16885841 0.21653213 -0.39792717
v 0.16892405 0.21641473 -0.39807516
v 0.17025946 0.21701363 -0.39806491
v 0.16885841 0.21653213 -0.39792717
v 0.17025946 0.21701363 -0.39806491
v 0.17009819 0.21709831 -0.39792717
v 0.17113611 0.21760465 -0.39787921
v 0.17347136 0.21802731 -0.39788070
v 0.17352352 0.21824951 -0.39791083
v 0.17113611 0.21760465 -0.39787921
v 0.17352352 0.21824951 -0.39791083
v 0.17142662 0.21799111 -0.39794663
v 0.17142662 0.21799111 -0.39794663
v 0.17352352 0.21824951 -0.39791083
v 0.17233630 0.21828303 -0.39809015
v 0.17233630 0.21828303 -0.39809015
v 0.17352352 0.21824951 -0.39791083
v 0.17359741 0.21840350 -0.39807668
v 0.17347136 0.21802731 -0.39788070
v 0.17582753 0.21796389 -0.39788440
v 0.17583123 0.21818548 -0.39788797
v 0.17347136 0.21802731 -0.39788070
v 0.17583123 0.21818548 -0.39788797
v 0.17352352 0.21824951 -0.39791083
v 0.17352352 0.21824951 -0.39791083
v 0.17583123 0.21818548 -0.39788797
v 0.17549571 0.21839583 -0.39800894
v 0.17352352 0.21824951 -0.39791083
v 0.17549571 0.21839583 -0.39800894
v 0.17359741 0.21840350 -0.39807668
v 0.17113611 0.21760465 -0.39787921
v 0.17142662 0.21799111 -0.39794663
v 0.17049773 0.21763128 -0.39791012
v 0.17142662 0.21799111 -0.39794663
v 0.17027493 0.21771595 -0.39804327
v 0.17049773 0.21763128 -0.39791012
v 0.17182955 0.21766239 -0.39791343
v 0.17113611 0.21760465 -0.39787921
v 0.17095679 0.21727623 -0.39799389
v 0.17182955 0.21766239 -0.39791343
v 0.17095679 0.21727623 -0.39799389
v 0.17173691 0.21746163 -0.39806750
v 0.17113611 0.21760465 -0.39787921
v 0.17009819 0.21709831 -0.39792717
v 0.17095679 0.21727623 -0.39799389
v 0.17095679 0.21727623 -0.39799389
v 0.17009819 0.21709831 -0.39792717
v 0.17025946 0.21701363 -0.39806491
v 0.17113611 0.21760465 -0.39787921
v 0.17182955 0.21766239 -0.39791343
v 0.17347136 0.21802731 -0.39788070
v 0.17182955 0.21766239 -0.39791343
v 0.17348461 0.21787363 -0.39792717
v 0.17347136 0.21802731 -0.39788070
v 0.17347136 0.21802731 -0.39788070
v 0.17348461 0.21787363 -0.39792717
v 0.17484528 0.21786256 -0.39798394
v 0.17347136 0.21802731 -0.39788070
v 0.17484528 0.21786256 -0.39798394
v 0.17582753 0.21796389 -0.39788440
v 0.17182955 0.21766239 -0.39791343
v 0.17173691 0.21746163 -0.39806750
v 0.17308798 0.21769670 -0.39806381
v 0.17182955 0.21766239 -0.39791343
v 0.17308798 0.21769670 -0.39806381
v 0.17348461 0.21787363 -0.39792717
v 0.17348461 0.21787363 -0.39792717
v 0.17308798 0.21769670 -0.39806381
v 0.17398089 0.21777509 -0.39806363
v 0.17348461 0.21787363 -0.39792717
v 0.17398089 0.21777509 -0.39806363
v 0.17484528 0.21786256 -0.39798394
v 0.17583123 0.21818548 -0.39788797
v 0.17831866 0.21748975 -0.39788070
v 0.17893909 0.21754560 -0.39792070
v 0.17583123 0.21818548 -0.39788797
v 0.17893909 0.21754560 -0.39792070
v 0.17774121 0.21803479 -0.39803889
v 0.17893909 0.21754560 -0.39792070
v 0.17915571 0.21763915 -0.39814651
v 0.17774121 0.21803479 -0.39803889
v 0.17831866 0.21748975 -0.39788070
v 0.17978752 0.21683671 -0.39790395
v 0.18023063 0.21692228 -0.39790055
v 0.17831866 0.21748975 -0.39788070
v 0.18023063 0.21692228 -0.39790055
v 0.17893909 0.21754560 -0.39792070
v 0.17583123 0.21818548 -0.39788797
v 0.17774121 0.21803479 -0.39803889
v 0.17549571 0.21839583 -0.39800894
v 0.17582753 0.21796389 -0.39788440
v 0.17570785 0.21775813 -0.39799401
v 0.17649874 0.21763088 -0.39806780
v 0.17582753 0.21796389 -0.39788440
v 0.17484528 0.21786256 -0.39798394
v 0.17570785 0.21775813 -0.39799401
v 0.17583123 0.21818548 -0.39788797
v 0.17582753 0.21796389 -0.39788440
v 0.17831866 0.21748975 -0.39788070
v 0.17582753 0.21796389 -0.39788440
v 0.17803910 0.21735272 -0.39798394
v 0.17831866 0.21748975 -0.39788070
v 0.17831866 0.21748975 -0.39788070
v 0.17803910 0.21735272 -0.39798394
v 0.17978752 0.21683671 -0.39790395
v 0.17582753 0.21796389 -0.39788440
v 0.17649874 0.21763088 -0.39806780
v 0.17803910 0.21735272 -0.39798394
v 0.17803910 0.21735272 -0.39798394
v 0.17823449 0.21721360 -0.39807510
v 0.17949550 0.21674994 -0.39805284
v 0.17803910 0.21735272 -0.39798394
v 0.17949550 0.21674994 -0.39805284
v 0.17978752 0.21683671 -0.39790395
v 0.18101184 0.21636787 -0.39788350
v 0.18303551 0.21491376 -0.39787972
v 0.18194045 0.21602339 -0.39795601
v 0.18303551 0.21491376 -0.39787972
v 0.18370610 0.21449538 -0.39795241
v 0.18194045 0.21602339 -0.39795601
v 0.18194045 0.21602339 -0.39795601
v 0.18370610 0.21449538 -0.39795241
v 0.18334369 0.21495296 -0.39803839
v 0.17978752 0.21683671 -0.39790395
v 0.18101184 0.21636787 -0.39788350
v 0.18023063 0.21692228 -0.39790055
v 0.18194045 0.21602339 -0.39795601
v 0.18023063 0.21692228 -0.39790055
v 0.18101184 0.21636787 -0.39788350
v 0.18023063 0.21692228 -0.39790055
v 0.18194045 0.21602339 -0.39795601
v 0.17998818 0.21723823 -0.39804375
v 0.18023063 0.21692228 -0.39790055
v 0.17998818 0.21723823 -0.39804375
v 0.17893909 0.21754560 -0.39792070
v 0.18101184 0.21636787 -0.39788350
v 0.17978752 0.21683671 -0.39790395
v 0.18078494 0.21627930 -0.39790833
v 0.18111487 0.21595098 -0.39798892
v 0.18078494 0.21627930 -0.39790833
v 0.18026803 0.21636337 -0.39806321
v 0.18078494 0.21627930 -0.39790833
v 0.17978752 0.21683671 -0.39790395
v 0.17949550 0.21674994 -0.39805284
v 0.18078494 0.21627930 -0.39790833
v 0.17949550 0.21674994 -0.39805284
v 0.18026803 0.21636337 -0.39806321
v 0.18101184 0.21636787 -0.39788350
v 0.18078494 0.21627930 -0.39790833
v 0.18217751 0.21535587 -0.39790544
v 0.18101184 0.21636787 -0.39788350
v 0.18217751 0.21535587 -0.39790544
v 0.18303551 0.21491376 -0.39787972
v 0.18303551 0.21491376 -0.39787972
v 0.18217751 0.21535587 -0.39790544
v 0.18320486 0.21445070 -0.39790544
v 0.18303551 0.21491376 -0.39787972
v 0.18320486 0.21445070 -0.39790544
v 0.18429464 0.21340232 -0.39787084
v 0.18078494 0.21627930 -0.39790833
v 0.18111487 0.21595098 -0.39798892
v 0.18217751 0.21535587 -0.39790544
v 0.18111487 0.21595098 -0.39798892
v 0.18194205 0.21529244 -0.39806581
v 0.18217751 0.21535587 -0.39790544
v 0.18217751 0.21535587 -0.39790544
v 0.18194205 0.21529244 -0.39806581
v 0.18240850 0.21491435 -0.39807510
v 0.18217751 0.21535587 -0.39790544
v 0.18240850 0.21491435 -0.39807510
v 0.18320486 0.21445070 -0.39790544
v 0.18320486 0.21445070 -0.39790544
v 0.18240850 0.21491435 -0.39807510
v 0.18306373 0.21430519 -0.39811397
v 0.18604934 0.21042261 -0.39788070
v 0.18640000 0.21042269 -0.39795581
v 0.18509808 0.21239421 -0.39788431
v 0.18509808 0.21239421 -0.39788431
v 0.18640000 0.21042269 -0.39795581
v 0.18525836 0.21254970 -0.39794323
v 0.18525836 0.21254970 -0.39794323
v 0.18640000 0.21042269 -0.39795581
v 0.18587171 0.21177787 -0.39812574
v 0.18509808 0.21239421 -0.39788431
v 0.18525836 0.21254970 -0.39794323
v 0.18429464 0.21340232 -0.39787084
v 0.18429464 0.21340232 -0.39787084
v 0.18525836 0.21254970 -0.39794323
v 0.18370610 0.21449538 -0.39795241
v 0.18429464 0.21340232 -0.39787084
v 0.18370610 0.21449538 -0.39795241
v 0.18303551 0.21491376 -0.39787972
v 0.18525836 0.21254970 -0.39794323
v 0.18459314 0.21365872 -0.39808995
v 0.18370610 0.21449538 -0.39795241
v 0.18525836 0.21254970 -0.39794323
v 0.18514256 0.21298024 -0.39814240
v 0.18459314 0.21365872 -0.39808995
v 0.18429464 0.21340232 -0.39787084
v 0.18386857 0.21351770 -0.39801735
v 0.18496364 0.21217202 -0.39793715
v 0.18496364 0.21217202 -0.39793715
v 0.18386857 0.21351770 -0.39801735
v 0.18421695 0.21303998 -0.39805833
v 0.18496364 0.21217202 -0.39793715
v 0.18421695 0.21303998 -0.39805833
v 0.18500334 0.21190523 -0.39805543
v 0.18429464 0.21340232 -0.39787084
v 0.18320486 0.21445070 -0.39790544
v 0.18386857 0.21351770 -0.39801735
v 0.18320486 0.21445070 -0.39790544
v 0.18306373 0.21430519 -0.39811397
v 0.18386857 0.21351770 -0.39801735
v 0.18509808 0.21239421 -0.39788431
v 0.18429464 0.21340232 -0.39787084
v 0.18496364 0.21217202 -0.39793715
v 0.18509808 0.21239421 -0.39788431
v 0.18496364 0.21217202 -0.39793715
v 0.18563783 0.21098888 -0.39792717
v 0.18509808 0.21239421 -0.39788431
v 0.18563783 0.21098888 -0.39792717
v 0.18604934 0.21042261 -0.39788070
v 0.18496364 0.21217202 -0.39793715
v 0.18500334 0.21190523 -0.39805543
v 0.18563783 0.21098888 -0.39792717
v 0.18563783 0.21098888 -0.39792717
v 0.18500334 0.21190523 -0.39805543
v 0.18579870 0.21032396 -0.39806691
v 0.18663776 0.20854124 -0.39787972
v 0.18699689 0.20664643 -0.39788070
v 0.18710989 0.20730814 -0.39789855
v 0.18710989 0.20730814 -0.39789855
v 0.18739064 0.20601043 -0.39801633
v 0.18727246 0.20750672 -0.39805374
v 0.18699689 0.20664643 -0.39788070
v 0.18696240 0.20411849 -0.39787921
v 0.18720782 0.20526333 -0.39790413
v 0.18699689 0.20664643 -0.39788070
v 0.18720782 0.20526333 -0.39790413
v 0.18710989 0.20730814 -0.39789855
v 0.18710989 0.20730814 -0.39789855
v 0.18720782 0.20526333 -0.39790413
v 0.18739064 0.20601043 -0.39801633
v 0.18663776 0.20854124 -0.39787972
v 0.18710989 0.20730814 -0.39789855
v 0.18688209 0.20903403 -0.39795879
v 0.18663776 0.20854124 -0.39787972
v 0.18688209 0.20903403 -0.39795879
v 0.18604934 0.21042261 -0.39788070
v 0.18604934 0.21042261 -0.39788070
v 0.18688209 0.20903403 -0.39795879
v 0.18640000 0.21042269 -0.39795581
v 0.18710989 0.20730814 -0.39789855
v 0.18727246 0.20750672 -0.39805374
v 0.18688209 0.20903403 -0.39795879
v 0.18663776 0.20854124 -0.39787972
v 0.18631214 0.20930260 -0.39792717
v 0.18651918 0.20802692 -0.39805961
v 0.18631214 0.20930260 -0.39792717
v 0.18618597 0.20926780 -0.39806610
v 0.18651918 0.20802692 -0.39805961
v 0.18663776 0.20854124 -0.39787972
v 0.18604934 0.21042261 -0.39788070
v 0.18631214 0.20930260 -0.39792717
v 0.18604934 0.21042261 -0.39788070
v 0.18563783 0.21098888 -0.39792717
v 0.18631214 0.20930260 -0.39792717
v 0.18631214 0.20930260 -0.39792717
v 0.18563783 0.21098888 -0.39792717
v 0.18579870 0.21032396 -0.39806691
v 0.18631214 0.20930260 -0.39792717
v 0.18579870 0.21032396 -0.39806691
v 0.18618597 0.20926780 -0.39806610
v 0.18663776 0.20854124 -0.39787972
v 0.18679753 0.20651607 -0.39798394
v 0.18699689 0.20664643 -0.39788070
v 0.18699689 0.20664643 -0.39788070
v 0.18679753 0.20651607 -0.39798394
v 0.18681887 0.20504551 -0.39798394
v 0.18699689 0.20664643 -0.39788070
v 0.18681887 0.20504551 -0.39798394
v 0.18696240 0.20411849 -0.39787921
v 0.18663776 0.20854124 -0.39787972
v 0.18651918 0.20802692 -0.39805961
v 0.18679753 0.20651607 -0.39798394
v 0.18696240 0.20411849 -0.39787921
v 0.18647310 0.20190752 -0.39787772
v 0.18663187 0.20162149 -0.39790034
v 0.18704547 0.20255688 -0.39803371
v 0.18663187 0.20162149 -0.39790034
v 0.18675685 0.20128390 -0.39823934
v 0.18647310 0.20190752 -0.39787772
v 0.18577647 0.20009169 -0.39788070
v 0.18663187 0.20162149 -0.39790034
v 0.18663187 0.20162149 -0.39790034
v 0.18624599 0.20021695 -0.39804366
v 0.18675685 0.20128390 -0.39823934
v 0.18696240 0.20411849 -0.39787921
v 0.18663187 0.20162149 -0.39790034
v 0.18714839 0.20365115 -0.39792576
v 0.18696240 0.20411849 -0.39787921
v 0.18714839 0.20365115 -0.39792576
v 0.18720782 0.20526333 -0.39790413
v 0.18663187 0.20162149 -0.39790034
v 0.18704547 0.20255688 -0.39803371
v 0.18714839 0.20365115 -0.39792576
v 0.18714839 0.20365115 -0.39792576
v 0.18734975 0.20478781 -0.39803022
v 0.18720782 0.20526333 -0.39790413
v 0.18720782 0.20526333 -0.39790413
v 0.18734975 0.20478781 -0.39803022
v 0.18739064 0.20601043 -0.39801633
v 0.18675035 0.20345557 -0.39791343
v 0.18696240 0.20411849 -0.39787921
v 0.18681887 0.20504551 -0.39798394
v 0.18675035 0.20345557 -0.39791343
v 0.18681887 0.20504551 -0.39798394
v 0.18666190 0.20403741 -0.39807877
v 0.18696240 0.20411849 -0.39787921
v 0.18675035 0.20345557 -0.39791343
v 0.18647310 0.20190752 -0.39787772
v 0.18647310 0.20190752 -0.39787772
v 0.18566865 0.20044096 -0.39799470
v 0.18577647 0.20009169 -0.39788070
v 0.18675035 0.20345557 -0.39791343
v 0.18624650 0.20203379 -0.39803809
v 0.18647310 0.20190752 -0.39787772
v 0.18647310 0.20190752 -0.39787772
v 0.18624650 0.20203379 -0.39803809
v 0.18566865 0.20044096 -0.39799470
v 0.18675035 0.20345557 -0.39791343
v 0.18666190 0.20403741 -0.39807877
v 0.18624650 0.20203379 -0.39803809
v 0.18477236 0.19815318 -0.39787224
v 0.18459263 0.19748907 -0.39808995
v 0.18551406 0.19876166 -0.39810309
v 0.18324925 0.19665222 -0.39788070
v 0.18378800 0.19676930 -0.39793417
v 0.18477236 0.19815318 -0.39787224
v 0.18477236 0.19815318 -0.39787224
v 0.18378800 0.19676930 -0.39793417
v 0.18459263 0.19748907 -0.39808995
v 0.18477236 0.19815318 -0.39787224
v 0.18553212 0.19908719 -0.39793265
v 0.18577647 0.20009169 -0.39788070
v 0.18577647 0.20009169 -0.39788070
v 0.18553212 0.19908719 -0.39793265
v 0.18663187 0.20162149 -0.39790034
v 0.18477236 0.19815318 -0.39787224
v 0.18551406 0.19876166 -0.39810309
v 0.18553212 0.19908719 -0.39793265
v 0.18553212 0.19908719 -0.39793265
v 0.18624599 0.20021695 -0.39804366
v 0.18663187 0.20162149 -0.39790034
v 0.18477236 0.19815318 -0.39787224
v 0.18577647 0.20009169 -0.39788070
v 0.18515922 0.19947784 -0.39799747
v 0.18477236 0.19815318 -0.39787224
v 0.18515922 0.19947784 -0.39799747
v 0.18453579 0.19849478 -0.39799112
v 0.18577647 0.20009169 -0.39788070
v 0.18566865 0.20044096 -0.39799470
v 0.18515922 0.19947784 -0.39799747
v 0.18477236 0.19815318 -0.39787224
v 0.18453579 0.19849478 -0.39799112
v 0.18396242 0.19773291 -0.39798203
v 0.18477236 0.19815318 -0.39787224
v 0.18396242 0.19773291 -0.39798203
v 0.18324925 0.19665222 -0.39788070
v 0.18324925 0.19665222 -0.39788070
v 0.18396242 0.19773291 -0.39798203
v 0.18300648 0.19672930 -0.39799887
v 0.18396242 0.19773291 -0.39798203
v 0.18357965 0.19737816 -0.39812145
v 0.18300648 0.19672930 -0.39799887
v 0.18151858 0.19513607 -0.39785758
v 0.18029985 0.19447924 -0.39788070
v 0.18058148 0.19444433 -0.39790413
v 0.18151858 0.19513607 -0.39785758
v 0.18058148 0.19444433 -0.39790413
v 0.18083252 0.19431777 -0.39807668
v 0.18151858 0.19513607 -0.39785758
v 0.18083252 0.19431777 -0.39807668
v 0.18198533 0.19500822 -0.39811677
v 0.18058148 0.19444433 -0.39790413
v 0.17943257 0.19379507 -0.39792746
v 0.18083252 0.19431777 -0.39807668
v 0.18083252 0.19431777 -0.39807668
v 0.17943257 0.19379507 -0.39792746
v 0.17947605 0.19366172 -0.39808127
v 0.18029985 0.19447924 -0.39788070
v 0.17858475 0.19382758 -0.39790395
v 0.17943257 0.19379507 -0.39792746
v 0.18029985 0.19447924 -0.39788070
v 0.17943257 0.19379507 -0.39792746
v 0.18058148 0.19444433 -0.39790413
v 0.18151858 0.19513607 -0.39785758
v 0.18295832 0.19593374 -0.39794701
v 0.18324925 0.19665222 -0.39788070
v 0.18324925 0.19665222 -0.39788070
v 0.18295832 0.19593374 -0.39794701
v 0.18378800 0.19676930 -0.39793417
v 0.18151858 0.19513607 -0.39785758
v 0.18198533 0.19500822 -0.39811677
v 0.18295832 0.19593374 -0.39794701
v 0.18151858 0.19513607 -0.39785758
v 0.18324925 0.19665222 -0.39788070
v 0.18229640 0.19603926 -0.39796397
v 0.18151858 0.19513607 -0.39785758
v 0.18229640 0.19603926 -0.39796397
v 0.18100505 0.19519103 -0.39802891
v 0.18324925 0.19665222 -0.39788070
v 0.18300648 0.19672930 -0.39799887
v 0.18229640 0.19603926 -0.39796397
v 0.18151858 0.19513607 -0.39785758
v 0.18007086 0.19464558 -0.39798883
v 0.18029985 0.19447924 -0.39788070
v 0.18029985 0.19447924 -0.39788070
v 0.18007086 0.19464558 -0.39798883
v 0.17858475 0.19382758 -0.39790395
v 0.18151858 0.19513607 -0.39785758
v 0.18100505 0.19519103 -0.39802891
v 0.18007086 0.19464558 -0.39798883
v 0.18007086 0.19464558 -0.39798883
v 0.17898127 0.19421335 -0.39813900
v 0.17858475 0.19382758 -0.39790395
v 0.17675006 0.19286516 -0.39808995
v 0.17595230 0.19291145 -0.39792049
v 0.17524609 0.19272305 -0.39804316
v 0.17560922 0.19319788 -0.39790395
v 0.17296261 0.19314282 -0.39787701
v 0.17423280 0.19290984 -0.39790413
v 0.17560922 0.19319788 -0.39790395
v 0.17423280 0.19290984 -0.39790413
v 0.17670687 0.19310163 -0.39788151
v 0.17670687 0.19310163 -0.39788151
v 0.17423280 0.19290984 -0.39790413
v 0.17595230 0.19291145 -0.39792049
v 0.17595230 0.19291145 -0.39792049
v 0.17423280 0.19290984 -0.39790413
v 0.17524609 0.19272305 -0.39804316
v 0.17858475 0.19382758 -0.39790395
v 0.17670687 0.19310163 -0.39788151
v 0.17943257 0.19379507 -0.39792746
v 0.17595230 0.19291145 -0.39792049
v 0.17799513 0.19320196 -0.39800307
v 0.17670687 0.19310163 -0.39788151
v 0.17670687 0.19310163 -0.39788151
v 0.17799513 0.19320196 -0.39800307
v 0.17943257 0.19379507 -0.39792746
v 0.17595230 0.19291145 -0.39792049
v 0.17675006 0.19286516 -0.39808995
v 0.17799513 0.19320196 -0.39800307
v 0.17799513 0.19320196 -0.39800307
v 0.17947605 0.19366172 -0.39808127
v 0.17943257 0.19379507 -0.39792746
v 0.17670687 0.19310163 -0.39788151
v 0.17858475 0.19382758 -0.39790395
v 0.17725770 0.19348590 -0.39791343
v 0.17725770 0.19348590 -0.39791343
v 0.17858475 0.19382758 -0.39790395
v 0.17767787 0.19376734 -0.39807430
v 0.17858475 0.19382758 -0.39790395
v 0.17898127 0.19421335 -0.39813900
v 0.17767787 0.19376734 -0.39807430
v 0.17670687 0.19310163 -0.39788151
v 0.17725770 0.19348590 -0.39791343
v 0.17560922 0.19319788 -0.39790395
v 0.17560922 0.19319788 -0.39790395
v 0.17422353 0.19333142 -0.39798951
v 0.17296261 0.19314282 -0.39787701
v 0.17725770 0.19348590 -0.39791343
v 0.17767787 0.19376734 -0.39807430
v 0.17592597 0.19343813 -0.39807430
v 0.17725770 0.19348590 -0.39791343
v 0.17592597 0.19343813 -0.39807430
v 0.17560922 0.19319788 -0.39790395
v 0.17560922 0.19319788 -0.39790395
v 0.17592597 0.19343813 -0.39807430
v 0.17422353 0.19333142 -0.39798951
vn -0.18244720 -0.98105150 -0.06519904
vn -0.21823391 -0.93244600 -0.28795549
vn -0.09654388 -0.95324504 -0.28636187
vn -0.18244720 -0.98105150 -0.06519904
vn -0.09654388 -0.95324504 -0.28636187
vn -0.07463307 -0.99666601 -0.03296570
vn -0.07463307 -0.99666601 -0.03296570
vn -0.09654388 -0.95324504 -0.28636187
vn 0.02371245 -0.97015381 -0.24132811
vn -0.21823391 -0.93244600 -0.28795549
vn -0.16240279 -0.92177665 -0.35206982
vn -0.09654388 -0.95324504 -0.28636187
vn -0.09654388 -0.95324504 -0.28636187
vn -0.16240279 -0.92177665 -0.35206982
vn -0.09502724 -0.92793494 -0.36042550
vn -0.09654388 -0.95324504 -0.28636187
vn -0.09502724 -0.92793494 -0.36042550
vn -0.02424894 -0.93486822 -0.35416585
vn -0.09654388 -0.95324504 -0.28636187
vn -0.02424894 -0.93486822 -0.35416585
vn 0.02371245 -0.97015381 -0.24132811
vn -0.21336746 -0.87645054 0.43163499
vn -0.18244720 -0.98105150 -0.06519904
vn -0.08778523 -0.83620447 0.54134637
vn -0.18244720 -0.98105150 -0.06519904
vn -0.07463307 -0.99666601 -0.03296570
vn -0.08778523 -0.83620447 0.54134637
vn -0.07463307 -0.99666601 -0.03296570
vn 0.02371245 -0.97015381 -0.24132811
vn 0.00400176 -0.99318910 0.11644506
vn -0.07463307 -0.99666601 -0.03296570
vn 0.00400176 -0.99318910 0.11644506
vn -0.08778523 -0.83620447 0.54134637
vn -0.08778523 -0.83620447 0.54134637
vn 0.00400176 -0.99318910 0.11644506
vn 0.04439817 -0.84778333 0.52848107
vn -0.18244720 -0.98105150 -0.06519904
vn -0.21336746 -0.87645054 0.43163499
vn -0.31136543 -0.94982576 -0.02970916
vn -0.31136543 -0.94982576 -0.02970916
vn -0.21336746 -0.87645054 0.43163499
vn -0.23840141 -0.71335942 0.65900159
vn -0.31136543 -0.94982576 -0.02970916
vn -0.23840141 -0.71335942 0.65900159
vn -0.34659913 -0.81237966 0.46894380
vn -0.31136543 -0.94982576 -0.02970916
vn -0.34659913 -0.81237966 0.46894380
vn -0.41304523 -0.90413201 -0.10926547
vn -0.21823391 -0.93244600 -0.28795549
vn -0.24684668 -0.90236461 -0.35327730
vn -0.16240279 -0.92177665 -0.35206982
vn -0.18244720 -0.98105150 -0.06519904
vn -0.31136543 -0.94982576 -0.02970916
vn -0.32022935 -0.89867055 -0.29974049
vn -0.18244720 -0.98105150 -0.06519904
vn -0.32022935 -0.89867055 -0.29974049
vn -0.21823391 -0.93244600 -0.28795549
vn -0.21823391 -0.93244600 -0.28795549
vn -0.32022935 -0.89867055 -0.29974049
vn -0.24684668 -0.90236461 -0.35327730
vn -0.32022935 -0.89867055 -0.29974049
vn -0.33649617 -0.87048501 -0.35920212
vn -0.24684668 -0.90236461 -0.35327730
vn -0.31136543 -0.94982576 -0.02970916
vn -0.41304523 -0.90413201 -0.10926547
vn -0.32022935 -0.89867055 -0.29974049
vn -0.57717204 -0.77883345 -0.24554200
vn -0.49941146 -0.79164410 -0.35197696
vn -0.47924343 -0.83833301 -0.25985292
vn -0.47924343 -0.83833301 -0.25985292
vn -0.49941146 -0.79164410 -0.35197696
vn -0.41916597 -0.84066242 -0.34290898
vn -0.47924343 -0.83833301 -0.25985292
vn -0.41916597 -0.84066242 -0.34290898
vn -0.41304523 -0.90413201 -0.10926547
vn -0.41304523 -0.90413201 -0.10926547
vn -0.41916597 -0.84066242 -0.34290898
vn -0.32022935 -0.89867055 -0.29974049
vn -0.49941146 -0.79164410 -0.35197696
vn -0.41822454 -0.82960689 -0.36991975
vn -0.41916597 -0.84066242 -0.34290898
vn -0.41916597 -0.84066242 -0.34290898
vn -0.33649617 -0.87048501 -0.35920212
vn -0.32022935 -0.89867055 -0.29974049
vn -0.57717204 -0.77883345 -0.24554200
vn -0.47924343 -0.83833301 -0.25985292
vn -0.49438143 -0.84284353 0.21260722
vn -0.47924343 -0.83833301 -0.25985292
vn -0.41304523 -0.90413201 -0.10926547
vn -0.49438143 -0.84284353 0.21260722
vn -0.49438143 -0.84284353 0.21260722
vn -0.41304523 -0.90413201 -0.10926547
vn -0.34659913 -0.81237966 0.46894380
vn -0.57717204 -0.77883345 -0.24554200
vn -0.49438143 -0.84284353 0.21260722
vn -0.55858660 -0.76018906 0.33180365
vn -0.57717204 -0.77883345 -0.24554200
vn -0.55858660 -0.76018906 0.33180365
vn -0.67506719 -0.73765534 0.01220365
vn -0.55858660 -0.76018906 0.33180365
vn -0.55021852 -0.63849169 0.53813380
vn -0.67506719 -0.73765534 0.01220365
vn -0.49438143 -0.84284353 0.21260722
vn -0.24645931 -0.42419431 0.87138796
vn -0.55858660 -0.76018906 0.33180365
vn -0.57717204 -0.77883345 -0.24554200
vn -0.57623589 -0.73865253 -0.34977806
vn -0.49941146 -0.79164410 -0.35197696
vn -0.57717204 -0.77883345 -0.24554200
vn -0.67506719 -0.73765534 0.01220365
vn -0.66675943 -0.68947411 -0.28294408
vn -0.57717204 -0.77883345 -0.24554200
vn -0.66675943 -0.68947411 -0.28294408
vn -0.64424866 -0.67916745 -0.35167488
vn -0.57717204 -0.77883345 -0.24554200
vn -0.64424866 -0.67916745 -0.35167488
vn -0.57623589 -0.73865253 -0.34977806
vn -0.77991062 -0.56606591 -0.26703700
vn -0.72006458 -0.61713690 -0.31725240
vn -0.76759702 -0.63332331 -0.09847050
vn -0.76759702 -0.63332331 -0.09847050
vn -0.72006458 -0.61713690 -0.31725240
vn -0.66675943 -0.68947411 -0.28294408
vn -0.77991062 -0.56606591 -0.26703700
vn -0.77915275 -0.52299863 -0.34553343
vn -0.72006458 -0.61713690 -0.31725240
vn -0.77915275 -0.52299863 -0.34553343
vn -0.73474717 -0.57173914 -0.36504924
vn -0.72006458 -0.61713690 -0.31725240
vn -0.72006458 -0.61713690 -0.31725240
vn -0.73474717 -0.57173914 -0.36504924
vn -0.68825340 -0.62522554 -0.36796775
vn -0.72006458 -0.61713690 -0.31725240
vn -0.68825340 -0.62522554 -0.36796775
vn -0.64424866 -0.67916745 -0.35167488
vn -0.72006458 -0.61713690 -0.31725240
vn -0.64424866 -0.67916745 -0.35167488
vn -0.66675943 -0.68947411 -0.28294408
vn -0.81474906 -0.56632185 0.12435246
vn -0.69528496 -0.54056859 0.47367123
vn -0.68281597 -0.40135163 0.61047459
vn -0.77991062 -0.56606591 -0.26703700
vn -0.76759702 -0.63332331 -0.09847050
vn -0.81474906 -0.56632185 0.12435246
vn -0.81474906 -0.56632185 0.12435246
vn -0.76759702 -0.63332331 -0.09847050
vn -0.69528496 -0.54056859 0.47367123
vn -0.76759702 -0.63332331 -0.09847050
vn -0.71120727 -0.62689894 0.31809106
vn -0.69528496 -0.54056859 0.47367123
vn -0.76759702 -0.63332331 -0.09847050
vn -0.66675943 -0.68947411 -0.28294408
vn -0.67506719 -0.73765534 0.01220365
vn -0.76759702 -0.63332331 -0.09847050
vn -0.67506719 -0.73765534 0.01220365
vn -0.71120727 -0.62689894 0.31809106
vn -0.71120727 -0.62689894 0.31809106
vn -0.67506719 -0.73765534 0.01220365
vn -0.55021852 -0.63849169 0.53813380
vn -0.85955352 -0.50397003 -0.08474664
vn -0.89111513 -0.44904158 0.06538705
vn -0.87633252 -0.42278537 -0.23085448
vn -0.87633252 -0.42278537 -0.23085448
vn -0.89111513 -0.44904158 0.06538705
vn -0.93577045 -0.35207504 -0.01941291
vn -0.81474906 -0.56632185 0.12435246
vn -0.68281597 -0.40135163 0.61047459
vn -0.85955352 -0.50397003 -0.08474664
vn -0.85955352 -0.50397003 -0.08474664
vn -0.68281597 -0.40135163 0.61047459
vn -0.89111513 -0.44904158 0.06538705
vn -0.89111513 -0.44904158 0.06538705
vn -0.68281597 -0.40135163 0.61047459
vn -0.74218208 -0.32923007 0.58375788
vn -0.89111513 -0.44904158 0.06538705
vn -0.74218208 -0.32923007 0.58375788
vn -0.93577045 -0.35207504 -0.01941291
vn -0.81474906 -0.56632185 0.12435246
vn -0.85955352 -0.50397003 -0.08474664
vn -0.77991062 -0.56606591 -0.26703700
vn -0.77991062 -0.56606591 -0.26703700
vn -0.85955352 -0.50397003 -0.08474664
vn -0.82179582 -0.46431300 -0.33024997
vn -0.77991062 -0.56606591 -0.26703700
vn -0.82179582 -0.46431300 -0.33024997
vn -0.77915275 -0.52299863 -0.34553343
vn -0.85955352 -0.50397003 -0.08474664
vn -0.87633252 -0.42278537 -0.23085448
vn -0.82179582 -0.46431300 -0.33024997
vn -0.87633252 -0.42278537 -0.23085448
vn -0.88941383 -0.35068101 -0.29319939
vn -0.84656620 -0.40577251 -0.34449136
vn -0.87633252 -0.42278537 -0.23085448
vn -0.84656620 -0.40577251 -0.34449136
vn -0.82179582 -0.46431300 -0.33024997
vn -0.84656620 -0.40577251 -0.34449136
vn -0.88941383 -0.35068101 -0.29319939
vn -0.87128949 -0.33230269 -0.36115035
vn -0.95928901 -0.24512003 -0.14028828
vn -0.91223913 -0.26430979 -0.31298575
vn -0.93577045 -0.35207504 -0.01941291
vn -0.93577045 -0.35207504 -0.01941291
vn -0.91223913 -0.26430979 -0.31298575
vn -0.88941383 -0.35068101 -0.29319939
vn -0.93577045 -0.35207504 -0.01941291
vn -0.88941383 -0.35068101 -0.29319939
vn -0.87633252 -0.42278537 -0.23085448
vn -0.94349456 -0.15979230 -0.29031786
vn -0.91223913 -0.26430979 -0.31298575
vn -0.95928901 -0.24512003 -0.14028828
vn -0.94349456 -0.15979230 -0.29031786
vn -0.91664296 -0.17972119 -0.35702384
vn -0.91223913 -0.26430979 -0.31298575
vn -0.91223913 -0.26430979 -0.31298575
vn -0.87128949 -0.33230269 -0.36115035
vn -0.88941383 -0.35068101 -0.29319939
vn -0.95928901 -0.24512003 -0.14028828
vn -0.87751669 -0.25865987 0.40380630
vn -0.87933153 -0.18547617 0.43860540
vn -0.95928901 -0.24512003 -0.14028828
vn -0.93577045 -0.35207504 -0.01941291
vn -0.87751669 -0.25865987 0.40380630
vn -0.93577045 -0.35207504 -0.01941291
vn -0.74218208 -0.32923007 0.58375788
vn -0.87751669 -0.25865987 0.40380630
vn -0.95928901 -0.24512003 -0.14028828
vn -0.87933153 -0.18547617 0.43860540
vn -0.93884629 -0.14096503 0.31416008
vn -0.95928901 -0.24512003 -0.14028828
vn -0.93884629 -0.14096503 0.31416008
vn -0.98734951 -0.09578305 -0.12635885
vn -0.98734951 -0.09578305 -0.12635885
vn -0.93884629 -0.14096503 0.31416008
vn -0.99976879 -0.01776563 -0.01211513
vn -0.93884629 -0.14096503 0.31416008
vn -0.83447582 -0.02247504 0.55058604
vn -0.99976879 -0.01776563 -0.01211513
vn -0.99976879 -0.01776563 -0.01211513
vn -0.83447582 -0.02247504 0.55058604
vn -0.93276632 0.06118886 0.35525045
vn -0.87933153 -0.18547617 0.43860540
vn -0.58423108 -0.06231267 0.80919170
vn -0.93884629 -0.14096503 0.31416008
vn -0.95928901 -0.24512003 -0.14028828
vn -0.98734951 -0.09578305 -0.12635885
vn -0.94349456 -0.15979230 -0.29031786
vn -0.98734951 -0.09578305 -0.12635885
vn -0.95291638 -0.04478129 -0.29990825
vn -0.94349456 -0.15979230 -0.29031786
vn -0.94349456 -0.15979230 -0.29031786
vn -0.95291638 -0.04478129 -0.29990825
vn -0.91664296 -0.17972119 -0.35702384
vn -0.91664296 -0.17972119 -0.35702384
vn -0.95291638 -0.04478129 -0.29990825
vn -0.92416918 -0.10889382 -0.36613312
vn -0.95291638 -0.04478129 -0.29990825
vn -0.93271667 -0.02532641 -0.35971963
vn -0.92416918 -0.10889382 -0.36613312
vn -0.98734951 -0.09578305 -0.12635885
vn -0.99976879 -0.01776563 -0.01211513
vn -0.95291638 -0.04478129 -0.29990825
vn -0.98359376 0.06141549 -0.16962132
vn -0.95291638 -0.04478129 -0.29990825
vn -0.99976879 -0.01776563 -0.01211513
vn -0.97460204 0.15060717 -0.16573584
vn -0.94237512 0.07268887 -0.32656613
vn -0.98359376 0.06141549 -0.16962132
vn -0.98359376 0.06141549 -0.16962132
vn -0.94237512 0.07268887 -0.32656613
vn -0.95291638 -0.04478129 -0.29990825
vn -0.95117843 0.22857286 -0.20739828
vn -0.91680515 0.18759367 -0.35252935
vn -0.97460204 0.15060717 -0.16573584
vn -0.97460204 0.15060717 -0.16573584
vn -0.91680515 0.18759367 -0.35252935
vn -0.94237512 0.07268887 -0.32656613
vn -0.91680515 0.18759367 -0.35252935
vn -0.92075056 0.12648882 -0.36907852
vn -0.94237512 0.07268887 -0.32656613
vn -0.94237512 0.07268887 -0.32656613
vn -0.92075056 0.12648882 -0.36907852
vn -0.92804390 0.04763082 -0.36941284
vn -0.94237512 0.07268887 -0.32656613
vn -0.92804390 0.04763082 -0.36941284
vn -0.93271667 -0.02532641 -0.35971963
vn -0.94237512 0.07268887 -0.32656613
vn -0.93271667 -0.02532641 -0.35971963
vn -0.95291638 -0.04478129 -0.29990825
vn -0.97460204 0.15060717 -0.16573584
vn -0.98359376 0.06141549 -0.16962132
vn -0.93276632 0.06118886 0.35525045
vn -0.97460204 0.15060717 -0.16573584
vn -0.93276632 0.06118886 0.35525045
vn -0.89257252 0.17511329 0.41551134
vn -0.98359376 0.06141549 -0.16962132
vn -0.99976879 -0.01776563 -0.01211513
vn -0.93276632 0.06118886 0.35525045
vn -0.97460204 0.15060717 -0.16573584
vn -0.89257252 0.17511329 0.41551134
vn -0.90428036 0.25056779 0.34567732
vn -0.97460204 0.15060717 -0.16573584
vn -0.90428036 0.25056779 0.34567732
vn -0.95117843 0.22857286 -0.20739828
vn -0.95117843 0.22857286 -0.20739828
vn -0.90428036 0.25056779 0.34567732
vn -0.94143856 0.33263937 -0.05517693
vn -0.90428036 0.25056779 0.34567732
vn -0.85658169 0.36251757 0.36721763
vn -0.94143856 0.33263937 -0.05517693
vn -0.85658169 0.36251757 0.36721763
vn -0.90428036 0.25056779 0.34567732
vn -0.43434313 0.17181093 0.88420987
vn -0.95117843 0.22857286 -0.20739828
vn -0.90685242 0.26130173 -0.33066615
vn -0.91680515 0.18759367 -0.35252935
vn -0.90685242 0.26130173 -0.33066615
vn -0.88509130 0.28699040 -0.36640128
vn -0.91680515 0.18759367 -0.35252935
vn -0.94143856 0.33263937 -0.05517693
vn -0.88825667 0.36762926 -0.27540657
vn -0.95117843 0.22857286 -0.20739828
vn -0.95117843 0.22857286 -0.20739828
vn -0.88825667 0.36762926 -0.27540657
vn -0.90685242 0.26130173 -0.33066615
vn -0.90685242 0.26130173 -0.33066615
vn -0.88825667 0.36762926 -0.27540657
vn -0.88509130 0.28699040 -0.36640128
vn -0.88825667 0.36762926 -0.27540657
vn -0.85442269 0.37611154 -0.35847178
vn -0.88509130 0.28699040 -0.36640128
vn -0.77286053 0.55580503 -0.30621460
vn -0.82153016 0.45319420 -0.34598145
vn -0.83404487 0.49285579 -0.24791589
vn -0.83404487 0.49285579 -0.24791589
vn -0.82153016 0.45319420 -0.34598145
vn -0.88825667 0.36762926 -0.27540657
vn -0.88825667 0.36762926 -0.27540657
vn -0.82153016 0.45319420 -0.34598145
vn -0.85442269 0.37611154 -0.35847178
vn -0.77286053 0.55580503 -0.30621460
vn -0.77443635 0.51480186 -0.36773276
vn -0.82153016 0.45319420 -0.34598145
vn -0.83404487 0.49285579 -0.24791589
vn -0.89061379 0.45409849 0.02452859
vn -0.82831335 0.53946364 0.15124814
vn -0.82831335 0.53946364 0.15124814
vn -0.89061379 0.45409849 0.02452859
vn -0.67732465 0.37024122 0.63573009
vn -0.82831335 0.53946364 0.15124814
vn -0.67732465 0.37024122 0.63573009
vn -0.55668747 0.39703885 0.72969806
vn -0.83404487 0.49285579 -0.24791589
vn -0.88825667 0.36762926 -0.27540657
vn -0.89061379 0.45409849 0.02452859
vn -0.89061379 0.45409849 0.02452859
vn -0.85658169 0.36251757 0.36721763
vn -0.67732465 0.37024122 0.63573009
vn -0.88825667 0.36762926 -0.27540657
vn -0.94143856 0.33263937 -0.05517693
vn -0.89061379 0.45409849 0.02452859
vn -0.89061379 0.45409849 0.02452859
vn -0.94143856 0.33263937 -0.05517693
vn -0.85658169 0.36251757 0.36721763
vn -0.83404487 0.49285579 -0.24791589
vn -0.82831335 0.53946364 0.15124814
vn -0.77821577 0.61382312 -0.13267034
vn -0.77821577 0.61382312 -0.13267034
vn -0.82831335 0.53946364 0.15124814
vn -0.72776806 0.59789801 0.33596373
vn -0.77821577 0.61382312 -0.13267034
vn -0.72776806 0.59789801 0.33596373
vn -0.71765894 0.69377768 -0.06031710
vn -0.72776806 0.59789801 0.33596373
vn -0.56777853 0.53959823 0.62166011
vn -0.71765894 0.69377768 -0.06031710
vn -0.71765894 0.69377768 -0.06031710
vn -0.56777853 0.53959823 0.62166011
vn -0.63382220 0.72911209 0.25819555
vn -0.82831335 0.53946364 0.15124814
vn -0.55668747 0.39703885 0.72969806
vn -0.72776806 0.59789801 0.33596373
vn -0.83404487 0.49285579 -0.24791589
vn -0.77821577 0.61382312 -0.13267034
vn -0.77286053 0.55580503 -0.30621460
vn -0.77286053 0.55580503 -0.30621460
vn -0.73200262 0.57697356 -0.36231712
vn -0.77443635 0.51480186 -0.36773276
vn -0.77286053 0.55580503 -0.30621460
vn -0.71290332 0.62897855 -0.31008852
vn -0.73200262 0.57697356 -0.36231712
vn -0.77821577 0.61382312 -0.13267034
vn -0.71765894 0.69377768 -0.06031710
vn -0.71290332 0.62897855 -0.31008852
vn -0.77821577 0.61382312 -0.13267034
vn -0.71290332 0.62897855 -0.31008852
vn -0.77286053 0.55580503 -0.30621460
vn -0.71290332 0.62897855 -0.31008852
vn -0.68590009 0.62626398 -0.37058669
vn -0.73200262 0.57697356 -0.36231712
vn -0.71290332 0.62897855 -0.31008852
vn -0.71765894 0.69377768 -0.06031710
vn -0.65436560 0.69014984 -0.30902889
vn -0.71290332 0.62897855 -0.31008852
vn -0.65436560 0.69014984 -0.30902889
vn -0.63927817 0.67946666 -0.36006737
vn -0.71290332 0.62897855 -0.31008852
vn -0.63927817 0.67946666 -0.36006737
vn -0.68590009 0.62626398 -0.37058669
vn -0.60873008 0.75683004 -0.23802523
vn -0.65436560 0.69014984 -0.30902889
vn -0.71765894 0.69377768 -0.06031710
vn -0.53019983 0.80695808 -0.26020539
vn -0.48086178 0.80254340 -0.35312319
vn -0.57266682 0.74073470 -0.35123336
vn -0.53019983 0.80695808 -0.26020539
vn -0.57266682 0.74073470 -0.35123336
vn -0.60873008 0.75683004 -0.23802523
vn -0.60873008 0.75683004 -0.23802523
vn -0.57266682 0.74073470 -0.35123336
vn -0.63927817 0.67946666 -0.36006737
vn -0.60873008 0.75683004 -0.23802523
vn -0.63927817 0.67946666 -0.36006737
vn -0.65436560 0.69014984 -0.30902889
vn -0.53019983 0.80695808 -0.26020539
vn -0.60873008 0.75683004 -0.23802523
vn -0.54768258 0.82763553 0.12273235
vn -0.54768258 0.82763553 0.12273235
vn -0.40034255 0.55501109 0.72916979
vn -0.37809753 0.67179430 0.63697302
vn -0.60873008 0.75683004 -0.23802523
vn -0.63382220 0.72911209 0.25819555
vn -0.54768258 0.82763553 0.12273235
vn -0.54768258 0.82763553 0.12273235
vn -0.63382220 0.72911209 0.25819555
vn -0.40034255 0.55501109 0.72916979
vn -0.60873008 0.75683004 -0.23802523
vn -0.71765894 0.69377768 -0.06031710
vn -0.63382220 0.72911209 0.25819555
vn -0.53019983 0.80695808 -0.26020539
vn -0.54768258 0.82763553 0.12273235
vn -0.47436213 0.88001972 0.02336331
vn -0.53019983 0.80695808 -0.26020539
vn -0.47436213 0.88001972 0.02336331
vn -0.43725693 0.86213022 -0.25600353
vn -0.43725693 0.86213022 -0.25600353
vn -0.47436213 0.88001972 0.02336331
vn -0.39478588 0.91854775 0.02034939
vn -0.43725693 0.86213022 -0.25600353
vn -0.39478588 0.91854775 0.02034939
vn -0.35277957 0.89129722 -0.28484356
vn -0.54768258 0.82763553 0.12273235
vn -0.37809753 0.67179430 0.63697302
vn -0.47436213 0.88001972 0.02336331
vn -0.47436213 0.88001972 0.02336331
vn -0.37809753 0.67179430 0.63697302
vn -0.33601233 0.72104985 0.60595614
vn -0.47436213 0.88001972 0.02336331
vn -0.33601233 0.72104985 0.60595614
vn -0.39478588 0.91854775 0.02034939
vn -0.53019983 0.80695808 -0.26020539
vn -0.43725693 0.86213022 -0.25600353
vn -0.48086178 0.80254340 -0.35312319
vn -0.43725693 0.86213022 -0.25600353
vn -0.38390052 0.85227108 -0.35532287
vn -0.48086178 0.80254340 -0.35312319
vn -0.43725693 0.86213022 -0.25600353
vn -0.35277957 0.89129722 -0.28484356
vn -0.38390052 0.85227108 -0.35532287
vn -0.14446588 0.98788559 -0.05667204
vn -0.18469816 0.93800819 -0.29330406
vn -0.26674178 0.92934453 -0.25527936
vn -0.26674178 0.92934453 -0.25527936
vn -0.35277957 0.89129722 -0.28484356
vn -0.31392974 0.94881600 -0.03458833
vn -0.18469816 0.93800819 -0.29330406
vn -0.19727248 0.90975416 -0.36528194
vn -0.24883765 0.90230685 -0.35202578
vn -0.18469816 0.93800819 -0.29330406
vn -0.24883765 0.90230685 -0.35202578
vn -0.26674178 0.92934453 -0.25527936
vn -0.26674178 0.92934453 -0.25527936
vn -0.24883765 0.90230685 -0.35202578
vn -0.29244059 0.88523328 -0.36171883
vn -0.26674178 0.92934453 -0.25527936
vn -0.29244059 0.88523328 -0.36171883
vn -0.35277957 0.89129722 -0.28484356
vn -0.29244059 0.88523328 -0.36171883
vn -0.38390052 0.85227108 -0.35532287
vn -0.35277957 0.89129722 -0.28484356
vn -0.14446588 0.98788559 -0.05667204
vn -0.26674178 0.92934453 -0.25527936
vn -0.24575946 0.96867055 0.03577303
vn -0.14446588 0.98788559 -0.05667204
vn -0.24575946 0.96867055 0.03577303
vn -0.15084688 0.88765365 0.43510482
vn -0.15084688 0.88765365 0.43510482
vn -0.24575946 0.96867055 0.03577303
vn -0.16785663 0.65959454 0.73263854
vn -0.26674178 0.92934453 -0.25527936
vn -0.31392974 0.94881600 -0.03458833
vn -0.24575946 0.96867055 0.03577303
vn -0.24575946 0.96867055 0.03577303
vn -0.31392974 0.94881600 -0.03458833
vn -0.28539369 0.82742244 0.48365536
vn -0.24575946 0.96867055 0.03577303
vn -0.28539369 0.82742244 0.48365536
vn -0.16785663 0.65959454 0.73263854
vn -0.31392974 0.94881600 -0.03458833
vn -0.39478588 0.91854775 0.02034939
vn -0.28539369 0.82742244 0.48365536
vn -0.31392974 0.94881600 -0.03458833
vn -0.35277957 0.89129722 -0.28484356
vn -0.39478588 0.91854775 0.02034939
vn -0.39478588 0.91854775 0.02034939
vn -0.33601233 0.72104985 0.60595614
vn -0.28539369 0.82742244 0.48365536
vn -0.07885794 0.96491700 -0.25043282
vn -0.14446588 0.98788559 -0.05667204
vn -0.04549935 0.99873286 0.02150614
vn -0.07885794 0.96491700 -0.25043282
vn -0.04549935 0.99873286 0.02150614
vn 0.01966862 0.99755889 -0.06700293
vn -0.07885794 0.96491700 -0.25043282
vn 0.01966862 0.99755889 -0.06700293
vn 0.00404685 0.95871949 -0.28432477
vn -0.15084688 0.88765365 0.43510482
vn -0.06408258 0.89865172 0.43395677
vn -0.14446588 0.98788559 -0.05667204
vn -0.14446588 0.98788559 -0.05667204
vn -0.06408258 0.89865172 0.43395677
vn -0.04549935 0.99873286 0.02150614
vn -0.04549935 0.99873286 0.02150614
vn -0.06408258 0.89865172 0.43395677
vn 0.03356879 0.95850056 0.28310746
vn -0.04549935 0.99873286 0.02150614
vn 0.03356879 0.95850056 0.28310746
vn 0.01966862 0.99755889 -0.06700293
vn -0.06408258 0.89865172 0.43395677
vn 0.06419912 0.77465749 0.62911385
vn 0.03356879 0.95850056 0.28310746
vn -0.18469816 0.93800819 -0.29330406
vn -0.11754787 0.92670333 -0.35693622
vn -0.19727248 0.90975416 -0.36528194
vn -0.14446588 0.98788559 -0.05667204
vn -0.07885794 0.96491700 -0.25043282
vn -0.18469816 0.93800819 -0.29330406
vn -0.18469816 0.93800819 -0.29330406
vn -0.07885794 0.96491700 -0.25043282
vn -0.11754787 0.92670333 -0.35693622
vn -0.07885794 0.96491700 -0.25043282
vn 0.00404685 0.95871949 -0.28432477
vn -0.05007399 0.93246609 -0.35777029
vn -0.07885794 0.96491700 -0.25043282
vn -0.05007399 0.93246609 -0.35777029
vn -0.11754787 0.92670333 -0.35693622
vn -0.05007399 0.93246609 -0.35777029
vn 0.00404685 0.95871949 -0.28432477
vn 0.01949593 0.93458831 -0.35519651
vn 0.11321593 0.95778418 -0.26425672
vn 0.00404685 0.95871949 -0.28432477
vn 0.01966862 0.99755889 -0.06700293
vn 0.23215596 0.93872416 -0.25475582
vn 0.15441868 0.92422372 -0.34923539
vn 0.11321593 0.95778418 -0.26425672
vn 0.11321593 0.95778418 -0.26425672
vn 0.15441868 0.92422372 -0.34923539
vn 0.08156691 0.93120837 -0.35524327
vn 0.11321593 0.95778418 -0.26425672
vn 0.08156691 0.93120837 -0.35524327
vn 0.01949593 0.93458831 -0.35519651
vn 0.11321593 0.95778418 -0.26425672
vn 0.01949593 0.93458831 -0.35519651
vn 0.00404685 0.95871949 -0.28432477
vn 0.23215596 0.93872416 -0.25475582
vn 0.11321593 0.95778418 -0.26425672
vn 0.13997824 0.99010086 0.01031405
vn 0.18533057 0.93633133 0.29822168
vn 0.06419912 0.77465749 0.62911385
vn 0.20131610 0.79429424 0.57320893
vn 0.18533057 0.93633133 0.29822168
vn 0.13997824 0.99010086 0.01031405
vn 0.03356879 0.95850056 0.28310746
vn 0.18533057 0.93633133 0.29822168
vn 0.03356879 0.95850056 0.28310746
vn 0.06419912 0.77465749 0.62911385
vn 0.11321593 0.95778418 -0.26425672
vn 0.01966862 0.99755889 -0.06700293
vn 0.13997824 0.99010086 0.01031405
vn 0.13997824 0.99010086 0.01031405
vn 0.01966862 0.99755889 -0.06700293
vn 0.03356879 0.95850056 0.28310746
vn 0.23215596 0.93872416 -0.25475582
vn 0.13997824 0.99010086 0.01031405
vn 0.29523709 0.95477492 -0.03521271
vn 0.13997824 0.99010086 0.01031405
vn 0.18533057 0.93633133 0.29822168
vn 0.29523709 0.95477492 -0.03521271
vn 0.29523709 0.95477492 -0.03521271
vn 0.33827400 0.89405888 0.29364842
vn 0.41612127 0.90661603 -0.06993182
vn 0.29523709 0.95477492 -0.03521271
vn 0.18533057 0.93633133 0.29822168
vn 0.20131610 0.79429424 0.57320893
vn 0.29523709 0.95477492 -0.03521271
vn 0.20131610 0.79429424 0.57320893
vn 0.33827400 0.89405888 0.29364842
vn 0.33827400 0.89405888 0.29364842
vn 0.17514452 0.49834222 0.84910506
vn 0.37818947 0.78404844 0.49217966
vn 0.23215596 0.93872416 -0.25475582
vn 0.21232168 0.90812105 -0.36088172
vn 0.15441868 0.92422372 -0.34923539
vn 0.23215596 0.93872416 -0.25475582
vn 0.28337914 0.89021331 -0.35667428
vn 0.21232168 0.90812105 -0.36088172
vn 0.23215596 0.93872416 -0.25475582
vn 0.29523709 0.95477492 -0.03521271
vn 0.36935908 0.88079095 -0.29627883
vn 0.23215596 0.93872416 -0.25475582
vn 0.36935908 0.88079095 -0.29627883
vn 0.33842766 0.87231463 -0.35289356
vn 0.23215596 0.93872416 -0.25475582
vn 0.33842766 0.87231463 -0.35289356
vn 0.28337914 0.89021331 -0.35667428
vn 0.29523709 0.95477492 -0.03521271
vn 0.41612127 0.90661603 -0.06993182
vn 0.36935908 0.88079095 -0.29627883
vn 0.50688118 0.84349227 -0.17774203
vn 0.48293161 0.81588584 -0.31797376
vn 0.36935908 0.88079095 -0.29627883
vn 0.50688118 0.84349227 -0.17774203
vn 0.36935908 0.88079095 -0.29627883
vn 0.41612127 0.90661603 -0.06993182
vn 0.48293161 0.81588584 -0.31797376
vn 0.53269231 0.76575607 -0.36035615
vn 0.47339827 0.79891008 -0.37099424
vn 0.48293161 0.81588584 -0.31797376
vn 0.47339827 0.79891008 -0.37099424
vn 0.41589388 0.83424634 -0.36202943
vn 0.48293161 0.81588584 -0.31797376
vn 0.41589388 0.83424634 -0.36202943
vn 0.36935908 0.88079095 -0.29627883
vn 0.36935908 0.88079095 -0.29627883
vn 0.41589388 0.83424634 -0.36202943
vn 0.33842766 0.87231463 -0.35289356
vn 0.59486902 0.78842694 -0.15656890
vn 0.50688118 0.84349227 -0.17774203
vn 0.48768386 0.82335997 0.29024616
vn 0.48768386 0.82335997 0.29024616
vn 0.37818947 0.78404844 0.49217966
vn 0.35301217 0.51893526 0.77851695
vn 0.50688118 0.84349227 -0.17774203
vn 0.41612127 0.90661603 -0.06993182
vn 0.48768386 0.82335997 0.29024616
vn 0.48768386 0.82335997 0.29024616
vn 0.41612127 0.90661603 -0.06993182
vn 0.37818947 0.78404844 0.49217966
vn 0.41612127 0.90661603 -0.06993182
vn 0.33827400 0.89405888 0.29364842
vn 0.37818947 0.78404844 0.49217966
vn 0.59486902 0.78842694 -0.15656890
vn 0.48768386 0.82335997 0.29024616
vn 0.58052129 0.74092084 0.33768523
vn 0.59486902 0.78842694 -0.15656890
vn 0.58052129 0.74092084 0.33768523
vn 0.70607978 0.70529276 0.06335197
vn 0.58052129 0.74092084 0.33768523
vn 0.56186122 0.61712921 0.55087519
vn 0.70607978 0.70529276 0.06335197
vn 0.48768386 0.82335997 0.29024616
vn 0.35301217 0.51893526 0.77851695
vn 0.58052129 0.74092084 0.33768523
vn 0.58052129 0.74092084 0.33768523
vn 0.35301217 0.51893526 0.77851695
vn 0.56186122 0.61712921 0.55087519
vn 0.50688118 0.84349227 -0.17774203
vn 0.59486902 0.78842694 -0.15656890
vn 0.58489871 0.74834162 -0.31285509
vn 0.50688118 0.84349227 -0.17774203
vn 0.58489871 0.74834162 -0.31285509
vn 0.48293161 0.81588584 -0.31797376
vn 0.48293161 0.81588584 -0.31797376
vn 0.58489871 0.74834162 -0.31285509
vn 0.53269231 0.76575607 -0.36035615
vn 0.58489871 0.74834162 -0.31285509
vn 0.60767859 0.71025127 -0.35534471
vn 0.53269231 0.76575607 -0.36035615
vn 0.59486902 0.78842694 -0.15656890
vn 0.70607978 0.70529276 0.06335197
vn 0.66244388 0.68991202 -0.29187244
vn 0.59486902 0.78842694 -0.15656890
vn 0.66244388 0.68991202 -0.29187244
vn 0.58489871 0.74834162 -0.31285509
vn 0.58489871 0.74834162 -0.31285509
vn 0.66244388 0.68991202 -0.29187244
vn 0.60767859 0.71025127 -0.35534471
vn 0.60767859 0.71025127 -0.35534471
vn 0.66244388 0.68991202 -0.29187244
vn 0.64718193 0.66650677 -0.37003276
vn 0.83876789 0.53420687 0.10531592
vn 0.78014565 0.54231673 -0.31187385
vn 0.78160536 0.57361275 -0.24507445
vn 0.75245053 0.63879961 -0.16047812
vn 0.66244388 0.68991202 -0.29187244
vn 0.70607978 0.70529276 0.06335197
vn 0.78160536 0.57361275 -0.24507445
vn 0.73163068 0.59154600 -0.33880648
vn 0.75245053 0.63879961 -0.16047812
vn 0.75245053 0.63879961 -0.16047812
vn 0.73163068 0.59154600 -0.33880648
vn 0.69231653 0.63704401 -0.33892888
vn 0.75245053 0.63879961 -0.16047812
vn 0.69231653 0.63704401 -0.33892888
vn 0.66244388 0.68991202 -0.29187244
vn 0.78160536 0.57361275 -0.24507445
vn 0.78014565 0.54231673 -0.31187385
vn 0.73163068 0.59154600 -0.33880648
vn 0.78014565 0.54231673 -0.31187385
vn 0.76023781 0.53255230 -0.37205708
vn 0.73163068 0.59154600 -0.33880648
vn 0.69231653 0.63704401 -0.33892888
vn 0.64718193 0.66650677 -0.37003276
vn 0.66244388 0.68991202 -0.29187244
vn 0.83876789 0.53420687 0.10531592
vn 0.78160536 0.57361275 -0.24507445
vn 0.78316569 0.56568581 0.25816867
vn 0.78160536 0.57361275 -0.24507445
vn 0.75245053 0.63879961 -0.16047812
vn 0.78316569 0.56568581 0.25816867
vn 0.78316569 0.56568581 0.25816867
vn 0.75245053 0.63879961 -0.16047812
vn 0.70315981 0.57598650 0.41690028
vn 0.75245053 0.63879961 -0.16047812
vn 0.70607978 0.70529276 0.06335197
vn 0.70315981 0.57598650 0.41690028
vn 0.70315981 0.57598650 0.41690028
vn 0.70607978 0.70529276 0.06335197
vn 0.48635927 0.45255378 0.74742877
vn 0.70607978 0.70529276 0.06335197
vn 0.56186122 0.61712921 0.55087519
vn 0.48635927 0.45255378 0.74742877
vn 0.83876789 0.53420687 0.10531592
vn 0.83250624 0.43461487 0.34357420
vn 0.85028404 0.48016021 -0.21555337
vn 0.85028404 0.48016021 -0.21555337
vn 0.83250624 0.43461487 0.34357420
vn 0.92143214 0.38582060 -0.04588320
vn 0.92143214 0.38582060 -0.04588320
vn 0.83250624 0.43461487 0.34357420
vn 0.66298169 0.26638097 0.69964021
vn 0.83876789 0.53420687 0.10531592
vn 0.78316569 0.56568581 0.25816867
vn 0.51898086 0.31951916 0.79282176
vn 0.83876789 0.53420687 0.10531592
vn 0.51898086 0.31951916 0.79282176
vn 0.83250624 0.43461487 0.34357420
vn 0.83876789 0.53420687 0.10531592
vn 0.85028404 0.48016021 -0.21555337
vn 0.78014565 0.54231673 -0.31187385
vn 0.78014565 0.54231673 -0.31187385
vn 0.85028404 0.48016021 -0.21555337
vn 0.81278014 0.46828493 -0.34655103
vn 0.78014565 0.54231673 -0.31187385
vn 0.81278014 0.46828493 -0.34655103
vn 0.76023781 0.53255230 -0.37205708
vn 0.85028404 0.48016021 -0.21555337
vn 0.92143214 0.38582060 -0.04588320
vn 0.87868530 0.36716625 -0.30512470
vn 0.85028404 0.48016021 -0.21555337
vn 0.87868530 0.36716625 -0.30512470
vn 0.81278014 0.46828493 -0.34655103
vn 0.81278014 0.46828493 -0.34655103
vn 0.87868530 0.36716625 -0.30512470
vn 0.83746022 0.40230229 -0.36988276
vn 0.97461867 0.22385667 -0.00257490
vn 0.94030529 0.17001578 -0.29482305
vn 0.92432886 0.26477456 -0.27479181
vn 0.92432886 0.26477456 -0.27479181
vn 0.87868530 0.36716625 -0.30512470
vn 0.92143214 0.38582060 -0.04588320
vn 0.94030529 0.17001578 -0.29482305
vn 0.91796070 0.15761505 -0.36401328
vn 0.92432886 0.26477456 -0.27479181
vn 0.92432886 0.26477456 -0.27479181
vn 0.90121895 0.24501477 -0.35745230
vn 0.87266189 0.33009169 -0.35986206
vn 0.92432886 0.26477456 -0.27479181
vn 0.87266189 0.33009169 -0.35986206
vn 0.87868530 0.36716625 -0.30512470
vn 0.91796070 0.15761505 -0.36401328
vn 0.90121895 0.24501477 -0.35745230
vn 0.92432886 0.26477456 -0.27479181
vn 0.87266189 0.33009169 -0.35986206
vn 0.83746022 0.40230229 -0.36988276
vn 0.87868530 0.36716625 -0.30512470
vn 0.97461867 0.22385667 -0.00257490
vn 0.94956207 0.30308369 0.08044969
vn 0.66494143 0.18122979 0.72457480
vn 0.97461867 0.22385667 -0.00257490
vn 0.66494143 0.18122979 0.72457480
vn 0.85969615 0.13772433 0.49188876
vn 0.97461867 0.22385667 -0.00257490
vn 0.92432886 0.26477456 -0.27479181
vn 0.94956207 0.30308369 0.08044969
vn 0.92432886 0.26477456 -0.27479181
vn 0.92143214 0.38582060 -0.04588320
vn 0.94956207 0.30308369 0.08044969
vn 0.94956207 0.30308369 0.08044969
vn 0.92143214 0.38582060 -0.04588320
vn 0.66298169 0.26638097 0.69964021
vn 0.94956207 0.30308369 0.08044969
vn 0.66298169 0.26638097 0.69964021
vn 0.66494143 0.18122979 0.72457480
vn 0.97461867 0.22385667 -0.00257490
vn 0.85969615 0.13772433 0.49188876
vn 0.99283814 0.11661658 -0.02594176
vn 0.99283814 0.11661658 -0.02594176
vn 0.85969615 0.13772433 0.49188876
vn 0.82354832 0.01524028 0.56704140
vn 0.99283814 0.11661658 -0.02594176
vn 0.82354832 0.01524028 0.56704140
vn 0.99745840 0.04198617 -0.05756654
vn 0.97461867 0.22385667 -0.00257490
vn 0.99283814 0.11661658 -0.02594176
vn 0.94030529 0.17001578 -0.29482305
vn 0.99283814 0.11661658 -0.02594176
vn 0.99745840 0.04198617 -0.05756654
vn 0.94137210 0.08091397 -0.32752326
vn 0.99283814 0.11661658 -0.02594176
vn 0.94137210 0.08091397 -0.32752326
vn 0.94030529 0.17001578 -0.29482305
vn 0.94030529 0.17001578 -0.29482305
vn 0.94137210 0.08091397 -0.32752326
vn 0.91796070 0.15761505 -0.36401328
vn 0.94137210 0.08091397 -0.32752326
vn 0.99745840 0.04198617 -0.05756654
vn 0.95775265 0.01857836 -0.28699258
vn 0.99745840 0.04198617 -0.05756654
vn 0.99726403 -0.04122137 -0.06136140
vn 0.95775265 0.01857836 -0.28699258
vn 0.95775265 0.01857836 -0.28699258
vn 0.94691736 -0.03861075 -0.31915006
vn 0.94137210 0.08091397 -0.32752326
vn 0.97974747 -0.20011289 -0.00704865
vn 0.93268794 -0.20288700 -0.29821149
vn 0.96439666 -0.12176637 -0.23475960
vn 0.96439666 -0.12176637 -0.23475960
vn 0.94691736 -0.03861075 -0.31915006
vn 0.99726403 -0.04122137 -0.06136140
vn 0.99726403 -0.04122137 -0.06136140
vn 0.94691736 -0.03861075 -0.31915006
vn 0.95775265 0.01857836 -0.28699258
vn 0.93268794 -0.20288700 -0.29821149
vn 0.90720451 -0.23092784 -0.35164225
vn 0.92756015 -0.12179540 -0.35326761
vn 0.93268794 -0.20288700 -0.29821149
vn 0.92756015 -0.12179540 -0.35326761
vn 0.96439666 -0.12176637 -0.23475960
vn 0.96439666 -0.12176637 -0.23475960
vn 0.92756015 -0.12179540 -0.35326761
vn 0.94691736 -0.03861075 -0.31915006
vn 0.97974747 -0.20011289 -0.00704865
vn 0.96439666 -0.12176637 -0.23475960
vn 0.97670621 -0.11498562 0.18117188
vn 0.97974747 -0.20011289 -0.00704865
vn 0.97670621 -0.11498562 0.18117188
vn 0.82393646 -0.19740242 0.53118831
vn 0.82393646 -0.19740242 0.53118831
vn 0.97670621 -0.11498562 0.18117188
vn 0.58335251 -0.08545512 0.80771112
vn 0.97670621 -0.11498562 0.18117188
vn 0.85894340 -0.03943853 0.51054955
vn 0.58335251 -0.08545512 0.80771112
vn 0.96439666 -0.12176637 -0.23475960
vn 0.99726403 -0.04122137 -0.06136140
vn 0.97670621 -0.11498562 0.18117188
vn 0.97670621 -0.11498562 0.18117188
vn 0.99726403 -0.04122137 -0.06136140
vn 0.85894340 -0.03943853 0.51054955
vn 0.99726403 -0.04122137 -0.06136140
vn 0.99745840 0.04198617 -0.05756654
vn 0.82354832 0.01524028 0.56704140
vn 0.99726403 -0.04122137 -0.06136140
vn 0.82354832 0.01524028 0.56704140
vn 0.85894340 -0.03943853 0.51054955
vn 0.92723739 -0.27902567 -0.24975079
vn 0.97974747 -0.20011289 -0.00704865
vn 0.92934006 -0.32191160 0.18083119
vn 0.97974747 -0.20011289 -0.00704865
vn 0.82393646 -0.19740242 0.53118831
vn 0.92934006 -0.32191160 0.18083119
vn 0.92934006 -0.32191160 0.18083119
vn 0.77452928 -0.35304177 0.52484852
vn 0.91684437 -0.38436383 -0.10798562
vn 0.97974747 -0.20011289 -0.00704865
vn 0.92723739 -0.27902567 -0.24975079
vn 0.93268794 -0.20288700 -0.29821149
vn 0.93268794 -0.20288700 -0.29821149
vn 0.92723739 -0.27902567 -0.24975079
vn 0.90720451 -0.23092784 -0.35164225
vn 0.92723739 -0.27902567 -0.24975079
vn 0.92934006 -0.32191160 0.18083119
vn 0.88964659 -0.33769974 -0.30738875
vn 0.92723739 -0.27902567 -0.24975079
vn 0.88964659 -0.33769974 -0.30738875
vn 0.87055314 -0.33789304 -0.35772273
vn 0.92723739 -0.27902567 -0.24975079
vn 0.87055314 -0.33789304 -0.35772273
vn 0.90720451 -0.23092784 -0.35164225
vn 0.92934006 -0.32191160 0.18083119
vn 0.91684437 -0.38436383 -0.10798562
vn 0.88964659 -0.33769974 -0.30738875
vn 0.82107019 -0.56879359 -0.04814167
vn 0.79608190 -0.52839333 -0.29504937
vn 0.88084275 -0.47206327 -0.03566955
vn 0.88084275 -0.47206327 -0.03566955
vn 0.79608190 -0.52839333 -0.29504937
vn 0.85751998 -0.43260035 -0.27841771
vn 0.85751998 -0.43260035 -0.27841771
vn 0.88964659 -0.33769974 -0.30738875
vn 0.91684437 -0.38436383 -0.10798562
vn 0.79608190 -0.52839333 -0.29504937
vn 0.77949119 -0.51745170 -0.35303998
vn 0.83252126 -0.42750928 -0.35234103
vn 0.79608190 -0.52839333 -0.29504937
vn 0.83252126 -0.42750928 -0.35234103
vn 0.85751998 -0.43260035 -0.27841771
vn 0.85751998 -0.43260035 -0.27841771
vn 0.83252126 -0.42750928 -0.35234103
vn 0.88964659 -0.33769974 -0.30738875
vn 0.83252126 -0.42750928 -0.35234103
vn 0.87055314 -0.33789304 -0.35772273
vn 0.88964659 -0.33769974 -0.30738875
vn 0.82107019 -0.56879359 -0.04814167
vn 0.88084275 -0.47206327 -0.03566955
vn 0.77482092 -0.49637130 0.39149463
vn 0.77482092 -0.49637130 0.39149463
vn 0.77452928 -0.35304177 0.52484852
vn 0.46141821 -0.25843373 0.84870797
vn 0.77482092 -0.49637130 0.39149463
vn 0.88084275 -0.47206327 -0.03566955
vn 0.77452928 -0.35304177 0.52484852
vn 0.85751998 -0.43260035 -0.27841771
vn 0.91684437 -0.38436383 -0.10798562
vn 0.88084275 -0.47206327 -0.03566955
vn 0.88084275 -0.47206327 -0.03566955
vn 0.91684437 -0.38436383 -0.10798562
vn 0.77452928 -0.35304177 0.52484852
vn 0.77421337 -0.61721081 -0.14015888
vn 0.82107019 -0.56879359 -0.04814167
vn 0.70518738 -0.56155825 0.43285453
vn 0.77421337 -0.61721081 -0.14015888
vn 0.70518738 -0.56155825 0.43285453
vn 0.71519613 -0.69296682 0.09105755
vn 0.82107019 -0.56879359 -0.04814167
vn 0.77482092 -0.49637130 0.39149463
vn 0.70518738 -0.56155825 0.43285453
vn 0.70518738 -0.56155825 0.43285453
vn 0.43531203 -0.43091583 0.79045242
vn 0.71519613 -0.69296682 0.09105755
vn 0.82107019 -0.56879359 -0.04814167
vn 0.77421337 -0.61721081 -0.14015888
vn 0.79608190 -0.52839333 -0.29504937
vn 0.77421337 -0.61721081 -0.14015888
vn 0.72097731 -0.62124181 -0.30700219
vn 0.79608190 -0.52839333 -0.29504937
vn 0.79608190 -0.52839333 -0.29504937
vn 0.72097731 -0.62124181 -0.30700219
vn 0.77949119 -0.51745170 -0.35303998
vn 0.77949119 -0.51745170 -0.35303998
vn 0.72097731 -0.62124181 -0.30700219
vn 0.70760918 -0.60575026 -0.36380747
vn 0.77949119 -0.51745170 -0.35303998
vn 0.70760918 -0.60575026 -0.36380747
vn 0.75440735 -0.54037291 -0.37264827
vn 0.77421337 -0.61721081 -0.14015888
vn 0.71519613 -0.69296682 0.09105755
vn 0.72097731 -0.62124181 -0.30700219
vn 0.71519613 -0.69296682 0.09105755
vn 0.66600001 -0.68501377 -0.29529670
vn 0.72097731 -0.62124181 -0.30700219
vn 0.72097731 -0.62124181 -0.30700219
vn 0.66600001 -0.68501377 -0.29529670
vn 0.64952099 -0.66463190 -0.36930600
vn 0.72097731 -0.62124181 -0.30700219
vn 0.64952099 -0.66463190 -0.36930600
vn 0.70760918 -0.60575026 -0.36380747
vn -0.25610647 -0.94944680 -0.18154959
vn -0.25038332 -0.96463531 -0.08238269
vn -0.08532057 -0.99188840 -0.09422234
vn -0.25038332 -0.96463531 -0.08238269
vn -0.16169515 -0.89582926 -0.41393793
vn -0.08532057 -0.99188840 -0.09422234
vn -0.25610647 -0.94944680 -0.18154959
vn -0.08532057 -0.99188840 -0.09422234
vn -0.11760402 -0.96293366 -0.24275102
vn -0.25610647 -0.94944680 -0.18154959
vn -0.11760402 -0.96293366 -0.24275102
vn -0.25172898 -0.92961335 -0.26916820
vn -0.11760402 -0.96293366 -0.24275102
vn -0.14589749 -0.93618155 -0.31980941
vn -0.22968039 -0.91596568 -0.32901940
vn -0.11760402 -0.96293366 -0.24275102
vn -0.00311421 -0.95645469 -0.29186428
vn -0.14589749 -0.93618155 -0.31980941
vn -0.08532057 -0.99188840 -0.09422234
vn 0.01908972 -0.97647315 -0.21479237
vn -0.11760402 -0.96293366 -0.24275102
vn -0.11760402 -0.96293366 -0.24275102
vn 0.01908972 -0.97647315 -0.21479237
vn -0.00311421 -0.95645469 -0.29186428
vn -0.34046844 -0.93235952 -0.12160181
vn -0.25610647 -0.94944680 -0.18154959
vn -0.40760341 -0.89565253 -0.17794934
vn -0.25610647 -0.94944680 -0.18154959
vn -0.25172898 -0.92961335 -0.26916820
vn -0.37844718 -0.88626295 -0.26705003
vn -0.25610647 -0.94944680 -0.18154959
vn -0.37844718 -0.88626295 -0.26705003
vn -0.40760341 -0.89565253 -0.17794934
vn -0.11760402 -0.96293366 -0.24275102
vn -0.22968039 -0.91596568 -0.32901940
vn -0.25172898 -0.92961335 -0.26916820
vn -0.25172898 -0.92961335 -0.26916820
vn -0.22968039 -0.91596568 -0.32901940
vn -0.34882551 -0.88280725 -0.31459832
vn -0.25172898 -0.92961335 -0.26916820
vn -0.34882551 -0.88280725 -0.31459832
vn -0.37844718 -0.88626295 -0.26705003
vn -0.25038332 -0.96463531 -0.08238269
vn -0.33038726 -0.91389662 -0.23587552
vn -0.16169515 -0.89582926 -0.41393793
vn -0.25610647 -0.94944680 -0.18154959
vn -0.34046844 -0.93235952 -0.12160181
vn -0.25038332 -0.96463531 -0.08238269
vn -0.34046844 -0.93235952 -0.12160181
vn -0.41210070 -0.90894985 -0.06311267
vn -0.25038332 -0.96463531 -0.08238269
vn -0.25038332 -0.96463531 -0.08238269
vn -0.41210070 -0.90894985 -0.06311267
vn -0.33038726 -0.91389662 -0.23587552
vn 0.29771259 -0.95458633 -0.01149411
vn 0.27941597 -0.92113125 -0.27100539
vn 0.35642606 -0.88332790 -0.30445406
vn 0.29771259 -0.95458633 -0.01149411
vn 0.35642606 -0.88332790 -0.30445406
vn 0.39342245 -0.91794145 -0.05101254
vn 0.14634128 -0.95471191 -0.25905469
vn 0.12823039 -0.92641294 -0.35400003
vn 0.20910445 -0.91127348 -0.35476190
vn 0.14634128 -0.95471191 -0.25905469
vn 0.20910445 -0.91127348 -0.35476190
vn 0.27941597 -0.92113125 -0.27100539
vn 0.27941597 -0.92113125 -0.27100539
vn 0.20910445 -0.91127348 -0.35476190
vn 0.29209900 -0.88885468 -0.35300919
vn 0.27941597 -0.92113125 -0.27100539
vn 0.29209900 -0.88885468 -0.35300919
vn 0.35642606 -0.88332790 -0.30445406
vn 0.29209900 -0.88885468 -0.35300919
vn 0.38311318 -0.85357249 -0.35304156
vn 0.35642606 -0.88332790 -0.30445406
vn 0.14634128 -0.95471191 -0.25905469
vn 0.27941597 -0.92113125 -0.27100539
vn 0.29771259 -0.95458633 -0.01149411
vn 0.14634128 -0.95471191 -0.25905469
vn 0.29771259 -0.95458633 -0.01149411
vn 0.13419692 -0.99094260 0.00489363
vn 0.13419692 -0.99094260 0.00489363
vn 0.29771259 -0.95458633 -0.01149411
vn 0.17520416 -0.88567859 0.42997319
vn 0.17520416 -0.88567859 0.42997319
vn 0.29771259 -0.95458633 -0.01149411
vn 0.21064228 -0.75971067 0.61519879
vn 0.29771259 -0.95458633 -0.01149411
vn 0.39342245 -0.91794145 -0.05101254
vn 0.34355298 -0.84125406 0.41744819
vn 0.29771259 -0.95458633 -0.01149411
vn 0.34355298 -0.84125406 0.41744819
vn 0.21064228 -0.75971067 0.61519879
vn 0.14634128 -0.95471191 -0.25905469
vn 0.13419692 -0.99094260 0.00489363
vn 0.02371245 -0.97015381 -0.24132811
vn 0.13419692 -0.99094260 0.00489363
vn 0.00400176 -0.99318910 0.11644506
vn 0.02371245 -0.97015381 -0.24132811
vn 0.17520416 -0.88567859 0.42997319
vn 0.04439817 -0.84778333 0.52848107
vn 0.13419692 -0.99094260 0.00489363
vn 0.13419692 -0.99094260 0.00489363
vn 0.04439817 -0.84778333 0.52848107
vn 0.00400176 -0.99318910 0.11644506
vn 0.14634128 -0.95471191 -0.25905469
vn 0.02371245 -0.97015381 -0.24132811
vn 0.05009353 -0.93337512 -0.35538924
vn 0.14634128 -0.95471191 -0.25905469
vn 0.05009353 -0.93337512 -0.35538924
vn 0.12823039 -0.92641294 -0.35400003
vn 0.05009353 -0.93337512 -0.35538924
vn 0.02371245 -0.97015381 -0.24132811
vn -0.02424894 -0.93486822 -0.35416585
vn 0.61984807 -0.73593694 -0.27236959
vn 0.66600001 -0.68501377 -0.29529670
vn 0.65786856 -0.75312239 0.00395155
vn 0.65786856 -0.75312239 0.00395155
vn 0.66600001 -0.68501377 -0.29529670
vn 0.71519613 -0.69296682 0.09105755
vn 0.54536194 -0.83118922 -0.10818911
vn 0.48487788 -0.80939054 -0.33133128
vn 0.57126623 -0.76684713 -0.29257542
vn 0.57126623 -0.76684713 -0.29257542
vn 0.56105477 -0.74699521 -0.35667306
vn 0.61984807 -0.73593694 -0.27236959
vn 0.61984807 -0.73593694 -0.27236959
vn 0.56105477 -0.74699521 -0.35667306
vn 0.61113715 -0.70637190 -0.35714161
vn 0.61984807 -0.73593694 -0.27236959
vn 0.61113715 -0.70637190 -0.35714161
vn 0.66600001 -0.68501377 -0.29529670
vn 0.48487788 -0.80939054 -0.33133128
vn 0.50105441 -0.78279066 -0.36903021
vn 0.56105477 -0.74699521 -0.35667306
vn 0.48487788 -0.80939054 -0.33133128
vn 0.56105477 -0.74699521 -0.35667306
vn 0.57126623 -0.76684713 -0.29257542
vn 0.61113715 -0.70637190 -0.35714161
vn 0.64952099 -0.66463190 -0.36930600
vn 0.66600001 -0.68501377 -0.29529670
vn 0.54536194 -0.83118922 -0.10818911
vn 0.57126623 -0.76684713 -0.29257542
vn 0.65786856 -0.75312239 0.00395155
vn 0.57126623 -0.76684713 -0.29257542
vn 0.61984807 -0.73593694 -0.27236959
vn 0.65786856 -0.75312239 0.00395155
vn 0.65786856 -0.75312239 0.00395155
vn 0.50747252 -0.73480028 0.45004472
vn 0.54536194 -0.83118922 -0.10818911
vn 0.50747252 -0.73480028 0.45004472
vn 0.65786856 -0.75312239 0.00395155
vn 0.45582041 -0.51037872 0.72920591
vn 0.65786856 -0.75312239 0.00395155
vn 0.71519613 -0.69296682 0.09105755
vn 0.45582041 -0.51037872 0.72920591
vn 0.45582041 -0.51037872 0.72920591
vn 0.71519613 -0.69296682 0.09105755
vn 0.43531203 -0.43091583 0.79045242
vn 0.42117503 -0.86656415 -0.26772785
vn 0.49440321 -0.85665733 -0.14732173
vn 0.39342245 -0.91794145 -0.05101254
vn 0.54536194 -0.83118922 -0.10818911
vn 0.50747252 -0.73480028 0.45004472
vn 0.49440321 -0.85665733 -0.14732173
vn 0.49440321 -0.85665733 -0.14732173
vn 0.50747252 -0.73480028 0.45004472
vn 0.44343546 -0.77255535 0.45444828
vn 0.49440321 -0.85665733 -0.14732173
vn 0.44343546 -0.77255535 0.45444828
vn 0.39342245 -0.91794145 -0.05101254
vn 0.44343546 -0.77255535 0.45444828
vn 0.34355298 -0.84125406 0.41744819
vn 0.39342245 -0.91794145 -0.05101254
vn 0.54536194 -0.83118922 -0.10818911
vn 0.49440321 -0.85665733 -0.14732173
vn 0.48487788 -0.80939054 -0.33133128
vn 0.49440321 -0.85665733 -0.14732173
vn 0.42117503 -0.86656415 -0.26772785
vn 0.48487788 -0.80939054 -0.33133128
vn 0.48487788 -0.80939054 -0.33133128
vn 0.43700165 -0.81931639 -0.37114722
vn 0.50105441 -0.78279066 -0.36903021
vn 0.48487788 -0.80939054 -0.33133128
vn 0.42117503 -0.86656415 -0.26772785
vn 0.38311318 -0.85357249 -0.35304156
vn 0.48487788 -0.80939054 -0.33133128
vn 0.38311318 -0.85357249 -0.35304156
vn 0.43700165 -0.81931639 -0.37114722
vn 0.39342245 -0.91794145 -0.05101254
vn 0.35642606 -0.88332790 -0.30445406
vn 0.42117503 -0.86656415 -0.26772785
vn 0.42117503 -0.86656415 -0.26772785
vn 0.35642606 -0.88332790 -0.30445406
vn 0.38311318 -0.85357249 -0.35304156
vn -0.00772614 -0.02178956 -0.99973273
vn 0.00345419 -0.09215202 -0.99573898
vn -0.02490553 -0.06339125 -0.99767792
vn -0.00772614 -0.02178956 -0.99973273
vn 0.00117626 -0.01625635 -0.99986714
vn 0.00345419 -0.09215202 -0.99573898
vn 0.00117626 -0.01625635 -0.99986714
vn 0.04321919 -0.09381156 -0.99465144
vn 0.00345419 -0.09215202 -0.99573898
vn -0.00017422 0.00010476 -1.00000000
vn 0.00117626 -0.01625635 -0.99986714
vn -0.01419742 -0.00949617 -0.99985409
vn 0.00117626 -0.01625635 -0.99986714
vn -0.00772614 -0.02178956 -0.99973273
vn -0.01419742 -0.00949617 -0.99985409
vn -0.01419742 -0.00949617 -0.99985409
vn -0.00772614 -0.02178956 -0.99973273
vn -0.04205901 -0.02989852 -0.99866766
vn -0.00772614 -0.02178956 -0.99973273
vn -0.02490553 -0.06339125 -0.99767792
vn -0.04205901 -0.02989852 -0.99866766
vn -0.01419742 -0.00949617 -0.99985409
vn -0.04205901 -0.02989852 -0.99866766
vn -0.03908161 -0.00616827 -0.99921697
vn -0.00017422 0.00010476 -1.00000000
vn -0.01419742 -0.00949617 -0.99985409
vn -0.03908161 -0.00616827 -0.99921697
vn -0.00017422 0.00010476 -1.00000000
vn -0.03908161 -0.00616827 -0.99921697
vn -0.01501635 0.01567630 -0.99976438
vn -0.01501635 0.01567630 -0.99976438
vn -0.07471118 0.03668480 -0.99653023
vn -0.06363621 0.08133306 -0.99465340
vn -0.01501635 0.01567630 -0.99976438
vn -0.03908161 -0.00616827 -0.99921697
vn -0.07471118 0.03668480 -0.99653023
vn -0.00017422 0.00010476 -1.00000000
vn -0.01501635 0.01567630 -0.99976438
vn -0.00219203 0.01440584 -0.99989384
vn -0.00491160 0.05042391 -0.99871582
vn -0.00219203 0.01440584 -0.99989384
vn -0.01501635 0.01567630 -0.99976438
vn -0.01501635 0.01567630 -0.99976438
vn -0.06363621 0.08133306 -0.99465340
vn -0.04162619 0.10421370 -0.99368346
vn -0.01501635 0.01567630 -0.99976438
vn -0.04162619 0.10421370 -0.99368346
vn -0.00491160 0.05042391 -0.99871582
vn -0.00219203 0.01440584 -0.99989384
vn -0.00491160 0.05042391 -0.99871582
vn 0.01572914 0.03918089 -0.99910831
vn -0.00017422 0.00010476 -1.00000000
vn -0.00219203 0.01440584 -0.99989384
vn 0.02437984 0.01579326 -0.99957800
vn -0.00219203 0.01440584 -0.99989384
vn 0.01572914 0.03918089 -0.99910831
vn 0.02437984 0.01579326 -0.99957800
vn -0.00017422 0.00010476 -1.00000000
vn 0.02437984 0.01579326 -0.99957800
vn 0.02245841 -0.00473512 -0.99973655
vn 0.02245841 -0.00473512 -0.99973655
vn 0.02437984 0.01579326 -0.99957800
vn 0.06315359 0.00135151 -0.99800289
vn -0.00017422 0.00010476 -1.00000000
vn 0.02245841 -0.00473512 -0.99973655
vn 0.02362943 -0.02413964 -0.99942929
vn 0.02362943 -0.02413964 -0.99942929
vn 0.02245841 -0.00473512 -0.99973655
vn 0.07329083 -0.06227598 -0.99536431
vn 0.02245841 -0.00473512 -0.99973655
vn 0.18559109 -0.08837994 -0.97864443
vn 0.07329083 -0.06227598 -0.99536431
vn 0.02245841 -0.00473512 -0.99973655
vn 0.06315359 0.00135151 -0.99800289
vn 0.18559109 -0.08837994 -0.97864443
vn 0.00117626 -0.01625635 -0.99986714
vn 0.02362943 -0.02413964 -0.99942929
vn 0.04321919 -0.09381156 -0.99465144
vn -0.00017422 0.00010476 -1.00000000
vn 0.02362943 -0.02413964 -0.99942929
vn 0.00117626 -0.01625635 -0.99986714
vn -0.13375609 -0.91685683 -0.37614205
vn -0.17282827 -0.91198462 -0.37204093
vn -0.10137220 -0.92156351 -0.37475908
vn -0.10137220 -0.92156351 -0.37475908
vn -0.02327571 -0.93112999 -0.36394393
vn -0.04389848 -0.92570615 -0.37568739
vn -0.04389848 -0.92570615 -0.37568739
vn -0.02327571 -0.93112999 -0.36394393
vn 0.02474994 -0.92714834 -0.37387621
vn -0.17282827 -0.91198462 -0.37204093
vn -0.22968039 -0.91596568 -0.32901940
vn -0.09952412 -0.92919058 -0.35594925
vn -0.17282827 -0.91198462 -0.37204093
vn -0.09952412 -0.92919058 -0.35594925
vn -0.10137220 -0.92156351 -0.37475908
vn -0.10137220 -0.92156351 -0.37475908
vn -0.09952412 -0.92919058 -0.35594925
vn -0.02327571 -0.93112999 -0.36394393
vn -0.22968039 -0.91596568 -0.32901940
vn -0.14589749 -0.93618155 -0.31980941
vn -0.09952412 -0.92919058 -0.35594925
vn -0.02327571 -0.93112999 -0.36394393
vn -0.09952412 -0.92919058 -0.35594925
vn 0.04688903 -0.94561082 -0.32190308
vn -0.09952412 -0.92919058 -0.35594925
vn -0.14589749 -0.93618155 -0.31980941
vn -0.00311421 -0.95645469 -0.29186428
vn -0.09952412 -0.92919058 -0.35594925
vn -0.00311421 -0.95645469 -0.29186428
vn 0.04688903 -0.94561082 -0.32190308
vn -0.17282827 -0.91198462 -0.37204093
vn -0.13375609 -0.91685683 -0.37614205
vn -0.18326034 -0.90921420 -0.37382507
vn -0.18326034 -0.90921420 -0.37382507
vn -0.13375609 -0.91685683 -0.37614205
vn -0.16240279 -0.92177665 -0.35206982
vn -0.13375609 -0.91685683 -0.37614205
vn -0.10137220 -0.92156351 -0.37475908
vn -0.09502724 -0.92793494 -0.36042550
vn -0.13375609 -0.91685683 -0.37614205
vn -0.09502724 -0.92793494 -0.36042550
vn -0.16240279 -0.92177665 -0.35206982
vn -0.10137220 -0.92156351 -0.37475908
vn -0.04389848 -0.92570615 -0.37568739
vn -0.09502724 -0.92793494 -0.36042550
vn -0.09502724 -0.92793494 -0.36042550
vn -0.04389848 -0.92570615 -0.37568739
vn -0.02424894 -0.93486822 -0.35416585
vn -0.04389848 -0.92570615 -0.37568739
vn 0.02474994 -0.92714834 -0.37387621
vn -0.02424894 -0.93486822 -0.35416585
vn -0.25398725 -0.89458251 -0.36771265
vn -0.25437573 -0.89182830 -0.37407917
vn -0.31501898 -0.87110019 -0.37675923
vn -0.17282827 -0.91198462 -0.37204093
vn -0.18326034 -0.90921420 -0.37382507
vn -0.25437573 -0.89182830 -0.37407917
vn -0.17282827 -0.91198462 -0.37204093
vn -0.25437573 -0.89182830 -0.37407917
vn -0.25398725 -0.89458251 -0.36771265
vn -0.31501898 -0.87110019 -0.37675923
vn -0.33649617 -0.87048501 -0.35920212
vn -0.38799646 -0.84322923 -0.37205273
vn -0.18326034 -0.90921420 -0.37382507
vn -0.16240279 -0.92177665 -0.35206982
vn -0.24684668 -0.90236461 -0.35327730
vn -0.18326034 -0.90921420 -0.37382507
vn -0.24684668 -0.90236461 -0.35327730
vn -0.25437573 -0.89182830 -0.37407917
vn -0.25437573 -0.89182830 -0.37407917
vn -0.24684668 -0.90236461 -0.35327730
vn -0.33649617 -0.87048501 -0.35920212
vn -0.25437573 -0.89182830 -0.37407917
vn -0.33649617 -0.87048501 -0.35920212
vn -0.31501898 -0.87110019 -0.37675923
vn -0.17282827 -0.91198462 -0.37204093
vn -0.25398725 -0.89458251 -0.36771265
vn -0.22968039 -0.91596568 -0.32901940
vn -0.25398725 -0.89458251 -0.36771265
vn -0.31501898 -0.87110019 -0.37675923
vn -0.34050244 -0.86982054 -0.35702986
vn -0.25398725 -0.89458251 -0.36771265
vn -0.34050244 -0.86982054 -0.35702986
vn -0.22968039 -0.91596568 -0.32901940
vn -0.22968039 -0.91596568 -0.32901940
vn -0.34050244 -0.86982054 -0.35702986
vn -0.34882551 -0.88280725 -0.31459832
vn -0.31501898 -0.87110019 -0.37675923
vn -0.38799646 -0.84322923 -0.37205273
vn -0.34050244 -0.86982054 -0.35702986
vn -0.52157265 -0.84771132 -0.09668219
vn -0.41210070 -0.90894985 -0.06311267
vn -0.40760341 -0.89565253 -0.17794934
vn -0.40760341 -0.89565253 -0.17794934
vn -0.41210070 -0.90894985 -0.06311267
vn -0.34046844 -0.93235952 -0.12160181
vn -0.52157265 -0.84771132 -0.09668219
vn -0.41357964 -0.80824518 -0.41915584
vn -0.41210070 -0.90894985 -0.06311267
vn -0.58424211 -0.78151363 -0.21885514
vn -0.48878181 -0.84399790 -0.22081646
vn -0.47010213 -0.83005780 -0.30001336
vn -0.58424211 -0.78151363 -0.21885514
vn -0.47010213 -0.83005780 -0.30001336
vn -0.57014459 -0.76643270 -0.29583105
vn -0.57014459 -0.76643270 -0.29583105
vn -0.47010213 -0.83005780 -0.30001336
vn -0.54464942 -0.76980621 -0.33279938
vn -0.52157265 -0.84771132 -0.09668219
vn -0.40760341 -0.89565253 -0.17794934
vn -0.48878181 -0.84399790 -0.22081646
vn -0.48878181 -0.84399790 -0.22081646
vn -0.40760341 -0.89565253 -0.17794934
vn -0.37844718 -0.88626295 -0.26705003
vn -0.48878181 -0.84399790 -0.22081646
vn -0.37844718 -0.88626295 -0.26705003
vn -0.47010213 -0.83005780 -0.30001336
vn -0.47010213 -0.83005780 -0.30001336
vn -0.37844718 -0.88626295 -0.26705003
vn -0.34882551 -0.88280725 -0.31459832
vn -0.52157265 -0.84771132 -0.09668219
vn -0.48878181 -0.84399790 -0.22081646
vn -0.58424211 -0.78151363 -0.21885514
vn -0.52157265 -0.84771132 -0.09668219
vn -0.58424211 -0.78151363 -0.21885514
vn -0.63950664 -0.76334101 -0.09133338
vn -0.63950664 -0.76334101 -0.09133338
vn -0.58424211 -0.78151363 -0.21885514
vn -0.69797212 -0.69399583 -0.17664844
vn -0.58424211 -0.78151363 -0.21885514
vn -0.65655053 -0.69863635 -0.28433895
vn -0.69797212 -0.69399583 -0.17664844
vn -0.58424211 -0.78151363 -0.21885514
vn -0.57014459 -0.76643270 -0.29583105
vn -0.65655053 -0.69863635 -0.28433895
vn -0.54338849 -0.75321305 -0.37067378
vn -0.44310006 -0.82495797 -0.35086557
vn -0.46048597 -0.80525827 -0.37351274
vn -0.54338849 -0.75321305 -0.37067378
vn -0.54464942 -0.76980621 -0.33279938
vn -0.44310006 -0.82495797 -0.35086557
vn -0.46048597 -0.80525827 -0.37351274
vn -0.44310006 -0.82495797 -0.35086557
vn -0.38799646 -0.84322923 -0.37205273
vn -0.38799646 -0.84322923 -0.37205273
vn -0.44310006 -0.82495797 -0.35086557
vn -0.34050244 -0.86982054 -0.35702986
vn -0.54464942 -0.76980621 -0.33279938
vn -0.47010213 -0.83005780 -0.30001336
vn -0.44310006 -0.82495797 -0.35086557
vn -0.44310006 -0.82495797 -0.35086557
vn -0.47010213 -0.83005780 -0.30001336
vn -0.34882551 -0.88280725 -0.31459832
vn -0.44310006 -0.82495797 -0.35086557
vn -0.34882551 -0.88280725 -0.31459832
vn -0.34050244 -0.86982054 -0.35702986
vn -0.54338849 -0.75321305 -0.37067378
vn -0.46048597 -0.80525827 -0.37351274
vn -0.53381747 -0.75745684 -0.37589639
vn -0.53381747 -0.75745684 -0.37589639
vn -0.46048597 -0.80525827 -0.37351274
vn -0.49941146 -0.79164410 -0.35197696
vn -0.46048597 -0.80525827 -0.37351274
vn -0.41822454 -0.82960689 -0.36991975
vn -0.49941146 -0.79164410 -0.35197696
vn -0.46048597 -0.80525827 -0.37351274
vn -0.38799646 -0.84322923 -0.37205273
vn -0.41822454 -0.82960689 -0.36991975
vn -0.41822454 -0.82960689 -0.36991975
vn -0.38799646 -0.84322923 -0.37205273
vn -0.33649617 -0.87048501 -0.35920212
vn -0.41822454 -0.82960689 -0.36991975
vn -0.33649617 -0.87048501 -0.35920212
vn -0.41916597 -0.84066242 -0.34290898
vn -0.53381747 -0.75745684 -0.37589639
vn -0.60283387 -0.70385414 -0.37574020
vn -0.54338849 -0.75321305 -0.37067378
vn -0.54338849 -0.75321305 -0.37067378
vn -0.60283387 -0.70385414 -0.37574020
vn -0.62791550 -0.68541431 -0.36868602
vn -0.62791550 -0.68541431 -0.36868602
vn -0.60283387 -0.70385414 -0.37574020
vn -0.67123735 -0.63826394 -0.37690794
vn -0.53381747 -0.75745684 -0.37589639
vn -0.49941146 -0.79164410 -0.35197696
vn -0.57623589 -0.73865253 -0.34977806
vn -0.53381747 -0.75745684 -0.37589639
vn -0.57623589 -0.73865253 -0.34977806
vn -0.60283387 -0.70385414 -0.37574020
vn -0.60283387 -0.70385414 -0.37574020
vn -0.57623589 -0.73865253 -0.34977806
vn -0.64424866 -0.67916745 -0.35167488
vn -0.60283387 -0.70385414 -0.37574020
vn -0.64424866 -0.67916745 -0.35167488
vn -0.67123735 -0.63826394 -0.37690794
vn -0.54338849 -0.75321305 -0.37067378
vn -0.62791550 -0.68541431 -0.36868602
vn -0.64136922 -0.68615979 -0.34326410
vn -0.54338849 -0.75321305 -0.37067378
vn -0.64136922 -0.68615979 -0.34326410
vn -0.54464942 -0.76980621 -0.33279938
vn -0.54464942 -0.76980621 -0.33279938
vn -0.64136922 -0.68615979 -0.34326410
vn -0.57014459 -0.76643270 -0.29583105
vn -0.64136922 -0.68615979 -0.34326410
vn -0.65655053 -0.69863635 -0.28433895
vn -0.57014459 -0.76643270 -0.29583105
vn -0.79056454 -0.58533728 -0.17996666
vn -0.86072683 -0.48942274 -0.14005235
vn -0.79978400 -0.59642076 -0.06802826
vn -0.79056454 -0.58533728 -0.17996666
vn -0.79978400 -0.59642076 -0.06802826
vn -0.72516274 -0.68512958 -0.06882183
vn -0.79056454 -0.58533728 -0.17996666
vn -0.72516274 -0.68512958 -0.06882183
vn -0.69797212 -0.69399583 -0.17664844
vn -0.69797212 -0.69399583 -0.17664844
vn -0.72516274 -0.68512958 -0.06882183
vn -0.63950664 -0.76334101 -0.09133338
vn -0.79056454 -0.58533728 -0.17996666
vn -0.74949312 -0.60791320 -0.26210997
vn -0.83025092 -0.49346039 -0.25919154
vn -0.83025092 -0.49346039 -0.25919154
vn -0.74949312 -0.60791320 -0.26210997
vn -0.78564608 -0.53664219 -0.30785611
vn -0.79056454 -0.58533728 -0.17996666
vn -0.69797212 -0.69399583 -0.17664844
vn -0.74949312 -0.60791320 -0.26210997
vn -0.74949312 -0.60791320 -0.26210997
vn -0.72109234 -0.60947239 -0.32949841
vn -0.78564608 -0.53664219 -0.30785611
vn -0.69797212 -0.69399583 -0.17664844
vn -0.65655053 -0.69863635 -0.28433895
vn -0.74949312 -0.60791320 -0.26210997
vn -0.74949312 -0.60791320 -0.26210997
vn -0.65655053 -0.69863635 -0.28433895
vn -0.72109234 -0.60947239 -0.32949841
vn -0.79056454 -0.58533728 -0.17996666
vn -0.83025092 -0.49346039 -0.25919154
vn -0.86072683 -0.48942274 -0.14005235
vn -0.86072683 -0.48942274 -0.14005235
vn -0.83025092 -0.49346039 -0.25919154
vn -0.88899440 -0.37612450 -0.26118836
vn -0.86072683 -0.48942274 -0.14005235
vn -0.88899440 -0.37612450 -0.26118836
vn -0.92803806 -0.35172814 -0.12260775
vn -0.92803806 -0.35172814 -0.12260775
vn -0.88899440 -0.37612450 -0.26118836
vn -0.94081479 -0.26256347 -0.21430796
vn -0.83025092 -0.49346039 -0.25919154
vn -0.78564608 -0.53664219 -0.30785611
vn -0.83680183 -0.43169466 -0.33675274
vn -0.83025092 -0.49346039 -0.25919154
vn -0.83680183 -0.43169466 -0.33675274
vn -0.88899440 -0.37612450 -0.26118836
vn -0.88899440 -0.37612450 -0.26118836
vn -0.83680183 -0.43169466 -0.33675274
vn -0.88427430 -0.33372101 -0.32663316
vn -0.79978400 -0.59642076 -0.06802826
vn -0.86072683 -0.48942274 -0.14005235
vn -0.85114419 -0.49981847 -0.16042136
vn -0.86072683 -0.48942274 -0.14005235
vn -0.87951243 -0.37515655 -0.29277202
vn -0.85114419 -0.49981847 -0.16042136
vn -0.86072683 -0.48942274 -0.14005235
vn -0.92803806 -0.35172814 -0.12260775
vn -0.87951243 -0.37515655 -0.29277202
vn -0.77197647 -0.51316112 -0.37512398
vn -0.78708065 -0.50396866 -0.35569599
vn -0.73262048 -0.57032377 -0.37148088
vn -0.73262048 -0.57032377 -0.37148088
vn -0.71459669 -0.59583908 -0.36650702
vn -0.67123735 -0.63826394 -0.37690794
vn -0.67123735 -0.63826394 -0.37690794
vn -0.71459669 -0.59583908 -0.36650702
vn -0.62791550 -0.68541431 -0.36868602
vn -0.78708065 -0.50396866 -0.35569599
vn -0.71459669 -0.59583908 -0.36650702
vn -0.73262048 -0.57032377 -0.37148088
vn -0.71459669 -0.59583908 -0.36650702
vn -0.64136922 -0.68615979 -0.34326410
vn -0.62791550 -0.68541431 -0.36868602
vn -0.78708065 -0.50396866 -0.35569599
vn -0.72109234 -0.60947239 -0.32949841
vn -0.71459669 -0.59583908 -0.36650702
vn -0.71459669 -0.59583908 -0.36650702
vn -0.72109234 -0.60947239 -0.32949841
vn -0.64136922 -0.68615979 -0.34326410
vn -0.78708065 -0.50396866 -0.35569599
vn -0.78564608 -0.53664219 -0.30785611
vn -0.72109234 -0.60947239 -0.32949841
vn -0.72109234 -0.60947239 -0.32949841
vn -0.65655053 -0.69863635 -0.28433895
vn -0.64136922 -0.68615979 -0.34326410
vn -0.77197647 -0.51316112 -0.37512398
vn -0.73262048 -0.57032377 -0.37148088
vn -0.73474717 -0.57173914 -0.36504924
vn -0.77197647 -0.51316112 -0.37512398
vn -0.73474717 -0.57173914 -0.36504924
vn -0.77915275 -0.52299863 -0.34553343
vn -0.73262048 -0.57032377 -0.37148088
vn -0.67123735 -0.63826394 -0.37690794
vn -0.68825340 -0.62522554 -0.36796775
vn -0.73262048 -0.57032377 -0.37148088
vn -0.68825340 -0.62522554 -0.36796775
vn -0.73474717 -0.57173914 -0.36504924
vn -0.68825340 -0.62522554 -0.36796775
vn -0.67123735 -0.63826394 -0.37690794
vn -0.64424866 -0.67916745 -0.35167488
vn -0.77197647 -0.51316112 -0.37512398
vn -0.80667877 -0.45688850 -0.37486291
vn -0.81063813 -0.45124218 -0.37315726
vn -0.81063813 -0.45124218 -0.37315726
vn -0.80667877 -0.45688850 -0.37486291
vn -0.84891307 -0.37527698 -0.37217441
vn -0.80667877 -0.45688850 -0.37486291
vn -0.84421033 -0.38242790 -0.37557670
vn -0.84891307 -0.37527698 -0.37217441
vn -0.77197647 -0.51316112 -0.37512398
vn -0.77915275 -0.52299863 -0.34553343
vn -0.80667877 -0.45688850 -0.37486291
vn -0.80667877 -0.45688850 -0.37486291
vn -0.77915275 -0.52299863 -0.34553343
vn -0.82179582 -0.46431300 -0.33024997
vn -0.80667877 -0.45688850 -0.37486291
vn -0.82179582 -0.46431300 -0.33024997
vn -0.84656620 -0.40577251 -0.34449136
vn -0.80667877 -0.45688850 -0.37486291
vn -0.84656620 -0.40577251 -0.34449136
vn -0.84421033 -0.38242790 -0.37557670
vn -0.84421033 -0.38242790 -0.37557670
vn -0.84656620 -0.40577251 -0.34449136
vn -0.87128949 -0.33230269 -0.36115035
vn -0.77197647 -0.51316112 -0.37512398
vn -0.81063813 -0.45124218 -0.37315726
vn -0.78708065 -0.50396866 -0.35569599
vn -0.81063813 -0.45124218 -0.37315726
vn -0.84258473 -0.39695200 -0.36397809
vn -0.78708065 -0.50396866 -0.35569599
vn -0.78708065 -0.50396866 -0.35569599
vn -0.84258473 -0.39695200 -0.36397809
vn -0.83680183 -0.43169466 -0.33675274
vn -0.78708065 -0.50396866 -0.35569599
vn -0.83680183 -0.43169466 -0.33675274
vn -0.78564608 -0.53664219 -0.30785611
vn -0.81063813 -0.45124218 -0.37315726
vn -0.84891307 -0.37527698 -0.37217441
vn -0.84258473 -0.39695200 -0.36397809
vn -0.83680183 -0.43169466 -0.33675274
vn -0.84258473 -0.39695200 -0.36397809
vn -0.88427430 -0.33372101 -0.32663316
vn -0.97475457 -0.20120171 -0.09680616
vn -0.92201954 -0.28610608 -0.26081264
vn -0.92803806 -0.35172814 -0.12260775
vn -0.92803806 -0.35172814 -0.12260775
vn -0.92201954 -0.28610608 -0.26081264
vn -0.87951243 -0.37515655 -0.29277202
vn -0.96212381 -0.13991275 -0.23397054
vn -0.94081479 -0.26256347 -0.21430796
vn -0.91801739 -0.27144986 -0.28906578
vn -0.96212381 -0.13991275 -0.23397054
vn -0.91801739 -0.27144986 -0.28906578
vn -0.92111343 -0.22628076 -0.31677610
vn -0.97475457 -0.20120171 -0.09680616
vn -0.92803806 -0.35172814 -0.12260775
vn -0.94081479 -0.26256347 -0.21430796
vn -0.94081479 -0.26256347 -0.21430796
vn -0.88899440 -0.37612450 -0.26118836
vn -0.91801739 -0.27144986 -0.28906578
vn -0.91801739 -0.27144986 -0.28906578
vn -0.88899440 -0.37612450 -0.26118836
vn -0.88427430 -0.33372101 -0.32663316
vn -0.91801739 -0.27144986 -0.28906578
vn -0.88427430 -0.33372101 -0.32663316
vn -0.92111343 -0.22628076 -0.31677610
vn -0.97475457 -0.20120171 -0.09680616
vn -0.94081479 -0.26256347 -0.21430796
vn -0.96212381 -0.13991275 -0.23397054
vn -0.97475457 -0.20120171 -0.09680616
vn -0.96212381 -0.13991275 -0.23397054
vn -0.97708637 -0.00489113 -0.21278712
vn -0.96212381 -0.13991275 -0.23397054
vn -0.92111343 -0.22628076 -0.31677610
vn -0.94714552 -0.08900119 -0.30821118
vn -0.96212381 -0.13991275 -0.23397054
vn -0.94714552 -0.08900119 -0.30821118
vn -0.97708637 -0.00489113 -0.21278712
vn -0.97475457 -0.20120171 -0.09680616
vn -0.97708637 -0.00489113 -0.21278712
vn -0.99393696 -0.08547168 -0.06916618
vn -0.91499454 -0.15194650 -0.37376100
vn -0.90976042 -0.21276210 -0.35646638
vn -0.90047115 -0.22689791 -0.37103787
vn -0.90047115 -0.22689791 -0.37103787
vn -0.88165575 -0.30172926 -0.36282578
vn -0.88528085 -0.27163944 -0.37747821
vn -0.88528085 -0.27163944 -0.37747821
vn -0.88165575 -0.30172926 -0.36282578
vn -0.86936468 -0.32375482 -0.37334689
vn -0.90047115 -0.22689791 -0.37103787
vn -0.90976042 -0.21276210 -0.35646638
vn -0.88165575 -0.30172926 -0.36282578
vn -0.86936468 -0.32375482 -0.37334689
vn -0.88165575 -0.30172926 -0.36282578
vn -0.84258473 -0.39695200 -0.36397809
vn -0.86936468 -0.32375482 -0.37334689
vn -0.84258473 -0.39695200 -0.36397809
vn -0.84891307 -0.37527698 -0.37217441
vn -0.90976042 -0.21276210 -0.35646638
vn -0.92111343 -0.22628076 -0.31677610
vn -0.88427430 -0.33372101 -0.32663316
vn -0.90976042 -0.21276210 -0.35646638
vn -0.88427430 -0.33372101 -0.32663316
vn -0.88165575 -0.30172926 -0.36282578
vn -0.88165575 -0.30172926 -0.36282578
vn -0.88427430 -0.33372101 -0.32663316
vn -0.84258473 -0.39695200 -0.36397809
vn -0.91499454 -0.15194650 -0.37376100
vn -0.90047115 -0.22689791 -0.37103787
vn -0.91664296 -0.17972119 -0.35702384
vn -0.90047115 -0.22689791 -0.37103787
vn -0.88528085 -0.27163944 -0.37747821
vn -0.88839483 -0.26624194 -0.37399176
vn -0.90047115 -0.22689791 -0.37103787
vn -0.88839483 -0.26624194 -0.37399176
vn -0.91664296 -0.17972119 -0.35702384
vn -0.91664296 -0.17972119 -0.35702384
vn -0.88839483 -0.26624194 -0.37399176
vn -0.91223913 -0.26430979 -0.31298575
vn -0.88528085 -0.27163944 -0.37747821
vn -0.86936468 -0.32375482 -0.37334689
vn -0.88839483 -0.26624194 -0.37399176
vn -0.88839483 -0.26624194 -0.37399176
vn -0.86936468 -0.32375482 -0.37334689
vn -0.87128949 -0.33230269 -0.36115035
vn -0.88839483 -0.26624194 -0.37399176
vn -0.87128949 -0.33230269 -0.36115035
vn -0.91223913 -0.26430979 -0.31298575
vn -0.86936468 -0.32375482 -0.37334689
vn -0.84891307 -0.37527698 -0.37217441
vn -0.84421033 -0.38242790 -0.37557670
vn -0.86936468 -0.32375482 -0.37334689
vn -0.84421033 -0.38242790 -0.37557670
vn -0.87128949 -0.33230269 -0.36115035
vn -0.91499454 -0.15194650 -0.37376100
vn -0.92416918 -0.10889382 -0.36613312
vn -0.92581230 -0.04914754 -0.37477466
vn -0.91499454 -0.15194650 -0.37376100
vn -0.91664296 -0.17972119 -0.35702384
vn -0.92416918 -0.10889382 -0.36613312
vn -0.92416918 -0.10889382 -0.36613312
vn -0.93271667 -0.02532641 -0.35971963
vn -0.92581230 -0.04914754 -0.37477466
vn -0.91499454 -0.15194650 -0.37376100
vn -0.92942023 -0.08380889 -0.35938013
vn -0.90976042 -0.21276210 -0.35646638
vn -0.90976042 -0.21276210 -0.35646638
vn -0.92942023 -0.08380889 -0.35938013
vn -0.94714552 -0.08900119 -0.30821118
vn -0.90976042 -0.21276210 -0.35646638
vn -0.94714552 -0.08900119 -0.30821118
vn -0.92111343 -0.22628076 -0.31677610
vn -0.91499454 -0.15194650 -0.37376100
vn -0.92581230 -0.04914754 -0.37477466
vn -0.92942023 -0.08380889 -0.35938013
vn -0.92942023 -0.08380889 -0.35938013
vn -0.94112504 0.01556053 -0.33770043
vn -0.94714552 -0.08900119 -0.30821118
vn -0.96000588 0.22147346 -0.17128414
vn -0.98146641 0.18086693 -0.06333081
vn -0.99653578 0.04428851 -0.07039143
vn -0.96000588 0.22147346 -0.17128414
vn -0.99653578 0.04428851 -0.07039143
vn -0.96931684 0.12083086 -0.21406716
vn -0.96931684 0.12083086 -0.21406716
vn -0.99653578 0.04428851 -0.07039143
vn -0.99393696 -0.08547168 -0.06916618
vn -0.96931684 0.12083086 -0.21406716
vn -0.99393696 -0.08547168 -0.06916618
vn -0.97708637 -0.00489113 -0.21278712
vn -0.94319689 0.15056323 -0.29615942
vn -0.96931684 0.12083086 -0.21406716
vn -0.94112504 0.01556053 -0.33770043
vn -0.97708637 -0.00489113 -0.21278712
vn -0.94714552 -0.08900119 -0.30821118
vn -0.96931684 0.12083086 -0.21406716
vn -0.96931684 0.12083086 -0.21406716
vn -0.94714552 -0.08900119 -0.30821118
vn -0.94112504 0.01556053 -0.33770043
vn -0.96000588 0.22147346 -0.17128414
vn -0.92510033 0.30297959 -0.22889453
vn -0.92258632 0.34806868 -0.16638094
vn -0.96000588 0.22147346 -0.17128414
vn -0.96931684 0.12083086 -0.21406716
vn -0.93439251 0.23891158 -0.26425731
vn -0.96000588 0.22147346 -0.17128414
vn -0.93439251 0.23891158 -0.26425731
vn -0.92510033 0.30297959 -0.22889453
vn -0.92258632 0.34806868 -0.16638094
vn -0.92510033 0.30297959 -0.22889453
vn -0.87581199 0.40637907 -0.26040229
vn -0.96931684 0.12083086 -0.21406716
vn -0.94319689 0.15056323 -0.29615942
vn -0.93439251 0.23891158 -0.26425731
vn -0.93439251 0.23891158 -0.26425731
vn -0.89356267 0.33208424 -0.30210239
vn -0.92510033 0.30297959 -0.22889453
vn -0.92510033 0.30297959 -0.22889453
vn -0.89356267 0.33208424 -0.30210239
vn -0.87581199 0.40637907 -0.26040229
vn -0.94319689 0.15056323 -0.29615942
vn -0.90907222 0.25131613 -0.33230692
vn -0.93439251 0.23891158 -0.26425731
vn -0.93439251 0.23891158 -0.26425731
vn -0.90907222 0.25131613 -0.33230692
vn -0.89356267 0.33208424 -0.30210239
vn -0.89356267 0.33208424 -0.30210239
vn -0.85155243 0.41507384 -0.32026887
vn -0.87581199 0.40637907 -0.26040229
vn -0.96000588 0.22147346 -0.17128414
vn -0.92258632 0.34806868 -0.16638094
vn -0.98146641 0.18086693 -0.06333081
vn -0.92258632 0.34806868 -0.16638094
vn -0.92839998 0.36603728 -0.06395493
vn -0.98146641 0.18086693 -0.06333081
vn -0.98146641 0.18086693 -0.06333081
vn -0.92839998 0.36603728 -0.06395493
vn -0.93977416 0.25222176 -0.23067018
vn -0.92781800 0.04186177 -0.37067696
vn -0.92942023 -0.08380889 -0.35938013
vn -0.92581230 -0.04914754 -0.37477466
vn -0.91013581 0.18359590 -0.37140998
vn -0.91941422 0.18106747 -0.34913036
vn -0.92913443 0.11014353 -0.35295549
vn -0.91013581 0.18359590 -0.37140998
vn -0.92913443 0.11014353 -0.35295549
vn -0.92043650 0.11728359 -0.37288237
vn -0.92043650 0.11728359 -0.37288237
vn -0.92913443 0.11014353 -0.35295549
vn -0.94112504 0.01556053 -0.33770043
vn -0.92043650 0.11728359 -0.37288237
vn -0.94112504 0.01556053 -0.33770043
vn -0.92781800 0.04186177 -0.37067696
vn -0.92781800 0.04186177 -0.37067696
vn -0.94112504 0.01556053 -0.33770043
vn -0.92942023 -0.08380889 -0.35938013
vn -0.91941422 0.18106747 -0.34913036
vn -0.94319689 0.15056323 -0.29615942
vn -0.92913443 0.11014353 -0.35295549
vn -0.92913443 0.11014353 -0.35295549
vn -0.94319689 0.15056323 -0.29615942
vn -0.94112504 0.01556053 -0.33770043
vn -0.91013581 0.18359590 -0.37140998
vn -0.92043650 0.11728359 -0.37288237
vn -0.92075056 0.12648882 -0.36907852
vn -0.92043650 0.11728359 -0.37288237
vn -0.92781800 0.04186177 -0.37067696
vn -0.92804390 0.04763082 -0.36941284
vn -0.92043650 0.11728359 -0.37288237
vn -0.92804390 0.04763082 -0.36941284
vn -0.92075056 0.12648882 -0.36907852
vn -0.92781800 0.04186177 -0.37067696
vn -0.92581230 -0.04914754 -0.37477466
vn -0.92804390 0.04763082 -0.36941284
vn -0.92804390 0.04763082 -0.36941284
vn -0.92581230 -0.04914754 -0.37477466
vn -0.93271667 -0.02532641 -0.35971963
vn -0.89320445 0.24566270 -0.37661070
vn -0.88509130 0.28699040 -0.36640128
vn -0.87868369 0.30196467 -0.36977330
vn -0.91013581 0.18359590 -0.37140998
vn -0.92075056 0.12648882 -0.36907852
vn -0.91680515 0.18759367 -0.35252935
vn -0.91013581 0.18359590 -0.37140998
vn -0.91680515 0.18759367 -0.35252935
vn -0.89320445 0.24566270 -0.37661070
vn -0.89320445 0.24566270 -0.37661070
vn -0.91680515 0.18759367 -0.35252935
vn -0.88509130 0.28699040 -0.36640128
vn -0.87868369 0.30196467 -0.36977330
vn -0.88509130 0.28699040 -0.36640128
vn -0.85791993 0.35133228 -0.37488529
vn -0.88509130 0.28699040 -0.36640128
vn -0.85442269 0.37611154 -0.35847178
vn -0.85791993 0.35133228 -0.37488529
vn -0.91013581 0.18359590 -0.37140998
vn -0.89320445 0.24566270 -0.37661070
vn -0.89704573 0.25168267 -0.36326954
vn -0.91013581 0.18359590 -0.37140998
vn -0.89704573 0.25168267 -0.36326954
vn -0.91941422 0.18106747 -0.34913036
vn -0.91941422 0.18106747 -0.34913036
vn -0.89704573 0.25168267 -0.36326954
vn -0.90907222 0.25131613 -0.33230692
vn -0.91941422 0.18106747 -0.34913036
vn -0.90907222 0.25131613 -0.33230692
vn -0.94319689 0.15056323 -0.29615942
vn -0.89320445 0.24566270 -0.37661070
vn -0.87868369 0.30196467 -0.36977330
vn -0.89704573 0.25168267 -0.36326954
vn -0.89704573 0.25168267 -0.36326954
vn -0.87868369 0.30196467 -0.36977330
vn -0.87299985 0.34083351 -0.34886062
vn -0.89704573 0.25168267 -0.36326954
vn -0.87299985 0.34083351 -0.34886062
vn -0.90907222 0.25131613 -0.33230692
vn -0.90907222 0.25131613 -0.33230692
vn -0.87299985 0.34083351 -0.34886062
vn -0.89356267 0.33208424 -0.30210239
vn -0.87868369 0.30196467 -0.36977330
vn -0.85791993 0.35133228 -0.37488529
vn -0.87299985 0.34083351 -0.34886062
vn -0.87299985 0.34083351 -0.34886062
vn -0.85155243 0.41507384 -0.32026887
vn -0.89356267 0.33208424 -0.30210239
vn -0.77057672 0.63002867 -0.09630880
vn -0.86485529 0.49859419 -0.05855861
vn -0.85978878 0.48169932 -0.16949634
vn -0.92258632 0.34806868 -0.16638094
vn -0.85978878 0.48169932 -0.16949634
vn -0.92839998 0.36603728 -0.06395493
vn -0.85978878 0.48169932 -0.16949634
vn -0.86485529 0.49859419 -0.05855861
vn -0.92839998 0.36603728 -0.06395493
vn -0.77057672 0.63002867 -0.09630880
vn -0.85978878 0.48169932 -0.16949634
vn -0.77500045 0.58869475 -0.22981025
vn -0.77500045 0.58869475 -0.22981025
vn -0.85978878 0.48169932 -0.16949634
vn -0.83123219 0.49141443 -0.25993255
vn -0.85978878 0.48169932 -0.16949634
vn -0.87581199 0.40637907 -0.26040229
vn -0.83123219 0.49141443 -0.25993255
vn -0.83123219 0.49141443 -0.25993255
vn -0.85155243 0.41507384 -0.32026887
vn -0.77805918 0.55167347 -0.30046675
vn -0.83123219 0.49141443 -0.25993255
vn -0.87581199 0.40637907 -0.26040229
vn -0.85155243 0.41507384 -0.32026887
vn -0.85978878 0.48169932 -0.16949634
vn -0.92258632 0.34806868 -0.16638094
vn -0.87581199 0.40637907 -0.26040229
vn -0.77057672 0.63002867 -0.09630880
vn -0.77500045 0.58869475 -0.22981025
vn -0.68139619 0.72473633 -0.10225689
vn -0.77500045 0.58869475 -0.22981025
vn -0.67294246 0.70365167 -0.22808510
vn -0.68139619 0.72473633 -0.10225689
vn -0.77500045 0.58869475 -0.22981025
vn -0.83123219 0.49141443 -0.25993255
vn -0.77805918 0.55167347 -0.30046675
vn -0.77500045 0.58869475 -0.22981025
vn -0.77805918 0.55167347 -0.30046675
vn -0.69083560 0.65649301 -0.30292431
vn -0.77500045 0.58869475 -0.22981025
vn -0.69083560 0.65649301 -0.30292431
vn -0.67294246 0.70365167 -0.22808510
vn -0.86485529 0.49859419 -0.05855861
vn -0.77057672 0.63002867 -0.09630880
vn -0.82135266 0.56754792 -0.05717675
vn -0.77057672 0.63002867 -0.09630880
vn -0.66358149 0.63168401 -0.40079290
vn -0.82135266 0.56754792 -0.05717675
vn -0.77057672 0.63002867 -0.09630880
vn -0.68139619 0.72473633 -0.10225689
vn -0.66358149 0.63168401 -0.40079290
vn -0.75384569 0.53944188 -0.37512556
vn -0.75115192 0.55089939 -0.36370406
vn -0.80617464 0.46628875 -0.36422142
vn -0.83548129 0.40786442 -0.36826301
vn -0.87299985 0.34083351 -0.34886062
vn -0.85791993 0.35133228 -0.37488529
vn -0.75115192 0.55089939 -0.36370406
vn -0.74535376 0.57452476 -0.33818501
vn -0.82448906 0.45108858 -0.34166774
vn -0.75115192 0.55089939 -0.36370406
vn -0.82448906 0.45108858 -0.34166774
vn -0.80617464 0.46628875 -0.36422142
vn -0.80617464 0.46628875 -0.36422142
vn -0.82448906 0.45108858 -0.34166774
vn -0.83548129 0.40786442 -0.36826301
vn -0.83548129 0.40786442 -0.36826301
vn -0.82448906 0.45108858 -0.34166774
vn -0.87299985 0.34083351 -0.34886062
vn -0.74535376 0.57452476 -0.33818501
vn -0.77805918 0.55167347 -0.30046675
vn -0.82448906 0.45108858 -0.34166774
vn -0.82448906 0.45108858 -0.34166774
vn -0.77805918 0.55167347 -0.30046675
vn -0.85155243 0.41507384 -0.32026887
vn -0.82448906 0.45108858 -0.34166774
vn -0.85155243 0.41507384 -0.32026887
vn -0.87299985 0.34083351 -0.34886062
vn -0.75384569 0.53944188 -0.37512556
vn -0.80617464 0.46628875 -0.36422142
vn -0.80640727 0.45598829 -0.37653950
vn -0.75384569 0.53944188 -0.37512556
vn -0.80640727 0.45598829 -0.37653950
vn -0.77443635 0.51480186 -0.36773276
vn -0.77443635 0.51480186 -0.36773276
vn -0.80640727 0.45598829 -0.37653950
vn -0.82153016 0.45319420 -0.34598145
vn -0.80617464 0.46628875 -0.36422142
vn -0.83548129 0.40786442 -0.36826301
vn -0.80640727 0.45598829 -0.37653950
vn -0.80640727 0.45598829 -0.37653950
vn -0.83548129 0.40786442 -0.36826301
vn -0.85442269 0.37611154 -0.35847178
vn -0.80640727 0.45598829 -0.37653950
vn -0.85442269 0.37611154 -0.35847178
vn -0.82153016 0.45319420 -0.34598145
vn -0.83548129 0.40786442 -0.36826301
vn -0.85791993 0.35133228 -0.37488529
vn -0.85442269 0.37611154 -0.35847178
vn -0.75384569 0.53944188 -0.37512556
vn -0.73200262 0.57697356 -0.36231712
vn -0.69996083 0.61060196 -0.37043229
vn -0.73200262 0.57697356 -0.36231712
vn -0.68590009 0.62626398 -0.37058669
vn -0.69996083 0.61060196 -0.37043229
vn -0.69996083 0.61060196 -0.37043229
vn -0.68590009 0.62626398 -0.37058669
vn -0.63927817 0.67946666 -0.36006737
vn -0.69996083 0.61060196 -0.37043229
vn -0.63927817 0.67946666 -0.36006737
vn -0.64097995 0.67319906 -0.36871085
vn -0.77443635 0.51480186 -0.36773276
vn -0.73200262 0.57697356 -0.36231712
vn -0.75384569 0.53944188 -0.37512556
vn -0.75384569 0.53944188 -0.37512556
vn -0.69996083 0.61060196 -0.37043229
vn -0.75115192 0.55089939 -0.36370406
vn -0.69996083 0.61060196 -0.37043229
vn -0.67140818 0.65450042 -0.34762084
vn -0.75115192 0.55089939 -0.36370406
vn -0.75115192 0.55089939 -0.36370406
vn -0.67140818 0.65450042 -0.34762084
vn -0.74535376 0.57452476 -0.33818501
vn -0.74535376 0.57452476 -0.33818501
vn -0.69083560 0.65649301 -0.30292431
vn -0.77805918 0.55167347 -0.30046675
vn -0.69996083 0.61060196 -0.37043229
vn -0.64097995 0.67319906 -0.36871085
vn -0.67140818 0.65450042 -0.34762084
vn -0.74535376 0.57452476 -0.33818501
vn -0.67140818 0.65450042 -0.34762084
vn -0.69083560 0.65649301 -0.30292431
vn -0.46141872 0.88556510 -0.05354623
vn -0.53280163 0.72956359 -0.42878821
vn -0.56780320 0.81183577 -0.13609621
vn -0.56780320 0.81183577 -0.13609621
vn -0.53280163 0.72956359 -0.42878821
vn -0.68139619 0.72473633 -0.10225689
vn -0.56780320 0.81183577 -0.13609621
vn -0.67294246 0.70365167 -0.22808510
vn -0.58084536 0.77393746 -0.25226876
vn -0.54113197 0.78419459 -0.30366930
vn -0.58084536 0.77393746 -0.25226876
vn -0.61338848 0.71909332 -0.32658750
vn -0.56780320 0.81183577 -0.13609621
vn -0.68139619 0.72473633 -0.10225689
vn -0.67294246 0.70365167 -0.22808510
vn -0.67294246 0.70365167 -0.22808510
vn -0.69083560 0.65649301 -0.30292431
vn -0.58084536 0.77393746 -0.25226876
vn -0.58084536 0.77393746 -0.25226876
vn -0.69083560 0.65649301 -0.30292431
vn -0.61338848 0.71909332 -0.32658750
vn -0.56780320 0.81183577 -0.13609621
vn -0.43940842 0.86768311 -0.23247853
vn -0.39828750 0.90418416 -0.15433109
vn -0.56780320 0.81183577 -0.13609621
vn -0.58084536 0.77393746 -0.25226876
vn -0.43940842 0.86768311 -0.23247853
vn -0.58084536 0.77393746 -0.25226876
vn -0.54113197 0.78419459 -0.30366930
vn -0.47000229 0.82889938 -0.30335405
vn -0.58084536 0.77393746 -0.25226876
vn -0.47000229 0.82889938 -0.30335405
vn -0.43940842 0.86768311 -0.23247853
vn -0.43940842 0.86768311 -0.23247853
vn -0.47000229 0.82889938 -0.30335405
vn -0.33339182 0.89408839 -0.29909164
vn -0.47000229 0.82889938 -0.30335405
vn -0.42815471 0.83813852 -0.33794582
vn -0.33339182 0.89408839 -0.29909164
vn -0.56780320 0.81183577 -0.13609621
vn -0.39828750 0.90418416 -0.15433109
vn -0.46141872 0.88556510 -0.05354623
vn -0.49776486 0.78408092 -0.37073883
vn -0.52137083 0.77763492 -0.35136363
vn -0.57194716 0.73151368 -0.37116602
vn -0.57194716 0.73151368 -0.37116602
vn -0.52137083 0.77763492 -0.35136363
vn -0.60100800 0.71267748 -0.36177370
vn -0.57194716 0.73151368 -0.37116602
vn -0.60100800 0.71267748 -0.36177370
vn -0.64097995 0.67319906 -0.36871085
vn -0.64097995 0.67319906 -0.36871085
vn -0.60100800 0.71267748 -0.36177370
vn -0.67140818 0.65450042 -0.34762084
vn -0.52137083 0.77763492 -0.35136363
vn -0.61338848 0.71909332 -0.32658750
vn -0.60100800 0.71267748 -0.36177370
vn -0.60100800 0.71267748 -0.36177370
vn -0.61338848 0.71909332 -0.32658750
vn -0.67140818 0.65450042 -0.34762084
vn -0.52137083 0.77763492 -0.35136363
vn -0.54113197 0.78419459 -0.30366930
vn -0.61338848 0.71909332 -0.32658750
vn -0.67140818 0.65450042 -0.34762084
vn -0.61338848 0.71909332 -0.32658750
vn -0.69083560 0.65649301 -0.30292431
vn -0.49776486 0.78408092 -0.37073883
vn -0.57194716 0.73151368 -0.37116602
vn -0.56686288 0.73345709 -0.37510955
vn -0.49776486 0.78408092 -0.37073883
vn -0.56686288 0.73345709 -0.37510955
vn -0.47726047 0.79596591 -0.37237176
vn -0.47726047 0.79596591 -0.37237176
vn -0.56686288 0.73345709 -0.37510955
vn -0.57266682 0.74073470 -0.35123336
vn -0.47726047 0.79596591 -0.37237176
vn -0.57266682 0.74073470 -0.35123336
vn -0.48086178 0.80254340 -0.35312319
vn -0.57194716 0.73151368 -0.37116602
vn -0.64097995 0.67319906 -0.36871085
vn -0.63927817 0.67946666 -0.36006737
vn -0.57194716 0.73151368 -0.37116602
vn -0.63927817 0.67946666 -0.36006737
vn -0.56686288 0.73345709 -0.37510955
vn -0.56686288 0.73345709 -0.37510955
vn -0.63927817 0.67946666 -0.36006737
vn -0.57266682 0.74073470 -0.35123336
vn -0.42409194 0.82591701 -0.37149307
vn -0.40122500 0.83646703 -0.37328467
vn -0.35008880 0.85801697 -0.37582541
vn -0.42409194 0.82591701 -0.37149307
vn -0.35008880 0.85801697 -0.37582541
vn -0.35781792 0.86133623 -0.36064693
vn -0.49776486 0.78408092 -0.37073883
vn -0.47726047 0.79596591 -0.37237176
vn -0.42409194 0.82591701 -0.37149307
vn -0.42409194 0.82591701 -0.37149307
vn -0.47726047 0.79596591 -0.37237176
vn -0.40122500 0.83646703 -0.37328467
vn -0.47726047 0.79596591 -0.37237176
vn -0.48086178 0.80254340 -0.35312319
vn -0.38390052 0.85227108 -0.35532287
vn -0.47726047 0.79596591 -0.37237176
vn -0.38390052 0.85227108 -0.35532287
vn -0.40122500 0.83646703 -0.37328467
vn -0.40122500 0.83646703 -0.37328467
vn -0.38390052 0.85227108 -0.35532287
vn -0.35008880 0.85801697 -0.37582541
vn -0.52137083 0.77763492 -0.35136363
vn -0.47000229 0.82889938 -0.30335405
vn -0.54113197 0.78419459 -0.30366930
vn -0.49776486 0.78408092 -0.37073883
vn -0.42409194 0.82591701 -0.37149307
vn -0.42815471 0.83813852 -0.33794582
vn -0.49776486 0.78408092 -0.37073883
vn -0.42815471 0.83813852 -0.33794582
vn -0.52137083 0.77763492 -0.35136363
vn -0.52137083 0.77763492 -0.35136363
vn -0.42815471 0.83813852 -0.33794582
vn -0.47000229 0.82889938 -0.30335405
vn -0.42409194 0.82591701 -0.37149307
vn -0.35781792 0.86133623 -0.36064693
vn -0.42815471 0.83813852 -0.33794582
vn -0.42815471 0.83813852 -0.33794582
vn -0.35781792 0.86133623 -0.36064693
vn -0.33339182 0.89408839 -0.29909164
vn -0.14220740 0.97356158 -0.17875941
vn -0.27191231 0.95892757 -0.08075669
vn -0.27971151 0.93788707 -0.20525415
vn -0.27971151 0.93788707 -0.20525415
vn -0.27191231 0.95892757 -0.08075669
vn -0.39828750 0.90418416 -0.15433109
vn -0.39828750 0.90418416 -0.15433109
vn -0.27191231 0.95892757 -0.08075669
vn -0.46141872 0.88556510 -0.05354623
vn -0.27971151 0.93788707 -0.20525415
vn -0.33339182 0.89408839 -0.29909164
vn -0.16649568 0.94115704 -0.29411319
vn -0.39828750 0.90418416 -0.15433109
vn -0.43940842 0.86768311 -0.23247853
vn -0.27971151 0.93788707 -0.20525415
vn -0.27971151 0.93788707 -0.20525415
vn -0.43940842 0.86768311 -0.23247853
vn -0.33339182 0.89408839 -0.29909164
vn -0.14220740 0.97356158 -0.17875941
vn 0.04266433 0.97161126 -0.23270442
vn 0.00598815 0.99566549 -0.09281384
vn -0.27971151 0.93788707 -0.20525415
vn -0.16649568 0.94115704 -0.29411319
vn -0.14220740 0.97356158 -0.17875941
vn -0.14220740 0.97356158 -0.17875941
vn -0.16649568 0.94115704 -0.29411319
vn 0.00344566 0.95373654 -0.30062383
vn -0.14220740 0.97356158 -0.17875941
vn 0.00344566 0.95373654 -0.30062383
vn 0.04266433 0.97161126 -0.23270442
vn -0.16649568 0.94115704 -0.29411319
vn -0.07003964 0.93955874 -0.33514747
vn 0.00344566 0.95373654 -0.30062383
vn -0.27191231 0.95892757 -0.08075669
vn -0.14220740 0.97356158 -0.17875941
vn -0.04994953 0.99428040 -0.09440089
vn -0.27191231 0.95892757 -0.08075669
vn -0.04994953 0.99428040 -0.09440089
vn -0.13888901 0.95682919 -0.25531882
vn -0.14220740 0.97356158 -0.17875941
vn 0.00598815 0.99566549 -0.09281384
vn -0.04994953 0.99428040 -0.09440089
vn -0.29244059 0.88523328 -0.36171883
vn -0.24113113 0.89548397 -0.37411794
vn -0.29963544 0.87823153 -0.37273040
vn -0.24113113 0.89548397 -0.37411794
vn -0.18423840 0.91064584 -0.36983824
vn -0.27652046 0.89682454 -0.34531459
vn -0.24113113 0.89548397 -0.37411794
vn -0.27652046 0.89682454 -0.34531459
vn -0.29963544 0.87823153 -0.37273040
vn -0.29963544 0.87823153 -0.37273040
vn -0.27652046 0.89682454 -0.34531459
vn -0.35781792 0.86133623 -0.36064693
vn -0.18423840 0.91064584 -0.36983824
vn -0.18843049 0.91916782 -0.34586766
vn -0.27652046 0.89682454 -0.34531459
vn -0.18843049 0.91916782 -0.34586766
vn -0.16649568 0.94115704 -0.29411319
vn -0.33339182 0.89408839 -0.29909164
vn -0.18843049 0.91916782 -0.34586766
vn -0.33339182 0.89408839 -0.29909164
vn -0.27652046 0.89682454 -0.34531459
vn -0.27652046 0.89682454 -0.34531459
vn -0.33339182 0.89408839 -0.29909164
vn -0.35781792 0.86133623 -0.36064693
vn -0.18423840 0.91064584 -0.36983824
vn -0.24113113 0.89548397 -0.37411794
vn -0.19727248 0.90975416 -0.36528194
vn -0.24113113 0.89548397 -0.37411794
vn -0.29244059 0.88523328 -0.36171883
vn -0.19727248 0.90975416 -0.36528194
vn -0.19727248 0.90975416 -0.36528194
vn -0.29244059 0.88523328 -0.36171883
vn -0.24883765 0.90230685 -0.35202578
vn -0.29963544 0.87823153 -0.37273040
vn -0.35781792 0.86133623 -0.36064693
vn -0.35008880 0.85801697 -0.37582541
vn -0.29963544 0.87823153 -0.37273040
vn -0.35008880 0.85801697 -0.37582541
vn -0.29244059 0.88523328 -0.36171883
vn -0.29244059 0.88523328 -0.36171883
vn -0.35008880 0.85801697 -0.37582541
vn -0.38390052 0.85227108 -0.35532287
vn -0.18423840 0.91064584 -0.36983824
vn -0.19727248 0.90975416 -0.36528194
vn -0.11754787 0.92670333 -0.35693622
vn -0.18423840 0.91064584 -0.36983824
vn -0.11754787 0.92670333 -0.35693622
vn -0.10746740 0.92012668 -0.37658691
vn -0.10746740 0.92012668 -0.37658691
vn -0.11754787 0.92670333 -0.35693622
vn -0.05007399 0.93246609 -0.35777029
vn -0.10746740 0.92012668 -0.37658691
vn -0.05007399 0.93246609 -0.35777029
vn -0.03035689 0.92587543 -0.37660748
vn -0.03035689 0.92587543 -0.37660748
vn -0.05007399 0.93246609 -0.35777029
vn 0.01949593 0.93458831 -0.35519651
vn -0.18423840 0.91064584 -0.36983824
vn -0.10746740 0.92012668 -0.37658691
vn -0.09450900 0.92733234 -0.36210880
vn -0.18423840 0.91064584 -0.36983824
vn -0.09450900 0.92733234 -0.36210880
vn -0.18843049 0.91916782 -0.34586766
vn -0.09450900 0.92733234 -0.36210880
vn -0.07003964 0.93955874 -0.33514747
vn -0.18843049 0.91916782 -0.34586766
vn -0.18843049 0.91916782 -0.34586766
vn -0.07003964 0.93955874 -0.33514747
vn -0.16649568 0.94115704 -0.29411319
vn -0.10746740 0.92012668 -0.37658691
vn -0.03035689 0.92587543 -0.37660748
vn -0.02595378 0.92904192 -0.36906305
vn -0.10746740 0.92012668 -0.37658691
vn -0.02595378 0.92904192 -0.36906305
vn -0.09450900 0.92733234 -0.36210880
vn -0.02595378 0.92904192 -0.36906305
vn 0.04229579 0.93785763 -0.34443304
vn -0.09450900 0.92733234 -0.36210880
vn -0.09450900 0.92733234 -0.36210880
vn 0.04229579 0.93785763 -0.34443304
vn -0.07003964 0.93955874 -0.33514747
vn -0.07003964 0.93955874 -0.33514747
vn 0.04229579 0.93785763 -0.34443304
vn 0.00344566 0.95373654 -0.30062383
vn 0.24248874 0.95867378 -0.14880787
vn 0.22954932 0.97195083 -0.05117337
vn 0.12780853 0.98313946 -0.13077396
vn 0.22954932 0.97195083 -0.05117337
vn 0.09485755 0.90805680 -0.40796438
vn 0.12780853 0.98313946 -0.13077396
vn 0.12780853 0.98313946 -0.13077396
vn 0.09485755 0.90805680 -0.40796438
vn -0.04994953 0.99428040 -0.09440089
vn 0.12780853 0.98313946 -0.13077396
vn -0.04994953 0.99428040 -0.09440089
vn 0.00598815 0.99566549 -0.09281384
vn 0.24248874 0.95867378 -0.14880787
vn 0.12780853 0.98313946 -0.13077396
vn 0.04266433 0.97161126 -0.23270442
vn 0.24248874 0.95867378 -0.14880787
vn 0.04266433 0.97161126 -0.23270442
vn 0.16936117 0.94967014 -0.26352131
vn 0.16936117 0.94967014 -0.26352131
vn 0.11559547 0.94072676 -0.31885862
vn 0.23078838 0.91462255 -0.33196738
vn 0.04266433 0.97161126 -0.23270442
vn 0.00344566 0.95373654 -0.30062383
vn 0.16936117 0.94967014 -0.26352131
vn 0.16936117 0.94967014 -0.26352131
vn 0.00344566 0.95373654 -0.30062383
vn 0.11559547 0.94072676 -0.31885862
vn 0.12780853 0.98313946 -0.13077396
vn 0.00598815 0.99566549 -0.09281384
vn 0.04266433 0.97161126 -0.23270442
vn 0.24248874 0.95867378 -0.14880787
vn 0.28775576 0.93014312 -0.22810175
vn 0.38860953 0.89764160 -0.20789948
vn 0.24248874 0.95867378 -0.14880787
vn 0.16936117 0.94967014 -0.26352131
vn 0.28775576 0.93014312 -0.22810175
vn 0.28775576 0.93014312 -0.22810175
vn 0.16936117 0.94967014 -0.26352131
vn 0.34509695 0.89714694 -0.27574539
vn 0.28775576 0.93014312 -0.22810175
vn 0.34509695 0.89714694 -0.27574539
vn 0.38860953 0.89764160 -0.20789948
vn 0.16936117 0.94967014 -0.26352131
vn 0.23078838 0.91462255 -0.33196738
vn 0.32301113 0.88986373 -0.32218996
vn 0.16936117 0.94967014 -0.26352131
vn 0.32301113 0.88986373 -0.32218996
vn 0.34509695 0.89714694 -0.27574539
vn 0.24248874 0.95867378 -0.14880787
vn 0.38860953 0.89764160 -0.20789948
vn 0.36272308 0.92881769 -0.07569457
vn 0.24248874 0.95867378 -0.14880787
vn 0.36272308 0.92881769 -0.07569457
vn 0.22954932 0.97195083 -0.05117337
vn 0.13866884 0.91644299 -0.37537071
vn 0.19064482 0.90741813 -0.37449551
vn 0.10012018 0.92578214 -0.36455911
vn 0.13866884 0.91644299 -0.37537071
vn 0.10012018 0.92578214 -0.36455911
vn 0.08501101 0.92353642 -0.37397003
vn 0.08501101 0.92353642 -0.37397003
vn 0.10012018 0.92578214 -0.36455911
vn 0.04110053 0.93139547 -0.36168110
vn 0.08501101 0.92353642 -0.37397003
vn 0.04110053 0.93139547 -0.36168110
vn 0.03800728 0.92594439 -0.37574258
vn 0.03800728 0.92594439 -0.37574258
vn 0.04110053 0.93139547 -0.36168110
vn -0.02595378 0.92904192 -0.36906305
vn 0.03800728 0.92594439 -0.37574258
vn -0.02595378 0.92904192 -0.36906305
vn -0.03035689 0.92587543 -0.37660748
vn 0.19064482 0.90741813 -0.37449551
vn 0.15264896 0.92307377 -0.35303417
vn 0.10012018 0.92578214 -0.36455911
vn 0.04110053 0.93139547 -0.36168110
vn 0.04229579 0.93785763 -0.34443304
vn -0.02595378 0.92904192 -0.36906305
vn 0.15264896 0.92307377 -0.35303417
vn 0.04229579 0.93785763 -0.34443304
vn 0.10012018 0.92578214 -0.36455911
vn 0.10012018 0.92578214 -0.36455911
vn 0.04229579 0.93785763 -0.34443304
vn 0.04110053 0.93139547 -0.36168110
vn 0.15264896 0.92307377 -0.35303417
vn 0.23078838 0.91462255 -0.33196738
vn 0.11559547 0.94072676 -0.31885862
vn 0.15264896 0.92307377 -0.35303417
vn 0.11559547 0.94072676 -0.31885862
vn 0.04229579 0.93785763 -0.34443304
vn 0.04229579 0.93785763 -0.34443304
vn 0.11559547 0.94072676 -0.31885862
vn 0.00344566 0.95373654 -0.30062383
vn 0.19064482 0.90741813 -0.37449551
vn 0.13866884 0.91644299 -0.37537071
vn 0.21232168 0.90812105 -0.36088172
vn 0.21232168 0.90812105 -0.36088172
vn 0.13866884 0.91644299 -0.37537071
vn 0.15441868 0.92422372 -0.34923539
vn 0.13866884 0.91644299 -0.37537071
vn 0.08501101 0.92353642 -0.37397003
vn 0.08156691 0.93120837 -0.35524327
vn 0.13866884 0.91644299 -0.37537071
vn 0.08156691 0.93120837 -0.35524327
vn 0.15441868 0.92422372 -0.34923539
vn 0.08501101 0.92353642 -0.37397003
vn 0.03800728 0.92594439 -0.37574258
vn 0.08156691 0.93120837 -0.35524327
vn 0.03800728 0.92594439 -0.37574258
vn -0.03035689 0.92587543 -0.37660748
vn 0.01949593 0.93458831 -0.35519651
vn 0.03800728 0.92594439 -0.37574258
vn 0.01949593 0.93458831 -0.35519651
vn 0.08156691 0.93120837 -0.35524327
vn 0.19064482 0.90741813 -0.37449551
vn 0.21232168 0.90812105 -0.36088172
vn 0.28337914 0.89021331 -0.35667428
vn 0.19064482 0.90741813 -0.37449551
vn 0.28337914 0.89021331 -0.35667428
vn 0.25486651 0.89441669 -0.36750767
vn 0.25486651 0.89441669 -0.36750767
vn 0.28337914 0.89021331 -0.35667428
vn 0.32592133 0.86787242 -0.37493026
vn 0.32592133 0.86787242 -0.37493026
vn 0.28337914 0.89021331 -0.35667428
vn 0.37178394 0.84949636 -0.37434298
vn 0.28337914 0.89021331 -0.35667428
vn 0.33842766 0.87231463 -0.35289356
vn 0.37178394 0.84949636 -0.37434298
vn 0.19064482 0.90741813 -0.37449551
vn 0.25486651 0.89441669 -0.36750767
vn 0.15264896 0.92307377 -0.35303417
vn 0.15264896 0.92307377 -0.35303417
vn 0.25486651 0.89441669 -0.36750767
vn 0.23078838 0.91462255 -0.33196738
vn 0.25486651 0.89441669 -0.36750767
vn 0.32592133 0.86787242 -0.37493026
vn 0.33754721 0.87313849 -0.35169744
vn 0.25486651 0.89441669 -0.36750767
vn 0.33754721 0.87313849 -0.35169744
vn 0.23078838 0.91462255 -0.33196738
vn 0.23078838 0.91462255 -0.33196738
vn 0.33754721 0.87313849 -0.35169744
vn 0.32301113 0.88986373 -0.32218996
vn 0.50121063 0.85786140 -0.11340933
vn 0.36272308 0.92881769 -0.07569457
vn 0.38860953 0.89764160 -0.20789948
vn 0.50121063 0.85786140 -0.11340933
vn 0.49173537 0.83920962 -0.23221445
vn 0.36272308 0.92881769 -0.07569457
vn 0.50709134 0.83557278 -0.21136828
vn 0.38860953 0.89764160 -0.20789948
vn 0.48200384 0.82880491 -0.28417373
vn 0.50121063 0.85786140 -0.11340933
vn 0.38860953 0.89764160 -0.20789948
vn 0.50709134 0.83557278 -0.21136828
vn 0.38860953 0.89764160 -0.20789948
vn 0.34509695 0.89714694 -0.27574539
vn 0.48200384 0.82880491 -0.28417373
vn 0.34509695 0.89714694 -0.27574539
vn 0.32301113 0.88986373 -0.32218996
vn 0.48200384 0.82880491 -0.28417373
vn 0.50709134 0.83557278 -0.21136828
vn 0.48200384 0.82880491 -0.28417373
vn 0.59992433 0.74153447 -0.30036217
vn 0.50709134 0.83557278 -0.21136828
vn 0.59992433 0.74153447 -0.30036217
vn 0.60390043 0.77123773 -0.20123771
vn 0.60390043 0.77123773 -0.20123771
vn 0.59992433 0.74153447 -0.30036217
vn 0.68454105 0.66409230 -0.30064088
vn 0.60390043 0.77123773 -0.20123771
vn 0.68454105 0.66409230 -0.30064088
vn 0.70134044 0.69080389 -0.17581692
vn 0.48200384 0.82880491 -0.28417373
vn 0.52179068 0.78922546 -0.32381737
vn 0.59992433 0.74153447 -0.30036217
vn 0.50709134 0.83557278 -0.21136828
vn 0.60390043 0.77123773 -0.20123771
vn 0.66871530 0.73943543 -0.07781430
vn 0.50709134 0.83557278 -0.21136828
vn 0.66871530 0.73943543 -0.07781430
vn 0.50121063 0.85786140 -0.11340933
vn 0.50121063 0.85786140 -0.11340933
vn 0.66871530 0.73943543 -0.07781430
vn 0.49173537 0.83920962 -0.23221445
vn 0.60390043 0.77123773 -0.20123771
vn 0.70134044 0.69080389 -0.17581692
vn 0.66871530 0.73943543 -0.07781430
vn 0.47070822 0.80158097 -0.36864853
vn 0.40795869 0.83859050 -0.36102030
vn 0.43513918 0.81842208 -0.37528545
vn 0.43513918 0.81842208 -0.37528545
vn 0.40795869 0.83859050 -0.36102030
vn 0.37178394 0.84949636 -0.37434298
vn 0.37178394 0.84949636 -0.37434298
vn 0.40795869 0.83859050 -0.36102030
vn 0.32592133 0.86787242 -0.37493026
vn 0.52474409 0.76506191 -0.37326127
vn 0.50267321 0.78829122 -0.35484737
vn 0.47070822 0.80158097 -0.36864853
vn 0.40795869 0.83859050 -0.36102030
vn 0.33754721 0.87313849 -0.35169744
vn 0.32592133 0.86787242 -0.37493026
vn 0.50267321 0.78829122 -0.35484737
vn 0.41847190 0.84135872 -0.34204796
vn 0.47070822 0.80158097 -0.36864853
vn 0.47070822 0.80158097 -0.36864853
vn 0.41847190 0.84135872 -0.34204796
vn 0.40795869 0.83859050 -0.36102030
vn 0.40795869 0.83859050 -0.36102030
vn 0.41847190 0.84135872 -0.34204796
vn 0.33754721 0.87313849 -0.35169744
vn 0.50267321 0.78829122 -0.35484737
vn 0.52179068 0.78922546 -0.32381737
vn 0.41847190 0.84135872 -0.34204796
vn 0.41847190 0.84135872 -0.34204796
vn 0.52179068 0.78922546 -0.32381737
vn 0.48200384 0.82880491 -0.28417373
vn 0.41847190 0.84135872 -0.34204796
vn 0.48200384 0.82880491 -0.28417373
vn 0.32301113 0.88986373 -0.32218996
vn 0.41847190 0.84135872 -0.34204796
vn 0.32301113 0.88986373 -0.32218996
vn 0.33754721 0.87313849 -0.35169744
vn 0.52474409 0.76506191 -0.37326127
vn 0.47070822 0.80158097 -0.36864853
vn 0.53269231 0.76575607 -0.36035615
vn 0.53269231 0.76575607 -0.36035615
vn 0.47070822 0.80158097 -0.36864853
vn 0.47339827 0.79891008 -0.37099424
vn 0.47070822 0.80158097 -0.36864853
vn 0.43513918 0.81842208 -0.37528545
vn 0.47339827 0.79891008 -0.37099424
vn 0.47339827 0.79891008 -0.37099424
vn 0.43513918 0.81842208 -0.37528545
vn 0.41589388 0.83424634 -0.36202943
vn 0.43513918 0.81842208 -0.37528545
vn 0.37178394 0.84949636 -0.37434298
vn 0.41589388 0.83424634 -0.36202943
vn 0.37178394 0.84949636 -0.37434298
vn 0.33842766 0.87231463 -0.35289356
vn 0.41589388 0.83424634 -0.36202943
vn 0.52474409 0.76506191 -0.37326127
vn 0.53269231 0.76575607 -0.36035615
vn 0.55728215 0.74025160 -0.37611729
vn 0.55728215 0.74025160 -0.37611729
vn 0.60767859 0.71025127 -0.35534471
vn 0.58950967 0.71766168 -0.37072906
vn 0.58950967 0.71766168 -0.37072906
vn 0.60767859 0.71025127 -0.35534471
vn 0.64718193 0.66650677 -0.37003276
vn 0.58950967 0.71766168 -0.37072906
vn 0.64718193 0.66650677 -0.37003276
vn 0.64244986 0.67083508 -0.37045714
vn 0.55728215 0.74025160 -0.37611729
vn 0.53269231 0.76575607 -0.36035615
vn 0.60767859 0.71025127 -0.35534471
vn 0.52474409 0.76506191 -0.37326127
vn 0.58182102 0.73510599 -0.34799922
vn 0.50267321 0.78829122 -0.35484737
vn 0.50267321 0.78829122 -0.35484737
vn 0.58182102 0.73510599 -0.34799922
vn 0.52179068 0.78922546 -0.32381737
vn 0.55728215 0.74025160 -0.37611729
vn 0.58950967 0.71766168 -0.37072906
vn 0.52474409 0.76506191 -0.37326127
vn 0.52474409 0.76506191 -0.37326127
vn 0.58950967 0.71766168 -0.37072906
vn 0.58182102 0.73510599 -0.34799922
vn 0.58182102 0.73510599 -0.34799922
vn 0.59992433 0.74153447 -0.30036217
vn 0.52179068 0.78922546 -0.32381737
vn 0.58950967 0.71766168 -0.37072906
vn 0.64244986 0.67083508 -0.37045714
vn 0.65117317 0.67589724 -0.34516138
vn 0.58950967 0.71766168 -0.37072906
vn 0.65117317 0.67589724 -0.34516138
vn 0.58182102 0.73510599 -0.34799922
vn 0.58182102 0.73510599 -0.34799922
vn 0.65117317 0.67589724 -0.34516138
vn 0.59992433 0.74153447 -0.30036217
vn 0.65117317 0.67589724 -0.34516138
vn 0.68454105 0.66409230 -0.30064088
vn 0.59992433 0.74153447 -0.30036217
vn 0.82861012 0.53695995 -0.15836444
vn 0.80726999 0.58705521 -0.06067411
vn 0.76097733 0.62904948 -0.15877752
vn 0.76097733 0.62904948 -0.15877752
vn 0.80726999 0.58705521 -0.06067411
vn 0.66871530 0.73943543 -0.07781430
vn 0.76097733 0.62904948 -0.15877752
vn 0.66871530 0.73943543 -0.07781430
vn 0.70134044 0.69080389 -0.17581692
vn 0.82861012 0.53695995 -0.15836444
vn 0.76097733 0.62904948 -0.15877752
vn 0.76779729 0.58565623 -0.25979620
vn 0.82861012 0.53695995 -0.15836444
vn 0.76779729 0.58565623 -0.25979620
vn 0.83707422 0.48172054 -0.25933015
vn 0.76779729 0.58565623 -0.25979620
vn 0.75118047 0.57748204 -0.31975365
vn 0.81656891 0.47561646 -0.32711488
vn 0.76097733 0.62904948 -0.15877752
vn 0.70134044 0.69080389 -0.17581692
vn 0.76779729 0.58565623 -0.25979620
vn 0.76779729 0.58565623 -0.25979620
vn 0.70134044 0.69080389 -0.17581692
vn 0.68454105 0.66409230 -0.30064088
vn 0.76779729 0.58565623 -0.25979620
vn 0.68454105 0.66409230 -0.30064088
vn 0.75118047 0.57748204 -0.31975365
vn 0.82861012 0.53695995 -0.15836444
vn 0.83707422 0.48172054 -0.25933015
vn 0.87411320 0.43903577 -0.20778279
vn 0.83707422 0.48172054 -0.25933015
vn 0.88964349 0.35877490 -0.28251559
vn 0.87411320 0.43903577 -0.20778279
vn 0.76779729 0.58565623 -0.25979620
vn 0.81656891 0.47561646 -0.32711488
vn 0.83707422 0.48172054 -0.25933015
vn 0.83707422 0.48172054 -0.25933015
vn 0.81656891 0.47561646 -0.32711488
vn 0.88964349 0.35877490 -0.28251559
vn 0.82861012 0.53695995 -0.15836444
vn 0.87411320 0.43903577 -0.20778279
vn 0.89348251 0.44173110 -0.08101015
vn 0.82861012 0.53695995 -0.15836444
vn 0.89348251 0.44173110 -0.08101015
vn 0.80726999 0.58705521 -0.06067411
vn 0.87411320 0.43903577 -0.20778279
vn 0.92022163 0.33563036 -0.20135643
vn 0.89348251 0.44173110 -0.08101015
vn 0.70067734 0.60677636 -0.37533149
vn 0.74544841 0.55393738 -0.37075603
vn 0.69246411 0.61973196 -0.36935851
vn 0.78656256 0.49573404 -0.36819443
vn 0.76759422 0.53726763 -0.34948903
vn 0.74544841 0.55393738 -0.37075603
vn 0.74544841 0.55393738 -0.37075603
vn 0.76759422 0.53726763 -0.34948903
vn 0.71291918 0.60677600 -0.35152406
vn 0.74544841 0.55393738 -0.37075603
vn 0.71291918 0.60677600 -0.35152406
vn 0.69246411 0.61973196 -0.36935851
vn 0.69246411 0.61973196 -0.36935851
vn 0.71291918 0.60677600 -0.35152406
vn 0.65117317 0.67589724 -0.34516138
vn 0.69246411 0.61973196 -0.36935851
vn 0.65117317 0.67589724 -0.34516138
vn 0.64244986 0.67083508 -0.37045714
vn 0.76759422 0.53726763 -0.34948903
vn 0.81656891 0.47561646 -0.32711488
vn 0.75118047 0.57748204 -0.31975365
vn 0.76759422 0.53726763 -0.34948903
vn 0.75118047 0.57748204 -0.31975365
vn 0.71291918 0.60677600 -0.35152406
vn 0.71291918 0.60677600 -0.35152406
vn 0.75118047 0.57748204 -0.31975365
vn 0.68454105 0.66409230 -0.30064088
vn 0.71291918 0.60677600 -0.35152406
vn 0.68454105 0.66409230 -0.30064088
vn 0.65117317 0.67589724 -0.34516138
vn 0.74544841 0.55393738 -0.37075603
vn 0.70067734 0.60677636 -0.37533149
vn 0.76023781 0.53255230 -0.37205708
vn 0.76023781 0.53255230 -0.37205708
vn 0.70067734 0.60677636 -0.37533149
vn 0.73163068 0.59154600 -0.33880648
vn 0.70067734 0.60677636 -0.37533149
vn 0.69231653 0.63704401 -0.33892888
vn 0.73163068 0.59154600 -0.33880648
vn 0.69246411 0.61973196 -0.36935851
vn 0.64244986 0.67083508 -0.37045714
vn 0.70067734 0.60677636 -0.37533149
vn 0.70067734 0.60677636 -0.37533149
vn 0.64244986 0.67083508 -0.37045714
vn 0.64718193 0.66650677 -0.37003276
vn 0.70067734 0.60677636 -0.37533149
vn 0.64718193 0.66650677 -0.37003276
vn 0.69231653 0.63704401 -0.33892888
vn 0.74544841 0.55393738 -0.37075603
vn 0.76023781 0.53255230 -0.37205708
vn 0.81278014 0.46828493 -0.34655103
vn 0.74544841 0.55393738 -0.37075603
vn 0.81278014 0.46828493 -0.34655103
vn 0.78656256 0.49573404 -0.36819443
vn 0.78656256 0.49573404 -0.36819443
vn 0.81278014 0.46828493 -0.34655103
vn 0.82704383 0.41755864 -0.37635529
vn 0.82704383 0.41755864 -0.37635529
vn 0.87266189 0.33009169 -0.35986206
vn 0.85049820 0.37128741 -0.37255672
vn 0.81278014 0.46828493 -0.34655103
vn 0.83746022 0.40230229 -0.36988276
vn 0.82704383 0.41755864 -0.37635529
vn 0.82704383 0.41755864 -0.37635529
vn 0.83746022 0.40230229 -0.36988276
vn 0.87266189 0.33009169 -0.35986206
vn 0.78656256 0.49573404 -0.36819443
vn 0.81564832 0.44820762 -0.36582470
vn 0.76759422 0.53726763 -0.34948903
vn 0.76759422 0.53726763 -0.34948903
vn 0.81564832 0.44820762 -0.36582470
vn 0.81656891 0.47561646 -0.32711488
vn 0.78656256 0.49573404 -0.36819443
vn 0.82704383 0.41755864 -0.37635529
vn 0.81564832 0.44820762 -0.36582470
vn 0.82704383 0.41755864 -0.37635529
vn 0.85049820 0.37128741 -0.37255672
vn 0.81564832 0.44820762 -0.36582470
vn 0.81564832 0.44820762 -0.36582470
vn 0.85049820 0.37128741 -0.37255672
vn 0.86421812 0.35988116 -0.35158589
vn 0.81564832 0.44820762 -0.36582470
vn 0.86421812 0.35988116 -0.35158589
vn 0.81656891 0.47561646 -0.32711488
vn 0.81656891 0.47561646 -0.32711488
vn 0.86421812 0.35988116 -0.35158589
vn 0.88964349 0.35877490 -0.28251559
vn 0.92022163 0.33563036 -0.20135643
vn 0.95458633 0.24978632 -0.16239373
vn 0.89348251 0.44173110 -0.08101015
vn 0.98152274 0.17343655 -0.08082600
vn 0.93695992 0.34379479 -0.06254023
vn 0.95458633 0.24978632 -0.16239373
vn 0.95458633 0.24978632 -0.16239373
vn 0.93695992 0.34379479 -0.06254023
vn 0.89348251 0.44173110 -0.08101015
vn 0.95458633 0.24978632 -0.16239373
vn 0.92022163 0.33563036 -0.20135643
vn 0.88964349 0.35877490 -0.28251559
vn 0.95458633 0.24978632 -0.16239373
vn 0.88964349 0.35877490 -0.28251559
vn 0.93708748 0.21501164 -0.27502191
vn 0.93708748 0.21501164 -0.27502191
vn 0.88964349 0.35877490 -0.28251559
vn 0.90462881 0.27144301 -0.32858083
vn 0.92022163 0.33563036 -0.20135643
vn 0.87411320 0.43903577 -0.20778279
vn 0.88964349 0.35877490 -0.28251559
vn 0.95458633 0.24978632 -0.16239373
vn 0.93708748 0.21501164 -0.27502191
vn 0.97408354 0.10532022 -0.20017213
vn 0.97408354 0.10532022 -0.20017213
vn 0.93708748 0.21501164 -0.27502191
vn 0.95165873 0.06993110 -0.29909077
vn 0.97408354 0.10532022 -0.20017213
vn 0.95165873 0.06993110 -0.29909077
vn 0.97913551 -0.00636351 -0.20310868
vn 0.97913551 -0.00636351 -0.20310868
vn 0.95165873 0.06993110 -0.29909077
vn 0.95318598 -0.03429945 -0.30043307
vn 0.95458633 0.24978632 -0.16239373
vn 0.97408354 0.10532022 -0.20017213
vn 0.98152274 0.17343655 -0.08082600
vn 0.97408354 0.10532022 -0.20017213
vn 0.97913551 -0.00636351 -0.20310868
vn 0.99532574 0.03594503 -0.08963618
vn 0.97408354 0.10532022 -0.20017213
vn 0.99532574 0.03594503 -0.08963618
vn 0.98152274 0.17343655 -0.08082600
vn 0.90375787 0.20733027 -0.37448087
vn 0.92094743 0.16397765 -0.35350692
vn 0.89488584 0.25216001 -0.36823177
vn 0.90375787 0.20733027 -0.37448087
vn 0.89488584 0.25216001 -0.36823177
vn 0.88040054 0.29411638 -0.37200871
vn 0.89488584 0.25216001 -0.36823177
vn 0.90462881 0.27144301 -0.32858083
vn 0.86421812 0.35988116 -0.35158589
vn 0.89488584 0.25216001 -0.36823177
vn 0.86421812 0.35988116 -0.35158589
vn 0.88040054 0.29411638 -0.37200871
vn 0.88040054 0.29411638 -0.37200871
vn 0.86421812 0.35988116 -0.35158589
vn 0.85049820 0.37128741 -0.37255672
vn 0.92094743 0.16397765 -0.35350692
vn 0.90462881 0.27144301 -0.32858083
vn 0.89488584 0.25216001 -0.36823177
vn 0.92094743 0.16397765 -0.35350692
vn 0.93708748 0.21501164 -0.27502191
vn 0.90462881 0.27144301 -0.32858083
vn 0.90462881 0.27144301 -0.32858083
vn 0.88964349 0.35877490 -0.28251559
vn 0.86421812 0.35988116 -0.35158589
vn 0.90375787 0.20733027 -0.37448087
vn 0.90121895 0.24501477 -0.35745230
vn 0.91796070 0.15761505 -0.36401328
vn 0.90375787 0.20733027 -0.37448087
vn 0.88040054 0.29411638 -0.37200871
vn 0.90121895 0.24501477 -0.35745230
vn 0.88040054 0.29411638 -0.37200871
vn 0.87266189 0.33009169 -0.35986206
vn 0.90121895 0.24501477 -0.35745230
vn 0.88040054 0.29411638 -0.37200871
vn 0.85049820 0.37128741 -0.37255672
vn 0.87266189 0.33009169 -0.35986206
vn 0.90375787 0.20733027 -0.37448087
vn 0.91796070 0.15761505 -0.36401328
vn 0.92036766 0.12620015 -0.37013087
vn 0.92036766 0.12620015 -0.37013087
vn 0.91796070 0.15761505 -0.36401328
vn 0.92640787 0.06321447 -0.37117696
vn 0.92036766 0.12620015 -0.37013087
vn 0.92640787 0.06321447 -0.37117696
vn 0.92646450 0.05451368 -0.37241349
vn 0.92646450 0.05451368 -0.37241349
vn 0.92640787 0.06321447 -0.37117696
vn 0.92606032 -0.04246893 -0.37497821
vn 0.92646450 0.05451368 -0.37241349
vn 0.92606032 -0.04246893 -0.37497821
vn 0.92779523 -0.01582567 -0.37275398
vn 0.91796070 0.15761505 -0.36401328
vn 0.94137210 0.08091397 -0.32752326
vn 0.92640787 0.06321447 -0.37117696
vn 0.92640787 0.06321447 -0.37117696
vn 0.94137210 0.08091397 -0.32752326
vn 0.94691736 -0.03861075 -0.31915006
vn 0.92640787 0.06321447 -0.37117696
vn 0.94691736 -0.03861075 -0.31915006
vn 0.92606032 -0.04246893 -0.37497821
vn 0.90375787 0.20733027 -0.37448087
vn 0.92036766 0.12620015 -0.37013087
vn 0.92094743 0.16397765 -0.35350692
vn 0.92036766 0.12620015 -0.37013087
vn 0.93453836 0.06614465 -0.34966123
vn 0.92094743 0.16397765 -0.35350692
vn 0.92094743 0.16397765 -0.35350692
vn 0.93453836 0.06614465 -0.34966123
vn 0.95165873 0.06993110 -0.29909077
vn 0.92094743 0.16397765 -0.35350692
vn 0.95165873 0.06993110 -0.29909077
vn 0.93708748 0.21501164 -0.27502191
vn 0.92036766 0.12620015 -0.37013087
vn 0.92646450 0.05451368 -0.37241349
vn 0.93453836 0.06614465 -0.34966123
vn 0.92646450 0.05451368 -0.37241349
vn 0.92779523 -0.01582567 -0.37275398
vn 0.93741238 -0.03858782 -0.34607664
vn 0.92646450 0.05451368 -0.37241349
vn 0.93741238 -0.03858782 -0.34607664
vn 0.93453836 0.06614465 -0.34966123
vn 0.93453836 0.06614465 -0.34966123
vn 0.93741238 -0.03858782 -0.34607664
vn 0.95318598 -0.03429945 -0.30043307
vn 0.93453836 0.06614465 -0.34966123
vn 0.95318598 -0.03429945 -0.30043307
vn 0.95165873 0.06993110 -0.29909077
vn 0.95333904 -0.22943750 -0.19622217
vn 0.95922416 -0.27518484 -0.06451573
vn 0.98191714 -0.10631418 -0.15663978
vn 0.98191714 -0.10631418 -0.15663978
vn 0.99532574 0.03594503 -0.08963618
vn 0.97913551 -0.00636351 -0.20310868
vn 0.95922416 -0.27518484 -0.06451573
vn 0.99664873 -0.06816065 -0.04522703
vn 0.98191714 -0.10631418 -0.15663978
vn 0.98191714 -0.10631418 -0.15663978
vn 0.99664873 -0.06816065 -0.04522703
vn 0.99532574 0.03594503 -0.08963618
vn 0.95922416 -0.27518484 -0.06451573
vn 0.95767546 -0.17815654 -0.22609285
vn 0.99664873 -0.06816065 -0.04522703
vn 0.95333904 -0.22943750 -0.19622217
vn 0.98191714 -0.10631418 -0.15663978
vn 0.95598018 -0.13025144 -0.26293820
vn 0.95598018 -0.13025144 -0.26293820
vn 0.95318598 -0.03429945 -0.30043307
vn 0.93898338 -0.11421824 -0.32444471
vn 0.95598018 -0.13025144 -0.26293820
vn 0.93898338 -0.11421824 -0.32444471
vn 0.91501528 -0.22493403 -0.33489057
vn 0.98191714 -0.10631418 -0.15663978
vn 0.97913551 -0.00636351 -0.20310868
vn 0.95598018 -0.13025144 -0.26293820
vn 0.95598018 -0.13025144 -0.26293820
vn 0.97913551 -0.00636351 -0.20310868
vn 0.95318598 -0.03429945 -0.30043307
vn 0.95333904 -0.22943750 -0.19622217
vn 0.91203636 -0.34679073 -0.21891977
vn 0.91606176 -0.38373619 -0.11652185
vn 0.95333904 -0.22943750 -0.19622217
vn 0.95598018 -0.13025144 -0.26293820
vn 0.91637218 -0.26605949 -0.29912260
vn 0.95333904 -0.22943750 -0.19622217
vn 0.91637218 -0.26605949 -0.29912260
vn 0.88539284 -0.36324045 -0.29006183
vn 0.95333904 -0.22943750 -0.19622217
vn 0.88539284 -0.36324045 -0.29006183
vn 0.91203636 -0.34679073 -0.21891977
vn 0.95598018 -0.13025144 -0.26293820
vn 0.91501528 -0.22493403 -0.33489057
vn 0.91637218 -0.26605949 -0.29912260
vn 0.91637218 -0.26605949 -0.29912260
vn 0.87070853 -0.36570349 -0.32882759
vn 0.88539284 -0.36324045 -0.29006183
vn 0.95333904 -0.22943750 -0.19622217
vn 0.91606176 -0.38373619 -0.11652185
vn 0.95922416 -0.27518484 -0.06451573
vn 0.91167903 -0.19206698 -0.36325148
vn 0.92760402 -0.11945447 -0.35395113
vn 0.91771460 -0.13131958 -0.37490684
vn 0.91771460 -0.13131958 -0.37490684
vn 0.92760402 -0.11945447 -0.35395113
vn 0.92652231 -0.09140034 -0.36496907
vn 0.92779523 -0.01582567 -0.37275398
vn 0.92652231 -0.09140034 -0.36496907
vn 0.93741238 -0.03858782 -0.34607664
vn 0.91167903 -0.19206698 -0.36325148
vn 0.91501528 -0.22493403 -0.33489057
vn 0.93898338 -0.11421824 -0.32444471
vn 0.91167903 -0.19206698 -0.36325148
vn 0.93898338 -0.11421824 -0.32444471
vn 0.92760402 -0.11945447 -0.35395113
vn 0.92760402 -0.11945447 -0.35395113
vn 0.93898338 -0.11421824 -0.32444471
vn 0.93741238 -0.03858782 -0.34607664
vn 0.92760402 -0.11945447 -0.35395113
vn 0.93741238 -0.03858782 -0.34607664
vn 0.92652231 -0.09140034 -0.36496907
vn 0.93741238 -0.03858782 -0.34607664
vn 0.93898338 -0.11421824 -0.32444471
vn 0.95318598 -0.03429945 -0.30043307
vn 0.91167903 -0.19206698 -0.36325148
vn 0.91771460 -0.13131958 -0.37490684
vn 0.91451812 -0.15493451 -0.37370026
vn 0.91451812 -0.15493451 -0.37370026
vn 0.92756015 -0.12179540 -0.35326761
vn 0.90720451 -0.23092784 -0.35164225
vn 0.91771460 -0.13131958 -0.37490684
vn 0.92652231 -0.09140034 -0.36496907
vn 0.92606032 -0.04246893 -0.37497821
vn 0.91771460 -0.13131958 -0.37490684
vn 0.92606032 -0.04246893 -0.37497821
vn 0.91451812 -0.15493451 -0.37370026
vn 0.91451812 -0.15493451 -0.37370026
vn 0.92606032 -0.04246893 -0.37497821
vn 0.92756015 -0.12179540 -0.35326761
vn 0.92652231 -0.09140034 -0.36496907
vn 0.92779523 -0.01582567 -0.37275398
vn 0.92606032 -0.04246893 -0.37497821
vn 0.92606032 -0.04246893 -0.37497821
vn 0.94691736 -0.03861075 -0.31915006
vn 0.92756015 -0.12179540 -0.35326761
vn 0.88931292 -0.26929769 -0.36959606
vn 0.88069761 -0.29028755 -0.37430578
vn 0.85979760 -0.34756428 -0.37409511
vn 0.88069761 -0.29028755 -0.37430578
vn 0.87055314 -0.33789304 -0.35772273
vn 0.85979760 -0.34756428 -0.37409511
vn 0.91167903 -0.19206698 -0.36325148
vn 0.91451812 -0.15493451 -0.37370026
vn 0.89875925 -0.22574408 -0.37586087
vn 0.89875925 -0.22574408 -0.37586087
vn 0.88069761 -0.29028755 -0.37430578
vn 0.88931292 -0.26929769 -0.36959606
vn 0.91451812 -0.15493451 -0.37370026
vn 0.90720451 -0.23092784 -0.35164225
vn 0.89875925 -0.22574408 -0.37586087
vn 0.89875925 -0.22574408 -0.37586087
vn 0.90720451 -0.23092784 -0.35164225
vn 0.88069761 -0.29028755 -0.37430578
vn 0.88069761 -0.29028755 -0.37430578
vn 0.90720451 -0.23092784 -0.35164225
vn 0.87055314 -0.33789304 -0.35772273
vn 0.91167903 -0.19206698 -0.36325148
vn 0.89875925 -0.22574408 -0.37586087
vn 0.88931292 -0.26929769 -0.36959606
vn 0.91167903 -0.19206698 -0.36325148
vn 0.88931292 -0.26929769 -0.36959606
vn 0.91501528 -0.22493403 -0.33489057
vn 0.88931292 -0.26929769 -0.36959606
vn 0.87648529 -0.32263640 -0.35732239
vn 0.91501528 -0.22493403 -0.33489057
vn 0.91501528 -0.22493403 -0.33489057
vn 0.87648529 -0.32263640 -0.35732239
vn 0.87070853 -0.36570349 -0.32882759
vn 0.91501528 -0.22493403 -0.33489057
vn 0.87070853 -0.36570349 -0.32882759
vn 0.91637218 -0.26605949 -0.29912260
vn 0.88931292 -0.26929769 -0.36959606
vn 0.85979760 -0.34756428 -0.37409511
vn 0.87648529 -0.32263640 -0.35732239
vn 0.84676820 -0.50468439 -0.16815852
vn 0.83344996 -0.54882073 -0.06447450
vn 0.90131861 -0.42861933 -0.06253178
vn 0.84676820 -0.50468439 -0.16815852
vn 0.90131861 -0.42861933 -0.06253178
vn 0.91606176 -0.38373619 -0.11652185
vn 0.91606176 -0.38373619 -0.11652185
vn 0.90131861 -0.42861933 -0.06253178
vn 0.95922416 -0.27518484 -0.06451573
vn 0.84676820 -0.50468439 -0.16815852
vn 0.91606176 -0.38373619 -0.11652185
vn 0.91203636 -0.34679073 -0.21891977
vn 0.84676820 -0.50468439 -0.16815852
vn 0.91203636 -0.34679073 -0.21891977
vn 0.82664734 -0.49502006 -0.26759917
vn 0.82664734 -0.49502006 -0.26759917
vn 0.91203636 -0.34679073 -0.21891977
vn 0.88539284 -0.36324045 -0.29006183
vn 0.82664734 -0.49502006 -0.26759917
vn 0.88539284 -0.36324045 -0.29006183
vn 0.87070853 -0.36570349 -0.32882759
vn 0.82664734 -0.49502006 -0.26759917
vn 0.87070853 -0.36570349 -0.32882759
vn 0.81237048 -0.48469445 -0.32423067
vn 0.84676820 -0.50468439 -0.16815852
vn 0.76492304 -0.60279882 -0.22699405
vn 0.76799542 -0.63386476 -0.09164336
vn 0.76799542 -0.63386476 -0.09164336
vn 0.76492304 -0.60279882 -0.22699405
vn 0.69473648 -0.69544262 -0.18357775
vn 0.84676820 -0.50468439 -0.16815852
vn 0.82664734 -0.49502006 -0.26759917
vn 0.76492304 -0.60279882 -0.22699405
vn 0.76492304 -0.60279882 -0.22699405
vn 0.68300796 -0.68083125 -0.26451647
vn 0.69473648 -0.69544262 -0.18357775
vn 0.82664734 -0.49502006 -0.26759917
vn 0.72406632 -0.62077409 -0.30061188
vn 0.76492304 -0.60279882 -0.22699405
vn 0.76492304 -0.60279882 -0.22699405
vn 0.72406632 -0.62077409 -0.30061188
vn 0.68300796 -0.68083125 -0.26451647
vn 0.82664734 -0.49502006 -0.26759917
vn 0.81237048 -0.48469445 -0.32423067
vn 0.72406632 -0.62077409 -0.30061188
vn 0.84676820 -0.50468439 -0.16815852
vn 0.76799542 -0.63386476 -0.09164336
vn 0.83344996 -0.54882073 -0.06447450
vn 0.69473648 -0.69544262 -0.18357775
vn 0.64178133 -0.76249176 -0.08199432
vn 0.76799542 -0.63386476 -0.09164336
vn 0.76799542 -0.63386476 -0.09164336
vn 0.64178133 -0.76249176 -0.08199432
vn 0.71344841 -0.70068187 -0.00602206
vn 0.79463667 -0.47758663 -0.37478468
vn 0.77788740 -0.50472915 -0.37435240
vn 0.83557457 -0.41130364 -0.36420393
vn 0.79463667 -0.47758663 -0.37478468
vn 0.83557457 -0.41130364 -0.36420393
vn 0.82861316 -0.41577908 -0.37487066
vn 0.82861316 -0.41577908 -0.37487066
vn 0.83557457 -0.41130364 -0.36420393
vn 0.85979760 -0.34756428 -0.37409511
vn 0.77788740 -0.50472915 -0.37435240
vn 0.79623407 -0.48932269 -0.35577324
vn 0.83557457 -0.41130364 -0.36420393
vn 0.83557457 -0.41130364 -0.36420393
vn 0.87648529 -0.32263640 -0.35732239
vn 0.85979760 -0.34756428 -0.37409511
vn 0.79623407 -0.48932269 -0.35577324
vn 0.81237048 -0.48469445 -0.32423067
vn 0.87070853 -0.36570349 -0.32882759
vn 0.79623407 -0.48932269 -0.35577324
vn 0.87070853 -0.36570349 -0.32882759
vn 0.83557457 -0.41130364 -0.36420393
vn 0.83557457 -0.41130364 -0.36420393
vn 0.87070853 -0.36570349 -0.32882759
vn 0.87648529 -0.32263640 -0.35732239
vn 0.77788740 -0.50472915 -0.37435240
vn 0.79463667 -0.47758663 -0.37478468
vn 0.75440735 -0.54037291 -0.37264827
vn 0.75440735 -0.54037291 -0.37264827
vn 0.79463667 -0.47758663 -0.37478468
vn 0.77949119 -0.51745170 -0.35303998
vn 0.79463667 -0.47758663 -0.37478468
vn 0.82861316 -0.41577908 -0.37487066
vn 0.83252126 -0.42750928 -0.35234103
vn 0.79463667 -0.47758663 -0.37478468
vn 0.83252126 -0.42750928 -0.35234103
vn 0.77949119 -0.51745170 -0.35303998
vn 0.82861316 -0.41577908 -0.37487066
vn 0.85979760 -0.34756428 -0.37409511
vn 0.87055314 -0.33789304 -0.35772273
vn 0.82861316 -0.41577908 -0.37487066
vn 0.87055314 -0.33789304 -0.35772273
vn 0.83252126 -0.42750928 -0.35234103
vn 0.68883687 -0.62478375 -0.36762622
vn 0.64952099 -0.66463190 -0.36930600
vn 0.63334090 -0.67793590 -0.37320530
vn 0.77788740 -0.50472915 -0.37435240
vn 0.75440735 -0.54037291 -0.37264827
vn 0.73357117 -0.56763482 -0.37371653
vn 0.73357117 -0.56763482 -0.37371653
vn 0.70760918 -0.60575026 -0.36380747
vn 0.68883687 -0.62478375 -0.36762622
vn 0.68883687 -0.62478375 -0.36762622
vn 0.70760918 -0.60575026 -0.36380747
vn 0.64952099 -0.66463190 -0.36930600
vn 0.73357117 -0.56763482 -0.37371653
vn 0.75440735 -0.54037291 -0.37264827
vn 0.70760918 -0.60575026 -0.36380747
vn 0.77788740 -0.50472915 -0.37435240
vn 0.73357117 -0.56763482 -0.37371653
vn 0.73238385 -0.58706480 -0.34491849
vn 0.77788740 -0.50472915 -0.37435240
vn 0.73238385 -0.58706480 -0.34491849
vn 0.79623407 -0.48932269 -0.35577324
vn 0.79623407 -0.48932269 -0.35577324
vn 0.73238385 -0.58706480 -0.34491849
vn 0.72406632 -0.62077409 -0.30061188
vn 0.79623407 -0.48932269 -0.35577324
vn 0.72406632 -0.62077409 -0.30061188
vn 0.81237048 -0.48469445 -0.32423067
vn 0.73357117 -0.56763482 -0.37371653
vn 0.68883687 -0.62478375 -0.36762622
vn 0.73238385 -0.58706480 -0.34491849
vn 0.68883687 -0.62478375 -0.36762622
vn 0.63334090 -0.67793590 -0.37320530
vn 0.65571278 -0.67024487 -0.34758100
vn 0.68883687 -0.62478375 -0.36762622
vn 0.65571278 -0.67024487 -0.34758100
vn 0.73238385 -0.58706480 -0.34491849
vn 0.73238385 -0.58706480 -0.34491849
vn 0.65571278 -0.67024487 -0.34758100
vn 0.72406632 -0.62077409 -0.30061188
vn 0.17915259 -0.97585982 -0.12490780
vn 0.31853151 -0.94348919 -0.09146491
vn 0.25035775 -0.94676262 -0.20238955
vn 0.17915259 -0.97585982 -0.12490780
vn 0.25106552 -0.93486011 -0.25100341
vn 0.31853151 -0.94348919 -0.09146491
vn 0.31853151 -0.94348919 -0.09146491
vn 0.25106552 -0.93486011 -0.25100341
vn 0.34379134 -0.85824901 -0.38107234
vn 0.31853151 -0.94348919 -0.09146491
vn 0.34379134 -0.85824901 -0.38107234
vn 0.47775704 -0.87458825 -0.08272608
vn 0.25035775 -0.94676262 -0.20238955
vn 0.31028202 -0.91223145 -0.26750478
vn 0.21242842 -0.93024230 -0.29920471
vn 0.21242842 -0.93024230 -0.29920471
vn 0.31028202 -0.91223145 -0.26750478
vn 0.27536729 -0.90382278 -0.32753208
vn 0.25035775 -0.94676262 -0.20238955
vn 0.31853151 -0.94348919 -0.09146491
vn 0.37939522 -0.89635956 -0.22934422
vn 0.25035775 -0.94676262 -0.20238955
vn 0.37939522 -0.89635956 -0.22934422
vn 0.31028202 -0.91223145 -0.26750478
vn 0.31028202 -0.91223145 -0.26750478
vn 0.37939522 -0.89635956 -0.22934422
vn 0.40973115 -0.86093456 -0.30151629
vn 0.31028202 -0.91223145 -0.26750478
vn 0.40973115 -0.86093456 -0.30151629
vn 0.35233474 -0.87699926 -0.32669947
vn 0.31028202 -0.91223145 -0.26750478
vn 0.35233474 -0.87699926 -0.32669947
vn 0.27536729 -0.90382278 -0.32753208
vn 0.08079144 -0.99270070 -0.08954395
vn 0.17915259 -0.97585982 -0.12490780
vn 0.01908972 -0.97647315 -0.21479237
vn 0.08079144 -0.99270070 -0.08954395
vn 0.01908972 -0.97647315 -0.21479237
vn -0.08532057 -0.99188840 -0.09422234
vn 0.25035775 -0.94676262 -0.20238955
vn 0.11169419 -0.95760441 -0.26555258
vn 0.17915259 -0.97585982 -0.12490780
vn 0.17915259 -0.97585982 -0.12490780
vn 0.11169419 -0.95760441 -0.26555258
vn 0.01908972 -0.97647315 -0.21479237
vn 0.25035775 -0.94676262 -0.20238955
vn 0.21242842 -0.93024230 -0.29920471
vn 0.11169419 -0.95760441 -0.26555258
vn 0.11169419 -0.95760441 -0.26555258
vn -0.00311421 -0.95645469 -0.29186428
vn 0.01908972 -0.97647315 -0.21479237
vn 0.21242842 -0.93024230 -0.29920471
vn 0.16732880 -0.92857498 -0.33128473
vn 0.11169419 -0.95760441 -0.26555258
vn 0.11169419 -0.95760441 -0.26555258
vn 0.16732880 -0.92857498 -0.33128473
vn 0.04688903 -0.94561082 -0.32190308
vn 0.11169419 -0.95760441 -0.26555258
vn 0.04688903 -0.94561082 -0.32190308
vn -0.00311421 -0.95645469 -0.29186428
vn 0.17915259 -0.97585982 -0.12490780
vn 0.08079144 -0.99270070 -0.08954395
vn 0.09282250 -0.95011729 -0.29776019
vn 0.17915259 -0.97585982 -0.12490780
vn 0.09282250 -0.95011729 -0.29776019
vn 0.25106552 -0.93486011 -0.25100341
vn 0.08079144 -0.99270070 -0.08954395
vn 0.02308716 -0.99946696 -0.02308298
vn 0.09282250 -0.95011729 -0.29776019
vn 0.08079144 -0.99270070 -0.08954395
vn -0.08532057 -0.99188840 -0.09422234
vn 0.02308716 -0.99946696 -0.02308298
vn 0.16210245 -0.91336995 -0.37346762
vn 0.14121465 -0.92171204 -0.36125523
vn 0.24936041 -0.89783108 -0.36293074
vn 0.16210245 -0.91336995 -0.37346762
vn 0.24936041 -0.89783108 -0.36293074
vn 0.22173251 -0.90013874 -0.37494656
vn 0.22173251 -0.90013874 -0.37494656
vn 0.24936041 -0.89783108 -0.36293074
vn 0.27712405 -0.88494116 -0.37427455
vn 0.27712405 -0.88494116 -0.37427455
vn 0.24936041 -0.89783108 -0.36293074
vn 0.35311702 -0.85886997 -0.37101316
vn 0.24936041 -0.89783108 -0.36293074
vn 0.35783720 -0.86349028 -0.35543922
vn 0.35311702 -0.85886997 -0.37101316
vn 0.14121465 -0.92171204 -0.36125523
vn 0.16732880 -0.92857498 -0.33128473
vn 0.24936041 -0.89783108 -0.36293074
vn 0.24936041 -0.89783108 -0.36293074
vn 0.16732880 -0.92857498 -0.33128473
vn 0.27536729 -0.90382278 -0.32753208
vn 0.24936041 -0.89783108 -0.36293074
vn 0.27536729 -0.90382278 -0.32753208
vn 0.35233474 -0.87699926 -0.32669947
vn 0.24936041 -0.89783108 -0.36293074
vn 0.35233474 -0.87699926 -0.32669947
vn 0.35783720 -0.86349028 -0.35543922
vn 0.16732880 -0.92857498 -0.33128473
vn 0.21242842 -0.93024230 -0.29920471
vn 0.27536729 -0.90382278 -0.32753208
vn 0.16210245 -0.91336995 -0.37346762
vn 0.22173251 -0.90013874 -0.37494656
vn 0.20910445 -0.91127348 -0.35476190
vn 0.22173251 -0.90013874 -0.37494656
vn 0.27712405 -0.88494116 -0.37427455
vn 0.29209900 -0.88885468 -0.35300919
vn 0.22173251 -0.90013874 -0.37494656
vn 0.29209900 -0.88885468 -0.35300919
vn 0.20910445 -0.91127348 -0.35476190
vn 0.27712405 -0.88494116 -0.37427455
vn 0.35311702 -0.85886997 -0.37101316
vn 0.35842678 -0.85466027 -0.37561417
vn 0.27712405 -0.88494116 -0.37427455
vn 0.35842678 -0.85466027 -0.37561417
vn 0.29209900 -0.88885468 -0.35300919
vn 0.35842678 -0.85466027 -0.37561417
vn 0.38311318 -0.85357249 -0.35304156
vn 0.29209900 -0.88885468 -0.35300919
vn 0.16210245 -0.91336995 -0.37346762
vn 0.20910445 -0.91127348 -0.35476190
vn 0.12823039 -0.92641294 -0.35400003
vn 0.16210245 -0.91336995 -0.37346762
vn 0.12823039 -0.92641294 -0.35400003
vn 0.09052736 -0.92254066 -0.37513137
vn 0.09052736 -0.92254066 -0.37513137
vn 0.12823039 -0.92641294 -0.35400003
vn 0.05009353 -0.93337512 -0.35538924
vn 0.09052736 -0.92254066 -0.37513137
vn 0.05009353 -0.93337512 -0.35538924
vn 0.02474994 -0.92714834 -0.37387621
vn 0.05009353 -0.93337512 -0.35538924
vn -0.02424894 -0.93486822 -0.35416585
vn 0.02474994 -0.92714834 -0.37387621
vn 0.16210245 -0.91336995 -0.37346762
vn 0.09052736 -0.92254066 -0.37513137
vn 0.14121465 -0.92171204 -0.36125523
vn 0.14121465 -0.92171204 -0.36125523
vn 0.04688903 -0.94561082 -0.32190308
vn 0.16732880 -0.92857498 -0.33128473
vn 0.09052736 -0.92254066 -0.37513137
vn 0.02474994 -0.92714834 -0.37387621
vn 0.04974043 -0.92978960 -0.36471522
vn 0.09052736 -0.92254066 -0.37513137
vn 0.04974043 -0.92978960 -0.36471522
vn 0.14121465 -0.92171204 -0.36125523
vn 0.14121465 -0.92171204 -0.36125523
vn 0.04974043 -0.92978960 -0.36471522
vn 0.04688903 -0.94561082 -0.32190308
vn 0.02474994 -0.92714834 -0.37387621
vn -0.02327571 -0.93112999 -0.36394393
vn 0.04974043 -0.92978960 -0.36471522
vn 0.04974043 -0.92978960 -0.36471522
vn -0.02327571 -0.93112999 -0.36394393
vn 0.04688903 -0.94561082 -0.32190308
vn 0.52004498 -0.83267051 -0.19029729
vn 0.47775704 -0.87458825 -0.08272608
vn 0.64178133 -0.76249176 -0.08199432
vn 0.47775704 -0.87458825 -0.08272608
vn 0.53771406 -0.81665289 -0.20962265
vn 0.64178133 -0.76249176 -0.08199432
vn 0.52096838 -0.81314909 -0.25957751
vn 0.60111535 -0.76816642 -0.22041023
vn 0.60809427 -0.73010051 -0.31172848
vn 0.52096838 -0.81314909 -0.25957751
vn 0.60809427 -0.73010051 -0.31172848
vn 0.50179726 -0.79805666 -0.33362418
vn 0.52004498 -0.83267051 -0.19029729
vn 0.64178133 -0.76249176 -0.08199432
vn 0.60111535 -0.76816642 -0.22041023
vn 0.64178133 -0.76249176 -0.08199432
vn 0.69473648 -0.69544262 -0.18357775
vn 0.60111535 -0.76816642 -0.22041023
vn 0.69473648 -0.69544262 -0.18357775
vn 0.68300796 -0.68083125 -0.26451647
vn 0.60111535 -0.76816642 -0.22041023
vn 0.60111535 -0.76816642 -0.22041023
vn 0.68300796 -0.68083125 -0.26451647
vn 0.60809427 -0.73010051 -0.31172848
vn 0.60809427 -0.73010051 -0.31172848
vn 0.68300796 -0.68083125 -0.26451647
vn 0.72406632 -0.62077409 -0.30061188
vn 0.45318979 -0.87934905 -0.14616519
vn 0.37939522 -0.89635956 -0.22934422
vn 0.31853151 -0.94348919 -0.09146491
vn 0.60111535 -0.76816642 -0.22041023
vn 0.52096838 -0.81314909 -0.25957751
vn 0.52004498 -0.83267051 -0.19029729
vn 0.45318979 -0.87934905 -0.14616519
vn 0.52004498 -0.83267051 -0.19029729
vn 0.37939522 -0.89635956 -0.22934422
vn 0.52096838 -0.81314909 -0.25957751
vn 0.40973115 -0.86093456 -0.30151629
vn 0.52004498 -0.83267051 -0.19029729
vn 0.52004498 -0.83267051 -0.19029729
vn 0.40973115 -0.86093456 -0.30151629
vn 0.37939522 -0.89635956 -0.22934422
vn 0.52096838 -0.81314909 -0.25957751
vn 0.50179726 -0.79805666 -0.33362418
vn 0.40973115 -0.86093456 -0.30151629
vn 0.52004498 -0.83267051 -0.19029729
vn 0.45318979 -0.87934905 -0.14616519
vn 0.47775704 -0.87458825 -0.08272608
vn 0.47775704 -0.87458825 -0.08272608
vn 0.44846064 -0.80538720 -0.38760099
vn 0.53771406 -0.81665289 -0.20962265
vn 0.47775704 -0.87458825 -0.08272608
vn 0.34379134 -0.85824901 -0.38107234
vn 0.44846064 -0.80538720 -0.38760099
vn 0.45318979 -0.87934905 -0.14616519
vn 0.31853151 -0.94348919 -0.09146491
vn 0.47775704 -0.87458825 -0.08272608
vn 0.55216032 -0.74659401 -0.37110150
vn 0.55591416 -0.74909091 -0.36030859
vn 0.63334090 -0.67793590 -0.37320530
vn 0.55591416 -0.74909091 -0.36030859
vn 0.65571278 -0.67024487 -0.34758100
vn 0.63334090 -0.67793590 -0.37320530
vn 0.55591416 -0.74909091 -0.36030859
vn 0.50179726 -0.79805666 -0.33362418
vn 0.60809427 -0.73010051 -0.31172848
vn 0.55591416 -0.74909091 -0.36030859
vn 0.60809427 -0.73010051 -0.31172848
vn 0.65571278 -0.67024487 -0.34758100
vn 0.65571278 -0.67024487 -0.34758100
vn 0.60809427 -0.73010051 -0.31172848
vn 0.72406632 -0.62077409 -0.30061188
vn 0.55216032 -0.74659401 -0.37110150
vn 0.56105477 -0.74699521 -0.35667306
vn 0.50105441 -0.78279066 -0.36903021
vn 0.56105477 -0.74699521 -0.35667306
vn 0.55216032 -0.74659401 -0.37110150
vn 0.61113715 -0.70637190 -0.35714161
vn 0.55216032 -0.74659401 -0.37110150
vn 0.63334090 -0.67793590 -0.37320530
vn 0.64952099 -0.66463190 -0.36930600
vn 0.55216032 -0.74659401 -0.37110150
vn 0.64952099 -0.66463190 -0.36930600
vn 0.61113715 -0.70637190 -0.35714161
vn 0.55216032 -0.74659401 -0.37110150
vn 0.50105441 -0.78279066 -0.36903021
vn 0.48218042 -0.79220903 -0.37404129
vn 0.48218042 -0.79220903 -0.37404129
vn 0.43700165 -0.81931639 -0.37114722
vn 0.43177131 -0.82209867 -0.37111634
vn 0.43177131 -0.82209867 -0.37111634
vn 0.43700165 -0.81931639 -0.37114722
vn 0.35842678 -0.85466027 -0.37561417
vn 0.43177131 -0.82209867 -0.37111634
vn 0.35842678 -0.85466027 -0.37561417
vn 0.35311702 -0.85886997 -0.37101316
vn 0.48218042 -0.79220903 -0.37404129
vn 0.50105441 -0.78279066 -0.36903021
vn 0.43700165 -0.81931639 -0.37114722
vn 0.43700165 -0.81931639 -0.37114722
vn 0.38311318 -0.85357249 -0.35304156
vn 0.35842678 -0.85466027 -0.37561417
vn 0.55216032 -0.74659401 -0.37110150
vn 0.48218042 -0.79220903 -0.37404129
vn 0.44654089 -0.82410884 -0.34849083
vn 0.55216032 -0.74659401 -0.37110150
vn 0.44654089 -0.82410884 -0.34849083
vn 0.55591416 -0.74909091 -0.36030859
vn 0.55591416 -0.74909091 -0.36030859
vn 0.44654089 -0.82410884 -0.34849083
vn 0.50179726 -0.79805666 -0.33362418
vn 0.48218042 -0.79220903 -0.37404129
vn 0.43177131 -0.82209867 -0.37111634
vn 0.44654089 -0.82410884 -0.34849083
vn 0.43177131 -0.82209867 -0.37111634
vn 0.35311702 -0.85886997 -0.37101316
vn 0.35783720 -0.86349028 -0.35543922
vn 0.43177131 -0.82209867 -0.37111634
vn 0.35783720 -0.86349028 -0.35543922
vn 0.44654089 -0.82410884 -0.34849083
vn 0.44654089 -0.82410884 -0.34849083
vn 0.40973115 -0.86093456 -0.30151629
vn 0.50179726 -0.79805666 -0.33362418
vn 0.35783720 -0.86349028 -0.35543922
vn 0.35233474 -0.87699926 -0.32669947
vn 0.44654089 -0.82410884 -0.34849083
vn 0.44654089 -0.82410884 -0.34849083
vn 0.35233474 -0.87699926 -0.32669947
vn 0.40973115 -0.86093456 -0.30151629
vn -0.19546121 -0.63344562 -0.74869323
vn -0.12137367 -0.26594290 -0.95631731
vn -0.00422253 -0.28141227 -0.95957768
vn -0.19546121 -0.63344562 -0.74869323
vn -0.00422253 -0.28141227 -0.95957768
vn 0.03279774 -0.71686012 -0.69644523
vn -0.16169515 -0.89582926 -0.41393793
vn -0.03313051 -0.96571088 -0.25749728
vn -0.08532057 -0.99188840 -0.09422234
vn -0.19546121 -0.63344562 -0.74869323
vn 0.03279774 -0.71686012 -0.69644523
vn -0.16169515 -0.89582926 -0.41393793
vn -0.16169515 -0.89582926 -0.41393793
vn 0.03279774 -0.71686012 -0.69644523
vn -0.03313051 -0.96571088 -0.25749728
vn -0.03313051 -0.96571088 -0.25749728
vn 0.02308716 -0.99946696 -0.02308298
vn -0.08532057 -0.99188840 -0.09422234
vn -0.16169515 -0.89582926 -0.41393793
vn -0.33038726 -0.91389662 -0.23587552
vn -0.19546121 -0.63344562 -0.74869323
vn -0.00422253 -0.28141227 -0.95957768
vn -0.02490553 -0.06339125 -0.99767792
vn 0.00345419 -0.09215202 -0.99573898
vn -0.00422253 -0.28141227 -0.95957768
vn -0.12137367 -0.26594290 -0.95631731
vn -0.02490553 -0.06339125 -0.99767792
vn -0.37016600 -0.55093771 -0.74796039
vn -0.30202547 -0.33024821 -0.89426881
vn -0.12137367 -0.26594290 -0.95631731
vn -0.37016600 -0.55093771 -0.74796039
vn -0.12137367 -0.26594290 -0.95631731
vn -0.19546121 -0.63344562 -0.74869323
vn -0.37016600 -0.55093771 -0.74796039
vn -0.41357964 -0.80824518 -0.41915584
vn -0.56633288 -0.78776991 -0.24225116
vn -0.56633288 -0.78776991 -0.24225116
vn -0.41357964 -0.80824518 -0.41915584
vn -0.52157265 -0.84771132 -0.09668219
vn -0.37016600 -0.55093771 -0.74796039
vn -0.19546121 -0.63344562 -0.74869323
vn -0.41357964 -0.80824518 -0.41915584
vn -0.41357964 -0.80824518 -0.41915584
vn -0.19546121 -0.63344562 -0.74869323
vn -0.33038726 -0.91389662 -0.23587552
vn -0.41357964 -0.80824518 -0.41915584
vn -0.33038726 -0.91389662 -0.23587552
vn -0.41210070 -0.90894985 -0.06311267
vn -0.37016600 -0.55093771 -0.74796039
vn -0.62086308 -0.66681981 -0.41216549
vn -0.30202547 -0.33024821 -0.89426881
vn -0.37016600 -0.55093771 -0.74796039
vn -0.56633288 -0.78776991 -0.24225116
vn -0.62086308 -0.66681981 -0.41216549
vn -0.56633288 -0.78776991 -0.24225116
vn -0.52157265 -0.84771132 -0.09668219
vn -0.63950664 -0.76334101 -0.09133338
vn -0.56633288 -0.78776991 -0.24225116
vn -0.63950664 -0.76334101 -0.09133338
vn -0.62086308 -0.66681981 -0.41216549
vn -0.62086308 -0.66681981 -0.41216549
vn -0.63950664 -0.76334101 -0.09133338
vn -0.72516274 -0.68512958 -0.06882183
vn -0.30202547 -0.33024821 -0.89426881
vn -0.10398513 -0.09959617 -0.98957956
vn -0.12137367 -0.26594290 -0.95631731
vn -0.12137367 -0.26594290 -0.95631731
vn -0.10398513 -0.09959617 -0.98957956
vn -0.02490553 -0.06339125 -0.99767792
vn -0.02490553 -0.06339125 -0.99767792
vn -0.10398513 -0.09959617 -0.98957956
vn -0.04205901 -0.02989852 -0.99866766
vn -0.54038638 -0.43119299 -0.72253382
vn -0.46897390 -0.21684375 -0.85617888
vn -0.30202547 -0.33024821 -0.89426881
vn -0.46897390 -0.21684375 -0.85617888
vn -0.21459979 -0.07114039 -0.97410780
vn -0.10398513 -0.09959617 -0.98957956
vn -0.46897390 -0.21684375 -0.85617888
vn -0.10398513 -0.09959617 -0.98957956
vn -0.30202547 -0.33024821 -0.89426881
vn -0.21459979 -0.07114039 -0.97410780
vn -0.04205901 -0.02989852 -0.99866766
vn -0.10398513 -0.09959617 -0.98957956
vn -0.46897390 -0.21684375 -0.85617888
vn -0.54038638 -0.43119299 -0.72253382
vn -0.73919851 -0.40615174 -0.53723961
vn -0.73919851 -0.40615174 -0.53723961
vn -0.54038638 -0.43119299 -0.72253382
vn -0.77529037 -0.57392621 -0.26369214
vn -0.77529037 -0.57392621 -0.26369214
vn -0.72516274 -0.68512958 -0.06882183
vn -0.79978400 -0.59642076 -0.06802826
vn -0.54038638 -0.43119299 -0.72253382
vn -0.30202547 -0.33024821 -0.89426881
vn -0.62086308 -0.66681981 -0.41216549
vn -0.54038638 -0.43119299 -0.72253382
vn -0.62086308 -0.66681981 -0.41216549
vn -0.77529037 -0.57392621 -0.26369214
vn -0.77529037 -0.57392621 -0.26369214
vn -0.62086308 -0.66681981 -0.41216549
vn -0.72516274 -0.68512958 -0.06882183
vn -0.73919851 -0.40615174 -0.53723961
vn -0.77529037 -0.57392621 -0.26369214
vn -0.85114419 -0.49981847 -0.16042136
vn -0.73919851 -0.40615174 -0.53723961
vn -0.85114419 -0.49981847 -0.16042136
vn -0.87951243 -0.37515655 -0.29277202
vn -0.77529037 -0.57392621 -0.26369214
vn -0.79978400 -0.59642076 -0.06802826
vn -0.85114419 -0.49981847 -0.16042136
vn -0.48007151 -0.12598985 -0.86813474
vn -0.19274394 -0.03725303 -0.98054171
vn -0.21459979 -0.07114039 -0.97410780
vn -0.48007151 -0.12598985 -0.86813474
vn -0.21459979 -0.07114039 -0.97410780
vn -0.46897390 -0.21684375 -0.85617888
vn -0.19274394 -0.03725303 -0.98054171
vn -0.03908161 -0.00616827 -0.99921697
vn -0.21459979 -0.07114039 -0.97410780
vn -0.21459979 -0.07114039 -0.97410780
vn -0.03908161 -0.00616827 -0.99921697
vn -0.04205901 -0.02989852 -0.99866766
vn -0.74596155 -0.21492550 -0.63035578
vn -0.92201954 -0.28610608 -0.26081264
vn -0.89211816 -0.14227888 -0.42881456
vn -0.89211816 -0.14227888 -0.42881456
vn -0.92201954 -0.28610608 -0.26081264
vn -0.97475457 -0.20120171 -0.09680616
vn -0.48007151 -0.12598985 -0.86813474
vn -0.46897390 -0.21684375 -0.85617888
vn -0.73919851 -0.40615174 -0.53723961
vn -0.48007151 -0.12598985 -0.86813474
vn -0.73919851 -0.40615174 -0.53723961
vn -0.74596155 -0.21492550 -0.63035578
vn -0.74596155 -0.21492550 -0.63035578
vn -0.73919851 -0.40615174 -0.53723961
vn -0.87951243 -0.37515655 -0.29277202
vn -0.74596155 -0.21492550 -0.63035578
vn -0.87951243 -0.37515655 -0.29277202
vn -0.92201954 -0.28610608 -0.26081264
vn -0.48007151 -0.12598985 -0.86813474
vn -0.74596155 -0.21492550 -0.63035578
vn -0.89211816 -0.14227888 -0.42881456
vn -0.48007151 -0.12598985 -0.86813474
vn -0.89211816 -0.14227888 -0.42881456
vn -0.52203923 -0.05824534 -0.85093039
vn -0.52203923 -0.05824534 -0.85093039
vn -0.89211816 -0.14227888 -0.42881456
vn -0.90821546 -0.00317961 -0.41849080
vn -0.52203923 -0.05824534 -0.85093039
vn -0.90821546 -0.00317961 -0.41849080
vn -0.54885119 0.06026936 -0.83374453
vn -0.89211816 -0.14227888 -0.42881456
vn -0.97475457 -0.20120171 -0.09680616
vn -0.99393696 -0.08547168 -0.06916618
vn -0.89211816 -0.14227888 -0.42881456
vn -0.99393696 -0.08547168 -0.06916618
vn -0.90821546 -0.00317961 -0.41849080
vn -0.90821546 -0.00317961 -0.41849080
vn -0.99393696 -0.08547168 -0.06916618
vn -0.99653578 0.04428851 -0.07039143
vn -0.48007151 -0.12598985 -0.86813474
vn -0.52203923 -0.05824534 -0.85093039
vn -0.19274394 -0.03725303 -0.98054171
vn -0.19274394 -0.03725303 -0.98054171
vn -0.11540297 -0.00340369 -0.99331295
vn -0.03908161 -0.00616827 -0.99921697
vn -0.52203923 -0.05824534 -0.85093039
vn -0.35250080 0.00702347 -0.93578517
vn -0.19274394 -0.03725303 -0.98054171
vn -0.19274394 -0.03725303 -0.98054171
vn -0.35250080 0.00702347 -0.93578517
vn -0.11540297 -0.00340369 -0.99331295
vn -0.52203923 -0.05824534 -0.85093039
vn -0.54885119 0.06026936 -0.83374453
vn -0.35250080 0.00702347 -0.93578517
vn -0.54885119 0.06026936 -0.83374453
vn -0.90821546 -0.00317961 -0.41849080
vn -0.88267916 0.12645063 -0.45264527
vn -0.88267916 0.12645063 -0.45264527
vn -0.90821546 -0.00317961 -0.41849080
vn -0.98146641 0.18086693 -0.06333081
vn -0.98146641 0.18086693 -0.06333081
vn -0.90821546 -0.00317961 -0.41849080
vn -0.99653578 0.04428851 -0.07039143
vn -0.54885119 0.06026936 -0.83374453
vn -0.88267916 0.12645063 -0.45264527
vn -0.69806498 0.22760428 -0.67889732
vn -0.88267916 0.12645063 -0.45264527
vn -0.93977416 0.25222176 -0.23067018
vn -0.69806498 0.22760428 -0.67889732
vn -0.69806498 0.22760428 -0.67889732
vn -0.93977416 0.25222176 -0.23067018
vn -0.86938161 0.42104787 -0.25863928
vn -0.88267916 0.12645063 -0.45264527
vn -0.98146641 0.18086693 -0.06333081
vn -0.93977416 0.25222176 -0.23067018
vn -0.93977416 0.25222176 -0.23067018
vn -0.92839998 0.36603728 -0.06395493
vn -0.86938161 0.42104787 -0.25863928
vn -0.54885119 0.06026936 -0.83374453
vn -0.69806498 0.22760428 -0.67889732
vn -0.26360741 0.10041198 -0.95938969
vn -0.54885119 0.06026936 -0.83374453
vn -0.26360741 0.10041198 -0.95938969
vn -0.35250080 0.00702347 -0.93578517
vn -0.35250080 0.00702347 -0.93578517
vn -0.26360741 0.10041198 -0.95938969
vn -0.11540297 -0.00340369 -0.99331295
vn -0.11540297 -0.00340369 -0.99331295
vn -0.07471118 0.03668480 -0.99653023
vn -0.03908161 -0.00616827 -0.99921697
vn -0.11540297 -0.00340369 -0.99331295
vn -0.26360741 0.10041198 -0.95938969
vn -0.07471118 0.03668480 -0.99653023
vn -0.69806498 0.22760428 -0.67889732
vn -0.56731832 0.32396185 -0.75709879
vn -0.26360741 0.10041198 -0.95938969
vn -0.56731832 0.32396185 -0.75709879
vn -0.86938161 0.42104787 -0.25863928
vn -0.70995641 0.52258766 -0.47208476
vn -0.70995641 0.52258766 -0.47208476
vn -0.86938161 0.42104787 -0.25863928
vn -0.82135266 0.56754792 -0.05717675
vn -0.82135266 0.56754792 -0.05717675
vn -0.86938161 0.42104787 -0.25863928
vn -0.86485529 0.49859419 -0.05855861
vn -0.56731832 0.32396185 -0.75709879
vn -0.69806498 0.22760428 -0.67889732
vn -0.86938161 0.42104787 -0.25863928
vn -0.86938161 0.42104787 -0.25863928
vn -0.92839998 0.36603728 -0.06395493
vn -0.86485529 0.49859419 -0.05855861
vn -0.56731832 0.32396185 -0.75709879
vn -0.70995641 0.52258766 -0.47208476
vn -0.31200176 0.28189903 -0.90729702
vn -0.31200176 0.28189903 -0.90729702
vn -0.70995641 0.52258766 -0.47208476
vn -0.66358149 0.63168401 -0.40079290
vn -0.31200176 0.28189903 -0.90729702
vn -0.66358149 0.63168401 -0.40079290
vn -0.32539654 0.39203438 -0.86048019
vn -0.70995641 0.52258766 -0.47208476
vn -0.82135266 0.56754792 -0.05717675
vn -0.66358149 0.63168401 -0.40079290
vn -0.56731832 0.32396185 -0.75709879
vn -0.31200176 0.28189903 -0.90729702
vn -0.26360741 0.10041198 -0.95938969
vn -0.26360741 0.10041198 -0.95938969
vn -0.31200176 0.28189903 -0.90729702
vn -0.07471118 0.03668480 -0.99653023
vn -0.07471118 0.03668480 -0.99653023
vn -0.31200176 0.28189903 -0.90729702
vn -0.06363621 0.08133306 -0.99465340
vn -0.21094833 0.41515383 -0.88495654
vn -0.06363621 0.08133306 -0.99465340
vn -0.32539654 0.39203438 -0.86048019
vn -0.32539654 0.39203438 -0.86048019
vn -0.06363621 0.08133306 -0.99465340
vn -0.31200176 0.28189903 -0.90729702
vn -0.45339417 0.78825593 -0.41603640
vn -0.53280163 0.72956359 -0.42878821
vn -0.46141872 0.88556510 -0.05354623
vn -0.32539654 0.39203438 -0.86048019
vn -0.66358149 0.63168401 -0.40079290
vn -0.53280163 0.72956359 -0.42878821
vn -0.53280163 0.72956359 -0.42878821
vn -0.66358149 0.63168401 -0.40079290
vn -0.68139619 0.72473633 -0.10225689
vn -0.32539654 0.39203438 -0.86048019
vn -0.53280163 0.72956359 -0.42878821
vn -0.45339417 0.78825593 -0.41603640
vn -0.32539654 0.39203438 -0.86048019
vn -0.45339417 0.78825593 -0.41603640
vn -0.21094833 0.41515383 -0.88495654
vn -0.21094833 0.41515383 -0.88495654
vn -0.45339417 0.78825593 -0.41603640
vn -0.30626521 0.87443173 -0.37625885
vn -0.21094833 0.41515383 -0.88495654
vn -0.30626521 0.87443173 -0.37625885
vn -0.19641879 0.46345708 -0.86407590
vn -0.45339417 0.78825593 -0.41603640
vn -0.46141872 0.88556510 -0.05354623
vn -0.30626521 0.87443173 -0.37625885
vn -0.21094833 0.41515383 -0.88495654
vn -0.19641879 0.46345708 -0.86407590
vn -0.04162619 0.10421370 -0.99368346
vn -0.21094833 0.41515383 -0.88495654
vn -0.04162619 0.10421370 -0.99368346
vn -0.06363621 0.08133306 -0.99465340
vn -0.13758296 0.66344142 -0.73547024
vn -0.01898916 0.24317282 -0.96979707
vn -0.19641879 0.46345708 -0.86407590
vn -0.01898916 0.24317282 -0.96979707
vn -0.04162619 0.10421370 -0.99368346
vn -0.19641879 0.46345708 -0.86407590
vn -0.01898916 0.24317282 -0.96979707
vn -0.00491160 0.05042391 -0.99871582
vn -0.04162619 0.10421370 -0.99368346
vn -0.13758296 0.66344142 -0.73547024
vn -0.30626521 0.87443173 -0.37625885
vn -0.13888901 0.95682919 -0.25531882
vn -0.13888901 0.95682919 -0.25531882
vn -0.30626521 0.87443173 -0.37625885
vn -0.27191231 0.95892757 -0.08075669
vn -0.13758296 0.66344142 -0.73547024
vn -0.19641879 0.46345708 -0.86407590
vn -0.30626521 0.87443173 -0.37625885
vn -0.30626521 0.87443173 -0.37625885
vn -0.46141872 0.88556510 -0.05354623
vn -0.27191231 0.95892757 -0.08075669
vn -0.13758296 0.66344142 -0.73547024
vn -0.13888901 0.95682919 -0.25531882
vn -0.03853599 0.77774513 -0.62739736
vn -0.13888901 0.95682919 -0.25531882
vn -0.04994953 0.99428040 -0.09440089
vn -0.03853599 0.77774513 -0.62739736
vn -0.13758296 0.66344142 -0.73547024
vn -0.03853599 0.77774513 -0.62739736
vn -0.01898916 0.24317282 -0.96979707
vn -0.03853599 0.77774513 -0.62739736
vn 0.06732219 0.47406736 -0.87791109
vn -0.01898916 0.24317282 -0.96979707
vn 0.12897849 0.29825547 -0.94573158
vn 0.04099210 0.10979626 -0.99310845
vn -0.01898916 0.24317282 -0.96979707
vn 0.12897849 0.29825547 -0.94573158
vn -0.01898916 0.24317282 -0.96979707
vn 0.06732219 0.47406736 -0.87791109
vn 0.04099210 0.10979626 -0.99310845
vn 0.01572914 0.03918089 -0.99910831
vn -0.00491160 0.05042391 -0.99871582
vn 0.04099210 0.10979626 -0.99310845
vn -0.00491160 0.05042391 -0.99871582
vn -0.01898916 0.24317282 -0.96979707
vn 0.21213247 0.93736953 -0.27629367
vn 0.09485755 0.90805680 -0.40796438
vn 0.22954932 0.97195083 -0.05117337
vn 0.06732219 0.47406736 -0.87791109
vn -0.03853599 0.77774513 -0.62739736
vn 0.09485755 0.90805680 -0.40796438
vn 0.09485755 0.90805680 -0.40796438
vn -0.03853599 0.77774513 -0.62739736
vn -0.04994953 0.99428040 -0.09440089
vn 0.06732219 0.47406736 -0.87791109
vn 0.09485755 0.90805680 -0.40796438
vn 0.19679290 0.64188588 -0.74111742
vn 0.09485755 0.90805680 -0.40796438
vn 0.21213247 0.93736953 -0.27629367
vn 0.19679290 0.64188588 -0.74111742
vn 0.19679290 0.64188588 -0.74111742
vn 0.21213247 0.93736953 -0.27629367
vn 0.34822789 0.88241136 -0.31636617
vn 0.21213247 0.93736953 -0.27629367
vn 0.22954932 0.97195083 -0.05117337
vn 0.36272308 0.92881769 -0.07569457
vn 0.21213247 0.93736953 -0.27629367
vn 0.36272308 0.92881769 -0.07569457
vn 0.34822789 0.88241136 -0.31636617
vn 0.06732219 0.47406736 -0.87791109
vn 0.19679290 0.64188588 -0.74111742
vn 0.12897849 0.29825547 -0.94573158
vn 0.34298587 0.57081425 -0.74601060
vn 0.12897849 0.29825547 -0.94573158
vn 0.19679290 0.64188588 -0.74111742
vn 0.57232791 0.68780714 -0.44649979
vn 0.34298587 0.57081425 -0.74601060
vn 0.49173537 0.83920962 -0.23221445
vn 0.19679290 0.64188588 -0.74111742
vn 0.34822789 0.88241136 -0.31636617
vn 0.34298587 0.57081425 -0.74601060
vn 0.34298587 0.57081425 -0.74601060
vn 0.34822789 0.88241136 -0.31636617
vn 0.49173537 0.83920962 -0.23221445
vn 0.49173537 0.83920962 -0.23221445
vn 0.34822789 0.88241136 -0.31636617
vn 0.36272308 0.92881769 -0.07569457
vn 0.34298587 0.57081425 -0.74601060
vn 0.57232791 0.68780714 -0.44649979
vn 0.36546344 0.34476048 -0.86462516
vn 0.49173537 0.83920962 -0.23221445
vn 0.66871530 0.73943543 -0.07781430
vn 0.57232791 0.68780714 -0.44649979
vn 0.04099210 0.10979626 -0.99310845
vn 0.12004864 0.12098434 -0.98536849
vn 0.01572914 0.03918089 -0.99910831
vn 0.01572914 0.03918089 -0.99910831
vn 0.12004864 0.12098434 -0.98536849
vn 0.02437984 0.01579326 -0.99957800
vn 0.34298587 0.57081425 -0.74601060
vn 0.36546344 0.34476048 -0.86462516
vn 0.12004864 0.12098434 -0.98536849
vn 0.34298587 0.57081425 -0.74601060
vn 0.12004864 0.12098434 -0.98536849
vn 0.12897849 0.29825547 -0.94573158
vn 0.12897849 0.29825547 -0.94573158
vn 0.12004864 0.12098434 -0.98536849
vn 0.04099210 0.10979626 -0.99310845
vn 0.36546344 0.34476048 -0.86462516
vn 0.08526955 0.05241665 -0.99497819
vn 0.12004864 0.12098434 -0.98536849
vn 0.08526955 0.05241665 -0.99497819
vn 0.02437984 0.01579326 -0.99957800
vn 0.12004864 0.12098434 -0.98536849
vn 0.58752662 0.31817958 -0.74402565
vn 0.36546344 0.34476048 -0.86462516
vn 0.70382643 0.55587560 -0.44230157
vn 0.83720028 0.48311847 -0.25630498
vn 0.70382643 0.55587560 -0.44230157
vn 0.80726999 0.58705521 -0.06067411
vn 0.70382643 0.55587560 -0.44230157
vn 0.66871530 0.73943543 -0.07781430
vn 0.80726999 0.58705521 -0.06067411
vn 0.36546344 0.34476048 -0.86462516
vn 0.57232791 0.68780714 -0.44649979
vn 0.70382643 0.55587560 -0.44230157
vn 0.70382643 0.55587560 -0.44230157
vn 0.57232791 0.68780714 -0.44649979
vn 0.66871530 0.73943543 -0.07781430
vn 0.70382643 0.55587560 -0.44230157
vn 0.83720028 0.48311847 -0.25630498
vn 0.58752662 0.31817958 -0.74402565
vn 0.58752662 0.31817958 -0.74402565
vn 0.83720028 0.48311847 -0.25630498
vn 0.77076870 0.29233921 -0.56608605
vn 0.83720028 0.48311847 -0.25630498
vn 0.93695992 0.34379479 -0.06254023
vn 0.77076870 0.29233921 -0.56608605
vn 0.83720028 0.48311847 -0.25630498
vn 0.80726999 0.58705521 -0.06067411
vn 0.89348251 0.44173110 -0.08101015
vn 0.83720028 0.48311847 -0.25630498
vn 0.89348251 0.44173110 -0.08101015
vn 0.93695992 0.34379479 -0.06254023
vn 0.58752662 0.31817958 -0.74402565
vn 0.24936303 0.09091214 -0.96413332
vn 0.36546344 0.34476048 -0.86462516
vn 0.36546344 0.34476048 -0.86462516
vn 0.24936303 0.09091214 -0.96413332
vn 0.08526955 0.05241665 -0.99497819
vn 0.58752662 0.31817958 -0.74402565
vn 0.77076870 0.29233921 -0.56608605
vn 0.24936303 0.09091214 -0.96413332
vn 0.54037476 0.09625176 -0.83590114
vn 0.24135207 0.00790357 -0.97040546
vn 0.24936303 0.09091214 -0.96413332
vn 0.54037476 0.09625176 -0.83590114
vn 0.24936303 0.09091214 -0.96413332
vn 0.77076870 0.29233921 -0.56608605
vn 0.24936303 0.09091214 -0.96413332
vn 0.06315359 0.00135151 -0.99800289
vn 0.08526955 0.05241665 -0.99497819
vn 0.06315359 0.00135151 -0.99800289
vn 0.02437984 0.01579326 -0.99957800
vn 0.08526955 0.05241665 -0.99497819
vn 0.89551157 0.22009628 -0.38680309
vn 0.93695992 0.34379479 -0.06254023
vn 0.98152274 0.17343655 -0.08082600
vn 0.54037476 0.09625176 -0.83590114
vn 0.77076870 0.29233921 -0.56608605
vn 0.89551157 0.22009628 -0.38680309
vn 0.89551157 0.22009628 -0.38680309
vn 0.77076870 0.29233921 -0.56608605
vn 0.93695992 0.34379479 -0.06254023
vn 0.54037476 0.09625176 -0.83590114
vn 0.89551157 0.22009628 -0.38680309
vn 0.91866964 0.08654816 -0.38542905
vn 0.54037476 0.09625176 -0.83590114
vn 0.91866964 0.08654816 -0.38542905
vn 0.66247451 -0.03027058 -0.74847257
vn 0.91866964 0.08654816 -0.38542905
vn 0.96653867 -0.07121570 -0.24643739
vn 0.66247451 -0.03027058 -0.74847257
vn 0.89551157 0.22009628 -0.38680309
vn 0.98152274 0.17343655 -0.08082600
vn 0.91866964 0.08654816 -0.38542905
vn 0.91866964 0.08654816 -0.38542905
vn 0.98152274 0.17343655 -0.08082600
vn 0.99532574 0.03594503 -0.08963618
vn 0.91866964 0.08654816 -0.38542905
vn 0.99532574 0.03594503 -0.08963618
vn 0.99664873 -0.06816065 -0.04522703
vn 0.91866964 0.08654816 -0.38542905
vn 0.99664873 -0.06816065 -0.04522703
vn 0.96653867 -0.07121570 -0.24643739
vn 0.54037476 0.09625176 -0.83590114
vn 0.66247451 -0.03027058 -0.74847257
vn 0.24135207 0.00790357 -0.97040546
vn 0.24936303 0.09091214 -0.96413332
vn 0.24135207 0.00790357 -0.97040546
vn 0.06315359 0.00135151 -0.99800289
vn 0.40183631 -0.08649885 -0.91161698
vn 0.24135207 0.00790357 -0.97040546
vn 0.66247451 -0.03027058 -0.74847257
vn 0.40183631 -0.08649885 -0.91161698
vn 0.66247451 -0.03027058 -0.74847257
vn 0.75332749 -0.16213240 -0.63734668
vn 0.75332749 -0.16213240 -0.63734668
vn 0.66247451 -0.03027058 -0.74847257
vn 0.96653867 -0.07121570 -0.24643739
vn 0.75332749 -0.16213240 -0.63734668
vn 0.96653867 -0.07121570 -0.24643739
vn 0.95767546 -0.17815654 -0.22609285
vn 0.96653867 -0.07121570 -0.24643739
vn 0.99664873 -0.06816065 -0.04522703
vn 0.95767546 -0.17815654 -0.22609285
vn 0.40183631 -0.08649885 -0.91161698
vn 0.75332749 -0.16213240 -0.63734668
vn 0.62624884 -0.24477826 -0.74019998
vn 0.75332749 -0.16213240 -0.63734668
vn 0.95767546 -0.17815654 -0.22609285
vn 0.90639418 -0.33937761 -0.25154018
vn 0.75332749 -0.16213240 -0.63734668
vn 0.90639418 -0.33937761 -0.25154018
vn 0.62624884 -0.24477826 -0.74019998
vn 0.95767546 -0.17815654 -0.22609285
vn 0.95922416 -0.27518484 -0.06451573
vn 0.90639418 -0.33937761 -0.25154018
vn 0.90639418 -0.33937761 -0.25154018
vn 0.95922416 -0.27518484 -0.06451573
vn 0.90131861 -0.42861933 -0.06253178
vn 0.24135207 0.00790357 -0.97040546
vn 0.18559109 -0.08837994 -0.97864443
vn 0.06315359 0.00135151 -0.99800289
vn 0.40183631 -0.08649885 -0.91161698
vn 0.18559109 -0.08837994 -0.97864443
vn 0.24135207 0.00790357 -0.97040546
vn 0.62624884 -0.24477826 -0.74019998
vn 0.18559109 -0.08837994 -0.97864443
vn 0.40183631 -0.08649885 -0.91161698
vn 0.44640592 -0.27093080 -0.85282958
vn 0.18528536 -0.18694240 -0.96473926
vn 0.18559109 -0.08837994 -0.97864443
vn 0.44640592 -0.27093080 -0.85282958
vn 0.18559109 -0.08837994 -0.97864443
vn 0.62624884 -0.24477826 -0.74019998
vn 0.18528536 -0.18694240 -0.96473926
vn 0.07329083 -0.06227598 -0.99536431
vn 0.18559109 -0.08837994 -0.97864443
vn 0.44640592 -0.27093080 -0.85282958
vn 0.77858615 -0.48457649 -0.39873454
vn 0.63291484 -0.52813810 -0.56611741
vn 0.63291484 -0.52813810 -0.56611741
vn 0.77858615 -0.48457649 -0.39873454
vn 0.76433456 -0.61904323 -0.18049419
vn 0.77858615 -0.48457649 -0.39873454
vn 0.90131861 -0.42861933 -0.06253178
vn 0.83344996 -0.54882073 -0.06447450
vn 0.44640592 -0.27093080 -0.85282958
vn 0.62624884 -0.24477826 -0.74019998
vn 0.77858615 -0.48457649 -0.39873454
vn 0.77858615 -0.48457649 -0.39873454
vn 0.62624884 -0.24477826 -0.74019998
vn 0.90639418 -0.33937761 -0.25154018
vn 0.77858615 -0.48457649 -0.39873454
vn 0.90639418 -0.33937761 -0.25154018
vn 0.90131861 -0.42861933 -0.06253178
vn 0.44640592 -0.27093080 -0.85282958
vn 0.63291484 -0.52813810 -0.56611741
vn 0.42529070 -0.42348126 -0.79986966
vn 0.42529070 -0.42348126 -0.79986966
vn 0.63291484 -0.52813810 -0.56611741
vn 0.50018209 -0.64780498 -0.57460123
vn 0.63291484 -0.52813810 -0.56611741
vn 0.76433456 -0.61904323 -0.18049419
vn 0.65409732 -0.73757994 -0.16772765
vn 0.63291484 -0.52813810 -0.56611741
vn 0.65409732 -0.73757994 -0.16772765
vn 0.50018209 -0.64780498 -0.57460123
vn 0.77858615 -0.48457649 -0.39873454
vn 0.83344996 -0.54882073 -0.06447450
vn 0.76799542 -0.63386476 -0.09164336
vn 0.77858615 -0.48457649 -0.39873454
vn 0.76799542 -0.63386476 -0.09164336
vn 0.76433456 -0.61904323 -0.18049419
vn 0.76433456 -0.61904323 -0.18049419
vn 0.76799542 -0.63386476 -0.09164336
vn 0.71344841 -0.70068187 -0.00602206
vn 0.76433456 -0.61904323 -0.18049419
vn 0.71344841 -0.70068187 -0.00602206
vn 0.65409732 -0.73757994 -0.16772765
vn 0.44640592 -0.27093080 -0.85282958
vn 0.42529070 -0.42348126 -0.79986966
vn 0.18528536 -0.18694240 -0.96473926
vn 0.13502119 -0.68523878 -0.71569347
vn -0.00422253 -0.28141227 -0.95957768
vn 0.08722559 -0.22977903 -0.96932620
vn 0.13502119 -0.68523878 -0.71569347
vn 0.08722559 -0.22977903 -0.96932620
vn 0.23666632 -0.49886459 -0.83374047
vn -0.00422253 -0.28141227 -0.95957768
vn 0.00345419 -0.09215202 -0.99573898
vn 0.08722559 -0.22977903 -0.96932620
vn 0.08722559 -0.22977903 -0.96932620
vn 0.00345419 -0.09215202 -0.99573898
vn 0.04321919 -0.09381156 -0.99465144
vn 0.13502119 -0.68523878 -0.71569347
vn 0.23666632 -0.49886459 -0.83374047
vn 0.34379134 -0.85824901 -0.38107234
vn 0.13502119 -0.68523878 -0.71569347
vn 0.34379134 -0.85824901 -0.38107234
vn 0.25106552 -0.93486011 -0.25100341
vn 0.13502119 -0.68523878 -0.71569347
vn 0.25106552 -0.93486011 -0.25100341
vn 0.09282250 -0.95011729 -0.29776019
vn 0.13502119 -0.68523878 -0.71569347
vn 0.09282250 -0.95011729 -0.29776019
vn -0.03313051 -0.96571088 -0.25749728
vn 0.13502119 -0.68523878 -0.71569347
vn -0.03313051 -0.96571088 -0.25749728
vn 0.03279774 -0.71686012 -0.69644523
vn 0.09282250 -0.95011729 -0.29776019
vn 0.02308716 -0.99946696 -0.02308298
vn -0.03313051 -0.96571088 -0.25749728
vn 0.13502119 -0.68523878 -0.71569347
vn 0.03279774 -0.71686012 -0.69644523
vn -0.00422253 -0.28141227 -0.95957768
vn 0.23666632 -0.49886459 -0.83374047
vn 0.18528536 -0.18694240 -0.96473926
vn 0.42529070 -0.42348126 -0.79986966
vn 0.18528536 -0.18694240 -0.96473926
vn 0.04321919 -0.09381156 -0.99465144
vn 0.07329083 -0.06227598 -0.99536431
vn 0.04321919 -0.09381156 -0.99465144
vn 0.02362943 -0.02413964 -0.99942929
vn 0.07329083 -0.06227598 -0.99536431
vn 0.23666632 -0.49886459 -0.83374047
vn 0.42529070 -0.42348126 -0.79986966
vn 0.50018209 -0.64780498 -0.57460123
vn 0.50018209 -0.64780498 -0.57460123
vn 0.65409732 -0.73757994 -0.16772765
vn 0.53771406 -0.81665289 -0.20962265
vn 0.53771406 -0.81665289 -0.20962265
vn 0.65409732 -0.73757994 -0.16772765
vn 0.64178133 -0.76249176 -0.08199432
vn 0.65409732 -0.73757994 -0.16772765
vn 0.71344841 -0.70068187 -0.00602206
vn 0.64178133 -0.76249176 -0.08199432
vn 0.23666632 -0.49886459 -0.83374047
vn 0.50018209 -0.64780498 -0.57460123
vn 0.44846064 -0.80538720 -0.38760099
vn 0.23666632 -0.49886459 -0.83374047
vn 0.44846064 -0.80538720 -0.38760099
vn 0.34379134 -0.85824901 -0.38107234
vn 0.50018209 -0.64780498 -0.57460123
vn 0.53771406 -0.81665289 -0.20962265
vn 0.44846064 -0.80538720 -0.38760099
vn 0.23666632 -0.49886459 -0.83374047
vn 0.08722559 -0.22977903 -0.96932620
vn 0.18528536 -0.18694240 -0.96473926
vn 0.18528536 -0.18694240 -0.96473926
vn 0.08722559 -0.22977903 -0.96932620
vn 0.04321919 -0.09381156 -0.99465144
vn 0.21487725 0.82736301 0.51893944
vn 0.20638101 0.91986525 0.33354875
vn 0.31426853 0.88130206 0.35290506
vn 0.21487725 0.82736301 0.51893944
vn 0.31426853 0.88130206 0.35290506
vn 0.35752615 0.86418241 0.35406747
vn 0.20638101 0.91986525 0.33354875
vn 0.19885933 0.91049486 0.36256590
vn 0.31426853 0.88130206 0.35290506
vn 0.20638101 0.91986525 0.33354875
vn 0.21487725 0.82736301 0.51893944
vn 0.10124028 0.87025857 0.48207927
vn 0.35752615 0.86418241 0.35406747
vn 0.30196780 0.70821840 0.63815528
vn 0.21487725 0.82736301 0.51893944
vn 0.20638101 0.91986525 0.33354875
vn 0.10124028 0.87025857 0.48207927
vn 0.11707421 0.92722976 0.35572270
vn 0.20638101 0.91986525 0.33354875
vn 0.11707421 0.92722976 0.35572270
vn 0.19885933 0.91049486 0.36256590
vn 0.10124028 0.87025857 0.48207927
vn 0.01389647 0.76894939 0.63915861
vn 0.04887767 0.93369615 0.35471457
vn 0.10124028 0.87025857 0.48207927
vn 0.04887767 0.93369615 0.35471457
vn 0.11707421 0.92722976 0.35572270
vn 0.01389647 0.76894939 0.63915861
vn -0.03729986 0.94846678 0.31467363
vn -0.01938840 0.93474048 0.35480186
vn 0.01389647 0.76894939 0.63915861
vn -0.01938840 0.93474048 0.35480186
vn 0.04887767 0.93369615 0.35471457
vn 0.47278017 0.69518995 0.54147011
vn 0.53969675 0.76518542 0.35102528
vn 0.62755036 0.70119524 0.33838701
vn 0.47278017 0.69518995 0.54147011
vn 0.62755036 0.70119524 0.33838701
vn 0.53760606 0.67255771 0.50857240
vn 0.53969675 0.76518542 0.35102528
vn 0.61753535 0.69365352 0.37080309
vn 0.62755036 0.70119524 0.33838701
vn 0.53760606 0.67255771 0.50857240
vn 0.62755036 0.70119524 0.33838701
vn 0.68313378 0.68049991 0.26504353
vn 0.68313378 0.68049991 0.26504353
vn 0.66417670 0.58886498 0.46055117
vn 0.53760606 0.67255771 0.50857240
vn 0.39143997 0.72791255 0.56295478
vn 0.30196780 0.70821840 0.63815528
vn 0.35752615 0.86418241 0.35406747
vn 0.47278017 0.69518995 0.54147011
vn 0.43900409 0.82907164 0.34628829
vn 0.53969675 0.76518542 0.35102528
vn 0.53969675 0.76518542 0.35102528
vn 0.43900409 0.82907164 0.34628829
vn 0.48325503 0.79150903 0.37413639
vn 0.47278017 0.69518995 0.54147011
vn 0.39143997 0.72791255 0.56295478
vn 0.43900409 0.82907164 0.34628829
vn 0.43900409 0.82907164 0.34628829
vn 0.41146332 0.83420455 0.36715209
vn 0.48325503 0.79150903 0.37413639
vn 0.39143997 0.72791255 0.56295478
vn 0.35752615 0.86418241 0.35406747
vn 0.43900409 0.82907164 0.34628829
vn 0.35752615 0.86418241 0.35406747
vn 0.31426853 0.88130206 0.35290506
vn 0.43900409 0.82907164 0.34628829
vn 0.43900409 0.82907164 0.34628829
vn 0.31426853 0.88130206 0.35290506
vn 0.33557713 0.86480039 0.37350807
vn 0.43900409 0.82907164 0.34628829
vn 0.33557713 0.86480039 0.37350807
vn 0.41146332 0.83420455 0.36715209
vn 0.79654980 0.50367522 0.33439451
vn 0.82578731 0.43669072 0.35689846
vn 0.80209082 0.41079599 0.43347088
vn 0.80209082 0.41079599 0.43347088
vn 0.82578731 0.43669072 0.35689846
vn 0.85843867 0.37501124 0.34992802
vn 0.80209082 0.41079599 0.43347088
vn 0.85843867 0.37501124 0.34992802
vn 0.79785991 0.32313368 0.50892460
vn 0.79654980 0.50367522 0.33439451
vn 0.79223013 0.48980156 0.36395863
vn 0.82578731 0.43669072 0.35689846
vn 0.79654980 0.50367522 0.33439451
vn 0.63112313 0.36608803 0.68385899
vn 0.69440883 0.47940448 0.53662622
vn 0.79654980 0.50367522 0.33439451
vn 0.80209082 0.41079599 0.43347088
vn 0.63112313 0.36608803 0.68385899
vn 0.69440883 0.47940448 0.53662622
vn 0.66417670 0.58886498 0.46055117
vn 0.73635983 0.58629000 0.33769551
vn 0.73635983 0.58629000 0.33769551
vn 0.66417670 0.58886498 0.46055117
vn 0.68313378 0.68049991 0.26504353
vn 0.79654980 0.50367522 0.33439451
vn 0.69440883 0.47940448 0.53662622
vn 0.73635983 0.58629000 0.33769551
vn 0.79654980 0.50367522 0.33439451
vn 0.73635983 0.58629000 0.33769551
vn 0.75284332 0.54671681 0.36650741
vn 0.79654980 0.50367522 0.33439451
vn 0.75284332 0.54671681 0.36650741
vn 0.79223013 0.48980156 0.36395863
vn 0.73635983 0.58629000 0.33769551
vn 0.68313378 0.68049991 0.26504353
vn 0.69554061 0.62327427 0.35742477
vn 0.68313378 0.68049991 0.26504353
vn 0.62755036 0.70119524 0.33838701
vn 0.69554061 0.62327427 0.35742477
vn 0.69554061 0.62327427 0.35742477
vn 0.62755036 0.70119524 0.33838701
vn 0.61753535 0.69365352 0.37080309
vn 0.93392318 0.14012720 0.32886446
vn 0.92824829 0.09873479 0.35861760
vn 0.93673670 0.02734645 0.34896496
vn 0.93392318 0.14012720 0.32886446
vn 0.93673670 0.02734645 0.34896496
vn 0.82624805 0.06973364 0.55897349
vn 0.92183530 0.20635036 0.32808408
vn 0.91457993 0.16302058 0.37009162
vn 0.93392318 0.14012720 0.32886446
vn 0.93392318 0.14012720 0.32886446
vn 0.91457993 0.16302058 0.37009162
vn 0.92824829 0.09873479 0.35861760
vn 0.93392318 0.14012720 0.32886446
vn 0.82624805 0.06973364 0.55897349
vn 0.81882823 0.14151406 0.55632192
vn 0.92183530 0.20635036 0.32808408
vn 0.93392318 0.14012720 0.32886446
vn 0.89795351 0.28971100 0.33128089
vn 0.93392318 0.14012720 0.32886446
vn 0.81882823 0.14151406 0.55632192
vn 0.79546434 0.23737468 0.55757487
vn 0.93392318 0.14012720 0.32886446
vn 0.79546434 0.23737468 0.55757487
vn 0.89795351 0.28971100 0.33128089
vn 0.89795351 0.28971100 0.33128089
vn 0.79546434 0.23737468 0.55757487
vn 0.79785991 0.32313368 0.50892460
vn 0.92183530 0.20635036 0.32808408
vn 0.89795351 0.28971100 0.33128089
vn 0.88637507 0.29324430 0.35825548
vn 0.89795351 0.28971100 0.33128089
vn 0.79785991 0.32313368 0.50892460
vn 0.85843867 0.37501124 0.34992802
vn 0.89795351 0.28971100 0.33128089
vn 0.85843867 0.37501124 0.34992802
vn 0.88637507 0.29324430 0.35825548
vn 0.90717000 -0.25626394 0.33372357
vn 0.87707257 -0.31674576 0.36113125
vn 0.87992388 -0.32139137 0.34991646
vn 0.87992388 -0.32139137 0.34991646
vn 0.87707257 -0.31674576 0.36113125
vn 0.84938872 -0.40161499 0.34240934
vn 0.87992388 -0.32139137 0.34991646
vn 0.84938872 -0.40161499 0.34240934
vn 0.77656370 -0.30330706 0.55222613
vn 0.91648877 -0.21546592 0.33707976
vn 0.92805439 -0.14653383 0.34240744
vn 0.90717000 -0.25626394 0.33372357
vn 0.92805439 -0.14653383 0.34240744
vn 0.90186328 -0.22379756 0.36953658
vn 0.90717000 -0.25626394 0.33372357
vn 0.90717000 -0.25626394 0.33372357
vn 0.90186328 -0.22379756 0.36953658
vn 0.87707257 -0.31674576 0.36113125
vn 0.69381690 -0.12785119 0.70871162
vn 0.91648877 -0.21546592 0.33707976
vn 0.70328969 -0.23570415 0.67069155
vn 0.91648877 -0.21546592 0.33707976
vn 0.90717000 -0.25626394 0.33372357
vn 0.87992388 -0.32139137 0.34991646
vn 0.91648877 -0.21546592 0.33707976
vn 0.87992388 -0.32139137 0.34991646
vn 0.70328969 -0.23570415 0.67069155
vn 0.87992388 -0.32139137 0.34991646
vn 0.77656370 -0.30330706 0.55222613
vn 0.70328969 -0.23570415 0.67069155
vn 0.91648877 -0.21546592 0.33707976
vn 0.69381690 -0.12785119 0.70871162
vn 0.92805439 -0.14653383 0.34240744
vn 0.92805439 -0.14653383 0.34240744
vn 0.69381690 -0.12785119 0.70871162
vn 0.72443157 -0.05610603 0.68705964
vn 0.92805439 -0.14653383 0.34240744
vn 0.72443157 -0.05610603 0.68705964
vn 0.93758047 -0.06037026 0.34248844
vn 0.93758047 -0.06037026 0.34248844
vn 0.72443157 -0.05610603 0.68705964
vn 0.88342625 -0.01547733 0.46831459
vn 0.93758047 -0.06037026 0.34248844
vn 0.88342625 -0.01547733 0.46831459
vn 0.82624805 0.06973364 0.55897349
vn 0.92805439 -0.14653383 0.34240744
vn 0.91957992 -0.12663627 0.37193552
vn 0.90186328 -0.22379756 0.36953658
vn 0.92805439 -0.14653383 0.34240744
vn 0.93758047 -0.06037026 0.34248844
vn 0.91957992 -0.12663627 0.37193552
vn 0.93758047 -0.06037026 0.34248844
vn 0.82624805 0.06973364 0.55897349
vn 0.93673670 0.02734645 0.34896496
vn 0.93758047 -0.06037026 0.34248844
vn 0.93673670 0.02734645 0.34896496
vn 0.92791152 -0.04602298 0.36994880
vn 0.79448014 -0.50309968 0.34013522
vn 0.73000222 -0.60248584 0.32265702
vn 0.65601677 -0.46959993 0.59086204
vn 0.73000222 -0.60248584 0.32265702
vn 0.67817146 -0.63963228 0.36187568
vn 0.65326488 -0.68012506 0.33267832
vn 0.73000222 -0.60248584 0.32265702
vn 0.65326488 -0.68012506 0.33267832
vn 0.60855246 -0.60879719 0.50894982
vn 0.79448014 -0.50309968 0.34013522
vn 0.74061847 -0.56526899 0.36325642
vn 0.73000222 -0.60248584 0.32265702
vn 0.73000222 -0.60248584 0.32265702
vn 0.74061847 -0.56526899 0.36325642
vn 0.67817146 -0.63963228 0.36187568
vn 0.79448014 -0.50309968 0.34013522
vn 0.79556906 -0.47853717 0.37158051
vn 0.74061847 -0.56526899 0.36325642
vn 0.65601677 -0.46959993 0.59086204
vn 0.73000222 -0.60248584 0.32265702
vn 0.60855246 -0.60879719 0.50894982
vn 0.79448014 -0.50309968 0.34013522
vn 0.65601677 -0.46959993 0.59086204
vn 0.60745102 -0.33533853 0.72010511
vn 0.79448014 -0.50309968 0.34013522
vn 0.60745102 -0.33533853 0.72010511
vn 0.76187789 -0.40320072 0.50692332
vn 0.79448014 -0.50309968 0.34013522
vn 0.76187789 -0.40320072 0.50692332
vn 0.84938872 -0.40161499 0.34240934
vn 0.79448014 -0.50309968 0.34013522
vn 0.84938872 -0.40161499 0.34240934
vn 0.79556906 -0.47853717 0.37158051
vn 0.84938872 -0.40161499 0.34240934
vn 0.83975363 -0.39564034 0.37186360
vn 0.79556906 -0.47853717 0.37158051
vn 0.76187789 -0.40320072 0.50692332
vn 0.77656370 -0.30330706 0.55222613
vn 0.84938872 -0.40161499 0.34240934
vn 0.84938872 -0.40161499 0.34240934
vn 0.87707257 -0.31674576 0.36113125
vn 0.83975363 -0.39564034 0.37186360
vn 0.52736491 -0.77152812 0.35585189
vn 0.54109144 -0.76461768 0.35011405
vn 0.45990235 -0.81556976 0.35119203
vn 0.52736491 -0.77152812 0.35585189
vn 0.45990235 -0.81556976 0.35119203
vn 0.39499575 -0.76563543 0.50772113
vn 0.39499575 -0.76563543 0.50772113
vn 0.45990235 -0.81556976 0.35119203
vn 0.37347049 -0.86707842 0.32968888
vn 0.45990235 -0.81556976 0.35119203
vn 0.39147857 -0.84252870 0.36998641
vn 0.37347049 -0.86707842 0.32968888
vn 0.37347049 -0.86707842 0.32968888
vn 0.39147857 -0.84252870 0.36998641
vn 0.31480885 -0.88183314 0.35109219
vn 0.52736491 -0.77152812 0.35585189
vn 0.39499575 -0.76563543 0.50772113
vn 0.35675609 -0.57725096 0.73451096
vn 0.37347049 -0.86707842 0.32968888
vn 0.29050970 -0.80775547 0.51296705
vn 0.39499575 -0.76563543 0.50772113
vn 0.53954822 -0.66434193 0.51724029
vn 0.60855246 -0.60879719 0.50894982
vn 0.65326488 -0.68012506 0.33267832
vn 0.52736491 -0.77152812 0.35585189
vn 0.35675609 -0.57725096 0.73451096
vn 0.53954822 -0.66434193 0.51724029
vn 0.52736491 -0.77152812 0.35585189
vn 0.53954822 -0.66434193 0.51724029
vn 0.60518587 -0.71332651 0.35343370
vn 0.52736491 -0.77152812 0.35585189
vn 0.60518587 -0.71332651 0.35343370
vn 0.54109144 -0.76461768 0.35011405
vn 0.53954822 -0.66434193 0.51724029
vn 0.65326488 -0.68012506 0.33267832
vn 0.60518587 -0.71332651 0.35343370
vn 0.60518587 -0.71332651 0.35343370
vn 0.65326488 -0.68012506 0.33267832
vn 0.67817146 -0.63963228 0.36187568
vn 0.20415720 -0.91633207 0.34446394
vn 0.11409597 -0.92687982 0.35759747
vn 0.10915661 -0.84893888 0.51709533
vn 0.10915661 -0.84893888 0.51709533
vn 0.11409597 -0.92687982 0.35759747
vn 0.02460303 -0.94142717 0.33631766
vn 0.10915661 -0.84893888 0.51709533
vn 0.02460303 -0.94142717 0.33631766
vn 0.04337158 -0.86794889 0.49475610
vn 0.11409597 -0.92687982 0.35759747
vn 0.02936658 -0.92839831 0.37042436
vn 0.02460303 -0.94142717 0.33631766
vn 0.20415720 -0.91633207 0.34446394
vn 0.10915661 -0.84893888 0.51709533
vn 0.20449792 -0.81283826 0.54541230
vn 0.04337158 -0.86794889 0.49475610
vn 0.02460303 -0.94142717 0.33631766
vn -0.06374180 -0.93680990 0.34398288
vn 0.04337158 -0.86794889 0.49475610
vn -0.06374180 -0.93680990 0.34398288
vn -0.01301915 -0.78987575 0.61312866
vn 0.20449792 -0.81283826 0.54541230
vn 0.22127722 -0.70385677 0.67499781
vn 0.31480885 -0.88183314 0.35109219
vn 0.20449792 -0.81283826 0.54541230
vn 0.31480885 -0.88183314 0.35109219
vn 0.20415720 -0.91633207 0.34446394
vn 0.20415720 -0.91633207 0.34446394
vn 0.31480885 -0.88183314 0.35109219
vn 0.26510555 -0.88844305 0.37468392
vn 0.22127722 -0.70385677 0.67499781
vn 0.29050970 -0.80775547 0.51296705
vn 0.37347049 -0.86707842 0.32968888
vn 0.22127722 -0.70385677 0.67499781
vn 0.37347049 -0.86707842 0.32968888
vn 0.31480885 -0.88183314 0.35109219
vn -0.20276549 -0.92171901 0.33063599
vn -0.17399168 -0.92019928 0.35065681
vn -0.24428780 -0.90192145 0.35617569
vn -0.20276549 -0.92171901 0.33063599
vn -0.24428780 -0.90192145 0.35617569
vn -0.29806691 -0.83987635 0.45361191
vn -0.29806691 -0.83987635 0.45361191
vn -0.24428780 -0.90192145 0.35617569
vn -0.31291583 -0.88001245 0.35729790
vn -0.29806691 -0.83987635 0.45361191
vn -0.31291583 -0.88001245 0.35729790
vn -0.35954413 -0.87741339 0.31760636
vn -0.35954413 -0.87741339 0.31760636
vn -0.31291583 -0.88001245 0.35729790
vn -0.38340846 -0.85335982 0.35323507
vn -0.15208849 -0.83722180 0.52528924
vn -0.20276549 -0.92171901 0.33063599
vn -0.20373525 -0.65374649 0.72877121
vn -0.20276549 -0.92171901 0.33063599
vn -0.29806691 -0.83987635 0.45361191
vn -0.20373525 -0.65374649 0.72877121
vn -0.35954413 -0.87741339 0.31760636
vn -0.32327178 -0.74820530 0.57938260
vn -0.29806691 -0.83987635 0.45361191
vn -0.07394220 -0.74574405 0.66211653
vn -0.01301915 -0.78987575 0.61312866
vn -0.06374180 -0.93680990 0.34398288
vn -0.20276549 -0.92171901 0.33063599
vn -0.15208849 -0.83722180 0.52528924
vn -0.12252279 -0.92544150 0.35853335
vn -0.20276549 -0.92171901 0.33063599
vn -0.12252279 -0.92544150 0.35853335
vn -0.17399168 -0.92019928 0.35065681
vn -0.15208849 -0.83722180 0.52528924
vn -0.07394220 -0.74574405 0.66211653
vn -0.06374180 -0.93680990 0.34398288
vn -0.15208849 -0.83722180 0.52528924
vn -0.06374180 -0.93680990 0.34398288
vn -0.12252279 -0.92544150 0.35853335
vn -0.06374180 -0.93680990 0.34398288
vn 0.02460303 -0.94142717 0.33631766
vn 0.02936658 -0.92839831 0.37042436
vn -0.53602016 -0.77185917 0.34192950
vn -0.59455794 -0.72532880 0.34698555
vn -0.48731044 -0.66808319 0.56231076
vn -0.48731044 -0.66808319 0.56231076
vn -0.59455794 -0.72532880 0.34698555
vn -0.54415953 -0.63796097 0.54488182
vn -0.54415953 -0.63796097 0.54488182
vn -0.59455794 -0.72532880 0.34698555
vn -0.65511918 -0.68168533 0.32576671
vn -0.65511918 -0.68168533 0.32576671
vn -0.59455794 -0.72532880 0.34698555
vn -0.64668906 -0.67467284 0.35582274
vn -0.59455794 -0.72532880 0.34698555
vn -0.53602016 -0.77185917 0.34192950
vn -0.59948641 -0.70747530 0.37429234
vn -0.59455794 -0.72532880 0.34698555
vn -0.59948641 -0.70747530 0.37429234
vn -0.64668906 -0.67467284 0.35582274
vn -0.53602016 -0.77185917 0.34192950
vn -0.48731044 -0.66808319 0.56231076
vn -0.48134413 -0.79865533 0.36118907
vn -0.48134413 -0.79865533 0.36118907
vn -0.48731044 -0.66808319 0.56231076
vn -0.43214315 -0.65048933 0.62459260
vn -0.54415953 -0.63796097 0.54488182
vn -0.65511918 -0.68168533 0.32576671
vn -0.60227388 -0.60932326 0.51574349
vn -0.38574150 -0.75441307 0.53109735
vn -0.32327178 -0.74820530 0.57938260
vn -0.35954413 -0.87741339 0.31760636
vn -0.48134413 -0.79865533 0.36118907
vn -0.43214315 -0.65048933 0.62459260
vn -0.38574150 -0.75441307 0.53109735
vn -0.53602016 -0.77185917 0.34192950
vn -0.48134413 -0.79865533 0.36118907
vn -0.45857608 -0.81929964 0.34417453
vn -0.53602016 -0.77185917 0.34192950
vn -0.45857608 -0.81929964 0.34417453
vn -0.49679947 -0.78426862 0.37163565
vn -0.48134413 -0.79865533 0.36118907
vn -0.38574150 -0.75441307 0.53109735
vn -0.45857608 -0.81929964 0.34417453
vn -0.45857608 -0.81929964 0.34417453
vn -0.43489847 -0.81897867 0.37434909
vn -0.49679947 -0.78426862 0.37163565
vn -0.38574150 -0.75441307 0.53109735
vn -0.35954413 -0.87741339 0.31760636
vn -0.38340846 -0.85335982 0.35323507
vn -0.38574150 -0.75441307 0.53109735
vn -0.38340846 -0.85335982 0.35323507
vn -0.45857608 -0.81929964 0.34417453
vn -0.45857608 -0.81929964 0.34417453
vn -0.38340846 -0.85335982 0.35323507
vn -0.43489847 -0.81897867 0.37434909
vn -0.76801735 -0.54412150 0.33775908
vn -0.79253936 -0.49118739 0.36140880
vn -0.82410407 -0.46151137 0.32842004
vn -0.82410407 -0.46151137 0.32842004
vn -0.79253936 -0.49118739 0.36140880
vn -0.83201241 -0.41849211 0.36416990
vn -0.82410407 -0.46151137 0.32842004
vn -0.83201241 -0.41849211 0.36416990
vn -0.86082304 -0.38335407 0.33469886
vn -0.83201241 -0.41849211 0.36416990
vn -0.85846776 -0.35457844 0.37054992
vn -0.86082304 -0.38335407 0.33469886
vn -0.76801735 -0.54412150 0.33775908
vn -0.82410407 -0.46151137 0.32842004
vn -0.74505383 -0.44047290 0.50087762
vn -0.82410407 -0.46151137 0.32842004
vn -0.86082304 -0.38335407 0.33469886
vn -0.81679595 -0.34158057 0.46493781
vn -0.82410407 -0.46151137 0.32842004
vn -0.81679595 -0.34158057 0.46493781
vn -0.74505383 -0.44047290 0.50087762
vn -0.76801735 -0.54412150 0.33775908
vn -0.74505383 -0.44047290 0.50087762
vn -0.73259723 -0.56366324 0.38155606
vn -0.76801735 -0.54412150 0.33775908
vn -0.73259723 -0.56366324 0.38155606
vn -0.71374363 -0.61592329 0.33347946
vn -0.71374363 -0.61592329 0.33347946
vn -0.73259723 -0.56366324 0.38155606
vn -0.69038701 -0.63676000 0.34336933
vn -0.69038701 -0.63676000 0.34336933
vn -0.60227388 -0.60932326 0.51574349
vn -0.65511918 -0.68168533 0.32576671
vn -0.73259723 -0.56366324 0.38155606
vn -0.55394739 -0.46879303 0.68802279
vn -0.69038701 -0.63676000 0.34336933
vn -0.69038701 -0.63676000 0.34336933
vn -0.55394739 -0.46879303 0.68802279
vn -0.60227388 -0.60932326 0.51574349
vn -0.79253936 -0.49118739 0.36140880
vn -0.76801735 -0.54412150 0.33775908
vn -0.73490328 -0.56992692 0.36756021
vn -0.76801735 -0.54412150 0.33775908
vn -0.71374363 -0.61592329 0.33347946
vn -0.73490328 -0.56992692 0.36756021
vn -0.71374363 -0.61592329 0.33347946
vn -0.67701262 -0.63665885 0.36921462
vn -0.73490328 -0.56992692 0.36756021
vn -0.69038701 -0.63676000 0.34336933
vn -0.65511918 -0.68168533 0.32576671
vn -0.71374363 -0.61592329 0.33347946
vn -0.71374363 -0.61592329 0.33347946
vn -0.65511918 -0.68168533 0.32576671
vn -0.64668906 -0.67467284 0.35582274
vn -0.71374363 -0.61592329 0.33347946
vn -0.64668906 -0.67467284 0.35582274
vn -0.67701262 -0.63665885 0.36921462
vn -0.92433804 -0.17670308 0.33819404
vn -0.92665690 -0.09781989 0.36295766
vn -0.93471253 -0.07557133 0.34727728
vn -0.93471253 -0.07557133 0.34727728
vn -0.92665690 -0.09781989 0.36295766
vn -0.93108290 -0.04288887 0.36227772
vn -0.93471253 -0.07557133 0.34727728
vn -0.93108290 -0.04288887 0.36227772
vn -0.93918991 0.02253047 0.34265822
vn -0.93108290 -0.04288887 0.36227772
vn -0.93115491 0.03303616 0.36312416
vn -0.93918991 0.02253047 0.34265822
vn -0.92433804 -0.17670308 0.33819404
vn -0.93471253 -0.07557133 0.34727728
vn -0.82135767 -0.15406218 0.54921436
vn -0.82135767 -0.15406218 0.54921436
vn -0.93471253 -0.07557133 0.34727728
vn -0.72532344 -0.06197508 0.68561286
vn -0.93471253 -0.07557133 0.34727728
vn -0.93918991 0.02253047 0.34265822
vn -0.76790321 0.03234768 0.63974863
vn -0.93471253 -0.07557133 0.34727728
vn -0.76790321 0.03234768 0.63974863
vn -0.72532344 -0.06197508 0.68561286
vn -0.81513369 -0.25590062 0.51968443
vn -0.81679595 -0.34158057 0.46493781
vn -0.89370024 -0.29075190 0.34170637
vn -0.82135767 -0.15406218 0.54921436
vn -0.81513369 -0.25590062 0.51968443
vn -0.92433804 -0.17670308 0.33819404
vn -0.92433804 -0.17670308 0.33819404
vn -0.81513369 -0.25590062 0.51968443
vn -0.89370024 -0.29075190 0.34170637
vn -0.92433804 -0.17670308 0.33819404
vn -0.89370024 -0.29075190 0.34170637
vn -0.91169780 -0.18587585 0.36641139
vn -0.91169780 -0.18587585 0.36641139
vn -0.89370024 -0.29075190 0.34170637
vn -0.88526762 -0.28657266 0.36630231
vn -0.89370024 -0.29075190 0.34170637
vn -0.81679595 -0.34158057 0.46493781
vn -0.86082304 -0.38335407 0.33469886
vn -0.89370024 -0.29075190 0.34170637
vn -0.86082304 -0.38335407 0.33469886
vn -0.85846776 -0.35457844 0.37054992
vn -0.89370024 -0.29075190 0.34170637
vn -0.85846776 -0.35457844 0.37054992
vn -0.88526762 -0.28657266 0.36630231
vn -0.92611539 0.20699322 0.31537932
vn -0.89457148 0.29660955 0.33431211
vn -0.75337249 0.22508040 0.61787432
vn -0.89457148 0.29660955 0.33431211
vn -0.86156285 0.36055422 0.35736549
vn -0.68138427 0.29849797 0.66829216
vn -0.92611539 0.20699322 0.31537932
vn -0.91126835 0.20160481 0.35908985
vn -0.89457148 0.29660955 0.33431211
vn -0.91126835 0.20160481 0.35908985
vn -0.88444370 0.28391534 0.37033963
vn -0.89457148 0.29660955 0.33431211
vn -0.89457148 0.29660955 0.33431211
vn -0.88444370 0.28391534 0.37033963
vn -0.86156285 0.36055422 0.35736549
vn -0.85948604 0.10622504 0.49999994
vn -0.92611539 0.20699322 0.31537932
vn -0.75337249 0.22508040 0.61787432
vn -0.89457148 0.29660955 0.33431211
vn -0.68138427 0.29849797 0.66829216
vn -0.75337249 0.22508040 0.61787432
vn -0.85948604 0.10622504 0.49999994
vn -0.76790321 0.03234768 0.63974863
vn -0.93918991 0.02253047 0.34265822
vn -0.92611539 0.20699322 0.31537932
vn -0.85948604 0.10622504 0.49999994
vn -0.92845070 0.12052507 0.35135877
vn -0.92611539 0.20699322 0.31537932
vn -0.92845070 0.12052507 0.35135877
vn -0.91126835 0.20160481 0.35908985
vn -0.85948604 0.10622504 0.49999994
vn -0.93918991 0.02253047 0.34265822
vn -0.92845070 0.12052507 0.35135877
vn -0.92845070 0.12052507 0.35135877
vn -0.93918991 0.02253047 0.34265822
vn -0.93115491 0.03303616 0.36312416
vn -0.69604021 0.65716445 0.28924534
vn -0.71582609 0.61242330 0.33545592
vn -0.51994079 0.55055463 0.65310884
vn -0.79835612 0.50170684 0.33304316
vn -0.76139808 0.54304445 0.35408431
vn -0.56199354 0.39814955 0.72501045
vn -0.56199354 0.39814955 0.72501045
vn -0.76139808 0.54304445 0.35408431
vn -0.71582609 0.61242330 0.33545592
vn -0.71582609 0.61242330 0.33545592
vn -0.64666516 0.68319374 0.33922043
vn -0.51994079 0.55055463 0.65310884
vn -0.76139808 0.54304445 0.35408431
vn -0.69387585 0.62148726 0.36371675
vn -0.71582609 0.61242330 0.33545592
vn -0.71582609 0.61242330 0.33545592
vn -0.69387585 0.62148726 0.36371675
vn -0.64666516 0.68319374 0.33922043
vn -0.76139808 0.54304445 0.35408431
vn -0.74636114 0.55151385 0.37252861
vn -0.69387585 0.62148726 0.36371675
vn -0.56199354 0.39814955 0.72501045
vn -0.71582609 0.61242330 0.33545592
vn -0.53978610 0.46528929 0.70152467
vn -0.71582609 0.61242330 0.33545592
vn -0.69604021 0.65716445 0.28924534
vn -0.53978610 0.46528929 0.70152467
vn -0.79835612 0.50170684 0.33304316
vn -0.56199354 0.39814955 0.72501045
vn -0.63842201 0.36079404 0.67988598
vn -0.63842201 0.36079404 0.67988598
vn -0.68138427 0.29849797 0.66829216
vn -0.84159696 0.42210865 0.33695534
vn -0.79835612 0.50170684 0.33304316
vn -0.79864031 0.48035231 0.36254016
vn -0.76139808 0.54304445 0.35408431
vn -0.79835612 0.50170684 0.33304316
vn -0.63842201 0.36079404 0.67988598
vn -0.84159696 0.42210865 0.33695534
vn -0.79835612 0.50170684 0.33304316
vn -0.84159696 0.42210865 0.33695534
vn -0.82552963 0.43498233 0.35957092
vn -0.79835612 0.50170684 0.33304316
vn -0.82552963 0.43498233 0.35957092
vn -0.79864031 0.48035231 0.36254016
vn -0.84159696 0.42210865 0.33695534
vn -0.83206028 0.40988919 0.37371990
vn -0.82552963 0.43498233 0.35957092
vn -0.84159696 0.42210865 0.33695534
vn -0.68138427 0.29849797 0.66829216
vn -0.86156285 0.36055422 0.35736549
vn -0.84159696 0.42210865 0.33695534
vn -0.86156285 0.36055422 0.35736549
vn -0.83206028 0.40988919 0.37371990
vn 0.26080039 0.96202475 0.08057028
vn 0.43996245 0.89801139 -0.00292643
vn 0.44895822 0.88355631 0.13328463
vn 0.26080039 0.96202475 0.08057028
vn 0.17150080 0.98514724 -0.00851018
vn 0.30201676 0.90166044 0.30950651
vn 0.26080039 0.96202475 0.08057028
vn 0.30201676 0.90166044 0.30950651
vn 0.43996245 0.89801139 -0.00292643
vn 0.26080039 0.96202475 0.08057028
vn 0.31586096 0.92330426 0.21849726
vn 0.13970596 0.97453058 0.17542055
vn 0.13970596 0.97453058 0.17542055
vn 0.31586096 0.92330426 0.21849726
vn 0.19079283 0.94276273 0.27348962
vn 0.31586096 0.92330426 0.21849726
vn 0.30446246 0.90260285 0.30432007
vn 0.19079283 0.94276273 0.27348962
vn 0.26080039 0.96202475 0.08057028
vn 0.44895822 0.88355631 0.13328463
vn 0.31586096 0.92330426 0.21849726
vn 0.13970596 0.97453058 0.17542055
vn 0.00167400 0.96727455 0.25372660
vn -0.05438038 0.98809671 0.14390151
vn 0.13970596 0.97453058 0.17542055
vn 0.19079283 0.94276273 0.27348962
vn 0.10825475 0.96280336 0.24756929
vn 0.13970596 0.97453058 0.17542055
vn 0.10825475 0.96280336 0.24756929
vn 0.00167400 0.96727455 0.25372660
vn 0.10825475 0.96280336 0.24756929
vn 0.19079283 0.94276273 0.27348962
vn 0.04221257 0.94755238 0.31680050
vn 0.10825475 0.96280336 0.24756929
vn 0.04221257 0.94755238 0.31680050
vn 0.00167400 0.96727455 0.25372660
vn 0.26080039 0.96202475 0.08057028
vn 0.13970596 0.97453058 0.17542055
vn 0.02486740 0.99908745 0.03472552
vn 0.26080039 0.96202475 0.08057028
vn 0.02486740 0.99908745 0.03472552
vn 0.17150080 0.98514724 -0.00851018
vn 0.13970596 0.97453058 0.17542055
vn -0.05438038 0.98809671 0.14390151
vn 0.02486740 0.99908745 0.03472552
vn -0.20463990 0.91833311 0.33880195
vn -0.15808220 0.91840190 0.36269540
vn -0.10279152 0.82276654 0.55900729
vn -0.10279152 0.82276654 0.55900729
vn -0.15808220 0.91840190 0.36269540
vn -0.08454974 0.93211967 0.35214242
vn -0.10279152 0.82276654 0.55900729
vn -0.08454974 0.93211967 0.35214242
vn -0.03729986 0.94846678 0.31467363
vn -0.03729986 0.94846678 0.31467363
vn -0.08454974 0.93211967 0.35214242
vn -0.01938840 0.93474048 0.35480186
vn -0.20463990 0.91833311 0.33880195
vn -0.10279152 0.82276654 0.55900729
vn -0.21004905 0.80916536 0.54875386
vn -0.03729986 0.94846678 0.31467363
vn 0.01389647 0.76894939 0.63915861
vn -0.10279152 0.82276654 0.55900729
vn -0.21004905 0.80916536 0.54875386
vn -0.28602353 0.88712418 0.36221713
vn -0.20463990 0.91833311 0.33880195
vn -0.21004905 0.80916536 0.54875386
vn -0.33987838 0.81601131 0.46755558
vn -0.36092195 0.86838698 0.34005794
vn -0.21004905 0.80916536 0.54875386
vn -0.36092195 0.86838698 0.34005794
vn -0.28602353 0.88712418 0.36221713
vn -0.36092195 0.86838698 0.34005794
vn -0.37883088 0.84662986 0.37377140
vn -0.28602353 0.88712418 0.36221713
vn -0.52561474 0.77964312 0.34041998
vn -0.44963378 0.82382578 0.34516746
vn -0.40033093 0.66123599 0.63443059
vn -0.40033093 0.66123599 0.63443059
vn -0.44963378 0.82382578 0.34516746
vn -0.32643703 0.65564764 0.68085611
vn -0.32643703 0.65564764 0.68085611
vn -0.44963378 0.82382578 0.34516746
vn -0.36092195 0.86838698 0.34005794
vn -0.52561474 0.77964312 0.34041998
vn -0.49428967 0.78582394 0.37169674
vn -0.44963378 0.82382578 0.34516746
vn -0.49428967 0.78582394 0.37169674
vn -0.43597478 0.81935966 0.37225759
vn -0.44963378 0.82382578 0.34516746
vn -0.44963378 0.82382578 0.34516746
vn -0.43597478 0.81935966 0.37225759
vn -0.37883088 0.84662986 0.37377140
vn -0.44963378 0.82382578 0.34516746
vn -0.37883088 0.84662986 0.37377140
vn -0.36092195 0.86838698 0.34005794
vn -0.32643703 0.65564764 0.68085611
vn -0.36092195 0.86838698 0.34005794
vn -0.33987838 0.81601131 0.46755558
vn -0.52561474 0.77964312 0.34041998
vn -0.40033093 0.66123599 0.63443059
vn -0.56923348 0.73866189 0.36104274
vn -0.40033093 0.66123599 0.63443059
vn -0.45992556 0.54519981 0.70087492
vn -0.56923348 0.73866189 0.36104274
vn -0.56923348 0.73866189 0.36104274
vn -0.45992556 0.54519981 0.70087492
vn -0.51994079 0.55055463 0.65310884
vn -0.52561474 0.77964312 0.34041998
vn -0.56923348 0.73866189 0.36104274
vn -0.55629897 0.74953544 0.35878688
vn -0.56923348 0.73866189 0.36104274
vn -0.59434670 0.72203606 0.35414112
vn -0.55629897 0.74953544 0.35878688
vn -0.56923348 0.73866189 0.36104274
vn -0.51994079 0.55055463 0.65310884
vn -0.64666516 0.68319374 0.33922043
vn -0.56923348 0.73866189 0.36104274
vn -0.64666516 0.68319374 0.33922043
vn -0.59434670 0.72203606 0.35414112
vn -0.59434670 0.72203606 0.35414112
vn -0.64666516 0.68319374 0.33922043
vn -0.62657392 0.68393672 0.37367854
vn -0.64666516 0.68319374 0.33922043
vn -0.69387585 0.62148726 0.36371675
vn -0.62657392 0.68393672 0.37367854
vn 0.00253093 0.00415589 0.99998814
vn -0.00026685 -0.00641404 0.99997938
vn 0.00580140 -0.00351260 0.99997699
vn 0.00580140 -0.00351260 0.99997699
vn -0.00026685 -0.00641404 0.99997938
vn -0.08941530 0.20780364 0.97407526
vn 0.00253093 0.00415589 0.99998814
vn 0.00580140 -0.00351260 0.99997699
vn -0.13702372 -0.00157406 0.99056649
vn 0.00253093 0.00415589 0.99998814
vn -0.13702372 -0.00157406 0.99056649
vn -0.03339498 -0.02871761 0.99902958
vn 0.00253093 0.00415589 0.99998814
vn -0.01102224 -0.29187942 0.95639163
vn 0.04338729 -0.12788759 0.99083918
vn 0.00253093 0.00415589 0.99998814
vn 0.04338729 -0.12788759 0.99083918
vn -0.00248330 0.00223065 0.99999446
vn -0.00545449 -0.00359998 0.99997866
vn 0.00253093 0.00415589 0.99998814
vn -0.00248330 0.00223065 0.99999446
vn -0.00248330 0.00223065 0.99999446
vn 0.04338729 -0.12788759 0.99083918
vn 0.20623359 -0.19212250 0.95945644
vn 0.00253093 0.00415589 0.99998814
vn -0.00545449 -0.00359998 0.99997866
vn -0.00026685 -0.00641404 0.99997938
vn -0.00545449 -0.00359998 0.99997866
vn 0.01591716 0.08035812 0.99663895
vn -0.00026685 -0.00641404 0.99997938
vn 0.14947778 0.91385370 0.37752852
vn 0.09450154 0.93140346 0.35150683
vn 0.21656431 0.90426528 0.36797315
vn 0.21656431 0.90426528 0.36797315
vn 0.31035876 0.88438183 0.34863478
vn 0.29612470 0.87930143 0.37301362
vn 0.29612470 0.87930143 0.37301362
vn 0.31035876 0.88438183 0.34863478
vn 0.38003287 0.84831327 0.36869997
vn 0.29612470 0.87930143 0.37301362
vn 0.38003287 0.84831327 0.36869997
vn 0.38477927 0.84389293 0.37388453
vn 0.21656431 0.90426528 0.36797315
vn 0.18245555 0.92166001 0.34242204
vn 0.31035876 0.88438183 0.34863478
vn 0.18245555 0.92166001 0.34242204
vn 0.30446246 0.90260285 0.30432007
vn 0.31035876 0.88438183 0.34863478
vn 0.31035876 0.88438183 0.34863478
vn 0.30446246 0.90260285 0.30432007
vn 0.43542349 0.84051263 0.32240489
vn 0.14947778 0.91385370 0.37752852
vn 0.21656431 0.90426528 0.36797315
vn 0.24928027 0.89214402 0.37674710
vn 0.14947778 0.91385370 0.37752852
vn 0.24928027 0.89214402 0.37674710
vn 0.19885933 0.91049486 0.36256590
vn 0.21656431 0.90426528 0.36797315
vn 0.29612470 0.87930143 0.37301362
vn 0.24928027 0.89214402 0.37674710
vn 0.24928027 0.89214402 0.37674710
vn 0.31426853 0.88130206 0.35290506
vn 0.19885933 0.91049486 0.36256590
vn 0.29612470 0.87930143 0.37301362
vn 0.33557713 0.86480039 0.37350807
vn 0.24928027 0.89214402 0.37674710
vn 0.24928027 0.89214402 0.37674710
vn 0.33557713 0.86480039 0.37350807
vn 0.31426853 0.88130206 0.35290506
vn 0.29612470 0.87930143 0.37301362
vn 0.38477927 0.84389293 0.37388453
vn 0.33557713 0.86480039 0.37350807
vn 0.14947778 0.91385370 0.37752852
vn 0.19885933 0.91049486 0.36256590
vn 0.11707421 0.92722976 0.35572270
vn 0.14947778 0.91385370 0.37752852
vn 0.11707421 0.92722976 0.35572270
vn 0.09209016 0.90802240 0.40867430
vn 0.09209016 0.90802240 0.40867430
vn 0.11707421 0.92722976 0.35572270
vn 0.04887767 0.93369615 0.35471457
vn 0.09209016 0.90802240 0.40867430
vn 0.04887767 0.93369615 0.35471457
vn 0.02449535 0.92777497 0.37233528
vn 0.04887767 0.93369615 0.35471457
vn -0.01938840 0.93474048 0.35480186
vn 0.02449535 0.92777497 0.37233528
vn 0.21656431 0.90426528 0.36797315
vn 0.09450154 0.93140346 0.35150683
vn 0.18245555 0.92166001 0.34242204
vn 0.18245555 0.92166001 0.34242204
vn 0.19079283 0.94276273 0.27348962
vn 0.30446246 0.90260285 0.30432007
vn 0.18245555 0.92166001 0.34242204
vn 0.09450154 0.93140346 0.35150683
vn 0.04221257 0.94755238 0.31680050
vn 0.18245555 0.92166001 0.34242204
vn 0.04221257 0.94755238 0.31680050
vn 0.19079283 0.94276273 0.27348962
vn 0.09209016 0.90802240 0.40867430
vn 0.02449535 0.92777497 0.37233528
vn 0.14947778 0.91385370 0.37752852
vn 0.14947778 0.91385370 0.37752852
vn 0.02449535 0.92777497 0.37233528
vn 0.09450154 0.93140346 0.35150683
vn 0.02449535 0.92777497 0.37233528
vn -0.03994168 0.93263048 0.35861543
vn 0.09450154 0.93140346 0.35150683
vn 0.09450154 0.93140346 0.35150683
vn -0.03994168 0.93263048 0.35861543
vn 0.04221257 0.94755238 0.31680050
vn 0.58153415 0.78810573 0.20176074
vn 0.63579220 0.77061701 0.04379198
vn 0.71111274 0.69224137 0.12296558
vn 0.46347359 0.85243493 0.24196468
vn 0.58153415 0.78810573 0.20176074
vn 0.58305335 0.75733918 0.29408523
vn 0.58153415 0.78810573 0.20176074
vn 0.71111274 0.69224137 0.12296558
vn 0.70015883 0.67048615 0.24540973
vn 0.58153415 0.78810573 0.20176074
vn 0.70015883 0.67048615 0.24540973
vn 0.70521718 0.63059628 0.32406342
vn 0.58153415 0.78810573 0.20176074
vn 0.70521718 0.63059628 0.32406342
vn 0.58305335 0.75733918 0.29408523
vn 0.58153415 0.78810573 0.20176074
vn 0.46347359 0.85243493 0.24196468
vn 0.44895822 0.88355631 0.13328463
vn 0.44895822 0.88355631 0.13328463
vn 0.46347359 0.85243493 0.24196468
vn 0.31586096 0.92330426 0.21849726
vn 0.46347359 0.85243493 0.24196468
vn 0.30446246 0.90260285 0.30432007
vn 0.31586096 0.92330426 0.21849726
vn 0.58305335 0.75733918 0.29408523
vn 0.43542349 0.84051263 0.32240489
vn 0.46347359 0.85243493 0.24196468
vn 0.46347359 0.85243493 0.24196468
vn 0.43542349 0.84051263 0.32240489
vn 0.30446246 0.90260285 0.30432007
vn 0.58153415 0.78810573 0.20176074
vn 0.44895822 0.88355631 0.13328463
vn 0.63579220 0.77061701 0.04379198
vn 0.63579220 0.77061701 0.04379198
vn 0.44895822 0.88355631 0.13328463
vn 0.43996245 0.89801139 -0.00292643
vn 0.63579220 0.77061701 0.04379198
vn 0.43996245 0.89801139 -0.00292643
vn 0.55879539 0.81234854 0.16684595
vn 0.54008788 0.75293952 0.37601492
vn 0.52195042 0.77805191 0.34957540
vn 0.59023154 0.72409713 0.35680544
vn 0.54008788 0.75293952 0.37601492
vn 0.59023154 0.72409713 0.35680544
vn 0.62224746 0.69105071 0.36777306
vn 0.62224746 0.69105071 0.36777306
vn 0.70178831 0.61493152 0.35965592
vn 0.67146671 0.63830554 0.37642857
vn 0.62224746 0.69105071 0.36777306
vn 0.59023154 0.72409713 0.35680544
vn 0.70521718 0.63059628 0.32406342
vn 0.62224746 0.69105071 0.36777306
vn 0.70521718 0.63059628 0.32406342
vn 0.70178831 0.61493152 0.35965592
vn 0.52195042 0.77805191 0.34957540
vn 0.43542349 0.84051263 0.32240489
vn 0.58305335 0.75733918 0.29408523
vn 0.52195042 0.77805191 0.34957540
vn 0.58305335 0.75733918 0.29408523
vn 0.59023154 0.72409713 0.35680544
vn 0.59023154 0.72409713 0.35680544
vn 0.58305335 0.75733918 0.29408523
vn 0.70521718 0.63059628 0.32406342
vn 0.54008788 0.75293952 0.37601492
vn 0.62224746 0.69105071 0.36777306
vn 0.61753535 0.69365352 0.37080309
vn 0.54008788 0.75293952 0.37601492
vn 0.61753535 0.69365352 0.37080309
vn 0.53969675 0.76518542 0.35102528
vn 0.62224746 0.69105071 0.36777306
vn 0.67146671 0.63830554 0.37642857
vn 0.61753535 0.69365352 0.37080309
vn 0.48325503 0.79150903 0.37413639
vn 0.41146332 0.83420455 0.36715209
vn 0.38477927 0.84389293 0.37388453
vn 0.38477927 0.84389293 0.37388453
vn 0.41146332 0.83420455 0.36715209
vn 0.33557713 0.86480039 0.37350807
vn 0.54008788 0.75293952 0.37601492
vn 0.53969675 0.76518542 0.35102528
vn 0.48325503 0.79150903 0.37413639
vn 0.54008788 0.75293952 0.37601492
vn 0.48325503 0.79150903 0.37413639
vn 0.43960437 0.82436442 0.35661092
vn 0.54008788 0.75293952 0.37601492
vn 0.43960437 0.82436442 0.35661092
vn 0.52195042 0.77805191 0.34957540
vn 0.52195042 0.77805191 0.34957540
vn 0.43960437 0.82436442 0.35661092
vn 0.43542349 0.84051263 0.32240489
vn 0.48325503 0.79150903 0.37413639
vn 0.38477927 0.84389293 0.37388453
vn 0.38003287 0.84831327 0.36869997
vn 0.48325503 0.79150903 0.37413639
vn 0.38003287 0.84831327 0.36869997
vn 0.43960437 0.82436442 0.35661092
vn 0.38003287 0.84831327 0.36869997
vn 0.31035876 0.88438183 0.34863478
vn 0.43960437 0.82436442 0.35661092
vn 0.43960437 0.82436442 0.35661092
vn 0.31035876 0.88438183 0.34863478
vn 0.43542349 0.84051263 0.32240489
vn 0.79543453 0.59057558 0.13603099
vn 0.87429094 0.48524582 0.01232077
vn 0.86390692 0.49078712 0.11310522
vn 0.86390692 0.49078712 0.11310522
vn 0.87429094 0.48524582 0.01232077
vn 0.91754627 0.37986138 0.11753376
vn 0.91754627 0.37986138 0.11753376
vn 0.87429094 0.48524582 0.01232077
vn 0.95587277 0.29326701 0.01737048
vn 0.87429094 0.48524582 0.01232077
vn 0.88048917 0.34894529 0.32089877
vn 0.95587277 0.29326701 0.01737048
vn 0.79543453 0.59057558 0.13603099
vn 0.86390692 0.49078712 0.11310522
vn 0.85857493 0.46047658 0.22541158
vn 0.79543453 0.59057558 0.13603099
vn 0.85857493 0.46047658 0.22541158
vn 0.78729767 0.58013964 0.20880695
vn 0.78729767 0.58013964 0.20880695
vn 0.85857493 0.46047658 0.22541158
vn 0.80951762 0.51940554 0.27367687
vn 0.86390692 0.49078712 0.11310522
vn 0.91754627 0.37986138 0.11753376
vn 0.91215760 0.34091023 0.22748351
vn 0.86390692 0.49078712 0.11310522
vn 0.91215760 0.34091023 0.22748351
vn 0.85857493 0.46047658 0.22541158
vn 0.85857493 0.46047658 0.22541158
vn 0.88049042 0.36271423 0.30524576
vn 0.80951762 0.51940554 0.27367687
vn 0.80951762 0.51940554 0.27367687
vn 0.88049042 0.36271423 0.30524576
vn 0.80359882 0.49629360 0.32851416
vn 0.85857493 0.46047658 0.22541158
vn 0.91215760 0.34091023 0.22748351
vn 0.88049042 0.36271423 0.30524576
vn 0.71111274 0.69224137 0.12296558
vn 0.79543453 0.59057558 0.13603099
vn 0.70015883 0.67048615 0.24540973
vn 0.79543453 0.59057558 0.13603099
vn 0.78729767 0.58013964 0.20880695
vn 0.70015883 0.67048615 0.24540973
vn 0.78729767 0.58013964 0.20880695
vn 0.80951762 0.51940554 0.27367687
vn 0.70015883 0.67048615 0.24540973
vn 0.80951762 0.51940554 0.27367687
vn 0.80359882 0.49629360 0.32851416
vn 0.70521718 0.63059628 0.32406342
vn 0.80951762 0.51940554 0.27367687
vn 0.70521718 0.63059628 0.32406342
vn 0.70015883 0.67048615 0.24540973
vn 0.79543453 0.59057558 0.13603099
vn 0.76452065 0.64439642 0.01616885
vn 0.87429094 0.48524582 0.01232077
vn 0.87429094 0.48524582 0.01232077
vn 0.76452065 0.64439642 0.01616885
vn 0.76942152 0.58617419 0.25375262
vn 0.79543453 0.59057558 0.13603099
vn 0.71111274 0.69224137 0.12296558
vn 0.76452065 0.64439642 0.01616885
vn 0.71111274 0.69224137 0.12296558
vn 0.63579220 0.77061701 0.04379198
vn 0.76452065 0.64439642 0.01616885
vn 0.76452065 0.64439642 0.01616885
vn 0.63579220 0.77061701 0.04379198
vn 0.76942152 0.58617419 0.25375262
vn 0.75915909 0.53274846 0.37397403
vn 0.79314595 0.49348593 0.35691899
vn 0.80512005 0.46349919 0.37006786
vn 0.80512005 0.46349919 0.37006786
vn 0.79314595 0.49348593 0.35691899
vn 0.85045546 0.39345610 0.34916735
vn 0.80512005 0.46349919 0.37006786
vn 0.85045546 0.39345610 0.34916735
vn 0.83707350 0.40102154 0.37214202
vn 0.83707350 0.40102154 0.37214202
vn 0.85045546 0.39345610 0.34916735
vn 0.85979772 0.34847859 0.37324333
vn 0.79314595 0.49348593 0.35691899
vn 0.80359882 0.49629360 0.32851416
vn 0.88049042 0.36271423 0.30524576
vn 0.79314595 0.49348593 0.35691899
vn 0.88049042 0.36271423 0.30524576
vn 0.85045546 0.39345610 0.34916735
vn 0.75915909 0.53274846 0.37397403
vn 0.80512005 0.46349919 0.37006786
vn 0.79223013 0.48980156 0.36395863
vn 0.75915909 0.53274846 0.37397403
vn 0.79223013 0.48980156 0.36395863
vn 0.75284332 0.54671681 0.36650741
vn 0.80512005 0.46349919 0.37006786
vn 0.82578731 0.43669072 0.35689846
vn 0.79223013 0.48980156 0.36395863
vn 0.80512005 0.46349919 0.37006786
vn 0.83707350 0.40102154 0.37214202
vn 0.83623201 0.39836466 0.37685755
vn 0.80512005 0.46349919 0.37006786
vn 0.83623201 0.39836466 0.37685755
vn 0.82578731 0.43669072 0.35689846
vn 0.82578731 0.43669072 0.35689846
vn 0.83623201 0.39836466 0.37685755
vn 0.85843867 0.37501124 0.34992802
vn 0.83707350 0.40102154 0.37214202
vn 0.85979772 0.34847859 0.37324333
vn 0.83623201 0.39836466 0.37685755
vn 0.83623201 0.39836466 0.37685755
vn 0.85979772 0.34847859 0.37324333
vn 0.85834920 0.34972355 0.37540653
vn 0.83623201 0.39836466 0.37685755
vn 0.85834920 0.34972355 0.37540653
vn 0.85843867 0.37501124 0.34992802
vn 0.75915909 0.53274846 0.37397403
vn 0.75284332 0.54671681 0.36650741
vn 0.71633625 0.58774585 0.37605482
vn 0.75284332 0.54671681 0.36650741
vn 0.73635983 0.58629000 0.33769551
vn 0.71633625 0.58774585 0.37605482
vn 0.71633625 0.58774585 0.37605482
vn 0.73635983 0.58629000 0.33769551
vn 0.69554061 0.62327427 0.35742477
vn 0.71633625 0.58774585 0.37605482
vn 0.69554061 0.62327427 0.35742477
vn 0.67146671 0.63830554 0.37642857
vn 0.67146671 0.63830554 0.37642857
vn 0.69554061 0.62327427 0.35742477
vn 0.61753535 0.69365352 0.37080309
vn 0.75915909 0.53274846 0.37397403
vn 0.71633625 0.58774585 0.37605482
vn 0.70178831 0.61493152 0.35965592
vn 0.75915909 0.53274846 0.37397403
vn 0.70178831 0.61493152 0.35965592
vn 0.79314595 0.49348593 0.35691899
vn 0.79314595 0.49348593 0.35691899
vn 0.70178831 0.61493152 0.35965592
vn 0.70521718 0.63059628 0.32406342
vn 0.79314595 0.49348593 0.35691899
vn 0.70521718 0.63059628 0.32406342
vn 0.80359882 0.49629360 0.32851416
vn 0.71633625 0.58774585 0.37605482
vn 0.67146671 0.63830554 0.37642857
vn 0.70178831 0.61493152 0.35965592
vn 0.96456987 0.22209989 0.14239591
vn 0.95587277 0.29326701 0.01737048
vn 0.99660510 0.08029600 0.01818930
vn 0.96456987 0.22209989 0.14239591
vn 0.99660510 0.08029600 0.01818930
vn 0.99104124 0.07416762 0.11106920
vn 0.96456987 0.22209989 0.14239591
vn 0.95896971 0.09030739 0.26874092
vn 0.94547248 0.19602552 0.26010725
vn 0.99104124 0.07416762 0.11106920
vn 0.97654414 0.01093987 0.21503933
vn 0.96456987 0.22209989 0.14239591
vn 0.96456987 0.22209989 0.14239591
vn 0.97654414 0.01093987 0.21503933
vn 0.95896971 0.09030739 0.26874092
vn 0.94547248 0.19602552 0.26010725
vn 0.95896971 0.09030739 0.26874092
vn 0.94279253 0.12089946 0.31068563
vn 0.97654414 0.01093987 0.21503933
vn 0.95999926 -0.01617465 0.27953506
vn 0.95896971 0.09030739 0.26874092
vn 0.95896971 0.09030739 0.26874092
vn 0.95999926 -0.01617465 0.27953506
vn 0.94215506 -0.00893907 0.33505803
vn 0.95896971 0.09030739 0.26874092
vn 0.94215506 -0.00893907 0.33505803
vn 0.94279253 0.12089946 0.31068563
vn 0.96456987 0.22209989 0.14239591
vn 0.91215760 0.34091023 0.22748351
vn 0.91754627 0.37986138 0.11753376
vn 0.96456987 0.22209989 0.14239591
vn 0.94547248 0.19602552 0.26010725
vn 0.91215760 0.34091023 0.22748351
vn 0.94547248 0.19602552 0.26010725
vn 0.92173249 0.25135171 0.29534981
vn 0.91215760 0.34091023 0.22748351
vn 0.91215760 0.34091023 0.22748351
vn 0.92173249 0.25135171 0.29534981
vn 0.88049042 0.36271423 0.30524576
vn 0.94547248 0.19602552 0.26010725
vn 0.94279253 0.12089946 0.31068563
vn 0.92173249 0.25135171 0.29534981
vn 0.96456987 0.22209989 0.14239591
vn 0.91754627 0.37986138 0.11753376
vn 0.95587277 0.29326701 0.01737048
vn 0.91260600 0.16045220 0.37603909
vn 0.91915959 0.15402512 0.36252165
vn 0.92081589 0.10829188 0.37466121
vn 0.92081589 0.10829188 0.37466121
vn 0.91915959 0.15402512 0.36252165
vn 0.92774397 0.06835914 0.36690354
vn 0.91915959 0.15402512 0.36252165
vn 0.92852247 0.15142660 0.33899266
vn 0.93582147 0.07609363 0.34416264
vn 0.91915959 0.15402512 0.36252165
vn 0.93582147 0.07609363 0.34416264
vn 0.92774397 0.06835914 0.36690354
vn 0.92774397 0.06835914 0.36690354
vn 0.93582147 0.07609363 0.34416264
vn 0.94215506 -0.00893907 0.33505803
vn 0.92774397 0.06835914 0.36690354
vn 0.94215506 -0.00893907 0.33505803
vn 0.92987895 -0.01476267 0.36756939
vn 0.92852247 0.15142660 0.33899266
vn 0.94279253 0.12089946 0.31068563
vn 0.93582147 0.07609363 0.34416264
vn 0.93582147 0.07609363 0.34416264
vn 0.94279253 0.12089946 0.31068563
vn 0.94215506 -0.00893907 0.33505803
vn 0.91260600 0.16045220 0.37603909
vn 0.92081589 0.10829188 0.37466121
vn 0.92824829 0.09873479 0.35861760
vn 0.91260600 0.16045220 0.37603909
vn 0.92824829 0.09873479 0.35861760
vn 0.91457993 0.16302058 0.37009162
vn 0.92081589 0.10829188 0.37466121
vn 0.92774397 0.06835914 0.36690354
vn 0.92578059 0.02853449 0.37698281
vn 0.92081589 0.10829188 0.37466121
vn 0.92578059 0.02853449 0.37698281
vn 0.92824829 0.09873479 0.35861760
vn 0.92824829 0.09873479 0.35861760
vn 0.92578059 0.02853449 0.37698281
vn 0.93673670 0.02734645 0.34896496
vn 0.92774397 0.06835914 0.36690354
vn 0.92987895 -0.01476267 0.36756939
vn 0.92578059 0.02853449 0.37698281
vn 0.91260600 0.16045220 0.37603909
vn 0.89887857 0.22314949 0.37712288
vn 0.90090609 0.22644882 0.37025553
vn 0.90090609 0.22644882 0.37025553
vn 0.89887857 0.22314949 0.37712288
vn 0.87916738 0.29099533 0.37734124
vn 0.90090609 0.22644882 0.37025553
vn 0.87916738 0.29099533 0.37734124
vn 0.88323903 0.29596978 0.36371794
vn 0.88323903 0.29596978 0.36371794
vn 0.87916738 0.29099533 0.37734124
vn 0.85979772 0.34847859 0.37324333
vn 0.91260600 0.16045220 0.37603909
vn 0.91457993 0.16302058 0.37009162
vn 0.89887857 0.22314949 0.37712288
vn 0.87916738 0.29099533 0.37734124
vn 0.85834920 0.34972355 0.37540653
vn 0.85979772 0.34847859 0.37324333
vn 0.89887857 0.22314949 0.37712288
vn 0.88637507 0.29324430 0.35825548
vn 0.87916738 0.29099533 0.37734124
vn 0.87916738 0.29099533 0.37734124
vn 0.88637507 0.29324430 0.35825548
vn 0.85834920 0.34972355 0.37540653
vn 0.91457993 0.16302058 0.37009162
vn 0.92183530 0.20635036 0.32808408
vn 0.89887857 0.22314949 0.37712288
vn 0.89887857 0.22314949 0.37712288
vn 0.92183530 0.20635036 0.32808408
vn 0.88637507 0.29324430 0.35825548
vn 0.88637507 0.29324430 0.35825548
vn 0.85843867 0.37501124 0.34992802
vn 0.85834920 0.34972355 0.37540653
vn 0.91260600 0.16045220 0.37603909
vn 0.90090609 0.22644882 0.37025553
vn 0.91915959 0.15402512 0.36252165
vn 0.91915959 0.15402512 0.36252165
vn 0.90090609 0.22644882 0.37025553
vn 0.90879387 0.22425386 0.35185781
vn 0.91915959 0.15402512 0.36252165
vn 0.90879387 0.22425386 0.35185781
vn 0.92852247 0.15142660 0.33899266
vn 0.92852247 0.15142660 0.33899266
vn 0.90879387 0.22425386 0.35185781
vn 0.92173249 0.25135171 0.29534981
vn 0.92852247 0.15142660 0.33899266
vn 0.92173249 0.25135171 0.29534981
vn 0.94279253 0.12089946 0.31068563
vn 0.90090609 0.22644882 0.37025553
vn 0.88323903 0.29596978 0.36371794
vn 0.90879387 0.22425386 0.35185781
vn 0.90879387 0.22425386 0.35185781
vn 0.88323903 0.29596978 0.36371794
vn 0.88049042 0.36271423 0.30524576
vn 0.90879387 0.22425386 0.35185781
vn 0.88049042 0.36271423 0.30524576
vn 0.92173249 0.25135171 0.29534981
vn 0.88323903 0.29596978 0.36371794
vn 0.85979772 0.34847859 0.37324333
vn 0.85045546 0.39345610 0.34916735
vn 0.88323903 0.29596978 0.36371794
vn 0.85045546 0.39345610 0.34916735
vn 0.88049042 0.36271423 0.30524576
vn 0.95545834 -0.24489237 0.16470300
vn 0.99037021 -0.11325318 0.07962751
vn 0.95008928 -0.31064823 0.02877657
vn 0.95545834 -0.24489237 0.16470300
vn 0.95008928 -0.31064823 0.02877657
vn 0.91544461 -0.37394181 0.14875728
vn 0.99037021 -0.11325318 0.07962751
vn 0.89653790 -0.12469285 0.42505473
vn 0.95008928 -0.31064823 0.02877657
vn 0.95545834 -0.24489237 0.16470300
vn 0.92565930 -0.27209076 0.26290962
vn 0.96218598 -0.13680445 0.23554760
vn 0.96218598 -0.13680445 0.23554760
vn 0.92565930 -0.27209076 0.26290962
vn 0.92616934 -0.18113761 0.33075601
vn 0.95545834 -0.24489237 0.16470300
vn 0.91544461 -0.37394181 0.14875728
vn 0.92565930 -0.27209076 0.26290962
vn 0.92565930 -0.27209076 0.26290962
vn 0.89435029 -0.31549287 0.31717792
vn 0.92616934 -0.18113761 0.33075601
vn 0.91544461 -0.37394181 0.14875728
vn 0.87921208 -0.42781410 0.20966928
vn 0.92565930 -0.27209076 0.26290962
vn 0.92565930 -0.27209076 0.26290962
vn 0.87921208 -0.42781410 0.20966928
vn 0.85743254 -0.41739464 0.30098358
vn 0.92565930 -0.27209076 0.26290962
vn 0.85743254 -0.41739464 0.30098358
vn 0.89435029 -0.31549287 0.31717792
vn 0.95545834 -0.24489237 0.16470300
vn 0.96218598 -0.13680445 0.23554760
vn 0.99037021 -0.11325318 0.07962751
vn 0.99037021 -0.11325318 0.07962751
vn 0.96218598 -0.13680445 0.23554760
vn 0.97654414 0.01093987 0.21503933
vn 0.99037021 -0.11325318 0.07962751
vn 0.97654414 0.01093987 0.21503933
vn 0.99104124 0.07416762 0.11106920
vn 0.96218598 -0.13680445 0.23554760
vn 0.94766837 -0.08625438 0.30738389
vn 0.95999926 -0.01617465 0.27953506
vn 0.96218598 -0.13680445 0.23554760
vn 0.95999926 -0.01617465 0.27953506
vn 0.97654414 0.01093987 0.21503933
vn 0.96218598 -0.13680445 0.23554760
vn 0.92616934 -0.18113761 0.33075601
vn 0.94766837 -0.08625438 0.30738389
vn 0.94766837 -0.08625438 0.30738389
vn 0.94215506 -0.00893907 0.33505803
vn 0.95999926 -0.01617465 0.27953506
vn 0.99037021 -0.11325318 0.07962751
vn 0.99104124 0.07416762 0.11106920
vn 0.99660510 0.08029600 0.01818930
vn 0.99037021 -0.11325318 0.07962751
vn 0.99660510 0.08029600 0.01818930
vn 0.79968852 0.04780000 0.59850931
vn 0.99037021 -0.11325318 0.07962751
vn 0.79968852 0.04780000 0.59850931
vn 0.89653790 -0.12469285 0.42505473
vn 0.90872127 -0.17583451 0.37856033
vn 0.91587281 -0.17099649 0.36323166
vn 0.89264852 -0.25403526 0.37235025
vn 0.91587281 -0.17099649 0.36323166
vn 0.90061122 -0.26261103 0.34631619
vn 0.89264852 -0.25403526 0.37235025
vn 0.89264852 -0.25403526 0.37235025
vn 0.90061122 -0.26261103 0.34631619
vn 0.87024909 -0.34320480 0.35337940
vn 0.89264852 -0.25403526 0.37235025
vn 0.87024909 -0.34320480 0.35337940
vn 0.86739188 -0.32777894 0.37442255
vn 0.91587281 -0.17099649 0.36323166
vn 0.92616934 -0.18113761 0.33075601
vn 0.90061122 -0.26261103 0.34631619
vn 0.90061122 -0.26261103 0.34631619
vn 0.92616934 -0.18113761 0.33075601
vn 0.89435029 -0.31549287 0.31717792
vn 0.90061122 -0.26261103 0.34631619
vn 0.89435029 -0.31549287 0.31717792
vn 0.87024909 -0.34320480 0.35337940
vn 0.90872127 -0.17583451 0.37856033
vn 0.89264852 -0.25403526 0.37235025
vn 0.90186328 -0.22379756 0.36953658
vn 0.89264852 -0.25403526 0.37235025
vn 0.86739188 -0.32777894 0.37442255
vn 0.90186328 -0.22379756 0.36953658
vn 0.90186328 -0.22379756 0.36953658
vn 0.86739188 -0.32777894 0.37442255
vn 0.87707257 -0.31674576 0.36113125
vn 0.92050439 -0.10591073 0.37610453
vn 0.92791152 -0.04602298 0.36994880
vn 0.92987895 -0.01476267 0.36756939
vn 0.90872127 -0.17583451 0.37856033
vn 0.91957992 -0.12663627 0.37193552
vn 0.92050439 -0.10591073 0.37610453
vn 0.92050439 -0.10591073 0.37610453
vn 0.91957992 -0.12663627 0.37193552
vn 0.92791152 -0.04602298 0.36994880
vn 0.92791152 -0.04602298 0.36994880
vn 0.92578059 0.02853449 0.37698281
vn 0.92987895 -0.01476267 0.36756939
vn 0.90872127 -0.17583451 0.37856033
vn 0.90186328 -0.22379756 0.36953658
vn 0.91957992 -0.12663627 0.37193552
vn 0.91957992 -0.12663627 0.37193552
vn 0.93758047 -0.06037026 0.34248844
vn 0.92791152 -0.04602298 0.36994880
vn 0.92791152 -0.04602298 0.36994880
vn 0.93673670 0.02734645 0.34896496
vn 0.92578059 0.02853449 0.37698281
vn 0.90872127 -0.17583451 0.37856033
vn 0.92050439 -0.10591073 0.37610453
vn 0.92981440 -0.09511349 0.35552588
vn 0.90872127 -0.17583451 0.37856033
vn 0.92981440 -0.09511349 0.35552588
vn 0.91587281 -0.17099649 0.36323166
vn 0.91587281 -0.17099649 0.36323166
vn 0.92981440 -0.09511349 0.35552588
vn 0.94766837 -0.08625438 0.30738389
vn 0.91587281 -0.17099649 0.36323166
vn 0.94766837 -0.08625438 0.30738389
vn 0.92616934 -0.18113761 0.33075601
vn 0.92050439 -0.10591073 0.37610453
vn 0.92987895 -0.01476267 0.36756939
vn 0.92981440 -0.09511349 0.35552588
vn 0.92981440 -0.09511349 0.35552588
vn 0.94215506 -0.00893907 0.33505803
vn 0.94766837 -0.08625438 0.30738389
vn 0.92981440 -0.09511349 0.35552588
vn 0.92987895 -0.01476267 0.36756939
vn 0.94215506 -0.00893907 0.33505803
vn 0.77796680 -0.60181749 0.18050857
vn 0.84412456 -0.52552849 0.10617707
vn 0.71891767 -0.69144928 0.07110030
vn 0.88007241 -0.47446096 0.01895646
vn 0.68093604 -0.52462256 0.51097679
vn 0.84412456 -0.52552849 0.10617707
vn 0.84412456 -0.52552849 0.10617707
vn 0.68093604 -0.52462256 0.51097679
vn 0.71891767 -0.69144928 0.07110030
vn 0.71891767 -0.69144928 0.07110030
vn 0.68093604 -0.52462256 0.51097679
vn 0.54393035 -0.66240501 0.51513046
vn 0.84412456 -0.52552849 0.10617707
vn 0.77796680 -0.60181749 0.18050857
vn 0.79529196 -0.56706929 0.21434335
vn 0.77796680 -0.60181749 0.18050857
vn 0.68350703 -0.68761164 0.24496605
vn 0.79529196 -0.56706929 0.21434335
vn 0.79529196 -0.56706929 0.21434335
vn 0.68350703 -0.68761164 0.24496605
vn 0.77144760 -0.56893545 0.28492293
vn 0.77144760 -0.56893545 0.28492293
vn 0.68350703 -0.68761164 0.24496605
vn 0.67509937 -0.65977687 0.33005351
vn 0.84412456 -0.52552849 0.10617707
vn 0.79529196 -0.56706929 0.21434335
vn 0.87921208 -0.42781410 0.20966928
vn 0.79529196 -0.56706929 0.21434335
vn 0.77144760 -0.56893545 0.28492293
vn 0.87921208 -0.42781410 0.20966928
vn 0.77144760 -0.56893545 0.28492293
vn 0.85743254 -0.41739464 0.30098358
vn 0.87921208 -0.42781410 0.20966928
vn 0.77144760 -0.56893545 0.28492293
vn 0.77366197 -0.54161966 0.32877848
vn 0.85743254 -0.41739464 0.30098358
vn 0.87921208 -0.42781410 0.20966928
vn 0.91544461 -0.37394181 0.14875728
vn 0.84412456 -0.52552849 0.10617707
vn 0.84412456 -0.52552849 0.10617707
vn 0.91544461 -0.37394181 0.14875728
vn 0.88007241 -0.47446096 0.01895646
vn 0.91544461 -0.37394181 0.14875728
vn 0.95008928 -0.31064823 0.02877657
vn 0.88007241 -0.47446096 0.01895646
vn 0.88007241 -0.47446096 0.01895646
vn 0.95008928 -0.31064823 0.02877657
vn 0.93564945 -0.31188205 0.16519579
vn 0.76058280 -0.52877933 0.37670439
vn 0.77932632 -0.51241636 0.36066604
vn 0.71785396 -0.59465796 0.36203253
vn 0.76058280 -0.52877933 0.37670439
vn 0.71785396 -0.59465796 0.36203253
vn 0.71515179 -0.58800608 0.37789783
vn 0.71515179 -0.58800608 0.37789783
vn 0.71785396 -0.59465796 0.36203253
vn 0.67113644 -0.64771324 0.36061537
vn 0.71515179 -0.58800608 0.37789783
vn 0.67113644 -0.64771324 0.36061537
vn 0.66369450 -0.64839566 0.37295127
vn 0.66369450 -0.64839566 0.37295127
vn 0.67113644 -0.64771324 0.36061537
vn 0.61575502 -0.70021719 0.36130551
vn 0.77932632 -0.51241636 0.36066604
vn 0.77366197 -0.54161966 0.32877848
vn 0.71785396 -0.59465796 0.36203253
vn 0.71785396 -0.59465796 0.36203253
vn 0.77366197 -0.54161966 0.32877848
vn 0.67509937 -0.65977687 0.33005351
vn 0.71785396 -0.59465796 0.36203253
vn 0.67509937 -0.65977687 0.33005351
vn 0.67113644 -0.64771324 0.36061537
vn 0.77366197 -0.54161966 0.32877848
vn 0.77144760 -0.56893545 0.28492293
vn 0.67509937 -0.65977687 0.33005351
vn 0.79556906 -0.47853717 0.37158051
vn 0.76058280 -0.52877933 0.37670439
vn 0.74061847 -0.56526899 0.36325642
vn 0.76058280 -0.52877933 0.37670439
vn 0.71515179 -0.58800608 0.37789783
vn 0.74061847 -0.56526899 0.36325642
vn 0.71515179 -0.58800608 0.37789783
vn 0.66369450 -0.64839566 0.37295127
vn 0.67817146 -0.63963228 0.36187568
vn 0.71515179 -0.58800608 0.37789783
vn 0.67817146 -0.63963228 0.36187568
vn 0.74061847 -0.56526899 0.36325642
vn 0.80040950 -0.46895936 0.37339219
vn 0.79556906 -0.47853717 0.37158051
vn 0.83975363 -0.39564034 0.37186360
vn 0.80040950 -0.46895936 0.37339219
vn 0.83975363 -0.39564034 0.37186360
vn 0.82988131 -0.42004278 0.36723444
vn 0.82988131 -0.42004278 0.36723444
vn 0.83975363 -0.39564034 0.37186360
vn 0.86739188 -0.32777894 0.37442255
vn 0.76058280 -0.52877933 0.37670439
vn 0.79556906 -0.47853717 0.37158051
vn 0.80040950 -0.46895936 0.37339219
vn 0.83975363 -0.39564034 0.37186360
vn 0.87707257 -0.31674576 0.36113125
vn 0.86739188 -0.32777894 0.37442255
vn 0.76058280 -0.52877933 0.37670439
vn 0.80040950 -0.46895936 0.37339219
vn 0.77932632 -0.51241636 0.36066604
vn 0.77932632 -0.51241636 0.36066604
vn 0.80040950 -0.46895936 0.37339219
vn 0.82988131 -0.42004278 0.36723444
vn 0.77932632 -0.51241636 0.36066604
vn 0.82988131 -0.42004278 0.36723444
vn 0.83649224 -0.42834970 0.34175622
vn 0.77932632 -0.51241636 0.36066604
vn 0.83649224 -0.42834970 0.34175622
vn 0.77366197 -0.54161966 0.32877848
vn 0.77366197 -0.54161966 0.32877848
vn 0.83649224 -0.42834970 0.34175622
vn 0.85743254 -0.41739464 0.30098358
vn 0.82988131 -0.42004278 0.36723444
vn 0.86739188 -0.32777894 0.37442255
vn 0.87024909 -0.34320480 0.35337940
vn 0.82988131 -0.42004278 0.36723444
vn 0.87024909 -0.34320480 0.35337940
vn 0.83649224 -0.42834970 0.34175622
vn 0.83649224 -0.42834970 0.34175622
vn 0.87024909 -0.34320480 0.35337940
vn 0.89435029 -0.31549287 0.31717792
vn 0.83649224 -0.42834970 0.34175622
vn 0.89435029 -0.31549287 0.31717792
vn 0.85743254 -0.41739464 0.30098358
vn 0.49698383 -0.85880840 0.12431908
vn 0.59356648 -0.79134309 0.14647518
vn 0.45407087 -0.89055580 0.02701967
vn 0.49698383 -0.85880840 0.12431908
vn 0.45407087 -0.89055580 0.02701967
vn 0.35908532 -0.92514688 0.12312987
vn 0.57187176 -0.81941611 0.03898610
vn 0.45407087 -0.89055580 0.02701967
vn 0.59356648 -0.79134309 0.14647518
vn 0.59356648 -0.79134309 0.14647518
vn 0.49698383 -0.85880840 0.12431908
vn 0.47889480 -0.84997350 0.21955599
vn 0.59356648 -0.79134309 0.14647518
vn 0.47889480 -0.84997350 0.21955599
vn 0.56316108 -0.78501779 0.25806323
vn 0.47889480 -0.84997350 0.21955599
vn 0.41205862 -0.86078912 0.29874694
vn 0.56316108 -0.78501779 0.25806323
vn 0.56316108 -0.78501779 0.25806323
vn 0.41205862 -0.86078912 0.29874694
vn 0.50355226 -0.80034316 0.32540119
vn 0.49698383 -0.85880840 0.12431908
vn 0.35908532 -0.92514688 0.12312987
vn 0.37669614 -0.89898145 0.22345547
vn 0.49698383 -0.85880840 0.12431908
vn 0.37669614 -0.89898145 0.22345547
vn 0.47889480 -0.84997350 0.21955599
vn 0.47889480 -0.84997350 0.21955599
vn 0.37669614 -0.89898145 0.22345547
vn 0.41205862 -0.86078912 0.29874694
vn 0.59356648 -0.79134309 0.14647518
vn 0.68350703 -0.68761164 0.24496605
vn 0.71891767 -0.69144928 0.07110030
vn 0.71891767 -0.69144928 0.07110030
vn 0.68350703 -0.68761164 0.24496605
vn 0.77796680 -0.60181749 0.18050857
vn 0.59356648 -0.79134309 0.14647518
vn 0.56316108 -0.78501779 0.25806323
vn 0.68350703 -0.68761164 0.24496605
vn 0.56316108 -0.78501779 0.25806323
vn 0.50355226 -0.80034316 0.32540119
vn 0.59539843 -0.73354638 0.32773533
vn 0.56316108 -0.78501779 0.25806323
vn 0.59539843 -0.73354638 0.32773533
vn 0.67509937 -0.65977687 0.33005351
vn 0.56316108 -0.78501779 0.25806323
vn 0.67509937 -0.65977687 0.33005351
vn 0.68350703 -0.68761164 0.24496605
vn 0.59356648 -0.79134309 0.14647518
vn 0.71891767 -0.69144928 0.07110030
vn 0.57187176 -0.81941611 0.03898610
vn 0.57187176 -0.81941611 0.03898610
vn 0.71891767 -0.69144928 0.07110030
vn 0.54393035 -0.66240501 0.51513046
vn 0.49607620 -0.78271705 0.37584898
vn 0.51971805 -0.77432048 0.36099988
vn 0.44311056 -0.81534505 0.37264663
vn 0.44311056 -0.81534505 0.37264663
vn 0.36567008 -0.85835773 0.35987142
vn 0.39125863 -0.83964086 0.37672260
vn 0.39125863 -0.83964086 0.37672260
vn 0.36567008 -0.85835773 0.35987142
vn 0.33189544 -0.86539215 0.37542230
vn 0.51971805 -0.77432048 0.36099988
vn 0.40334350 -0.84592068 0.34890142
vn 0.44311056 -0.81534505 0.37264663
vn 0.44311056 -0.81534505 0.37264663
vn 0.40334350 -0.84592068 0.34890142
vn 0.36567008 -0.85835773 0.35987142
vn 0.51971805 -0.77432048 0.36099988
vn 0.50355226 -0.80034316 0.32540119
vn 0.40334350 -0.84592068 0.34890142
vn 0.50355226 -0.80034316 0.32540119
vn 0.41205862 -0.86078912 0.29874694
vn 0.40334350 -0.84592068 0.34890142
vn 0.49574172 -0.78270257 0.37632015
vn 0.45990235 -0.81556976 0.35119203
vn 0.54109144 -0.76461768 0.35011405
vn 0.49607620 -0.78271705 0.37584898
vn 0.44311056 -0.81534505 0.37264663
vn 0.44143698 -0.81452942 0.37639761
vn 0.49607620 -0.78271705 0.37584898
vn 0.44143698 -0.81452942 0.37639761
vn 0.49574172 -0.78270257 0.37632015
vn 0.49574172 -0.78270257 0.37632015
vn 0.44143698 -0.81452942 0.37639761
vn 0.45990235 -0.81556976 0.35119203
vn 0.44311056 -0.81534505 0.37264663
vn 0.39125863 -0.83964086 0.37672260
vn 0.39147857 -0.84252870 0.36998641
vn 0.44311056 -0.81534505 0.37264663
vn 0.39147857 -0.84252870 0.36998641
vn 0.44143698 -0.81452942 0.37639761
vn 0.44143698 -0.81452942 0.37639761
vn 0.39147857 -0.84252870 0.36998641
vn 0.45990235 -0.81556976 0.35119203
vn 0.39125863 -0.83964086 0.37672260
vn 0.33189544 -0.86539215 0.37542230
vn 0.33418539 -0.86362845 0.37744671
vn 0.39125863 -0.83964086 0.37672260
vn 0.33418539 -0.86362845 0.37744671
vn 0.39147857 -0.84252870 0.36998641
vn 0.39147857 -0.84252870 0.36998641
vn 0.33418539 -0.86362845 0.37744671
vn 0.31480885 -0.88183314 0.35109219
vn 0.49607620 -0.78271705 0.37584898
vn 0.54952782 -0.74643731 0.37530059
vn 0.55975819 -0.73961991 0.37367526
vn 0.55975819 -0.73961991 0.37367526
vn 0.54952782 -0.74643731 0.37530059
vn 0.61030030 -0.69703156 0.37640470
vn 0.55975819 -0.73961991 0.37367526
vn 0.61030030 -0.69703156 0.37640470
vn 0.61545539 -0.69153363 0.37814793
vn 0.61545539 -0.69153363 0.37814793
vn 0.61030030 -0.69703156 0.37640470
vn 0.66369450 -0.64839566 0.37295127
vn 0.49607620 -0.78271705 0.37584898
vn 0.49574172 -0.78270257 0.37632015
vn 0.54952782 -0.74643731 0.37530059
vn 0.61030030 -0.69703156 0.37640470
vn 0.67817146 -0.63963228 0.36187568
vn 0.66369450 -0.64839566 0.37295127
vn 0.49574172 -0.78270257 0.37632015
vn 0.54109144 -0.76461768 0.35011405
vn 0.54952782 -0.74643731 0.37530059
vn 0.54952782 -0.74643731 0.37530059
vn 0.54109144 -0.76461768 0.35011405
vn 0.60518587 -0.71332651 0.35343370
vn 0.54952782 -0.74643731 0.37530059
vn 0.60518587 -0.71332651 0.35343370
vn 0.61030030 -0.69703156 0.37640470
vn 0.61030030 -0.69703156 0.37640470
vn 0.60518587 -0.71332651 0.35343370
vn 0.67817146 -0.63963228 0.36187568
vn 0.49607620 -0.78271705 0.37584898
vn 0.55975819 -0.73961991 0.37367526
vn 0.51971805 -0.77432048 0.36099988
vn 0.51971805 -0.77432048 0.36099988
vn 0.59539843 -0.73354638 0.32773533
vn 0.50355226 -0.80034316 0.32540119
vn 0.55975819 -0.73961991 0.37367526
vn 0.61575502 -0.70021719 0.36130551
vn 0.51971805 -0.77432048 0.36099988
vn 0.51971805 -0.77432048 0.36099988
vn 0.61575502 -0.70021719 0.36130551
vn 0.59539843 -0.73354638 0.32773533
vn 0.61545539 -0.69153363 0.37814793
vn 0.61575502 -0.70021719 0.36130551
vn 0.55975819 -0.73961991 0.37367526
vn 0.61545539 -0.69153363 0.37814793
vn 0.66369450 -0.64839566 0.37295127
vn 0.61575502 -0.70021719 0.36130551
vn 0.61575502 -0.70021719 0.36130551
vn 0.67113644 -0.64771324 0.36061537
vn 0.67509937 -0.65977687 0.33005351
vn 0.61575502 -0.70021719 0.36130551
vn 0.67509937 -0.65977687 0.33005351
vn 0.59539843 -0.73354638 0.32773533
vn 0.24507742 -0.95737725 0.15285879
vn 0.24054945 -0.97029704 0.02568294
vn 0.10378992 -0.99077183 0.08717131
vn 0.10378992 -0.99077183 0.08717131
vn -0.03188128 -0.99902350 0.03058899
vn 0.00955817 -0.98030710 0.19724758
vn 0.24054945 -0.97029704 0.02568294
vn 0.04934593 -0.87074113 0.48925951
vn 0.10378992 -0.99077183 0.08717131
vn 0.10378992 -0.99077183 0.08717131
vn 0.04934593 -0.87074113 0.48925951
vn -0.03188128 -0.99902350 0.03058899
vn 0.24507742 -0.95737725 0.15285879
vn 0.10378992 -0.99077183 0.08717131
vn 0.14190194 -0.96529883 0.21923040
vn 0.14190194 -0.96529883 0.21923040
vn 0.06595698 -0.95114201 0.30162656
vn 0.18592791 -0.93329120 0.30724317
vn 0.18592791 -0.93329120 0.30724317
vn 0.06595698 -0.95114201 0.30162656
vn 0.06894701 -0.93982321 0.33463213
vn 0.10378992 -0.99077183 0.08717131
vn 0.00955817 -0.98030710 0.19724758
vn 0.14190194 -0.96529883 0.21923040
vn 0.14190194 -0.96529883 0.21923040
vn 0.00955817 -0.98030710 0.19724758
vn -0.01555350 -0.95612997 0.29252958
vn 0.14190194 -0.96529883 0.21923040
vn -0.01555350 -0.95612997 0.29252958
vn 0.06595698 -0.95114201 0.30162656
vn 0.24507742 -0.95737725 0.15285879
vn 0.37669614 -0.89898145 0.22345547
vn 0.35908532 -0.92514688 0.12312987
vn 0.14190194 -0.96529883 0.21923040
vn 0.28591117 -0.92116606 0.26402259
vn 0.24507742 -0.95737725 0.15285879
vn 0.24507742 -0.95737725 0.15285879
vn 0.28591117 -0.92116606 0.26402259
vn 0.37669614 -0.89898145 0.22345547
vn 0.14190194 -0.96529883 0.21923040
vn 0.18592791 -0.93329120 0.30724317
vn 0.28591117 -0.92116606 0.26402259
vn 0.37669614 -0.89898145 0.22345547
vn 0.28591117 -0.92116606 0.26402259
vn 0.41205862 -0.86078912 0.29874694
vn 0.18592791 -0.93329120 0.30724317
vn 0.29948974 -0.89325160 0.33527228
vn 0.28591117 -0.92116606 0.26402259
vn 0.28591117 -0.92116606 0.26402259
vn 0.29948974 -0.89325160 0.33527228
vn 0.41205862 -0.86078912 0.29874694
vn 0.24507742 -0.95737725 0.15285879
vn 0.35908532 -0.92514688 0.12312987
vn 0.24054945 -0.97029704 0.02568294
vn 0.24054945 -0.97029704 0.02568294
vn 0.27485356 -0.76535934 0.58196270
vn 0.19307657 -0.81493199 0.54644966
vn 0.35908532 -0.92514688 0.12312987
vn 0.45407087 -0.89055580 0.02701967
vn 0.24054945 -0.97029704 0.02568294
vn 0.24054945 -0.97029704 0.02568294
vn 0.45407087 -0.89055580 0.02701967
vn 0.27485356 -0.76535934 0.58196270
vn 0.13291214 -0.91864944 0.37204507
vn 0.07247593 -0.92937785 0.36194488
vn 0.07152880 -0.92348450 0.37690854
vn 0.07152880 -0.92348450 0.37690854
vn 0.07247593 -0.92937785 0.36194488
vn -0.01628576 -0.93225771 0.36142817
vn 0.07152880 -0.92348450 0.37690854
vn -0.01628576 -0.93225771 0.36142817
vn -0.00008545 -0.92611223 0.37724817
vn 0.13291214 -0.91864944 0.37204507
vn 0.18085037 -0.91497052 0.36072436
vn 0.07247593 -0.92937785 0.36194488
vn 0.18085037 -0.91497052 0.36072436
vn 0.18592791 -0.93329120 0.30724317
vn 0.06894701 -0.93982321 0.33463213
vn 0.18085037 -0.91497052 0.36072436
vn 0.06894701 -0.93982321 0.33463213
vn 0.07247593 -0.92937785 0.36194488
vn 0.07247593 -0.92937785 0.36194488
vn 0.06894701 -0.93982321 0.33463213
vn -0.01628576 -0.93225771 0.36142817
vn 0.20284858 -0.90420210 0.37586036
vn 0.13291214 -0.91864944 0.37204507
vn 0.11409597 -0.92687982 0.35759747
vn 0.20284858 -0.90420210 0.37586036
vn 0.11409597 -0.92687982 0.35759747
vn 0.20415720 -0.91633207 0.34446394
vn 0.13291214 -0.91864944 0.37204507
vn 0.07152880 -0.92348450 0.37690854
vn 0.11409597 -0.92687982 0.35759747
vn 0.07152880 -0.92348450 0.37690854
vn 0.02936658 -0.92839831 0.37042436
vn 0.11409597 -0.92687982 0.35759747
vn 0.07152880 -0.92348450 0.37690854
vn -0.00008545 -0.92611223 0.37724817
vn 0.02936658 -0.92839831 0.37042436
vn 0.27987236 -0.88407677 0.37427232
vn 0.33418539 -0.86362845 0.37744671
vn 0.33189544 -0.86539215 0.37542230
vn 0.20284858 -0.90420210 0.37586036
vn 0.20415720 -0.91633207 0.34446394
vn 0.26510555 -0.88844305 0.37468392
vn 0.20284858 -0.90420210 0.37586036
vn 0.26510555 -0.88844305 0.37468392
vn 0.27987236 -0.88407677 0.37427232
vn 0.27987236 -0.88407677 0.37427232
vn 0.26510555 -0.88844305 0.37468392
vn 0.33418539 -0.86362845 0.37744671
vn 0.26510555 -0.88844305 0.37468392
vn 0.31480885 -0.88183314 0.35109219
vn 0.33418539 -0.86362845 0.37744671
vn 0.20284858 -0.90420210 0.37586036
vn 0.18085037 -0.91497052 0.36072436
vn 0.13291214 -0.91864944 0.37204507
vn 0.20284858 -0.90420210 0.37586036
vn 0.27987236 -0.88407677 0.37427232
vn 0.18085037 -0.91497052 0.36072436
vn 0.18085037 -0.91497052 0.36072436
vn 0.27987236 -0.88407677 0.37427232
vn 0.29948974 -0.89325160 0.33527228
vn 0.18085037 -0.91497052 0.36072436
vn 0.29948974 -0.89325160 0.33527228
vn 0.18592791 -0.93329120 0.30724317
vn 0.27987236 -0.88407677 0.37427232
vn 0.33189544 -0.86539215 0.37542230
vn 0.36567008 -0.85835773 0.35987142
vn 0.27987236 -0.88407677 0.37427232
vn 0.36567008 -0.85835773 0.35987142
vn 0.29948974 -0.89325160 0.33527228
vn 0.29948974 -0.89325160 0.33527228
vn 0.36567008 -0.85835773 0.35987142
vn 0.40334350 -0.84592068 0.34890142
vn 0.29948974 -0.89325160 0.33527228
vn 0.40334350 -0.84592068 0.34890142
vn 0.41205862 -0.86078912 0.29874694
vn -0.14140679 -0.97111869 0.19217849
vn -0.33750266 -0.94070721 0.03408704
vn -0.34549847 -0.92935908 0.13008644
vn -0.14654115 -0.98585820 0.08129728
vn -0.19264738 -0.83912802 0.50867593
vn -0.33750266 -0.94070721 0.03408704
vn -0.14140679 -0.97111869 0.19217849
vn -0.34549847 -0.92935908 0.13008644
vn -0.29246956 -0.93123883 0.21738392
vn -0.14140679 -0.97111869 0.19217849
vn -0.29246956 -0.93123883 0.21738392
vn -0.27647132 -0.92049599 0.27613530
vn -0.29246956 -0.93123883 0.21738392
vn -0.42263928 -0.87231368 0.24585536
vn -0.27647132 -0.92049599 0.27613530
vn -0.14654115 -0.98585820 0.08129728
vn -0.14140679 -0.97111869 0.19217849
vn 0.00955817 -0.98030710 0.19724758
vn -0.14140679 -0.97111869 0.19217849
vn -0.27647132 -0.92049599 0.27613530
vn -0.12382306 -0.95317078 0.27592266
vn -0.12382306 -0.95317078 0.27592266
vn -0.01555350 -0.95612997 0.29252958
vn -0.14140679 -0.97111869 0.19217849
vn -0.14140679 -0.97111869 0.19217849
vn -0.01555350 -0.95612997 0.29252958
vn 0.00955817 -0.98030710 0.19724758
vn -0.27647132 -0.92049599 0.27613530
vn -0.21303058 -0.92320901 0.31984854
vn -0.12382306 -0.95317078 0.27592266
vn -0.14140679 -0.97111869 0.19217849
vn -0.14654115 -0.98585820 0.08129728
vn -0.33750266 -0.94070721 0.03408704
vn -0.14654115 -0.98585820 0.08129728
vn -0.06970213 -0.87956387 0.47064745
vn -0.19264738 -0.83912802 0.50867593
vn -0.14654115 -0.98585820 0.08129728
vn 0.00955817 -0.98030710 0.19724758
vn -0.03188128 -0.99902350 0.03058899
vn -0.14654115 -0.98585820 0.08129728
vn -0.03188128 -0.99902350 0.03058899
vn -0.06970213 -0.87956387 0.47064745
vn -0.19875477 -0.90477967 0.37665671
vn -0.19871762 -0.90906614 0.36621043
vn -0.28712142 -0.88604778 0.36397892
vn -0.19875477 -0.90477967 0.37665671
vn -0.28712142 -0.88604778 0.36397892
vn -0.27039444 -0.88631070 0.37595233
vn -0.27039444 -0.88631070 0.37595233
vn -0.28712142 -0.88604778 0.36397892
vn -0.32520998 -0.86842597 0.37426570
vn -0.32520998 -0.86842597 0.37426570
vn -0.28712142 -0.88604778 0.36397892
vn -0.37414420 -0.85254514 0.36494225
vn -0.19871762 -0.90906614 0.36621043
vn -0.21303058 -0.92320901 0.31984854
vn -0.34277362 -0.87590986 0.33954105
vn -0.19871762 -0.90906614 0.36621043
vn -0.34277362 -0.87590986 0.33954105
vn -0.28712142 -0.88604778 0.36397892
vn -0.28712142 -0.88604778 0.36397892
vn -0.34277362 -0.87590986 0.33954105
vn -0.37414420 -0.85254514 0.36494225
vn -0.34277362 -0.87590986 0.33954105
vn -0.21303058 -0.92320901 0.31984854
vn -0.27647132 -0.92049599 0.27613530
vn -0.19875477 -0.90477967 0.37665671
vn -0.24428780 -0.90192145 0.35617569
vn -0.17399168 -0.92019928 0.35065681
vn -0.19875477 -0.90477967 0.37665671
vn -0.27039444 -0.88631070 0.37595233
vn -0.24428780 -0.90192145 0.35617569
vn -0.27039444 -0.88631070 0.37595233
vn -0.32520998 -0.86842597 0.37426570
vn -0.31291583 -0.88001245 0.35729790
vn -0.27039444 -0.88631070 0.37595233
vn -0.31291583 -0.88001245 0.35729790
vn -0.24428780 -0.90192145 0.35617569
vn -0.32520998 -0.86842597 0.37426570
vn -0.37542948 -0.84755838 0.37509662
vn -0.31291583 -0.88001245 0.35729790
vn -0.31291583 -0.88001245 0.35729790
vn -0.37542948 -0.84755838 0.37509662
vn -0.38340846 -0.85335982 0.35323507
vn -0.19875477 -0.90477967 0.37665671
vn -0.12252279 -0.92544150 0.35853335
vn -0.12310473 -0.91898870 0.37457308
vn -0.12310473 -0.91898870 0.37457308
vn -0.12252279 -0.92544150 0.35853335
vn -0.05936345 -0.92596877 0.37290466
vn -0.12310473 -0.91898870 0.37457308
vn -0.05936345 -0.92596877 0.37290466
vn -0.07285622 -0.92373866 0.37603039
vn -0.07285622 -0.92373866 0.37603039
vn -0.05936345 -0.92596877 0.37290466
vn -0.00008545 -0.92611223 0.37724817
vn -0.19875477 -0.90477967 0.37665671
vn -0.17399168 -0.92019928 0.35065681
vn -0.12252279 -0.92544150 0.35853335
vn -0.05936345 -0.92596877 0.37290466
vn -0.12252279 -0.92544150 0.35853335
vn -0.06374180 -0.93680990 0.34398288
vn -0.05936345 -0.92596877 0.37290466
vn -0.06374180 -0.93680990 0.34398288
vn 0.02936658 -0.92839831 0.37042436
vn -0.05936345 -0.92596877 0.37290466
vn 0.02936658 -0.92839831 0.37042436
vn -0.00008545 -0.92611223 0.37724817
vn -0.19875477 -0.90477967 0.37665671
vn -0.12310473 -0.91898870 0.37457308
vn -0.19871762 -0.90906614 0.36621043
vn -0.12310473 -0.91898870 0.37457308
vn -0.08089831 -0.93395346 0.34811831
vn -0.19871762 -0.90906614 0.36621043
vn -0.19871762 -0.90906614 0.36621043
vn -0.08089831 -0.93395346 0.34811831
vn -0.21303058 -0.92320901 0.31984854
vn -0.21303058 -0.92320901 0.31984854
vn -0.08089831 -0.93395346 0.34811831
vn -0.12382306 -0.95317078 0.27592266
vn -0.07285622 -0.92373866 0.37603039
vn -0.01628576 -0.93225771 0.36142817
vn -0.12310473 -0.91898870 0.37457308
vn -0.12310473 -0.91898870 0.37457308
vn -0.01628576 -0.93225771 0.36142817
vn -0.08089831 -0.93395346 0.34811831
vn -0.08089831 -0.93395346 0.34811831
vn -0.01555350 -0.95612997 0.29252958
vn -0.12382306 -0.95317078 0.27592266
vn -0.07285622 -0.92373866 0.37603039
vn -0.00008545 -0.92611223 0.37724817
vn -0.01628576 -0.93225771 0.36142817
vn -0.01628576 -0.93225771 0.36142817
vn 0.06894701 -0.93982321 0.33463213
vn -0.08089831 -0.93395346 0.34811831
vn -0.08089831 -0.93395346 0.34811831
vn 0.06894701 -0.93982321 0.33463213
vn 0.06595698 -0.95114201 0.30162656
vn -0.08089831 -0.93395346 0.34811831
vn 0.06595698 -0.95114201 0.30162656
vn -0.01555350 -0.95612997 0.29252958
vn -0.50238365 -0.86421341 0.02730942
vn -0.69337630 -0.72030836 -0.01962588
vn -0.54938465 -0.82233524 0.14812571
vn -0.54938465 -0.82233524 0.14812571
vn -0.69337630 -0.72030836 -0.01962588
vn -0.71682990 -0.69106281 0.09266646
vn -0.50238365 -0.86421341 0.02730942
vn -0.63968658 -0.72997963 0.24068823
vn -0.69337630 -0.72030836 -0.01962588
vn -0.59611827 -0.77101183 0.22401740
vn -0.65739030 -0.69676608 0.28697568
vn -0.48134550 -0.82145447 0.30580881
vn -0.48134550 -0.82145447 0.30580881
vn -0.65739030 -0.69676608 0.28697568
vn -0.57691443 -0.74397665 0.33714759
vn -0.48134550 -0.82145447 0.30580881
vn -0.57691443 -0.74397665 0.33714759
vn -0.46671906 -0.81546825 0.34232274
vn -0.54938465 -0.82233524 0.14812571
vn -0.71682990 -0.69106281 0.09266646
vn -0.69180751 -0.68720818 0.22169198
vn -0.54938465 -0.82233524 0.14812571
vn -0.69180751 -0.68720818 0.22169198
vn -0.59611827 -0.77101183 0.22401740
vn -0.59611827 -0.77101183 0.22401740
vn -0.69180751 -0.68720818 0.22169198
vn -0.65739030 -0.69676608 0.28697568
vn -0.65739030 -0.69676608 0.28697568
vn -0.69583267 -0.64730990 0.31113791
vn -0.57691443 -0.74397665 0.33714759
vn -0.59611827 -0.77101183 0.22401740
vn -0.42263928 -0.87231368 0.24585536
vn -0.54938465 -0.82233524 0.14812571
vn -0.54938465 -0.82233524 0.14812571
vn -0.42263928 -0.87231368 0.24585536
vn -0.34549847 -0.92935908 0.13008644
vn -0.34549847 -0.92935908 0.13008644
vn -0.42263928 -0.87231368 0.24585536
vn -0.29246956 -0.93123883 0.21738392
vn -0.59611827 -0.77101183 0.22401740
vn -0.48134550 -0.82145447 0.30580881
vn -0.42263928 -0.87231368 0.24585536
vn -0.42263928 -0.87231368 0.24585536
vn -0.48134550 -0.82145447 0.30580881
vn -0.27647132 -0.92049599 0.27613530
vn -0.54938465 -0.82233524 0.14812571
vn -0.34549847 -0.92935908 0.13008644
vn -0.33750266 -0.94070721 0.03408704
vn -0.54938465 -0.82233524 0.14812571
vn -0.33750266 -0.94070721 0.03408704
vn -0.50238365 -0.86421341 0.02730942
vn -0.50238365 -0.86421341 0.02730942
vn -0.33750266 -0.94070721 0.03408704
vn -0.46080279 -0.76844764 0.44401461
vn -0.50126785 -0.77958423 0.37547168
vn -0.50502014 -0.78342569 0.36221382
vn -0.55182731 -0.74687827 0.37102485
vn -0.50502014 -0.78342569 0.36221382
vn -0.61143965 -0.71292055 0.34334511
vn -0.55182731 -0.74687827 0.37102485
vn -0.55182731 -0.74687827 0.37102485
vn -0.61143965 -0.71292055 0.34334511
vn -0.61873418 -0.69700873 0.36241803
vn -0.61873418 -0.69700873 0.36241803
vn -0.69681287 -0.62721288 0.34793079
vn -0.67613292 -0.63605094 0.37186489
vn -0.50502014 -0.78342569 0.36221382
vn -0.46671906 -0.81546825 0.34232274
vn -0.57691443 -0.74397665 0.33714759
vn -0.50502014 -0.78342569 0.36221382
vn -0.57691443 -0.74397665 0.33714759
vn -0.61143965 -0.71292055 0.34334511
vn -0.61873418 -0.69700873 0.36241803
vn -0.61143965 -0.71292055 0.34334511
vn -0.69681287 -0.62721288 0.34793079
vn -0.61143965 -0.71292055 0.34334511
vn -0.57691443 -0.74397665 0.33714759
vn -0.69583267 -0.64730990 0.31113791
vn -0.61143965 -0.71292055 0.34334511
vn -0.69583267 -0.64730990 0.31113791
vn -0.69681287 -0.62721288 0.34793079
vn -0.50126785 -0.77958423 0.37547168
vn -0.55182731 -0.74687827 0.37102485
vn -0.54799503 -0.74659771 0.37721792
vn -0.50126785 -0.77958423 0.37547168
vn -0.54799503 -0.74659771 0.37721792
vn -0.49679947 -0.78426862 0.37163565
vn -0.49679947 -0.78426862 0.37163565
vn -0.54799503 -0.74659771 0.37721792
vn -0.53602016 -0.77185917 0.34192950
vn -0.55182731 -0.74687827 0.37102485
vn -0.61873418 -0.69700873 0.36241803
vn -0.59948641 -0.70747530 0.37429234
vn -0.55182731 -0.74687827 0.37102485
vn -0.59948641 -0.70747530 0.37429234
vn -0.54799503 -0.74659771 0.37721792
vn -0.54799503 -0.74659771 0.37721792
vn -0.59948641 -0.70747530 0.37429234
vn -0.53602016 -0.77185917 0.34192950
vn -0.61873418 -0.69700873 0.36241803
vn -0.67613292 -0.63605094 0.37186489
vn -0.67701262 -0.63665885 0.36921462
vn -0.61873418 -0.69700873 0.36241803
vn -0.67701262 -0.63665885 0.36921462
vn -0.59948641 -0.70747530 0.37429234
vn -0.59948641 -0.70747530 0.37429234
vn -0.67701262 -0.63665885 0.36921462
vn -0.64668906 -0.67467284 0.35582274
vn -0.50126785 -0.77958423 0.37547168
vn -0.49679947 -0.78426862 0.37163565
vn -0.43489847 -0.81897867 0.37434909
vn -0.43489847 -0.81897867 0.37434909
vn -0.38340846 -0.85335982 0.35323507
vn -0.37542948 -0.84755838 0.37509662
vn -0.50126785 -0.77958423 0.37547168
vn -0.43489847 -0.81897867 0.37434909
vn -0.43721551 -0.82367581 0.36111051
vn -0.50126785 -0.77958423 0.37547168
vn -0.43721551 -0.82367581 0.36111051
vn -0.50502014 -0.78342569 0.36221382
vn -0.50502014 -0.78342569 0.36221382
vn -0.43721551 -0.82367581 0.36111051
vn -0.46671906 -0.81546825 0.34232274
vn -0.43489847 -0.81897867 0.37434909
vn -0.37542948 -0.84755838 0.37509662
vn -0.37414420 -0.85254514 0.36494225
vn -0.43489847 -0.81897867 0.37434909
vn -0.37414420 -0.85254514 0.36494225
vn -0.43721551 -0.82367581 0.36111051
vn -0.43721551 -0.82367581 0.36111051
vn -0.37414420 -0.85254514 0.36494225
vn -0.34277362 -0.87590986 0.33954105
vn -0.43721551 -0.82367581 0.36111051
vn -0.34277362 -0.87590986 0.33954105
vn -0.46671906 -0.81546825 0.34232274
vn -0.37542948 -0.84755838 0.37509662
vn -0.32520998 -0.86842597 0.37426570
vn -0.37414420 -0.85254514 0.36494225
vn -0.46671906 -0.81546825 0.34232274
vn -0.34277362 -0.87590986 0.33954105
vn -0.27647132 -0.92049599 0.27613530
vn -0.46671906 -0.81546825 0.34232274
vn -0.27647132 -0.92049599 0.27613530
vn -0.48134550 -0.82145447 0.30580881
vn -0.79441208 -0.58728892 0.15492311
vn -0.81032014 -0.58517557 0.03083629
vn -0.85489565 -0.50511837 0.11835917
vn -0.91205049 -0.36917436 0.17853341
vn -0.85489565 -0.50511837 0.11835917
vn -0.88431585 -0.46558264 0.03490455
vn -0.91205049 -0.36917436 0.17853341
vn -0.88431585 -0.46558264 0.03490455
vn -0.94160002 -0.32900864 0.07171283
vn -0.81032014 -0.58517557 0.03083629
vn -0.88431585 -0.46558264 0.03490455
vn -0.85489565 -0.50511837 0.11835917
vn -0.88431585 -0.46558264 0.03490455
vn -0.81828862 -0.44040394 0.36938885
vn -0.83673471 -0.32563728 0.44026741
vn -0.88431585 -0.46558264 0.03490455
vn -0.83673471 -0.32563728 0.44026741
vn -0.94160002 -0.32900864 0.07171283
vn -0.79441208 -0.58728892 0.15492311
vn -0.85872990 -0.46254110 0.22054185
vn -0.77984053 -0.56935102 0.26016942
vn -0.85489565 -0.50511837 0.11835917
vn -0.91205049 -0.36917436 0.17853341
vn -0.85872990 -0.46254110 0.22054185
vn -0.85489565 -0.50511837 0.11835917
vn -0.85872990 -0.46254110 0.22054185
vn -0.79441208 -0.58728892 0.15492311
vn -0.85872990 -0.46254110 0.22054185
vn -0.85197085 -0.42902172 0.30014336
vn -0.77984053 -0.56935102 0.26016942
vn -0.77984053 -0.56935102 0.26016942
vn -0.85197085 -0.42902172 0.30014336
vn -0.79140377 -0.51962101 0.32198459
vn -0.85872990 -0.46254110 0.22054185
vn -0.89606893 -0.36108854 0.25821611
vn -0.85197085 -0.42902172 0.30014336
vn -0.85872990 -0.46254110 0.22054185
vn -0.91205049 -0.36917436 0.17853341
vn -0.89606893 -0.36108854 0.25821611
vn -0.85197085 -0.42902172 0.30014336
vn -0.89606893 -0.36108854 0.25821611
vn -0.89784104 -0.31909755 0.30341095
vn -0.79441208 -0.58728892 0.15492311
vn -0.69180751 -0.68720818 0.22169198
vn -0.71682990 -0.69106281 0.09266646
vn -0.79441208 -0.58728892 0.15492311
vn -0.77984053 -0.56935102 0.26016942
vn -0.69180751 -0.68720818 0.22169198
vn -0.77984053 -0.56935102 0.26016942
vn -0.65739030 -0.69676608 0.28697568
vn -0.69180751 -0.68720818 0.22169198
vn -0.77984053 -0.56935102 0.26016942
vn -0.79140377 -0.51962101 0.32198459
vn -0.69583267 -0.64730990 0.31113791
vn -0.77984053 -0.56935102 0.26016942
vn -0.69583267 -0.64730990 0.31113791
vn -0.65739030 -0.69676608 0.28697568
vn -0.79441208 -0.58728892 0.15492311
vn -0.71682990 -0.69106281 0.09266646
vn -0.81032014 -0.58517557 0.03083629
vn -0.81032014 -0.58517557 0.03083629
vn -0.71682990 -0.69106281 0.09266646
vn -0.69337630 -0.72030836 -0.01962588
vn -0.81032014 -0.58517557 0.03083629
vn -0.69337630 -0.72030836 -0.01962588
vn -0.76908231 -0.58303833 0.26187539
vn -0.78593916 -0.49116844 0.37557054
vn -0.73526073 -0.56759554 0.37044156
vn -0.78469086 -0.49905872 0.36769643
vn -0.78593916 -0.49116844 0.37557054
vn -0.78469086 -0.49905872 0.36769643
vn -0.82587552 -0.42425027 0.37140459
vn -0.82587552 -0.42425027 0.37140459
vn -0.78469086 -0.49905872 0.36769643
vn -0.85612649 -0.38390908 0.34592086
vn -0.82587552 -0.42425027 0.37140459
vn -0.85612649 -0.38390908 0.34592086
vn -0.85583800 -0.36093602 0.37049490
vn -0.78469086 -0.49905872 0.36769643
vn -0.79140377 -0.51962101 0.32198459
vn -0.85612649 -0.38390908 0.34592086
vn -0.79140377 -0.51962101 0.32198459
vn -0.85197085 -0.42902172 0.30014336
vn -0.85612649 -0.38390908 0.34592086
vn -0.85612649 -0.38390908 0.34592086
vn -0.85197085 -0.42902172 0.30014336
vn -0.89784104 -0.31909755 0.30341095
vn -0.78593916 -0.49116844 0.37557054
vn -0.82587552 -0.42425027 0.37140459
vn -0.83201241 -0.41849211 0.36416990
vn -0.78593916 -0.49116844 0.37557054
vn -0.83201241 -0.41849211 0.36416990
vn -0.79253936 -0.49118739 0.36140880
vn -0.82587552 -0.42425027 0.37140459
vn -0.85583800 -0.36093602 0.37049490
vn -0.85846776 -0.35457844 0.37054992
vn -0.82587552 -0.42425027 0.37140459
vn -0.85846776 -0.35457844 0.37054992
vn -0.83201241 -0.41849211 0.36416990
vn -0.73526073 -0.56759554 0.37044156
vn -0.67701262 -0.63665885 0.36921462
vn -0.67613292 -0.63605094 0.37186489
vn -0.78593916 -0.49116844 0.37557054
vn -0.79253936 -0.49118739 0.36140880
vn -0.73490328 -0.56992692 0.36756021
vn -0.78593916 -0.49116844 0.37557054
vn -0.73490328 -0.56992692 0.36756021
vn -0.73526073 -0.56759554 0.37044156
vn -0.73526073 -0.56759554 0.37044156
vn -0.73490328 -0.56992692 0.36756021
vn -0.67701262 -0.63665885 0.36921462
vn -0.78469086 -0.49905872 0.36769643
vn -0.73526073 -0.56759554 0.37044156
vn -0.69681287 -0.62721288 0.34793079
vn -0.78469086 -0.49905872 0.36769643
vn -0.69681287 -0.62721288 0.34793079
vn -0.79140377 -0.51962101 0.32198459
vn -0.79140377 -0.51962101 0.32198459
vn -0.69681287 -0.62721288 0.34793079
vn -0.69583267 -0.64730990 0.31113791
vn -0.73526073 -0.56759554 0.37044156
vn -0.67613292 -0.63605094 0.37186489
vn -0.69681287 -0.62721288 0.34793079
vn -0.97203720 -0.22142118 0.07820721
vn -0.99753267 -0.05858812 0.03867894
vn -0.97937840 -0.11021817 0.16932172
vn -0.97937840 -0.11021817 0.16932172
vn -0.99753267 -0.05858812 0.03867894
vn -0.99089062 0.05568619 0.12261672
vn -0.85182369 -0.18267854 0.49094296
vn -0.85194886 -0.08180362 0.51719564
vn -0.97203720 -0.22142118 0.07820721
vn -0.97203720 -0.22142118 0.07820721
vn -0.85194886 -0.08180362 0.51719564
vn -0.99753267 -0.05858812 0.03867894
vn -0.97937840 -0.11021817 0.16932172
vn -0.95572841 0.02080382 0.29351395
vn -0.95263731 -0.17470092 0.24892107
vn -0.95263731 -0.17470092 0.24892107
vn -0.95572841 0.02080382 0.29351395
vn -0.94602102 -0.09574302 0.30964094
vn -0.99089062 0.05568619 0.12261672
vn -0.97283947 0.05159707 0.22565715
vn -0.97937840 -0.11021817 0.16932172
vn -0.97937840 -0.11021817 0.16932172
vn -0.97283947 0.05159707 0.22565715
vn -0.95572841 0.02080382 0.29351395
vn -0.97203720 -0.22142118 0.07820721
vn -0.97937840 -0.11021817 0.16932172
vn -0.94049716 -0.26115298 0.21740334
vn -0.97203720 -0.22142118 0.07820721
vn -0.94049716 -0.26115298 0.21740334
vn -0.91205049 -0.36917436 0.17853341
vn -0.97937840 -0.11021817 0.16932172
vn -0.95263731 -0.17470092 0.24892107
vn -0.94049716 -0.26115298 0.21740334
vn -0.94049716 -0.26115298 0.21740334
vn -0.89606893 -0.36108854 0.25821611
vn -0.91205049 -0.36917436 0.17853341
vn -0.94049716 -0.26115298 0.21740334
vn -0.95263731 -0.17470092 0.24892107
vn -0.89784104 -0.31909755 0.30341095
vn -0.94049716 -0.26115298 0.21740334
vn -0.89784104 -0.31909755 0.30341095
vn -0.89606893 -0.36108854 0.25821611
vn -0.94602102 -0.09574302 0.30964094
vn -0.92157865 -0.21714933 0.32177475
vn -0.95263731 -0.17470092 0.24892107
vn -0.95263731 -0.17470092 0.24892107
vn -0.92157865 -0.21714933 0.32177475
vn -0.89784104 -0.31909755 0.30341095
vn -0.91205049 -0.36917436 0.17853341
vn -0.94160002 -0.32900864 0.07171283
vn -0.97203720 -0.22142118 0.07820721
vn -0.97203720 -0.22142118 0.07820721
vn -0.94160002 -0.32900864 0.07171283
vn -0.83673471 -0.32563728 0.44026741
vn -0.97203720 -0.22142118 0.07820721
vn -0.83673471 -0.32563728 0.44026741
vn -0.85182369 -0.18267854 0.49094296
vn -0.90319389 -0.20491424 0.37716168
vn -0.89995426 -0.26351890 0.34733284
vn -0.91843247 -0.12696339 0.37464926
vn -0.92452776 -0.06785845 0.37502491
vn -0.91843247 -0.12696339 0.37464926
vn -0.93839467 0.02616045 0.34457386
vn -0.92452776 -0.06785845 0.37502491
vn -0.93839467 0.02616045 0.34457386
vn -0.92920357 -0.00106053 0.36956671
vn -0.89995426 -0.26351890 0.34733284
vn -0.92512751 -0.16360390 0.34259728
vn -0.91843247 -0.12696339 0.37464926
vn -0.91843247 -0.12696339 0.37464926
vn -0.92512751 -0.16360390 0.34259728
vn -0.93734920 -0.07022235 0.34124079
vn -0.91843247 -0.12696339 0.37464926
vn -0.93734920 -0.07022235 0.34124079
vn -0.93839467 0.02616045 0.34457386
vn -0.92512751 -0.16360390 0.34259728
vn -0.92157865 -0.21714933 0.32177475
vn -0.94602102 -0.09574302 0.30964094
vn -0.92512751 -0.16360390 0.34259728
vn -0.94602102 -0.09574302 0.30964094
vn -0.93734920 -0.07022235 0.34124079
vn -0.93734920 -0.07022235 0.34124079
vn -0.94602102 -0.09574302 0.30964094
vn -0.95572841 0.02080382 0.29351395
vn -0.93734920 -0.07022235 0.34124079
vn -0.95572841 0.02080382 0.29351395
vn -0.93839467 0.02616045 0.34457386
vn -0.90319389 -0.20491424 0.37716168
vn -0.91843247 -0.12696339 0.37464926
vn -0.91169780 -0.18587585 0.36641139
vn -0.91843247 -0.12696339 0.37464926
vn -0.92452776 -0.06785845 0.37502491
vn -0.91169780 -0.18587585 0.36641139
vn -0.91169780 -0.18587585 0.36641139
vn -0.92452776 -0.06785845 0.37502491
vn -0.92665690 -0.09781989 0.36295766
vn -0.91169780 -0.18587585 0.36641139
vn -0.92665690 -0.09781989 0.36295766
vn -0.92433804 -0.17670308 0.33819404
vn -0.92452776 -0.06785845 0.37502491
vn -0.93108290 -0.04288887 0.36227772
vn -0.92665690 -0.09781989 0.36295766
vn -0.92452776 -0.06785845 0.37502491
vn -0.92920357 -0.00106053 0.36956671
vn -0.93108290 -0.04288887 0.36227772
vn -0.93108290 -0.04288887 0.36227772
vn -0.92920357 -0.00106053 0.36956671
vn -0.93115491 0.03303616 0.36312416
vn -0.90319389 -0.20491424 0.37716168
vn -0.91169780 -0.18587585 0.36641139
vn -0.88526762 -0.28657266 0.36630231
vn -0.90319389 -0.20491424 0.37716168
vn -0.88526762 -0.28657266 0.36630231
vn -0.88198829 -0.29293787 0.36916676
vn -0.88198829 -0.29293787 0.36916676
vn -0.88526762 -0.28657266 0.36630231
vn -0.85846776 -0.35457844 0.37054992
vn -0.88198829 -0.29293787 0.36916676
vn -0.85846776 -0.35457844 0.37054992
vn -0.85583800 -0.36093602 0.37049490
vn -0.92512751 -0.16360390 0.34259728
vn -0.89995426 -0.26351890 0.34733284
vn -0.92157865 -0.21714933 0.32177475
vn -0.90319389 -0.20491424 0.37716168
vn -0.88198829 -0.29293787 0.36916676
vn -0.89995426 -0.26351890 0.34733284
vn -0.89995426 -0.26351890 0.34733284
vn -0.89784104 -0.31909755 0.30341095
vn -0.92157865 -0.21714933 0.32177475
vn -0.88198829 -0.29293787 0.36916676
vn -0.85583800 -0.36093602 0.37049490
vn -0.85612649 -0.38390908 0.34592086
vn -0.88198829 -0.29293787 0.36916676
vn -0.85612649 -0.38390908 0.34592086
vn -0.89995426 -0.26351890 0.34733284
vn -0.89995426 -0.26351890 0.34733284
vn -0.85612649 -0.38390908 0.34592086
vn -0.89784104 -0.31909755 0.30341095
vn -0.92124778 0.34147760 0.18626758
vn -0.96798259 0.18787482 0.16647153
vn -0.96135730 0.27245319 0.03951403
vn -0.96135730 0.27245319 0.03951403
vn -0.98972863 0.14152199 -0.02021773
vn -0.83897060 0.21985754 0.49778607
vn -0.96135730 0.27245319 0.03951403
vn -0.83897060 0.21985754 0.49778607
vn -0.91495222 0.40347421 0.00842402
vn -0.96798259 0.18787482 0.16647153
vn -0.92215478 0.28427333 0.26233420
vn -0.95722926 0.15084304 0.24689782
vn -0.93918633 0.15092184 0.30846652
vn -0.95722926 0.15084304 0.24689782
vn -0.90124601 0.29709420 0.31542149
vn -0.96798259 0.18787482 0.16647153
vn -0.92124778 0.34147760 0.18626758
vn -0.92215478 0.28427333 0.26233420
vn -0.95722926 0.15084304 0.24689782
vn -0.92215478 0.28427333 0.26233420
vn -0.90124601 0.29709420 0.31542149
vn -0.92124778 0.34147760 0.18626758
vn -0.86701572 0.42227474 0.26451424
vn -0.92215478 0.28427333 0.26233420
vn -0.92215478 0.28427333 0.26233420
vn -0.86701572 0.42227474 0.26451424
vn -0.90124601 0.29709420 0.31542149
vn -0.96798259 0.18787482 0.16647153
vn -0.95722926 0.15084304 0.24689782
vn -0.97283947 0.05159707 0.22565715
vn -0.95722926 0.15084304 0.24689782
vn -0.93918633 0.15092184 0.30846652
vn -0.95572841 0.02080382 0.29351395
vn -0.95722926 0.15084304 0.24689782
vn -0.95572841 0.02080382 0.29351395
vn -0.97283947 0.05159707 0.22565715
vn -0.96798259 0.18787482 0.16647153
vn -0.97283947 0.05159707 0.22565715
vn -0.99089062 0.05568619 0.12261672
vn -0.96798259 0.18787482 0.16647153
vn -0.99089062 0.05568619 0.12261672
vn -0.96135730 0.27245319 0.03951403
vn -0.96135730 0.27245319 0.03951403
vn -0.99089062 0.05568619 0.12261672
vn -0.98972863 0.14152199 -0.02021773
vn -0.99089062 0.05568619 0.12261672
vn -0.99753267 -0.05858812 0.03867894
vn -0.98972863 0.14152199 -0.02021773
vn -0.98972863 0.14152199 -0.02021773
vn -0.99753267 -0.05858812 0.03867894
vn -0.94162536 0.10588098 0.31957924
vn -0.91545802 0.14293206 0.37617415
vn -0.91656893 0.15836407 0.36718148
vn -0.89581394 0.24113142 0.37332702
vn -0.89581394 0.24113142 0.37332702
vn -0.91656893 0.15836407 0.36718148
vn -0.89490467 0.27027625 0.35510054
vn -0.89581394 0.24113142 0.37332702
vn -0.89490467 0.27027625 0.35510054
vn -0.87255913 0.31336623 0.37475610
vn -0.87255913 0.31336623 0.37475610
vn -0.89490467 0.27027625 0.35510054
vn -0.85555321 0.36713478 0.36502165
vn -0.87255913 0.31336623 0.37475610
vn -0.85555321 0.36713478 0.36502165
vn -0.84829772 0.37416387 0.37468967
vn -0.89490467 0.27027625 0.35510054
vn -0.84342182 0.43465325 0.31577867
vn -0.85555321 0.36713478 0.36502165
vn -0.91656893 0.15836407 0.36718148
vn -0.93918633 0.15092184 0.30846652
vn -0.89490467 0.27027625 0.35510054
vn -0.89490467 0.27027625 0.35510054
vn -0.90124601 0.29709420 0.31542149
vn -0.84342182 0.43465325 0.31577867
vn -0.93918633 0.15092184 0.30846652
vn -0.90124601 0.29709420 0.31542149
vn -0.89490467 0.27027625 0.35510054
vn -0.91545802 0.14293206 0.37617415
vn -0.89581394 0.24113142 0.37332702
vn -0.91126835 0.20160481 0.35908985
vn -0.89581394 0.24113142 0.37332702
vn -0.88444370 0.28391534 0.37033963
vn -0.91126835 0.20160481 0.35908985
vn -0.89581394 0.24113142 0.37332702
vn -0.87255913 0.31336623 0.37475610
vn -0.88444370 0.28391534 0.37033963
vn -0.87255913 0.31336623 0.37475610
vn -0.84829772 0.37416387 0.37468967
vn -0.86156285 0.36055422 0.35736549
vn -0.87255913 0.31336623 0.37475610
vn -0.86156285 0.36055422 0.35736549
vn -0.88444370 0.28391534 0.37033963
vn -0.91126835 0.20160481 0.35908985
vn -0.92845070 0.12052507 0.35135877
vn -0.91545802 0.14293206 0.37617415
vn -0.91545802 0.14293206 0.37617415
vn -0.92845070 0.12052507 0.35135877
vn -0.92520231 0.06381406 0.37407017
vn -0.92520231 0.06381406 0.37407017
vn -0.92845070 0.12052507 0.35135877
vn -0.93115491 0.03303616 0.36312416
vn -0.92520231 0.06381406 0.37407017
vn -0.93115491 0.03303616 0.36312416
vn -0.92920357 -0.00106053 0.36956671
vn -0.91656893 0.15836407 0.36718148
vn -0.93839467 0.02616045 0.34457386
vn -0.93918633 0.15092184 0.30846652
vn -0.91545802 0.14293206 0.37617415
vn -0.92520231 0.06381406 0.37407017
vn -0.91656893 0.15836407 0.36718148
vn -0.91656893 0.15836407 0.36718148
vn -0.92520231 0.06381406 0.37407017
vn -0.93839467 0.02616045 0.34457386
vn -0.93918633 0.15092184 0.30846652
vn -0.93839467 0.02616045 0.34457386
vn -0.95572841 0.02080382 0.29351395
vn -0.92520231 0.06381406 0.37407017
vn -0.92920357 -0.00106053 0.36956671
vn -0.93839467 0.02616045 0.34457386
vn -0.81180656 0.57983226 0.06902685
vn -0.75004780 0.51274818 0.41775301
vn -0.66749847 0.60334432 0.43637303
vn -0.81180656 0.57983226 0.06902685
vn -0.66749847 0.60334432 0.43637303
vn -0.67538494 0.73342776 0.07706441
vn -0.87164181 0.46319151 0.16029406
vn -0.81180656 0.57983226 0.06902685
vn -0.78870761 0.56770283 0.23591065
vn -0.81180656 0.57983226 0.06902685
vn -0.69879013 0.68316787 0.21207070
vn -0.78870761 0.56770283 0.23591065
vn -0.78870761 0.56770283 0.23591065
vn -0.70365715 0.64855283 0.29025137
vn -0.76001906 0.57198220 0.30855694
vn -0.81180656 0.57983226 0.06902685
vn -0.67538494 0.73342776 0.07706441
vn -0.69879013 0.68316787 0.21207070
vn -0.78870761 0.56770283 0.23591065
vn -0.69879013 0.68316787 0.21207070
vn -0.70365715 0.64855283 0.29025137
vn -0.70365715 0.64855283 0.29025137
vn -0.66895026 0.66695428 0.32814261
vn -0.76001906 0.57198220 0.30855694
vn -0.78870761 0.56770283 0.23591065
vn -0.86701572 0.42227474 0.26451424
vn -0.87164181 0.46319151 0.16029406
vn -0.87164181 0.46319151 0.16029406
vn -0.86701572 0.42227474 0.26451424
vn -0.92124778 0.34147760 0.18626758
vn -0.78870761 0.56770283 0.23591065
vn -0.84342182 0.43465325 0.31577867
vn -0.86701572 0.42227474 0.26451424
vn -0.78870761 0.56770283 0.23591065
vn -0.76001906 0.57198220 0.30855694
vn -0.84342182 0.43465325 0.31577867
vn -0.86701572 0.42227474 0.26451424
vn -0.84342182 0.43465325 0.31577867
vn -0.90124601 0.29709420 0.31542149
vn -0.87164181 0.46319151 0.16029406
vn -0.91495222 0.40347421 0.00842402
vn -0.81180656 0.57983226 0.06902685
vn -0.81180656 0.57983226 0.06902685
vn -0.91495222 0.40347421 0.00842402
vn -0.75004780 0.51274818 0.41775301
vn -0.87164181 0.46319151 0.16029406
vn -0.92124778 0.34147760 0.18626758
vn -0.96135730 0.27245319 0.03951403
vn -0.87164181 0.46319151 0.16029406
vn -0.96135730 0.27245319 0.03951403
vn -0.91495222 0.40347421 0.00842402
vn -0.74114698 0.55532593 0.37724563
vn -0.75245166 0.55710077 0.35136193
vn -0.67555726 0.63963181 0.36673358
vn -0.74114698 0.55532593 0.37724563
vn -0.67555726 0.63963181 0.36673358
vn -0.69637245 0.61099565 0.37649661
vn -0.75245166 0.55710077 0.35136193
vn -0.66895026 0.66695428 0.32814261
vn -0.67555726 0.63963181 0.36673358
vn -0.75245166 0.55710077 0.35136193
vn -0.76001906 0.57198220 0.30855694
vn -0.66895026 0.66695428 0.32814261
vn -0.77119696 0.51317430 0.37670600
vn -0.74114698 0.55532593 0.37724563
vn -0.74636114 0.55151385 0.37252861
vn -0.77119696 0.51317430 0.37670600
vn -0.74636114 0.55151385 0.37252861
vn -0.76139808 0.54304445 0.35408431
vn -0.74114698 0.55532593 0.37724563
vn -0.69637245 0.61099565 0.37649661
vn -0.74636114 0.55151385 0.37252861
vn -0.74636114 0.55151385 0.37252861
vn -0.69637245 0.61099565 0.37649661
vn -0.69387585 0.62148726 0.36371675
vn -0.69637245 0.61099565 0.37649661
vn -0.67555726 0.63963181 0.36673358
vn -0.63719070 0.67190999 0.37752482
vn -0.69637245 0.61099565 0.37649661
vn -0.63719070 0.67190999 0.37752482
vn -0.69387585 0.62148726 0.36371675
vn -0.79856080 0.47044167 0.37548003
vn -0.83206028 0.40988919 0.37371990
vn -0.82778192 0.41975695 0.37226492
vn -0.82778192 0.41975695 0.37226492
vn -0.83206028 0.40988919 0.37371990
vn -0.84829772 0.37416387 0.37468967
vn -0.84829772 0.37416387 0.37468967
vn -0.83206028 0.40988919 0.37371990
vn -0.86156285 0.36055422 0.35736549
vn -0.77119696 0.51317430 0.37670600
vn -0.76139808 0.54304445 0.35408431
vn -0.79864031 0.48035231 0.36254016
vn -0.77119696 0.51317430 0.37670600
vn -0.79864031 0.48035231 0.36254016
vn -0.79856080 0.47044167 0.37548003
vn -0.79856080 0.47044167 0.37548003
vn -0.79864031 0.48035231 0.36254016
vn -0.82552963 0.43498233 0.35957092
vn -0.79856080 0.47044167 0.37548003
vn -0.82552963 0.43498233 0.35957092
vn -0.83206028 0.40988919 0.37371990
vn -0.77119696 0.51317430 0.37670600
vn -0.79856080 0.47044167 0.37548003
vn -0.80888516 0.46510762 0.35969394
vn -0.77119696 0.51317430 0.37670600
vn -0.80888516 0.46510762 0.35969394
vn -0.74114698 0.55532593 0.37724563
vn -0.74114698 0.55532593 0.37724563
vn -0.80888516 0.46510762 0.35969394
vn -0.75245166 0.55710077 0.35136193
vn -0.75245166 0.55710077 0.35136193
vn -0.80888516 0.46510762 0.35969394
vn -0.84342182 0.43465325 0.31577867
vn -0.75245166 0.55710077 0.35136193
vn -0.84342182 0.43465325 0.31577867
vn -0.76001906 0.57198220 0.30855694
vn -0.79856080 0.47044167 0.37548003
vn -0.82778192 0.41975695 0.37226492
vn -0.80888516 0.46510762 0.35969394
vn -0.82778192 0.41975695 0.37226492
vn -0.85555321 0.36713478 0.36502165
vn -0.80888516 0.46510762 0.35969394
vn -0.80888516 0.46510762 0.35969394
vn -0.85555321 0.36713478 0.36502165
vn -0.84342182 0.43465325 0.31577867
vn -0.84829772 0.37416387 0.37468967
vn -0.85555321 0.36713478 0.36502165
vn -0.82778192 0.41975695 0.37226492
vn -0.23993574 0.95909601 0.15021868
vn -0.21254525 0.97621763 0.04270458
vn -0.05438038 0.98809671 0.14390151
vn -0.05438038 0.98809671 0.14390151
vn -0.21254525 0.97621763 0.04270458
vn 0.02486740 0.99908745 0.03472552
vn -0.21254525 0.97621763 0.04270458
vn -0.10925718 0.95705646 0.26852530
vn 0.02486740 0.99908745 0.03472552
vn -0.23993574 0.95909601 0.15021868
vn -0.05438038 0.98809671 0.14390151
vn -0.13303913 0.96443170 0.22841217
vn -0.22997437 0.93717682 0.26231924
vn -0.13303913 0.96443170 0.22841217
vn -0.10074782 0.94641829 0.30682620
vn -0.22997437 0.93717682 0.26231924
vn -0.10074782 0.94641829 0.30682620
vn -0.25325406 0.91388744 0.31728879
vn -0.05438038 0.98809671 0.14390151
vn 0.00167400 0.96727455 0.25372660
vn -0.13303913 0.96443170 0.22841217
vn -0.13303913 0.96443170 0.22841217
vn 0.00167400 0.96727455 0.25372660
vn -0.10074782 0.94641829 0.30682620
vn 0.00167400 0.96727455 0.25372660
vn 0.04221257 0.94755238 0.31680050
vn -0.10074782 0.94641829 0.30682620
vn -0.23993574 0.95909601 0.15021868
vn -0.34292626 0.90802115 0.24062240
vn -0.42575803 0.89555514 0.12927134
vn -0.13303913 0.96443170 0.22841217
vn -0.22997437 0.93717682 0.26231924
vn -0.23993574 0.95909601 0.15021868
vn -0.23993574 0.95909601 0.15021868
vn -0.22997437 0.93717682 0.26231924
vn -0.34292626 0.90802115 0.24062240
vn -0.22997437 0.93717682 0.26231924
vn -0.25325406 0.91388744 0.31728879
vn -0.34292626 0.90802115 0.24062240
vn -0.34292626 0.90802115 0.24062240
vn -0.25325406 0.91388744 0.31728879
vn -0.42256898 0.85484773 0.30111599
vn -0.23993574 0.95909601 0.15021868
vn -0.35298511 0.93499392 0.03446582
vn -0.21254525 0.97621763 0.04270458
vn -0.23993574 0.95909601 0.15021868
vn -0.42575803 0.89555514 0.12927134
vn -0.35298511 0.93499392 0.03446582
vn -0.35298511 0.93499392 0.03446582
vn -0.34708351 0.93766689 -0.01771537
vn -0.21254525 0.97621763 0.04270458
vn -0.15452045 0.91401947 0.37508905
vn -0.15095228 0.92464077 0.34964669
vn -0.03994168 0.93263048 0.35861543
vn -0.15452045 0.91401947 0.37508905
vn -0.03994168 0.93263048 0.35861543
vn -0.07031788 0.92429972 0.37513381
vn -0.07031788 0.92429972 0.37513381
vn -0.03994168 0.93263048 0.35861543
vn 0.02449535 0.92777497 0.37233528
vn -0.15095228 0.92464077 0.34964669
vn -0.25325406 0.91388744 0.31728879
vn -0.10074782 0.94641829 0.30682620
vn -0.15095228 0.92464077 0.34964669
vn -0.10074782 0.94641829 0.30682620
vn -0.03994168 0.93263048 0.35861543
vn -0.03994168 0.93263048 0.35861543
vn -0.10074782 0.94641829 0.30682620
vn 0.04221257 0.94755238 0.31680050
vn -0.15452045 0.91401947 0.37508905
vn -0.07031788 0.92429972 0.37513381
vn -0.08454974 0.93211967 0.35214242
vn -0.15452045 0.91401947 0.37508905
vn -0.08454974 0.93211967 0.35214242
vn -0.15808220 0.91840190 0.36269540
vn -0.07031788 0.92429972 0.37513381
vn -0.01938840 0.93474048 0.35480186
vn -0.08454974 0.93211967 0.35214242
vn -0.07031788 0.92429972 0.37513381
vn 0.02449535 0.92777497 0.37233528
vn -0.01938840 0.93474048 0.35480186
vn -0.15452045 0.91401947 0.37508905
vn -0.15808220 0.91840190 0.36269540
vn -0.22842595 0.89969909 0.37197194
vn -0.22842595 0.89969909 0.37197194
vn -0.28602353 0.88712418 0.36221713
vn -0.29415861 0.88129592 0.36984888
vn -0.29415861 0.88129592 0.36984888
vn -0.28602353 0.88712418 0.36221713
vn -0.36002478 0.85550314 0.37215120
vn -0.15808220 0.91840190 0.36269540
vn -0.20463990 0.91833311 0.33880195
vn -0.22842595 0.89969909 0.37197194
vn -0.22842595 0.89969909 0.37197194
vn -0.20463990 0.91833311 0.33880195
vn -0.28602353 0.88712418 0.36221713
vn -0.28602353 0.88712418 0.36221713
vn -0.37883088 0.84662986 0.37377140
vn -0.36002478 0.85550314 0.37215120
vn -0.15452045 0.91401947 0.37508905
vn -0.22842595 0.89969909 0.37197194
vn -0.15095228 0.92464077 0.34964669
vn -0.15095228 0.92464077 0.34964669
vn -0.22842595 0.89969909 0.37197194
vn -0.25876844 0.89889038 0.35360295
vn -0.15095228 0.92464077 0.34964669
vn -0.25876844 0.89889038 0.35360295
vn -0.25325406 0.91388744 0.31728879
vn -0.22842595 0.89969909 0.37197194
vn -0.29415861 0.88129592 0.36984888
vn -0.25876844 0.89889038 0.35360295
vn -0.25876844 0.89889038 0.35360295
vn -0.36014286 0.86468780 0.35016009
vn -0.25325406 0.91388744 0.31728879
vn -0.29415861 0.88129592 0.36984888
vn -0.36002478 0.85550314 0.37215120
vn -0.36014286 0.86468780 0.35016009
vn -0.29415861 0.88129592 0.36984888
vn -0.36014286 0.86468780 0.35016009
vn -0.25876844 0.89889038 0.35360295
vn -0.36014286 0.86468780 0.35016009
vn -0.42256898 0.85484773 0.30111599
vn -0.25325406 0.91388744 0.31728879
vn -0.57748789 0.81195664 0.08505392
vn -0.51025057 0.85996574 0.01016516
vn -0.42575803 0.89555514 0.12927134
vn -0.42575803 0.89555514 0.12927134
vn -0.51025057 0.85996574 0.01016516
vn -0.35298511 0.93499392 0.03446582
vn -0.51025057 0.85996574 0.01016516
vn -0.36894396 0.78261769 0.50138801
vn -0.34708351 0.93766689 -0.01771537
vn -0.51025057 0.85996574 0.01016516
vn -0.34708351 0.93766689 -0.01771537
vn -0.35298511 0.93499392 0.03446582
vn -0.57748789 0.81195664 0.08505392
vn -0.42575803 0.89555514 0.12927134
vn -0.47419527 0.85515171 0.20941439
vn -0.58810925 0.77868164 0.21859179
vn -0.47419527 0.85515171 0.20941439
vn -0.42256898 0.85484773 0.30111599
vn -0.58810925 0.77868164 0.21859179
vn -0.42256898 0.85484773 0.30111599
vn -0.55500299 0.77554196 0.30084267
vn -0.55500299 0.77554196 0.30084267
vn -0.42256898 0.85484773 0.30111599
vn -0.47055531 0.81669670 0.33404216
vn -0.42575803 0.89555514 0.12927134
vn -0.34292626 0.90802115 0.24062240
vn -0.47419527 0.85515171 0.20941439
vn -0.47419527 0.85515171 0.20941439
vn -0.34292626 0.90802115 0.24062240
vn -0.42256898 0.85484773 0.30111599
vn -0.57748789 0.81195664 0.08505392
vn -0.47419527 0.85515171 0.20941439
vn -0.58810925 0.77868164 0.21859179
vn -0.57748789 0.81195664 0.08505392
vn -0.58810925 0.77868164 0.21859179
vn -0.69879013 0.68316787 0.21207070
vn -0.57748789 0.81195664 0.08505392
vn -0.69879013 0.68316787 0.21207070
vn -0.67538494 0.73342776 0.07706441
vn -0.58810925 0.77868164 0.21859179
vn -0.64059496 0.71896160 0.26968926
vn -0.69879013 0.68316787 0.21207070
vn -0.58810925 0.77868164 0.21859179
vn -0.55500299 0.77554196 0.30084267
vn -0.64059496 0.71896160 0.26968926
vn -0.64059496 0.71896160 0.26968926
vn -0.70365715 0.64855283 0.29025137
vn -0.69879013 0.68316787 0.21207070
vn -0.64059496 0.71896160 0.26968926
vn -0.55500299 0.77554196 0.30084267
vn -0.66895026 0.66695428 0.32814261
vn -0.64059496 0.71896160 0.26968926
vn -0.66895026 0.66695428 0.32814261
vn -0.70365715 0.64855283 0.29025137
vn -0.51025057 0.85996574 0.01016516
vn -0.57748789 0.81195664 0.08505392
vn -0.51051188 0.67690331 0.53026366
vn -0.57748789 0.81195664 0.08505392
vn -0.67538494 0.73342776 0.07706441
vn -0.66749847 0.60334432 0.43637303
vn -0.57748789 0.81195664 0.08505392
vn -0.66749847 0.60334432 0.43637303
vn -0.51051188 0.67690331 0.53026366
vn -0.49783778 0.78269905 0.37355018
vn -0.43335602 0.82406455 0.36485630
vn -0.43597478 0.81935966 0.37225759
vn -0.43597478 0.81935966 0.37225759
vn -0.43335602 0.82406455 0.36485630
vn -0.36002478 0.85550314 0.37215120
vn -0.49783778 0.78269905 0.37355018
vn -0.52305216 0.78108537 0.34106016
vn -0.43335602 0.82406455 0.36485630
vn -0.43335602 0.82406455 0.36485630
vn -0.36014286 0.86468780 0.35016009
vn -0.36002478 0.85550314 0.37215120
vn -0.52305216 0.78108537 0.34106016
vn -0.47055531 0.81669670 0.33404216
vn -0.43335602 0.82406455 0.36485630
vn -0.43335602 0.82406455 0.36485630
vn -0.47055531 0.81669670 0.33404216
vn -0.36014286 0.86468780 0.35016009
vn -0.52305216 0.78108537 0.34106016
vn -0.55500299 0.77554196 0.30084267
vn -0.47055531 0.81669670 0.33404216
vn -0.47055531 0.81669670 0.33404216
vn -0.42256898 0.85484773 0.30111599
vn -0.36014286 0.86468780 0.35016009
vn -0.49783778 0.78269905 0.37355018
vn -0.43597478 0.81935966 0.37225759
vn -0.49428967 0.78582394 0.37169674
vn -0.43597478 0.81935966 0.37225759
vn -0.36002478 0.85550314 0.37215120
vn -0.37883088 0.84662986 0.37377140
vn -0.49783778 0.78269905 0.37355018
vn -0.49428967 0.78582394 0.37169674
vn -0.56786335 0.73360085 0.37331080
vn -0.56786335 0.73360085 0.37331080
vn -0.62657392 0.68393672 0.37367854
vn -0.63719070 0.67190999 0.37752482
vn -0.49428967 0.78582394 0.37169674
vn -0.52561474 0.77964312 0.34041998
vn -0.55629897 0.74953544 0.35878688
vn -0.49428967 0.78582394 0.37169674
vn -0.55629897 0.74953544 0.35878688
vn -0.56786335 0.73360085 0.37331080
vn -0.56786335 0.73360085 0.37331080
vn -0.55629897 0.74953544 0.35878688
vn -0.59434670 0.72203606 0.35414112
vn -0.56786335 0.73360085 0.37331080
vn -0.59434670 0.72203606 0.35414112
vn -0.62657392 0.68393672 0.37367854
vn -0.62657392 0.68393672 0.37367854
vn -0.69387585 0.62148726 0.36371675
vn -0.63719070 0.67190999 0.37752482
vn -0.49783778 0.78269905 0.37355018
vn -0.56786335 0.73360085 0.37331080
vn -0.59469324 0.72302210 0.35153803
vn -0.49783778 0.78269905 0.37355018
vn -0.59469324 0.72302210 0.35153803
vn -0.52305216 0.78108537 0.34106016
vn -0.52305216 0.78108537 0.34106016
vn -0.59469324 0.72302210 0.35153803
vn -0.55500299 0.77554196 0.30084267
vn -0.56786335 0.73360085 0.37331080
vn -0.63719070 0.67190999 0.37752482
vn -0.59469324 0.72302210 0.35153803
vn -0.59469324 0.72302210 0.35153803
vn -0.66895026 0.66695428 0.32814261
vn -0.55500299 0.77554196 0.30084267
vn -0.63719070 0.67190999 0.37752482
vn -0.67555726 0.63963181 0.36673358
vn -0.59469324 0.72302210 0.35153803
vn -0.59469324 0.72302210 0.35153803
vn -0.67555726 0.63963181 0.36673358
vn -0.66895026 0.66695428 0.32814261
vn 0.14517806 0.69925177 0.69997877
vn 0.01591716 0.08035812 0.99663895
vn 0.20542744 0.49366543 0.84504086
vn -0.01883055 0.10559575 0.99423081
vn -0.00026685 -0.00641404 0.99997938
vn 0.01591716 0.08035812 0.99663895
vn 0.14517806 0.69925177 0.69997877
vn 0.30201676 0.90166044 0.30950651
vn 0.10800590 0.96080381 0.25532475
vn 0.10800590 0.96080381 0.25532475
vn 0.30201676 0.90166044 0.30950651
vn 0.17150080 0.98514724 -0.00851018
vn 0.14517806 0.69925177 0.69997877
vn 0.20542744 0.49366543 0.84504086
vn 0.30201676 0.90166044 0.30950651
vn 0.20542744 0.49366543 0.84504086
vn 0.43318108 0.76943403 0.46938840
vn 0.30201676 0.90166044 0.30950651
vn 0.14517806 0.69925177 0.69997877
vn 0.10800590 0.96080381 0.25532475
vn 0.01160926 0.66260928 0.74887526
vn 0.01160926 0.66260928 0.74887526
vn 0.10800590 0.96080381 0.25532475
vn -0.10925718 0.95705646 0.26852530
vn 0.10800590 0.96080381 0.25532475
vn 0.17150080 0.98514724 -0.00851018
vn 0.02486740 0.99908745 0.03472552
vn 0.10800590 0.96080381 0.25532475
vn 0.02486740 0.99908745 0.03472552
vn -0.10925718 0.95705646 0.26852530
vn 0.14517806 0.69925177 0.69997877
vn 0.01160926 0.66260928 0.74887526
vn 0.01591716 0.08035812 0.99663895
vn 0.01591716 0.08035812 0.99663895
vn 0.01160926 0.66260928 0.74887526
vn -0.01883055 0.10559575 0.99423081
vn 0.20542744 0.49366543 0.84504086
vn 0.01591716 0.08035812 0.99663895
vn 0.02877832 0.02379085 0.99930269
vn 0.20542744 0.49366543 0.84504086
vn 0.02877832 0.02379085 0.99930269
vn 0.20847529 0.28344834 0.93605292
vn 0.02877832 0.02379085 0.99930269
vn 0.01591716 0.08035812 0.99663895
vn -0.00545449 -0.00359998 0.99997866
vn 0.20847529 0.28344834 0.93605292
vn 0.58374864 0.57266909 0.57557595
vn 0.43318108 0.76943403 0.46938840
vn 0.43318108 0.76943403 0.46938840
vn 0.58374864 0.57266909 0.57557595
vn 0.55879539 0.81234854 0.16684595
vn 0.58374864 0.57266909 0.57557595
vn 0.63579220 0.77061701 0.04379198
vn 0.55879539 0.81234854 0.16684595
vn 0.20847529 0.28344834 0.93605292
vn 0.43318108 0.76943403 0.46938840
vn 0.20542744 0.49366543 0.84504086
vn 0.43318108 0.76943403 0.46938840
vn 0.55879539 0.81234854 0.16684595
vn 0.43996245 0.89801139 -0.00292643
vn 0.43318108 0.76943403 0.46938840
vn 0.43996245 0.89801139 -0.00292643
vn 0.30201676 0.90166044 0.30950651
vn 0.33238721 0.13913916 0.93282312
vn 0.02877832 0.02379085 0.99930269
vn 0.11431335 0.02095944 0.99322361
vn 0.02877832 0.02379085 0.99930269
vn -0.00545449 -0.00359998 0.99997866
vn 0.11431335 0.02095944 0.99322361
vn 0.45562610 0.32991189 0.82677871
vn 0.76097167 0.42523000 0.49000162
vn 0.76942152 0.58617419 0.25375262
vn 0.76942152 0.58617419 0.25375262
vn 0.76097167 0.42523000 0.49000162
vn 0.87429094 0.48524582 0.01232077
vn 0.45562610 0.32991189 0.82677871
vn 0.33238721 0.13913916 0.93282312
vn 0.76097167 0.42523000 0.49000162
vn 0.76097167 0.42523000 0.49000162
vn 0.88048917 0.34894529 0.32089877
vn 0.87429094 0.48524582 0.01232077
vn 0.45562610 0.32991189 0.82677871
vn 0.76942152 0.58617419 0.25375262
vn 0.58374864 0.57266909 0.57557595
vn 0.58374864 0.57266909 0.57557595
vn 0.76942152 0.58617419 0.25375262
vn 0.63579220 0.77061701 0.04379198
vn 0.45562610 0.32991189 0.82677871
vn 0.58374864 0.57266909 0.57557595
vn 0.20847529 0.28344834 0.93605292
vn 0.45562610 0.32991189 0.82677871
vn 0.20847529 0.28344834 0.93605292
vn 0.33238721 0.13913916 0.93282312
vn 0.33238721 0.13913916 0.93282312
vn 0.20847529 0.28344834 0.93605292
vn 0.02877832 0.02379085 0.99930269
vn 0.79968852 0.04780000 0.59850931
vn 0.11431335 0.02095944 0.99322361
vn 0.29904291 -0.04016805 0.95339388
vn 0.11431335 0.02095944 0.99322361
vn -0.00545449 -0.00359998 0.99997866
vn 0.29904291 -0.04016805 0.95339388
vn 0.29904291 -0.04016805 0.95339388
vn -0.00545449 -0.00359998 0.99997866
vn -0.00248330 0.00223065 0.99999446
vn 0.94318449 0.21020795 0.25732401
vn 0.79968852 0.04780000 0.59850931
vn 0.99660510 0.08029600 0.01818930
vn 0.60107660 0.15867126 0.78328180
vn 0.76097167 0.42523000 0.49000162
vn 0.33238721 0.13913916 0.93282312
vn 0.79968852 0.04780000 0.59850931
vn 0.94318449 0.21020795 0.25732401
vn 0.60107660 0.15867126 0.78328180
vn 0.60107660 0.15867126 0.78328180
vn 0.94318449 0.21020795 0.25732401
vn 0.88048917 0.34894529 0.32089877
vn 0.60107660 0.15867126 0.78328180
vn 0.88048917 0.34894529 0.32089877
vn 0.76097167 0.42523000 0.49000162
vn 0.94318449 0.21020795 0.25732401
vn 0.95587277 0.29326701 0.01737048
vn 0.88048917 0.34894529 0.32089877
vn 0.94318449 0.21020795 0.25732401
vn 0.99660510 0.08029600 0.01818930
vn 0.95587277 0.29326701 0.01737048
vn 0.79968852 0.04780000 0.59850931
vn 0.60107660 0.15867126 0.78328180
vn 0.11431335 0.02095944 0.99322361
vn 0.60107660 0.15867126 0.78328180
vn 0.33238721 0.13913916 0.93282312
vn 0.11431335 0.02095944 0.99322361
vn 0.29904291 -0.04016805 0.95339388
vn 0.26528350 -0.13823603 0.95420933
vn 0.63659942 -0.19782445 0.74539030
vn 0.29904291 -0.04016805 0.95339388
vn -0.00248330 0.00223065 0.99999446
vn 0.26528350 -0.13823603 0.95420933
vn 0.63659942 -0.19782445 0.74539030
vn 0.93564945 -0.31188205 0.16519579
vn 0.89653790 -0.12469285 0.42505473
vn 0.89653790 -0.12469285 0.42505473
vn 0.93564945 -0.31188205 0.16519579
vn 0.95008928 -0.31064823 0.02877657
vn 0.63659942 -0.19782445 0.74539030
vn 0.78740597 -0.43047959 0.44122463
vn 0.93564945 -0.31188205 0.16519579
vn 0.29904291 -0.04016805 0.95339388
vn 0.63659942 -0.19782445 0.74539030
vn 0.89653790 -0.12469285 0.42505473
vn 0.29904291 -0.04016805 0.95339388
vn 0.89653790 -0.12469285 0.42505473
vn 0.79968852 0.04780000 0.59850931
vn 0.26528350 -0.13823603 0.95420933
vn 0.20623359 -0.19212250 0.95945644
vn 0.68093604 -0.52462256 0.51097679
vn 0.20623359 -0.19212250 0.95945644
vn 0.54393035 -0.66240501 0.51513046
vn 0.68093604 -0.52462256 0.51097679
vn 0.26528350 -0.13823603 0.95420933
vn 0.68093604 -0.52462256 0.51097679
vn 0.78740597 -0.43047959 0.44122463
vn 0.26528350 -0.13823603 0.95420933
vn 0.78740597 -0.43047959 0.44122463
vn 0.63659942 -0.19782445 0.74539030
vn 0.68093604 -0.52462256 0.51097679
vn 0.88007241 -0.47446096 0.01895646
vn 0.78740597 -0.43047959 0.44122463
vn 0.78740597 -0.43047959 0.44122463
vn 0.88007241 -0.47446096 0.01895646
vn 0.93564945 -0.31188205 0.16519579
vn 0.20623359 -0.19212250 0.95945644
vn 0.26528350 -0.13823603 0.95420933
vn -0.00248330 0.00223065 0.99999446
vn 0.38479263 -0.68640351 0.61707765
vn 0.20623359 -0.19212250 0.95945644
vn 0.04338729 -0.12788759 0.99083918
vn 0.38479263 -0.68640351 0.61707765
vn 0.04338729 -0.12788759 0.99083918
vn 0.27485356 -0.76535934 0.58196270
vn 0.54393035 -0.66240501 0.51513046
vn 0.38479263 -0.68640351 0.61707765
vn 0.45407087 -0.89055580 0.02701967
vn 0.54393035 -0.66240501 0.51513046
vn 0.45407087 -0.89055580 0.02701967
vn 0.57187176 -0.81941611 0.03898610
vn 0.38479263 -0.68640351 0.61707765
vn 0.27485356 -0.76535934 0.58196270
vn 0.45407087 -0.89055580 0.02701967
vn 0.38479263 -0.68640351 0.61707765
vn 0.54393035 -0.66240501 0.51513046
vn 0.20623359 -0.19212250 0.95945644
vn 0.04814946 -0.36307162 0.93051630
vn 0.04934593 -0.87074113 0.48925951
vn 0.19307657 -0.81493199 0.54644966
vn 0.19307657 -0.81493199 0.54644966
vn 0.04934593 -0.87074113 0.48925951
vn 0.24054945 -0.97029704 0.02568294
vn 0.04814946 -0.36307162 0.93051630
vn -0.01102224 -0.29187942 0.95639163
vn -0.06970213 -0.87956387 0.47064745
vn 0.04814946 -0.36307162 0.93051630
vn -0.06970213 -0.87956387 0.47064745
vn 0.04934593 -0.87074113 0.48925951
vn 0.04934593 -0.87074113 0.48925951
vn -0.06970213 -0.87956387 0.47064745
vn -0.03188128 -0.99902350 0.03058899
vn 0.04814946 -0.36307162 0.93051630
vn 0.19307657 -0.81493199 0.54644966
vn 0.04338729 -0.12788759 0.99083918
vn 0.04814946 -0.36307162 0.93051630
vn 0.04338729 -0.12788759 0.99083918
vn -0.01102224 -0.29187942 0.95639163
vn 0.19307657 -0.81493199 0.54644966
vn 0.27485356 -0.76535934 0.58196270
vn 0.04338729 -0.12788759 0.99083918
vn -0.06179224 -0.26889360 0.96118569
vn -0.29261234 -0.70715189 0.64367247
vn -0.19264738 -0.83912802 0.50867593
vn -0.19264738 -0.83912802 0.50867593
vn -0.29261234 -0.70715189 0.64367247
vn -0.33750266 -0.94070721 0.03408704
vn -0.06179224 -0.26889360 0.96118569
vn -0.19264738 -0.83912802 0.50867593
vn -0.01102224 -0.29187942 0.95639163
vn -0.01102224 -0.29187942 0.95639163
vn -0.19264738 -0.83912802 0.50867593
vn -0.06970213 -0.87956387 0.47064745
vn -0.04273248 -0.07725633 0.99609506
vn -0.01102224 -0.29187942 0.95639163
vn 0.00253093 0.00415589 0.99998814
vn -0.06179224 -0.26889360 0.96118569
vn -0.01102224 -0.29187942 0.95639163
vn -0.04273248 -0.07725633 0.99609506
vn -0.29261234 -0.70715189 0.64367247
vn -0.04273248 -0.07725633 0.99609506
vn -0.36162463 -0.38938564 0.84711653
vn -0.04273248 -0.07725633 0.99609506
vn -0.03339498 -0.02871761 0.99902958
vn -0.36162463 -0.38938564 0.84711653
vn -0.29261234 -0.70715189 0.64367247
vn -0.36162463 -0.38938564 0.84711653
vn -0.46080279 -0.76844764 0.44401461
vn -0.46080279 -0.76844764 0.44401461
vn -0.63968658 -0.72997963 0.24068823
vn -0.50238365 -0.86421341 0.02730942
vn -0.46080279 -0.76844764 0.44401461
vn -0.36162463 -0.38938564 0.84711653
vn -0.63968658 -0.72997963 0.24068823
vn -0.36162463 -0.38938564 0.84711653
vn -0.58480340 -0.49624479 0.64167440
vn -0.63968658 -0.72997963 0.24068823
vn -0.46080279 -0.76844764 0.44401461
vn -0.33750266 -0.94070721 0.03408704
vn -0.29261234 -0.70715189 0.64367247
vn -0.03339498 -0.02871761 0.99902958
vn -0.04273248 -0.07725633 0.99609506
vn 0.00253093 0.00415589 0.99998814
vn -0.29261234 -0.70715189 0.64367247
vn -0.06179224 -0.26889360 0.96118569
vn -0.04273248 -0.07725633 0.99609506
vn -0.76908231 -0.58303833 0.26187539
vn -0.81828862 -0.44040394 0.36938885
vn -0.81032014 -0.58517557 0.03083629
vn -0.81032014 -0.58517557 0.03083629
vn -0.81828862 -0.44040394 0.36938885
vn -0.88431585 -0.46558264 0.03490455
vn -0.41831779 -0.27301311 0.86629903
vn -0.81828862 -0.44040394 0.36938885
vn -0.58480340 -0.49624479 0.64167440
vn -0.41831779 -0.27301311 0.86629903
vn -0.58480340 -0.49624479 0.64167440
vn -0.36162463 -0.38938564 0.84711653
vn -0.81828862 -0.44040394 0.36938885
vn -0.76908231 -0.58303833 0.26187539
vn -0.58480340 -0.49624479 0.64167440
vn -0.58480340 -0.49624479 0.64167440
vn -0.76908231 -0.58303833 0.26187539
vn -0.63968658 -0.72997963 0.24068823
vn -0.76908231 -0.58303833 0.26187539
vn -0.69337630 -0.72030836 -0.01962588
vn -0.63968658 -0.72997963 0.24068823
vn -0.41831779 -0.27301311 0.86629903
vn -0.36162463 -0.38938564 0.84711653
vn -0.31904748 -0.09793290 0.94266528
vn -0.31904748 -0.09793290 0.94266528
vn -0.36162463 -0.38938564 0.84711653
vn -0.03339498 -0.02871761 0.99902958
vn -0.31904748 -0.09793290 0.94266528
vn -0.13702372 -0.00157406 0.99056649
vn -0.60010481 0.01524061 0.79977620
vn -0.31904748 -0.09793290 0.94266528
vn -0.60010481 0.01524061 0.79977620
vn -0.85194886 -0.08180362 0.51719564
vn -0.31904748 -0.09793290 0.94266528
vn -0.85194886 -0.08180362 0.51719564
vn -0.85182369 -0.18267854 0.49094296
vn -0.85194886 -0.08180362 0.51719564
vn -0.60010481 0.01524061 0.79977620
vn -0.94162536 0.10588098 0.31957924
vn -0.85194886 -0.08180362 0.51719564
vn -0.94162536 0.10588098 0.31957924
vn -0.99753267 -0.05858812 0.03867894
vn -0.31904748 -0.09793290 0.94266528
vn -0.85182369 -0.18267854 0.49094296
vn -0.83673471 -0.32563728 0.44026741
vn -0.31904748 -0.09793290 0.94266528
vn -0.83673471 -0.32563728 0.44026741
vn -0.41831779 -0.27301311 0.86629903
vn -0.41831779 -0.27301311 0.86629903
vn -0.83673471 -0.32563728 0.44026741
vn -0.81828862 -0.44040394 0.36938885
vn -0.31904748 -0.09793290 0.94266528
vn -0.03339498 -0.02871761 0.99902958
vn -0.13702372 -0.00157406 0.99056649
vn -0.60010481 0.01524061 0.79977620
vn -0.13702372 -0.00157406 0.99056649
vn -0.27972963 0.08991075 0.95585948
vn -0.60010481 0.01524061 0.79977620
vn -0.27972963 0.08991075 0.95585948
vn -0.83897060 0.21985754 0.49778607
vn -0.94162536 0.10588098 0.31957924
vn -0.83897060 0.21985754 0.49778607
vn -0.98972863 0.14152199 -0.02021773
vn -0.27972963 0.08991075 0.95585948
vn -0.74747473 0.35573506 0.56101167
vn -0.83897060 0.21985754 0.49778607
vn -0.83897060 0.21985754 0.49778607
vn -0.74747473 0.35573506 0.56101167
vn -0.91495222 0.40347421 0.00842402
vn -0.83897060 0.21985754 0.49778607
vn -0.94162536 0.10588098 0.31957924
vn -0.60010481 0.01524061 0.79977620
vn -0.31508783 0.22143328 0.92286885
vn -0.27972963 0.08991075 0.95585948
vn -0.27092704 0.27041289 0.92383730
vn -0.27972963 0.08991075 0.95585948
vn -0.02367750 0.01889013 0.99954116
vn -0.27092704 0.27041289 0.92383730
vn -0.31508783 0.22143328 0.92286885
vn -0.75004780 0.51274818 0.41775301
vn -0.74747473 0.35573506 0.56101167
vn -0.31508783 0.22143328 0.92286885
vn -0.27092704 0.27041289 0.92383730
vn -0.66749847 0.60334432 0.43637303
vn -0.31508783 0.22143328 0.92286885
vn -0.66749847 0.60334432 0.43637303
vn -0.75004780 0.51274818 0.41775301
vn -0.75004780 0.51274818 0.41775301
vn -0.91495222 0.40347421 0.00842402
vn -0.74747473 0.35573506 0.56101167
vn -0.02367750 0.01889013 0.99954116
vn -0.13702372 -0.00157406 0.99056649
vn 0.00580140 -0.00351260 0.99997699
vn -0.31508783 0.22143328 0.92286885
vn -0.74747473 0.35573506 0.56101167
vn -0.27972963 0.08991075 0.95585948
vn -0.27972963 0.08991075 0.95585948
vn -0.13702372 -0.00157406 0.99056649
vn -0.02367750 0.01889013 0.99954116
vn -0.20291908 0.77270186 0.60146129
vn -0.01883055 0.10559575 0.99423081
vn 0.01160926 0.66260928 0.74887526
vn -0.08941530 0.20780364 0.97407526
vn -0.00026685 -0.00641404 0.99997938
vn -0.01883055 0.10559575 0.99423081
vn -0.20291908 0.77270186 0.60146129
vn 0.01160926 0.66260928 0.74887526
vn -0.10925718 0.95705646 0.26852530
vn -0.20291908 0.77270186 0.60146129
vn -0.36894396 0.78261769 0.50138801
vn -0.08941530 0.20780364 0.97407526
vn -0.36894396 0.78261769 0.50138801
vn -0.20291908 0.77270186 0.60146129
vn -0.34708351 0.93766689 -0.01771537
vn -0.10925718 0.95705646 0.26852530
vn -0.21254525 0.97621763 0.04270458
vn -0.20291908 0.77270186 0.60146129
vn -0.20291908 0.77270186 0.60146129
vn -0.21254525 0.97621763 0.04270458
vn -0.34708351 0.93766689 -0.01771537
vn -0.20291908 0.77270186 0.60146129
vn -0.08941530 0.20780364 0.97407526
vn -0.01883055 0.10559575 0.99423081
vn -0.27092704 0.27041289 0.92383730
vn -0.36894396 0.78261769 0.50138801
vn -0.46964148 0.73784244 0.48479426
vn -0.46964148 0.73784244 0.48479426
vn -0.36894396 0.78261769 0.50138801
vn -0.51025057 0.85996574 0.01016516
vn -0.27092704 0.27041289 0.92383730
vn -0.08941530 0.20780364 0.97407526
vn -0.36894396 0.78261769 0.50138801
vn -0.27092704 0.27041289 0.92383730
vn -0.46964148 0.73784244 0.48479426
vn -0.51051188 0.67690331 0.53026366
vn -0.51051188 0.67690331 0.53026366
vn -0.66749847 0.60334432 0.43637303
vn -0.27092704 0.27041289 0.92383730
vn -0.46964148 0.73784244 0.48479426
vn -0.51025057 0.85996574 0.01016516
vn -0.51051188 0.67690331 0.53026366
vn -0.08941530 0.20780364 0.97407526
vn -0.27092704 0.27041289 0.92383730
vn -0.02367750 0.01889013 0.99954116
vn -0.08941530 0.20780364 0.97407526
vn -0.02367750 0.01889013 0.99954116
vn 0.00580140 -0.00351260 0.99997699
vn 0.01510291 0.04309658 0.99895674
vn 0.05438122 0.10772080 0.99269277
vn -0.08294783 -0.42882657 0.89957070
vn -0.08294783 -0.42882657 0.89957070
vn 0.05438122 0.10772080 0.99269277
vn -0.23840141 -0.71335942 0.65900159
vn -0.08294783 -0.42882657 0.89957070
vn -0.23840141 -0.71335942 0.65900159
vn -0.21336746 -0.87645054 0.43163499
vn 0.05438122 0.10772080 0.99269277
vn -0.21862054 -0.41239026 0.88438642
vn -0.23840141 -0.71335942 0.65900159
vn -0.23840141 -0.71335942 0.65900159
vn -0.21862054 -0.41239026 0.88438642
vn -0.34659913 -0.81237966 0.46894380
vn 0.01510291 0.04309658 0.99895674
vn -0.08294783 -0.42882657 0.89957070
vn -0.00170221 -0.36382902 0.93146420
vn -0.08294783 -0.42882657 0.89957070
vn -0.21336746 -0.87645054 0.43163499
vn -0.08778523 -0.83620447 0.54134637
vn -0.08294783 -0.42882657 0.89957070
vn -0.08778523 -0.83620447 0.54134637
vn -0.00170221 -0.36382902 0.93146420
vn -0.00170221 -0.36382902 0.93146420
vn -0.08778523 -0.83620447 0.54134637
vn 0.04439817 -0.84778333 0.52848107
vn 0.01510291 0.04309658 0.99895674
vn 0.01389647 0.76894939 0.63915861
vn 0.10165866 0.52873588 0.84267664
vn 0.10165866 0.52873588 0.84267664
vn 0.01389647 0.76894939 0.63915861
vn 0.10124028 0.87025857 0.48207927
vn 0.01510291 0.04309658 0.99895674
vn 0.10165866 0.52873588 0.84267664
vn 0.05438122 0.10772080 0.99269277
vn 0.10165866 0.52873588 0.84267664
vn 0.10124028 0.87025857 0.48207927
vn 0.21487725 0.82736301 0.51893944
vn 0.10165866 0.52873588 0.84267664
vn 0.21487725 0.82736301 0.51893944
vn 0.05438122 0.10772080 0.99269277
vn 0.05438122 0.10772080 0.99269277
vn 0.21487725 0.82736301 0.51893944
vn 0.30196780 0.70821840 0.63815528
vn -0.24645931 -0.42419431 0.87138796
vn -0.19637299 -0.26758063 0.94331241
vn -0.55858660 -0.76018906 0.33180365
vn -0.19637299 -0.26758063 0.94331241
vn -0.30807561 -0.31188092 0.89878792
vn -0.55858660 -0.76018906 0.33180365
vn -0.55858660 -0.76018906 0.33180365
vn -0.30807561 -0.31188092 0.89878792
vn -0.55021852 -0.63849169 0.53813380
vn 0.05566094 0.08506155 0.99481976
vn 0.02054596 0.02232912 0.99953955
vn -0.30807561 -0.31188092 0.89878792
vn 0.05566094 0.08506155 0.99481976
vn -0.30807561 -0.31188092 0.89878792
vn -0.19637299 -0.26758063 0.94331241
vn -0.24645931 -0.42419431 0.87138796
vn -0.21862054 -0.41239026 0.88438642
vn 0.05438122 0.10772080 0.99269277
vn -0.24645931 -0.42419431 0.87138796
vn -0.49438143 -0.84284353 0.21260722
vn -0.21862054 -0.41239026 0.88438642
vn -0.21862054 -0.41239026 0.88438642
vn -0.49438143 -0.84284353 0.21260722
vn -0.34659913 -0.81237966 0.46894380
vn -0.19637299 -0.26758063 0.94331241
vn 0.14664359 0.31927359 0.93624783
vn 0.24705295 0.40155378 0.88188398
vn 0.24705295 0.40155378 0.88188398
vn 0.14664359 0.31927359 0.93624783
vn 0.39143997 0.72791255 0.56295478
vn 0.24705295 0.40155378 0.88188398
vn 0.39143997 0.72791255 0.56295478
vn 0.47278017 0.69518995 0.54147011
vn -0.19637299 -0.26758063 0.94331241
vn -0.24645931 -0.42419431 0.87138796
vn 0.14664359 0.31927359 0.93624783
vn 0.14664359 0.31927359 0.93624783
vn 0.30196780 0.70821840 0.63815528
vn 0.39143997 0.72791255 0.56295478
vn -0.24645931 -0.42419431 0.87138796
vn 0.05438122 0.10772080 0.99269277
vn 0.14664359 0.31927359 0.93624783
vn 0.14664359 0.31927359 0.93624783
vn 0.05438122 0.10772080 0.99269277
vn 0.30196780 0.70821840 0.63815528
vn -0.19637299 -0.26758063 0.94331241
vn 0.24705295 0.40155378 0.88188398
vn 0.05566094 0.08506155 0.99481976
vn 0.24705295 0.40155378 0.88188398
vn 0.37673599 0.38688800 0.84165770
vn 0.05566094 0.08506155 0.99481976
vn 0.05566094 0.08506155 0.99481976
vn 0.37673599 0.38688800 0.84165770
vn 0.02054596 0.02232912 0.99953955
vn 0.24705295 0.40155378 0.88188398
vn 0.47278017 0.69518995 0.54147011
vn 0.53760606 0.67255771 0.50857240
vn 0.24705295 0.40155378 0.88188398
vn 0.53760606 0.67255771 0.50857240
vn 0.37673599 0.38688800 0.84165770
vn 0.37673599 0.38688800 0.84165770
vn 0.53760606 0.67255771 0.50857240
vn 0.66417670 0.58886498 0.46055117
vn 0.02054596 0.02232912 0.99953955
vn 0.11648396 0.05559072 0.99163562
vn -0.26139671 -0.13194035 0.95617127
vn 0.02054596 0.02232912 0.99953955
vn -0.26139671 -0.13194035 0.95617127
vn -0.38448578 -0.32146442 0.86535037
vn -0.38448578 -0.32146442 0.86535037
vn -0.26139671 -0.13194035 0.95617127
vn -0.68281597 -0.40135163 0.61047459
vn -0.26139671 -0.13194035 0.95617127
vn -0.74218208 -0.32923007 0.58375788
vn -0.68281597 -0.40135163 0.61047459
vn 0.11648396 0.05559072 0.99163562
vn 0.07361627 0.02643940 0.99693608
vn -0.41541925 -0.14056958 0.89870298
vn 0.11648396 0.05559072 0.99163562
vn -0.41541925 -0.14056958 0.89870298
vn -0.26139671 -0.13194035 0.95617127
vn -0.26139671 -0.13194035 0.95617127
vn -0.41541925 -0.14056958 0.89870298
vn -0.74218208 -0.32923007 0.58375788
vn 0.02054596 0.02232912 0.99953955
vn -0.38448578 -0.32146442 0.86535037
vn -0.30807561 -0.31188092 0.89878792
vn -0.38448578 -0.32146442 0.86535037
vn -0.68281597 -0.40135163 0.61047459
vn -0.69528496 -0.54056859 0.47367123
vn -0.30807561 -0.31188092 0.89878792
vn -0.38448578 -0.32146442 0.86535037
vn -0.55021852 -0.63849169 0.53813380
vn -0.38448578 -0.32146442 0.86535037
vn -0.69528496 -0.54056859 0.47367123
vn -0.71120727 -0.62689894 0.31809106
vn -0.38448578 -0.32146442 0.86535037
vn -0.71120727 -0.62689894 0.31809106
vn -0.55021852 -0.63849169 0.53813380
vn 0.42021200 0.29574856 0.85787803
vn 0.66417670 0.58886498 0.46055117
vn 0.69440883 0.47940448 0.53662622
vn 0.02054596 0.02232912 0.99953955
vn 0.37673599 0.38688800 0.84165770
vn 0.42021200 0.29574856 0.85787803
vn 0.42021200 0.29574856 0.85787803
vn 0.37673599 0.38688800 0.84165770
vn 0.66417670 0.58886498 0.46055117
vn 0.02054596 0.02232912 0.99953955
vn 0.42021200 0.29574856 0.85787803
vn 0.11648396 0.05559072 0.99163562
vn 0.42021200 0.29574856 0.85787803
vn 0.63112313 0.36608803 0.68385899
vn 0.11648396 0.05559072 0.99163562
vn 0.11648396 0.05559072 0.99163562
vn 0.63112313 0.36608803 0.68385899
vn 0.50704193 0.22128530 0.83303142
vn 0.11648396 0.05559072 0.99163562
vn 0.50704193 0.22128530 0.83303142
vn 0.07361627 0.02643940 0.99693608
vn 0.42021200 0.29574856 0.85787803
vn 0.69440883 0.47940448 0.53662622
vn 0.63112313 0.36608803 0.68385899
vn 0.63112313 0.36608803 0.68385899
vn 0.80209082 0.41079599 0.43347088
vn 0.50704193 0.22128530 0.83303142
vn 0.50704193 0.22128530 0.83303142
vn 0.80209082 0.41079599 0.43347088
vn 0.79785991 0.32313368 0.50892460
vn -0.24385427 -0.05709537 0.96812975
vn -0.09155027 0.00458631 0.99578989
vn -0.58423108 -0.06231267 0.80919170
vn -0.24385427 -0.05709537 0.96812975
vn -0.58423108 -0.06231267 0.80919170
vn -0.87933153 -0.18547617 0.43860540
vn -0.93884629 -0.14096503 0.31416008
vn -0.58423108 -0.06231267 0.80919170
vn -0.83447582 -0.02247504 0.55058604
vn -0.09155027 0.00458631 0.99578989
vn -0.50344741 0.05262272 0.86242193
vn -0.58423108 -0.06231267 0.80919170
vn -0.58423108 -0.06231267 0.80919170
vn -0.50344741 0.05262272 0.86242193
vn -0.83447582 -0.02247504 0.55058604
vn -0.24385427 -0.05709537 0.96812975
vn -0.41541925 -0.14056958 0.89870298
vn 0.07361627 0.02643940 0.99693608
vn -0.24385427 -0.05709537 0.96812975
vn -0.87933153 -0.18547617 0.43860540
vn -0.41541925 -0.14056958 0.89870298
vn -0.41541925 -0.14056958 0.89870298
vn -0.87933153 -0.18547617 0.43860540
vn -0.87751669 -0.25865987 0.40380630
vn -0.41541925 -0.14056958 0.89870298
vn -0.87751669 -0.25865987 0.40380630
vn -0.74218208 -0.32923007 0.58375788
vn -0.24385427 -0.05709537 0.96812975
vn 0.07361627 0.02643940 0.99693608
vn 0.35314521 0.08450931 0.93174386
vn 0.35314521 0.08450931 0.93174386
vn 0.07361627 0.02643940 0.99693608
vn 0.50941175 0.15371431 0.84668273
vn 0.35314521 0.08450931 0.93174386
vn 0.50941175 0.15371431 0.84668273
vn 0.79546434 0.23737468 0.55757487
vn 0.35314521 0.08450931 0.93174386
vn 0.79546434 0.23737468 0.55757487
vn 0.81882823 0.14151406 0.55632192
vn 0.07361627 0.02643940 0.99693608
vn 0.50704193 0.22128530 0.83303142
vn 0.50941175 0.15371431 0.84668273
vn 0.50941175 0.15371431 0.84668273
vn 0.50704193 0.22128530 0.83303142
vn 0.79785991 0.32313368 0.50892460
vn 0.50941175 0.15371431 0.84668273
vn 0.79785991 0.32313368 0.50892460
vn 0.79546434 0.23737468 0.55757487
vn -0.24385427 -0.05709537 0.96812975
vn 0.35314521 0.08450931 0.93174386
vn -0.09155027 0.00458631 0.99578989
vn 0.35314521 0.08450931 0.93174386
vn 0.47331551 0.03170761 0.88032216
vn -0.09155027 0.00458631 0.99578989
vn -0.09155027 0.00458631 0.99578989
vn 0.47331551 0.03170761 0.88032216
vn 0.08849090 -0.00299488 0.99607247
vn 0.35314521 0.08450931 0.93174386
vn 0.81882823 0.14151406 0.55632192
vn 0.47331551 0.03170761 0.88032216
vn 0.47331551 0.03170761 0.88032216
vn 0.81882823 0.14151406 0.55632192
vn 0.82624805 0.06973364 0.55897349
vn 0.47331551 0.03170761 0.88032216
vn 0.82624805 0.06973364 0.55897349
vn 0.88342625 -0.01547733 0.46831459
vn -0.89257252 0.17511329 0.41551134
vn -0.52074319 0.14328985 0.84160239
vn -0.90428036 0.25056779 0.34567732
vn -0.06093220 0.00904685 0.99810094
vn 0.27568418 -0.12949555 0.95248580
vn -0.43434313 0.17181093 0.88420987
vn -0.06093220 0.00904685 0.99810094
vn -0.43434313 0.17181093 0.88420987
vn -0.52074319 0.14328985 0.84160239
vn -0.52074319 0.14328985 0.84160239
vn -0.43434313 0.17181093 0.88420987
vn -0.90428036 0.25056779 0.34567732
vn -0.06093220 0.00904685 0.99810094
vn -0.52074319 0.14328985 0.84160239
vn -0.50344741 0.05262272 0.86242193
vn -0.06093220 0.00904685 0.99810094
vn -0.50344741 0.05262272 0.86242193
vn 0.08849090 -0.00299488 0.99607247
vn 0.08849090 -0.00299488 0.99607247
vn -0.50344741 0.05262272 0.86242193
vn -0.09155027 0.00458631 0.99578989
vn -0.52074319 0.14328985 0.84160239
vn -0.89257252 0.17511329 0.41551134
vn -0.50344741 0.05262272 0.86242193
vn -0.50344741 0.05262272 0.86242193
vn -0.93276632 0.06118886 0.35525045
vn -0.83447582 -0.02247504 0.55058604
vn -0.50344741 0.05262272 0.86242193
vn -0.89257252 0.17511329 0.41551134
vn -0.93276632 0.06118886 0.35525045
vn -0.06093220 0.00904685 0.99810094
vn 0.08849090 -0.00299488 0.99607247
vn 0.72443157 -0.05610603 0.68705964
vn -0.06093220 0.00904685 0.99810094
vn 0.72443157 -0.05610603 0.68705964
vn 0.69381690 -0.12785119 0.70871162
vn 0.08849090 -0.00299488 0.99607247
vn 0.47331551 0.03170761 0.88032216
vn 0.72443157 -0.05610603 0.68705964
vn 0.47331551 0.03170761 0.88032216
vn 0.88342625 -0.01547733 0.46831459
vn 0.72443157 -0.05610603 0.68705964
vn -0.06093220 0.00904685 0.99810094
vn 0.69381690 -0.12785119 0.70871162
vn 0.70328969 -0.23570415 0.67069155
vn -0.06093220 0.00904685 0.99810094
vn 0.70328969 -0.23570415 0.67069155
vn 0.27568418 -0.12949555 0.95248580
vn 0.11166359 -0.08503621 0.99010104
vn -0.12867624 0.12219915 0.98412895
vn -0.11549190 0.06088926 0.99144042
vn -0.11549190 0.06088926 0.99144042
vn -0.12867624 0.12219915 0.98412895
vn -0.55668747 0.39703885 0.72969806
vn -0.12867624 0.12219915 0.98412895
vn -0.56777853 0.53959823 0.62166011
vn -0.55668747 0.39703885 0.72969806
vn -0.72776806 0.59789801 0.33596373
vn -0.55668747 0.39703885 0.72969806
vn -0.56777853 0.53959823 0.62166011
vn 0.27568418 -0.12949555 0.95248580
vn -0.11549190 0.06088926 0.99144042
vn -0.43434313 0.17181093 0.88420987
vn -0.11549190 0.06088926 0.99144042
vn -0.67732465 0.37024122 0.63573009
vn -0.43434313 0.17181093 0.88420987
vn -0.11549190 0.06088926 0.99144042
vn -0.55668747 0.39703885 0.72969806
vn -0.67732465 0.37024122 0.63573009
vn -0.67732465 0.37024122 0.63573009
vn -0.85658169 0.36251757 0.36721763
vn -0.43434313 0.17181093 0.88420987
vn 0.11166359 -0.08503621 0.99010104
vn -0.11549190 0.06088926 0.99144042
vn 0.32467797 -0.24911168 0.91242951
vn 0.32467797 -0.24911168 0.91242951
vn -0.11549190 0.06088926 0.99144042
vn 0.60745102 -0.33533853 0.72010511
vn 0.32467797 -0.24911168 0.91242951
vn 0.60745102 -0.33533853 0.72010511
vn 0.65601677 -0.46959993 0.59086204
vn -0.11549190 0.06088926 0.99144042
vn 0.27568418 -0.12949555 0.95248580
vn 0.60745102 -0.33533853 0.72010511
vn 0.60745102 -0.33533853 0.72010511
vn 0.27568418 -0.12949555 0.95248580
vn 0.76187789 -0.40320072 0.50692332
vn 0.27568418 -0.12949555 0.95248580
vn 0.70328969 -0.23570415 0.67069155
vn 0.77656370 -0.30330706 0.55222613
vn 0.27568418 -0.12949555 0.95248580
vn 0.77656370 -0.30330706 0.55222613
vn 0.76187789 -0.40320072 0.50692332
vn 0.11166359 -0.08503621 0.99010104
vn 0.32467797 -0.24911168 0.91242951
vn 0.34624746 -0.32528031 0.87994623
vn 0.32467797 -0.24911168 0.91242951
vn 0.65601677 -0.46959993 0.59086204
vn 0.60855246 -0.60879719 0.50894982
vn 0.32467797 -0.24911168 0.91242951
vn 0.60855246 -0.60879719 0.50894982
vn 0.34624746 -0.32528031 0.87994623
vn 0.00379352 0.01153907 0.99992621
vn 0.04813346 -0.09399330 0.99440861
vn -0.12650040 0.25491676 0.95865273
vn 0.00379352 0.01153907 0.99992621
vn -0.12650040 0.25491676 0.95865273
vn -0.40034255 0.55501109 0.72916979
vn -0.40034255 0.55501109 0.72916979
vn -0.12650040 0.25491676 0.95865273
vn -0.37809753 0.67179430 0.63697302
vn -0.12650040 0.25491676 0.95865273
vn -0.33601233 0.72104985 0.60595614
vn -0.37809753 0.67179430 0.63697302
vn 0.04813346 -0.09399330 0.99440861
vn 0.02529602 -0.08201791 0.99630976
vn -0.13540502 0.38325465 0.91366369
vn 0.04813346 -0.09399330 0.99440861
vn -0.13540502 0.38325465 0.91366369
vn -0.12650040 0.25491676 0.95865273
vn -0.12650040 0.25491676 0.95865273
vn -0.13540502 0.38325465 0.91366369
vn -0.33601233 0.72104985 0.60595614
vn -0.33601233 0.72104985 0.60595614
vn -0.13540502 0.38325465 0.91366369
vn -0.28539369 0.82742244 0.48365536
vn 0.00379352 0.01153907 0.99992621
vn -0.40034255 0.55501109 0.72916979
vn -0.32077178 0.36572233 0.87370056
vn 0.00379352 0.01153907 0.99992621
vn -0.32077178 0.36572233 0.87370056
vn -0.12867624 0.12219915 0.98412895
vn -0.32077178 0.36572233 0.87370056
vn -0.56777853 0.53959823 0.62166011
vn -0.12867624 0.12219915 0.98412895
vn -0.40034255 0.55501109 0.72916979
vn -0.63382220 0.72911209 0.25819555
vn -0.32077178 0.36572233 0.87370056
vn -0.32077178 0.36572233 0.87370056
vn -0.63382220 0.72911209 0.25819555
vn -0.56777853 0.53959823 0.62166011
vn 0.35675609 -0.57725096 0.73451096
vn 0.00379352 0.01153907 0.99992621
vn 0.35254386 -0.41649327 0.83800131
vn 0.35675609 -0.57725096 0.73451096
vn 0.35254386 -0.41649327 0.83800131
vn 0.53954822 -0.66434193 0.51724029
vn 0.00379352 0.01153907 0.99992621
vn -0.12867624 0.12219915 0.98412895
vn 0.35254386 -0.41649327 0.83800131
vn -0.12867624 0.12219915 0.98412895
vn 0.11166359 -0.08503621 0.99010104
vn 0.34624746 -0.32528031 0.87994623
vn -0.12867624 0.12219915 0.98412895
vn 0.34624746 -0.32528031 0.87994623
vn 0.35254386 -0.41649327 0.83800131
vn 0.35254386 -0.41649327 0.83800131
vn 0.34624746 -0.32528031 0.87994623
vn 0.60855246 -0.60879719 0.50894982
vn 0.35254386 -0.41649327 0.83800131
vn 0.60855246 -0.60879719 0.50894982
vn 0.53954822 -0.66434193 0.51724029
vn 0.00379352 0.01153907 0.99992621
vn 0.35675609 -0.57725096 0.73451096
vn 0.04813346 -0.09399330 0.99440861
vn 0.35675609 -0.57725096 0.73451096
vn 0.23776598 -0.46610057 0.85218400
vn 0.04813346 -0.09399330 0.99440861
vn 0.04813346 -0.09399330 0.99440861
vn 0.23776598 -0.46610057 0.85218400
vn 0.21704832 -0.54350466 0.81085926
vn 0.04813346 -0.09399330 0.99440861
vn 0.21704832 -0.54350466 0.81085926
vn 0.02529602 -0.08201791 0.99630976
vn 0.23776598 -0.46610057 0.85218400
vn 0.35675609 -0.57725096 0.73451096
vn 0.39499575 -0.76563543 0.50772113
vn 0.23776598 -0.46610057 0.85218400
vn 0.39499575 -0.76563543 0.50772113
vn 0.29050970 -0.80775547 0.51296705
vn 0.23776598 -0.46610057 0.85218400
vn 0.29050970 -0.80775547 0.51296705
vn 0.21704832 -0.54350466 0.81085926
vn 0.02529602 -0.08201791 0.99630976
vn 0.00981189 -0.07163290 0.99738282
vn -0.03816754 0.47480837 0.87926120
vn 0.02529602 -0.08201791 0.99630976
vn -0.03816754 0.47480837 0.87926120
vn -0.16785663 0.65959454 0.73263854
vn -0.16785663 0.65959454 0.73263854
vn -0.03816754 0.47480837 0.87926120
vn -0.15084688 0.88765365 0.43510482
vn -0.15084688 0.88765365 0.43510482
vn -0.03816754 0.47480837 0.87926120
vn -0.06408258 0.89865172 0.43395677
vn 0.00981189 -0.07163290 0.99738282
vn -0.01367781 -0.23717131 0.97137153
vn 0.05156992 0.33989853 0.93904716
vn 0.00981189 -0.07163290 0.99738282
vn 0.05156992 0.33989853 0.93904716
vn -0.03816754 0.47480837 0.87926120
vn -0.03816754 0.47480837 0.87926120
vn 0.05156992 0.33989853 0.93904716
vn 0.06419912 0.77465749 0.62911385
vn -0.03816754 0.47480837 0.87926120
vn 0.06419912 0.77465749 0.62911385
vn -0.06408258 0.89865172 0.43395677
vn 0.02529602 -0.08201791 0.99630976
vn -0.16785663 0.65959454 0.73263854
vn -0.13540502 0.38325465 0.91366369
vn -0.16785663 0.65959454 0.73263854
vn -0.28539369 0.82742244 0.48365536
vn -0.13540502 0.38325465 0.91366369
vn 0.10916355 -0.53543139 0.83749419
vn 0.02529602 -0.08201791 0.99630976
vn 0.22127722 -0.70385677 0.67499781
vn 0.10916355 -0.53543139 0.83749419
vn 0.22127722 -0.70385677 0.67499781
vn 0.20449792 -0.81283826 0.54541230
vn 0.02529602 -0.08201791 0.99630976
vn 0.21704832 -0.54350466 0.81085926
vn 0.22127722 -0.70385677 0.67499781
vn 0.22127722 -0.70385677 0.67499781
vn 0.21704832 -0.54350466 0.81085926
vn 0.29050970 -0.80775547 0.51296705
vn 0.02529602 -0.08201791 0.99630976
vn 0.10916355 -0.53543139 0.83749419
vn 0.00981189 -0.07163290 0.99738282
vn 0.10916355 -0.53543139 0.83749419
vn 0.05278711 -0.50314164 0.86259025
vn 0.00981189 -0.07163290 0.99738282
vn 0.00981189 -0.07163290 0.99738282
vn 0.05278711 -0.50314164 0.86259025
vn -0.01301915 -0.78987575 0.61312866
vn 0.00981189 -0.07163290 0.99738282
vn -0.01301915 -0.78987575 0.61312866
vn -0.01367781 -0.23717131 0.97137153
vn 0.10916355 -0.53543139 0.83749419
vn 0.20449792 -0.81283826 0.54541230
vn 0.10915661 -0.84893888 0.51709533
vn 0.10916355 -0.53543139 0.83749419
vn 0.10915661 -0.84893888 0.51709533
vn 0.05278711 -0.50314164 0.86259025
vn 0.05278711 -0.50314164 0.86259025
vn 0.10915661 -0.84893888 0.51709533
vn 0.04337158 -0.86794889 0.49475610
vn 0.05278711 -0.50314164 0.86259025
vn 0.04337158 -0.86794889 0.49475610
vn -0.01301915 -0.78987575 0.61312866
vn 0.05156992 0.33989853 0.93904716
vn -0.04222538 -0.10405680 0.99367458
vn 0.17514452 0.49834222 0.84910506
vn 0.05156992 0.33989853 0.93904716
vn 0.17514452 0.49834222 0.84910506
vn 0.20131610 0.79429424 0.57320893
vn 0.17514452 0.49834222 0.84910506
vn 0.33827400 0.89405888 0.29364842
vn 0.20131610 0.79429424 0.57320893
vn -0.04222538 -0.10405680 0.99367458
vn -0.13227803 -0.27880773 0.95119333
vn 0.17265001 0.32625058 0.92938286
vn -0.04222538 -0.10405680 0.99367458
vn 0.17265001 0.32625058 0.92938286
vn 0.17514452 0.49834222 0.84910506
vn 0.05156992 0.33989853 0.93904716
vn 0.20131610 0.79429424 0.57320893
vn 0.06419912 0.77465749 0.62911385
vn -0.01367781 -0.23717131 0.97137153
vn -0.07394220 -0.74574405 0.66211653
vn -0.15208849 -0.83722180 0.52528924
vn -0.01367781 -0.23717131 0.97137153
vn -0.01301915 -0.78987575 0.61312866
vn -0.07394220 -0.74574405 0.66211653
vn 0.05156992 0.33989853 0.93904716
vn -0.01367781 -0.23717131 0.97137153
vn -0.04222538 -0.10405680 0.99367458
vn -0.01367781 -0.23717131 0.97137153
vn -0.20373525 -0.65374649 0.72877121
vn -0.04222538 -0.10405680 0.99367458
vn -0.04222538 -0.10405680 0.99367458
vn -0.20373525 -0.65374649 0.72877121
vn -0.13227803 -0.27880773 0.95119333
vn -0.01367781 -0.23717131 0.97137153
vn -0.15208849 -0.83722180 0.52528924
vn -0.20373525 -0.65374649 0.72877121
vn -0.20373525 -0.65374649 0.72877121
vn -0.29806691 -0.83987635 0.45361191
vn -0.32327178 -0.74820530 0.57938260
vn -0.20373525 -0.65374649 0.72877121
vn -0.32327178 -0.74820530 0.57938260
vn -0.13227803 -0.27880773 0.95119333
vn 0.05735912 0.09068832 0.99422610
vn 0.14058077 0.16373663 0.97643608
vn 0.35301217 0.51893526 0.77851695
vn 0.14058077 0.16373663 0.97643608
vn 0.48635927 0.45255378 0.74742877
vn 0.35301217 0.51893526 0.77851695
vn 0.35301217 0.51893526 0.77851695
vn 0.48635927 0.45255378 0.74742877
vn 0.56186122 0.61712921 0.55087519
vn -0.13227803 -0.27880773 0.95119333
vn 0.05735912 0.09068832 0.99422610
vn 0.17265001 0.32625058 0.92938286
vn 0.35301217 0.51893526 0.77851695
vn 0.17265001 0.32625058 0.92938286
vn 0.05735912 0.09068832 0.99422610
vn 0.17265001 0.32625058 0.92938286
vn 0.35301217 0.51893526 0.77851695
vn 0.37818947 0.78404844 0.49217966
vn 0.17265001 0.32625058 0.92938286
vn 0.37818947 0.78404844 0.49217966
vn 0.17514452 0.49834222 0.84910506
vn 0.05735912 0.09068832 0.99422610
vn -0.13227803 -0.27880773 0.95119333
vn -0.19776605 -0.32981735 0.92309755
vn -0.43214315 -0.65048933 0.62459260
vn -0.19776605 -0.32981735 0.92309755
vn -0.38574150 -0.75441307 0.53109735
vn -0.19776605 -0.32981735 0.92309755
vn -0.13227803 -0.27880773 0.95119333
vn -0.32327178 -0.74820530 0.57938260
vn -0.19776605 -0.32981735 0.92309755
vn -0.32327178 -0.74820530 0.57938260
vn -0.38574150 -0.75441307 0.53109735
vn 0.05735912 0.09068832 0.99422610
vn -0.19776605 -0.32981735 0.92309755
vn -0.24842507 -0.32972845 0.91080409
vn 0.05735912 0.09068832 0.99422610
vn -0.24842507 -0.32972845 0.91080409
vn 0.14058077 0.16373663 0.97643608
vn 0.14058077 0.16373663 0.97643608
vn -0.24842507 -0.32972845 0.91080409
vn -0.32177728 -0.31268433 0.89369339
vn 0.14058077 0.16373663 0.97643608
vn -0.32177728 -0.31268433 0.89369339
vn -0.05664011 -0.03152942 0.99789667
vn -0.19776605 -0.32981735 0.92309755
vn -0.43214315 -0.65048933 0.62459260
vn -0.24842507 -0.32972845 0.91080409
vn -0.43214315 -0.65048933 0.62459260
vn -0.48731044 -0.66808319 0.56231076
vn -0.24842507 -0.32972845 0.91080409
vn -0.24842507 -0.32972845 0.91080409
vn -0.48731044 -0.66808319 0.56231076
vn -0.54415953 -0.63796097 0.54488182
vn -0.24842507 -0.32972845 0.91080409
vn -0.54415953 -0.63796097 0.54488182
vn -0.32177728 -0.31268433 0.89369339
vn -0.32177728 -0.31268433 0.89369339
vn -0.54415953 -0.63796097 0.54488182
vn -0.60227388 -0.60932326 0.51574349
vn -0.01287451 -0.00193742 0.99991524
vn 0.66298169 0.26638097 0.69964021
vn 0.03817721 0.01217114 0.99919689
vn 0.03817721 0.01217114 0.99919689
vn 0.66298169 0.26638097 0.69964021
vn 0.51898086 0.31951916 0.79282176
vn 0.51898086 0.31951916 0.79282176
vn 0.66298169 0.26638097 0.69964021
vn 0.83250624 0.43461487 0.34357420
vn 0.03817721 0.01217114 0.99919689
vn 0.51898086 0.31951916 0.79282176
vn -0.05664011 -0.03152942 0.99789667
vn -0.05664011 -0.03152942 0.99789667
vn 0.51898086 0.31951916 0.79282176
vn 0.48635927 0.45255378 0.74742877
vn -0.05664011 -0.03152942 0.99789667
vn 0.48635927 0.45255378 0.74742877
vn 0.14058077 0.16373663 0.97643608
vn 0.51898086 0.31951916 0.79282176
vn 0.70315981 0.57598650 0.41690028
vn 0.48635927 0.45255378 0.74742877
vn 0.51898086 0.31951916 0.79282176
vn 0.78316569 0.56568581 0.25816867
vn 0.70315981 0.57598650 0.41690028
vn -0.05664011 -0.03152942 0.99789667
vn -0.55394739 -0.46879303 0.68802279
vn -0.40794164 -0.26797125 0.87279725
vn -0.40794164 -0.26797125 0.87279725
vn -0.55394739 -0.46879303 0.68802279
vn -0.73259723 -0.56366324 0.38155606
vn -0.40794164 -0.26797125 0.87279725
vn -0.73259723 -0.56366324 0.38155606
vn -0.74505383 -0.44047290 0.50087762
vn -0.05664011 -0.03152942 0.99789667
vn -0.32177728 -0.31268433 0.89369339
vn -0.55394739 -0.46879303 0.68802279
vn -0.32177728 -0.31268433 0.89369339
vn -0.60227388 -0.60932326 0.51574349
vn -0.55394739 -0.46879303 0.68802279
vn 0.03817721 0.01217114 0.99919689
vn -0.05664011 -0.03152942 0.99789667
vn -0.40794164 -0.26797125 0.87279725
vn 0.03817721 0.01217114 0.99919689
vn -0.40794164 -0.26797125 0.87279725
vn -0.45577788 -0.22472990 0.86125666
vn 0.03817721 0.01217114 0.99919689
vn -0.45577788 -0.22472990 0.86125666
vn -0.01287451 -0.00193742 0.99991524
vn -0.40794164 -0.26797125 0.87279725
vn -0.74505383 -0.44047290 0.50087762
vn -0.45577788 -0.22472990 0.86125666
vn -0.45577788 -0.22472990 0.86125666
vn -0.74505383 -0.44047290 0.50087762
vn -0.81679595 -0.34158057 0.46493781
vn -0.17773248 -0.04982871 0.98281652
vn -0.14299981 -0.02370231 0.98943883
vn 0.37883687 0.05025079 0.92409819
vn 0.37883687 0.05025079 0.92409819
vn 0.82354832 0.01524028 0.56704140
vn 0.85969615 0.13772433 0.49188876
vn -0.14299981 -0.02370231 0.98943883
vn -0.06860588 0.01504389 0.99753040
vn 0.37004420 -0.01407835 0.92890745
vn -0.14299981 -0.02370231 0.98943883
vn 0.37004420 -0.01407835 0.92890745
vn 0.37883687 0.05025079 0.92409819
vn 0.37883687 0.05025079 0.92409819
vn 0.37004420 -0.01407835 0.92890745
vn 0.82354832 0.01524028 0.56704140
vn -0.17773248 -0.04982871 0.98281652
vn 0.37883687 0.05025079 0.92409819
vn 0.66494143 0.18122979 0.72457480
vn -0.17773248 -0.04982871 0.98281652
vn 0.66494143 0.18122979 0.72457480
vn -0.01287451 -0.00193742 0.99991524
vn -0.01287451 -0.00193742 0.99991524
vn 0.66494143 0.18122979 0.72457480
vn 0.66298169 0.26638097 0.69964021
vn 0.37883687 0.05025079 0.92409819
vn 0.85969615 0.13772433 0.49188876
vn 0.66494143 0.18122979 0.72457480
vn -0.17773248 -0.04982871 0.98281652
vn -0.57962239 -0.18349673 0.79395646
vn -0.82135767 -0.15406218 0.54921436
vn -0.57962239 -0.18349673 0.79395646
vn -0.81513369 -0.25590062 0.51968443
vn -0.82135767 -0.15406218 0.54921436
vn -0.17773248 -0.04982871 0.98281652
vn -0.01287451 -0.00193742 0.99991524
vn -0.57962239 -0.18349673 0.79395646
vn -0.01287451 -0.00193742 0.99991524
vn -0.45577788 -0.22472990 0.86125666
vn -0.57962239 -0.18349673 0.79395646
vn -0.57962239 -0.18349673 0.79395646
vn -0.45577788 -0.22472990 0.86125666
vn -0.81679595 -0.34158057 0.46493781
vn -0.57962239 -0.18349673 0.79395646
vn -0.81679595 -0.34158057 0.46493781
vn -0.81513369 -0.25590062 0.51968443
vn -0.17773248 -0.04982871 0.98281652
vn -0.72532344 -0.06197508 0.68561286
vn -0.14299981 -0.02370231 0.98943883
vn -0.14299981 -0.02370231 0.98943883
vn -0.72532344 -0.06197508 0.68561286
vn -0.76790321 0.03234768 0.63974863
vn -0.14299981 -0.02370231 0.98943883
vn -0.76790321 0.03234768 0.63974863
vn -0.06860588 0.01504389 0.99753040
vn -0.17773248 -0.04982871 0.98281652
vn -0.82135767 -0.15406218 0.54921436
vn -0.72532344 -0.06197508 0.68561286
vn -0.06860588 0.01504389 0.99753040
vn -0.20088400 0.06742102 0.97729218
vn 0.48151889 -0.16498432 0.86076695
vn 0.82393646 -0.19740242 0.53118831
vn 0.48151889 -0.16498432 0.86076695
vn 0.92934006 -0.32191160 0.18083119
vn -0.20088400 0.06742102 0.97729218
vn -0.08540291 0.04031750 0.99553043
vn 0.48151889 -0.16498432 0.86076695
vn 0.48151889 -0.16498432 0.86076695
vn 0.77452928 -0.35304177 0.52484852
vn 0.92934006 -0.32191160 0.18083119
vn -0.06860588 0.01504389 0.99753040
vn 0.48151889 -0.16498432 0.86076695
vn 0.58335251 -0.08545512 0.80771112
vn -0.06860588 0.01504389 0.99753040
vn 0.58335251 -0.08545512 0.80771112
vn 0.37004420 -0.01407835 0.92890745
vn 0.48151889 -0.16498432 0.86076695
vn 0.82393646 -0.19740242 0.53118831
vn 0.58335251 -0.08545512 0.80771112
vn 0.58335251 -0.08545512 0.80771112
vn 0.85894340 -0.03943853 0.51054955
vn 0.37004420 -0.01407835 0.92890745
vn 0.37004420 -0.01407835 0.92890745
vn 0.85894340 -0.03943853 0.51054955
vn 0.82354832 0.01524028 0.56704140
vn -0.52811331 0.11432165 0.84144330
vn -0.06860588 0.01504389 0.99753040
vn -0.76790321 0.03234768 0.63974863
vn -0.52811331 0.11432165 0.84144330
vn -0.76790321 0.03234768 0.63974863
vn -0.85948604 0.10622504 0.49999994
vn -0.06860588 0.01504389 0.99753040
vn -0.52811331 0.11432165 0.84144330
vn -0.20088400 0.06742102 0.97729218
vn -0.20088400 0.06742102 0.97729218
vn -0.68138427 0.29849797 0.66829216
vn -0.08540291 0.04031750 0.99553043
vn -0.52811331 0.11432165 0.84144330
vn -0.75337249 0.22508040 0.61787432
vn -0.20088400 0.06742102 0.97729218
vn -0.20088400 0.06742102 0.97729218
vn -0.75337249 0.22508040 0.61787432
vn -0.68138427 0.29849797 0.66829216
vn -0.52811331 0.11432165 0.84144330
vn -0.85948604 0.10622504 0.49999994
vn -0.75337249 0.22508040 0.61787432
vn 0.18606699 -0.13018347 0.97387439
vn 0.70518738 -0.56155825 0.43285453
vn 0.77482092 -0.49637130 0.39149463
vn -0.09788495 0.09215970 0.99092138
vn 0.43531203 -0.43091583 0.79045242
vn 0.18606699 -0.13018347 0.97387439
vn 0.18606699 -0.13018347 0.97387439
vn 0.43531203 -0.43091583 0.79045242
vn 0.70518738 -0.56155825 0.43285453
vn 0.18606699 -0.13018347 0.97387439
vn 0.46141821 -0.25843373 0.84870797
vn -0.08540291 0.04031750 0.99553043
vn -0.08540291 0.04031750 0.99553043
vn 0.46141821 -0.25843373 0.84870797
vn 0.48151889 -0.16498432 0.86076695
vn 0.18606699 -0.13018347 0.97387439
vn 0.77482092 -0.49637130 0.39149463
vn 0.46141821 -0.25843373 0.84870797
vn 0.46141821 -0.25843373 0.84870797
vn 0.77452928 -0.35304177 0.52484852
vn 0.48151889 -0.16498432 0.86076695
vn 0.18606699 -0.13018347 0.97387439
vn -0.08540291 0.04031750 0.99553043
vn -0.63842201 0.36079404 0.67988598
vn 0.18606699 -0.13018347 0.97387439
vn -0.63842201 0.36079404 0.67988598
vn -0.56199354 0.39814955 0.72501045
vn -0.08540291 0.04031750 0.99553043
vn -0.68138427 0.29849797 0.66829216
vn -0.63842201 0.36079404 0.67988598
vn 0.18606699 -0.13018347 0.97387439
vn -0.56199354 0.39814955 0.72501045
vn -0.53978610 0.46528929 0.70152467
vn 0.18606699 -0.13018347 0.97387439
vn -0.53978610 0.46528929 0.70152467
vn -0.09788495 0.09215970 0.99092138
vn -0.09788495 0.09215970 0.99092138
vn -0.53978610 0.46528929 0.70152467
vn -0.51994079 0.55055463 0.65310884
vn -0.53978610 0.46528929 0.70152467
vn -0.69604021 0.65716445 0.28924534
vn -0.51994079 0.55055463 0.65310884
vn 0.04260489 -0.08273566 0.99566042
vn -0.05864651 0.09523691 0.99372560
vn 0.18892036 -0.34834245 0.91813213
vn 0.04260489 -0.08273566 0.99566042
vn 0.18892036 -0.34834245 0.91813213
vn 0.44343546 -0.77255535 0.45444828
vn 0.04260489 -0.08273566 0.99566042
vn 0.44343546 -0.77255535 0.45444828
vn 0.50747252 -0.73480028 0.45004472
vn 0.18892036 -0.34834245 0.91813213
vn 0.17336865 -0.42659026 0.88767338
vn 0.44343546 -0.77255535 0.45444828
vn 0.44343546 -0.77255535 0.45444828
vn 0.17336865 -0.42659026 0.88767338
vn 0.34355298 -0.84125406 0.41744819
vn -0.05864651 0.09523691 0.99372560
vn -0.09668532 0.31954485 0.94262558
vn 0.17336865 -0.42659026 0.88767338
vn -0.05864651 0.09523691 0.99372560
vn 0.17336865 -0.42659026 0.88767338
vn 0.18892036 -0.34834245 0.91813213
vn 0.04260489 -0.08273566 0.99566042
vn 0.45582041 -0.51037872 0.72920591
vn -0.09788495 0.09215970 0.99092138
vn -0.09788495 0.09215970 0.99092138
vn 0.45582041 -0.51037872 0.72920591
vn 0.43531203 -0.43091583 0.79045242
vn 0.04260489 -0.08273566 0.99566042
vn 0.50747252 -0.73480028 0.45004472
vn 0.45582041 -0.51037872 0.72920591
vn 0.04260489 -0.08273566 0.99566042
vn -0.09788495 0.09215970 0.99092138
vn -0.45992556 0.54519981 0.70087492
vn 0.04260489 -0.08273566 0.99566042
vn -0.45992556 0.54519981 0.70087492
vn -0.40033093 0.66123599 0.63443059
vn -0.09788495 0.09215970 0.99092138
vn -0.51994079 0.55055463 0.65310884
vn -0.45992556 0.54519981 0.70087492
vn 0.04260489 -0.08273566 0.99566042
vn -0.32643703 0.65564764 0.68085611
vn -0.05864651 0.09523691 0.99372560
vn -0.05864651 0.09523691 0.99372560
vn -0.32643703 0.65564764 0.68085611
vn -0.09668532 0.31954485 0.94262558
vn 0.04260489 -0.08273566 0.99566042
vn -0.40033093 0.66123599 0.63443059
vn -0.32643703 0.65564764 0.68085611
vn -0.32643703 0.65564764 0.68085611
vn -0.33987838 0.81601131 0.46755558
vn -0.09668532 0.31954485 0.94262558
vn 0.17520416 -0.88567859 0.42997319
vn 0.05402321 -0.52591377 0.84882051
vn 0.04439817 -0.84778333 0.52848107
vn -0.01655092 0.32999423 0.94383782
vn 0.01510291 0.04309658 0.99895674
vn -0.00170221 -0.36382902 0.93146420
vn -0.01655092 0.32999423 0.94383782
vn -0.00170221 -0.36382902 0.93146420
vn 0.05878015 -0.29305214 0.95428789
vn 0.05878015 -0.29305214 0.95428789
vn -0.00170221 -0.36382902 0.93146420
vn 0.05402321 -0.52591377 0.84882051
vn 0.05402321 -0.52591377 0.84882051
vn -0.00170221 -0.36382902 0.93146420
vn 0.04439817 -0.84778333 0.52848107
vn -0.09668532 0.31954485 0.94262558
vn 0.05878015 -0.29305214 0.95428789
vn 0.17336865 -0.42659026 0.88767338
vn 0.05402321 -0.52591377 0.84882051
vn 0.21064228 -0.75971067 0.61519879
vn 0.05878015 -0.29305214 0.95428789
vn 0.05878015 -0.29305214 0.95428789
vn 0.21064228 -0.75971067 0.61519879
vn 0.17336865 -0.42659026 0.88767338
vn 0.05402321 -0.52591377 0.84882051
vn 0.17520416 -0.88567859 0.42997319
vn 0.21064228 -0.75971067 0.61519879
vn 0.21064228 -0.75971067 0.61519879
vn 0.34355298 -0.84125406 0.41744819
vn 0.17336865 -0.42659026 0.88767338
vn 0.05878015 -0.29305214 0.95428789
vn -0.09668532 0.31954485 0.94262558
vn -0.08511131 0.39481685 0.91480911
vn -0.08511131 0.39481685 0.91480911
vn -0.09668532 0.31954485 0.94262558
vn -0.21004905 0.80916536 0.54875386
vn -0.09668532 0.31954485 0.94262558
vn -0.33987838 0.81601131 0.46755558
vn -0.21004905 0.80916536 0.54875386
vn 0.05878015 -0.29305214 0.95428789
vn -0.08511131 0.39481685 0.91480911
vn -0.01655092 0.32999423 0.94383782
vn -0.01655092 0.32999423 0.94383782
vn 0.01389647 0.76894939 0.63915861
vn 0.01510291 0.04309658 0.99895674
vn -0.08511131 0.39481685 0.91480911
vn -0.21004905 0.80916536 0.54875386
vn -0.10279152 0.82276654 0.55900729
vn -0.08511131 0.39481685 0.91480911
vn -0.10279152 0.82276654 0.55900729
vn -0.01655092 0.32999423 0.94383782
vn -0.01655092 0.32999423 0.94383782
vn -0.10279152 0.82276654 0.55900729
vn 0.01389647 0.76894939 0.63915861
vt 0.00000000 0.00000000
vt 0.00000000 0.00000000
vt 0.00000000 0.00000000
vt 0.00000000 0.00000000
vt 0.00000000 0.00000000
vt 0.00000000 0.00000000
vt 0.00000000 0.00000000
vt 0.00000000 0.00000000
vt 0.00000000 0.00000000
vt 0.00000000 0.00000000
vt 0.00000000 0.00000000
vt 0.00000000 0.00000000
vt 0.00000000 0.00000000
vt 0.00000000 0.00000000
vt 0.00000000 0.00000000
vt 0.00000000 0.00000000
vt 0.00000000 0.00000000
vt 0.00000000 0.00000000
vt 0.00000000 0.00000000
vt 0.00000000 0.00000000
vt 0.00000000 0.00000000
vt 0.00000000 0.00000000
vt 0.00000000 0.00000000
vt 0.00000000 0.00000000
vt 0.00000000 0.00000000
vt 0.00000000 0.00000000
vt 0.00000000 0.00000000
vt 0.00000000 0.00000000
vt 0.00000000 0.00000000
vt 0.00000000 0.00000000
vt 0.00000000 0.00000000
vt 0.00000000 0.00000000
vt 0.00000000 0.00000000
vt 0.00000000 0.00000000
vt 0.00000000 0.00000000
vt 0.00000000 0.00000000
vt 0.00000000 0.00000000
vt 0.00000000 0.00000000
vt 0.00000000 0.00000000
vt 0.00000000 0.00000000
vt 0.00000000 0.00000000
vt 0.00000000 0.00000000
vt 0.00000000 0.00000000
vt 0.00000000 0.00000000
vt 0.00000000 0.00000000
vt 0.00000000 0.00000000
vt 0.00000000 0.00000000
vt 0.00000000 0.00000000
vt 0.00000000 0.00000000
vt 0.00000000 0.00000000
vt 0.00000000 0.00000000
vt 0.00000000 0.00000000
vt 0.00000000 0.00000000
vt 0.00000000 0.00000000
vt 0.00000000 0.00000000
vt 0.00000000 0.00000000
vt 0.00000000 0.00000000
vt 0.00000000 0.00000000
vt 0.00000000 0.00000000
vt 0.00000000 0.00000000
vt 0.00000000 0.00000000
vt 0.00000000 0.00000000
vt 0.00000000 0.00000000
vt 0.00000000 0.00000000
vt 0.00000000 0.00000000
vt 0.00000000 0.00000000
vt 0.00000000 0.00000000
vt 0.00000000 0.00000000
vt 0.00000000 0.00000000
vt 0.00000000 0.00000000
vt 0.00000000 0.00000000
vt 0.00000000 0.00000000
vt 0.00000000 0.00000000
vt 0.00000000 0.00000000
vt 0.00000000 0.00000000
vt 0.00000000 0.00000000
vt 0.00000000 0.00000000
vt 0.00000000 0.00000000
vt 0.00000000 0.00000000
vt 0.00000000 0.00000000
vt 0.00000000 0.00000000
vt 0.00000000 0.00000000
vt 0.00000000 0.00000000
vt 0.00000000 0.00000000
vt 0.00000000 0.00000000
vt 0.00000000 0.00000000
vt 0.00000000 0.00000000
vt 0.00000000 0.00000000
vt 0.00000000 0.00000000
vt 0.00000000 0.00000000
vt 0.00000000 0.00000000
vt 0.00000000 0.00000000
vt 0.00000000 0.00000000
vt 0.00000000 0.00000000
vt 0.00000000 0.00000000
vt 0.00000000 0.00000000
vt 0.00000000 0.00000000
vt 0.00000000 0.00000000
vt 0.00000000 0.00000000
vt 0.00000000 0.00000000
vt 0.00000000 0.00000000
vt 0.00000000 0.00000000
vt 0.00000000 0.00000000
vt 0.00000000 0.00000000
vt 0.00000000 0.00000000
vt 0.00000000 0.00000000
vt 0.00000000 0.00000000
vt 0.00000000 0.00000000
vt 0.00000000 0.00000000
vt 0.00000000 0.00000000
vt 0.00000000 0.00000000
vt 0.00000000 0.00000000
vt 0.00000000 0.00000000
vt 0.00000000 0.00000000
vt 0.00000000 0.00000000
vt 0.00000000 0.00000000
vt 0.00000000 0.00000000
vt 0.00000000 0.00000000
vt 0.00000000 0.00000000
vt 0.00000000 0.00000000
vt 0.00000000 0.00000000
vt 0.00000000 0.00000000
vt 0.00000000 0.00000000
vt 0.00000000 0.00000000
vt 0.00000000 0.00000000
vt 0.00000000 0.00000000
vt 0.00000000 0.00000000
vt 0.00000000 0.00000000
vt 0.00000000 0.00000000
vt 0.00000000 0.00000000
vt 0.00000000 0.00000000
vt 0.00000000 0.00000000
vt 0.00000000 0.00000000
vt 0.00000000 0.00000000
vt 0.00000000 0.00000000
vt 0.00000000 0.00000000
vt 0.00000000 0.00000000
vt 0.00000000 0.00000000
vt 0.00000000 0.00000000
vt 0.00000000 0.00000000
vt 0.00000000 0.00000000
vt 0.00000000 0.00000000
vt 0.00000000 0.00000000
vt 0.00000000 0.00000000
vt 0.00000000 0.00000000
vt 0.00000000 0.00000000
vt 0.00000000 0.00000000
vt 0.00000000 0.00000000
vt 0.00000000 0.00000000
vt 0.00000000 0.00000000
vt 0.00000000 0.00000000
vt 0.00000000 0.00000000
vt 0.00000000 0.00000000
vt 0.00000000 0.00000000
vt 0.00000000 0.00000000
vt 0.00000000 0.00000000
vt 0.00000000 0.00000000
vt 0.00000000 0.00000000
vt 0.00000000 0.00000000
vt 0.00000000 0.00000000
vt 0.00000000 0.00000000
vt 0.00000000 0.00000000
vt 0.00000000 0.00000000
vt 0.00000000 0.00000000
vt 0.00000000 0.00000000
vt 0.00000000 0.00000000
vt 0.00000000 0.00000000
vt 0.00000000 0.00000000
vt 0.00000000 0.00000000
vt 0.00000000 0.00000000
vt 0.00000000 0.00000000
vt 0.00000000 0.00000000
vt 0.00000000 0.00000000
vt 0.00000000 0.00000000
vt 0.00000000 0.00000000
vt 0.00000000 0.00000000
vt 0.00000000 0.00000000
vt 0.00000000 0.00000000
vt 0.00000000 0.00000000
vt 0.00000000 0.00000000
vt 0.00000000 0.00000000
vt 0.00000000 0.00000000
vt 0.00000000 0.00000000
vt 0.00000000 0.00000000
vt 0.00000000 0.00000000
vt 0.00000000 0.00000000
vt 0.00000000 0.00000000
vt 0.00000000 0.00000000
vt 0.00000000 0.00000000
vt 0.00000000 0.00000000
vt 0.00000000 0.00000000
vt 0.00000000 0.00000000
vt 0.00000000 0.00000000
vt 0.00000000 0.00000000
vt 0.00000000 0.00000000
vt 0.00000000 0.00000000
vt 0.00000000 0.00000000
vt 0.00000000 0.00000000
vt 0.00000000 0.00000000
vt 0.00000000 0.00000000
vt 0.00000000 0.00000000
vt 0.00000000 0.00000000
vt 0.00000000 0.00000000
vt 0.00000000 0.00000000
vt 0.00000000 0.00000000
vt 0.00000000 0.00000000
vt 0.00000000 0.00000000
vt 0.00000000 0.00000000
vt 0.00000000 0.00000000
vt 0.00000000 0.00000000
vt 0.00000000 0.00000000
vt 0.00000000 0.00000000
vt 0.00000000 0.00000000
vt 0.00000000 0.00000000
vt 0.00000000 0.00000000
vt 0.00000000 0.00000000
vt 0.00000000 0.00000000
vt 0.00000000 0.00000000
vt 0.00000000 0.00000000
vt 0.00000000 0.00000000
vt 0.00000000 0.00000000
vt 0.00000000 0.00000000
vt 0.00000000 0.00000000
vt 0.00000000 0.00000000
vt 0.00000000 0.00000000
vt 0.00000000 0.00000000
vt 0.00000000 0.00000000
vt 0.00000000 0.00000000
vt 0.00000000 0.00000000
vt 0.00000000 0.00000000
vt 0.00000000 0.00000000
vt 0.00000000 0.00000000
vt 0.00000000 0.00000000
vt 0.00000000 0.00000000
vt 0.00000000 0.00000000
vt 0.00000000 0.00000000
vt 0.00000000 0.00000000
vt 0.00000000 0.00000000
vt 0.00000000 0.00000000
vt 0.00000000 0.00000000
vt 0.00000000 0.00000000
vt 0.00000000 0.00000000
vt 0.00000000 0.00000000
vt 0.00000000 0.00000000
vt 0.00000000 0.00000000
vt 0.00000000 0.00000000
vt 0.00000000 0.00000000
vt 0.00000000 0.00000000
vt 0.00000000 0.00000000
vt 0.00000000 0.00000000
vt 0.00000000 0.00000000
vt 0.00000000 0.00000000
vt 0.00000000 0.00000000
vt 0.00000000 0.00000000
vt 0.00000000 0.00000000
vt 0.00000000 0.00000000
vt 0.00000000 0.00000000
vt 0.00000000 0.00000000
vt 0.00000000 0.00000000
vt 0.00000000 0.00000000
vt 0.00000000 0.00000000
vt 0.00000000 0.00000000
vt 0.00000000 0.00000000
vt 0.00000000 0.00000000
vt 0.00000000 0.00000000
vt 0.00000000 0.00000000
vt 0.00000000 0.00000000
vt 0.00000000 0.00000000
vt 0.00000000 0.00000000
vt 0.00000000 0.00000000
vt 0.00000000 0.00000000
vt 0.00000000 0.00000000
vt 0.00000000 0.00000000
vt 0.00000000 0.00000000
vt 0.00000000 0.00000000
vt 0.00000000 0.00000000
vt 0.00000000 0.00000000
vt 0.00000000 0.00000000
vt 0.00000000 0.00000000
vt 0.00000000 0.00000000
vt 0.00000000 0.00000000
vt 0.00000000 0.00000000
vt 0.00000000 0.00000000
vt 0.00000000 0.00000000
vt 0.00000000 0.00000000
vt 0.00000000 0.00000000
vt 0.00000000 0.00000000
vt 0.00000000 0.00000000
vt 0.00000000 0.00000000
vt 0.00000000 0.00000000
vt 0.00000000 0.00000000
vt 0.00000000 0.00000000
vt 0.00000000 0.00000000
vt 0.00000000 0.00000000
vt 0.00000000 0.00000000
vt 0.00000000 0.00000000
vt 0.00000000 0.00000000
vt 0.00000000 0.00000000
vt 0.00000000 0.00000000
vt 0.00000000 0.00000000
vt 0.00000000 0.00000000
vt 0.00000000 0.00000000
vt 0.00000000 0.00000000
vt 0.00000000 0.00000000
vt 0.00000000 0.00000000
vt 0.00000000 0.00000000
vt 0.00000000 0.00000000
vt 0.00000000 0.00000000
vt 0.00000000 0.00000000
vt 0.00000000 0.00000000
vt 0.00000000 0.00000000
vt 0.00000000 0.00000000
vt 0.00000000 0.00000000
vt 0.00000000 0.00000000
vt 0.00000000 0.00000000
vt 0.00000000 0.00000000
vt 0.00000000 0.00000000
vt 0.00000000 0.00000000
vt 0.00000000 0.00000000
vt 0.00000000 0.00000000
vt 0.00000000 0.00000000
vt 0.00000000 0.00000000
vt 0.00000000 0.00000000
vt 0.00000000 0.00000000
vt 0.00000000 0.00000000
vt 0.00000000 0.00000000
vt 0.00000000 0.00000000
vt 0.00000000 0.00000000
vt 0.00000000 0.00000000
vt 0.00000000 0.00000000
vt 0.00000000 0.00000000
vt 0.00000000 0.00000000
vt 0.00000000 0.00000000
vt 0.00000000 0.00000000
vt 0.00000000 0.00000000
vt 0.00000000 0.00000000
vt 0.00000000 0.00000000
vt 0.00000000 0.00000000
vt 0.00000000 0.00000000
vt 0.00000000 0.00000000
vt 0.00000000 0.00000000
vt 0.00000000 0.00000000
vt 0.00000000 0.00000000
vt 0.00000000 0.00000000
vt 0.00000000 0.00000000
vt 0.00000000 0.00000000
vt 0.00000000 0.00000000
vt 0.00000000 0.00000000
vt 0.00000000 0.00000000
vt 0.00000000 0.00000000
vt 0.00000000 0.00000000
vt 0.00000000 0.00000000
vt 0.00000000 0.00000000
vt 0.00000000 0.00000000
vt 0.00000000 0.00000000
vt 0.00000000 0.00000000
vt 0.00000000 0.00000000
vt 0.00000000 0.00000000
vt 0.00000000 0.00000000
vt 0.00000000 0.00000000
vt 0.00000000 0.00000000
vt 0.00000000 0.00000000
vt 0.00000000 0.00000000
vt 0.00000000 0.00000000
vt 0.00000000 0.00000000
vt 0.00000000 0.00000000
vt 0.00000000 0.00000000
vt 0.00000000 0.00000000
vt 0.00000000 0.00000000
vt 0.00000000 0.00000000
vt 0.00000000 0.00000000
vt 0.00000000 0.00000000
vt 0.00000000 0.00000000
vt 0.00000000 0.00000000
vt 0.00000000 0.00000000
vt 0.00000000 0.00000000
vt 0.00000000 0.00000000
vt 0.00000000 0.00000000
vt 0.00000000 0.00000000
vt 0.00000000 0.00000000
vt 0.00000000 0.00000000
vt 0.00000000 0.00000000
vt 0.00000000 0.00000000
vt 0.00000000 0.00000000
vt 0.00000000 0.00000000
vt 0.00000000 0.00000000
vt 0.00000000 0.00000000
vt 0.00000000 0.00000000
vt 0.00000000 0.00000000
vt 0.00000000 0.00000000
vt 0.00000000 0.00000000
vt 0.00000000 0.00000000
vt 0.00000000 0.00000000
vt 0.00000000 0.00000000
vt 0.00000000 0.00000000
vt 0.00000000 0.00000000
vt 0.00000000 0.00000000
vt 0.00000000 0.00000000
vt 0.00000000 0.00000000
vt 0.00000000 0.00000000
vt 0.00000000 0.00000000
vt 0.00000000 0.00000000
vt 0.00000000 0.00000000
vt 0.00000000 0.00000000
vt 0.00000000 0.00000000
vt 0.00000000 0.00000000
vt 0.00000000 0.00000000
vt 0.00000000 0.00000000
vt 0.00000000 0.00000000
vt 0.00000000 0.00000000
vt 0.00000000 0.00000000
vt 0.00000000 0.00000000
vt 0.00000000 0.00000000
vt 0.00000000 0.00000000
vt 0.00000000 0.00000000
vt 0.00000000 0.00000000
vt 0.00000000 0.00000000
vt 0.00000000 0.00000000
vt 0.00000000 0.00000000
vt 0.00000000 0.00000000
vt 0.00000000 0.00000000
vt 0.00000000 0.00000000
vt 0.00000000 0.00000000
vt 0.00000000 0.00000000
vt 0.00000000 0.00000000
vt 0.00000000 0.00000000
vt 0.00000000 0.00000000
vt 0.00000000 0.00000000
vt 0.00000000 0.00000000
vt 0.00000000 0.00000000
vt 0.00000000 0.00000000
vt 0.00000000 0.00000000
vt 0.00000000 0.00000000
vt 0.00000000 0.00000000
vt 0.00000000 0.00000000
vt 0.00000000 0.00000000
vt 0.00000000 0.00000000
vt 0.00000000 0.00000000
vt 0.00000000 0.00000000
vt 0.00000000 0.00000000
vt 0.00000000 0.00000000
vt 0.00000000 0.00000000
vt 0.00000000 0.00000000
vt 0.00000000 0.00000000
vt 0.00000000 0.00000000
vt 0.00000000 0.00000000
vt 0.00000000 0.00000000
vt 0.00000000 0.00000000
vt 0.00000000 0.00000000
vt 0.00000000 0.00000000
vt 0.00000000 0.00000000
vt 0.00000000 0.00000000
vt 0.00000000 0.00000000
vt 0.00000000 0.00000000
vt 0.00000000 0.00000000
vt 0.00000000 0.00000000
vt 0.00000000 0.00000000
vt 0.00000000 0.00000000
vt 0.00000000 0.00000000
vt 0.00000000 0.00000000
vt 0.00000000 0.00000000
vt 0.00000000 0.00000000
vt 0.00000000 0.00000000
vt 0.00000000 0.00000000
vt 0.00000000 0.00000000
vt 0.00000000 0.00000000
vt 0.00000000 0.00000000
vt 0.00000000 0.00000000
vt 0.00000000 0.00000000
vt 0.00000000 0.00000000
vt 0.00000000 0.00000000
vt 0.00000000 0.00000000
vt 0.00000000 0.00000000
vt 0.00000000 0.00000000
vt 0.00000000 0.00000000
vt 0.00000000 0.00000000
vt 0.00000000 0.00000000
vt 0.00000000 0.00000000
vt 0.00000000 0.00000000
vt 0.00000000 0.00000000
vt 0.00000000 0.00000000
vt 0.00000000 0.00000000
vt 0.00000000 0.00000000
vt 0.00000000 0.00000000
vt 0.00000000 0.00000000
vt 0.00000000 0.00000000
vt 0.00000000 0.00000000
vt 0.00000000 0.00000000
vt 0.00000000 0.00000000
vt 0.00000000 0.00000000
vt 0.00000000 0.00000000
vt 0.00000000 0.00000000
vt 0.00000000 0.00000000
vt 0.00000000 0.00000000
vt 0.00000000 0.00000000
vt 0.00000000 0.00000000
vt 0.00000000 0.00000000
vt 0.00000000 0.00000000
vt 0.00000000 0.00000000
vt 0.00000000 0.00000000
vt 0.00000000 0.00000000
vt 0.00000000 0.00000000
vt 0.00000000 0.00000000
vt 0.00000000 0.00000000
vt 0.00000000 0.00000000
vt 0.00000000 0.00000000
vt 0.00000000 0.00000000
vt 0.00000000 0.00000000
vt 0.00000000 0.00000000
vt 0.00000000 0.00000000
vt 0.00000000 0.00000000
vt 0.00000000 0.00000000
vt 0.00000000 0.00000000
vt 0.00000000 0.00000000
vt 0.00000000 0.00000000
vt 0.00000000 0.00000000
vt 0.00000000 0.00000000
vt 0.00000000 0.00000000
vt 0.00000000 0.00000000
vt 0.00000000 0.00000000
vt 0.00000000 0.00000000
vt 0.00000000 0.00000000
vt 0.00000000 0.00000000
vt 0.00000000 0.00000000
vt 0.00000000 0.00000000
vt 0.00000000 0.00000000
vt 0.00000000 0.00000000
vt 0.00000000 0.00000000
vt 0.00000000 0.00000000
vt 0.00000000 0.00000000
vt 0.00000000 0.00000000
vt 0.00000000 0.00000000
vt 0.00000000 0.00000000
vt 0.00000000 0.00000000
vt 0.00000000 0.00000000
vt 0.00000000 0.00000000
vt 0.00000000 0.00000000
vt 0.00000000 0.00000000
vt 0.00000000 0.00000000
vt 0.00000000 0.00000000
vt 0.00000000 0.00000000
vt 0.00000000 0.00000000
vt 0.00000000 0.00000000
vt 0.00000000 0.00000000
vt 0.00000000 0.00000000
vt 0.00000000 0.00000000
vt 0.00000000 0.00000000
vt 0.00000000 0.00000000
vt 0.00000000 0.00000000
vt 0.00000000 0.00000000
vt 0.00000000 0.00000000
vt 0.00000000 0.00000000
vt 0.00000000 0.00000000
vt 0.00000000 0.00000000
vt 0.00000000 0.00000000
vt 0.00000000 0.00000000
vt 0.00000000 0.00000000
vt 0.00000000 0.00000000
vt 0.00000000 0.00000000
vt 0.00000000 0.00000000
vt 0.00000000 0.00000000
vt 0.00000000 0.00000000
vt 0.00000000 0.00000000
vt 0.00000000 0.00000000
vt 0.00000000 0.00000000
vt 0.00000000 0.00000000
vt 0.00000000 0.00000000
vt 0.00000000 0.00000000
vt 0.00000000 0.00000000
vt 0.00000000 0.00000000
vt 0.00000000 0.00000000
vt 0.00000000 0.00000000
vt 0.00000000 0.00000000
vt 0.00000000 0.00000000
vt 0.00000000 0.00000000
vt 0.00000000 0.00000000
vt 0.00000000 0.00000000
vt 0.00000000 0.00000000
vt 0.00000000 0.00000000
vt 0.00000000 0.00000000
vt 0.00000000 0.00000000
vt 0.00000000 0.00000000
vt 0.00000000 0.00000000
vt 0.00000000 0.00000000
vt 0.00000000 0.00000000
vt 0.00000000 0.00000000
vt 0.00000000 0.00000000
vt 0.00000000 0.00000000
vt 0.00000000 0.00000000
vt 0.00000000 0.00000000
vt 0.00000000 0.00000000
vt 0.00000000 0.00000000
vt 0.00000000 0.00000000
vt 0.00000000 0.00000000
vt 0.00000000 0.00000000
vt 0.00000000 0.00000000
vt 0.00000000 0.00000000
vt 0.00000000 0.00000000
vt 0.00000000 0.00000000
vt 0.00000000 0.00000000
vt 0.00000000 0.00000000
vt 0.00000000 0.00000000
vt 0.00000000 0.00000000
vt 0.00000000 0.00000000
vt 0.00000000 0.00000000
vt 0.00000000 0.00000000
vt 0.00000000 0.00000000
vt 0.00000000 0.00000000
vt 0.00000000 0.00000000
vt 0.00000000 0.00000000
vt 0.00000000 0.00000000
vt 0.00000000 0.00000000
vt 0.00000000 0.00000000
vt 0.00000000 0.00000000
vt 0.00000000 0.00000000
vt 0.00000000 0.00000000
vt 0.00000000 0.00000000
vt 0.00000000 0.00000000
vt 0.00000000 0.00000000
vt 0.00000000 0.00000000
vt 0.00000000 0.00000000
vt 0.00000000 0.00000000
vt 0.00000000 0.00000000
vt 0.00000000 0.00000000
vt 0.00000000 0.00000000
vt 0.00000000 0.00000000
vt 0.00000000 0.00000000
vt 0.00000000 0.00000000
vt 0.00000000 0.00000000
vt 0.00000000 0.00000000
vt 0.00000000 0.00000000
vt 0.00000000 0.00000000
vt 0.00000000 0.00000000
vt 0.00000000 0.00000000
vt 0.00000000 0.00000000
vt 0.00000000 0.00000000
vt 0.00000000 0.00000000
vt 0.00000000 0.00000000
vt 0.00000000 0.00000000
vt 0.00000000 0.00000000
vt 0.00000000 0.00000000
vt 0.00000000 0.00000000
vt 0.00000000 0.00000000
vt 0.00000000 0.00000000
vt 0.00000000 0.00000000
vt 0.00000000 0.00000000
vt 0.00000000 0.00000000
vt 0.00000000 0.00000000
vt 0.00000000 0.00000000
vt 0.00000000 0.00000000
vt 0.00000000 0.00000000
vt 0.00000000 0.00000000
vt 0.00000000 0.00000000
vt 0.00000000 0.00000000
vt 0.00000000 0.00000000
vt 0.00000000 0.00000000
vt 0.00000000 0.00000000
vt 0.00000000 0.00000000
vt 0.00000000 0.00000000
vt 0.00000000 0.00000000
vt 0.00000000 0.00000000
vt 0.00000000 0.00000000
vt 0.00000000 0.00000000
vt 0.00000000 0.00000000
vt 0.00000000 0.00000000
vt 0.00000000 0.00000000
vt 0.00000000 0.00000000
vt 0.00000000 0.00000000
vt 0.00000000 0.00000000
vt 0.00000000 0.00000000
vt 0.00000000 0.00000000
vt 0.00000000 0.00000000
vt 0.00000000 0.00000000
vt 0.00000000 0.00000000
vt 0.00000000 0.00000000
vt 0.00000000 0.00000000
vt 0.00000000 0.00000000
vt 0.00000000 0.00000000
vt 0.00000000 0.00000000
vt 0.00000000 0.00000000
vt 0.00000000 0.00000000
vt 0.00000000 0.00000000
vt 0.00000000 0.00000000
vt 0.00000000 0.00000000
vt 0.00000000 0.00000000
vt 0.00000000 0.00000000
vt 0.00000000 0.00000000
vt 0.00000000 0.00000000
vt 0.00000000 0.00000000
vt 0.00000000 0.00000000
vt 0.00000000 0.00000000
vt 0.00000000 0.00000000
vt 0.00000000 0.00000000
vt 0.00000000 0.00000000
vt 0.00000000 0.00000000
vt 0.00000000 0.00000000
vt 0.00000000 0.00000000
vt 0.00000000 0.00000000
vt 0.00000000 0.00000000
vt 0.00000000 0.00000000
vt 0.00000000 0.00000000
vt 0.00000000 0.00000000
vt 0.00000000 0.00000000
vt 0.00000000 0.00000000
vt 0.00000000 0.00000000
vt 0.00000000 0.00000000
vt 0.00000000 0.00000000
vt 0.00000000 0.00000000
vt 0.00000000 0.00000000
vt 0.00000000 0.00000000
vt 0.00000000 0.00000000
vt 0.00000000 0.00000000
vt 0.00000000 0.00000000
vt 0.00000000 0.00000000
vt 0.00000000 0.00000000
vt 0.00000000 0.00000000
vt 0.00000000 0.00000000
vt 0.00000000 0.00000000
vt 0.00000000 0.00000000
vt 0.00000000 0.00000000
vt 0.00000000 0.00000000
vt 0.00000000 0.00000000
vt 0.00000000 0.00000000
vt 0.00000000 0.00000000
vt 0.00000000 0.00000000
vt 0.00000000 0.00000000
vt 0.00000000 0.00000000
vt 0.00000000 0.00000000
vt 0.00000000 0.00000000
vt 0.00000000 0.00000000
vt 0.00000000 0.00000000
vt 0.00000000 0.00000000
vt 0.00000000 0.00000000
vt 0.00000000 0.00000000
vt 0.00000000 0.00000000
vt 0.00000000 0.00000000
vt 0.00000000 0.00000000
vt 0.00000000 0.00000000
vt 0.00000000 0.00000000
vt 0.00000000 0.00000000
vt 0.00000000 0.00000000
vt 0.00000000 0.00000000
vt 0.00000000 0.00000000
vt 0.00000000 0.00000000
vt 0.00000000 0.00000000
vt 0.00000000 0.00000000
vt 0.00000000 0.00000000
vt 0.00000000 0.00000000
vt 0.00000000 0.00000000
vt 0.00000000 0.00000000
vt 0.00000000 0.00000000
vt 0.00000000 0.00000000
vt 0.00000000 0.00000000
vt 0.00000000 0.00000000
vt 0.00000000 0.00000000
vt 0.00000000 0.00000000
vt 0.00000000 0.00000000
vt 0.00000000 0.00000000
vt 0.00000000 0.00000000
vt 0.00000000 0.00000000
vt 0.00000000 0.00000000
vt 0.00000000 0.00000000
vt 0.00000000 0.00000000
vt 0.00000000 0.00000000
vt 0.00000000 0.00000000
vt 0.00000000 0.00000000
vt 0.00000000 0.00000000
vt 0.00000000 0.00000000
vt 0.00000000 0.00000000
vt 0.00000000 0.00000000
vt 0.00000000 0.00000000
vt 0.00000000 0.00000000
vt 0.00000000 0.00000000
vt 0.00000000 0.00000000
vt 0.00000000 0.00000000
vt 0.00000000 0.00000000
vt 0.00000000 0.00000000
vt 0.00000000 0.00000000
vt 0.00000000 0.00000000
vt 0.00000000 0.00000000
vt 0.00000000 0.00000000
vt 0.00000000 0.00000000
vt 0.00000000 0.00000000
vt 0.00000000 0.00000000
vt 0.00000000 0.00000000
vt 0.00000000 0.00000000
vt 0.00000000 0.00000000
vt 0.00000000 0.00000000
vt 0.00000000 0.00000000
vt 0.00000000 0.00000000
vt 0.00000000 0.00000000
vt 0.00000000 0.00000000
vt 0.00000000 0.00000000
vt 0.00000000 0.00000000
vt 0.00000000 0.00000000
vt 0.00000000 0.00000000
vt 0.00000000 0.00000000
vt 0.00000000 0.00000000
vt 0.00000000 0.00000000
vt 0.00000000 0.00000000
vt 0.00000000 0.00000000
vt 0.00000000 0.00000000
vt 0.00000000 0.00000000
vt 0.00000000 0.00000000
vt 0.00000000 0.00000000
vt 0.00000000 0.00000000
vt 0.00000000 0.00000000
vt 0.00000000 0.00000000
vt 0.00000000 0.00000000
vt 0.00000000 0.00000000
vt 0.00000000 0.00000000
vt 0.00000000 0.00000000
vt 0.00000000 0.00000000
vt 0.00000000 0.00000000
vt 0.00000000 0.00000000
vt 0.00000000 0.00000000
vt 0.00000000 0.00000000
vt 0.00000000 0.00000000
vt 0.00000000 0.00000000
vt 0.00000000 0.00000000
vt 0.00000000 0.00000000
vt 0.00000000 0.00000000
vt 0.00000000 0.00000000
vt 0.00000000 0.00000000
vt 0.00000000 0.00000000
vt 0.00000000 0.00000000
vt 0.00000000 0.00000000
vt 0.00000000 0.00000000
vt 0.00000000 0.00000000
vt 0.00000000 0.00000000
vt 0.00000000 0.00000000
vt 0.00000000 0.00000000
vt 0.00000000 0.00000000
vt 0.00000000 0.00000000
vt 0.00000000 0.00000000
vt 0.00000000 0.00000000
vt 0.00000000 0.00000000
vt 0.00000000 0.00000000
vt 0.00000000 0.00000000
vt 0.00000000 0.00000000
vt 0.00000000 0.00000000
vt 0.00000000 0.00000000
vt 0.00000000 0.00000000
vt 0.00000000 0.00000000
vt 0.00000000 0.00000000
vt 0.00000000 0.00000000
vt 0.00000000 0.00000000
vt 0.00000000 0.00000000
vt 0.00000000 0.00000000
vt 0.00000000 0.00000000
vt 0.00000000 0.00000000
vt 0.00000000 0.00000000
vt 0.00000000 0.00000000
vt 0.00000000 0.00000000
vt 0.00000000 0.00000000
vt 0.00000000 0.00000000
vt 0.00000000 0.00000000
vt 0.00000000 0.00000000
vt 0.00000000 0.00000000
vt 0.00000000 0.00000000
vt 0.00000000 0.00000000
vt 0.00000000 0.00000000
vt 0.00000000 0.00000000
vt 0.00000000 0.00000000
vt 0.00000000 0.00000000
vt 0.00000000 0.00000000
vt 0.00000000 0.00000000
vt 0.00000000 0.00000000
vt 0.00000000 0.00000000
vt 0.00000000 0.00000000
vt 0.00000000 0.00000000
vt 0.00000000 0.00000000
vt 0.00000000 0.00000000
vt 0.00000000 0.00000000
vt 0.00000000 0.00000000
vt 0.00000000 0.00000000
vt 0.00000000 0.00000000
vt 0.00000000 0.00000000
vt 0.00000000 0.00000000
vt 0.00000000 0.00000000
vt 0.00000000 0.00000000
vt 0.00000000 0.00000000
vt 0.00000000 0.00000000
vt 0.00000000 0.00000000
vt 0.00000000 0.00000000
vt 0.00000000 0.00000000
vt 0.00000000 0.00000000
vt 0.00000000 0.00000000
vt 0.00000000 0.00000000
vt 0.00000000 0.00000000
vt 0.00000000 0.00000000
vt 0.00000000 0.00000000
vt 0.00000000 0.00000000
vt 0.00000000 0.00000000
vt 0.00000000 0.00000000
vt 0.00000000 0.00000000
vt 0.00000000 0.00000000
vt 0.00000000 0.00000000
vt 0.00000000 0.00000000
vt 0.00000000 0.00000000
vt 0.00000000 0.00000000
vt 0.00000000 0.00000000
vt 0.00000000 0.00000000
vt 0.00000000 0.00000000
vt 0.00000000 0.00000000
vt 0.00000000 0.00000000
vt 0.00000000 0.00000000
vt 0.00000000 0.00000000
vt 0.00000000 0.00000000
vt 0.00000000 0.00000000
vt 0.00000000 0.00000000
vt 0.00000000 0.00000000
vt 0.00000000 0.00000000
vt 0.00000000 0.00000000
vt 0.00000000 0.00000000
vt 0.00000000 0.00000000
vt 0.00000000 0.00000000
vt 0.00000000 0.00000000
vt 0.00000000 0.00000000
vt 0.00000000 0.00000000
vt 0.00000000 0.00000000
vt 0.00000000 0.00000000
vt 0.00000000 0.00000000
vt 0.00000000 0.00000000
vt 0.00000000 0.00000000
vt 0.00000000 0.00000000
vt 0.00000000 0.00000000
vt 0.00000000 0.00000000
vt 0.00000000 0.00000000
vt 0.00000000 0.00000000
vt 0.00000000 0.00000000
vt 0.00000000 0.00000000
vt 0.00000000 0.00000000
vt 0.00000000 0.00000000
vt 0.00000000 0.00000000
vt 0.00000000 0.00000000
vt 0.00000000 0.00000000
vt 0.00000000 0.00000000
vt 0.00000000 0.00000000
vt 0.00000000 0.00000000
vt 0.00000000 0.00000000
vt 0.00000000 0.00000000
vt 0.00000000 0.00000000
vt 0.00000000 0.00000000
vt 0.00000000 0.00000000
vt 0.00000000 0.00000000
vt 0.00000000 0.00000000
vt 0.00000000 0.00000000
vt 0.00000000 0.00000000
vt 0.00000000 0.00000000
vt 0.00000000 0.00000000
vt 0.00000000 0.00000000
vt 0.00000000 0.00000000
vt 0.00000000 0.00000000
vt 0.00000000 0.00000000
vt 0.00000000 0.00000000
vt 0.00000000 0.00000000
vt 0.00000000 0.00000000
vt 0.00000000 0.00000000
vt 0.00000000 0.00000000
vt 0.00000000 0.00000000
vt 0.00000000 0.00000000
vt 0.00000000 0.00000000
vt 0.00000000 0.00000000
vt 0.00000000 0.00000000
vt 0.00000000 0.00000000
vt 0.00000000 0.00000000
vt 0.00000000 0.00000000
vt 0.00000000 0.00000000
vt 0.00000000 0.00000000
vt 0.00000000 0.00000000
vt 0.00000000 0.00000000
vt 0.00000000 0.00000000
vt 0.00000000 0.00000000
vt 0.00000000 0.00000000
vt 0.00000000 0.00000000
vt 0.00000000 0.00000000
vt 0.00000000 0.00000000
vt 0.00000000 0.00000000
vt 0.00000000 0.00000000
vt 0.00000000 0.00000000
vt 0.00000000 0.00000000
vt 0.00000000 0.00000000
vt 0.00000000 0.00000000
vt 0.00000000 0.00000000
vt 0.00000000 0.00000000
vt 0.00000000 0.00000000
vt 0.00000000 0.00000000
vt 0.00000000 0.00000000
vt 0.00000000 0.00000000
vt 0.00000000 0.00000000
vt 0.00000000 0.00000000
vt 0.00000000 0.00000000
vt 0.00000000 0.00000000
vt 0.00000000 0.00000000
vt 0.00000000 0.00000000
vt 0.00000000 0.00000000
vt 0.00000000 0.00000000
vt 0.00000000 0.00000000
vt 0.00000000 0.00000000
vt 0.00000000 0.00000000
vt 0.00000000 0.00000000
vt 0.00000000 0.00000000
vt 0.00000000 0.00000000
vt 0.00000000 0.00000000
vt 0.00000000 0.00000000
vt 0.00000000 0.00000000
vt 0.00000000 0.00000000
vt 0.00000000 0.00000000
vt 0.00000000 0.00000000
vt 0.00000000 0.00000000
vt 0.00000000 0.00000000
vt 0.00000000 0.00000000
vt 0.00000000 0.00000000
vt 0.00000000 0.00000000
vt 0.00000000 0.00000000
vt 0.00000000 0.00000000
vt 0.00000000 0.00000000
vt 0.00000000 0.00000000
vt 0.00000000 0.00000000
vt 0.00000000 0.00000000
vt 0.00000000 0.00000000
vt 0.00000000 0.00000000
vt 0.00000000 0.00000000
vt 0.00000000 0.00000000
vt 0.00000000 0.00000000
vt 0.00000000 0.00000000
vt 0.00000000 0.00000000
vt 0.00000000 0.00000000
vt 0.00000000 0.00000000
vt 0.00000000 0.00000000
vt 0.00000000 0.00000000
vt 0.00000000 0.00000000
vt 0.00000000 0.00000000
vt 0.00000000 0.00000000
vt 0.00000000 0.00000000
vt 0.00000000 0.00000000
vt 0.00000000 0.00000000
vt 0.00000000 0.00000000
vt 0.00000000 0.00000000
vt 0.00000000 0.00000000
vt 0.00000000 0.00000000
vt 0.00000000 0.00000000
vt 0.00000000 0.00000000
vt 0.00000000 0.00000000
vt 0.00000000 0.00000000
vt 0.00000000 0.00000000
vt 0.00000000 0.00000000
vt 0.00000000 0.00000000
vt 0.00000000 0.00000000
vt 0.00000000 0.00000000
vt 0.00000000 0.00000000
vt 0.00000000 0.00000000
vt 0.00000000 0.00000000
vt 0.00000000 0.00000000
vt 0.00000000 0.00000000
vt 0.00000000 0.00000000
vt 0.00000000 0.00000000
vt 0.00000000 0.00000000
vt 0.00000000 0.00000000
vt 0.00000000 0.00000000
vt 0.00000000 0.00000000
vt 0.00000000 0.00000000
vt 0.00000000 0.00000000
vt 0.00000000 0.00000000
vt 0.00000000 0.00000000
vt 0.00000000 0.00000000
vt 0.00000000 0.00000000
vt 0.00000000 0.00000000
vt 0.00000000 0.00000000
vt 0.00000000 0.00000000
vt 0.00000000 0.00000000
vt 0.00000000 0.00000000
vt 0.00000000 0.00000000
vt 0.00000000 0.00000000
vt 0.00000000 0.00000000
vt 0.00000000 0.00000000
vt 0.00000000 0.00000000
vt 0.00000000 0.00000000
vt 0.00000000 0.00000000
vt 0.00000000 0.00000000
vt 0.00000000 0.00000000
vt 0.00000000 0.00000000
vt 0.00000000 0.00000000
vt 0.00000000 0.00000000
vt 0.00000000 0.00000000
vt 0.00000000 0.00000000
vt 0.00000000 0.00000000
vt 0.00000000 0.00000000
vt 0.00000000 0.00000000
vt 0.00000000 0.00000000
vt 0.00000000 0.00000000
vt 0.00000000 0.00000000
vt 0.00000000 0.00000000
vt 0.00000000 0.00000000
vt 0.00000000 0.00000000
vt 0.00000000 0.00000000
vt 0.00000000 0.00000000
vt 0.00000000 0.00000000
vt 0.00000000 0.00000000
vt 0.00000000 0.00000000
vt 0.00000000 0.00000000
vt 0.00000000 0.00000000
vt 0.00000000 0.00000000
vt 0.00000000 0.00000000
vt 0.00000000 0.00000000
vt 0.00000000 0.00000000
vt 0.00000000 0.00000000
vt 0.00000000 0.00000000
vt 0.00000000 0.00000000
vt 0.00000000 0.00000000
vt 0.00000000 0.00000000
vt 0.00000000 0.00000000
vt 0.00000000 0.00000000
vt 0.00000000 0.00000000
vt 0.00000000 0.00000000
vt 0.00000000 0.00000000
vt 0.00000000 0.00000000
vt 0.00000000 0.00000000
vt 0.00000000 0.00000000
vt 0.00000000 0.00000000
vt 0.00000000 0.00000000
vt 0.00000000 0.00000000
vt 0.00000000 0.00000000
vt 0.00000000 0.00000000
vt 0.00000000 0.00000000
vt 0.00000000 0.00000000
vt 0.00000000 0.00000000
vt 0.00000000 0.00000000
vt 0.00000000 0.00000000
vt 0.00000000 0.00000000
vt 0.00000000 0.00000000
vt 0.00000000 0.00000000
vt 0.00000000 0.00000000
vt 0.00000000 0.00000000
vt 0.00000000 0.00000000
vt 0.00000000 0.00000000
vt 0.00000000 0.00000000
vt 0.00000000 0.00000000
vt 0.00000000 0.00000000
vt 0.00000000 0.00000000
vt 0.00000000 0.00000000
vt 0.00000000 0.00000000
vt 0.00000000 0.00000000
vt 0.00000000 0.00000000
vt 0.00000000 0.00000000
vt 0.00000000 0.00000000
vt 0.00000000 0.00000000
vt 0.00000000 0.00000000
vt 0.00000000 0.00000000
vt 0.00000000 0.00000000
vt 0.00000000 0.00000000
vt 0.00000000 0.00000000
vt 0.00000000 0.00000000
vt 0.00000000 0.00000000
vt 0.00000000 0.00000000
vt 0.00000000 0.00000000
vt 0.00000000 0.00000000
vt 0.00000000 0.00000000
vt 0.00000000 0.00000000
vt 0.00000000 0.00000000
vt 0.00000000 0.00000000
vt 0.00000000 0.00000000
vt 0.00000000 0.00000000
vt 0.00000000 0.00000000
vt 0.00000000 0.00000000
vt 0.00000000 0.00000000
vt 0.00000000 0.00000000
vt 0.00000000 0.00000000
vt 0.00000000 0.00000000
vt 0.00000000 0.00000000
vt 0.00000000 0.00000000
vt 0.00000000 0.00000000
vt 0.00000000 0.00000000
vt 0.00000000 0.00000000
vt 0.00000000 0.00000000
vt 0.00000000 0.00000000
vt 0.00000000 0.00000000
vt 0.00000000 0.00000000
vt 0.00000000 0.00000000
vt 0.00000000 0.00000000
vt 0.00000000 0.00000000
vt 0.00000000 0.00000000
vt 0.00000000 0.00000000
vt 0.00000000 0.00000000
vt 0.00000000 0.00000000
vt 0.00000000 0.00000000
vt 0.00000000 0.00000000
vt 0.00000000 0.00000000
vt 0.00000000 0.00000000
vt 0.00000000 0.00000000
vt 0.00000000 0.00000000
vt 0.00000000 0.00000000
vt 0.00000000 0.00000000
vt 0.00000000 0.00000000
vt 0.00000000 0.00000000
vt 0.00000000 0.00000000
vt 0.00000000 0.00000000
vt 0.00000000 0.00000000
vt 0.00000000 0.00000000
vt 0.00000000 0.00000000
vt 0.00000000 0.00000000
vt 0.00000000 0.00000000
vt 0.00000000 0.00000000
vt 0.00000000 0.00000000
vt 0.00000000 0.00000000
vt 0.00000000 0.00000000
vt 0.00000000 0.00000000
vt 0.00000000 0.00000000
vt 0.00000000 0.00000000
vt 0.00000000 0.00000000
vt 0.00000000 0.00000000
vt 0.00000000 0.00000000
vt 0.00000000 0.00000000
vt 0.00000000 0.00000000
vt 0.00000000 0.00000000
vt 0.00000000 0.00000000
vt 0.00000000 0.00000000
vt 0.00000000 0.00000000
vt 0.00000000 0.00000000
vt 0.00000000 0.00000000
vt 0.00000000 0.00000000
vt 0.00000000 0.00000000
vt 0.00000000 0.00000000
vt 0.00000000 0.00000000
vt 0.00000000 0.00000000
vt 0.00000000 0.00000000
vt 0.00000000 0.00000000
vt 0.00000000 0.00000000
vt 0.00000000 0.00000000
vt 0.00000000 0.00000000
vt 0.00000000 0.00000000
vt 0.00000000 0.00000000
vt 0.00000000 0.00000000
vt 0.00000000 0.00000000
vt 0.00000000 0.00000000
vt 0.00000000 0.00000000
vt 0.00000000 0.00000000
vt 0.00000000 0.00000000
vt 0.00000000 0.00000000
vt 0.00000000 0.00000000
vt 0.00000000 0.00000000
vt 0.00000000 0.00000000
vt 0.00000000 0.00000000
vt 0.00000000 0.00000000
vt 0.00000000 0.00000000
vt 0.00000000 0.00000000
vt 0.00000000 0.00000000
vt 0.00000000 0.00000000
vt 0.00000000 0.00000000
vt 0.00000000 0.00000000
vt 0.00000000 0.00000000
vt 0.00000000 0.00000000
vt 0.00000000 0.00000000
vt 0.00000000 0.00000000
vt 0.00000000 0.00000000
vt 0.00000000 0.00000000
vt 0.00000000 0.00000000
vt 0.00000000 0.00000000
vt 0.00000000 0.00000000
vt 0.00000000 0.00000000
vt 0.00000000 0.00000000
vt 0.00000000 0.00000000
vt 0.00000000 0.00000000
vt 0.00000000 0.00000000
vt 0.00000000 0.00000000
vt 0.00000000 0.00000000
vt 0.00000000 0.00000000
vt 0.00000000 0.00000000
vt 0.00000000 0.00000000
vt 0.00000000 0.00000000
vt 0.00000000 0.00000000
vt 0.00000000 0.00000000
vt 0.00000000 0.00000000
vt 0.00000000 0.00000000
vt 0.00000000 0.00000000
vt 0.00000000 0.00000000
vt 0.00000000 0.00000000
vt 0.00000000 0.00000000
vt 0.00000000 0.00000000
vt 0.00000000 0.00000000
vt 0.00000000 0.00000000
vt 0.00000000 0.00000000
vt 0.00000000 0.00000000
vt 0.00000000 0.00000000
vt 0.00000000 0.00000000
vt 0.00000000 0.00000000
vt 0.00000000 0.00000000
vt 0.00000000 0.00000000
vt 0.00000000 0.00000000
vt 0.00000000 0.00000000
vt 0.00000000 0.00000000
vt 0.00000000 0.00000000
vt 0.00000000 0.00000000
vt 0.00000000 0.00000000
vt 0.00000000 0.00000000
vt 0.00000000 0.00000000
vt 0.00000000 0.00000000
vt 0.00000000 0.00000000
vt 0.00000000 0.00000000
vt 0.00000000 0.00000000
vt 0.00000000 0.00000000
vt 0.00000000 0.00000000
vt 0.00000000 0.00000000
vt 0.00000000 0.00000000
vt 0.00000000 0.00000000
vt 0.00000000 0.00000000
vt 0.00000000 0.00000000
vt 0.00000000 0.00000000
vt 0.00000000 0.00000000
vt 0.00000000 0.00000000
vt 0.00000000 0.00000000
vt 0.00000000 0.00000000
vt 0.00000000 0.00000000
vt 0.00000000 0.00000000
vt 0.00000000 0.00000000
vt 0.00000000 0.00000000
vt 0.00000000 0.00000000
vt 0.00000000 0.00000000
vt 0.00000000 0.00000000
vt 0.00000000 0.00000000
vt 0.00000000 0.00000000
vt 0.00000000 0.00000000
vt 0.00000000 0.00000000
vt 0.00000000 0.00000000
vt 0.00000000 0.00000000
vt 0.00000000 0.00000000
vt 0.00000000 0.00000000
vt 0.00000000 0.00000000
vt 0.00000000 0.00000000
vt 0.00000000 0.00000000
vt 0.00000000 0.00000000
vt 0.00000000 0.00000000
vt 0.00000000 0.00000000
vt 0.00000000 0.00000000
vt 0.00000000 0.00000000
vt 0.00000000 0.00000000
vt 0.00000000 0.00000000
vt 0.00000000 0.00000000
vt 0.00000000 0.00000000
vt 0.00000000 0.00000000
vt 0.00000000 0.00000000
vt 0.00000000 0.00000000
vt 0.00000000 0.00000000
vt 0.00000000 0.00000000
vt 0.00000000 0.00000000
vt 0.00000000 0.00000000
vt 0.00000000 0.00000000
vt 0.00000000 0.00000000
vt 0.00000000 0.00000000
vt 0.00000000 0.00000000
vt 0.00000000 0.00000000
vt 0.00000000 0.00000000
vt 0.00000000 0.00000000
vt 0.00000000 0.00000000
vt 0.00000000 0.00000000
vt 0.00000000 0.00000000
vt 0.00000000 0.00000000
vt 0.00000000 0.00000000
vt 0.00000000 0.00000000
vt 0.00000000 0.00000000
vt 0.00000000 0.00000000
vt 0.00000000 0.00000000
vt 0.00000000 0.00000000
vt 0.00000000 0.00000000
vt 0.00000000 0.00000000
vt 0.00000000 0.00000000
vt 0.00000000 0.00000000
vt 0.00000000 0.00000000
vt 0.00000000 0.00000000
vt 0.00000000 0.00000000
vt 0.00000000 0.00000000
vt 0.00000000 0.00000000
vt 0.00000000 0.00000000
vt 0.00000000 0.00000000
vt 0.00000000 0.00000000
vt 0.00000000 0.00000000
vt 0.00000000 0.00000000
vt 0.00000000 0.00000000
vt 0.00000000 0.00000000
vt 0.00000000 0.00000000
vt 0.00000000 0.00000000
vt 0.00000000 0.00000000
vt 0.00000000 0.00000000
vt 0.00000000 0.00000000
vt 0.00000000 0.00000000
vt 0.00000000 0.00000000
vt 0.00000000 0.00000000
vt 0.00000000 0.00000000
vt 0.00000000 0.00000000
vt 0.00000000 0.00000000
vt 0.00000000 0.00000000
vt 0.00000000 0.00000000
vt 0.00000000 0.00000000
vt 0.00000000 0.00000000
vt 0.00000000 0.00000000
vt 0.00000000 0.00000000
vt 0.00000000 0.00000000
vt 0.00000000 0.00000000
vt 0.00000000 0.00000000
vt 0.00000000 0.00000000
vt 0.00000000 0.00000000
vt 0.00000000 0.00000000
vt 0.00000000 0.00000000
vt 0.00000000 0.00000000
vt 0.00000000 0.00000000
vt 0.00000000 0.00000000
vt 0.00000000 0.00000000
vt 0.00000000 0.00000000
vt 0.00000000 0.00000000
vt 0.00000000 0.00000000
vt 0.00000000 0.00000000
vt 0.00000000 0.00000000
vt 0.00000000 0.00000000
vt 0.00000000 0.00000000
vt 0.00000000 0.00000000
vt 0.00000000 0.00000000
vt 0.00000000 0.00000000
vt 0.00000000 0.00000000
vt 0.00000000 0.00000000
vt 0.00000000 0.00000000
vt 0.00000000 0.00000000
vt 0.00000000 0.00000000
vt 0.00000000 0.00000000
vt 0.00000000 0.00000000
vt 0.00000000 0.00000000
vt 0.00000000 0.00000000
vt 0.00000000 0.00000000
vt 0.00000000 0.00000000
vt 0.00000000 0.00000000
vt 0.00000000 0.00000000
vt 0.00000000 0.00000000
vt 0.00000000 0.00000000
vt 0.00000000 0.00000000
vt 0.00000000 0.00000000
vt 0.00000000 0.00000000
vt 0.00000000 0.00000000
vt 0.00000000 0.00000000
vt 0.00000000 0.00000000
vt 0.00000000 0.00000000
vt 0.00000000 0.00000000
vt 0.00000000 0.00000000
vt 0.00000000 0.00000000
vt 0.00000000 0.00000000
vt 0.00000000 0.00000000
vt 0.00000000 0.00000000
vt 0.00000000 0.00000000
vt 0.00000000 0.00000000
vt 0.00000000 0.00000000
vt 0.00000000 0.00000000
vt 0.00000000 0.00000000
vt 0.00000000 0.00000000
vt 0.00000000 0.00000000
vt 0.00000000 0.00000000
vt 0.00000000 0.00000000
vt 0.00000000 0.00000000
vt 0.00000000 0.00000000
vt 0.00000000 0.00000000
vt 0.00000000 0.00000000
vt 0.00000000 0.00000000
vt 0.00000000 0.00000000
vt 0.00000000 0.00000000
vt 0.00000000 0.00000000
vt 0.00000000 0.00000000
vt 0.00000000 0.00000000
vt 0.00000000 0.00000000
vt 0.00000000 0.00000000
vt 0.00000000 0.00000000
vt 0.00000000 0.00000000
vt 0.00000000 0.00000000
vt 0.00000000 0.00000000
vt 0.00000000 0.00000000
vt 0.00000000 0.00000000
vt 0.00000000 0.00000000
vt 0.00000000 0.00000000
vt 0.00000000 0.00000000
vt 0.00000000 0.00000000
vt 0.00000000 0.00000000
vt 0.00000000 0.00000000
vt 0.00000000 0.00000000
vt 0.00000000 0.00000000
vt 0.00000000 0.00000000
vt 0.00000000 0.00000000
vt 0.00000000 0.00000000
vt 0.00000000 0.00000000
vt 0.00000000 0.00000000
vt 0.00000000 0.00000000
vt 0.00000000 0.00000000
vt 0.00000000 0.00000000
vt 0.00000000 0.00000000
vt 0.00000000 0.00000000
vt 0.00000000 0.00000000
vt 0.00000000 0.00000000
vt 0.00000000 0.00000000
vt 0.00000000 0.00000000
vt 0.00000000 0.00000000
vt 0.00000000 0.00000000
vt 0.00000000 0.00000000
vt 0.00000000 0.00000000
vt 0.00000000 0.00000000
vt 0.00000000 0.00000000
vt 0.00000000 0.00000000
vt 0.00000000 0.00000000
vt 0.00000000 0.00000000
vt 0.00000000 0.00000000
vt 0.00000000 0.00000000
vt 0.00000000 0.00000000
vt 0.00000000 0.00000000
vt 0.00000000 0.00000000
vt 0.00000000 0.00000000
vt 0.00000000 0.00000000
vt 0.00000000 0.00000000
vt 0.00000000 0.00000000
vt 0.00000000 0.00000000
vt 0.00000000 0.00000000
vt 0.00000000 0.00000000
vt 0.00000000 0.00000000
vt 0.00000000 0.00000000
vt 0.00000000 0.00000000
vt 0.00000000 0.00000000
vt 0.00000000 0.00000000
vt 0.00000000 0.00000000
vt 0.00000000 0.00000000
vt 0.00000000 0.00000000
vt 0.00000000 0.00000000
vt 0.00000000 0.00000000
vt 0.00000000 0.00000000
vt 0.00000000 0.00000000
vt 0.00000000 0.00000000
vt 0.00000000 0.00000000
vt 0.00000000 0.00000000
vt 0.00000000 0.00000000
vt 0.00000000 0.00000000
vt 0.00000000 0.00000000
vt 0.00000000 0.00000000
vt 0.00000000 0.00000000
vt 0.00000000 0.00000000
vt 0.00000000 0.00000000
vt 0.00000000 0.00000000
vt 0.00000000 0.00000000
vt 0.00000000 0.00000000
vt 0.00000000 0.00000000
vt 0.00000000 0.00000000
vt 0.00000000 0.00000000
vt 0.00000000 0.00000000
vt 0.00000000 0.00000000
vt 0.00000000 0.00000000
vt 0.00000000 0.00000000
vt 0.00000000 0.00000000
vt 0.00000000 0.00000000
vt 0.00000000 0.00000000
vt 0.00000000 0.00000000
vt 0.00000000 0.00000000
vt 0.00000000 0.00000000
vt 0.00000000 0.00000000
vt 0.00000000 0.00000000
vt 0.00000000 0.00000000
vt 0.00000000 0.00000000
vt 0.00000000 0.00000000
vt 0.00000000 0.00000000
vt 0.00000000 0.00000000
vt 0.00000000 0.00000000
vt 0.00000000 0.00000000
vt 0.00000000 0.00000000
vt 0.00000000 0.00000000
vt 0.00000000 0.00000000
vt 0.00000000 0.00000000
vt 0.00000000 0.00000000
vt 0.00000000 0.00000000
vt 0.00000000 0.00000000
vt 0.00000000 0.00000000
vt 0.00000000 0.00000000
vt 0.00000000 0.00000000
vt 0.00000000 0.00000000
vt 0.00000000 0.00000000
vt 0.00000000 0.00000000
vt 0.00000000 0.00000000
vt 0.00000000 0.00000000
vt 0.00000000 0.00000000
vt 0.00000000 0.00000000
vt 0.00000000 0.00000000
vt 0.00000000 0.00000000
vt 0.00000000 0.00000000
vt 0.00000000 0.00000000
vt 0.00000000 0.00000000
vt 0.00000000 0.00000000
vt 0.00000000 0.00000000
vt 0.00000000 0.00000000
vt 0.00000000 0.00000000
vt 0.00000000 0.00000000
vt 0.00000000 0.00000000
vt 0.00000000 0.00000000
vt 0.00000000 0.00000000
vt 0.00000000 0.00000000
vt 0.00000000 0.00000000
vt 0.00000000 0.00000000
vt 0.00000000 0.00000000
vt 0.00000000 0.00000000
vt 0.00000000 0.00000000
vt 0.00000000 0.00000000
vt 0.00000000 0.00000000
vt 0.00000000 0.00000000
vt 0.00000000 0.00000000
vt 0.00000000 0.00000000
vt 0.00000000 0.00000000
vt 0.00000000 0.00000000
vt 0.00000000 0.00000000
vt 0.00000000 0.00000000
vt 0.00000000 0.00000000
vt 0.00000000 0.00000000
vt 0.00000000 0.00000000
vt 0.00000000 0.00000000
vt 0.00000000 0.00000000
vt 0.00000000 0.00000000
vt 0.00000000 0.00000000
vt 0.00000000 0.00000000
vt 0.00000000 0.00000000
vt 0.00000000 0.00000000
vt 0.00000000 0.00000000
vt 0.00000000 0.00000000
vt 0.00000000 0.00000000
vt 0.00000000 0.00000000
vt 0.00000000 0.00000000
vt 0.00000000 0.00000000
vt 0.00000000 0.00000000
vt 0.00000000 0.00000000
vt 0.00000000 0.00000000
vt 0.00000000 0.00000000
vt 0.00000000 0.00000000
vt 0.00000000 0.00000000
vt 0.00000000 0.00000000
vt 0.00000000 0.00000000
vt 0.00000000 0.00000000
vt 0.00000000 0.00000000
vt 0.00000000 0.00000000
vt 0.00000000 0.00000000
vt 0.00000000 0.00000000
vt 0.00000000 0.00000000
vt 0.00000000 0.00000000
vt 0.00000000 0.00000000
vt 0.00000000 0.00000000
vt 0.00000000 0.00000000
vt 0.00000000 0.00000000
vt 0.00000000 0.00000000
vt 0.00000000 0.00000000
vt 0.00000000 0.00000000
vt 0.00000000 0.00000000
vt 0.00000000 0.00000000
vt 0.00000000 0.00000000
vt 0.00000000 0.00000000
vt 0.00000000 0.00000000
vt 0.00000000 0.00000000
vt 0.00000000 0.00000000
vt 0.00000000 0.00000000
vt 0.00000000 0.00000000
vt 0.00000000 0.00000000
vt 0.00000000 0.00000000
vt 0.00000000 0.00000000
vt 0.00000000 0.00000000
vt 0.00000000 0.00000000
vt 0.00000000 0.00000000
vt 0.00000000 0.00000000
vt 0.00000000 0.00000000
vt 0.00000000 0.00000000
vt 0.00000000 0.00000000
vt 0.00000000 0.00000000
vt 0.00000000 0.00000000
vt 0.00000000 0.00000000
vt 0.00000000 0.00000000
vt 0.00000000 0.00000000
vt 0.00000000 0.00000000
vt 0.00000000 0.00000000
vt 0.00000000 0.00000000
vt 0.00000000 0.00000000
vt 0.00000000 0.00000000
vt 0.00000000 0.00000000
vt 0.00000000 0.00000000
vt 0.00000000 0.00000000
vt 0.00000000 0.00000000
vt 0.00000000 0.00000000
vt 0.00000000 0.00000000
vt 0.00000000 0.00000000
vt 0.00000000 0.00000000
vt 0.00000000 0.00000000
vt 0.00000000 0.00000000
vt 0.00000000 0.00000000
vt 0.00000000 0.00000000
vt 0.00000000 0.00000000
vt 0.00000000 0.00000000
vt 0.00000000 0.00000000
vt 0.00000000 0.00000000
vt 0.00000000 0.00000000
vt 0.00000000 0.00000000
vt 0.00000000 0.00000000
vt 0.00000000 0.00000000
vt 0.00000000 0.00000000
vt 0.00000000 0.00000000
vt 0.00000000 0.00000000
vt 0.00000000 0.00000000
vt 0.00000000 0.00000000
vt 0.00000000 0.00000000
vt 0.00000000 0.00000000
vt 0.00000000 0.00000000
vt 0.00000000 0.00000000
vt 0.00000000 0.00000000
vt 0.00000000 0.00000000
vt 0.00000000 0.00000000
vt 0.00000000 0.00000000
vt 0.00000000 0.00000000
vt 0.00000000 0.00000000
vt 0.00000000 0.00000000
vt 0.00000000 0.00000000
vt 0.00000000 0.00000000
vt 0.00000000 0.00000000
vt 0.00000000 0.00000000
vt 0.00000000 0.00000000
vt 0.00000000 0.00000000
vt 0.00000000 0.00000000
vt 0.00000000 0.00000000
vt 0.00000000 0.00000000
vt 0.00000000 0.00000000
vt 0.00000000 0.00000000
vt 0.00000000 0.00000000
vt 0.00000000 0.00000000
vt 0.00000000 0.00000000
vt 0.00000000 0.00000000
vt 0.00000000 0.00000000
vt 0.00000000 0.00000000
vt 0.00000000 0.00000000
vt 0.00000000 0.00000000
vt 0.00000000 0.00000000
vt 0.00000000 0.00000000
vt 0.00000000 0.00000000
vt 0.00000000 0.00000000
vt 0.00000000 0.00000000
vt 0.00000000 0.00000000
vt 0.00000000 0.00000000
vt 0.00000000 0.00000000
vt 0.00000000 0.00000000
vt 0.00000000 0.00000000
vt 0.00000000 0.00000000
vt 0.00000000 0.00000000
vt 0.00000000 0.00000000
vt 0.00000000 0.00000000
vt 0.00000000 0.00000000
vt 0.00000000 0.00000000
vt 0.00000000 0.00000000
vt 0.00000000 0.00000000
vt 0.00000000 0.00000000
vt 0.00000000 0.00000000
vt 0.00000000 0.00000000
vt 0.00000000 0.00000000
vt 0.00000000 0.00000000
vt 0.00000000 0.00000000
vt 0.00000000 0.00000000
vt 0.00000000 0.00000000
vt 0.00000000 0.00000000
vt 0.00000000 0.00000000
vt 0.00000000 0.00000000
vt 0.00000000 0.00000000
vt 0.00000000 0.00000000
vt 0.00000000 0.00000000
vt 0.00000000 0.00000000
vt 0.00000000 0.00000000
vt 0.00000000 0.00000000
vt 0.00000000 0.00000000
vt 0.00000000 0.00000000
vt 0.00000000 0.00000000
vt 0.00000000 0.00000000
vt 0.00000000 0.00000000
vt 0.00000000 0.00000000
vt 0.00000000 0.00000000
vt 0.00000000 0.00000000
vt 0.00000000 0.00000000
vt 0.00000000 0.00000000
vt 0.00000000 0.00000000
vt 0.00000000 0.00000000
vt 0.00000000 0.00000000
vt 0.00000000 0.00000000
vt 0.00000000 0.00000000
vt 0.00000000 0.00000000
vt 0.00000000 0.00000000
vt 0.00000000 0.00000000
vt 0.00000000 0.00000000
vt 0.00000000 0.00000000
vt 0.00000000 0.00000000
vt 0.00000000 0.00000000
vt 0.00000000 0.00000000
vt 0.00000000 0.00000000
vt 0.00000000 0.00000000
vt 0.00000000 0.00000000
vt 0.00000000 0.00000000
vt 0.00000000 0.00000000
vt 0.00000000 0.00000000
vt 0.00000000 0.00000000
vt 0.00000000 0.00000000
vt 0.00000000 0.00000000
vt 0.00000000 0.00000000
vt 0.00000000 0.00000000
vt 0.00000000 0.00000000
vt 0.00000000 0.00000000
vt 0.00000000 0.00000000
vt 0.00000000 0.00000000
vt 0.00000000 0.00000000
vt 0.00000000 0.00000000
vt 0.00000000 0.00000000
vt 0.00000000 0.00000000
vt 0.00000000 0.00000000
vt 0.00000000 0.00000000
vt 0.00000000 0.00000000
vt 0.00000000 0.00000000
vt 0.00000000 0.00000000
vt 0.00000000 0.00000000
vt 0.00000000 0.00000000
vt 0.00000000 0.00000000
vt 0.00000000 0.00000000
vt 0.00000000 0.00000000
vt 0.00000000 0.00000000
vt 0.00000000 0.00000000
vt 0.00000000 0.00000000
vt 0.00000000 0.00000000
vt 0.00000000 0.00000000
vt 0.00000000 0.00000000
vt 0.00000000 0.00000000
vt 0.00000000 0.00000000
vt 0.00000000 0.00000000
vt 0.00000000 0.00000000
vt 0.00000000 0.00000000
vt 0.00000000 0.00000000
vt 0.00000000 0.00000000
vt 0.00000000 0.00000000
vt 0.00000000 0.00000000
vt 0.00000000 0.00000000
vt 0.00000000 0.00000000
vt 0.00000000 0.00000000
vt 0.00000000 0.00000000
vt 0.00000000 0.00000000
vt 0.00000000 0.00000000
vt 0.00000000 0.00000000
vt 0.00000000 0.00000000
vt 0.00000000 0.00000000
vt 0.00000000 0.00000000
vt 0.00000000 0.00000000
vt 0.00000000 0.00000000
vt 0.00000000 0.00000000
vt 0.00000000 0.00000000
vt 0.00000000 0.00000000
vt 0.00000000 0.00000000
vt 0.00000000 0.00000000
vt 0.00000000 0.00000000
vt 0.00000000 0.00000000
vt 0.00000000 0.00000000
vt 0.00000000 0.00000000
vt 0.00000000 0.00000000
vt 0.00000000 0.00000000
vt 0.00000000 0.00000000
vt 0.00000000 0.00000000
vt 0.00000000 0.00000000
vt 0.00000000 0.00000000
vt 0.00000000 0.00000000
vt 0.00000000 0.00000000
vt 0.00000000 0.00000000
vt 0.00000000 0.00000000
vt 0.00000000 0.00000000
vt 0.00000000 0.00000000
vt 0.00000000 0.00000000
vt 0.00000000 0.00000000
vt 0.00000000 0.00000000
vt 0.00000000 0.00000000
vt 0.00000000 0.00000000
vt 0.00000000 0.00000000
vt 0.00000000 0.00000000
vt 0.00000000 0.00000000
vt 0.00000000 0.00000000
vt 0.00000000 0.00000000
vt 0.00000000 0.00000000
vt 0.00000000 0.00000000
vt 0.00000000 0.00000000
vt 0.00000000 0.00000000
vt 0.00000000 0.00000000
vt 0.00000000 0.00000000
vt 0.00000000 0.00000000
vt 0.00000000 0.00000000
vt 0.00000000 0.00000000
vt 0.00000000 0.00000000
vt 0.00000000 0.00000000
vt 0.00000000 0.00000000
vt 0.00000000 0.00000000
vt 0.00000000 0.00000000
vt 0.00000000 0.00000000
vt 0.00000000 0.00000000
vt 0.00000000 0.00000000
vt 0.00000000 0.00000000
vt 0.00000000 0.00000000
vt 0.00000000 0.00000000
vt 0.00000000 0.00000000
vt 0.00000000 0.00000000
vt 0.00000000 0.00000000
vt 0.00000000 0.00000000
vt 0.00000000 0.00000000
vt 0.00000000 0.00000000
vt 0.00000000 0.00000000
vt 0.00000000 0.00000000
vt 0.00000000 0.00000000
vt 0.00000000 0.00000000
vt 0.00000000 0.00000000
vt 0.00000000 0.00000000
vt 0.00000000 0.00000000
vt 0.00000000 0.00000000
vt 0.00000000 0.00000000
vt 0.00000000 0.00000000
vt 0.00000000 0.00000000
vt 0.00000000 0.00000000
vt 0.00000000 0.00000000
vt 0.00000000 0.00000000
vt 0.00000000 0.00000000
vt 0.00000000 0.00000000
vt 0.00000000 0.00000000
vt 0.00000000 0.00000000
vt 0.00000000 0.00000000
vt 0.00000000 0.00000000
vt 0.00000000 0.00000000
vt 0.00000000 0.00000000
vt 0.00000000 0.00000000
vt 0.00000000 0.00000000
vt 0.00000000 0.00000000
vt 0.00000000 0.00000000
vt 0.00000000 0.00000000
vt 0.00000000 0.00000000
vt 0.00000000 0.00000000
vt 0.00000000 0.00000000
vt 0.00000000 0.00000000
vt 0.00000000 0.00000000
vt 0.00000000 0.00000000
vt 0.00000000 0.00000000
vt 0.00000000 0.00000000
vt 0.00000000 0.00000000
vt 0.00000000 0.00000000
vt 0.00000000 0.00000000
vt 0.00000000 0.00000000
vt 0.00000000 0.00000000
vt 0.00000000 0.00000000
vt 0.00000000 0.00000000
vt 0.00000000 0.00000000
vt 0.00000000 0.00000000
vt 0.00000000 0.00000000
vt 0.00000000 0.00000000
vt 0.00000000 0.00000000
vt 0.00000000 0.00000000
vt 0.00000000 0.00000000
vt 0.00000000 0.00000000
vt 0.00000000 0.00000000
vt 0.00000000 0.00000000
vt 0.00000000 0.00000000
vt 0.00000000 0.00000000
vt 0.00000000 0.00000000
vt 0.00000000 0.00000000
vt 0.00000000 0.00000000
vt 0.00000000 0.00000000
vt 0.00000000 0.00000000
vt 0.00000000 0.00000000
vt 0.00000000 0.00000000
vt 0.00000000 0.00000000
vt 0.00000000 0.00000000
vt 0.00000000 0.00000000
vt 0.00000000 0.00000000
vt 0.00000000 0.00000000
vt 0.00000000 0.00000000
vt 0.00000000 0.00000000
vt 0.00000000 0.00000000
vt 0.00000000 0.00000000
vt 0.00000000 0.00000000
vt 0.00000000 0.00000000
vt 0.00000000 0.00000000
vt 0.00000000 0.00000000
vt 0.00000000 0.00000000
vt 0.00000000 0.00000000
vt 0.00000000 0.00000000
vt 0.00000000 0.00000000
vt 0.00000000 0.00000000
vt 0.00000000 0.00000000
vt 0.00000000 0.00000000
vt 0.00000000 0.00000000
vt 0.00000000 0.00000000
vt 0.00000000 0.00000000
vt 0.00000000 0.00000000
vt 0.00000000 0.00000000
vt 0.00000000 0.00000000
vt 0.00000000 0.00000000
vt 0.00000000 0.00000000
vt 0.00000000 0.00000000
vt 0.00000000 0.00000000
vt 0.00000000 0.00000000
vt 0.00000000 0.00000000
vt 0.00000000 0.00000000
vt 0.00000000 0.00000000
vt 0.00000000 0.00000000
vt 0.00000000 0.00000000
vt 0.00000000 0.00000000
vt 0.00000000 0.00000000
vt 0.00000000 0.00000000
vt 0.00000000 0.00000000
vt 0.00000000 0.00000000
vt 0.00000000 0.00000000
vt 0.00000000 0.00000000
vt 0.00000000 0.00000000
vt 0.00000000 0.00000000
vt 0.00000000 0.00000000
vt 0.00000000 0.00000000
vt 0.00000000 0.00000000
vt 0.00000000 0.00000000
vt 0.00000000 0.00000000
vt 0.00000000 0.00000000
vt 0.00000000 0.00000000
vt 0.00000000 0.00000000
vt 0.00000000 0.00000000
vt 0.00000000 0.00000000
vt 0.00000000 0.00000000
vt 0.00000000 0.00000000
vt 0.00000000 0.00000000
vt 0.00000000 0.00000000
vt 0.00000000 0.00000000
vt 0.00000000 0.00000000
vt 0.00000000 0.00000000
vt 0.00000000 0.00000000
vt 0.00000000 0.00000000
vt 0.00000000 0.00000000
vt 0.00000000 0.00000000
vt 0.00000000 0.00000000
vt 0.00000000 0.00000000
vt 0.00000000 0.00000000
vt 0.00000000 0.00000000
vt 0.00000000 0.00000000
vt 0.00000000 0.00000000
vt 0.00000000 0.00000000
vt 0.00000000 0.00000000
vt 0.00000000 0.00000000
vt 0.00000000 0.00000000
vt 0.00000000 0.00000000
vt 0.00000000 0.00000000
vt 0.00000000 0.00000000
vt 0.00000000 0.00000000
vt 0.00000000 0.00000000
vt 0.00000000 0.00000000
vt 0.00000000 0.00000000
vt 0.00000000 0.00000000
vt 0.00000000 0.00000000
vt 0.00000000 0.00000000
vt 0.00000000 0.00000000
vt 0.00000000 0.00000000
vt 0.00000000 0.00000000
vt 0.00000000 0.00000000
vt 0.00000000 0.00000000
vt 0.00000000 0.00000000
vt 0.00000000 0.00000000
vt 0.00000000 0.00000000
vt 0.00000000 0.00000000
vt 0.00000000 0.00000000
vt 0.00000000 0.00000000
vt 0.00000000 0.00000000
vt 0.00000000 0.00000000
vt 0.00000000 0.00000000
vt 0.00000000 0.00000000
vt 0.00000000 0.00000000
vt 0.00000000 0.00000000
vt 0.00000000 0.00000000
vt 0.00000000 0.00000000
vt 0.00000000 0.00000000
vt 0.00000000 0.00000000
vt 0.00000000 0.00000000
vt 0.00000000 0.00000000
vt 0.00000000 0.00000000
vt 0.00000000 0.00000000
vt 0.00000000 0.00000000
vt 0.00000000 0.00000000
vt 0.00000000 0.00000000
vt 0.00000000 0.00000000
vt 0.00000000 0.00000000
vt 0.00000000 0.00000000
vt 0.00000000 0.00000000
vt 0.00000000 0.00000000
vt 0.00000000 0.00000000
vt 0.00000000 0.00000000
vt 0.00000000 0.00000000
vt 0.00000000 0.00000000
vt 0.00000000 0.00000000
vt 0.00000000 0.00000000
vt 0.00000000 0.00000000
vt 0.00000000 0.00000000
vt 0.00000000 0.00000000
vt 0.00000000 0.00000000
vt 0.00000000 0.00000000
vt 0.00000000 0.00000000
vt 0.00000000 0.00000000
vt 0.00000000 0.00000000
vt 0.00000000 0.00000000
vt 0.00000000 0.00000000
vt 0.00000000 0.00000000
vt 0.00000000 0.00000000
vt 0.00000000 0.00000000
vt 0.00000000 0.00000000
vt 0.00000000 0.00000000
vt 0.00000000 0.00000000
vt 0.00000000 0.00000000
vt 0.00000000 0.00000000
vt 0.00000000 0.00000000
vt 0.00000000 0.00000000
vt 0.00000000 0.00000000
vt 0.00000000 0.00000000
vt 0.00000000 0.00000000
vt 0.00000000 0.00000000
vt 0.00000000 0.00000000
vt 0.00000000 0.00000000
vt 0.00000000 0.00000000
vt 0.00000000 0.00000000
vt 0.00000000 0.00000000
vt 0.00000000 0.00000000
vt 0.00000000 0.00000000
vt 0.00000000 0.00000000
vt 0.00000000 0.00000000
vt 0.00000000 0.00000000
vt 0.00000000 0.00000000
vt 0.00000000 0.00000000
vt 0.00000000 0.00000000
vt 0.00000000 0.00000000
vt 0.00000000 0.00000000
vt 0.00000000 0.00000000
vt 0.00000000 0.00000000
vt 0.00000000 0.00000000
vt 0.00000000 0.00000000
vt 0.00000000 0.00000000
vt 0.00000000 0.00000000
vt 0.00000000 0.00000000
vt 0.00000000 0.00000000
vt 0.00000000 0.00000000
vt 0.00000000 0.00000000
vt 0.00000000 0.00000000
vt 0.00000000 0.00000000
vt 0.00000000 0.00000000
vt 0.00000000 0.00000000
vt 0.00000000 0.00000000
vt 0.00000000 0.00000000
vt 0.00000000 0.00000000
vt 0.00000000 0.00000000
vt 0.00000000 0.00000000
vt 0.00000000 0.00000000
vt 0.00000000 0.00000000
vt 0.00000000 0.00000000
vt 0.00000000 0.00000000
vt 0.00000000 0.00000000
vt 0.00000000 0.00000000
vt 0.00000000 0.00000000
vt 0.00000000 0.00000000
vt 0.00000000 0.00000000
vt 0.00000000 0.00000000
vt 0.00000000 0.00000000
vt 0.00000000 0.00000000
vt 0.00000000 0.00000000
vt 0.00000000 0.00000000
vt 0.00000000 0.00000000
vt 0.00000000 0.00000000
vt 0.00000000 0.00000000
vt 0.00000000 0.00000000
vt 0.00000000 0.00000000
vt 0.00000000 0.00000000
vt 0.00000000 0.00000000
vt 0.00000000 0.00000000
vt 0.00000000 0.00000000
vt 0.00000000 0.00000000
vt 0.00000000 0.00000000
vt 0.00000000 0.00000000
vt 0.00000000 0.00000000
vt 0.00000000 0.00000000
vt 0.00000000 0.00000000
vt 0.00000000 0.00000000
vt 0.00000000 0.00000000
vt 0.00000000 0.00000000
vt 0.00000000 0.00000000
vt 0.00000000 0.00000000
vt 0.00000000 0.00000000
vt 0.00000000 0.00000000
vt 0.00000000 0.00000000
vt 0.00000000 0.00000000
vt 0.00000000 0.00000000
vt 0.00000000 0.00000000
vt 0.00000000 0.00000000
vt 0.00000000 0.00000000
vt 0.00000000 0.00000000
vt 0.00000000 0.00000000
vt 0.00000000 0.00000000
vt 0.00000000 0.00000000
vt 0.00000000 0.00000000
vt 0.00000000 0.00000000
vt 0.00000000 0.00000000
vt 0.00000000 0.00000000
vt 0.00000000 0.00000000
vt 0.00000000 0.00000000
vt 0.00000000 0.00000000
vt 0.00000000 0.00000000
vt 0.00000000 0.00000000
vt 0.00000000 0.00000000
vt 0.00000000 0.00000000
vt 0.00000000 0.00000000
vt 0.00000000 0.00000000
vt 0.00000000 0.00000000
vt 0.00000000 0.00000000
vt 0.00000000 0.00000000
vt 0.00000000 0.00000000
vt 0.00000000 0.00000000
vt 0.00000000 0.00000000
vt 0.00000000 0.00000000
vt 0.00000000 0.00000000
vt 0.00000000 0.00000000
vt 0.00000000 0.00000000
vt 0.00000000 0.00000000
vt 0.00000000 0.00000000
vt 0.00000000 0.00000000
vt 0.00000000 0.00000000
vt 0.00000000 0.00000000
vt 0.00000000 0.00000000
vt 0.00000000 0.00000000
vt 0.00000000 0.00000000
vt 0.00000000 0.00000000
vt 0.00000000 0.00000000
vt 0.00000000 0.00000000
vt 0.00000000 0.00000000
vt 0.00000000 0.00000000
vt 0.00000000 0.00000000
vt 0.00000000 0.00000000
vt 0.00000000 0.00000000
vt 0.00000000 0.00000000
vt 0.00000000 0.00000000
vt 0.00000000 0.00000000
vt 0.00000000 0.00000000
vt 0.00000000 0.00000000
vt 0.00000000 0.00000000
vt 0.00000000 0.00000000
vt 0.00000000 0.00000000
vt 0.00000000 0.00000000
vt 0.00000000 0.00000000
vt 0.00000000 0.00000000
vt 0.00000000 0.00000000
vt 0.00000000 0.00000000
vt 0.00000000 0.00000000
vt 0.00000000 0.00000000
vt 0.00000000 0.00000000
vt 0.00000000 0.00000000
vt 0.00000000 0.00000000
vt 0.00000000 0.00000000
vt 0.00000000 0.00000000
vt 0.00000000 0.00000000
vt 0.00000000 0.00000000
vt 0.00000000 0.00000000
vt 0.00000000 0.00000000
vt 0.00000000 0.00000000
vt 0.00000000 0.00000000
vt 0.00000000 0.00000000
vt 0.00000000 0.00000000
vt 0.00000000 0.00000000
vt 0.00000000 0.00000000
vt 0.00000000 0.00000000
vt 0.00000000 0.00000000
vt 0.00000000 0.00000000
vt 0.00000000 0.00000000
vt 0.00000000 0.00000000
vt 0.00000000 0.00000000
vt 0.00000000 0.00000000
vt 0.00000000 0.00000000
vt 0.00000000 0.00000000
vt 0.00000000 0.00000000
vt 0.00000000 0.00000000
vt 0.00000000 0.00000000
vt 0.00000000 0.00000000
vt 0.00000000 0.00000000
vt 0.00000000 0.00000000
vt 0.00000000 0.00000000
vt 0.00000000 0.00000000
vt 0.00000000 0.00000000
vt 0.00000000 0.00000000
vt 0.00000000 0.00000000
vt 0.00000000 0.00000000
vt 0.00000000 0.00000000
vt 0.00000000 0.00000000
vt 0.00000000 0.00000000
vt 0.00000000 0.00000000
vt 0.00000000 0.00000000
vt 0.00000000 0.00000000
vt 0.00000000 0.00000000
vt 0.00000000 0.00000000
vt 0.00000000 0.00000000
vt 0.00000000 0.00000000
vt 0.00000000 0.00000000
vt 0.00000000 0.00000000
vt 0.00000000 0.00000000
vt 0.00000000 0.00000000
vt 0.00000000 0.00000000
vt 0.00000000 0.00000000
vt 0.00000000 0.00000000
vt 0.00000000 0.00000000
vt 0.00000000 0.00000000
vt 0.00000000 0.00000000
vt 0.00000000 0.00000000
vt 0.00000000 0.00000000
vt 0.00000000 0.00000000
vt 0.00000000 0.00000000
vt 0.00000000 0.00000000
vt 0.00000000 0.00000000
vt 0.00000000 0.00000000
vt 0.00000000 0.00000000
vt 0.00000000 0.00000000
vt 0.00000000 0.00000000
vt 0.00000000 0.00000000
vt 0.00000000 0.00000000
vt 0.00000000 0.00000000
vt 0.00000000 0.00000000
vt 0.00000000 0.00000000
vt 0.00000000 0.00000000
vt 0.00000000 0.00000000
vt 0.00000000 0.00000000
vt 0.00000000 0.00000000
vt 0.00000000 0.00000000
vt 0.00000000 0.00000000
vt 0.00000000 0.00000000
vt 0.00000000 0.00000000
vt 0.00000000 0.00000000
vt 0.00000000 0.00000000
vt 0.00000000 0.00000000
vt 0.00000000 0.00000000
vt 0.00000000 0.00000000
vt 0.00000000 0.00000000
vt 0.00000000 0.00000000
vt 0.00000000 0.00000000
vt 0.00000000 0.00000000
vt 0.00000000 0.00000000
vt 0.00000000 0.00000000
vt 0.00000000 0.00000000
vt 0.00000000 0.00000000
vt 0.00000000 0.00000000
vt 0.00000000 0.00000000
vt 0.00000000 0.00000000
vt 0.00000000 0.00000000
vt 0.00000000 0.00000000
vt 0.00000000 0.00000000
vt 0.00000000 0.00000000
vt 0.00000000 0.00000000
vt 0.00000000 0.00000000
vt 0.00000000 0.00000000
vt 0.00000000 0.00000000
vt 0.00000000 0.00000000
vt 0.00000000 0.00000000
vt 0.00000000 0.00000000
vt 0.00000000 0.00000000
vt 0.00000000 0.00000000
vt 0.00000000 0.00000000
vt 0.00000000 0.00000000
vt 0.00000000 0.00000000
vt 0.00000000 0.00000000
vt 0.00000000 0.00000000
vt 0.00000000 0.00000000
vt 0.00000000 0.00000000
vt 0.00000000 0.00000000
vt 0.00000000 0.00000000
vt 0.00000000 0.00000000
vt 0.00000000 0.00000000
vt 0.00000000 0.00000000
vt 0.00000000 0.00000000
vt 0.00000000 0.00000000
vt 0.00000000 0.00000000
vt 0.00000000 0.00000000
vt 0.00000000 0.00000000
vt 0.00000000 0.00000000
vt 0.00000000 0.00000000
vt 0.00000000 0.00000000
vt 0.00000000 0.00000000
vt 0.00000000 0.00000000
vt 0.00000000 0.00000000
vt 0.00000000 0.00000000
vt 0.00000000 0.00000000
vt 0.00000000 0.00000000
vt 0.00000000 0.00000000
vt 0.00000000 0.00000000
vt 0.00000000 0.00000000
vt 0.00000000 0.00000000
vt 0.00000000 0.00000000
vt 0.00000000 0.00000000
vt 0.00000000 0.00000000
vt 0.00000000 0.00000000
vt 0.00000000 0.00000000
vt 0.00000000 0.00000000
vt 0.00000000 0.00000000
vt 0.00000000 0.00000000
vt 0.00000000 0.00000000
vt 0.00000000 0.00000000
vt 0.00000000 0.00000000
vt 0.00000000 0.00000000
vt 0.00000000 0.00000000
vt 0.00000000 0.00000000
vt 0.00000000 0.00000000
vt 0.00000000 0.00000000
vt 0.00000000 0.00000000
vt 0.00000000 0.00000000
vt 0.00000000 0.00000000
vt 0.00000000 0.00000000
vt 0.00000000 0.00000000
vt 0.00000000 0.00000000
vt 0.00000000 0.00000000
vt 0.00000000 0.00000000
vt 0.00000000 0.00000000
vt 0.00000000 0.00000000
vt 0.00000000 0.00000000
vt 0.00000000 0.00000000
vt 0.00000000 0.00000000
vt 0.00000000 0.00000000
vt 0.00000000 0.00000000
vt 0.00000000 0.00000000
vt 0.00000000 0.00000000
vt 0.00000000 0.00000000
vt 0.00000000 0.00000000
vt 0.00000000 0.00000000
vt 0.00000000 0.00000000
vt 0.00000000 0.00000000
vt 0.00000000 0.00000000
vt 0.00000000 0.00000000
vt 0.00000000 0.00000000
vt 0.00000000 0.00000000
vt 0.00000000 0.00000000
vt 0.00000000 0.00000000
vt 0.00000000 0.00000000
vt 0.00000000 0.00000000
vt 0.00000000 0.00000000
vt 0.00000000 0.00000000
vt 0.00000000 0.00000000
vt 0.00000000 0.00000000
vt 0.00000000 0.00000000
vt 0.00000000 0.00000000
vt 0.00000000 0.00000000
vt 0.00000000 0.00000000
vt 0.00000000 0.00000000
vt 0.00000000 0.00000000
vt 0.00000000 0.00000000
vt 0.00000000 0.00000000
vt 0.00000000 0.00000000
vt 0.00000000 0.00000000
vt 0.00000000 0.00000000
vt 0.00000000 0.00000000
vt 0.00000000 0.00000000
vt 0.00000000 0.00000000
vt 0.00000000 0.00000000
vt 0.00000000 0.00000000
vt 0.00000000 0.00000000
vt 0.00000000 0.00000000
vt 0.00000000 0.00000000
vt 0.00000000 0.00000000
vt 0.00000000 0.00000000
vt 0.00000000 0.00000000
vt 0.00000000 0.00000000
vt 0.00000000 0.00000000
vt 0.00000000 0.00000000
vt 0.00000000 0.00000000
vt 0.00000000 0.00000000
vt 0.00000000 0.00000000
vt 0.00000000 0.00000000
vt 0.00000000 0.00000000
vt 0.00000000 0.00000000
vt 0.00000000 0.00000000
vt 0.00000000 0.00000000
vt 0.00000000 0.00000000
vt 0.00000000 0.00000000
vt 0.00000000 0.00000000
vt 0.00000000 0.00000000
vt 0.00000000 0.00000000
vt 0.00000000 0.00000000
vt 0.00000000 0.00000000
vt 0.00000000 0.00000000
vt 0.00000000 0.00000000
vt 0.00000000 0.00000000
vt 0.00000000 0.00000000
vt 0.00000000 0.00000000
vt 0.00000000 0.00000000
vt 0.00000000 0.00000000
vt 0.00000000 0.00000000
vt 0.00000000 0.00000000
vt 0.00000000 0.00000000
vt 0.00000000 0.00000000
vt 0.00000000 0.00000000
vt 0.00000000 0.00000000
vt 0.00000000 0.00000000
vt 0.00000000 0.00000000
vt 0.00000000 0.00000000
vt 0.00000000 0.00000000
vt 0.00000000 0.00000000
vt 0.00000000 0.00000000
vt 0.00000000 0.00000000
vt 0.00000000 0.00000000
vt 0.00000000 0.00000000
vt 0.00000000 0.00000000
vt 0.00000000 0.00000000
vt 0.00000000 0.00000000
vt 0.00000000 0.00000000
vt 0.00000000 0.00000000
vt 0.00000000 0.00000000
vt 0.00000000 0.00000000
vt 0.00000000 0.00000000
vt 0.00000000 0.00000000
vt 0.00000000 0.00000000
vt 0.00000000 0.00000000
vt 0.00000000 0.00000000
vt 0.00000000 0.00000000
vt 0.00000000 0.00000000
vt 0.00000000 0.00000000
vt 0.00000000 0.00000000
vt 0.00000000 0.00000000
vt 0.00000000 0.00000000
vt 0.00000000 0.00000000
vt 0.00000000 0.00000000
vt 0.00000000 0.00000000
vt 0.00000000 0.00000000
vt 0.00000000 0.00000000
vt 0.00000000 0.00000000
vt 0.00000000 0.00000000
vt 0.00000000 0.00000000
vt 0.00000000 0.00000000
vt 0.00000000 0.00000000
vt 0.00000000 0.00000000
vt 0.00000000 0.00000000
vt 0.00000000 0.00000000
vt 0.00000000 0.00000000
vt 0.00000000 0.00000000
vt 0.00000000 0.00000000
vt 0.00000000 0.00000000
vt 0.00000000 0.00000000
vt 0.00000000 0.00000000
vt 0.00000000 0.00000000
vt 0.00000000 0.00000000
vt 0.00000000 0.00000000
vt 0.00000000 0.00000000
vt 0.00000000 0.00000000
vt 0.00000000 0.00000000
vt 0.00000000 0.00000000
vt 0.00000000 0.00000000
vt 0.00000000 0.00000000
vt 0.00000000 0.00000000
vt 0.00000000 0.00000000
vt 0.00000000 0.00000000
vt 0.00000000 0.00000000
vt 0.00000000 0.00000000
vt 0.00000000 0.00000000
vt 0.00000000 0.00000000
vt 0.00000000 0.00000000
vt 0.00000000 0.00000000
vt 0.00000000 0.00000000
vt 0.00000000 0.00000000
vt 0.00000000 0.00000000
vt 0.00000000 0.00000000
vt 0.00000000 0.00000000
vt 0.00000000 0.00000000
vt 0.00000000 0.00000000
vt 0.00000000 0.00000000
vt 0.00000000 0.00000000
vt 0.00000000 0.00000000
vt 0.00000000 0.00000000
vt 0.00000000 0.00000000
vt 0.00000000 0.00000000
vt 0.00000000 0.00000000
vt 0.00000000 0.00000000
vt 0.00000000 0.00000000
vt 0.00000000 0.00000000
vt 0.00000000 0.00000000
vt 0.00000000 0.00000000
vt 0.00000000 0.00000000
vt 0.00000000 0.00000000
vt 0.00000000 0.00000000
vt 0.00000000 0.00000000
vt 0.00000000 0.00000000
vt 0.00000000 0.00000000
vt 0.00000000 0.00000000
vt 0.00000000 0.00000000
vt 0.00000000 0.00000000
vt 0.00000000 0.00000000
vt 0.00000000 0.00000000
vt 0.00000000 0.00000000
vt 0.00000000 0.00000000
vt 0.00000000 0.00000000
vt 0.00000000 0.00000000
vt 0.00000000 0.00000000
vt 0.00000000 0.00000000
vt 0.00000000 0.00000000
vt 0.00000000 0.00000000
vt 0.00000000 0.00000000
vt 0.00000000 0.00000000
vt 0.00000000 0.00000000
vt 0.00000000 0.00000000
vt 0.00000000 0.00000000
vt 0.00000000 0.00000000
vt 0.00000000 0.00000000
vt 0.00000000 0.00000000
vt 0.00000000 0.00000000
vt 0.00000000 0.00000000
vt 0.00000000 0.00000000
vt 0.00000000 0.00000000
vt 0.00000000 0.00000000
vt 0.00000000 0.00000000
vt 0.00000000 0.00000000
vt 0.00000000 0.00000000
vt 0.00000000 0.00000000
vt 0.00000000 0.00000000
vt 0.00000000 0.00000000
vt 0.00000000 0.00000000
vt 0.00000000 0.00000000
vt 0.00000000 0.00000000
vt 0.00000000 0.00000000
vt 0.00000000 0.00000000
vt 0.00000000 0.00000000
vt 0.00000000 0.00000000
vt 0.00000000 0.00000000
vt 0.00000000 0.00000000
vt 0.00000000 0.00000000
vt 0.00000000 0.00000000
vt 0.00000000 0.00000000
vt 0.00000000 0.00000000
vt 0.00000000 0.00000000
vt 0.00000000 0.00000000
vt 0.00000000 0.00000000
vt 0.00000000 0.00000000
vt 0.00000000 0.00000000
vt 0.00000000 0.00000000
vt 0.00000000 0.00000000
vt 0.00000000 0.00000000
vt 0.00000000 0.00000000
vt 0.00000000 0.00000000
vt 0.00000000 0.00000000
vt 0.00000000 0.00000000
vt 0.00000000 0.00000000
vt 0.00000000 0.00000000
vt 0.00000000 0.00000000
vt 0.00000000 0.00000000
vt 0.00000000 0.00000000
vt 0.00000000 0.00000000
vt 0.00000000 0.00000000
vt 0.00000000 0.00000000
vt 0.00000000 0.00000000
vt 0.00000000 0.00000000
vt 0.00000000 0.00000000
vt 0.00000000 0.00000000
vt 0.00000000 0.00000000
vt 0.00000000 0.00000000
vt 0.00000000 0.00000000
vt 0.00000000 0.00000000
vt 0.00000000 0.00000000
vt 0.00000000 0.00000000
vt 0.00000000 0.00000000
vt 0.00000000 0.00000000
vt 0.00000000 0.00000000
vt 0.00000000 0.00000000
vt 0.00000000 0.00000000
vt 0.00000000 0.00000000
vt 0.00000000 0.00000000
vt 0.00000000 0.00000000
vt 0.00000000 0.00000000
vt 0.00000000 0.00000000
vt 0.00000000 0.00000000
vt 0.00000000 0.00000000
vt 0.00000000 0.00000000
vt 0.00000000 0.00000000
vt 0.00000000 0.00000000
vt 0.00000000 0.00000000
vt 0.00000000 0.00000000
vt 0.00000000 0.00000000
vt 0.00000000 0.00000000
vt 0.00000000 0.00000000
vt 0.00000000 0.00000000
vt 0.00000000 0.00000000
vt 0.00000000 0.00000000
vt 0.00000000 0.00000000
vt 0.00000000 0.00000000
vt 0.00000000 0.00000000
vt 0.00000000 0.00000000
vt 0.00000000 0.00000000
vt 0.00000000 0.00000000
vt 0.00000000 0.00000000
vt 0.00000000 0.00000000
vt 0.00000000 0.00000000
vt 0.00000000 0.00000000
vt 0.00000000 0.00000000
vt 0.00000000 0.00000000
vt 0.00000000 0.00000000
vt 0.00000000 0.00000000
vt 0.00000000 0.00000000
vt 0.00000000 0.00000000
vt 0.00000000 0.00000000
vt 0.00000000 0.00000000
vt 0.00000000 0.00000000
vt 0.00000000 0.00000000
vt 0.00000000 0.00000000
vt 0.00000000 0.00000000
vt 0.00000000 0.00000000
vt 0.00000000 0.00000000
vt 0.00000000 0.00000000
vt 0.00000000 0.00000000
vt 0.00000000 0.00000000
vt 0.00000000 0.00000000
vt 0.00000000 0.00000000
vt 0.00000000 0.00000000
vt 0.00000000 0.00000000
vt 0.00000000 0.00000000
vt 0.00000000 0.00000000
vt 0.00000000 0.00000000
vt 0.00000000 0.00000000
vt 0.00000000 0.00000000
vt 0.00000000 0.00000000
vt 0.00000000 0.00000000
vt 0.00000000 0.00000000
vt 0.00000000 0.00000000
vt 0.00000000 0.00000000
vt 0.00000000 0.00000000
vt 0.00000000 0.00000000
vt 0.00000000 0.00000000
vt 0.00000000 0.00000000
vt 0.00000000 0.00000000
vt 0.00000000 0.00000000
vt 0.00000000 0.00000000
vt 0.00000000 0.00000000
vt 0.00000000 0.00000000
vt 0.00000000 0.00000000
vt 0.00000000 0.00000000
vt 0.00000000 0.00000000
vt 0.00000000 0.00000000
vt 0.00000000 0.00000000
vt 0.00000000 0.00000000
vt 0.00000000 0.00000000
vt 0.00000000 0.00000000
vt 0.00000000 0.00000000
vt 0.00000000 0.00000000
vt 0.00000000 0.00000000
vt 0.00000000 0.00000000
vt 0.00000000 0.00000000
vt 0.00000000 0.00000000
vt 0.00000000 0.00000000
vt 0.00000000 0.00000000
vt 0.00000000 0.00000000
vt 0.00000000 0.00000000
vt 0.00000000 0.00000000
vt 0.00000000 0.00000000
vt 0.00000000 0.00000000
vt 0.00000000 0.00000000
vt 0.00000000 0.00000000
vt 0.00000000 0.00000000
vt 0.00000000 0.00000000
vt 0.00000000 0.00000000
vt 0.00000000 0.00000000
vt 0.00000000 0.00000000
vt 0.00000000 0.00000000
vt 0.00000000 0.00000000
vt 0.00000000 0.00000000
vt 0.00000000 0.00000000
vt 0.00000000 0.00000000
vt 0.00000000 0.00000000
vt 0.00000000 0.00000000
vt 0.00000000 0.00000000
vt 0.00000000 0.00000000
vt 0.00000000 0.00000000
vt 0.00000000 0.00000000
vt 0.00000000 0.00000000
vt 0.00000000 0.00000000
vt 0.00000000 0.00000000
vt 0.00000000 0.00000000
vt 0.00000000 0.00000000
vt 0.00000000 0.00000000
vt 0.00000000 0.00000000
vt 0.00000000 0.00000000
vt 0.00000000 0.00000000
vt 0.00000000 0.00000000
vt 0.00000000 0.00000000
vt 0.00000000 0.00000000
vt 0.00000000 0.00000000
vt 0.00000000 0.00000000
vt 0.00000000 0.00000000
vt 0.00000000 0.00000000
vt 0.00000000 0.00000000
vt 0.00000000 0.00000000
vt 0.00000000 0.00000000
vt 0.00000000 0.00000000
vt 0.00000000 0.00000000
vt 0.00000000 0.00000000
vt 0.00000000 0.00000000
vt 0.00000000 0.00000000
vt 0.00000000 0.00000000
vt 0.00000000 0.00000000
vt 0.00000000 0.00000000
vt 0.00000000 0.00000000
vt 0.00000000 0.00000000
vt 0.00000000 0.00000000
vt 0.00000000 0.00000000
vt 0.00000000 0.00000000
vt 0.00000000 0.00000000
vt 0.00000000 0.00000000
vt 0.00000000 0.00000000
vt 0.00000000 0.00000000
vt 0.00000000 0.00000000
vt 0.00000000 0.00000000
vt 0.00000000 0.00000000
vt 0.00000000 0.00000000
vt 0.00000000 0.00000000
vt 0.00000000 0.00000000
vt 0.00000000 0.00000000
vt 0.00000000 0.00000000
vt 0.00000000 0.00000000
vt 0.00000000 0.00000000
vt 0.00000000 0.00000000
vt 0.00000000 0.00000000
vt 0.00000000 0.00000000
vt 0.00000000 0.00000000
vt 0.00000000 0.00000000
vt 0.00000000 0.00000000
vt 0.00000000 0.00000000
vt 0.00000000 0.00000000
vt 0.00000000 0.00000000
vt 0.00000000 0.00000000
vt 0.00000000 0.00000000
vt 0.00000000 0.00000000
vt 0.00000000 0.00000000
vt 0.00000000 0.00000000
vt 0.00000000 0.00000000
vt 0.00000000 0.00000000
vt 0.00000000 0.00000000
vt 0.00000000 0.00000000
vt 0.00000000 0.00000000
vt 0.00000000 0.00000000
vt 0.00000000 0.00000000
vt 0.00000000 0.00000000
vt 0.00000000 0.00000000
vt 0.00000000 0.00000000
vt 0.00000000 0.00000000
vt 0.00000000 0.00000000
vt 0.00000000 0.00000000
vt 0.00000000 0.00000000
vt 0.00000000 0.00000000
vt 0.00000000 0.00000000
vt 0.00000000 0.00000000
vt 0.00000000 0.00000000
vt 0.00000000 0.00000000
vt 0.00000000 0.00000000
vt 0.00000000 0.00000000
vt 0.00000000 0.00000000
vt 0.00000000 0.00000000
vt 0.00000000 0.00000000
vt 0.00000000 0.00000000
vt 0.00000000 0.00000000
vt 0.00000000 0.00000000
vt 0.00000000 0.00000000
vt 0.00000000 0.00000000
vt 0.00000000 0.00000000
vt 0.00000000 0.00000000
vt 0.00000000 0.00000000
vt 0.00000000 0.00000000
vt 0.00000000 0.00000000
vt 0.00000000 0.00000000
vt 0.00000000 0.00000000
vt 0.00000000 0.00000000
vt 0.00000000 0.00000000
vt 0.00000000 0.00000000
vt 0.00000000 0.00000000
vt 0.00000000 0.00000000
vt 0.00000000 0.00000000
vt 0.00000000 0.00000000
vt 0.00000000 0.00000000
vt 0.00000000 0.00000000
vt 0.00000000 0.00000000
vt 0.00000000 0.00000000
vt 0.00000000 0.00000000
vt 0.00000000 0.00000000
vt 0.00000000 0.00000000
vt 0.00000000 0.00000000
vt 0.00000000 0.00000000
vt 0.00000000 0.00000000
vt 0.00000000 0.00000000
vt 0.00000000 0.00000000
vt 0.00000000 0.00000000
vt 0.00000000 0.00000000
vt 0.00000000 0.00000000
vt 0.00000000 0.00000000
vt 0.00000000 0.00000000
vt 0.00000000 0.00000000
vt 0.00000000 0.00000000
vt 0.00000000 0.00000000
vt 0.00000000 0.00000000
vt 0.00000000 0.00000000
vt 0.00000000 0.00000000
vt 0.00000000 0.00000000
vt 0.00000000 0.00000000
vt 0.00000000 0.00000000
vt 0.00000000 0.00000000
vt 0.00000000 0.00000000
vt 0.00000000 0.00000000
vt 0.00000000 0.00000000
vt 0.00000000 0.00000000
vt 0.00000000 0.00000000
vt 0.00000000 0.00000000
vt 0.00000000 0.00000000
vt 0.00000000 0.00000000
vt 0.00000000 0.00000000
vt 0.00000000 0.00000000
vt 0.00000000 0.00000000
vt 0.00000000 0.00000000
vt 0.00000000 0.00000000
vt 0.00000000 0.00000000
vt 0.00000000 0.00000000
vt 0.00000000 0.00000000
vt 0.00000000 0.00000000
vt 0.00000000 0.00000000
vt 0.00000000 0.00000000
vt 0.00000000 0.00000000
vt 0.00000000 0.00000000
vt 0.00000000 0.00000000
vt 0.00000000 0.00000000
vt 0.00000000 0.00000000
vt 0.00000000 0.00000000
vt 0.00000000 0.00000000
vt 0.00000000 0.00000000
vt 0.00000000 0.00000000
vt 0.00000000 0.00000000
vt 0.00000000 0.00000000
vt 0.00000000 0.00000000
vt 0.00000000 0.00000000
vt 0.00000000 0.00000000
vt 0.00000000 0.00000000
vt 0.00000000 0.00000000
vt 0.00000000 0.00000000
vt 0.00000000 0.00000000
vt 0.00000000 0.00000000
vt 0.00000000 0.00000000
vt 0.00000000 0.00000000
vt 0.00000000 0.00000000
vt 0.00000000 0.00000000
vt 0.00000000 0.00000000
vt 0.00000000 0.00000000
vt 0.00000000 0.00000000
vt 0.00000000 0.00000000
vt 0.00000000 0.00000000
vt 0.00000000 0.00000000
vt 0.00000000 0.00000000
vt 0.00000000 0.00000000
vt 0.00000000 0.00000000
vt 0.00000000 0.00000000
vt 0.00000000 0.00000000
vt 0.00000000 0.00000000
vt 0.00000000 0.00000000
vt 0.00000000 0.00000000
vt 0.00000000 0.00000000
vt 0.00000000 0.00000000
vt 0.00000000 0.00000000
vt 0.00000000 0.00000000
vt 0.00000000 0.00000000
vt 0.00000000 0.00000000
vt 0.00000000 0.00000000
vt 0.00000000 0.00000000
vt 0.00000000 0.00000000
vt 0.00000000 0.00000000
vt 0.00000000 0.00000000
vt 0.00000000 0.00000000
vt 0.00000000 0.00000000
vt 0.00000000 0.00000000
vt 0.00000000 0.00000000
vt 0.00000000 0.00000000
vt 0.00000000 0.00000000
vt 0.00000000 0.00000000
vt 0.00000000 0.00000000
vt 0.00000000 0.00000000
vt 0.00000000 0.00000000
vt 0.00000000 0.00000000
vt 0.00000000 0.00000000
vt 0.00000000 0.00000000
vt 0.00000000 0.00000000
vt 0.00000000 0.00000000
vt 0.00000000 0.00000000
vt 0.00000000 0.00000000
vt 0.00000000 0.00000000
vt 0.00000000 0.00000000
vt 0.00000000 0.00000000
vt 0.00000000 0.00000000
vt 0.00000000 0.00000000
vt 0.00000000 0.00000000
vt 0.00000000 0.00000000
vt 0.00000000 0.00000000
vt 0.00000000 0.00000000
vt 0.00000000 0.00000000
vt 0.00000000 0.00000000
vt 0.00000000 0.00000000
vt 0.00000000 0.00000000
vt 0.00000000 0.00000000
vt 0.00000000 0.00000000
vt 0.00000000 0.00000000
vt 0.00000000 0.00000000
vt 0.00000000 0.00000000
vt 0.00000000 0.00000000
vt 0.00000000 0.00000000
vt 0.00000000 0.00000000
vt 0.00000000 0.00000000
vt 0.00000000 0.00000000
vt 0.00000000 0.00000000
vt 0.00000000 0.00000000
vt 0.00000000 0.00000000
vt 0.00000000 0.00000000
vt 0.00000000 0.00000000
vt 0.00000000 0.00000000
vt 0.00000000 0.00000000
vt 0.00000000 0.00000000
vt 0.00000000 0.00000000
vt 0.00000000 0.00000000
vt 0.00000000 0.00000000
vt 0.00000000 0.00000000
vt 0.00000000 0.00000000
vt 0.00000000 0.00000000
vt 0.00000000 0.00000000
vt 0.00000000 0.00000000
vt 0.00000000 0.00000000
vt 0.00000000 0.00000000
vt 0.00000000 0.00000000
vt 0.00000000 0.00000000
vt 0.00000000 0.00000000
vt 0.00000000 0.00000000
vt 0.00000000 0.00000000
vt 0.00000000 0.00000000
vt 0.00000000 0.00000000
vt 0.00000000 0.00000000
vt 0.00000000 0.00000000
vt 0.00000000 0.00000000
vt 0.00000000 0.00000000
vt 0.00000000 0.00000000
vt 0.00000000 0.00000000
vt 0.00000000 0.00000000
vt 0.00000000 0.00000000
vt 0.00000000 0.00000000
vt 0.00000000 0.00000000
vt 0.00000000 0.00000000
vt 0.00000000 0.00000000
vt 0.00000000 0.00000000
vt 0.00000000 0.00000000
vt 0.00000000 0.00000000
vt 0.00000000 0.00000000
vt 0.00000000 0.00000000
vt 0.00000000 0.00000000
vt 0.00000000 0.00000000
vt 0.00000000 0.00000000
vt 0.00000000 0.00000000
vt 0.00000000 0.00000000
vt 0.00000000 0.00000000
vt 0.00000000 0.00000000
vt 0.00000000 0.00000000
vt 0.00000000 0.00000000
vt 0.00000000 0.00000000
vt 0.00000000 0.00000000
vt 0.00000000 0.00000000
vt 0.00000000 0.00000000
vt 0.00000000 0.00000000
vt 0.00000000 0.00000000
vt 0.00000000 0.00000000
vt 0.00000000 0.00000000
vt 0.00000000 0.00000000
vt 0.00000000 0.00000000
vt 0.00000000 0.00000000
vt 0.00000000 0.00000000
vt 0.00000000 0.00000000
vt 0.00000000 0.00000000
vt 0.00000000 0.00000000
vt 0.00000000 0.00000000
vt 0.00000000 0.00000000
vt 0.00000000 0.00000000
vt 0.00000000 0.00000000
vt 0.00000000 0.00000000
vt 0.00000000 0.00000000
vt 0.00000000 0.00000000
vt 0.00000000 0.00000000
vt 0.00000000 0.00000000
vt 0.00000000 0.00000000
vt 0.00000000 0.00000000
vt 0.00000000 0.00000000
vt 0.00000000 0.00000000
vt 0.00000000 0.00000000
vt 0.00000000 0.00000000
vt 0.00000000 0.00000000
vt 0.00000000 0.00000000
vt 0.00000000 0.00000000
vt 0.00000000 0.00000000
vt 0.00000000 0.00000000
vt 0.00000000 0.00000000
vt 0.00000000 0.00000000
vt 0.00000000 0.00000000
vt 0.00000000 0.00000000
vt 0.00000000 0.00000000
vt 0.00000000 0.00000000
vt 0.00000000 0.00000000
vt 0.00000000 0.00000000
vt 0.00000000 0.00000000
vt 0.00000000 0.00000000
vt 0.00000000 0.00000000
vt 0.00000000 0.00000000
vt 0.00000000 0.00000000
vt 0.00000000 0.00000000
vt 0.00000000 0.00000000
vt 0.00000000 0.00000000
vt 0.00000000 0.00000000
vt 0.00000000 0.00000000
vt 0.00000000 0.00000000
vt 0.00000000 0.00000000
vt 0.00000000 0.00000000
vt 0.00000000 0.00000000
vt 0.00000000 0.00000000
vt 0.00000000 0.00000000
vt 0.00000000 0.00000000
vt 0.00000000 0.00000000
vt 0.00000000 0.00000000
vt 0.00000000 0.00000000
vt 0.00000000 0.00000000
vt 0.00000000 0.00000000
vt 0.00000000 0.00000000
vt 0.00000000 0.00000000
vt 0.00000000 0.00000000
vt 0.00000000 0.00000000
vt 0.00000000 0.00000000
vt 0.00000000 0.00000000
vt 0.00000000 0.00000000
vt 0.00000000 0.00000000
vt 0.00000000 0.00000000
vt 0.00000000 0.00000000
vt 0.00000000 0.00000000
vt 0.00000000 0.00000000
vt 0.00000000 0.00000000
vt 0.00000000 0.00000000
vt 0.00000000 0.00000000
vt 0.00000000 0.00000000
vt 0.00000000 0.00000000
vt 0.00000000 0.00000000
vt 0.00000000 0.00000000
vt 0.00000000 0.00000000
vt 0.00000000 0.00000000
vt 0.00000000 0.00000000
vt 0.00000000 0.00000000
vt 0.00000000 0.00000000
vt 0.00000000 0.00000000
vt 0.00000000 0.00000000
vt 0.00000000 0.00000000
vt 0.00000000 0.00000000
vt 0.00000000 0.00000000
vt 0.00000000 0.00000000
vt 0.00000000 0.00000000
vt 0.00000000 0.00000000
vt 0.00000000 0.00000000
vt 0.00000000 0.00000000
vt 0.00000000 0.00000000
vt 0.00000000 0.00000000
vt 0.00000000 0.00000000
vt 0.00000000 0.00000000
vt 0.00000000 0.00000000
vt 0.00000000 0.00000000
vt 0.00000000 0.00000000
vt 0.00000000 0.00000000
vt 0.00000000 0.00000000
vt 0.00000000 0.00000000
vt 0.00000000 0.00000000
vt 0.00000000 0.00000000
vt 0.00000000 0.00000000
vt 0.00000000 0.00000000
vt 0.00000000 0.00000000
vt 0.00000000 0.00000000
vt 0.00000000 0.00000000
vt 0.00000000 0.00000000
vt 0.00000000 0.00000000
vt 0.00000000 0.00000000
vt 0.00000000 0.00000000
vt 0.00000000 0.00000000
vt 0.00000000 0.00000000
vt 0.00000000 0.00000000
vt 0.00000000 0.00000000
vt 0.00000000 0.00000000
vt 0.00000000 0.00000000
vt 0.00000000 0.00000000
vt 0.00000000 0.00000000
vt 0.00000000 0.00000000
vt 0.00000000 0.00000000
vt 0.00000000 0.00000000
vt 0.00000000 0.00000000
vt 0.00000000 0.00000000
vt 0.00000000 0.00000000
vt 0.00000000 0.00000000
vt 0.00000000 0.00000000
vt 0.00000000 0.00000000
vt 0.00000000 0.00000000
vt 0.00000000 0.00000000
vt 0.00000000 0.00000000
vt 0.00000000 0.00000000
vt 0.00000000 0.00000000
vt 0.00000000 0.00000000
vt 0.00000000 0.00000000
vt 0.00000000 0.00000000
vt 0.00000000 0.00000000
vt 0.00000000 0.00000000
vt 0.00000000 0.00000000
vt 0.00000000 0.00000000
vt 0.00000000 0.00000000
vt 0.00000000 0.00000000
vt 0.00000000 0.00000000
vt 0.00000000 0.00000000
vt 0.00000000 0.00000000
vt 0.00000000 0.00000000
vt 0.00000000 0.00000000
vt 0.00000000 0.00000000
vt 0.00000000 0.00000000
vt 0.00000000 0.00000000
vt 0.00000000 0.00000000
vt 0.00000000 0.00000000
vt 0.00000000 0.00000000
vt 0.00000000 0.00000000
vt 0.00000000 0.00000000
vt 0.00000000 0.00000000
vt 0.00000000 0.00000000
vt 0.00000000 0.00000000
vt 0.00000000 0.00000000
vt 0.00000000 0.00000000
vt 0.00000000 0.00000000
vt 0.00000000 0.00000000
vt 0.00000000 0.00000000
vt 0.00000000 0.00000000
vt 0.00000000 0.00000000
vt 0.00000000 0.00000000
vt 0.00000000 0.00000000
vt 0.00000000 0.00000000
vt 0.00000000 0.00000000
vt 0.00000000 0.00000000
vt 0.00000000 0.00000000
vt 0.00000000 0.00000000
vt 0.00000000 0.00000000
vt 0.00000000 0.00000000
vt 0.00000000 0.00000000
vt 0.00000000 0.00000000
vt 0.00000000 0.00000000
vt 0.00000000 0.00000000
vt 0.00000000 0.00000000
vt 0.00000000 0.00000000
vt 0.00000000 0.00000000
vt 0.00000000 0.00000000
vt 0.00000000 0.00000000
vt 0.00000000 0.00000000
vt 0.00000000 0.00000000
vt 0.00000000 0.00000000
vt 0.00000000 0.00000000
vt 0.00000000 0.00000000
vt 0.00000000 0.00000000
vt 0.00000000 0.00000000
vt 0.00000000 0.00000000
vt 0.00000000 0.00000000
vt 0.00000000 0.00000000
vt 0.00000000 0.00000000
vt 0.00000000 0.00000000
vt 0.00000000 0.00000000
vt 0.00000000 0.00000000
vt 0.00000000 0.00000000
vt 0.00000000 0.00000000
vt 0.00000000 0.00000000
vt 0.00000000 0.00000000
vt 0.00000000 0.00000000
vt 0.00000000 0.00000000
vt 0.00000000 0.00000000
vt 0.00000000 0.00000000
vt 0.00000000 0.00000000
vt 0.00000000 0.00000000
vt 0.00000000 0.00000000
vt 0.00000000 0.00000000
vt 0.00000000 0.00000000
vt 0.00000000 0.00000000
vt 0.00000000 0.00000000
vt 0.00000000 0.00000000
vt 0.00000000 0.00000000
vt 0.00000000 0.00000000
vt 0.00000000 0.00000000
vt 0.00000000 0.00000000
vt 0.00000000 0.00000000
vt 0.00000000 0.00000000
vt 0.00000000 0.00000000
vt 0.00000000 0.00000000
vt 0.00000000 0.00000000
vt 0.00000000 0.00000000
vt 0.00000000 0.00000000
vt 0.00000000 0.00000000
vt 0.00000000 0.00000000
vt 0.00000000 0.00000000
vt 0.00000000 0.00000000
vt 0.00000000 0.00000000
vt 0.00000000 0.00000000
vt 0.00000000 0.00000000
vt 0.00000000 0.00000000
vt 0.00000000 0.00000000
vt 0.00000000 0.00000000
vt 0.00000000 0.00000000
vt 0.00000000 0.00000000
vt 0.00000000 0.00000000
vt 0.00000000 0.00000000
vt 0.00000000 0.00000000
vt 0.00000000 0.00000000
vt 0.00000000 0.00000000
vt 0.00000000 0.00000000
vt 0.00000000 0.00000000
vt 0.00000000 0.00000000
vt 0.00000000 0.00000000
vt 0.00000000 0.00000000
vt 0.00000000 0.00000000
vt 0.00000000 0.00000000
vt 0.00000000 0.00000000
vt 0.00000000 0.00000000
vt 0.00000000 0.00000000
vt 0.00000000 0.00000000
vt 0.00000000 0.00000000
vt 0.00000000 0.00000000
vt 0.00000000 0.00000000
vt 0.00000000 0.00000000
vt 0.00000000 0.00000000
vt 0.00000000 0.00000000
vt 0.00000000 0.00000000
vt 0.00000000 0.00000000
vt 0.00000000 0.00000000
vt 0.00000000 0.00000000
vt 0.00000000 0.00000000
vt 0.00000000 0.00000000
vt 0.00000000 0.00000000
vt 0.00000000 0.00000000
vt 0.00000000 0.00000000
vt 0.00000000 0.00000000
vt 0.00000000 0.00000000
vt 0.00000000 0.00000000
vt 0.00000000 0.00000000
vt 0.00000000 0.00000000
vt 0.00000000 0.00000000
vt 0.00000000 0.00000000
vt 0.00000000 0.00000000
vt 0.00000000 0.00000000
vt 0.00000000 0.00000000
vt 0.00000000 0.00000000
vt 0.00000000 0.00000000
vt 0.00000000 0.00000000
vt 0.00000000 0.00000000
vt 0.00000000 0.00000000
vt 0.00000000 0.00000000
vt 0.00000000 0.00000000
vt 0.00000000 0.00000000
vt 0.00000000 0.00000000
vt 0.00000000 0.00000000
vt 0.00000000 0.00000000
vt 0.00000000 0.00000000
vt 0.00000000 0.00000000
vt 0.00000000 0.00000000
vt 0.00000000 0.00000000
vt 0.00000000 0.00000000
vt 0.00000000 0.00000000
vt 0.00000000 0.00000000
vt 0.00000000 0.00000000
vt 0.00000000 0.00000000
vt 0.00000000 0.00000000
vt 0.00000000 0.00000000
vt 0.00000000 0.00000000
vt 0.00000000 0.00000000
vt 0.00000000 0.00000000
vt 0.00000000 0.00000000
vt 0.00000000 0.00000000
vt 0.00000000 0.00000000
vt 0.00000000 0.00000000
vt 0.00000000 0.00000000
vt 0.00000000 0.00000000
vt 0.00000000 0.00000000
vt 0.00000000 0.00000000
vt 0.00000000 0.00000000
vt 0.00000000 0.00000000
vt 0.00000000 0.00000000
vt 0.00000000 0.00000000
vt 0.00000000 0.00000000
vt 0.00000000 0.00000000
vt 0.00000000 0.00000000
vt 0.00000000 0.00000000
vt 0.00000000 0.00000000
vt 0.00000000 0.00000000
vt 0.00000000 0.00000000
vt 0.00000000 0.00000000
vt 0.00000000 0.00000000
vt 0.00000000 0.00000000
vt 0.00000000 0.00000000
vt 0.00000000 0.00000000
vt 0.00000000 0.00000000
vt 0.00000000 0.00000000
vt 0.00000000 0.00000000
vt 0.00000000 0.00000000
vt 0.00000000 0.00000000
vt 0.00000000 0.00000000
vt 0.00000000 0.00000000
vt 0.00000000 0.00000000
vt 0.00000000 0.00000000
vt 0.00000000 0.00000000
vt 0.00000000 0.00000000
vt 0.00000000 0.00000000
vt 0.00000000 0.00000000
vt 0.00000000 0.00000000
vt 0.00000000 0.00000000
vt 0.00000000 0.00000000
vt 0.00000000 0.00000000
vt 0.00000000 0.00000000
vt 0.00000000 0.00000000
vt 0.00000000 0.00000000
vt 0.00000000 0.00000000
vt 0.00000000 0.00000000
vt 0.00000000 0.00000000
vt 0.00000000 0.00000000
vt 0.00000000 0.00000000
vt 0.00000000 0.00000000
vt 0.00000000 0.00000000
vt 0.00000000 0.00000000
vt 0.00000000 0.00000000
vt 0.00000000 0.00000000
vt 0.00000000 0.00000000
vt 0.00000000 0.00000000
vt 0.00000000 0.00000000
vt 0.00000000 0.00000000
vt 0.00000000 0.00000000
vt 0.00000000 0.00000000
vt 0.00000000 0.00000000
vt 0.00000000 0.00000000
vt 0.00000000 0.00000000
vt 0.00000000 0.00000000
vt 0.00000000 0.00000000
vt 0.00000000 0.00000000
vt 0.00000000 0.00000000
vt 0.00000000 0.00000000
vt 0.00000000 0.00000000
vt 0.00000000 0.00000000
vt 0.00000000 0.00000000
vt 0.00000000 0.00000000
vt 0.00000000 0.00000000
vt 0.00000000 0.00000000
vt 0.00000000 0.00000000
vt 0.00000000 0.00000000
vt 0.00000000 0.00000000
vt 0.00000000 0.00000000
vt 0.00000000 0.00000000
vt 0.00000000 0.00000000
vt 0.00000000 0.00000000
vt 0.00000000 0.00000000
vt 0.00000000 0.00000000
vt 0.00000000 0.00000000
vt 0.00000000 0.00000000
vt 0.00000000 0.00000000
vt 0.00000000 0.00000000
vt 0.00000000 0.00000000
vt 0.00000000 0.00000000
vt 0.00000000 0.00000000
vt 0.00000000 0.00000000
vt 0.00000000 0.00000000
vt 0.00000000 0.00000000
vt 0.00000000 0.00000000
vt 0.00000000 0.00000000
vt 0.00000000 0.00000000
vt 0.00000000 0.00000000
vt 0.00000000 0.00000000
vt 0.00000000 0.00000000
vt 0.00000000 0.00000000
vt 0.00000000 0.00000000
vt 0.00000000 0.00000000
vt 0.00000000 0.00000000
vt 0.00000000 0.00000000
vt 0.00000000 0.00000000
vt 0.00000000 0.00000000
vt 0.00000000 0.00000000
vt 0.00000000 0.00000000
vt 0.00000000 0.00000000
vt 0.00000000 0.00000000
vt 0.00000000 0.00000000
vt 0.00000000 0.00000000
vt 0.00000000 0.00000000
vt 0.00000000 0.00000000
vt 0.00000000 0.00000000
vt 0.00000000 0.00000000
vt 0.00000000 0.00000000
vt 0.00000000 0.00000000
vt 0.00000000 0.00000000
vt 0.00000000 0.00000000
vt 0.00000000 0.00000000
vt 0.00000000 0.00000000
vt 0.00000000 0.00000000
vt 0.00000000 0.00000000
vt 0.00000000 0.00000000
vt 0.00000000 0.00000000
vt 0.00000000 0.00000000
vt 0.00000000 0.00000000
vt 0.00000000 0.00000000
vt 0.00000000 0.00000000
vt 0.00000000 0.00000000
vt 0.00000000 0.00000000
vt 0.00000000 0.00000000
vt 0.00000000 0.00000000
vt 0.00000000 0.00000000
vt 0.00000000 0.00000000
vt 0.00000000 0.00000000
vt 0.00000000 0.00000000
vt 0.00000000 0.00000000
vt 0.00000000 0.00000000
vt 0.00000000 0.00000000
vt 0.00000000 0.00000000
vt 0.00000000 0.00000000
vt 0.00000000 0.00000000
vt 0.00000000 0.00000000
vt 0.00000000 0.00000000
vt 0.00000000 0.00000000
vt 0.00000000 0.00000000
vt 0.00000000 0.00000000
vt 0.00000000 0.00000000
vt 0.00000000 0.00000000
vt 0.00000000 0.00000000
vt 0.00000000 0.00000000
vt 0.00000000 0.00000000
vt 0.00000000 0.00000000
vt 0.00000000 0.00000000
vt 0.00000000 0.00000000
vt 0.00000000 0.00000000
vt 0.00000000 0.00000000
vt 0.00000000 0.00000000
vt 0.00000000 0.00000000
vt 0.00000000 0.00000000
vt 0.00000000 0.00000000
vt 0.00000000 0.00000000
vt 0.00000000 0.00000000
vt 0.00000000 0.00000000
vt 0.00000000 0.00000000
vt 0.00000000 0.00000000
vt 0.00000000 0.00000000
vt 0.00000000 0.00000000
vt 0.00000000 0.00000000
vt 0.00000000 0.00000000
vt 0.00000000 0.00000000
vt 0.00000000 0.00000000
vt 0.00000000 0.00000000
vt 0.00000000 0.00000000
vt 0.00000000 0.00000000
vt 0.00000000 0.00000000
vt 0.00000000 0.00000000
vt 0.00000000 0.00000000
vt 0.00000000 0.00000000
vt 0.00000000 0.00000000
vt 0.00000000 0.00000000
vt 0.00000000 0.00000000
vt 0.00000000 0.00000000
vt 0.00000000 0.00000000
vt 0.00000000 0.00000000
vt 0.00000000 0.00000000
vt 0.00000000 0.00000000
vt 0.00000000 0.00000000
vt 0.00000000 0.00000000
vt 0.00000000 0.00000000
vt 0.00000000 0.00000000
vt 0.00000000 0.00000000
vt 0.00000000 0.00000000
vt 0.00000000 0.00000000
vt 0.00000000 0.00000000
vt 0.00000000 0.00000000
vt 0.00000000 0.00000000
vt 0.00000000 0.00000000
vt 0.00000000 0.00000000
vt 0.00000000 0.00000000
vt 0.00000000 0.00000000
vt 0.00000000 0.00000000
vt 0.00000000 0.00000000
vt 0.00000000 0.00000000
vt 0.00000000 0.00000000
vt 0.00000000 0.00000000
vt 0.00000000 0.00000000
vt 0.00000000 0.00000000
vt 0.00000000 0.00000000
vt 0.00000000 0.00000000
vt 0.00000000 0.00000000
vt 0.00000000 0.00000000
vt 0.00000000 0.00000000
vt 0.00000000 0.00000000
vt 0.00000000 0.00000000
vt 0.00000000 0.00000000
vt 0.00000000 0.00000000
vt 0.00000000 0.00000000
vt 0.00000000 0.00000000
vt 0.00000000 0.00000000
vt 0.00000000 0.00000000
vt 0.00000000 0.00000000
vt 0.00000000 0.00000000
vt 0.00000000 0.00000000
vt 0.00000000 0.00000000
vt 0.00000000 0.00000000
vt 0.00000000 0.00000000
vt 0.00000000 0.00000000
vt 0.00000000 0.00000000
vt 0.00000000 0.00000000
vt 0.00000000 0.00000000
vt 0.00000000 0.00000000
vt 0.00000000 0.00000000
vt 0.00000000 0.00000000
vt 0.00000000 0.00000000
vt 0.00000000 0.00000000
vt 0.00000000 0.00000000
vt 0.00000000 0.00000000
vt 0.00000000 0.00000000
vt 0.00000000 0.00000000
vt 0.00000000 0.00000000
vt 0.00000000 0.00000000
vt 0.00000000 0.00000000
vt 0.00000000 0.00000000
vt 0.00000000 0.00000000
vt 0.00000000 0.00000000
vt 0.00000000 0.00000000
vt 0.00000000 0.00000000
vt 0.00000000 0.00000000
vt 0.00000000 0.00000000
vt 0.00000000 0.00000000
vt 0.00000000 0.00000000
vt 0.00000000 0.00000000
vt 0.00000000 0.00000000
vt 0.00000000 0.00000000
vt 0.00000000 0.00000000
vt 0.00000000 0.00000000
vt 0.00000000 0.00000000
vt 0.00000000 0.00000000
vt 0.00000000 0.00000000
vt 0.00000000 0.00000000
vt 0.00000000 0.00000000
vt 0.00000000 0.00000000
vt 0.00000000 0.00000000
vt 0.00000000 0.00000000
vt 0.00000000 0.00000000
vt 0.00000000 0.00000000
vt 0.00000000 0.00000000
vt 0.00000000 0.00000000
vt 0.00000000 0.00000000
vt 0.00000000 0.00000000
vt 0.00000000 0.00000000
vt 0.00000000 0.00000000
vt 0.00000000 0.00000000
vt 0.00000000 0.00000000
vt 0.00000000 0.00000000
vt 0.00000000 0.00000000
vt 0.00000000 0.00000000
vt 0.00000000 0.00000000
vt 0.00000000 0.00000000
vt 0.00000000 0.00000000
vt 0.00000000 0.00000000
vt 0.00000000 0.00000000
vt 0.00000000 0.00000000
vt 0.00000000 0.00000000
vt 0.00000000 0.00000000
vt 0.00000000 0.00000000
vt 0.00000000 0.00000000
vt 0.00000000 0.00000000
vt 0.00000000 0.00000000
vt 0.00000000 0.00000000
vt 0.00000000 0.00000000
vt 0.00000000 0.00000000
vt 0.00000000 0.00000000
vt 0.00000000 0.00000000
vt 0.00000000 0.00000000
vt 0.00000000 0.00000000
vt 0.00000000 0.00000000
vt 0.00000000 0.00000000
vt 0.00000000 0.00000000
vt 0.00000000 0.00000000
vt 0.00000000 0.00000000
vt 0.00000000 0.00000000
vt 0.00000000 0.00000000
vt 0.00000000 0.00000000
vt 0.00000000 0.00000000
vt 0.00000000 0.00000000
vt 0.00000000 0.00000000
vt 0.00000000 0.00000000
vt 0.00000000 0.00000000
vt 0.00000000 0.00000000
vt 0.00000000 0.00000000
vt 0.00000000 0.00000000
vt 0.00000000 0.00000000
vt 0.00000000 0.00000000
vt 0.00000000 0.00000000
vt 0.00000000 0.00000000
vt 0.00000000 0.00000000
vt 0.00000000 0.00000000
vt 0.00000000 0.00000000
vt 0.00000000 0.00000000
vt 0.00000000 0.00000000
vt 0.00000000 0.00000000
vt 0.00000000 0.00000000
vt 0.00000000 0.00000000
vt 0.00000000 0.00000000
vt 0.00000000 0.00000000
vt 0.00000000 0.00000000
vt 0.00000000 0.00000000
vt 0.00000000 0.00000000
vt 0.00000000 0.00000000
vt 0.00000000 0.00000000
vt 0.00000000 0.00000000
vt 0.00000000 0.00000000
vt 0.00000000 0.00000000
vt 0.00000000 0.00000000
vt 0.00000000 0.00000000
vt 0.00000000 0.00000000
vt 0.00000000 0.00000000
vt 0.00000000 0.00000000
vt 0.00000000 0.00000000
vt 0.00000000 0.00000000
vt 0.00000000 0.00000000
vt 0.00000000 0.00000000
vt 0.00000000 0.00000000
vt 0.00000000 0.00000000
vt 0.00000000 0.00000000
vt 0.00000000 0.00000000
vt 0.00000000 0.00000000
vt 0.00000000 0.00000000
vt 0.00000000 0.00000000
vt 0.00000000 0.00000000
vt 0.00000000 0.00000000
vt 0.00000000 0.00000000
vt 0.00000000 0.00000000
vt 0.00000000 0.00000000
vt 0.00000000 0.00000000
vt 0.00000000 0.00000000
vt 0.00000000 0.00000000
vt 0.00000000 0.00000000
vt 0.00000000 0.00000000
vt 0.00000000 0.00000000
vt 0.00000000 0.00000000
vt 0.00000000 0.00000000
vt 0.00000000 0.00000000
vt 0.00000000 0.00000000
vt 0.00000000 0.00000000
vt 0.00000000 0.00000000
vt 0.00000000 0.00000000
vt 0.00000000 0.00000000
vt 0.00000000 0.00000000
vt 0.00000000 0.00000000
vt 0.00000000 0.00000000
vt 0.00000000 0.00000000
vt 0.00000000 0.00000000
vt 0.00000000 0.00000000
vt 0.00000000 0.00000000
vt 0.00000000 0.00000000
vt 0.00000000 0.00000000
vt 0.00000000 0.00000000
vt 0.00000000 0.00000000
vt 0.00000000 0.00000000
vt 0.00000000 0.00000000
vt 0.00000000 0.00000000
vt 0.00000000 0.00000000
vt 0.00000000 0.00000000
vt 0.00000000 0.00000000
vt 0.00000000 0.00000000
vt 0.00000000 0.00000000
vt 0.00000000 0.00000000
vt 0.00000000 0.00000000
vt 0.00000000 0.00000000
vt 0.00000000 0.00000000
vt 0.00000000 0.00000000
vt 0.00000000 0.00000000
vt 0.00000000 0.00000000
vt 0.00000000 0.00000000
vt 0.00000000 0.00000000
vt 0.00000000 0.00000000
vt 0.00000000 0.00000000
vt 0.00000000 0.00000000
vt 0.00000000 0.00000000
vt 0.00000000 0.00000000
vt 0.00000000 0.00000000
vt 0.00000000 0.00000000
vt 0.00000000 0.00000000
vt 0.00000000 0.00000000
vt 0.00000000 0.00000000
vt 0.00000000 0.00000000
vt 0.00000000 0.00000000
vt 0.00000000 0.00000000
vt 0.00000000 0.00000000
vt 0.00000000 0.00000000
vt 0.00000000 0.00000000
vt 0.00000000 0.00000000
vt 0.00000000 0.00000000
vt 0.00000000 0.00000000
vt 0.00000000 0.00000000
vt 0.00000000 0.00000000
vt 0.00000000 0.00000000
vt 0.00000000 0.00000000
vt 0.00000000 0.00000000
vt 0.00000000 0.00000000
vt 0.00000000 0.00000000
vt 0.00000000 0.00000000
vt 0.00000000 0.00000000
vt 0.00000000 0.00000000
vt 0.00000000 0.00000000
vt 0.00000000 0.00000000
vt 0.00000000 0.00000000
vt 0.00000000 0.00000000
vt 0.00000000 0.00000000
vt 0.00000000 0.00000000
vt 0.00000000 0.00000000
vt 0.00000000 0.00000000
vt 0.00000000 0.00000000
vt 0.00000000 0.00000000
vt 0.00000000 0.00000000
vt 0.00000000 0.00000000
vt 0.00000000 0.00000000
vt 0.00000000 0.00000000
vt 0.00000000 0.00000000
vt 0.00000000 0.00000000
vt 0.00000000 0.00000000
vt 0.00000000 0.00000000
vt 0.00000000 0.00000000
vt 0.00000000 0.00000000
vt 0.00000000 0.00000000
vt 0.00000000 0.00000000
vt 0.00000000 0.00000000
vt 0.00000000 0.00000000
vt 0.00000000 0.00000000
vt 0.00000000 0.00000000
vt 0.00000000 0.00000000
vt 0.00000000 0.00000000
vt 0.00000000 0.00000000
vt 0.00000000 0.00000000
vt 0.00000000 0.00000000
vt 0.00000000 0.00000000
vt 0.00000000 0.00000000
vt 0.00000000 0.00000000
vt 0.00000000 0.00000000
vt 0.00000000 0.00000000
vt 0.00000000 0.00000000
vt 0.00000000 0.00000000
vt 0.00000000 0.00000000
vt 0.00000000 0.00000000
vt 0.00000000 0.00000000
vt 0.00000000 0.00000000
vt 0.00000000 0.00000000
vt 0.00000000 0.00000000
vt 0.00000000 0.00000000
vt 0.00000000 0.00000000
vt 0.00000000 0.00000000
vt 0.00000000 0.00000000
vt 0.00000000 0.00000000
vt 0.00000000 0.00000000
vt 0.00000000 0.00000000
vt 0.00000000 0.00000000
vt 0.00000000 0.00000000
vt 0.00000000 0.00000000
vt 0.00000000 0.00000000
vt 0.00000000 0.00000000
vt 0.00000000 0.00000000
vt 0.00000000 0.00000000
vt 0.00000000 0.00000000
vt 0.00000000 0.00000000
vt 0.00000000 0.00000000
vt 0.00000000 0.00000000
vt 0.00000000 0.00000000
vt 0.00000000 0.00000000
vt 0.00000000 0.00000000
vt 0.00000000 0.00000000
vt 0.00000000 0.00000000
vt 0.00000000 0.00000000
vt 0.00000000 0.00000000
vt 0.00000000 0.00000000
vt 0.00000000 0.00000000
vt 0.00000000 0.00000000
vt 0.00000000 0.00000000
vt 0.00000000 0.00000000
vt 0.00000000 0.00000000
vt 0.00000000 0.00000000
vt 0.00000000 0.00000000
vt 0.00000000 0.00000000
vt 0.00000000 0.00000000
vt 0.00000000 0.00000000
vt 0.00000000 0.00000000
vt 0.00000000 0.00000000
vt 0.00000000 0.00000000
vt 0.00000000 0.00000000
vt 0.00000000 0.00000000
vt 0.00000000 0.00000000
vt 0.00000000 0.00000000
vt 0.00000000 0.00000000
vt 0.00000000 0.00000000
vt 0.00000000 0.00000000
vt 0.00000000 0.00000000
vt 0.00000000 0.00000000
vt 0.00000000 0.00000000
vt 0.00000000 0.00000000
vt 0.00000000 0.00000000
vt 0.00000000 0.00000000
vt 0.00000000 0.00000000
vt 0.00000000 0.00000000
vt 0.00000000 0.00000000
vt 0.00000000 0.00000000
vt 0.00000000 0.00000000
vt 0.00000000 0.00000000
vt 0.00000000 0.00000000
vt 0.00000000 0.00000000
vt 0.00000000 0.00000000
vt 0.00000000 0.00000000
vt 0.00000000 0.00000000
vt 0.00000000 0.00000000
vt 0.00000000 0.00000000
vt 0.00000000 0.00000000
vt 0.00000000 0.00000000
vt 0.00000000 0.00000000
vt 0.00000000 0.00000000
vt 0.00000000 0.00000000
vt 0.00000000 0.00000000
vt 0.00000000 0.00000000
vt 0.00000000 0.00000000
vt 0.00000000 0.00000000
vt 0.00000000 0.00000000
vt 0.00000000 0.00000000
vt 0.00000000 0.00000000
vt 0.00000000 0.00000000
vt 0.00000000 0.00000000
vt 0.00000000 0.00000000
vt 0.00000000 0.00000000
vt 0.00000000 0.00000000
vt 0.00000000 0.00000000
vt 0.00000000 0.00000000
vt 0.00000000 0.00000000
vt 0.00000000 0.00000000
vt 0.00000000 0.00000000
vt 0.00000000 0.00000000
vt 0.00000000 0.00000000
vt 0.00000000 0.00000000
vt 0.00000000 0.00000000
vt 0.00000000 0.00000000
vt 0.00000000 0.00000000
vt 0.00000000 0.00000000
vt 0.00000000 0.00000000
vt 0.00000000 0.00000000
vt 0.00000000 0.00000000
vt 0.00000000 0.00000000
vt 0.00000000 0.00000000
vt 0.00000000 0.00000000
vt 0.00000000 0.00000000
vt 0.00000000 0.00000000
vt 0.00000000 0.00000000
vt 0.00000000 0.00000000
vt 0.00000000 0.00000000
vt 0.00000000 0.00000000
vt 0.00000000 0.00000000
vt 0.00000000 0.00000000
vt 0.00000000 0.00000000
vt 0.00000000 0.00000000
vt 0.00000000 0.00000000
vt 0.00000000 0.00000000
vt 0.00000000 0.00000000
vt 0.00000000 0.00000000
vt 0.00000000 0.00000000
vt 0.00000000 0.00000000
vt 0.00000000 0.00000000
vt 0.00000000 0.00000000
vt 0.00000000 0.00000000
vt 0.00000000 0.00000000
vt 0.00000000 0.00000000
vt 0.00000000 0.00000000
vt 0.00000000 0.00000000
vt 0.00000000 0.00000000
vt 0.00000000 0.00000000
vt 0.00000000 0.00000000
vt 0.00000000 0.00000000
vt 0.00000000 0.00000000
vt 0.00000000 0.00000000
vt 0.00000000 0.00000000
vt 0.00000000 0.00000000
vt 0.00000000 0.00000000
vt 0.00000000 0.00000000
vt 0.00000000 0.00000000
vt 0.00000000 0.00000000
vt 0.00000000 0.00000000
vt 0.00000000 0.00000000
vt 0.00000000 0.00000000
vt 0.00000000 0.00000000
vt 0.00000000 0.00000000
vt 0.00000000 0.00000000
vt 0.00000000 0.00000000
vt 0.00000000 0.00000000
vt 0.00000000 0.00000000
vt 0.00000000 0.00000000
vt 0.00000000 0.00000000
vt 0.00000000 0.00000000
vt 0.00000000 0.00000000
vt 0.00000000 0.00000000
vt 0.00000000 0.00000000
vt 0.00000000 0.00000000
vt 0.00000000 0.00000000
vt 0.00000000 0.00000000
vt 0.00000000 0.00000000
vt 0.00000000 0.00000000
vt 0.00000000 0.00000000
vt 0.00000000 0.00000000
vt 0.00000000 0.00000000
vt 0.00000000 0.00000000
vt 0.00000000 0.00000000
vt 0.00000000 0.00000000
vt 0.00000000 0.00000000
vt 0.00000000 0.00000000
vt 0.00000000 0.00000000
vt 0.00000000 0.00000000
vt 0.00000000 0.00000000
vt 0.00000000 0.00000000
vt 0.00000000 0.00000000
vt 0.00000000 0.00000000
vt 0.00000000 0.00000000
vt 0.00000000 0.00000000
vt 0.00000000 0.00000000
vt 0.00000000 0.00000000
vt 0.00000000 0.00000000
vt 0.00000000 0.00000000
vt 0.00000000 0.00000000
vt 0.00000000 0.00000000
vt 0.00000000 0.00000000
vt 0.00000000 0.00000000
vt 0.00000000 0.00000000
vt 0.00000000 0.00000000
vt 0.00000000 0.00000000
vt 0.00000000 0.00000000
vt 0.00000000 0.00000000
vt 0.00000000 0.00000000
vt 0.00000000 0.00000000
vt 0.00000000 0.00000000
vt 0.00000000 0.00000000
vt 0.00000000 0.00000000
vt 0.00000000 0.00000000
vt 0.00000000 0.00000000
vt 0.00000000 0.00000000
vt 0.00000000 0.00000000
vt 0.00000000 0.00000000
vt 0.00000000 0.00000000
vt 0.00000000 0.00000000
vt 0.00000000 0.00000000
vt 0.00000000 0.00000000
vt 0.00000000 0.00000000
vt 0.00000000 0.00000000
vt 0.00000000 0.00000000
vt 0.00000000 0.00000000
vt 0.00000000 0.00000000
vt 0.00000000 0.00000000
vt 0.00000000 0.00000000
vt 0.00000000 0.00000000
vt 0.00000000 0.00000000
vt 0.00000000 0.00000000
vt 0.00000000 0.00000000
vt 0.00000000 0.00000000
vt 0.00000000 0.00000000
vt 0.00000000 0.00000000
vt 0.00000000 0.00000000
vt 0.00000000 0.00000000
vt 0.00000000 0.00000000
vt 0.00000000 0.00000000
vt 0.00000000 0.00000000
vt 0.00000000 0.00000000
vt 0.00000000 0.00000000
vt 0.00000000 0.00000000
vt 0.00000000 0.00000000
vt 0.00000000 0.00000000
vt 0.00000000 0.00000000
vt 0.00000000 0.00000000
vt 0.00000000 0.00000000
vt 0.00000000 0.00000000
vt 0.00000000 0.00000000
vt 0.00000000 0.00000000
vt 0.00000000 0.00000000
vt 0.00000000 0.00000000
vt 0.00000000 0.00000000
vt 0.00000000 0.00000000
vt 0.00000000 0.00000000
vt 0.00000000 0.00000000
vt 0.00000000 0.00000000
vt 0.00000000 0.00000000
vt 0.00000000 0.00000000
vt 0.00000000 0.00000000
vt 0.00000000 0.00000000
vt 0.00000000 0.00000000
vt 0.00000000 0.00000000
vt 0.00000000 0.00000000
vt 0.00000000 0.00000000
vt 0.00000000 0.00000000
vt 0.00000000 0.00000000
vt 0.00000000 0.00000000
vt 0.00000000 0.00000000
vt 0.00000000 0.00000000
vt 0.00000000 0.00000000
vt 0.00000000 0.00000000
vt 0.00000000 0.00000000
vt 0.00000000 0.00000000
vt 0.00000000 0.00000000
vt 0.00000000 0.00000000
vt 0.00000000 0.00000000
vt 0.00000000 0.00000000
vt 0.00000000 0.00000000
vt 0.00000000 0.00000000
vt 0.00000000 0.00000000
vt 0.00000000 0.00000000
vt 0.00000000 0.00000000
vt 0.00000000 0.00000000
vt 0.00000000 0.00000000
vt 0.00000000 0.00000000
vt 0.00000000 0.00000000
vt 0.00000000 0.00000000
vt 0.00000000 0.00000000
vt 0.00000000 0.00000000
vt 0.00000000 0.00000000
vt 0.00000000 0.00000000
vt 0.00000000 0.00000000
vt 0.00000000 0.00000000
vt 0.00000000 0.00000000
vt 0.00000000 0.00000000
vt 0.00000000 0.00000000
vt 0.00000000 0.00000000
vt 0.00000000 0.00000000
vt 0.00000000 0.00000000
vt 0.00000000 0.00000000
vt 0.00000000 0.00000000
vt 0.00000000 0.00000000
vt 0.00000000 0.00000000
vt 0.00000000 0.00000000
vt 0.00000000 0.00000000
vt 0.00000000 0.00000000
vt 0.00000000 0.00000000
vt 0.00000000 0.00000000
vt 0.00000000 0.00000000
vt 0.00000000 0.00000000
vt 0.00000000 0.00000000
vt 0.00000000 0.00000000
vt 0.00000000 0.00000000
vt 0.00000000 0.00000000
vt 0.00000000 0.00000000
vt 0.00000000 0.00000000
vt 0.00000000 0.00000000
vt 0.00000000 0.00000000
vt 0.00000000 0.00000000
vt 0.00000000 0.00000000
vt 0.00000000 0.00000000
vt 0.00000000 0.00000000
vt 0.00000000 0.00000000
vt 0.00000000 0.00000000
vt 0.00000000 0.00000000
vt 0.00000000 0.00000000
vt 0.00000000 0.00000000
vt 0.00000000 0.00000000
vt 0.00000000 0.00000000
vt 0.00000000 0.00000000
vt 0.00000000 0.00000000
vt 0.00000000 0.00000000
vt 0.00000000 0.00000000
vt 0.00000000 0.00000000
vt 0.00000000 0.00000000
vt 0.00000000 0.00000000
vt 0.00000000 0.00000000
vt 0.00000000 0.00000000
vt 0.00000000 0.00000000
vt 0.00000000 0.00000000
vt 0.00000000 0.00000000
vt 0.00000000 0.00000000
vt 0.00000000 0.00000000
vt 0.00000000 0.00000000
vt 0.00000000 0.00000000
vt 0.00000000 0.00000000
vt 0.00000000 0.00000000
vt 0.00000000 0.00000000
vt 0.00000000 0.00000000
vt 0.00000000 0.00000000
vt 0.00000000 0.00000000
vt 0.00000000 0.00000000
vt 0.00000000 0.00000000
vt 0.00000000 0.00000000
vt 0.00000000 0.00000000
vt 0.00000000 0.00000000
vt 0.00000000 0.00000000
vt 0.00000000 0.00000000
vt 0.00000000 0.00000000
vt 0.00000000 0.00000000
vt 0.00000000 0.00000000
vt 0.00000000 0.00000000
vt 0.00000000 0.00000000
vt 0.00000000 0.00000000
vt 0.00000000 0.00000000
vt 0.00000000 0.00000000
vt 0.00000000 0.00000000
vt 0.00000000 0.00000000
vt 0.00000000 0.00000000
vt 0.00000000 0.00000000
vt 0.00000000 0.00000000
vt 0.00000000 0.00000000
vt 0.00000000 0.00000000
vt 0.00000000 0.00000000
vt 0.00000000 0.00000000
vt 0.00000000 0.00000000
vt 0.00000000 0.00000000
vt 0.00000000 0.00000000
vt 0.00000000 0.00000000
vt 0.00000000 0.00000000
vt 0.00000000 0.00000000
vt 0.00000000 0.00000000
vt 0.00000000 0.00000000
vt 0.00000000 0.00000000
vt 0.00000000 0.00000000
vt 0.00000000 0.00000000
vt 0.00000000 0.00000000
vt 0.00000000 0.00000000
vt 0.00000000 0.00000000
vt 0.00000000 0.00000000
vt 0.00000000 0.00000000
vt 0.00000000 0.00000000
vt 0.00000000 0.00000000
vt 0.00000000 0.00000000
vt 0.00000000 0.00000000
vt 0.00000000 0.00000000
vt 0.00000000 0.00000000
vt 0.00000000 0.00000000
vt 0.00000000 0.00000000
vt 0.00000000 0.00000000
vt 0.00000000 0.00000000
vt 0.00000000 0.00000000
vt 0.00000000 0.00000000
vt 0.00000000 0.00000000
vt 0.00000000 0.00000000
vt 0.00000000 0.00000000
vt 0.00000000 0.00000000
vt 0.00000000 0.00000000
vt 0.00000000 0.00000000
vt 0.00000000 0.00000000
vt 0.00000000 0.00000000
vt 0.00000000 0.00000000
vt 0.00000000 0.00000000
vt 0.00000000 0.00000000
vt 0.00000000 0.00000000
vt 0.00000000 0.00000000
vt 0.00000000 0.00000000
vt 0.00000000 0.00000000
vt 0.00000000 0.00000000
vt 0.00000000 0.00000000
vt 0.00000000 0.00000000
vt 0.00000000 0.00000000
vt 0.00000000 0.00000000
vt 0.00000000 0.00000000
vt 0.00000000 0.00000000
vt 0.00000000 0.00000000
vt 0.00000000 0.00000000
vt 0.00000000 0.00000000
vt 0.00000000 0.00000000
vt 0.00000000 0.00000000
vt 0.00000000 0.00000000
vt 0.00000000 0.00000000
vt 0.00000000 0.00000000
vt 0.00000000 0.00000000
vt 0.00000000 0.00000000
vt 0.00000000 0.00000000
vt 0.00000000 0.00000000
vt 0.00000000 0.00000000
vt 0.00000000 0.00000000
vt 0.00000000 0.00000000
vt 0.00000000 0.00000000
vt 0.00000000 0.00000000
vt 0.00000000 0.00000000
vt 0.00000000 0.00000000
vt 0.00000000 0.00000000
vt 0.00000000 0.00000000
vt 0.00000000 0.00000000
vt 0.00000000 0.00000000
vt 0.00000000 0.00000000
vt 0.00000000 0.00000000
vt 0.00000000 0.00000000
vt 0.00000000 0.00000000
vt 0.00000000 0.00000000
vt 0.00000000 0.00000000
vt 0.00000000 0.00000000
vt 0.00000000 0.00000000
vt 0.00000000 0.00000000
vt 0.00000000 0.00000000
vt 0.00000000 0.00000000
vt 0.00000000 0.00000000
vt 0.00000000 0.00000000
vt 0.00000000 0.00000000
vt 0.00000000 0.00000000
vt 0.00000000 0.00000000
vt 0.00000000 0.00000000
vt 0.00000000 0.00000000
vt 0.00000000 0.00000000
vt 0.00000000 0.00000000
vt 0.00000000 0.00000000
vt 0.00000000 0.00000000
vt 0.00000000 0.00000000
vt 0.00000000 0.00000000
vt 0.00000000 0.00000000
vt 0.00000000 0.00000000
vt 0.00000000 0.00000000
vt 0.00000000 0.00000000
vt 0.00000000 0.00000000
vt 0.00000000 0.00000000
vt 0.00000000 0.00000000
vt 0.00000000 0.00000000
vt 0.00000000 0.00000000
vt 0.00000000 0.00000000
vt 0.00000000 0.00000000
vt 0.00000000 0.00000000
vt 0.00000000 0.00000000
vt 0.00000000 0.00000000
vt 0.00000000 0.00000000
vt 0.00000000 0.00000000
vt 0.00000000 0.00000000
vt 0.00000000 0.00000000
vt 0.00000000 0.00000000
vt 0.00000000 0.00000000
vt 0.00000000 0.00000000
vt 0.00000000 0.00000000
vt 0.00000000 0.00000000
vt 0.00000000 0.00000000
vt 0.00000000 0.00000000
vt 0.00000000 0.00000000
vt 0.00000000 0.00000000
vt 0.00000000 0.00000000
vt 0.00000000 0.00000000
vt 0.00000000 0.00000000
vt 0.00000000 0.00000000
vt 0.00000000 0.00000000
vt 0.00000000 0.00000000
vt 0.00000000 0.00000000
vt 0.00000000 0.00000000
vt 0.00000000 0.00000000
vt 0.00000000 0.00000000
vt 0.00000000 0.00000000
vt 0.00000000 0.00000000
vt 0.00000000 0.00000000
vt 0.00000000 0.00000000
vt 0.00000000 0.00000000
vt 0.00000000 0.00000000
vt 0.00000000 0.00000000
vt 0.00000000 0.00000000
vt 0.00000000 0.00000000
vt 0.00000000 0.00000000
vt 0.00000000 0.00000000
vt 0.00000000 0.00000000
vt 0.00000000 0.00000000
vt 0.00000000 0.00000000
vt 0.00000000 0.00000000
vt 0.00000000 0.00000000
vt 0.00000000 0.00000000
vt 0.00000000 0.00000000
vt 0.00000000 0.00000000
vt 0.00000000 0.00000000
vt 0.00000000 0.00000000
vt 0.00000000 0.00000000
vt 0.00000000 0.00000000
vt 0.00000000 0.00000000
vt 0.00000000 0.00000000
vt 0.00000000 0.00000000
vt 0.00000000 0.00000000
vt 0.00000000 0.00000000
vt 0.00000000 0.00000000
vt 0.00000000 0.00000000
vt 0.00000000 0.00000000
vt 0.00000000 0.00000000
vt 0.00000000 0.00000000
vt 0.00000000 0.00000000
vt 0.00000000 0.00000000
vt 0.00000000 0.00000000
vt 0.00000000 0.00000000
vt 0.00000000 0.00000000
vt 0.00000000 0.00000000
vt 0.00000000 0.00000000
vt 0.00000000 0.00000000
vt 0.00000000 0.00000000
vt 0.00000000 0.00000000
vt 0.00000000 0.00000000
vt 0.00000000 0.00000000
vt 0.00000000 0.00000000
vt 0.00000000 0.00000000
vt 0.00000000 0.00000000
vt 0.00000000 0.00000000
vt 0.00000000 0.00000000
vt 0.00000000 0.00000000
vt 0.00000000 0.00000000
vt 0.00000000 0.00000000
vt 0.00000000 0.00000000
vt 0.00000000 0.00000000
vt 0.00000000 0.00000000
vt 0.00000000 0.00000000
vt 0.00000000 0.00000000
vt 0.00000000 0.00000000
vt 0.00000000 0.00000000
vt 0.00000000 0.00000000
vt 0.00000000 0.00000000
vt 0.00000000 0.00000000
vt 0.00000000 0.00000000
vt 0.00000000 0.00000000
vt 0.00000000 0.00000000
vt 0.00000000 0.00000000
vt 0.00000000 0.00000000
vt 0.00000000 0.00000000
vt 0.00000000 0.00000000
vt 0.00000000 0.00000000
vt 0.00000000 0.00000000
vt 0.00000000 0.00000000
vt 0.00000000 0.00000000
vt 0.00000000 0.00000000
vt 0.00000000 0.00000000
vt 0.00000000 0.00000000
vt 0.00000000 0.00000000
vt 0.00000000 0.00000000
vt 0.00000000 0.00000000
vt 0.00000000 0.00000000
vt 0.00000000 0.00000000
vt 0.00000000 0.00000000
vt 0.00000000 0.00000000
vt 0.00000000 0.00000000
vt 0.00000000 0.00000000
vt 0.00000000 0.00000000
vt 0.00000000 0.00000000
vt 0.00000000 0.00000000
vt 0.00000000 0.00000000
vt 0.00000000 0.00000000
vt 0.00000000 0.00000000
vt 0.00000000 0.00000000
vt 0.00000000 0.00000000
vt 0.00000000 0.00000000
vt 0.00000000 0.00000000
vt 0.00000000 0.00000000
vt 0.00000000 0.00000000
vt 0.00000000 0.00000000
vt 0.00000000 0.00000000
vt 0.00000000 0.00000000
vt 0.00000000 0.00000000
vt 0.00000000 0.00000000
vt 0.00000000 0.00000000
vt 0.00000000 0.00000000
vt 0.00000000 0.00000000
vt 0.00000000 0.00000000
vt 0.00000000 0.00000000
vt 0.00000000 0.00000000
vt 0.00000000 0.00000000
vt 0.00000000 0.00000000
vt 0.00000000 0.00000000
vt 0.00000000 0.00000000
vt 0.00000000 0.00000000
vt 0.00000000 0.00000000
vt 0.00000000 0.00000000
vt 0.00000000 0.00000000
vt 0.00000000 0.00000000
vt 0.00000000 0.00000000
vt 0.00000000 0.00000000
vt 0.00000000 0.00000000
vt 0.00000000 0.00000000
vt 0.00000000 0.00000000
vt 0.00000000 0.00000000
vt 0.00000000 0.00000000
vt 0.00000000 0.00000000
vt 0.00000000 0.00000000
vt 0.00000000 0.00000000
vt 0.00000000 0.00000000
vt 0.00000000 0.00000000
vt 0.00000000 0.00000000
vt 0.00000000 0.00000000
vt 0.00000000 0.00000000
vt 0.00000000 0.00000000
vt 0.00000000 0.00000000
vt 0.00000000 0.00000000
vt 0.00000000 0.00000000
vt 0.00000000 0.00000000
vt 0.00000000 0.00000000
vt 0.00000000 0.00000000
vt 0.00000000 0.00000000
vt 0.00000000 0.00000000
vt 0.00000000 0.00000000
vt 0.00000000 0.00000000
vt 0.00000000 0.00000000
vt 0.00000000 0.00000000
vt 0.00000000 0.00000000
vt 0.00000000 0.00000000
vt 0.00000000 0.00000000
vt 0.00000000 0.00000000
vt 0.00000000 0.00000000
vt 0.00000000 0.00000000
vt 0.00000000 0.00000000
vt 0.00000000 0.00000000
vt 0.00000000 0.00000000
vt 0.00000000 0.00000000
vt 0.00000000 0.00000000
vt 0.00000000 0.00000000
vt 0.00000000 0.00000000
vt 0.00000000 0.00000000
vt 0.00000000 0.00000000
vt 0.00000000 0.00000000
vt 0.00000000 0.00000000
vt 0.00000000 0.00000000
vt 0.00000000 0.00000000
vt 0.00000000 0.00000000
vt 0.00000000 0.00000000
vt 0.00000000 0.00000000
vt 0.00000000 0.00000000
vt 0.00000000 0.00000000
vt 0.00000000 0.00000000
vt 0.00000000 0.00000000
vt 0.00000000 0.00000000
vt 0.00000000 0.00000000
vt 0.00000000 0.00000000
vt 0.00000000 0.00000000
vt 0.00000000 0.00000000
vt 0.00000000 0.00000000
vt 0.00000000 0.00000000
vt 0.00000000 0.00000000
vt 0.00000000 0.00000000
vt 0.00000000 0.00000000
vt 0.00000000 0.00000000
vt 0.00000000 0.00000000
vt 0.00000000 0.00000000
vt 0.00000000 0.00000000
vt 0.00000000 0.00000000
vt 0.00000000 0.00000000
vt 0.00000000 0.00000000
vt 0.00000000 0.00000000
vt 0.00000000 0.00000000
vt 0.00000000 0.00000000
vt 0.00000000 0.00000000
vt 0.00000000 0.00000000
vt 0.00000000 0.00000000
vt 0.00000000 0.00000000
vt 0.00000000 0.00000000
vt 0.00000000 0.00000000
vt 0.00000000 0.00000000
vt 0.00000000 0.00000000
vt 0.00000000 0.00000000
vt 0.00000000 0.00000000
vt 0.00000000 0.00000000
vt 0.00000000 0.00000000
vt 0.00000000 0.00000000
vt 0.00000000 0.00000000
vt 0.00000000 0.00000000
vt 0.00000000 0.00000000
vt 0.00000000 0.00000000
vt 0.00000000 0.00000000
vt 0.00000000 0.00000000
vt 0.00000000 0.00000000
vt 0.00000000 0.00000000
vt 0.00000000 0.00000000
vt 0.00000000 0.00000000
vt 0.00000000 0.00000000
vt 0.00000000 0.00000000
vt 0.00000000 0.00000000
vt 0.00000000 0.00000000
vt 0.00000000 0.00000000
vt 0.00000000 0.00000000
vt 0.00000000 0.00000000
vt 0.00000000 0.00000000
vt 0.00000000 0.00000000
vt 0.00000000 0.00000000
vt 0.00000000 0.00000000
vt 0.00000000 0.00000000
vt 0.00000000 0.00000000
vt 0.00000000 0.00000000
vt 0.00000000 0.00000000
vt 0.00000000 0.00000000
vt 0.00000000 0.00000000
vt 0.00000000 0.00000000
vt 0.00000000 0.00000000
vt 0.00000000 0.00000000
vt 0.00000000 0.00000000
vt 0.00000000 0.00000000
vt 0.00000000 0.00000000
vt 0.00000000 0.00000000
vt 0.00000000 0.00000000
vt 0.00000000 0.00000000
vt 0.00000000 0.00000000
vt 0.00000000 0.00000000
vt 0.00000000 0.00000000
vt 0.00000000 0.00000000
vt 0.00000000 0.00000000
vt 0.00000000 0.00000000
vt 0.00000000 0.00000000
vt 0.00000000 0.00000000
vt 0.00000000 0.00000000
vt 0.00000000 0.00000000
vt 0.00000000 0.00000000
vt 0.00000000 0.00000000
vt 0.00000000 0.00000000
vt 0.00000000 0.00000000
vt 0.00000000 0.00000000
vt 0.00000000 0.00000000
vt 0.00000000 0.00000000
vt 0.00000000 0.00000000
vt 0.00000000 0.00000000
vt 0.00000000 0.00000000
vt 0.00000000 0.00000000
vt 0.00000000 0.00000000
vt 0.00000000 0.00000000
vt 0.00000000 0.00000000
vt 0.00000000 0.00000000
vt 0.00000000 0.00000000
vt 0.00000000 0.00000000
vt 0.00000000 0.00000000
vt 0.00000000 0.00000000
vt 0.00000000 0.00000000
vt 0.00000000 0.00000000
vt 0.00000000 0.00000000
vt 0.00000000 0.00000000
vt 0.00000000 0.00000000
vt 0.00000000 0.00000000
vt 0.00000000 0.00000000
vt 0.00000000 0.00000000
vt 0.00000000 0.00000000
vt 0.00000000 0.00000000
vt 0.00000000 0.00000000
vt 0.00000000 0.00000000
vt 0.00000000 0.00000000
vt 0.00000000 0.00000000
vt 0.00000000 0.00000000
vt 0.00000000 0.00000000
vt 0.00000000 0.00000000
vt 0.00000000 0.00000000
vt 0.00000000 0.00000000
vt 0.00000000 0.00000000
vt 0.00000000 0.00000000
vt 0.00000000 0.00000000
vt 0.00000000 0.00000000
vt 0.00000000 0.00000000
vt 0.00000000 0.00000000
vt 0.00000000 0.00000000
vt 0.00000000 0.00000000
vt 0.00000000 0.00000000
vt 0.00000000 0.00000000
vt 0.00000000 0.00000000
vt 0.00000000 0.00000000
vt 0.00000000 0.00000000
vt 0.00000000 0.00000000
vt 0.00000000 0.00000000
vt 0.00000000 0.00000000
vt 0.00000000 0.00000000
vt 0.00000000 0.00000000
vt 0.00000000 0.00000000
vt 0.00000000 0.00000000
vt 0.00000000 0.00000000
vt 0.00000000 0.00000000
vt 0.00000000 0.00000000
vt 0.00000000 0.00000000
vt 0.00000000 0.00000000
vt 0.00000000 0.00000000
vt 0.00000000 0.00000000
vt 0.00000000 0.00000000
vt 0.00000000 0.00000000
vt 0.00000000 0.00000000
vt 0.00000000 0.00000000
vt 0.00000000 0.00000000
vt 0.00000000 0.00000000
vt 0.00000000 0.00000000
vt 0.00000000 0.00000000
vt 0.00000000 0.00000000
vt 0.00000000 0.00000000
vt 0.00000000 0.00000000
vt 0.00000000 0.00000000
vt 0.00000000 0.00000000
vt 0.00000000 0.00000000
vt 0.00000000 0.00000000
vt 0.00000000 0.00000000
vt 0.00000000 0.00000000
vt 0.00000000 0.00000000
vt 0.00000000 0.00000000
vt 0.00000000 0.00000000
vt 0.00000000 0.00000000
vt 0.00000000 0.00000000
vt 0.00000000 0.00000000
vt 0.00000000 0.00000000
vt 0.00000000 0.00000000
vt 0.00000000 0.00000000
vt 0.00000000 0.00000000
vt 0.00000000 0.00000000
vt 0.00000000 0.00000000
vt 0.00000000 0.00000000
vt 0.00000000 0.00000000
vt 0.00000000 0.00000000
vt 0.00000000 0.00000000
vt 0.00000000 0.00000000
vt 0.00000000 0.00000000
vt 0.00000000 0.00000000
vt 0.00000000 0.00000000
vt 0.00000000 0.00000000
vt 0.00000000 0.00000000
vt 0.00000000 0.00000000
vt 0.00000000 0.00000000
vt 0.00000000 0.00000000
vt 0.00000000 0.00000000
vt 0.00000000 0.00000000
vt 0.00000000 0.00000000
vt 0.00000000 0.00000000
vt 0.00000000 0.00000000
vt 0.00000000 0.00000000
vt 0.00000000 0.00000000
vt 0.00000000 0.00000000
vt 0.00000000 0.00000000
vt 0.00000000 0.00000000
vt 0.00000000 0.00000000
vt 0.00000000 0.00000000
vt 0.00000000 0.00000000
vt 0.00000000 0.00000000
vt 0.00000000 0.00000000
vt 0.00000000 0.00000000
vt 0.00000000 0.00000000
vt 0.00000000 0.00000000
vt 0.00000000 0.00000000
vt 0.00000000 0.00000000
vt 0.00000000 0.00000000
vt 0.00000000 0.00000000
vt 0.00000000 0.00000000
vt 0.00000000 0.00000000
vt 0.00000000 0.00000000
vt 0.00000000 0.00000000
vt 0.00000000 0.00000000
vt 0.00000000 0.00000000
vt 0.00000000 0.00000000
vt 0.00000000 0.00000000
vt 0.00000000 0.00000000
vt 0.00000000 0.00000000
vt 0.00000000 0.00000000
vt 0.00000000 0.00000000
vt 0.00000000 0.00000000
vt 0.00000000 0.00000000
vt 0.00000000 0.00000000
vt 0.00000000 0.00000000
vt 0.00000000 0.00000000
vt 0.00000000 0.00000000
vt 0.00000000 0.00000000
vt 0.00000000 0.00000000
vt 0.00000000 0.00000000
vt 0.00000000 0.00000000
vt 0.00000000 0.00000000
vt 0.00000000 0.00000000
vt 0.00000000 0.00000000
vt 0.00000000 0.00000000
vt 0.00000000 0.00000000
vt 0.00000000 0.00000000
vt 0.00000000 0.00000000
vt 0.00000000 0.00000000
vt 0.00000000 0.00000000
vt 0.00000000 0.00000000
vt 0.00000000 0.00000000
vt 0.00000000 0.00000000
vt 0.00000000 0.00000000
vt 0.00000000 0.00000000
vt 0.00000000 0.00000000
vt 0.00000000 0.00000000
vt 0.00000000 0.00000000
vt 0.00000000 0.00000000
vt 0.00000000 0.00000000
vt 0.00000000 0.00000000
vt 0.00000000 0.00000000
vt 0.00000000 0.00000000
vt 0.00000000 0.00000000
vt 0.00000000 0.00000000
vt 0.00000000 0.00000000
vt 0.00000000 0.00000000
vt 0.00000000 0.00000000
vt 0.00000000 0.00000000
vt 0.00000000 0.00000000
vt 0.00000000 0.00000000
vt 0.00000000 0.00000000
vt 0.00000000 0.00000000
vt 0.00000000 0.00000000
vt 0.00000000 0.00000000
vt 0.00000000 0.00000000
vt 0.00000000 0.00000000
vt 0.00000000 0.00000000
vt 0.00000000 0.00000000
vt 0.00000000 0.00000000
vt 0.00000000 0.00000000
vt 0.00000000 0.00000000
vt 0.00000000 0.00000000
vt 0.00000000 0.00000000
vt 0.00000000 0.00000000
vt 0.00000000 0.00000000
vt 0.00000000 0.00000000
vt 0.00000000 0.00000000
vt 0.00000000 0.00000000
vt 0.00000000 0.00000000
vt 0.00000000 0.00000000
vt 0.00000000 0.00000000
vt 0.00000000 0.00000000
vt 0.00000000 0.00000000
vt 0.00000000 0.00000000
vt 0.00000000 0.00000000
vt 0.00000000 0.00000000
vt 0.00000000 0.00000000
vt 0.00000000 0.00000000
vt 0.00000000 0.00000000
vt 0.00000000 0.00000000
vt 0.00000000 0.00000000
vt 0.00000000 0.00000000
vt 0.00000000 0.00000000
vt 0.00000000 0.00000000
vt 0.00000000 0.00000000
vt 0.00000000 0.00000000
vt 0.00000000 0.00000000
vt 0.00000000 0.00000000
vt 0.00000000 0.00000000
vt 0.00000000 0.00000000
vt 0.00000000 0.00000000
vt 0.00000000 0.00000000
vt 0.00000000 0.00000000
vt 0.00000000 0.00000000
vt 0.00000000 0.00000000
vt 0.00000000 0.00000000
vt 0.00000000 0.00000000
vt 0.00000000 0.00000000
vt 0.00000000 0.00000000
vt 0.00000000 0.00000000
vt 0.00000000 0.00000000
vt 0.00000000 0.00000000
vt 0.00000000 0.00000000
vt 0.00000000 0.00000000
vt 0.00000000 0.00000000
vt 0.00000000 0.00000000
vt 0.00000000 0.00000000
vt 0.00000000 0.00000000
vt 0.00000000 0.00000000
vt 0.00000000 0.00000000
vt 0.00000000 0.00000000
vt 0.00000000 0.00000000
vt 0.00000000 0.00000000
vt 0.00000000 0.00000000
vt 0.00000000 0.00000000
vt 0.00000000 0.00000000
vt 0.00000000 0.00000000
vt 0.00000000 0.00000000
vt 0.00000000 0.00000000
vt 0.00000000 0.00000000
vt 0.00000000 0.00000000
vt 0.00000000 0.00000000
vt 0.00000000 0.00000000
vt 0.00000000 0.00000000
vt 0.00000000 0.00000000
vt 0.00000000 0.00000000
vt 0.00000000 0.00000000
vt 0.00000000 0.00000000
vt 0.00000000 0.00000000
vt 0.00000000 0.00000000
vt 0.00000000 0.00000000
vt 0.00000000 0.00000000
vt 0.00000000 0.00000000
vt 0.00000000 0.00000000
vt 0.00000000 0.00000000
vt 0.00000000 0.00000000
vt 0.00000000 0.00000000
vt 0.00000000 0.00000000
vt 0.00000000 0.00000000
vt 0.00000000 0.00000000
vt 0.00000000 0.00000000
vt 0.00000000 0.00000000
vt 0.00000000 0.00000000
vt 0.00000000 0.00000000
vt 0.00000000 0.00000000
vt 0.00000000 0.00000000
vt 0.00000000 0.00000000
vt 0.00000000 0.00000000
vt 0.00000000 0.00000000
vt 0.00000000 0.00000000
vt 0.00000000 0.00000000
vt 0.00000000 0.00000000
vt 0.00000000 0.00000000
vt 0.00000000 0.00000000
vt 0.00000000 0.00000000
vt 0.00000000 0.00000000
vt 0.00000000 0.00000000
vt 0.00000000 0.00000000
vt 0.00000000 0.00000000
vt 0.00000000 0.00000000
vt 0.00000000 0.00000000
vt 0.00000000 0.00000000
vt 0.00000000 0.00000000
vt 0.00000000 0.00000000
vt 0.00000000 0.00000000
vt 0.00000000 0.00000000
vt 0.00000000 0.00000000
vt 0.00000000 0.00000000
vt 0.00000000 0.00000000
vt 0.00000000 0.00000000
vt 0.00000000 0.00000000
vt 0.00000000 0.00000000
vt 0.00000000 0.00000000
vt 0.00000000 0.00000000
vt 0.00000000 0.00000000
vt 0.00000000 0.00000000
vt 0.00000000 0.00000000
vt 0.00000000 0.00000000
vt 0.00000000 0.00000000
vt 0.00000000 0.00000000
vt 0.00000000 0.00000000
vt 0.00000000 0.00000000
vt 0.00000000 0.00000000
vt 0.00000000 0.00000000
vt 0.00000000 0.00000000
vt 0.00000000 0.00000000
vt 0.00000000 0.00000000
vt 0.00000000 0.00000000
vt 0.00000000 0.00000000
vt 0.00000000 0.00000000
vt 0.00000000 0.00000000
vt 0.00000000 0.00000000
vt 0.00000000 0.00000000
vt 0.00000000 0.00000000
vt 0.00000000 0.00000000
vt 0.00000000 0.00000000
vt 0.00000000 0.00000000
vt 0.00000000 0.00000000
vt 0.00000000 0.00000000
vt 0.00000000 0.00000000
vt 0.00000000 0.00000000
vt 0.00000000 0.00000000
vt 0.00000000 0.00000000
vt 0.00000000 0.00000000
vt 0.00000000 0.00000000
vt 0.00000000 0.00000000
vt 0.00000000 0.00000000
vt 0.00000000 0.00000000
vt 0.00000000 0.00000000
vt 0.00000000 0.00000000
vt 0.00000000 0.00000000
vt 0.00000000 0.00000000
vt 0.00000000 0.00000000
vt 0.00000000 0.00000000
vt 0.00000000 0.00000000
vt 0.00000000 0.00000000
vt 0.00000000 0.00000000
vt 0.00000000 0.00000000
vt 0.00000000 0.00000000
vt 0.00000000 0.00000000
vt 0.00000000 0.00000000
vt 0.00000000 0.00000000
vt 0.00000000 0.00000000
vt 0.00000000 0.00000000
vt 0.00000000 0.00000000
vt 0.00000000 0.00000000
vt 0.00000000 0.00000000
vt 0.00000000 0.00000000
vt 0.00000000 0.00000000
vt 0.00000000 0.00000000
vt 0.00000000 0.00000000
vt 0.00000000 0.00000000
vt 0.00000000 0.00000000
vt 0.00000000 0.00000000
vt 0.00000000 0.00000000
vt 0.00000000 0.00000000
vt 0.00000000 0.00000000
vt 0.00000000 0.00000000
vt 0.00000000 0.00000000
vt 0.00000000 0.00000000
vt 0.00000000 0.00000000
vt 0.00000000 0.00000000
vt 0.00000000 0.00000000
vt 0.00000000 0.00000000
vt 0.00000000 0.00000000
vt 0.00000000 0.00000000
vt 0.00000000 0.00000000
vt 0.00000000 0.00000000
vt 0.00000000 0.00000000
vt 0.00000000 0.00000000
vt 0.00000000 0.00000000
vt 0.00000000 0.00000000
vt 0.00000000 0.00000000
vt 0.00000000 0.00000000
vt 0.00000000 0.00000000
vt 0.00000000 0.00000000
vt 0.00000000 0.00000000
vt 0.00000000 0.00000000
vt 0.00000000 0.00000000
vt 0.00000000 0.00000000
vt 0.00000000 0.00000000
vt 0.00000000 0.00000000
vt 0.00000000 0.00000000
vt 0.00000000 0.00000000
vt 0.00000000 0.00000000
vt 0.00000000 0.00000000
vt 0.00000000 0.00000000
vt 0.00000000 0.00000000
vt 0.00000000 0.00000000
vt 0.00000000 0.00000000
vt 0.00000000 0.00000000
vt 0.00000000 0.00000000
vt 0.00000000 0.00000000
vt 0.00000000 0.00000000
vt 0.00000000 0.00000000
vt 0.00000000 0.00000000
vt 0.00000000 0.00000000
vt 0.00000000 0.00000000
vt 0.00000000 0.00000000
vt 0.00000000 0.00000000
vt 0.00000000 0.00000000
vt 0.00000000 0.00000000
vt 0.00000000 0.00000000
vt 0.00000000 0.00000000
vt 0.00000000 0.00000000
vt 0.00000000 0.00000000
vt 0.00000000 0.00000000
vt 0.00000000 0.00000000
vt 0.00000000 0.00000000
vt 0.00000000 0.00000000
vt 0.00000000 0.00000000
vt 0.00000000 0.00000000
vt 0.00000000 0.00000000
vt 0.00000000 0.00000000
vt 0.00000000 0.00000000
vt 0.00000000 0.00000000
vt 0.00000000 0.00000000
vt 0.00000000 0.00000000
vt 0.00000000 0.00000000
vt 0.00000000 0.00000000
vt 0.00000000 0.00000000
vt 0.00000000 0.00000000
vt 0.00000000 0.00000000
vt 0.00000000 0.00000000
vt 0.00000000 0.00000000
vt 0.00000000 0.00000000
vt 0.00000000 0.00000000
vt 0.00000000 0.00000000
vt 0.00000000 0.00000000
vt 0.00000000 0.00000000
vt 0.00000000 0.00000000
vt 0.00000000 0.00000000
vt 0.00000000 0.00000000
vt 0.00000000 0.00000000
vt 0.00000000 0.00000000
vt 0.00000000 0.00000000
vt 0.00000000 0.00000000
vt 0.00000000 0.00000000
vt 0.00000000 0.00000000
vt 0.00000000 0.00000000
vt 0.00000000 0.00000000
vt 0.00000000 0.00000000
vt 0.00000000 0.00000000
vt 0.00000000 0.00000000
vt 0.00000000 0.00000000
vt 0.00000000 0.00000000
vt 0.00000000 0.00000000
vt 0.00000000 0.00000000
vt 0.00000000 0.00000000
vt 0.00000000 0.00000000
vt 0.00000000 0.00000000
vt 0.00000000 0.00000000
vt 0.00000000 0.00000000
vt 0.00000000 0.00000000
vt 0.00000000 0.00000000
vt 0.00000000 0.00000000
vt 0.00000000 0.00000000
vt 0.00000000 0.00000000
vt 0.00000000 0.00000000
vt 0.00000000 0.00000000
vt 0.00000000 0.00000000
vt 0.00000000 0.00000000
vt 0.00000000 0.00000000
vt 0.00000000 0.00000000
vt 0.00000000 0.00000000
vt 0.00000000 0.00000000
vt 0.00000000 0.00000000
vt 0.00000000 0.00000000
vt 0.00000000 0.00000000
vt 0.00000000 0.00000000
vt 0.00000000 0.00000000
vt 0.00000000 0.00000000
vt 0.00000000 0.00000000
vt 0.00000000 0.00000000
vt 0.00000000 0.00000000
vt 0.00000000 0.00000000
vt 0.00000000 0.00000000
vt 0.00000000 0.00000000
vt 0.00000000 0.00000000
vt 0.00000000 0.00000000
vt 0.00000000 0.00000000
vt 0.00000000 0.00000000
vt 0.00000000 0.00000000
vt 0.00000000 0.00000000
vt 0.00000000 0.00000000
vt 0.00000000 0.00000000
vt 0.00000000 0.00000000
vt 0.00000000 0.00000000
vt 0.00000000 0.00000000
vt 0.00000000 0.00000000
vt 0.00000000 0.00000000
vt 0.00000000 0.00000000
vt 0.00000000 0.00000000
vt 0.00000000 0.00000000
vt 0.00000000 0.00000000
vt 0.00000000 0.00000000
vt 0.00000000 0.00000000
vt 0.00000000 0.00000000
vt 0.00000000 0.00000000
vt 0.00000000 0.00000000
vt 0.00000000 0.00000000
vt 0.00000000 0.00000000
vt 0.00000000 0.00000000
vt 0.00000000 0.00000000
vt 0.00000000 0.00000000
vt 0.00000000 0.00000000
vt 0.00000000 0.00000000
vt 0.00000000 0.00000000
vt 0.00000000 0.00000000
vt 0.00000000 0.00000000
vt 0.00000000 0.00000000
vt 0.00000000 0.00000000
vt 0.00000000 0.00000000
vt 0.00000000 0.00000000
vt 0.00000000 0.00000000
vt 0.00000000 0.00000000
vt 0.00000000 0.00000000
vt 0.00000000 0.00000000
vt 0.00000000 0.00000000
vt 0.00000000 0.00000000
vt 0.00000000 0.00000000
vt 0.00000000 0.00000000
vt 0.00000000 0.00000000
vt 0.00000000 0.00000000
vt 0.00000000 0.00000000
vt 0.00000000 0.00000000
vt 0.00000000 0.00000000
vt 0.00000000 0.00000000
vt 0.00000000 0.00000000
vt 0.00000000 0.00000000
vt 0.00000000 0.00000000
vt 0.00000000 0.00000000
vt 0.00000000 0.00000000
vt 0.00000000 0.00000000
vt 0.00000000 0.00000000
vt 0.00000000 0.00000000
vt 0.00000000 0.00000000
vt 0.00000000 0.00000000
vt 0.00000000 0.00000000
vt 0.00000000 0.00000000
vt 0.00000000 0.00000000
vt 0.00000000 0.00000000
vt 0.00000000 0.00000000
vt 0.00000000 0.00000000
vt 0.00000000 0.00000000
vt 0.00000000 0.00000000
vt 0.00000000 0.00000000
vt 0.00000000 0.00000000
vt 0.00000000 0.00000000
vt 0.00000000 0.00000000
vt 0.00000000 0.00000000
vt 0.00000000 0.00000000
vt 0.00000000 0.00000000
vt 0.00000000 0.00000000
vt 0.00000000 0.00000000
vt 0.00000000 0.00000000
vt 0.00000000 0.00000000
vt 0.00000000 0.00000000
vt 0.00000000 0.00000000
vt 0.00000000 0.00000000
vt 0.00000000 0.00000000
vt 0.00000000 0.00000000
vt 0.00000000 0.00000000
vt 0.00000000 0.00000000
vt 0.00000000 0.00000000
vt 0.00000000 0.00000000
vt 0.00000000 0.00000000
vt 0.00000000 0.00000000
vt 0.00000000 0.00000000
vt 0.00000000 0.00000000
vt 0.00000000 0.00000000
vt 0.00000000 0.00000000
vt 0.00000000 0.00000000
vt 0.00000000 0.00000000
vt 0.00000000 0.00000000
vt 0.00000000 0.00000000
vt 0.00000000 0.00000000
vt 0.00000000 0.00000000
vt 0.00000000 0.00000000
vt 0.00000000 0.00000000
vt 0.00000000 0.00000000
vt 0.00000000 0.00000000
vt 0.00000000 0.00000000
vt 0.00000000 0.00000000
vt 0.00000000 0.00000000
vt 0.00000000 0.00000000
vt 0.00000000 0.00000000
vt 0.00000000 0.00000000
vt 0.00000000 0.00000000
vt 0.00000000 0.00000000
vt 0.00000000 0.00000000
vt 0.00000000 0.00000000
vt 0.00000000 0.00000000
vt 0.00000000 0.00000000
vt 0.00000000 0.00000000
vt 0.00000000 0.00000000
vt 0.00000000 0.00000000
vt 0.00000000 0.00000000
vt 0.00000000 0.00000000
vt 0.00000000 0.00000000
vt 0.00000000 0.00000000
vt 0.00000000 0.00000000
vt 0.00000000 0.00000000
vt 0.00000000 0.00000000
vt 0.00000000 0.00000000
vt 0.00000000 0.00000000
vt 0.00000000 0.00000000
vt 0.00000000 0.00000000
vt 0.00000000 0.00000000
vt 0.00000000 0.00000000
vt 0.00000000 0.00000000
vt 0.00000000 0.00000000
vt 0.00000000 0.00000000
vt 0.00000000 0.00000000
vt 0.00000000 0.00000000
vt 0.00000000 0.00000000
vt 0.00000000 0.00000000
vt 0.00000000 0.00000000
vt 0.00000000 0.00000000
vt 0.00000000 0.00000000
vt 0.00000000 0.00000000
vt 0.00000000 0.00000000
vt 0.00000000 0.00000000
vt 0.00000000 0.00000000
vt 0.00000000 0.00000000
vt 0.00000000 0.00000000
vt 0.00000000 0.00000000
vt 0.00000000 0.00000000
vt 0.00000000 0.00000000
vt 0.00000000 0.00000000
vt 0.00000000 0.00000000
vt 0.00000000 0.00000000
vt 0.00000000 0.00000000
vt 0.00000000 0.00000000
vt 0.00000000 0.00000000
vt 0.00000000 0.00000000
vt 0.00000000 0.00000000
vt 0.00000000 0.00000000
vt 0.00000000 0.00000000
vt 0.00000000 0.00000000
vt 0.00000000 0.00000000
vt 0.00000000 0.00000000
vt 0.00000000 0.00000000
vt 0.00000000 0.00000000
vt 0.00000000 0.00000000
vt 0.00000000 0.00000000
vt 0.00000000 0.00000000
vt 0.00000000 0.00000000
vt 0.00000000 0.00000000
vt 0.00000000 0.00000000
vt 0.00000000 0.00000000
vt 0.00000000 0.00000000
vt 0.00000000 0.00000000
vt 0.00000000 0.00000000
vt 0.00000000 0.00000000
vt 0.00000000 0.00000000
vt 0.00000000 0.00000000
vt 0.00000000 0.00000000
vt 0.00000000 0.00000000
vt 0.00000000 0.00000000
vt 0.00000000 0.00000000
vt 0.00000000 0.00000000
vt 0.00000000 0.00000000
vt 0.00000000 0.00000000
vt 0.00000000 0.00000000
vt 0.00000000 0.00000000
vt 0.00000000 0.00000000
vt 0.00000000 0.00000000
vt 0.00000000 0.00000000
vt 0.00000000 0.00000000
vt 0.00000000 0.00000000
vt 0.00000000 0.00000000
vt 0.00000000 0.00000000
vt 0.00000000 0.00000000
vt 0.00000000 0.00000000
vt 0.00000000 0.00000000
vt 0.00000000 0.00000000
vt 0.00000000 0.00000000
vt 0.00000000 0.00000000
vt 0.00000000 0.00000000
vt 0.00000000 0.00000000
vt 0.00000000 0.00000000
vt 0.00000000 0.00000000
vt 0.00000000 0.00000000
vt 0.00000000 0.00000000
vt 0.00000000 0.00000000
vt 0.00000000 0.00000000
vt 0.00000000 0.00000000
vt 0.00000000 0.00000000
vt 0.00000000 0.00000000
vt 0.00000000 0.00000000
vt 0.00000000 0.00000000
vt 0.00000000 0.00000000
vt 0.00000000 0.00000000
vt 0.00000000 0.00000000
vt 0.00000000 0.00000000
vt 0.00000000 0.00000000
vt 0.00000000 0.00000000
vt 0.00000000 0.00000000
vt 0.00000000 0.00000000
vt 0.00000000 0.00000000
vt 0.00000000 0.00000000
vt 0.00000000 0.00000000
vt 0.00000000 0.00000000
vt 0.00000000 0.00000000
vt 0.00000000 0.00000000
vt 0.00000000 0.00000000
vt 0.00000000 0.00000000
vt 0.00000000 0.00000000
vt 0.00000000 0.00000000
vt 0.00000000 0.00000000
vt 0.00000000 0.00000000
vt 0.00000000 0.00000000
vt 0.00000000 0.00000000
vt 0.00000000 0.00000000
vt 0.00000000 0.00000000
vt 0.00000000 0.00000000
vt 0.00000000 0.00000000
vt 0.00000000 0.00000000
vt 0.00000000 0.00000000
vt 0.00000000 0.00000000
vt 0.00000000 0.00000000
vt 0.00000000 0.00000000
vt 0.00000000 0.00000000
vt 0.00000000 0.00000000
vt 0.00000000 0.00000000
vt 0.00000000 0.00000000
vt 0.00000000 0.00000000
vt 0.00000000 0.00000000
vt 0.00000000 0.00000000
vt 0.00000000 0.00000000
vt 0.00000000 0.00000000
vt 0.00000000 0.00000000
vt 0.00000000 0.00000000
vt 0.00000000 0.00000000
vt 0.00000000 0.00000000
vt 0.00000000 0.00000000
vt 0.00000000 0.00000000
vt 0.00000000 0.00000000
vt 0.00000000 0.00000000
vt 0.00000000 0.00000000
vt 0.00000000 0.00000000
vt 0.00000000 0.00000000
vt 0.00000000 0.00000000
vt 0.00000000 0.00000000
vt 0.00000000 0.00000000
vt 0.00000000 0.00000000
vt 0.00000000 0.00000000
vt 0.00000000 0.00000000
vt 0.00000000 0.00000000
vt 0.00000000 0.00000000
vt 0.00000000 0.00000000
vt 0.00000000 0.00000000
vt 0.00000000 0.00000000
vt 0.00000000 0.00000000
vt 0.00000000 0.00000000
vt 0.00000000 0.00000000
vt 0.00000000 0.00000000
vt 0.00000000 0.00000000
vt 0.00000000 0.00000000
vt 0.00000000 0.00000000
vt 0.00000000 0.00000000
vt 0.00000000 0.00000000
vt 0.00000000 0.00000000
vt 0.00000000 0.00000000
vt 0.00000000 0.00000000
vt 0.00000000 0.00000000
vt 0.00000000 0.00000000
vt 0.00000000 0.00000000
vt 0.00000000 0.00000000
vt 0.00000000 0.00000000
vt 0.00000000 0.00000000
vt 0.00000000 0.00000000
vt 0.00000000 0.00000000
vt 0.00000000 0.00000000
vt 0.00000000 0.00000000
vt 0.00000000 0.00000000
vt 0.00000000 0.00000000
vt 0.00000000 0.00000000
vt 0.00000000 0.00000000
vt 0.00000000 0.00000000
vt 0.00000000 0.00000000
vt 0.00000000 0.00000000
vt 0.00000000 0.00000000
vt 0.00000000 0.00000000
vt 0.00000000 0.00000000
vt 0.00000000 0.00000000
vt 0.00000000 0.00000000
vt 0.00000000 0.00000000
vt 0.00000000 0.00000000
vt 0.00000000 0.00000000
vt 0.00000000 0.00000000
vt 0.00000000 0.00000000
vt 0.00000000 0.00000000
vt 0.00000000 0.00000000
vt 0.00000000 0.00000000
vt 0.00000000 0.00000000
vt 0.00000000 0.00000000
vt 0.00000000 0.00000000
vt 0.00000000 0.00000000
vt 0.00000000 0.00000000
vt 0.00000000 0.00000000
vt 0.00000000 0.00000000
vt 0.00000000 0.00000000
vt 0.00000000 0.00000000
vt 0.00000000 0.00000000
vt 0.00000000 0.00000000
vt 0.00000000 0.00000000
vt 0.00000000 0.00000000
vt 0.00000000 0.00000000
vt 0.00000000 0.00000000
vt 0.00000000 0.00000000
vt 0.00000000 0.00000000
vt 0.00000000 0.00000000
vt 0.00000000 0.00000000
vt 0.00000000 0.00000000
vt 0.00000000 0.00000000
vt 0.00000000 0.00000000
vt 0.00000000 0.00000000
vt 0.00000000 0.00000000
vt 0.00000000 0.00000000
vt 0.00000000 0.00000000
vt 0.00000000 0.00000000
vt 0.00000000 0.00000000
vt 0.00000000 0.00000000
vt 0.00000000 0.00000000
vt 0.00000000 0.00000000
vt 0.00000000 0.00000000
vt 0.00000000 0.00000000
vt 0.00000000 0.00000000
vt 0.00000000 0.00000000
vt 0.00000000 0.00000000
vt 0.00000000 0.00000000
vt 0.00000000 0.00000000
vt 0.00000000 0.00000000
vt 0.00000000 0.00000000
vt 0.00000000 0.00000000
vt 0.00000000 0.00000000
vt 0.00000000 0.00000000
vt 0.00000000 0.00000000
vt 0.00000000 0.00000000
vt 0.00000000 0.00000000
vt 0.00000000 0.00000000
vt 0.00000000 0.00000000
vt 0.00000000 0.00000000
vt 0.00000000 0.00000000
vt 0.00000000 0.00000000
vt 0.00000000 0.00000000
vt 0.00000000 0.00000000
vt 0.00000000 0.00000000
vt 0.00000000 0.00000000
vt 0.00000000 0.00000000
vt 0.00000000 0.00000000
vt 0.00000000 0.00000000
vt 0.00000000 0.00000000
vt 0.00000000 0.00000000
vt 0.00000000 0.00000000
vt 0.00000000 0.00000000
vt 0.00000000 0.00000000
vt 0.00000000 0.00000000
vt 0.00000000 0.00000000
vt 0.00000000 0.00000000
vt 0.00000000 0.00000000
vt 0.00000000 0.00000000
vt 0.00000000 0.00000000
vt 0.00000000 0.00000000
vt 0.00000000 0.00000000
vt 0.00000000 0.00000000
vt 0.00000000 0.00000000
vt 0.00000000 0.00000000
vt 0.00000000 0.00000000
vt 0.00000000 0.00000000
vt 0.00000000 0.00000000
vt 0.00000000 0.00000000
vt 0.00000000 0.00000000
vt 0.00000000 0.00000000
vt 0.00000000 0.00000000
vt 0.00000000 0.00000000
vt 0.00000000 0.00000000
vt 0.00000000 0.00000000
vt 0.00000000 0.00000000
vt 0.00000000 0.00000000
vt 0.00000000 0.00000000
vt 0.00000000 0.00000000
vt 0.00000000 0.00000000
vt 0.00000000 0.00000000
vt 0.00000000 0.00000000
vt 0.00000000 0.00000000
vt 0.00000000 0.00000000
vt 0.00000000 0.00000000
vt 0.00000000 0.00000000
vt 0.00000000 0.00000000
vt 0.00000000 0.00000000
vt 0.00000000 0.00000000
vt 0.00000000 0.00000000
vt 0.00000000 0.00000000
vt 0.00000000 0.00000000
vt 0.00000000 0.00000000
vt 0.00000000 0.00000000
vt 0.00000000 0.00000000
vt 0.00000000 0.00000000
vt 0.00000000 0.00000000
vt 0.00000000 0.00000000
vt 0.00000000 0.00000000
vt 0.00000000 0.00000000
vt 0.00000000 0.00000000
vt 0.00000000 0.00000000
vt 0.00000000 0.00000000
vt 0.00000000 0.00000000
vt 0.00000000 0.00000000
vt 0.00000000 0.00000000
vt 0.00000000 0.00000000
vt 0.00000000 0.00000000
vt 0.00000000 0.00000000
vt 0.00000000 0.00000000
vt 0.00000000 0.00000000
vt 0.00000000 0.00000000
vt 0.00000000 0.00000000
vt 0.00000000 0.00000000
vt 0.00000000 0.00000000
vt 0.00000000 0.00000000
vt 0.00000000 0.00000000
vt 0.00000000 0.00000000
vt 0.00000000 0.00000000
vt 0.00000000 0.00000000
vt 0.00000000 0.00000000
vt 0.00000000 0.00000000
vt 0.00000000 0.00000000
vt 0.00000000 0.00000000
vt 0.00000000 0.00000000
vt 0.00000000 0.00000000
vt 0.00000000 0.00000000
vt 0.00000000 0.00000000
vt 0.00000000 0.00000000
vt 0.00000000 0.00000000
vt 0.00000000 0.00000000
vt 0.00000000 0.00000000
vt 0.00000000 0.00000000
vt 0.00000000 0.00000000
vt 0.00000000 0.00000000
vt 0.00000000 0.00000000
vt 0.00000000 0.00000000
vt 0.00000000 0.00000000
vt 0.00000000 0.00000000
vt 0.00000000 0.00000000
vt 0.00000000 0.00000000
vt 0.00000000 0.00000000
vt 0.00000000 0.00000000
vt 0.00000000 0.00000000
vt 0.00000000 0.00000000
vt 0.00000000 0.00000000
vt 0.00000000 0.00000000
vt 0.00000000 0.00000000
vt 0.00000000 0.00000000
vt 0.00000000 0.00000000
vt 0.00000000 0.00000000
vt 0.00000000 0.00000000
vt 0.00000000 0.00000000
vt 0.00000000 0.00000000
vt 0.00000000 0.00000000
vt 0.00000000 0.00000000
vt 0.00000000 0.00000000
vt 0.00000000 0.00000000
vt 0.00000000 0.00000000
vt 0.00000000 0.00000000
vt 0.00000000 0.00000000
vt 0.00000000 0.00000000
vt 0.00000000 0.00000000
vt 0.00000000 0.00000000
vt 0.00000000 0.00000000
vt 0.00000000 0.00000000
vt 0.00000000 0.00000000
vt 0.00000000 0.00000000
vt 0.00000000 0.00000000
vt 0.00000000 0.00000000
vt 0.00000000 0.00000000
vt 0.00000000 0.00000000
vt 0.00000000 0.00000000
vt 0.00000000 0.00000000
vt 0.00000000 0.00000000
vt 0.00000000 0.00000000
vt 0.00000000 0.00000000
vt 0.00000000 0.00000000
vt 0.00000000 0.00000000
vt 0.00000000 0.00000000
vt 0.00000000 0.00000000
vt 0.00000000 0.00000000
vt 0.00000000 0.00000000
vt 0.00000000 0.00000000
vt 0.00000000 0.00000000
vt 0.00000000 0.00000000
vt 0.00000000 0.00000000
vt 0.00000000 0.00000000
vt 0.00000000 0.00000000
vt 0.00000000 0.00000000
vt 0.00000000 0.00000000
vt 0.00000000 0.00000000
vt 0.00000000 0.00000000
vt 0.00000000 0.00000000
vt 0.00000000 0.00000000
vt 0.00000000 0.00000000
vt 0.00000000 0.00000000
vt 0.00000000 0.00000000
vt 0.00000000 0.00000000
vt 0.00000000 0.00000000
vt 0.00000000 0.00000000
vt 0.00000000 0.00000000
vt 0.00000000 0.00000000
vt 0.00000000 0.00000000
vt 0.00000000 0.00000000
vt 0.00000000 0.00000000
vt 0.00000000 0.00000000
vt 0.00000000 0.00000000
vt 0.00000000 0.00000000
vt 0.00000000 0.00000000
vt 0.00000000 0.00000000
vt 0.00000000 0.00000000
vt 0.00000000 0.00000000
vt 0.00000000 0.00000000
vt 0.00000000 0.00000000
vt 0.00000000 0.00000000
vt 0.00000000 0.00000000
vt 0.00000000 0.00000000
vt 0.00000000 0.00000000
vt 0.00000000 0.00000000
vt 0.00000000 0.00000000
vt 0.00000000 0.00000000
vt 0.00000000 0.00000000
vt 0.00000000 0.00000000
vt 0.00000000 0.00000000
vt 0.00000000 0.00000000
vt 0.00000000 0.00000000
vt 0.00000000 0.00000000
vt 0.00000000 0.00000000
vt 0.00000000 0.00000000
vt 0.00000000 0.00000000
vt 0.00000000 0.00000000
vt 0.00000000 0.00000000
vt 0.00000000 0.00000000
vt 0.00000000 0.00000000
vt 0.00000000 0.00000000
vt 0.00000000 0.00000000
vt 0.00000000 0.00000000
vt 0.00000000 0.00000000
vt 0.00000000 0.00000000
vt 0.00000000 0.00000000
vt 0.00000000 0.00000000
vt 0.00000000 0.00000000
vt 0.00000000 0.00000000
vt 0.00000000 0.00000000
vt 0.00000000 0.00000000
vt 0.00000000 0.00000000
vt 0.00000000 0.00000000
vt 0.00000000 0.00000000
vt 0.00000000 0.00000000
vt 0.00000000 0.00000000
vt 0.00000000 0.00000000
vt 0.00000000 0.00000000
vt 0.00000000 0.00000000
vt 0.00000000 0.00000000
vt 0.00000000 0.00000000
vt 0.00000000 0.00000000
vt 0.00000000 0.00000000
vt 0.00000000 0.00000000
vt 0.00000000 0.00000000
vt 0.00000000 0.00000000
vt 0.00000000 0.00000000
vt 0.00000000 0.00000000
vt 0.00000000 0.00000000
vt 0.00000000 0.00000000
vt 0.00000000 0.00000000
vt 0.00000000 0.00000000
vt 0.00000000 0.00000000
vt 0.00000000 0.00000000
vt 0.00000000 0.00000000
vt 0.00000000 0.00000000
vt 0.00000000 0.00000000
vt 0.00000000 0.00000000
vt 0.00000000 0.00000000
vt 0.00000000 0.00000000
vt 0.00000000 0.00000000
vt 0.00000000 0.00000000
vt 0.00000000 0.00000000
vt 0.00000000 0.00000000
vt 0.00000000 0.00000000
vt 0.00000000 0.00000000
vt 0.00000000 0.00000000
vt 0.00000000 0.00000000
vt 0.00000000 0.00000000
vt 0.00000000 0.00000000
vt 0.00000000 0.00000000
vt 0.00000000 0.00000000
vt 0.00000000 0.00000000
vt 0.00000000 0.00000000
vt 0.00000000 0.00000000
vt 0.00000000 0.00000000
vt 0.00000000 0.00000000
vt 0.00000000 0.00000000
vt 0.00000000 0.00000000
vt 0.00000000 0.00000000
vt 0.00000000 0.00000000
vt 0.00000000 0.00000000
vt 0.00000000 0.00000000
vt 0.00000000 0.00000000
vt 0.00000000 0.00000000
vt 0.00000000 0.00000000
vt 0.00000000 0.00000000
vt 0.00000000 0.00000000
vt 0.00000000 0.00000000
vt 0.00000000 0.00000000
vt 0.00000000 0.00000000
vt 0.00000000 0.00000000
vt 0.00000000 0.00000000
vt 0.00000000 0.00000000
vt 0.00000000 0.00000000
vt 0.00000000 0.00000000
vt 0.00000000 0.00000000
vt 0.00000000 0.00000000
vt 0.00000000 0.00000000
vt 0.00000000 0.00000000
vt 0.00000000 0.00000000
vt 0.00000000 0.00000000
vt 0.00000000 0.00000000
vt 0.00000000 0.00000000
vt 0.00000000 0.00000000
vt 0.00000000 0.00000000
vt 0.00000000 0.00000000
vt 0.00000000 0.00000000
vt 0.00000000 0.00000000
vt 0.00000000 0.00000000
vt 0.00000000 0.00000000
vt 0.00000000 0.00000000
vt 0.00000000 0.00000000
vt 0.00000000 0.00000000
vt 0.00000000 0.00000000
vt 0.00000000 0.00000000
vt 0.00000000 0.00000000
vt 0.00000000 0.00000000
vt 0.00000000 0.00000000
vt 0.00000000 0.00000000
vt 0.00000000 0.00000000
vt 0.00000000 0.00000000
vt 0.00000000 0.00000000
vt 0.00000000 0.00000000
vt 0.00000000 0.00000000
vt 0.00000000 0.00000000
vt 0.00000000 0.00000000
vt 0.00000000 0.00000000
vt 0.00000000 0.00000000
vt 0.00000000 0.00000000
vt 0.00000000 0.00000000
vt 0.00000000 0.00000000
vt 0.00000000 0.00000000
vt 0.00000000 0.00000000
vt 0.00000000 0.00000000
vt 0.00000000 0.00000000
vt 0.00000000 0.00000000
vt 0.00000000 0.00000000
vt 0.00000000 0.00000000
vt 0.00000000 0.00000000
vt 0.00000000 0.00000000
vt 0.00000000 0.00000000
vt 0.00000000 0.00000000
vt 0.00000000 0.00000000
vt 0.00000000 0.00000000
vt 0.00000000 0.00000000
vt 0.00000000 0.00000000
vt 0.00000000 0.00000000
vt 0.00000000 0.00000000
vt 0.00000000 0.00000000
vt 0.00000000 0.00000000
vt 0.00000000 0.00000000
vt 0.00000000 0.00000000
vt 0.00000000 0.00000000
vt 0.00000000 0.00000000
vt 0.00000000 0.00000000
vt 0.00000000 0.00000000
vt 0.00000000 0.00000000
vt 0.00000000 0.00000000
vt 0.00000000 0.00000000
vt 0.00000000 0.00000000
vt 0.00000000 0.00000000
vt 0.00000000 0.00000000
vt 0.00000000 0.00000000
vt 0.00000000 0.00000000
vt 0.00000000 0.00000000
vt 0.00000000 0.00000000
vt 0.00000000 0.00000000
vt 0.00000000 0.00000000
vt 0.00000000 0.00000000
vt 0.00000000 0.00000000
vt 0.00000000 0.00000000
vt 0.00000000 0.00000000
vt 0.00000000 0.00000000
vt 0.00000000 0.00000000
vt 0.00000000 0.00000000
vt 0.00000000 0.00000000
vt 0.00000000 0.00000000
vt 0.00000000 0.00000000
vt 0.00000000 0.00000000
vt 0.00000000 0.00000000
vt 0.00000000 0.00000000
vt 0.00000000 0.00000000
vt 0.00000000 0.00000000
vt 0.00000000 0.00000000
vt 0.00000000 0.00000000
vt 0.00000000 0.00000000
vt 0.00000000 0.00000000
vt 0.00000000 0.00000000
vt 0.00000000 0.00000000
vt 0.00000000 0.00000000
vt 0.00000000 0.00000000
vt 0.00000000 0.00000000
vt 0.00000000 0.00000000
vt 0.00000000 0.00000000
vt 0.00000000 0.00000000
vt 0.00000000 0.00000000
vt 0.00000000 0.00000000
vt 0.00000000 0.00000000
vt 0.00000000 0.00000000
vt 0.00000000 0.00000000
vt 0.00000000 0.00000000
vt 0.00000000 0.00000000
vt 0.00000000 0.00000000
vt 0.00000000 0.00000000
vt 0.00000000 0.00000000
vt 0.00000000 0.00000000
vt 0.00000000 0.00000000
vt 0.00000000 0.00000000
vt 0.00000000 0.00000000
vt 0.00000000 0.00000000
vt 0.00000000 0.00000000
vt 0.00000000 0.00000000
vt 0.00000000 0.00000000
vt 0.00000000 0.00000000
vt 0.00000000 0.00000000
vt 0.00000000 0.00000000
vt 0.00000000 0.00000000
vt 0.00000000 0.00000000
vt 0.00000000 0.00000000
vt 0.00000000 0.00000000
vt 0.00000000 0.00000000
vt 0.00000000 0.00000000
vt 0.00000000 0.00000000
vt 0.00000000 0.00000000
vt 0.00000000 0.00000000
vt 0.00000000 0.00000000
vt 0.00000000 0.00000000
vt 0.00000000 0.00000000
vt 0.00000000 0.00000000
vt 0.00000000 0.00000000
vt 0.00000000 0.00000000
vt 0.00000000 0.00000000
vt 0.00000000 0.00000000
vt 0.00000000 0.00000000
vt 0.00000000 0.00000000
vt 0.00000000 0.00000000
vt 0.00000000 0.00000000
vt 0.00000000 0.00000000
vt 0.00000000 0.00000000
vt 0.00000000 0.00000000
vt 0.00000000 0.00000000
vt 0.00000000 0.00000000
vt 0.00000000 0.00000000
vt 0.00000000 0.00000000
vt 0.00000000 0.00000000
vt 0.00000000 0.00000000
vt 0.00000000 0.00000000
vt 0.00000000 0.00000000
vt 0.00000000 0.00000000
vt 0.00000000 0.00000000
vt 0.00000000 0.00000000
vt 0.00000000 0.00000000
vt 0.00000000 0.00000000
vt 0.00000000 0.00000000
vt 0.00000000 0.00000000
vt 0.00000000 0.00000000
vt 0.00000000 0.00000000
vt 0.00000000 0.00000000
vt 0.00000000 0.00000000
vt 0.00000000 0.00000000
vt 0.00000000 0.00000000
vt 0.00000000 0.00000000
vt 0.00000000 0.00000000
vt 0.00000000 0.00000000
vt 0.00000000 0.00000000
vt 0.00000000 0.00000000
vt 0.00000000 0.00000000
vt 0.00000000 0.00000000
vt 0.00000000 0.00000000
vt 0.00000000 0.00000000
vt 0.00000000 0.00000000
vt 0.00000000 0.00000000
vt 0.00000000 0.00000000
vt 0.00000000 0.00000000
vt 0.00000000 0.00000000
vt 0.00000000 0.00000000
vt 0.00000000 0.00000000
vt 0.00000000 0.00000000
vt 0.00000000 0.00000000
vt 0.00000000 0.00000000
vt 0.00000000 0.00000000
vt 0.00000000 0.00000000
vt 0.00000000 0.00000000
vt 0.00000000 0.00000000
vt 0.00000000 0.00000000
vt 0.00000000 0.00000000
vt 0.00000000 0.00000000
vt 0.00000000 0.00000000
vt 0.00000000 0.00000000
vt 0.00000000 0.00000000
vt 0.00000000 0.00000000
vt 0.00000000 0.00000000
vt 0.00000000 0.00000000
vt 0.00000000 0.00000000
vt 0.00000000 0.00000000
vt 0.00000000 0.00000000
vt 0.00000000 0.00000000
vt 0.00000000 0.00000000
vt 0.00000000 0.00000000
vt 0.00000000 0.00000000
vt 0.00000000 0.00000000
vt 0.00000000 0.00000000
vt 0.00000000 0.00000000
vt 0.00000000 0.00000000
vt 0.00000000 0.00000000
vt 0.00000000 0.00000000
vt 0.00000000 0.00000000
vt 0.00000000 0.00000000
vt 0.00000000 0.00000000
vt 0.00000000 0.00000000
vt 0.00000000 0.00000000
vt 0.00000000 0.00000000
vt 0.00000000 0.00000000
vt 0.00000000 0.00000000
vt 0.00000000 0.00000000
vt 0.00000000 0.00000000
vt 0.00000000 0.00000000
vt 0.00000000 0.00000000
vt 0.00000000 0.00000000
vt 0.00000000 0.00000000
vt 0.00000000 0.00000000
vt 0.00000000 0.00000000
vt 0.00000000 0.00000000
vt 0.00000000 0.00000000
vt 0.00000000 0.00000000
vt 0.00000000 0.00000000
vt 0.00000000 0.00000000
vt 0.00000000 0.00000000
vt 0.00000000 0.00000000
vt 0.00000000 0.00000000
vt 0.00000000 0.00000000
vt 0.00000000 0.00000000
vt 0.00000000 0.00000000
vt 0.00000000 0.00000000
vt 0.00000000 0.00000000
vt 0.00000000 0.00000000
vt 0.00000000 0.00000000
vt 0.00000000 0.00000000
vt 0.00000000 0.00000000
vt 0.00000000 0.00000000
vt 0.00000000 0.00000000
vt 0.00000000 0.00000000
vt 0.00000000 0.00000000
vt 0.00000000 0.00000000
vt 0.00000000 0.00000000
vt 0.00000000 0.00000000
vt 0.00000000 0.00000000
vt 0.00000000 0.00000000
vt 0.00000000 0.00000000
vt 0.00000000 0.00000000
vt 0.00000000 0.00000000
vt 0.00000000 0.00000000
vt 0.00000000 0.00000000
vt 0.00000000 0.00000000
vt 0.00000000 0.00000000
vt 0.00000000 0.00000000
vt 0.00000000 0.00000000
vt 0.00000000 0.00000000
vt 0.00000000 0.00000000
vt 0.00000000 0.00000000
vt 0.00000000 0.00000000
vt 0.00000000 0.00000000
vt 0.00000000 0.00000000
vt 0.00000000 0.00000000
vt 0.00000000 0.00000000
vt 0.00000000 0.00000000
vt 0.00000000 0.00000000
vt 0.00000000 0.00000000
vt 0.00000000 0.00000000
vt 0.00000000 0.00000000
vt 0.00000000 0.00000000
vt 0.00000000 0.00000000
vt 0.00000000 0.00000000
vt 0.00000000 0.00000000
vt 0.00000000 0.00000000
vt 0.00000000 0.00000000
vt 0.00000000 0.00000000
vt 0.00000000 0.00000000
vt 0.00000000 0.00000000
vt 0.00000000 0.00000000
vt 0.00000000 0.00000000
vt 0.00000000 0.00000000
vt 0.00000000 0.00000000
vt 0.00000000 0.00000000
vt 0.00000000 0.00000000
vt 0.00000000 0.00000000
vt 0.00000000 0.00000000
vt 0.00000000 0.00000000
vt 0.00000000 0.00000000
vt 0.00000000 0.00000000
vt 0.00000000 0.00000000
vt 0.00000000 0.00000000
vt 0.00000000 0.00000000
vt 0.00000000 0.00000000
vt 0.00000000 0.00000000
vt 0.00000000 0.00000000
vt 0.00000000 0.00000000
vt 0.00000000 0.00000000
vt 0.00000000 0.00000000
vt 0.00000000 0.00000000
vt 0.00000000 0.00000000
vt 0.00000000 0.00000000
vt 0.00000000 0.00000000
vt 0.00000000 0.00000000
vt 0.00000000 0.00000000
vt 0.00000000 0.00000000
vt 0.00000000 0.00000000
vt 0.00000000 0.00000000
vt 0.00000000 0.00000000
vt 0.00000000 0.00000000
vt 0.00000000 0.00000000
vt 0.00000000 0.00000000
vt 0.00000000 0.00000000
vt 0.00000000 0.00000000
vt 0.00000000 0.00000000
vt 0.00000000 0.00000000
vt 0.00000000 0.00000000
vt 0.00000000 0.00000000
vt 0.00000000 0.00000000
vt 0.00000000 0.00000000
vt 0.00000000 0.00000000
vt 0.00000000 0.00000000
vt 0.00000000 0.00000000
vt 0.00000000 0.00000000
vt 0.00000000 0.00000000
vt 0.00000000 0.00000000
vt 0.00000000 0.00000000
vt 0.00000000 0.00000000
vt 0.00000000 0.00000000
vt 0.00000000 0.00000000
vt 0.00000000 0.00000000
vt 0.00000000 0.00000000
vt 0.00000000 0.00000000
vt 0.00000000 0.00000000
vt 0.00000000 0.00000000
vt 0.00000000 0.00000000
vt 0.00000000 0.00000000
vt 0.00000000 0.00000000
vt 0.00000000 0.00000000
vt 0.00000000 0.00000000
vt 0.00000000 0.00000000
vt 0.00000000 0.00000000
vt 0.00000000 0.00000000
vt 0.00000000 0.00000000
vt 0.00000000 0.00000000
vt 0.00000000 0.00000000
vt 0.00000000 0.00000000
vt 0.00000000 0.00000000
vt 0.00000000 0.00000000
vt 0.00000000 0.00000000
vt 0.00000000 0.00000000
vt 0.00000000 0.00000000
vt 0.00000000 0.00000000
vt 0.00000000 0.00000000
vt 0.00000000 0.00000000
vt 0.00000000 0.00000000
vt 0.00000000 0.00000000
vt 0.00000000 0.00000000
vt 0.00000000 0.00000000
vt 0.00000000 0.00000000
vt 0.00000000 0.00000000
vt 0.00000000 0.00000000
vt 0.00000000 0.00000000
vt 0.00000000 0.00000000
vt 0.00000000 0.00000000
vt 0.00000000 0.00000000
vt 0.00000000 0.00000000
vt 0.00000000 0.00000000
vt 0.00000000 0.00000000
vt 0.00000000 0.00000000
vt 0.00000000 0.00000000
vt 0.00000000 0.00000000
vt 0.00000000 0.00000000
vt 0.00000000 0.00000000
vt 0.00000000 0.00000000
vt 0.00000000 0.00000000
vt 0.00000000 0.00000000
vt 0.00000000 0.00000000
vt 0.00000000 0.00000000
vt 0.00000000 0.00000000
vt 0.00000000 0.00000000
vt 0.00000000 0.00000000
vt 0.00000000 0.00000000
vt 0.00000000 0.00000000
vt 0.00000000 0.00000000
vt 0.00000000 0.00000000
vt 0.00000000 0.00000000
vt 0.00000000 0.00000000
vt 0.00000000 0.00000000
vt 0.00000000 0.00000000
vt 0.00000000 0.00000000
vt 0.00000000 0.00000000
vt 0.00000000 0.00000000
vt 0.00000000 0.00000000
vt 0.00000000 0.00000000
vt 0.00000000 0.00000000
vt 0.00000000 0.00000000
vt 0.00000000 0.00000000
vt 0.00000000 0.00000000
vt 0.00000000 0.00000000
vt 0.00000000 0.00000000
vt 0.00000000 0.00000000
vt 0.00000000 0.00000000
vt 0.00000000 0.00000000
vt 0.00000000 0.00000000
vt 0.00000000 0.00000000
vt 0.00000000 0.00000000
vt 0.00000000 0.00000000
vt 0.00000000 0.00000000
vt 0.00000000 0.00000000
vt 0.00000000 0.00000000
vt 0.00000000 0.00000000
vt 0.00000000 0.00000000
vt 0.00000000 0.00000000
vt 0.00000000 0.00000000
vt 0.00000000 0.00000000
vt 0.00000000 0.00000000
vt 0.00000000 0.00000000
vt 0.00000000 0.00000000
vt 0.00000000 0.00000000
vt 0.00000000 0.00000000
vt 0.00000000 0.00000000
vt 0.00000000 0.00000000
vt 0.00000000 0.00000000
vt 0.00000000 0.00000000
vt 0.00000000 0.00000000
vt 0.00000000 0.00000000
vt 0.00000000 0.00000000
vt 0.00000000 0.00000000
vt 0.00000000 0.00000000
vt 0.00000000 0.00000000
vt 0.00000000 0.00000000
vt 0.00000000 0.00000000
vt 0.00000000 0.00000000
vt 0.00000000 0.00000000
vt 0.00000000 0.00000000
vt 0.00000000 0.00000000
vt 0.00000000 0.00000000
vt 0.00000000 0.00000000
vt 0.00000000 0.00000000
vt 0.00000000 0.00000000
vt 0.00000000 0.00000000
vt 0.00000000 0.00000000
vt 0.00000000 0.00000000
vt 0.00000000 0.00000000
vt 0.00000000 0.00000000
vt 0.00000000 0.00000000
vt 0.00000000 0.00000000
vt 0.00000000 0.00000000
vt 0.00000000 0.00000000
vt 0.00000000 0.00000000
vt 0.00000000 0.00000000
vt 0.00000000 0.00000000
vt 0.00000000 0.00000000
vt 0.00000000 0.00000000
vt 0.00000000 0.00000000
vt 0.00000000 0.00000000
vt 0.00000000 0.00000000
vt 0.00000000 0.00000000
vt 0.00000000 0.00000000
vt 0.00000000 0.00000000
vt 0.00000000 0.00000000
vt 0.00000000 0.00000000
vt 0.00000000 0.00000000
vt 0.00000000 0.00000000
vt 0.00000000 0.00000000
vt 0.00000000 0.00000000
vt 0.00000000 0.00000000
vt 0.00000000 0.00000000
vt 0.00000000 0.00000000
vt 0.00000000 0.00000000
vt 0.00000000 0.00000000
vt 0.00000000 0.00000000
vt 0.00000000 0.00000000
vt 0.00000000 0.00000000
vt 0.00000000 0.00000000
vt 0.00000000 0.00000000
vt 0.00000000 0.00000000
vt 0.00000000 0.00000000
vt 0.00000000 0.00000000
vt 0.00000000 0.00000000
vt 0.00000000 0.00000000
vt 0.00000000 0.00000000
vt 0.00000000 0.00000000
vt 0.00000000 0.00000000
vt 0.00000000 0.00000000
vt 0.00000000 0.00000000
vt 0.00000000 0.00000000
vt 0.00000000 0.00000000
vt 0.00000000 0.00000000
vt 0.00000000 0.00000000
vt 0.00000000 0.00000000
vt 0.00000000 0.00000000
vt 0.00000000 0.00000000
vt 0.00000000 0.00000000
vt 0.00000000 0.00000000
vt 0.00000000 0.00000000
vt 0.00000000 0.00000000
vt 0.00000000 0.00000000
vt 0.00000000 0.00000000
vt 0.00000000 0.00000000
vt 0.00000000 0.00000000
vt 0.00000000 0.00000000
vt 0.00000000 0.00000000
vt 0.00000000 0.00000000
vt 0.00000000 0.00000000
vt 0.00000000 0.00000000
vt 0.00000000 0.00000000
vt 0.00000000 0.00000000
vt 0.00000000 0.00000000
vt 0.00000000 0.00000000
vt 0.00000000 0.00000000
vt 0.00000000 0.00000000
vt 0.00000000 0.00000000
vt 0.00000000 0.00000000
vt 0.00000000 0.00000000
vt 0.00000000 0.00000000
vt 0.00000000 0.00000000
vt 0.00000000 0.00000000
vt 0.00000000 0.00000000
vt 0.00000000 0.00000000
vt 0.00000000 0.00000000
vt 0.00000000 0.00000000
vt 0.00000000 0.00000000
vt 0.00000000 0.00000000
vt 0.00000000 0.00000000
vt 0.00000000 0.00000000
vt 0.00000000 0.00000000
vt 0.00000000 0.00000000
vt 0.00000000 0.00000000
vt 0.00000000 0.00000000
vt 0.00000000 0.00000000
vt 0.00000000 0.00000000
vt 0.00000000 0.00000000
vt 0.00000000 0.00000000
vt 0.00000000 0.00000000
vt 0.00000000 0.00000000
vt 0.00000000 0.00000000
vt 0.00000000 0.00000000
vt 0.00000000 0.00000000
vt 0.00000000 0.00000000
vt 0.00000000 0.00000000
vt 0.00000000 0.00000000
vt 0.00000000 0.00000000
vt 0.00000000 0.00000000
vt 0.00000000 0.00000000
vt 0.00000000 0.00000000
vt 0.00000000 0.00000000
vt 0.00000000 0.00000000
vt 0.00000000 0.00000000
vt 0.00000000 0.00000000
vt 0.00000000 0.00000000
vt 0.00000000 0.00000000
vt 0.00000000 0.00000000
vt 0.00000000 0.00000000
vt 0.00000000 0.00000000
vt 0.00000000 0.00000000
vt 0.00000000 0.00000000
vt 0.00000000 0.00000000
vt 0.00000000 0.00000000
vt 0.00000000 0.00000000
vt 0.00000000 0.00000000
vt 0.00000000 0.00000000
vt 0.00000000 0.00000000
vt 0.00000000 0.00000000
vt 0.00000000 0.00000000
vt 0.00000000 0.00000000
vt 0.00000000 0.00000000
vt 0.00000000 0.00000000
vt 0.00000000 0.00000000
vt 0.00000000 0.00000000
vt 0.00000000 0.00000000
vt 0.00000000 0.00000000
vt 0.00000000 0.00000000
vt 0.00000000 0.00000000
vt 0.00000000 0.00000000
vt 0.00000000 0.00000000
vt 0.00000000 0.00000000
vt 0.00000000 0.00000000
vt 0.00000000 0.00000000
vt 0.00000000 0.00000000
vt 0.00000000 0.00000000
vt 0.00000000 0.00000000
vt 0.00000000 0.00000000
vt 0.00000000 0.00000000
vt 0.00000000 0.00000000
vt 0.00000000 0.00000000
vt 0.00000000 0.00000000
vt 0.00000000 0.00000000
vt 0.00000000 0.00000000
vt 0.00000000 0.00000000
vt 0.00000000 0.00000000
vt 0.00000000 0.00000000
vt 0.00000000 0.00000000
vt 0.00000000 0.00000000
vt 0.00000000 0.00000000
vt 0.00000000 0.00000000
vt 0.00000000 0.00000000
vt 0.00000000 0.00000000
vt 0.00000000 0.00000000
vt 0.00000000 0.00000000
vt 0.00000000 0.00000000
vt 0.00000000 0.00000000
vt 0.00000000 0.00000000
vt 0.00000000 0.00000000
vt 0.00000000 0.00000000
vt 0.00000000 0.00000000
vt 0.00000000 0.00000000
vt 0.00000000 0.00000000
vt 0.00000000 0.00000000
vt 0.00000000 0.00000000
vt 0.00000000 0.00000000
vt 0.00000000 0.00000000
vt 0.00000000 0.00000000
vt 0.00000000 0.00000000
vt 0.00000000 0.00000000
vt 0.00000000 0.00000000
vt 0.00000000 0.00000000
vt 0.00000000 0.00000000
vt 0.00000000 0.00000000
vt 0.00000000 0.00000000
vt 0.00000000 0.00000000
vt 0.00000000 0.00000000
vt 0.00000000 0.00000000
vt 0.00000000 0.00000000
vt 0.00000000 0.00000000
vt 0.00000000 0.00000000
vt 0.00000000 0.00000000
vt 0.00000000 0.00000000
vt 0.00000000 0.00000000
vt 0.00000000 0.00000000
vt 0.00000000 0.00000000
vt 0.00000000 0.00000000
vt 0.00000000 0.00000000
vt 0.00000000 0.00000000
vt 0.00000000 0.00000000
vt 0.00000000 0.00000000
vt 0.00000000 0.00000000
vt 0.00000000 0.00000000
vt 0.00000000 0.00000000
vt 0.00000000 0.00000000
vt 0.00000000 0.00000000
vt 0.00000000 0.00000000
vt 0.00000000 0.00000000
vt 0.00000000 0.00000000
vt 0.00000000 0.00000000
vt 0.00000000 0.00000000
vt 0.00000000 0.00000000
vt 0.00000000 0.00000000
vt 0.00000000 0.00000000
vt 0.00000000 0.00000000
vt 0.00000000 0.00000000
vt 0.00000000 0.00000000
vt 0.00000000 0.00000000
vt 0.00000000 0.00000000
vt 0.00000000 0.00000000
vt 0.00000000 0.00000000
vt 0.00000000 0.00000000
vt 0.00000000 0.00000000
vt 0.00000000 0.00000000
vt 0.00000000 0.00000000
vt 0.00000000 0.00000000
vt 0.00000000 0.00000000
vt 0.00000000 0.00000000
vt 0.00000000 0.00000000
vt 0.00000000 0.00000000
vt 0.00000000 0.00000000
vt 0.00000000 0.00000000
vt 0.00000000 0.00000000
vt 0.00000000 0.00000000
vt 0.00000000 0.00000000
vt 0.00000000 0.00000000
vt 0.00000000 0.00000000
vt 0.00000000 0.00000000
vt 0.00000000 0.00000000
vt 0.00000000 0.00000000
vt 0.00000000 0.00000000
vt 0.00000000 0.00000000
vt 0.00000000 0.00000000
vt 0.00000000 0.00000000
vt 0.00000000 0.00000000
vt 0.00000000 0.00000000
vt 0.00000000 0.00000000
vt 0.00000000 0.00000000
vt 0.00000000 0.00000000
vt 0.00000000 0.00000000
vt 0.00000000 0.00000000
vt 0.00000000 0.00000000
vt 0.00000000 0.00000000
vt 0.00000000 0.00000000
vt 0.00000000 0.00000000
vt 0.00000000 0.00000000
vt 0.00000000 0.00000000
vt 0.00000000 0.00000000
vt 0.00000000 0.00000000
vt 0.00000000 0.00000000
vt 0.00000000 0.00000000
vt 0.00000000 0.00000000
vt 0.00000000 0.00000000
vt 0.00000000 0.00000000
vt 0.00000000 0.00000000
vt 0.00000000 0.00000000
vt 0.00000000 0.00000000
vt 0.00000000 0.00000000
vt 0.00000000 0.00000000
vt 0.00000000 0.00000000
vt 0.00000000 0.00000000
vt 0.00000000 0.00000000
vt 0.00000000 0.00000000
vt 0.00000000 0.00000000
vt 0.00000000 0.00000000
vt 0.00000000 0.00000000
vt 0.00000000 0.00000000
vt 0.00000000 0.00000000
vt 0.00000000 0.00000000
vt 0.00000000 0.00000000
vt 0.00000000 0.00000000
vt 0.00000000 0.00000000
vt 0.00000000 0.00000000
vt 0.00000000 0.00000000
vt 0.00000000 0.00000000
vt 0.00000000 0.00000000
vt 0.00000000 0.00000000
vt 0.00000000 0.00000000
vt 0.00000000 0.00000000
vt 0.00000000 0.00000000
vt 0.00000000 0.00000000
vt 0.00000000 0.00000000
vt 0.00000000 0.00000000
vt 0.00000000 0.00000000
vt 0.00000000 0.00000000
vt 0.00000000 0.00000000
vt 0.00000000 0.00000000
vt 0.00000000 0.00000000
vt 0.00000000 0.00000000
vt 0.00000000 0.00000000
vt 0.00000000 0.00000000
vt 0.00000000 0.00000000
vt 0.00000000 0.00000000
vt 0.00000000 0.00000000
vt 0.00000000 0.00000000
vt 0.00000000 0.00000000
vt 0.00000000 0.00000000
vt 0.00000000 0.00000000
vt 0.00000000 0.00000000
vt 0.00000000 0.00000000
vt 0.00000000 0.00000000
vt 0.00000000 0.00000000
vt 0.00000000 0.00000000
vt 0.00000000 0.00000000
vt 0.00000000 0.00000000
vt 0.00000000 0.00000000
vt 0.00000000 0.00000000
vt 0.00000000 0.00000000
vt 0.00000000 0.00000000
vt 0.00000000 0.00000000
vt 0.00000000 0.00000000
vt 0.00000000 0.00000000
vt 0.00000000 0.00000000
vt 0.00000000 0.00000000
vt 0.00000000 0.00000000
vt 0.00000000 0.00000000
vt 0.00000000 0.00000000
vt 0.00000000 0.00000000
vt 0.00000000 0.00000000
vt 0.00000000 0.00000000
vt 0.00000000 0.00000000
vt 0.00000000 0.00000000
vt 0.00000000 0.00000000
vt 0.00000000 0.00000000
vt 0.00000000 0.00000000
vt 0.00000000 0.00000000
vt 0.00000000 0.00000000
vt 0.00000000 0.00000000
vt 0.00000000 0.00000000
vt 0.00000000 0.00000000
vt 0.00000000 0.00000000
vt 0.00000000 0.00000000
vt 0.00000000 0.00000000
vt 0.00000000 0.00000000
vt 0.00000000 0.00000000
vt 0.00000000 0.00000000
vt 0.00000000 0.00000000
vt 0.00000000 0.00000000
vt 0.00000000 0.00000000
vt 0.00000000 0.00000000
vt 0.00000000 0.00000000
vt 0.00000000 0.00000000
vt 0.00000000 0.00000000
vt 0.00000000 0.00000000
vt 0.00000000 0.00000000
vt 0.00000000 0.00000000
vt 0.00000000 0.00000000
vt 0.00000000 0.00000000
vt 0.00000000 0.00000000
vt 0.00000000 0.00000000
vt 0.00000000 0.00000000
vt 0.00000000 0.00000000
vt 0.00000000 0.00000000
vt 0.00000000 0.00000000
vt 0.00000000 0.00000000
vt 0.00000000 0.00000000
vt 0.00000000 0.00000000
vt 0.00000000 0.00000000
vt 0.00000000 0.00000000
vt 0.00000000 0.00000000
vt 0.00000000 0.00000000
vt 0.00000000 0.00000000
vt 0.00000000 0.00000000
vt 0.00000000 0.00000000
vt 0.00000000 0.00000000
vt 0.00000000 0.00000000
vt 0.00000000 0.00000000
vt 0.00000000 0.00000000
vt 0.00000000 0.00000000
vt 0.00000000 0.00000000
vt 0.00000000 0.00000000
vt 0.00000000 0.00000000
vt 0.00000000 0.00000000
vt 0.00000000 0.00000000
vt 0.00000000 0.00000000
vt 0.00000000 0.00000000
vt 0.00000000 0.00000000
vt 0.00000000 0.00000000
vt 0.00000000 0.00000000
vt 0.00000000 0.00000000
vt 0.00000000 0.00000000
vt 0.00000000 0.00000000
vt 0.00000000 0.00000000
vt 0.00000000 0.00000000
vt 0.00000000 0.00000000
vt 0.00000000 0.00000000
vt 0.00000000 0.00000000
vt 0.00000000 0.00000000
vt 0.00000000 0.00000000
vt 0.00000000 0.00000000
vt 0.00000000 0.00000000
vt 0.00000000 0.00000000
vt 0.00000000 0.00000000
vt 0.00000000 0.00000000
vt 0.00000000 0.00000000
vt 0.00000000 0.00000000
vt 0.00000000 0.00000000
vt 0.00000000 0.00000000
vt 0.00000000 0.00000000
vt 0.00000000 0.00000000
vt 0.00000000 0.00000000
vt 0.00000000 0.00000000
vt 0.00000000 0.00000000
vt 0.00000000 0.00000000
vt 0.00000000 0.00000000
vt 0.00000000 0.00000000
vt 0.00000000 0.00000000
vt 0.00000000 0.00000000
vt 0.00000000 0.00000000
vt 0.00000000 0.00000000
vt 0.00000000 0.00000000
vt 0.00000000 0.00000000
vt 0.00000000 0.00000000
vt 0.00000000 0.00000000
vt 0.00000000 0.00000000
vt 0.00000000 0.00000000
vt 0.00000000 0.00000000
vt 0.00000000 0.00000000
vt 0.00000000 0.00000000
vt 0.00000000 0.00000000
vt 0.00000000 0.00000000
vt 0.00000000 0.00000000
vt 0.00000000 0.00000000
vt 0.00000000 0.00000000
vt 0.00000000 0.00000000
vt 0.00000000 0.00000000
vt 0.00000000 0.00000000
vt 0.00000000 0.00000000
vt 0.00000000 0.00000000
vt 0.00000000 0.00000000
vt 0.00000000 0.00000000
vt 0.00000000 0.00000000
vt 0.00000000 0.00000000
vt 0.00000000 0.00000000
vt 0.00000000 0.00000000
vt 0.00000000 0.00000000
vt 0.00000000 0.00000000
vt 0.00000000 0.00000000
vt 0.00000000 0.00000000
vt 0.00000000 0.00000000
vt 0.00000000 0.00000000
vt 0.00000000 0.00000000
vt 0.00000000 0.00000000
vt 0.00000000 0.00000000
vt 0.00000000 0.00000000
vt 0.00000000 0.00000000
vt 0.00000000 0.00000000
vt 0.00000000 0.00000000
vt 0.00000000 0.00000000
vt 0.00000000 0.00000000
vt 0.00000000 0.00000000
vt 0.00000000 0.00000000
vt 0.00000000 0.00000000
vt 0.00000000 0.00000000
vt 0.00000000 0.00000000
vt 0.00000000 0.00000000
vt 0.00000000 0.00000000
vt 0.00000000 0.00000000
vt 0.00000000 0.00000000
vt 0.00000000 0.00000000
vt 0.00000000 0.00000000
vt 0.00000000 0.00000000
vt 0.00000000 0.00000000
vt 0.00000000 0.00000000
vt 0.00000000 0.00000000
vt 0.00000000 0.00000000
vt 0.00000000 0.00000000
vt 0.00000000 0.00000000
vt 0.00000000 0.00000000
vt 0.00000000 0.00000000
vt 0.00000000 0.00000000
vt 0.00000000 0.00000000
vt 0.00000000 0.00000000
vt 0.00000000 0.00000000
vt 0.00000000 0.00000000
vt 0.00000000 0.00000000
vt 0.00000000 0.00000000
vt 0.00000000 0.00000000
vt 0.00000000 0.00000000
vt 0.00000000 0.00000000
vt 0.00000000 0.00000000
vt 0.00000000 0.00000000
vt 0.00000000 0.00000000
vt 0.00000000 0.00000000
vt 0.00000000 0.00000000
vt 0.00000000 0.00000000
vt 0.00000000 0.00000000
vt 0.00000000 0.00000000
vt 0.00000000 0.00000000
vt 0.00000000 0.00000000
vt 0.00000000 0.00000000
vt 0.00000000 0.00000000
vt 0.00000000 0.00000000
vt 0.00000000 0.00000000
vt 0.00000000 0.00000000
vt 0.00000000 0.00000000
vt 0.00000000 0.00000000
vt 0.00000000 0.00000000
vt 0.00000000 0.00000000
vt 0.00000000 0.00000000
vt 0.00000000 0.00000000
vt 0.00000000 0.00000000
vt 0.00000000 0.00000000
vt 0.00000000 0.00000000
vt 0.00000000 0.00000000
vt 0.00000000 0.00000000
vt 0.00000000 0.00000000
vt 0.00000000 0.00000000
vt 0.00000000 0.00000000
vt 0.00000000 0.00000000
vt 0.00000000 0.00000000
vt 0.00000000 0.00000000
vt 0.00000000 0.00000000
vt 0.00000000 0.00000000
vt 0.00000000 0.00000000
vt 0.00000000 0.00000000
vt 0.00000000 0.00000000
vt 0.00000000 0.00000000
vt 0.00000000 0.00000000
vt 0.00000000 0.00000000
vt 0.00000000 0.00000000
vt 0.00000000 0.00000000
vt 0.00000000 0.00000000
vt 0.00000000 0.00000000
vt 0.00000000 0.00000000
vt 0.00000000 0.00000000
vt 0.00000000 0.00000000
vt 0.00000000 0.00000000
vt 0.00000000 0.00000000
vt 0.00000000 0.00000000
vt 0.00000000 0.00000000
vt 0.00000000 0.00000000
vt 0.00000000 0.00000000
vt 0.00000000 0.00000000
vt 0.00000000 0.00000000
vt 0.00000000 0.00000000
vt 0.00000000 0.00000000
vt 0.00000000 0.00000000
vt 0.00000000 0.00000000
vt 0.00000000 0.00000000
vt 0.00000000 0.00000000
vt 0.00000000 0.00000000
vt 0.00000000 0.00000000
vt 0.00000000 0.00000000
vt 0.00000000 0.00000000
vt 0.00000000 0.00000000
vt 0.00000000 0.00000000
vt 0.00000000 0.00000000
vt 0.00000000 0.00000000
vt 0.00000000 0.00000000
vt 0.00000000 0.00000000
vt 0.00000000 0.00000000
vt 0.00000000 0.00000000
vt 0.00000000 0.00000000
vt 0.00000000 0.00000000
vt 0.00000000 0.00000000
vt 0.00000000 0.00000000
vt 0.00000000 0.00000000
vt 0.00000000 0.00000000
vt 0.00000000 0.00000000
vt 0.00000000 0.00000000
vt 0.00000000 0.00000000
vt 0.00000000 0.00000000
vt 0.00000000 0.00000000
vt 0.00000000 0.00000000
vt 0.00000000 0.00000000
vt 0.00000000 0.00000000
vt 0.00000000 0.00000000
vt 0.00000000 0.00000000
vt 0.00000000 0.00000000
vt 0.00000000 0.00000000
vt 0.00000000 0.00000000
vt 0.00000000 0.00000000
vt 0.00000000 0.00000000
vt 0.00000000 0.00000000
vt 0.00000000 0.00000000
vt 0.00000000 0.00000000
vt 0.00000000 0.00000000
vt 0.00000000 0.00000000
vt 0.00000000 0.00000000
vt 0.00000000 0.00000000
vt 0.00000000 0.00000000
vt 0.00000000 0.00000000
vt 0.00000000 0.00000000
vt 0.00000000 0.00000000
vt 0.00000000 0.00000000
vt 0.00000000 0.00000000
vt 0.00000000 0.00000000
vt 0.00000000 0.00000000
vt 0.00000000 0.00000000
vt 0.00000000 0.00000000
vt 0.00000000 0.00000000
vt 0.00000000 0.00000000
vt 0.00000000 0.00000000
vt 0.00000000 0.00000000
vt 0.00000000 0.00000000
vt 0.00000000 0.00000000
vt 0.00000000 0.00000000
vt 0.00000000 0.00000000
vt 0.00000000 0.00000000
vt 0.00000000 0.00000000
vt 0.00000000 0.00000000
vt 0.00000000 0.00000000
vt 0.00000000 0.00000000
vt 0.00000000 0.00000000
vt 0.00000000 0.00000000
vt 0.00000000 0.00000000
vt 0.00000000 0.00000000
vt 0.00000000 0.00000000
vt 0.00000000 0.00000000
vt 0.00000000 0.00000000
vt 0.00000000 0.00000000
vt 0.00000000 0.00000000
vt 0.00000000 0.00000000
vt 0.00000000 0.00000000
vt 0.00000000 0.00000000
vt 0.00000000 0.00000000
vt 0.00000000 0.00000000
vt 0.00000000 0.00000000
vt 0.00000000 0.00000000
vt 0.00000000 0.00000000
vt 0.00000000 0.00000000
vt 0.00000000 0.00000000
vt 0.00000000 0.00000000
vt 0.00000000 0.00000000
vt 0.00000000 0.00000000
vt 0.00000000 0.00000000
vt 0.00000000 0.00000000
vt 0.00000000 0.00000000
vt 0.00000000 0.00000000
vt 0.00000000 0.00000000
vt 0.00000000 0.00000000
vt 0.00000000 0.00000000
vt 0.00000000 0.00000000
vt 0.00000000 0.00000000
vt 0.00000000 0.00000000
vt 0.00000000 0.00000000
vt 0.00000000 0.00000000
vt 0.00000000 0.00000000
vt 0.00000000 0.00000000
vt 0.00000000 0.00000000
vt 0.00000000 0.00000000
vt 0.00000000 0.00000000
vt 0.00000000 0.00000000
vt 0.00000000 0.00000000
vt 0.00000000 0.00000000
vt 0.00000000 0.00000000
vt 0.00000000 0.00000000
vt 0.00000000 0.00000000
vt 0.00000000 0.00000000
vt 0.00000000 0.00000000
vt 0.00000000 0.00000000
vt 0.00000000 0.00000000
vt 0.00000000 0.00000000
vt 0.00000000 0.00000000
vt 0.00000000 0.00000000
vt 0.00000000 0.00000000
vt 0.00000000 0.00000000
vt 0.00000000 0.00000000
vt 0.00000000 0.00000000
vt 0.00000000 0.00000000
vt 0.00000000 0.00000000
vt 0.00000000 0.00000000
vt 0.00000000 0.00000000
vt 0.00000000 0.00000000
vt 0.00000000 0.00000000
vt 0.00000000 0.00000000
vt 0.00000000 0.00000000
vt 0.00000000 0.00000000
vt 0.00000000 0.00000000
vt 0.00000000 0.00000000
vt 0.00000000 0.00000000
vt 0.00000000 0.00000000
vt 0.00000000 0.00000000
vt 0.00000000 0.00000000
vt 0.00000000 0.00000000
vt 0.00000000 0.00000000
vt 0.00000000 0.00000000
vt 0.00000000 0.00000000
vt 0.00000000 0.00000000
vt 0.00000000 0.00000000
vt 0.00000000 0.00000000
vt 0.00000000 0.00000000
vt 0.00000000 0.00000000
vt 0.00000000 0.00000000
vt 0.00000000 0.00000000
vt 0.00000000 0.00000000
vt 0.00000000 0.00000000
vt 0.00000000 0.00000000
vt 0.00000000 0.00000000
vt 0.00000000 0.00000000
vt 0.00000000 0.00000000
vt 0.00000000 0.00000000
vt 0.00000000 0.00000000
vt 0.00000000 0.00000000
vt 0.00000000 0.00000000
vt 0.00000000 0.00000000
vt 0.00000000 0.00000000
vt 0.00000000 0.00000000
vt 0.00000000 0.00000000
vt 0.00000000 0.00000000
vt 0.00000000 0.00000000
vt 0.00000000 0.00000000
vt 0.00000000 0.00000000
vt 0.00000000 0.00000000
vt 0.00000000 0.00000000
vt 0.00000000 0.00000000
vt 0.00000000 0.00000000
vt 0.00000000 0.00000000
vt 0.00000000 0.00000000
vt 0.00000000 0.00000000
vt 0.00000000 0.00000000
vt 0.00000000 0.00000000
vt 0.00000000 0.00000000
vt 0.00000000 0.00000000
vt 0.00000000 0.00000000
vt 0.00000000 0.00000000
vt 0.00000000 0.00000000
vt 0.00000000 0.00000000
vt 0.00000000 0.00000000
vt 0.00000000 0.00000000
vt 0.00000000 0.00000000
vt 0.00000000 0.00000000
vt 0.00000000 0.00000000
vt 0.00000000 0.00000000
vt 0.00000000 0.00000000
vt 0.00000000 0.00000000
vt 0.00000000 0.00000000
vt 0.00000000 0.00000000
vt 0.00000000 0.00000000
vt 0.00000000 0.00000000
vt 0.00000000 0.00000000
vt 0.00000000 0.00000000
vt 0.00000000 0.00000000
vt 0.00000000 0.00000000
vt 0.00000000 0.00000000
vt 0.00000000 0.00000000
vt 0.00000000 0.00000000
vt 0.00000000 0.00000000
vt 0.00000000 0.00000000
vt 0.00000000 0.00000000
vt 0.00000000 0.00000000
vt 0.00000000 0.00000000
vt 0.00000000 0.00000000
vt 0.00000000 0.00000000
vt 0.00000000 0.00000000
vt 0.00000000 0.00000000
vt 0.00000000 0.00000000
vt 0.00000000 0.00000000
vt 0.00000000 0.00000000
vt 0.00000000 0.00000000
vt 0.00000000 0.00000000
vt 0.00000000 0.00000000
vt 0.00000000 0.00000000
vt 0.00000000 0.00000000
vt 0.00000000 0.00000000
vt 0.00000000 0.00000000
vt 0.00000000 0.00000000
vt 0.00000000 0.00000000
vt 0.00000000 0.00000000
vt 0.00000000 0.00000000
vt 0.00000000 0.00000000
vt 0.00000000 0.00000000
vt 0.00000000 0.00000000
vt 0.00000000 0.00000000
vt 0.00000000 0.00000000
vt 0.00000000 0.00000000
vt 0.00000000 0.00000000
vt 0.00000000 0.00000000
vt 0.00000000 0.00000000
vt 0.00000000 0.00000000
vt 0.00000000 0.00000000
vt 0.00000000 0.00000000
vt 0.00000000 0.00000000
vt 0.00000000 0.00000000
vt 0.00000000 0.00000000
vt 0.00000000 0.00000000
vt 0.00000000 0.00000000
vt 0.00000000 0.00000000
vt 0.00000000 0.00000000
vt 0.00000000 0.00000000
vt 0.00000000 0.00000000
vt 0.00000000 0.00000000
vt 0.00000000 0.00000000
vt 0.00000000 0.00000000
vt 0.00000000 0.00000000
vt 0.00000000 0.00000000
vt 0.00000000 0.00000000
vt 0.00000000 0.00000000
vt 0.00000000 0.00000000
vt 0.00000000 0.00000000
vt 0.00000000 0.00000000
vt 0.00000000 0.00000000
vt 0.00000000 0.00000000
vt 0.00000000 0.00000000
vt 0.00000000 0.00000000
vt 0.00000000 0.00000000
vt 0.00000000 0.00000000
vt 0.00000000 0.00000000
vt 0.00000000 0.00000000
vt 0.00000000 0.00000000
vt 0.00000000 0.00000000
vt 0.00000000 0.00000000
vt 0.00000000 0.00000000
vt 0.00000000 0.00000000
vt 0.00000000 0.00000000
vt 0.00000000 0.00000000
vt 0.00000000 0.00000000
vt 0.00000000 0.00000000
vt 0.00000000 0.00000000
vt 0.00000000 0.00000000
vt 0.00000000 0.00000000
vt 0.00000000 0.00000000
vt 0.00000000 0.00000000
vt 0.00000000 0.00000000
vt 0.00000000 0.00000000
vt 0.00000000 0.00000000
vt 0.00000000 0.00000000
vt 0.00000000 0.00000000
vt 0.00000000 0.00000000
vt 0.00000000 0.00000000
vt 0.00000000 0.00000000
vt 0.00000000 0.00000000
vt 0.00000000 0.00000000
vt 0.00000000 0.00000000
vt 0.00000000 0.00000000
vt 0.00000000 0.00000000
vt 0.00000000 0.00000000
vt 0.00000000 0.00000000
vt 0.00000000 0.00000000
vt 0.00000000 0.00000000
vt 0.00000000 0.00000000
vt 0.00000000 0.00000000
vt 0.00000000 0.00000000
vt 0.00000000 0.00000000
vt 0.00000000 0.00000000
vt 0.00000000 0.00000000
vt 0.00000000 0.00000000
vt 0.00000000 0.00000000
vt 0.00000000 0.00000000
vt 0.00000000 0.00000000
vt 0.00000000 0.00000000
vt 0.00000000 0.00000000
vt 0.00000000 0.00000000
vt 0.00000000 0.00000000
vt 0.00000000 0.00000000
vt 0.00000000 0.00000000
vt 0.00000000 0.00000000
vt 0.00000000 0.00000000
vt 0.00000000 0.00000000
vt 0.00000000 0.00000000
vt 0.00000000 0.00000000
vt 0.00000000 0.00000000
vt 0.00000000 0.00000000
vt 0.00000000 0.00000000
vt 0.00000000 0.00000000
vt 0.00000000 0.00000000
vt 0.00000000 0.00000000
vt 0.00000000 0.00000000
vt 0.00000000 0.00000000
vt 0.00000000 0.00000000
vt 0.00000000 0.00000000
vt 0.00000000 0.00000000
vt 0.00000000 0.00000000
vt 0.00000000 0.00000000
vt 0.00000000 0.00000000
vt 0.00000000 0.00000000
vt 0.00000000 0.00000000
vt 0.00000000 0.00000000
vt 0.00000000 0.00000000
vt 0.00000000 0.00000000
vt 0.00000000 0.00000000
vt 0.00000000 0.00000000
vt 0.00000000 0.00000000
vt 0.00000000 0.00000000
vt 0.00000000 0.00000000
vt 0.00000000 0.00000000
vt 0.00000000 0.00000000
vt 0.00000000 0.00000000
vt 0.00000000 0.00000000
vt 0.00000000 0.00000000
vt 0.00000000 0.00000000
vt 0.00000000 0.00000000
vt 0.00000000 0.00000000
vt 0.00000000 0.00000000
vt 0.00000000 0.00000000
vt 0.00000000 0.00000000
vt 0.00000000 0.00000000
vt 0.00000000 0.00000000
vt 0.00000000 0.00000000
vt 0.00000000 0.00000000
vt 0.00000000 0.00000000
vt 0.00000000 0.00000000
vt 0.00000000 0.00000000
vt 0.00000000 0.00000000
vt 0.00000000 0.00000000
vt 0.00000000 0.00000000
vt 0.00000000 0.00000000
vt 0.00000000 0.00000000
vt 0.00000000 0.00000000
vt 0.00000000 0.00000000
vt 0.00000000 0.00000000
vt 0.00000000 0.00000000
vt 0.00000000 0.00000000
vt 0.00000000 0.00000000
vt 0.00000000 0.00000000
vt 0.00000000 0.00000000
vt 0.00000000 0.00000000
vt 0.00000000 0.00000000
vt 0.00000000 0.00000000
vt 0.00000000 0.00000000
vt 0.00000000 0.00000000
vt 0.00000000 0.00000000
vt 0.00000000 0.00000000
vt 0.00000000 0.00000000
vt 0.00000000 0.00000000
vt 0.00000000 0.00000000
vt 0.00000000 0.00000000
vt 0.00000000 0.00000000
vt 0.00000000 0.00000000
vt 0.00000000 0.00000000
vt 0.00000000 0.00000000
vt 0.00000000 0.00000000
vt 0.00000000 0.00000000
vt 0.00000000 0.00000000
vt 0.00000000 0.00000000
vt 0.00000000 0.00000000
vt 0.00000000 0.00000000
vt 0.00000000 0.00000000
vt 0.00000000 0.00000000
vt 0.00000000 0.00000000
vt 0.00000000 0.00000000
vt 0.00000000 0.00000000
vt 0.00000000 0.00000000
vt 0.00000000 0.00000000
vt 0.00000000 0.00000000
vt 0.00000000 0.00000000
vt 0.00000000 0.00000000
vt 0.00000000 0.00000000
vt 0.00000000 0.00000000
vt 0.00000000 0.00000000
vt 0.00000000 0.00000000
vt 0.00000000 0.00000000
vt 0.00000000 0.00000000
vt 0.00000000 0.00000000
vt 0.00000000 0.00000000
vt 0.00000000 0.00000000
vt 0.00000000 0.00000000
vt 0.00000000 0.00000000
vt 0.00000000 0.00000000
vt 0.00000000 0.00000000
vt 0.00000000 0.00000000
vt 0.00000000 0.00000000
vt 0.00000000 0.00000000
vt 0.00000000 0.00000000
vt 0.00000000 0.00000000
vt 0.00000000 0.00000000
vt 0.00000000 0.00000000
vt 0.00000000 0.00000000
vt 0.00000000 0.00000000
vt 0.00000000 0.00000000
vt 0.00000000 0.00000000
vt 0.00000000 0.00000000
vt 0.00000000 0.00000000
vt 0.00000000 0.00000000
vt 0.00000000 0.00000000
vt 0.00000000 0.00000000
vt 0.00000000 0.00000000
vt 0.00000000 0.00000000
vt 0.00000000 0.00000000
vt 0.00000000 0.00000000
vt 0.00000000 0.00000000
vt 0.00000000 0.00000000
vt 0.00000000 0.00000000
vt 0.00000000 0.00000000
vt 0.00000000 0.00000000
vt 0.00000000 0.00000000
vt 0.00000000 0.00000000
vt 0.00000000 0.00000000
vt 0.00000000 0.00000000
vt 0.00000000 0.00000000
vt 0.00000000 0.00000000
vt 0.00000000 0.00000000
vt 0.00000000 0.00000000
vt 0.00000000 0.00000000
vt 0.00000000 0.00000000
vt 0.00000000 0.00000000
vt 0.00000000 0.00000000
vt 0.00000000 0.00000000
vt 0.00000000 0.00000000
vt 0.00000000 0.00000000
vt 0.00000000 0.00000000
vt 0.00000000 0.00000000
vt 0.00000000 0.00000000
vt 0.00000000 0.00000000
vt 0.00000000 0.00000000
vt 0.00000000 0.00000000
vt 0.00000000 0.00000000
vt 0.00000000 0.00000000
vt 0.00000000 0.00000000
vt 0.00000000 0.00000000
vt 0.00000000 0.00000000
vt 0.00000000 0.00000000
vt 0.00000000 0.00000000
vt 0.00000000 0.00000000
vt 0.00000000 0.00000000
vt 0.00000000 0.00000000
vt 0.00000000 0.00000000
vt 0.00000000 0.00000000
vt 0.00000000 0.00000000
vt 0.00000000 0.00000000
vt 0.00000000 0.00000000
vt 0.00000000 0.00000000
vt 0.00000000 0.00000000
vt 0.00000000 0.00000000
vt 0.00000000 0.00000000
vt 0.00000000 0.00000000
vt 0.00000000 0.00000000
vt 0.00000000 0.00000000
vt 0.00000000 0.00000000
vt 0.00000000 0.00000000
vt 0.00000000 0.00000000
vt 0.00000000 0.00000000
vt 0.00000000 0.00000000
vt 0.00000000 0.00000000
vt 0.00000000 0.00000000
vt 0.00000000 0.00000000
vt 0.00000000 0.00000000
vt 0.00000000 0.00000000
vt 0.00000000 0.00000000
vt 0.00000000 0.00000000
vt 0.00000000 0.00000000
vt 0.00000000 0.00000000
vt 0.00000000 0.00000000
vt 0.00000000 0.00000000
vt 0.00000000 0.00000000
vt 0.00000000 0.00000000
vt 0.00000000 0.00000000
vt 0.00000000 0.00000000
vt 0.00000000 0.00000000
vt 0.00000000 0.00000000
vt 0.00000000 0.00000000
vt 0.00000000 0.00000000
vt 0.00000000 0.00000000
vt 0.00000000 0.00000000
vt 0.00000000 0.00000000
vt 0.00000000 0.00000000
vt 0.00000000 0.00000000
vt 0.00000000 0.00000000
vt 0.00000000 0.00000000
vt 0.00000000 0.00000000
vt 0.00000000 0.00000000
vt 0.00000000 0.00000000
vt 0.00000000 0.00000000
vt 0.00000000 0.00000000
vt 0.00000000 0.00000000
vt 0.00000000 0.00000000
vt 0.00000000 0.00000000
vt 0.00000000 0.00000000
vt 0.00000000 0.00000000
vt 0.00000000 0.00000000
vt 0.00000000 0.00000000
vt 0.00000000 0.00000000
vt 0.00000000 0.00000000
vt 0.00000000 0.00000000
vt 0.00000000 0.00000000
vt 0.00000000 0.00000000
vt 0.00000000 0.00000000
vt 0.00000000 0.00000000
vt 0.00000000 0.00000000
vt 0.00000000 0.00000000
vt 0.00000000 0.00000000
vt 0.00000000 0.00000000
vt 0.00000000 0.00000000
vt 0.00000000 0.00000000
vt 0.00000000 0.00000000
vt 0.00000000 0.00000000
vt 0.00000000 0.00000000
vt 0.00000000 0.00000000
vt 0.00000000 0.00000000
vt 0.00000000 0.00000000
vt 0.00000000 0.00000000
vt 0.00000000 0.00000000
vt 0.00000000 0.00000000
vt 0.00000000 0.00000000
vt 0.00000000 0.00000000
vt 0.00000000 0.00000000
vt 0.00000000 0.00000000
vt 0.00000000 0.00000000
vt 0.00000000 0.00000000
vt 0.00000000 0.00000000
vt 0.00000000 0.00000000
vt 0.00000000 0.00000000
vt 0.00000000 0.00000000
vt 0.00000000 0.00000000
vt 0.00000000 0.00000000
vt 0.00000000 0.00000000
vt 0.00000000 0.00000000
vt 0.00000000 0.00000000
vt 0.00000000 0.00000000
vt 0.00000000 0.00000000
vt 0.00000000 0.00000000
vt 0.00000000 0.00000000
vt 0.00000000 0.00000000
vt 0.00000000 0.00000000
vt 0.00000000 0.00000000
vt 0.00000000 0.00000000
vt 0.00000000 0.00000000
vt 0.00000000 0.00000000
vt 0.00000000 0.00000000
vt 0.00000000 0.00000000
vt 0.00000000 0.00000000
vt 0.00000000 0.00000000
vt 0.00000000 0.00000000
vt 0.00000000 0.00000000
vt 0.00000000 0.00000000
vt 0.00000000 0.00000000
vt 0.00000000 0.00000000
vt 0.00000000 0.00000000
vt 0.00000000 0.00000000
vt 0.00000000 0.00000000
vt 0.00000000 0.00000000
vt 0.00000000 0.00000000
vt 0.00000000 0.00000000
vt 0.00000000 0.00000000
vt 0.00000000 0.00000000
vt 0.00000000 0.00000000
vt 0.00000000 0.00000000
vt 0.00000000 0.00000000
vt 0.00000000 0.00000000
vt 0.00000000 0.00000000
vt 0.00000000 0.00000000
vt 0.00000000 0.00000000
vt 0.00000000 0.00000000
vt 0.00000000 0.00000000
vt 0.00000000 0.00000000
vt 0.00000000 0.00000000
vt 0.00000000 0.00000000
vt 0.00000000 0.00000000
vt 0.00000000 0.00000000
vt 0.00000000 0.00000000
vt 0.00000000 0.00000000
vt 0.00000000 0.00000000
vt 0.00000000 0.00000000
vt 0.00000000 0.00000000
vt 0.00000000 0.00000000
vt 0.00000000 0.00000000
vt 0.00000000 0.00000000
vt 0.00000000 0.00000000
vt 0.00000000 0.00000000
vt 0.00000000 0.00000000
vt 0.00000000 0.00000000
vt 0.00000000 0.00000000
vt 0.00000000 0.00000000
vt 0.00000000 0.00000000
vt 0.00000000 0.00000000
vt 0.00000000 0.00000000
vt 0.00000000 0.00000000
vt 0.00000000 0.00000000
vt 0.00000000 0.00000000
vt 0.00000000 0.00000000
vt 0.00000000 0.00000000
vt 0.00000000 0.00000000
vt 0.00000000 0.00000000
vt 0.00000000 0.00000000
vt 0.00000000 0.00000000
vt 0.00000000 0.00000000
vt 0.00000000 0.00000000
vt 0.00000000 0.00000000
vt 0.00000000 0.00000000
vt 0.00000000 0.00000000
vt 0.00000000 0.00000000
vt 0.00000000 0.00000000
vt 0.00000000 0.00000000
vt 0.00000000 0.00000000
vt 0.00000000 0.00000000
vt 0.00000000 0.00000000
vt 0.00000000 0.00000000
vt 0.00000000 0.00000000
vt 0.00000000 0.00000000
vt 0.00000000 0.00000000
vt 0.00000000 0.00000000
vt 0.00000000 0.00000000
vt 0.00000000 0.00000000
vt 0.00000000 0.00000000
vt 0.00000000 0.00000000
vt 0.00000000 0.00000000
vt 0.00000000 0.00000000
vt 0.00000000 0.00000000
vt 0.00000000 0.00000000
vt 0.00000000 0.00000000
vt 0.00000000 0.00000000
vt 0.00000000 0.00000000
vt 0.00000000 0.00000000
vt 0.00000000 0.00000000
vt 0.00000000 0.00000000
vt 0.00000000 0.00000000
vt 0.00000000 0.00000000
vt 0.00000000 0.00000000
vt 0.00000000 0.00000000
vt 0.00000000 0.00000000
vt 0.00000000 0.00000000
vt 0.00000000 0.00000000
vt 0.00000000 0.00000000
vt 0.00000000 0.00000000
vt 0.00000000 0.00000000
vt 0.00000000 0.00000000
vt 0.00000000 0.00000000
vt 0.00000000 0.00000000
vt 0.00000000 0.00000000
vt 0.00000000 0.00000000
vt 0.00000000 0.00000000
vt 0.00000000 0.00000000
vt 0.00000000 0.00000000
vt 0.00000000 0.00000000
vt 0.00000000 0.00000000
vt 0.00000000 0.00000000
vt 0.00000000 0.00000000
vt 0.00000000 0.00000000
vt 0.00000000 0.00000000
vt 0.00000000 0.00000000
vt 0.00000000 0.00000000
vt 0.00000000 0.00000000
vt 0.00000000 0.00000000
vt 0.00000000 0.00000000
vt 0.00000000 0.00000000
vt 0.00000000 0.00000000
vt 0.00000000 0.00000000
vt 0.00000000 0.00000000
vt 0.00000000 0.00000000
vt 0.00000000 0.00000000
vt 0.00000000 0.00000000
vt 0.00000000 0.00000000
vt 0.00000000 0.00000000
vt 0.00000000 0.00000000
vt 0.00000000 0.00000000
vt 0.00000000 0.00000000
vt 0.00000000 0.00000000
vt 0.00000000 0.00000000
vt 0.00000000 0.00000000
vt 0.00000000 0.00000000
vt 0.00000000 0.00000000
vt 0.00000000 0.00000000
vt 0.00000000 0.00000000
vt 0.00000000 0.00000000
vt 0.00000000 0.00000000
vt 0.00000000 0.00000000
vt 0.00000000 0.00000000
vt 0.00000000 0.00000000
vt 0.00000000 0.00000000
vt 0.00000000 0.00000000
vt 0.00000000 0.00000000
vt 0.00000000 0.00000000
vt 0.00000000 0.00000000
vt 0.00000000 0.00000000
vt 0.00000000 0.00000000
vt 0.00000000 0.00000000
vt 0.00000000 0.00000000
vt 0.00000000 0.00000000
vt 0.00000000 0.00000000
vt 0.00000000 0.00000000
vt 0.00000000 0.00000000
vt 0.00000000 0.00000000
vt 0.00000000 0.00000000
vt 0.00000000 0.00000000
vt 0.00000000 0.00000000
vt 0.00000000 0.00000000
vt 0.00000000 0.00000000
vt 0.00000000 0.00000000
vt 0.00000000 0.00000000
vt 0.00000000 0.00000000
vt 0.00000000 0.00000000
vt 0.00000000 0.00000000
vt 0.00000000 0.00000000
vt 0.00000000 0.00000000
vt 0.00000000 0.00000000
vt 0.00000000 0.00000000
vt 0.00000000 0.00000000
vt 0.00000000 0.00000000
vt 0.00000000 0.00000000
vt 0.00000000 0.00000000
vt 0.00000000 0.00000000
vt 0.00000000 0.00000000
vt 0.00000000 0.00000000
vt 0.00000000 0.00000000
vt 0.00000000 0.00000000
vt 0.00000000 0.00000000
vt 0.00000000 0.00000000
vt 0.00000000 0.00000000
vt 0.00000000 0.00000000
vt 0.00000000 0.00000000
vt 0.00000000 0.00000000
vt 0.00000000 0.00000000
vt 0.00000000 0.00000000
vt 0.00000000 0.00000000
vt 0.00000000 0.00000000
vt 0.00000000 0.00000000
vt 0.00000000 0.00000000
vt 0.00000000 0.00000000
vt 0.00000000 0.00000000
vt 0.00000000 0.00000000
vt 0.00000000 0.00000000
vt 0.00000000 0.00000000
vt 0.00000000 0.00000000
vt 0.00000000 0.00000000
vt 0.00000000 0.00000000
vt 0.00000000 0.00000000
vt 0.00000000 0.00000000
vt 0.00000000 0.00000000
vt 0.00000000 0.00000000
vt 0.00000000 0.00000000
vt 0.00000000 0.00000000
vt 0.00000000 0.00000000
vt 0.00000000 0.00000000
vt 0.00000000 0.00000000
vt 0.00000000 0.00000000
vt 0.00000000 0.00000000
vt 0.00000000 0.00000000
vt 0.00000000 0.00000000
vt 0.00000000 0.00000000
vt 0.00000000 0.00000000
vt 0.00000000 0.00000000
vt 0.00000000 0.00000000
vt 0.00000000 0.00000000
vt 0.00000000 0.00000000
vt 0.00000000 0.00000000
vt 0.00000000 0.00000000
vt 0.00000000 0.00000000
vt 0.00000000 0.00000000
vt 0.00000000 0.00000000
vt 0.00000000 0.00000000
vt 0.00000000 0.00000000
vt 0.00000000 0.00000000
vt 0.00000000 0.00000000
vt 0.00000000 0.00000000
vt 0.00000000 0.00000000
vt 0.00000000 0.00000000
vt 0.00000000 0.00000000
vt 0.00000000 0.00000000
vt 0.00000000 0.00000000
vt 0.00000000 0.00000000
vt 0.00000000 0.00000000
vt 0.00000000 0.00000000
vt 0.00000000 0.00000000
vt 0.00000000 0.00000000
vt 0.00000000 0.00000000
vt 0.00000000 0.00000000
vt 0.00000000 0.00000000
vt 0.00000000 0.00000000
vt 0.00000000 0.00000000
vt 0.00000000 0.00000000
vt 0.00000000 0.00000000
vt 0.00000000 0.00000000
vt 0.00000000 0.00000000
vt 0.00000000 0.00000000
vt 0.00000000 0.00000000
vt 0.00000000 0.00000000
vt 0.00000000 0.00000000
vt 0.00000000 0.00000000
vt 0.00000000 0.00000000
vt 0.00000000 0.00000000
vt 0.00000000 0.00000000
vt 0.00000000 0.00000000
vt 0.00000000 0.00000000
vt 0.00000000 0.00000000
vt 0.00000000 0.00000000
vt 0.00000000 0.00000000
vt 0.00000000 0.00000000
vt 0.00000000 0.00000000
vt 0.00000000 0.00000000
vt 0.00000000 0.00000000
vt 0.00000000 0.00000000
vt 0.00000000 0.00000000
vt 0.00000000 0.00000000
vt 0.00000000 0.00000000
vt 0.00000000 0.00000000
vt 0.00000000 0.00000000
vt 0.00000000 0.00000000
vt 0.00000000 0.00000000
vt 0.00000000 0.00000000
vt 0.00000000 0.00000000
vt 0.00000000 0.00000000
vt 0.00000000 0.00000000
vt 0.00000000 0.00000000
vt 0.00000000 0.00000000
vt 0.00000000 0.00000000
vt 0.00000000 0.00000000
vt 0.00000000 0.00000000
vt 0.00000000 0.00000000
vt 0.00000000 0.00000000
vt 0.00000000 0.00000000
vt 0.00000000 0.00000000
vt 0.00000000 0.00000000
vt 0.00000000 0.00000000
vt 0.00000000 0.00000000
vt 0.00000000 0.00000000
vt 0.00000000 0.00000000
vt 0.00000000 0.00000000
vt 0.00000000 0.00000000
vt 0.00000000 0.00000000
vt 0.00000000 0.00000000
vt 0.00000000 0.00000000
vt 0.00000000 0.00000000
vt 0.00000000 0.00000000
vt 0.00000000 0.00000000
vt 0.00000000 0.00000000
vt 0.00000000 0.00000000
vt 0.00000000 0.00000000
vt 0.00000000 0.00000000
vt 0.00000000 0.00000000
vt 0.00000000 0.00000000
vt 0.00000000 0.00000000
vt 0.00000000 0.00000000
vt 0.00000000 0.00000000
vt 0.00000000 0.00000000
vt 0.00000000 0.00000000
vt 0.00000000 0.00000000
vt 0.00000000 0.00000000
vt 0.00000000 0.00000000
vt 0.00000000 0.00000000
vt 0.00000000 0.00000000
vt 0.00000000 0.00000000
vt 0.00000000 0.00000000
vt 0.00000000 0.00000000
vt 0.00000000 0.00000000
vt 0.00000000 0.00000000
vt 0.00000000 0.00000000
vt 0.00000000 0.00000000
vt 0.00000000 0.00000000
vt 0.00000000 0.00000000
vt 0.00000000 0.00000000
vt 0.00000000 0.00000000
vt 0.00000000 0.00000000
vt 0.00000000 0.00000000
vt 0.00000000 0.00000000
vt 0.00000000 0.00000000
vt 0.00000000 0.00000000
vt 0.00000000 0.00000000
vt 0.00000000 0.00000000
vt 0.00000000 0.00000000
vt 0.00000000 0.00000000
vt 0.00000000 0.00000000
vt 0.00000000 0.00000000
vt 0.00000000 0.00000000
vt 0.00000000 0.00000000
vt 0.00000000 0.00000000
vt 0.00000000 0.00000000
vt 0.00000000 0.00000000
vt 0.00000000 0.00000000
vt 0.00000000 0.00000000
vt 0.00000000 0.00000000
vt 0.00000000 0.00000000
vt 0.00000000 0.00000000
vt 0.00000000 0.00000000
vt 0.00000000 0.00000000
vt 0.00000000 0.00000000
vt 0.00000000 0.00000000
vt 0.00000000 0.00000000
vt 0.00000000 0.00000000
vt 0.00000000 0.00000000
vt 0.00000000 0.00000000
vt 0.00000000 0.00000000
vt 0.00000000 0.00000000
vt 0.00000000 0.00000000
vt 0.00000000 0.00000000
vt 0.00000000 0.00000000
vt 0.00000000 0.00000000
vt 0.00000000 0.00000000
vt 0.00000000 0.00000000
vt 0.00000000 0.00000000
vt 0.00000000 0.00000000
vt 0.00000000 0.00000000
vt 0.00000000 0.00000000
vt 0.00000000 0.00000000
vt 0.00000000 0.00000000
vt 0.00000000 0.00000000
vt 0.00000000 0.00000000
vt 0.00000000 0.00000000
vt 0.00000000 0.00000000
vt 0.00000000 0.00000000
vt 0.00000000 0.00000000
vt 0.00000000 0.00000000
vt 0.00000000 0.00000000
vt 0.00000000 0.00000000
vt 0.00000000 0.00000000
vt 0.00000000 0.00000000
vt 0.00000000 0.00000000
vt 0.00000000 0.00000000
vt 0.00000000 0.00000000
vt 0.00000000 0.00000000
vt 0.00000000 0.00000000
vt 0.00000000 0.00000000
vt 0.00000000 0.00000000
vt 0.00000000 0.00000000
vt 0.00000000 0.00000000
vt 0.00000000 0.00000000
vt 0.00000000 0.00000000
vt 0.00000000 0.00000000
vt 0.00000000 0.00000000
vt 0.00000000 0.00000000
vt 0.00000000 0.00000000
vt 0.00000000 0.00000000
vt 0.00000000 0.00000000
vt 0.00000000 0.00000000
vt 0.00000000 0.00000000
vt 0.00000000 0.00000000
vt 0.00000000 0.00000000
vt 0.00000000 0.00000000
vt 0.00000000 0.00000000
vt 0.00000000 0.00000000
vt 0.00000000 0.00000000
vt 0.00000000 0.00000000
vt 0.00000000 0.00000000
vt 0.00000000 0.00000000
vt 0.00000000 0.00000000
vt 0.00000000 0.00000000
vt 0.00000000 0.00000000
vt 0.00000000 0.00000000
vt 0.00000000 0.00000000
vt 0.00000000 0.00000000
vt 0.00000000 0.00000000
vt 0.00000000 0.00000000
vt 0.00000000 0.00000000
vt 0.00000000 0.00000000
vt 0.00000000 0.00000000
vt 0.00000000 0.00000000
vt 0.00000000 0.00000000
vt 0.00000000 0.00000000
vt 0.00000000 0.00000000
vt 0.00000000 0.00000000
vt 0.00000000 0.00000000
vt 0.00000000 0.00000000
vt 0.00000000 0.00000000
vt 0.00000000 0.00000000
vt 0.00000000 0.00000000
vt 0.00000000 0.00000000
vt 0.00000000 0.00000000
vt 0.00000000 0.00000000
vt 0.00000000 0.00000000
vt 0.00000000 0.00000000
vt 0.00000000 0.00000000
vt 0.00000000 0.00000000
vt 0.00000000 0.00000000
vt 0.00000000 0.00000000
vt 0.00000000 0.00000000
vt 0.00000000 0.00000000
vt 0.00000000 0.00000000
vt 0.00000000 0.00000000
vt 0.00000000 0.00000000
vt 0.00000000 0.00000000
vt 0.00000000 0.00000000
vt 0.00000000 0.00000000
vt 0.00000000 0.00000000
vt 0.00000000 0.00000000
vt 0.00000000 0.00000000
vt 0.00000000 0.00000000
vt 0.00000000 0.00000000
vt 0.00000000 0.00000000
vt 0.00000000 0.00000000
vt 0.00000000 0.00000000
vt 0.00000000 0.00000000
vt 0.00000000 0.00000000
vt 0.00000000 0.00000000
vt 0.00000000 0.00000000
vt 0.00000000 0.00000000
vt 0.00000000 0.00000000
vt 0.00000000 0.00000000
vt 0.00000000 0.00000000
vt 0.00000000 0.00000000
vt 0.00000000 0.00000000
vt 0.00000000 0.00000000
vt 0.00000000 0.00000000
vt 0.00000000 0.00000000
vt 0.00000000 0.00000000
vt 0.00000000 0.00000000
vt 0.00000000 0.00000000
vt 0.00000000 0.00000000
vt 0.00000000 0.00000000
vt 0.00000000 0.00000000
vt 0.00000000 0.00000000
vt 0.00000000 0.00000000
vt 0.00000000 0.00000000
vt 0.00000000 0.00000000
vt 0.00000000 0.00000000
vt 0.00000000 0.00000000
vt 0.00000000 0.00000000
vt 0.00000000 0.00000000
vt 0.00000000 0.00000000
vt 0.00000000 0.00000000
vt 0.00000000 0.00000000
vt 0.00000000 0.00000000
vt 0.00000000 0.00000000
vt 0.00000000 0.00000000
vt 0.00000000 0.00000000
vt 0.00000000 0.00000000
vt 0.00000000 0.00000000
vt 0.00000000 0.00000000
vt 0.00000000 0.00000000
vt 0.00000000 0.00000000
vt 0.00000000 0.00000000
vt 0.00000000 0.00000000
vt 0.00000000 0.00000000
vt 0.00000000 0.00000000
vt 0.00000000 0.00000000
vt 0.00000000 0.00000000
vt 0.00000000 0.00000000
vt 0.00000000 0.00000000
vt 0.00000000 0.00000000
vt 0.00000000 0.00000000
vt 0.00000000 0.00000000
vt 0.00000000 0.00000000
vt 0.00000000 0.00000000
vt 0.00000000 0.00000000
vt 0.00000000 0.00000000
vt 0.00000000 0.00000000
vt 0.00000000 0.00000000
vt 0.00000000 0.00000000
vt 0.00000000 0.00000000
vt 0.00000000 0.00000000
vt 0.00000000 0.00000000
vt 0.00000000 0.00000000
vt 0.00000000 0.00000000
vt 0.00000000 0.00000000
vt 0.00000000 0.00000000
vt 0.00000000 0.00000000
vt 0.00000000 0.00000000
vt 0.00000000 0.00000000
vt 0.00000000 0.00000000
vt 0.00000000 0.00000000
vt 0.00000000 0.00000000
vt 0.00000000 0.00000000
vt 0.00000000 0.00000000
vt 0.00000000 0.00000000
vt 0.00000000 0.00000000
vt 0.00000000 0.00000000
vt 0.00000000 0.00000000
vt 0.00000000 0.00000000
vt 0.00000000 0.00000000
vt 0.00000000 0.00000000
vt 0.00000000 0.00000000
vt 0.00000000 0.00000000
vt 0.00000000 0.00000000
vt 0.00000000 0.00000000
vt 0.00000000 0.00000000
vt 0.00000000 0.00000000
vt 0.00000000 0.00000000
vt 0.00000000 0.00000000
vt 0.00000000 0.00000000
vt 0.00000000 0.00000000
vt 0.00000000 0.00000000
vt 0.00000000 0.00000000
vt 0.00000000 0.00000000
vt 0.00000000 0.00000000
vt 0.00000000 0.00000000
vt 0.00000000 0.00000000
vt 0.00000000 0.00000000
vt 0.00000000 0.00000000
vt 0.00000000 0.00000000
vt 0.00000000 0.00000000
vt 0.00000000 0.00000000
vt 0.00000000 0.00000000
vt 0.00000000 0.00000000
vt 0.00000000 0.00000000
vt 0.00000000 0.00000000
vt 0.00000000 0.00000000
vt 0.00000000 0.00000000
vt 0.00000000 0.00000000
vt 0.00000000 0.00000000
vt 0.00000000 0.00000000
vt 0.00000000 0.00000000
vt 0.00000000 0.00000000
vt 0.00000000 0.00000000
vt 0.00000000 0.00000000
vt 0.00000000 0.00000000
vt 0.00000000 0.00000000
vt 0.00000000 0.00000000
vt 0.00000000 0.00000000
vt 0.00000000 0.00000000
vt 0.00000000 0.00000000
vt 0.00000000 0.00000000
vt 0.00000000 0.00000000
vt 0.00000000 0.00000000
vt 0.00000000 0.00000000
vt 0.00000000 0.00000000
vt 0.00000000 0.00000000
vt 0.00000000 0.00000000
vt 0.00000000 0.00000000
vt 0.00000000 0.00000000
vt 0.00000000 0.00000000
vt 0.00000000 0.00000000
vt 0.00000000 0.00000000
vt 0.00000000 0.00000000
vt 0.00000000 0.00000000
vt 0.00000000 0.00000000
vt 0.00000000 0.00000000
vt 0.00000000 0.00000000
vt 0.00000000 0.00000000
vt 0.00000000 0.00000000
vt 0.00000000 0.00000000
vt 0.00000000 0.00000000
vt 0.00000000 0.00000000
vt 0.00000000 0.00000000
vt 0.00000000 0.00000000
vt 0.00000000 0.00000000
vt 0.00000000 0.00000000
vt 0.00000000 0.00000000
vt 0.00000000 0.00000000
vt 0.00000000 0.00000000
vt 0.00000000 0.00000000
vt 0.00000000 0.00000000
vt 0.00000000 0.00000000
vt 0.00000000 0.00000000
vt 0.00000000 0.00000000
vt 0.00000000 0.00000000
vt 0.00000000 0.00000000
vt 0.00000000 0.00000000
vt 0.00000000 0.00000000
vt 0.00000000 0.00000000
vt 0.00000000 0.00000000
vt 0.00000000 0.00000000
vt 0.00000000 0.00000000
vt 0.00000000 0.00000000
vt 0.00000000 0.00000000
vt 0.00000000 0.00000000
vt 0.00000000 0.00000000
vt 0.00000000 0.00000000
vt 0.00000000 0.00000000
vt 0.00000000 0.00000000
vt 0.00000000 0.00000000
vt 0.00000000 0.00000000
vt 0.00000000 0.00000000
vt 0.00000000 0.00000000
vt 0.00000000 0.00000000
vt 0.00000000 0.00000000
vt 0.00000000 0.00000000
vt 0.00000000 0.00000000
vt 0.00000000 0.00000000
vt 0.00000000 0.00000000
vt 0.00000000 0.00000000
vt 0.00000000 0.00000000
vt 0.00000000 0.00000000
vt 0.00000000 0.00000000
vt 0.00000000 0.00000000
vt 0.00000000 0.00000000
vt 0.00000000 0.00000000
vt 0.00000000 0.00000000
vt 0.00000000 0.00000000
vt 0.00000000 0.00000000
vt 0.00000000 0.00000000
vt 0.00000000 0.00000000
vt 0.00000000 0.00000000
vt 0.00000000 0.00000000
vt 0.00000000 0.00000000
vt 0.00000000 0.00000000
vt 0.00000000 0.00000000
vt 0.00000000 0.00000000
vt 0.00000000 0.00000000
vt 0.00000000 0.00000000
vt 0.00000000 0.00000000
vt 0.00000000 0.00000000
vt 0.00000000 0.00000000
vt 0.00000000 0.00000000
vt 0.00000000 0.00000000
vt 0.00000000 0.00000000
vt 0.00000000 0.00000000
vt 0.00000000 0.00000000
vt 0.00000000 0.00000000
vt 0.00000000 0.00000000
vt 0.00000000 0.00000000
vt 0.00000000 0.00000000
vt 0.00000000 0.00000000
vt 0.00000000 0.00000000
vt 0.00000000 0.00000000
vt 0.00000000 0.00000000
vt 0.00000000 0.00000000
vt 0.00000000 0.00000000
vt 0.00000000 0.00000000
vt 0.00000000 0.00000000
vt 0.00000000 0.00000000
vt 0.00000000 0.00000000
vt 0.00000000 0.00000000
vt 0.00000000 0.00000000
vt 0.00000000 0.00000000
vt 0.00000000 0.00000000
vt 0.00000000 0.00000000
vt 0.00000000 0.00000000
vt 0.00000000 0.00000000
vt 0.00000000 0.00000000
vt 0.00000000 0.00000000
vt 0.00000000 0.00000000
vt 0.00000000 0.00000000
vt 0.00000000 0.00000000
vt 0.00000000 0.00000000
vt 0.00000000 0.00000000
vt 0.00000000 0.00000000
vt 0.00000000 0.00000000
vt 0.00000000 0.00000000
vt 0.00000000 0.00000000
vt 0.00000000 0.00000000
vt 0.00000000 0.00000000
vt 0.00000000 0.00000000
vt 0.00000000 0.00000000
vt 0.00000000 0.00000000
vt 0.00000000 0.00000000
vt 0.00000000 0.00000000
vt 0.00000000 0.00000000
vt 0.00000000 0.00000000
vt 0.00000000 0.00000000
vt 0.00000000 0.00000000
vt 0.00000000 0.00000000
vt 0.00000000 0.00000000
vt 0.00000000 0.00000000
vt 0.00000000 0.00000000
vt 0.00000000 0.00000000
vt 0.00000000 0.00000000
vt 0.00000000 0.00000000
vt 0.00000000 0.00000000
vt 0.00000000 0.00000000
vt 0.00000000 0.00000000
vt 0.00000000 0.00000000
vt 0.00000000 0.00000000
vt 0.00000000 0.00000000
vt 0.00000000 0.00000000
vt 0.00000000 0.00000000
vt 0.00000000 0.00000000
vt 0.00000000 0.00000000
vt 0.00000000 0.00000000
vt 0.00000000 0.00000000
vt 0.00000000 0.00000000
vt 0.00000000 0.00000000
vt 0.00000000 0.00000000
vt 0.00000000 0.00000000
vt 0.00000000 0.00000000
vt 0.00000000 0.00000000
vt 0.00000000 0.00000000
vt 0.00000000 0.00000000
vt 0.00000000 0.00000000
vt 0.00000000 0.00000000
vt 0.00000000 0.00000000
vt 0.00000000 0.00000000
vt 0.00000000 0.00000000
vt 0.00000000 0.00000000
vt 0.00000000 0.00000000
vt 0.00000000 0.00000000
vt 0.00000000 0.00000000
vt 0.00000000 0.00000000
vt 0.00000000 0.00000000
vt 0.00000000 0.00000000
vt 0.00000000 0.00000000
vt 0.00000000 0.00000000
vt 0.00000000 0.00000000
vt 0.00000000 0.00000000
vt 0.00000000 0.00000000
vt 0.00000000 0.00000000
vt 0.00000000 0.00000000
vt 0.00000000 0.00000000
vt 0.00000000 0.00000000
vt 0.00000000 0.00000000
vt 0.00000000 0.00000000
vt 0.00000000 0.00000000
vt 0.00000000 0.00000000
vt 0.00000000 0.00000000
vt 0.00000000 0.00000000
vt 0.00000000 0.00000000
vt 0.00000000 0.00000000
vt 0.00000000 0.00000000
vt 0.00000000 0.00000000
vt 0.00000000 0.00000000
vt 0.00000000 0.00000000
vt 0.00000000 0.00000000
vt 0.00000000 0.00000000
vt 0.00000000 0.00000000
vt 0.00000000 0.00000000
vt 0.00000000 0.00000000
vt 0.00000000 0.00000000
vt 0.00000000 0.00000000
vt 0.00000000 0.00000000
vt 0.00000000 0.00000000
vt 0.00000000 0.00000000
vt 0.00000000 0.00000000
vt 0.00000000 0.00000000
vt 0.00000000 0.00000000
vt 0.00000000 0.00000000
vt 0.00000000 0.00000000
vt 0.00000000 0.00000000
vt 0.00000000 0.00000000
vt 0.00000000 0.00000000
vt 0.00000000 0.00000000
vt 0.00000000 0.00000000
vt 0.00000000 0.00000000
vt 0.00000000 0.00000000
vt 0.00000000 0.00000000
vt 0.00000000 0.00000000
vt 0.00000000 0.00000000
vt 0.00000000 0.00000000
vt 0.00000000 0.00000000
vt 0.00000000 0.00000000
vt 0.00000000 0.00000000
vt 0.00000000 0.00000000
vt 0.00000000 0.00000000
vt 0.00000000 0.00000000
vt 0.00000000 0.00000000
vt 0.00000000 0.00000000
vt 0.00000000 0.00000000
vt 0.00000000 0.00000000
vt 0.00000000 0.00000000
vt 0.00000000 0.00000000
vt 0.00000000 0.00000000
vt 0.00000000 0.00000000
vt 0.00000000 0.00000000
vt 0.00000000 0.00000000
vt 0.00000000 0.00000000
vt 0.00000000 0.00000000
vt 0.00000000 0.00000000
vt 0.00000000 0.00000000
vt 0.00000000 0.00000000
vt 0.00000000 0.00000000
vt 0.00000000 0.00000000
vt 0.00000000 0.00000000
vt 0.00000000 0.00000000
vt 0.00000000 0.00000000
vt 0.00000000 0.00000000
vt 0.00000000 0.00000000
vt 0.00000000 0.00000000
vt 0.00000000 0.00000000
vt 0.00000000 0.00000000
vt 0.00000000 0.00000000
vt 0.00000000 0.00000000
vt 0.00000000 0.00000000
vt 0.00000000 0.00000000
vt 0.00000000 0.00000000
vt 0.00000000 0.00000000
vt 0.00000000 0.00000000
vt 0.00000000 0.00000000
vt 0.00000000 0.00000000
vt 0.00000000 0.00000000
vt 0.00000000 0.00000000
vt 0.00000000 0.00000000
vt 0.00000000 0.00000000
vt 0.00000000 0.00000000
vt 0.00000000 0.00000000
vt 0.00000000 0.00000000
vt 0.00000000 0.00000000
vt 0.00000000 0.00000000
vt 0.00000000 0.00000000
vt 0.00000000 0.00000000
vt 0.00000000 0.00000000
vt 0.00000000 0.00000000
vt 0.00000000 0.00000000
vt 0.00000000 0.00000000
vt 0.00000000 0.00000000
vt 0.00000000 0.00000000
vt 0.00000000 0.00000000
vt 0.00000000 0.00000000
vt 0.00000000 0.00000000
vt 0.00000000 0.00000000
vt 0.00000000 0.00000000
vt 0.00000000 0.00000000
vt 0.00000000 0.00000000
vt 0.00000000 0.00000000
vt 0.00000000 0.00000000
vt 0.00000000 0.00000000
vt 0.00000000 0.00000000
vt 0.00000000 0.00000000
vt 0.00000000 0.00000000
vt 0.00000000 0.00000000
vt 0.00000000 0.00000000
vt 0.00000000 0.00000000
vt 0.00000000 0.00000000
vt 0.00000000 0.00000000
vt 0.00000000 0.00000000
vt 0.00000000 0.00000000
vt 0.00000000 0.00000000
vt 0.00000000 0.00000000
vt 0.00000000 0.00000000
vt 0.00000000 0.00000000
vt 0.00000000 0.00000000
vt 0.00000000 0.00000000
vt 0.00000000 0.00000000
vt 0.00000000 0.00000000
vt 0.00000000 0.00000000
vt 0.00000000 0.00000000
vt 0.00000000 0.00000000
vt 0.00000000 0.00000000
vt 0.00000000 0.00000000
vt 0.00000000 0.00000000
vt 0.00000000 0.00000000
vt 0.00000000 0.00000000
vt 0.00000000 0.00000000
vt 0.00000000 0.00000000
vt 0.00000000 0.00000000
vt 0.00000000 0.00000000
vt 0.00000000 0.00000000
vt 0.00000000 0.00000000
vt 0.00000000 0.00000000
vt 0.00000000 0.00000000
vt 0.00000000 0.00000000
vt 0.00000000 0.00000000
vt 0.00000000 0.00000000
vt 0.00000000 0.00000000
vt 0.00000000 0.00000000
vt 0.00000000 0.00000000
vt 0.00000000 0.00000000
vt 0.00000000 0.00000000
vt 0.00000000 0.00000000
vt 0.00000000 0.00000000
vt 0.00000000 0.00000000
vt 0.00000000 0.00000000
vt 0.00000000 0.00000000
vt 0.00000000 0.00000000
vt 0.00000000 0.00000000
vt 0.00000000 0.00000000
vt 0.00000000 0.00000000
vt 0.00000000 0.00000000
vt 0.00000000 0.00000000
vt 0.00000000 0.00000000
vt 0.00000000 0.00000000
vt 0.00000000 0.00000000
vt 0.00000000 0.00000000
vt 0.00000000 0.00000000
vt 0.00000000 0.00000000
vt 0.00000000 0.00000000
vt 0.00000000 0.00000000
vt 0.00000000 0.00000000
vt 0.00000000 0.00000000
vt 0.00000000 0.00000000
vt 0.00000000 0.00000000
vt 0.00000000 0.00000000
vt 0.00000000 0.00000000
vt 0.00000000 0.00000000
vt 0.00000000 0.00000000
vt 0.00000000 0.00000000
vt 0.00000000 0.00000000
f 1/1/1 2/2/2 3/3/3
f 4/4/4 5/5/5 6/6/6
f 7/7/7 8/8/8 9/9/9
f 10/10/10 11/11/11 12/12/12
f 13/13/13 14/14/14 15/15/15
f 16/16/16 17/17/17 18/18/18
f 19/19/19 20/20/20 21/21/21
f 22/22/22 23/23/23 24/24/24
f 25/25/25 26/26/26 27/27/27
f 28/28/28 29/29/29 30/30/30
f 31/31/31 32/32/32 33/33/33
f 34/34/34 35/35/35 36/36/36
f 37/37/37 38/38/38 39/39/39
f 40/40/40 41/41/41 42/42/42
f 43/43/43 44/44/44 45/45/45
f 46/46/46 47/47/47 48/48/48
f 49/49/49 50/50/50 51/51/51
f 52/52/52 53/53/53 54/54/54
f 55/55/55 56/56/56 57/57/57
f 58/58/58 59/59/59 60/60/60
f 61/61/61 62/62/62 63/63/63
f 64/64/64 65/65/65 66/66/66
f 67/67/67 68/68/68 69/69/69
f 70/70/70 71/71/71 72/72/72
f 73/73/73 74/74/74 75/75/75
f 76/76/76 77/77/77 78/78/78
f 79/79/79 80/80/80 81/81/81
f 82/82/82 83/83/83 84/84/84
f 85/85/85 86/86/86 87/87/87
f 88/88/88 89/89/89 90/90/90
f 91/91/91 92/92/92 93/93/93
f 94/94/94 95/95/95 96/96/96
f 97/97/97 98/98/98 99/99/99
f 100/100/100 101/101/101 102/102/102
f 103/103/103 104/104/104 105/105/105
f 106/106/106 107/107/107 108/108/108
f 109/109/109 110/110/110 111/111/111
f 112/112/112 113/113/113 114/114/114
f 115/115/115 116/116/116 117/117/117
f 118/118/118 119/119/119 120/120/120
f 121/121/121 122/122/122 123/123/123
f 124/124/124 125/125/125 126/126/126
f 127/127/127 128/128/128 129/129/129
f 130/130/130 131/131/131 132/132/132
f 133/133/133 134/134/134 135/135/135
f 136/136/136 137/137/137 138/138/138
f 139/139/139 140/140/140 141/141/141
f 142/142/142 143/143/143 144/144/144
f 145/145/145 146/146/146 147/147/147
f 148/148/148 149/149/149 150/150/150
f 151/151/151 152/152/152 153/153/153
f 154/154/154 155/155/155 156/156/156
f 157/157/157 158/158/158 159/159/159
f 160/160/160 161/161/161 162/162/162
f 163/163/163 164/164/164 165/165/165
f 166/166/166 167/167/167 168/168/168
f 169/169/169 170/170/170 171/171/171
f 172/172/172 173/173/173 174/174/174
f 175/175/175 176/176/176 177/177/177
f 178/178/178 179/179/179 180/180/180
f 181/181/181 182/182/182 183/183/183
f 184/184/184 185/185/185 186/186/186
f 187/187/187 188/188/188 189/189/189
f 190/190/190 191/191/191 192/192/192
f 193/193/193 194/194/194 195/195/195
f 196/196/196 197/197/197 198/198/198
f 199/199/199 200/200/200 201/201/201
f 202/202/202 203/203/203 204/204/204
f 205/205/205 206/206/206 207/207/207
f 208/208/208 209/209/209 210/210/210
f 211/211/211 212/212/212 213/213/213
f 214/214/214 215/215/215 216/216/216
f 217/217/217 218/218/218 219/219/219
f 220/220/220 221/221/221 222/222/222
f 223/223/223 224/224/224 225/225/225
f 226/226/226 227/227/227 228/228/228
f 229/229/229 230/230/230 231/231/231
f 232/232/232 233/233/233 234/234/234
f 235/235/235 236/236/236 237/237/237
f 238/238/238 239/239/239 240/240/240
f 241/241/241 242/242/242 243/243/243
f 244/244/244 245/245/245 246/246/246
f 247/247/247 248/248/248 249/249/249
f 250/250/250 251/251/251 252/252/252
f 253/253/253 254/254/254 255/255/255
f 256/256/256 257/257/257 258/258/258
f 259/259/259 260/260/260 261/261/261
f 262/262/262 263/263/263 264/264/264
f 265/265/265 266/266/266 267/267/267
f 268/268/268 269/269/269 270/270/270
f 271/271/271 272/272/272 273/273/273
f 274/274/274 275/275/275 276/276/276
f 277/277/277 278/278/278 279/279/279
f 280/280/280 281/281/281 282/282/282
f 283/283/283 284/284/284 285/285/285
f 286/286/286 287/287/287 288/288/288
f 289/289/289 290/290/290 291/291/291
f 292/292/292 293/293/293 294/294/294
f 295/295/295 296/296/296 297/297/297
f 298/298/298 299/299/299 300/300/300
f 301/301/301 302/302/302 303/303/303
f 304/304/304 305/305/305 306/306/306
f 307/307/307 308/308/308 309/309/309
f 310/310/310 311/311/311 312/312/312
f 313/313/313 314/314/314 315/315/315
f 316/316/316 317/317/317 318/318/318
f 319/319/319 320/320/320 321/321/321
f 322/322/322 323/323/323 324/324/324
f 325/325/325 326/326/326 327/327/327
f 328/328/328 329/329/329 330/330/330
f 331/331/331 332/332/332 333/333/333
f 334/334/334 335/335/335 336/336/336
f 337/337/337 338/338/338 339/339/339
f 340/340/340 341/341/341 342/342/342
f 343/343/343 344/344/344 345/345/345
f 346/346/346 347/347/347 348/348/348
f 349/349/349 350/350/350 351/351/351
f 352/352/352 353/353/353 354/354/354
f 355/355/355 356/356/356 357/357/357
f 358/358/358 359/359/359 360/360/360
f 361/361/361 362/362/362 363/363/363
f 364/364/364 365/365/365 366/366/366
f 367/367/367 368/368/368 369/369/369
f 370/370/370 371/371/371 372/372/372
f 373/373/373 374/374/374 375/375/375
f 376/376/376 377/377/377 378/378/378
f 379/379/379 380/380/380 381/381/381
f 382/382/382 383/383/383 384/384/384
f 385/385/385 386/386/386 387/387/387
f 388/388/388 389/389/389 390/390/390
f 391/391/391 392/392/392 393/393/393
f 394/394/394 395/395/395 396/396/396
f 397/397/397 398/398/398 399/399/399
f 400/400/400 401/401/401 402/402/402
f 403/403/403 404/404/404 405/405/405
f 406/406/406 407/407/407 408/408/408
f 409/409/409 410/410/410 411/411/411
f 412/412/412 413/413/413 414/414/414
f 415/415/415 416/416/416 417/417/417
f 418/418/418 419/419/419 420/420/420
f 421/421/421 422/422/422 423/423/423
f 424/424/424 425/425/425 426/426/426
f 427/427/427 428/428/428 429/429/429
f 430/430/430 431/431/431 432/432/432
f 433/433/433 434/434/434 435/435/435
f 436/436/436 437/437/437 438/438/438
f 439/439/439 440/440/440 441/441/441
f 442/442/442 443/443/443 444/444/444
f 445/445/445 446/446/446 447/447/447
f 448/448/448 449/449/449 450/450/450
f 451/451/451 452/452/452 453/453/453
f 454/454/454 455/455/455 456/456/456
f 457/457/457 458/458/458 459/459/459
f 460/460/460 461/461/461 462/462/462
f 463/463/463 464/464/464 465/465/465
f 466/466/466 467/467/467 468/468/468
f 469/469/469 470/470/470 471/471/471
f 472/472/472 473/473/473 474/474/474
f 475/475/475 476/476/476 477/477/477
f 478/478/478 479/479/479 480/480/480
f 481/481/481 482/482/482 483/483/483
f 484/484/484 485/485/485 486/486/486
f 487/487/487 488/488/488 489/489/489
f 490/490/490 491/491/491 492/492/492
f 493/493/493 494/494/494 495/495/495
f 496/496/496 497/497/497 498/498/498
f 499/499/499 500/500/500 501/501/501
f 502/502/502 503/503/503 504/504/504
f 505/505/505 506/506/506 507/507/507
f 508/508/508 509/509/509 510/510/510
f 511/511/511 512/512/512 513/513/513
f 514/514/514 515/515/515 516/516/516
f 517/517/517 518/518/518 519/519/519
f 520/520/520 521/521/521 522/522/522
f 523/523/523 524/524/524 525/525/525
f 526/526/526 527/527/527 528/528/528
f 529/529/529 530/530/530 531/531/531
f 532/532/532 533/533/533 534/534/534
f 535/535/535 536/536/536 537/537/537
f 538/538/538 539/539/539 540/540/540
f 541/541/541 542/542/542 543/543/543
f 544/544/544 545/545/545 546/546/546
f 547/547/547 548/548/548 549/549/549
f 550/550/550 551/551/551 552/552/552
f 553/553/553 554/554/554 555/555/555
f 556/556/556 557/557/557 558/558/558
f 559/559/559 560/560/560 561/561/561
f 562/562/562 563/563/563 564/564/564
f 565/565/565 566/566/566 567/567/567
f 568/568/568 569/569/569 570/570/570
f 571/571/571 572/572/572 573/573/573
f 574/574/574 575/575/575 576/576/576
f 577/577/577 578/578/578 579/579/579
f 580/580/580 581/581/581 582/582/582
f 583/583/583 584/584/584 585/585/585
f 586/586/586 587/587/587 588/588/588
f 589/589/589 590/590/590 591/591/591
f 592/592/592 593/593/593 594/594/594
f 595/595/595 596/596/596 597/597/597
f 598/598/598 599/599/599 600/600/600
f 601/601/601 602/602/602 603/603/603
f 604/604/604 605/605/605 606/606/606
f 607/607/607 608/608/608 609/609/609
f 610/610/610 611/611/611 612/612/612
f 613/613/613 614/614/614 615/615/615
f 616/616/616 617/617/617 618/618/618
f 619/619/619 620/620/620 621/621/621
f 622/622/622 623/623/623 624/624/624
f 625/625/625 626/626/626 627/627/627
f 628/628/628 629/629/629 630/630/630
f 631/631/631 632/632/632 633/633/633
f 634/634/634 635/635/635 636/636/636
f 637/637/637 638/638/638 639/639/639
f 640/640/640 641/641/641 642/642/642
f 643/643/643 644/644/644 645/645/645
f 646/646/646 647/647/647 648/648/648
f 649/649/649 650/650/650 651/651/651
f 652/652/652 653/653/653 654/654/654
f 655/655/655 656/656/656 657/657/657
f 658/658/658 659/659/659 660/660/660
f 661/661/661 662/662/662 663/663/663
f 664/664/664 665/665/665 666/666/666
f 667/667/667 668/668/668 669/669/669
f 670/670/670 671/671/671 672/672/672
f 673/673/673 674/674/674 675/675/675
f 676/676/676 677/677/677 678/678/678
f 679/679/679 680/680/680 681/681/681
f 682/682/682 683/683/683 684/684/684
f 685/685/685 686/686/686 687/687/687
f 688/688/688 689/689/689 690/690/690
f 691/691/691 692/692/692 693/693/693
f 694/694/694 695/695/695 696/696/696
f 697/697/697 698/698/698 699/699/699
f 700/700/700 701/701/701 702/702/702
f 703/703/703 704/704/704 705/705/705
f 706/706/706 707/707/707 708/708/708
f 709/709/709 710/710/710 711/711/711
f 712/712/712 713/713/713 714/714/714
f 715/715/715 716/716/716 717/717/717
f 718/718/718 719/719/719 720/720/720
f 721/721/721 722/722/722 723/723/723
f 724/724/724 725/725/725 726/726/726
f 727/727/727 728/728/728 729/729/729
f 730/730/730 731/731/731 732/732/732
f 733/733/733 734/734/734 735/735/735
f 736/736/736 737/737/737 738/738/738
f 739/739/739 740/740/740 741/741/741
f 742/742/742 743/743/743 744/744/744
f 745/745/745 746/746/746 747/747/747
f 748/748/748 749/749/749 750/750/750
f 751/751/751 752/752/752 753/753/753
f 754/754/754 755/755/755 756/756/756
f 757/757/757 758/758/758 759/759/759
f 760/760/760 761/761/761 762/762/762
f 763/763/763 764/764/764 765/765/765
f 766/766/766 767/767/767 768/768/768
f 769/769/769 770/770/770 771/771/771
f 772/772/772 773/773/773 774/774/774
f 775/775/775 776/776/776 777/777/777
f 778/778/778 779/779/779 780/780/780
f 781/781/781 782/782/782 783/783/783
f 784/784/784 785/785/785 786/786/786
f 787/787/787 788/788/788 789/789/789
f 790/790/790 791/791/791 792/792/792
f 793/793/793 794/794/794 795/795/795
f 796/796/796 797/797/797 798/798/798
f 799/799/799 800/800/800 801/801/801
f 802/802/802 803/803/803 804/804/804
f 805/805/805 806/806/806 807/807/807
f 808/808/808 809/809/809 810/810/810
f 811/811/811 812/812/812 813/813/813
f 814/814/814 815/815/815 816/816/816
f 817/817/817 818/818/818 819/819/819
f 820/820/820 821/821/821 822/822/822
f 823/823/823 824/824/824 825/825/825
f 826/826/826 827/827/827 828/828/828
f 829/829/829 830/830/830 831/831/831
f 832/832/832 833/833/833 834/834/834
f 835/835/835 836/836/836 837/837/837
f 838/838/838 839/839/839 840/840/840
f 841/841/841 842/842/842 843/843/843
f 844/844/844 845/845/845 846/846/846
f 847/847/847 848/848/848 849/849/849
f 850/850/850 851/851/851 852/852/852
f 853/853/853 854/854/854 855/855/855
f 856/856/856 857/857/857 858/858/858
f 859/859/859 860/860/860 861/861/861
f 862/862/862 863/863/863 864/864/864
f 865/865/865 866/866/866 867/867/867
f 868/868/868 869/869/869 870/870/870
f 871/871/871 872/872/872 873/873/873
f 874/874/874 875/875/875 876/876/876
f 877/877/877 878/878/878 879/879/879
f 880/880/880 881/881/881 882/882/882
f 883/883/883 884/884/884 885/885/885
f 886/886/886 887/887/887 888/888/888
f 889/889/889 890/890/890 891/891/891
f 892/892/892 893/893/893 894/894/894
f 895/895/895 896/896/896 897/897/897
f 898/898/898 899/899/899 900/900/900
f 901/901/901 902/902/902 903/903/903
f 904/904/904 905/905/905 906/906/906
f 907/907/907 908/908/908 909/909/909
f 910/910/910 911/911/911 912/912/912
f 913/913/913 914/914/914 915/915/915
f 916/916/916 917/917/917 918/918/918
f 919/919/919 920/920/920 921/921/921
f 922/922/922 923/923/923 924/924/924
f 925/925/925 926/926/926 927/927/927
f 928/928/928 929/929/929 930/930/930
f 931/931/931 932/932/932 933/933/933
f 934/934/934 935/935/935 936/936/936
f 937/937/937 938/938/938 939/939/939
f 940/940/940 941/941/941 942/942/942
f 943/943/943 944/944/944 945/945/945
f 946/946/946 947/947/947 948/948/948
f 949/949/949 950/950/950 951/951/951
f 952/952/952 953/953/953 954/954/954
f 955/955/955 956/956/956 957/957/957
f 958/958/958 959/959/959 960/960/960
f 961/961/961 962/962/962 963/963/963
f 964/964/964 965/965/965 966/966/966
f 967/967/967 968/968/968 969/969/969
f 970/970/970 971/971/971 972/972/972
f 973/973/973 974/974/974 975/975/975
f 976/976/976 977/977/977 978/978/978
f 979/979/979 980/980/980 981/981/981
f 982/982/982 983/983/983 984/984/984
f 985/985/985 986/986/986 987/987/987
f 988/988/988 989/989/989 990/990/990
f 991/991/991 992/992/992 993/993/993
f 994/994/994 995/995/995 996/996/996
f 997/997/997 998/998/998 999/999/999
f 1000/1000/1000 1001/1001/1001 1002/1002/1002
f 1003/1003/1003 1004/1004/1004 1005/1005/1005
f 1006/1006/1006 1007/1007/1007 1008/1008/1008
f 1009/1009/1009 1010/1010/1010 1011/1011/1011
f 1012/1012/1012 1013/1013/1013 1014/1014/1014
f 1015/1015/1015 1016/1016/1016 1017/1017/1017
f 1018/1018/1018 1019/1019/1019 1020/1020/1020
f 1021/1021/1021 1022/1022/1022 1023/1023/1023
f 1024/1024/1024 1025/1025/1025 1026/1026/1026
f 1027/1027/1027 1028/1028/1028 1029/1029/1029
f 1030/1030/1030 1031/1031/1031 1032/1032/1032
f 1033/1033/1033 1034/1034/1034 1035/1035/1035
f 1036/1036/1036 1037/1037/1037 1038/1038/1038
f 1039/1039/1039 1040/1040/1040 1041/1041/1041
f 1042/1042/1042 1043/1043/1043 1044/1044/1044
f 1045/1045/1045 1046/1046/1046 1047/1047/1047
f 1048/1048/1048 1049/1049/1049 1050/1050/1050
f 1051/1051/1051 1052/1052/1052 1053/1053/1053
f 1054/1054/1054 1055/1055/1055 1056/1056/1056
f 1057/1057/1057 1058/1058/1058 1059/1059/1059
f 1060/1060/1060 1061/1061/1061 1062/1062/1062
f 1063/1063/1063 1064/1064/1064 1065/1065/1065
f 1066/1066/1066 1067/1067/1067 1068/1068/1068
f 1069/1069/1069 1070/1070/1070 1071/1071/1071
f 1072/1072/1072 1073/1073/1073 1074/1074/1074
f 1075/1075/1075 1076/1076/1076 1077/1077/1077
f 1078/1078/1078 1079/1079/1079 1080/1080/1080
f 1081/1081/1081 1082/1082/1082 1083/1083/1083
f 1084/1084/1084 1085/1085/1085 1086/1086/1086
f 1087/1087/1087 1088/1088/1088 1089/1089/1089
f 1090/1090/1090 1091/1091/1091 1092/1092/1092
f 1093/1093/1093 1094/1094/1094 1095/1095/1095
f 1096/1096/1096 1097/1097/1097 1098/1098/1098
f 1099/1099/1099 1100/1100/1100 1101/1101/1101
f 1102/1102/1102 1103/1103/1103 1104/1104/1104
f 1105/1105/1105 1106/1106/1106 1107/1107/1107
f 1108/1108/1108 1109/1109/1109 1110/1110/1110
f 1111/1111/1111 1112/1112/1112 1113/1113/1113
f 1114/1114/1114 1115/1115/1115 1116/1116/1116
f 1117/1117/1117 1118/1118/1118 1119/1119/1119
f 1120/1120/1120 1121/1121/1121 1122/1122/1122
f 1123/1123/1123 1124/1124/1124 1125/1125/1125
f 1126/1126/1126 1127/1127/1127 1128/1128/1128
f 1129/1129/1129 1130/1130/1130 1131/1131/1131
f 1132/1132/1132 1133/1133/1133 1134/1134/1134
f 1135/1135/1135 1136/1136/1136 1137/1137/1137
f 1138/1138/1138 1139/1139/1139 1140/1140/1140
f 1141/1141/1141 1142/1142/1142 1143/1143/1143
f 1144/1144/1144 1145/1145/1145 1146/1146/1146
f 1147/1147/1147 1148/1148/1148 1149/1149/1149
f 1150/1150/1150 1151/1151/1151 1152/1152/1152
f 1153/1153/1153 1154/1154/1154 1155/1155/1155
f 1156/1156/1156 1157/1157/1157 1158/1158/1158
f 1159/1159/1159 1160/1160/1160 1161/1161/1161
f 1162/1162/1162 1163/1163/1163 1164/1164/1164
f 1165/1165/1165 1166/1166/1166 1167/1167/1167
f 1168/1168/1168 1169/1169/1169 1170/1170/1170
f 1171/1171/1171 1172/1172/1172 1173/1173/1173
f 1174/1174/1174 1175/1175/1175 1176/1176/1176
f 1177/1177/1177 1178/1178/1178 1179/1179/1179
f 1180/1180/1180 1181/1181/1181 1182/1182/1182
f 1183/1183/1183 1184/1184/1184 1185/1185/1185
f 1186/1186/1186 1187/1187/1187 1188/1188/1188
f 1189/1189/1189 1190/1190/1190 1191/1191/1191
f 1192/1192/1192 1193/1193/1193 1194/1194/1194
f 1195/1195/1195 1196/1196/1196 1197/1197/1197
f 1198/1198/1198 1199/1199/1199 1200/1200/1200
f 1201/1201/1201 1202/1202/1202 1203/1203/1203
f 1204/1204/1204 1205/1205/1205 1206/1206/1206
f 1207/1207/1207 1208/1208/1208 1209/1209/1209
f 1210/1210/1210 1211/1211/1211 1212/1212/1212
f 1213/1213/1213 1214/1214/1214 1215/1215/1215
f 1216/1216/1216 1217/1217/1217 1218/1218/1218
f 1219/1219/1219 1220/1220/1220 1221/1221/1221
f 1222/1222/1222 1223/1223/1223 1224/1224/1224
f 1225/1225/1225 1226/1226/1226 1227/1227/1227
f 1228/1228/1228 1229/1229/1229 1230/1230/1230
f 1231/1231/1231 1232/1232/1232 1233/1233/1233
f 1234/1234/1234 1235/1235/1235 1236/1236/1236
f 1237/1237/1237 1238/1238/1238 1239/1239/1239
f 1240/1240/1240 1241/1241/1241 1242/1242/1242
f 1243/1243/1243 1244/1244/1244 1245/1245/1245
f 1246/1246/1246 1247/1247/1247 1248/1248/1248
f 1249/1249/1249 1250/1250/1250 1251/1251/1251
f 1252/1252/1252 1253/1253/1253 1254/1254/1254
f 1255/1255/1255 1256/1256/1256 1257/1257/1257
f 1258/1258/1258 1259/1259/1259 1260/1260/1260
f 1261/1261/1261 1262/1262/1262 1263/1263/1263
f 1264/1264/1264 1265/1265/1265 1266/1266/1266
f 1267/1267/1267 1268/1268/1268 1269/1269/1269
f 1270/1270/1270 1271/1271/1271 1272/1272/1272
f 1273/1273/1273 1274/1274/1274 1275/1275/1275
f 1276/1276/1276 1277/1277/1277 1278/1278/1278
f 1279/1279/1279 1280/1280/1280 1281/1281/1281
f 1282/1282/1282 1283/1283/1283 1284/1284/1284
f 1285/1285/1285 1286/1286/1286 1287/1287/1287
f 1288/1288/1288 1289/1289/1289 1290/1290/1290
f 1291/1291/1291 1292/1292/1292 1293/1293/1293
f 1294/1294/1294 1295/1295/1295 1296/1296/1296
f 1297/1297/1297 1298/1298/1298 1299/1299/1299
f 1300/1300/1300 1301/1301/1301 1302/1302/1302
f 1303/1303/1303 1304/1304/1304 1305/1305/1305
f 1306/1306/1306 1307/1307/1307 1308/1308/1308
f 1309/1309/1309 1310/1310/1310 1311/1311/1311
f 1312/1312/1312 1313/1313/1313 1314/1314/1314
f 1315/1315/1315 1316/1316/1316 1317/1317/1317
f 1318/1318/1318 1319/1319/1319 1320/1320/1320
f 1321/1321/1321 1322/1322/1322 1323/1323/1323
f 1324/1324/1324 1325/1325/1325 1326/1326/1326
f 1327/1327/1327 1328/1328/1328 1329/1329/1329
f 1330/1330/1330 1331/1331/1331 1332/1332/1332
f 1333/1333/1333 1334/1334/1334 1335/1335/1335
f 1336/1336/1336 1337/1337/1337 1338/1338/1338
f 1339/1339/1339 1340/1340/1340 1341/1341/1341
f 1342/1342/1342 1343/1343/1343 1344/1344/1344
f 1345/1345/1345 1346/1346/1346 1347/1347/1347
f 1348/1348/1348 1349/1349/1349 1350/1350/1350
f 1351/1351/1351 1352/1352/1352 1353/1353/1353
f 1354/1354/1354 1355/1355/1355 1356/1356/1356
f 1357/1357/1357 1358/1358/1358 1359/1359/1359
f 1360/1360/1360 1361/1361/1361 1362/1362/1362
f 1363/1363/1363 1364/1364/1364 1365/1365/1365
f 1366/1366/1366 1367/1367/1367 1368/1368/1368
f 1369/1369/1369 1370/1370/1370 1371/1371/1371
f 1372/1372/1372 1373/1373/1373 1374/1374/1374
f 1375/1375/1375 1376/1376/1376 1377/1377/1377
f 1378/1378/1378 1379/1379/1379 1380/1380/1380
f 1381/1381/1381 1382/1382/1382 1383/1383/1383
f 1384/1384/1384 1385/1385/1385 1386/1386/1386
f 1387/1387/1387 1388/1388/1388 1389/1389/1389
f 1390/1390/1390 1391/1391/1391 1392/1392/1392
f 1393/1393/1393 1394/1394/1394 1395/1395/1395
f 1396/1396/1396 1397/1397/1397 1398/1398/1398
f 1399/1399/1399 1400/1400/1400 1401/1401/1401
f 1402/1402/1402 1403/1403/1403 1404/1404/1404
f 1405/1405/1405 1406/1406/1406 1407/1407/1407
f 1408/1408/1408 1409/1409/1409 1410/1410/1410
f 1411/1411/1411 1412/1412/1412 1413/1413/1413
f 1414/1414/1414 1415/1415/1415 1416/1416/1416
f 1417/1417/1417 1418/1418/1418 1419/1419/1419
f 1420/1420/1420 1421/1421/1421 1422/1422/1422
f 1423/1423/1423 1424/1424/1424 1425/1425/1425
f 1426/1426/1426 1427/1427/1427 1428/1428/1428
f 1429/1429/1429 1430/1430/1430 1431/1431/1431
f 1432/1432/1432 1433/1433/1433 1434/1434/1434
f 1435/1435/1435 1436/1436/1436 1437/1437/1437
f 1438/1438/1438 1439/1439/1439 1440/1440/1440
f 1441/1441/1441 1442/1442/1442 1443/1443/1443
f 1444/1444/1444 1445/1445/1445 1446/1446/1446
f 1447/1447/1447 1448/1448/1448 1449/1449/1449
f 1450/1450/1450 1451/1451/1451 1452/1452/1452
f 1453/1453/1453 1454/1454/1454 1455/1455/1455
f 1456/1456/1456 1457/1457/1457 1458/1458/1458
f 1459/1459/1459 1460/1460/1460 1461/1461/1461
f 1462/1462/1462 1463/1463/1463 1464/1464/1464
f 1465/1465/1465 1466/1466/1466 1467/1467/1467
f 1468/1468/1468 1469/1469/1469 1470/1470/1470
f 1471/1471/1471 1472/1472/1472 1473/1473/1473
f 1474/1474/1474 1475/1475/1475 1476/1476/1476
f 1477/1477/1477 1478/1478/1478 1479/1479/1479
f 1480/1480/1480 1481/1481/1481 1482/1482/1482
f 1483/1483/1483 1484/1484/1484 1485/1485/1485
f 1486/1486/1486 1487/1487/1487 1488/1488/1488
f 1489/1489/1489 1490/1490/1490 1491/1491/1491
f 1492/1492/1492 1493/1493/1493 1494/1494/1494
f 1495/1495/1495 1496/1496/1496 1497/1497/1497
f 1498/1498/1498 1499/1499/1499 1500/1500/1500
f 1501/1501/1501 1502/1502/1502 1503/1503/1503
f 1504/1504/1504 1505/1505/1505 1506/1506/1506
f 1507/1507/1507 1508/1508/1508 1509/1509/1509
f 1510/1510/1510 1511/1511/1511 1512/1512/1512
f 1513/1513/1513 1514/1514/1514 1515/1515/1515
f 1516/1516/1516 1517/1517/1517 1518/1518/1518
f 1519/1519/1519 1520/1520/1520 1521/1521/1521
f 1522/1522/1522 1523/1523/1523 1524/1524/1524
f 1525/1525/1525 1526/1526/1526 1527/1527/1527
f 1528/1528/1528 1529/1529/1529 1530/1530/1530
f 1531/1531/1531 1532/1532/1532 1533/1533/1533
f 1534/1534/1534 1535/1535/1535 1536/1536/1536
f 1537/1537/1537 1538/1538/1538 1539/1539/1539
f 1540/1540/1540 1541/1541/1541 1542/1542/1542
f 1543/1543/1543 1544/1544/1544 1545/1545/1545
f 1546/1546/1546 1547/1547/1547 1548/1548/1548
f 1549/1549/1549 1550/1550/1550 1551/1551/1551
f 1552/1552/1552 1553/1553/1553 1554/1554/1554
f 1555/1555/1555 1556/1556/1556 1557/1557/1557
f 1558/1558/1558 1559/1559/1559 1560/1560/1560
f 1561/1561/1561 1562/1562/1562 1563/1563/1563
f 1564/1564/1564 1565/1565/1565 1566/1566/1566
f 1567/1567/1567 1568/1568/1568 1569/1569/1569
f 1570/1570/1570 1571/1571/1571 1572/1572/1572
f 1573/1573/1573 1574/1574/1574 1575/1575/1575
f 1576/1576/1576 1577/1577/1577 1578/1578/1578
f 1579/1579/1579 1580/1580/1580 1581/1581/1581
f 1582/1582/1582 1583/1583/1583 1584/1584/1584
f 1585/1585/1585 1586/1586/1586 1587/1587/1587
f 1588/1588/1588 1589/1589/1589 1590/1590/1590
f 1591/1591/1591 1592/1592/1592 1593/1593/1593
f 1594/1594/1594 1595/1595/1595 1596/1596/1596
f 1597/1597/1597 1598/1598/1598 1599/1599/1599
f 1600/1600/1600 1601/1601/1601 1602/1602/1602
f 1603/1603/1603 1604/1604/1604 1605/1605/1605
f 1606/1606/1606 1607/1607/1607 1608/1608/1608
f 1609/1609/1609 1610/1610/1610 1611/1611/1611
f 1612/1612/1612 1613/1613/1613 1614/1614/1614
f 1615/1615/1615 1616/1616/1616 1617/1617/1617
f 1618/1618/1618 1619/1619/1619 1620/1620/1620
f 1621/1621/1621 1622/1622/1622 1623/1623/1623
f 1624/1624/1624 1625/1625/1625 1626/1626/1626
f 1627/1627/1627 1628/1628/1628 1629/1629/1629
f 1630/1630/1630 1631/1631/1631 1632/1632/1632
f 1633/1633/1633 1634/1634/1634 1635/1635/1635
f 1636/1636/1636 1637/1637/1637 1638/1638/1638
f 1639/1639/1639 1640/1640/1640 1641/1641/1641
f 1642/1642/1642 1643/1643/1643 1644/1644/1644
f 1645/1645/1645 1646/1646/1646 1647/1647/1647
f 1648/1648/1648 1649/1649/1649 1650/1650/1650
f 1651/1651/1651 1652/1652/1652 1653/1653/1653
f 1654/1654/1654 1655/1655/1655 1656/1656/1656
f 1657/1657/1657 1658/1658/1658 1659/1659/1659
f 1660/1660/1660 1661/1661/1661 1662/1662/1662
f 1663/1663/1663 1664/1664/1664 1665/1665/1665
f 1666/1666/1666 1667/1667/1667 1668/1668/1668
f 1669/1669/1669 1670/1670/1670 1671/1671/1671
f 1672/1672/1672 1673/1673/1673 1674/1674/1674
f 1675/1675/1675 1676/1676/1676 1677/1677/1677
f 1678/1678/1678 1679/1679/1679 1680/1680/1680
f 1681/1681/1681 1682/1682/1682 1683/1683/1683
f 1684/1684/1684 1685/1685/1685 1686/1686/1686
f 1687/1687/1687 1688/1688/1688 1689/1689/1689
f 1690/1690/1690 1691/1691/1691 1692/1692/1692
f 1693/1693/1693 1694/1694/1694 1695/1695/1695
f 1696/1696/1696 1697/1697/1697 1698/1698/1698
f 1699/1699/1699 1700/1700/1700 1701/1701/1701
f 1702/1702/1702 1703/1703/1703 1704/1704/1704
f 1705/1705/1705 1706/1706/1706 1707/1707/1707
f 1708/1708/1708 1709/1709/1709 1710/1710/1710
f 1711/1711/1711 1712/1712/1712 1713/1713/1713
f 1714/1714/1714 1715/1715/1715 1716/1716/1716
f 1717/1717/1717 1718/1718/1718 1719/1719/1719
f 1720/1720/1720 1721/1721/1721 1722/1722/1722
f 1723/1723/1723 1724/1724/1724 1725/1725/1725
f 1726/1726/1726 1727/1727/1727 1728/1728/1728
f 1729/1729/1729 1730/1730/1730 1731/1731/1731
f 1732/1732/1732 1733/1733/1733 1734/1734/1734
f 1735/1735/1735 1736/1736/1736 1737/1737/1737
f 1738/1738/1738 1739/1739/1739 1740/1740/1740
f 1741/1741/1741 1742/1742/1742 1743/1743/1743
f 1744/1744/1744 1745/1745/1745 1746/1746/1746
f 1747/1747/1747 1748/1748/1748 1749/1749/1749
f 1750/1750/1750 1751/1751/1751 1752/1752/1752
f 1753/1753/1753 1754/1754/1754 1755/1755/1755
f 1756/1756/1756 1757/1757/1757 1758/1758/1758
f 1759/1759/1759 1760/1760/1760 1761/1761/1761
f 1762/1762/1762 1763/1763/1763 1764/1764/1764
f 1765/1765/1765 1766/1766/1766 1767/1767/1767
f 1768/1768/1768 1769/1769/1769 1770/1770/1770
f 1771/1771/1771 1772/1772/1772 1773/1773/1773
f 1774/1774/1774 1775/1775/1775 1776/1776/1776
f 1777/1777/1777 1778/1778/1778 1779/1779/1779
f 1780/1780/1780 1781/1781/1781 1782/1782/1782
f 1783/1783/1783 1784/1784/1784 1785/1785/1785
f 1786/1786/1786 1787/1787/1787 1788/1788/1788
f 1789/1789/1789 1790/1790/1790 1791/1791/1791
f 1792/1792/1792 1793/1793/1793 1794/1794/1794
f 1795/1795/1795 1796/1796/1796 1797/1797/1797
f 1798/1798/1798 1799/1799/1799 1800/1800/1800
f 1801/1801/1801 1802/1802/1802 1803/1803/1803
f 1804/1804/1804 1805/1805/1805 1806/1806/1806
f 1807/1807/1807 1808/1808/1808 1809/1809/1809
f 1810/1810/1810 1811/1811/1811 1812/1812/1812
f 1813/1813/1813 1814/1814/1814 1815/1815/1815
f 1816/1816/1816 1817/1817/1817 1818/1818/1818
f 1819/1819/1819 1820/1820/1820 1821/1821/1821
f 1822/1822/1822 1823/1823/1823 1824/1824/1824
f 1825/1825/1825 1826/1826/1826 1827/1827/1827
f 1828/1828/1828 1829/1829/1829 1830/1830/1830
f 1831/1831/1831 1832/1832/1832 1833/1833/1833
f 1834/1834/1834 1835/1835/1835 1836/1836/1836
f 1837/1837/1837 1838/1838/1838 1839/1839/1839
f 1840/1840/1840 1841/1841/1841 1842/1842/1842
f 1843/1843/1843 1844/1844/1844 1845/1845/1845
f 1846/1846/1846 1847/1847/1847 1848/1848/1848
f 1849/1849/1849 1850/1850/1850 1851/1851/1851
f 1852/1852/1852 1853/1853/1853 1854/1854/1854
f 1855/1855/1855 1856/1856/1856 1857/1857/1857
f 1858/1858/1858 1859/1859/1859 1860/1860/1860
f 1861/1861/1861 1862/1862/1862 1863/1863/1863
f 1864/1864/1864 1865/1865/1865 1866/1866/1866
f 1867/1867/1867 1868/1868/1868 1869/1869/1869
f 1870/1870/1870 1871/1871/1871 1872/1872/1872
f 1873/1873/1873 1874/1874/1874 1875/1875/1875
f 1876/1876/1876 1877/1877/1877 1878/1878/1878
f 1879/1879/1879 1880/1880/1880 1881/1881/1881
f 1882/1882/1882 1883/1883/1883 1884/1884/1884
f 1885/1885/1885 1886/1886/1886 1887/1887/1887
f 1888/1888/1888 1889/1889/1889 1890/1890/1890
f 1891/1891/1891 1892/1892/1892 1893/1893/1893
f 1894/1894/1894 1895/1895/1895 1896/1896/1896
f 1897/1897/1897 1898/1898/1898 1899/1899/1899
f 1900/1900/1900 1901/1901/1901 1902/1902/1902
f 1903/1903/1903 1904/1904/1904 1905/1905/1905
f 1906/1906/1906 1907/1907/1907 1908/1908/1908
f 1909/1909/1909 1910/1910/1910 1911/1911/1911
f 1912/1912/1912 1913/1913/1913 1914/1914/1914
f 1915/1915/1915 1916/1916/1916 1917/1917/1917
f 1918/1918/1918 1919/1919/1919 1920/1920/1920
f 1921/1921/1921 1922/1922/1922 1923/1923/1923
f 1924/1924/1924 1925/1925/1925 1926/1926/1926
f 1927/1927/1927 1928/1928/1928 1929/1929/1929
f 1930/1930/1930 1931/1931/1931 1932/1932/1932
f 1933/1933/1933 1934/1934/1934 1935/1935/1935
f 1936/1936/1936 1937/1937/1937 1938/1938/1938
f 1939/1939/1939 1940/1940/1940 1941/1941/1941
f 1942/1942/1942 1943/1943/1943 1944/1944/1944
f 1945/1945/1945 1946/1946/1946 1947/1947/1947
f 1948/1948/1948 1949/1949/1949 1950/1950/1950
f 1951/1951/1951 1952/1952/1952 1953/1953/1953
f 1954/1954/1954 1955/1955/1955 1956/1956/1956
f 1957/1957/1957 1958/1958/1958 1959/1959/1959
f 1960/1960/1960 1961/1961/1961 1962/1962/1962
f 1963/1963/1963 1964/1964/1964 1965/1965/1965
f 1966/1966/1966 1967/1967/1967 1968/1968/1968
f 1969/1969/1969 1970/1970/1970 1971/1971/1971
f 1972/1972/1972 1973/1973/1973 1974/1974/1974
f 1975/1975/1975 1976/1976/1976 1977/1977/1977
f 1978/1978/1978 1979/1979/1979 1980/1980/1980
f 1981/1981/1981 1982/1982/1982 1983/1983/1983
f 1984/1984/1984 1985/1985/1985 1986/1986/1986
f 1987/1987/1987 1988/1988/1988 1989/1989/1989
f 1990/1990/1990 1991/1991/1991 1992/1992/1992
f 1993/1993/1993 1994/1994/1994 1995/1995/1995
f 1996/1996/1996 1997/1997/1997 1998/1998/1998
f 1999/1999/1999 2000/2000/2000 2001/2001/2001
f 2002/2002/2002 2003/2003/2003 2004/2004/2004
f 2005/2005/2005 2006/2006/2006 2007/2007/2007
f 2008/2008/2008 2009/2009/2009 2010/2010/2010
f 2011/2011/2011 2012/2012/2012 2013/2013/2013
f 2014/2014/2014 2015/2015/2015 2016/2016/2016
f 2017/2017/2017 2018/2018/2018 2019/2019/2019
f 2020/2020/2020 2021/2021/2021 2022/2022/2022
f 2023/2023/2023 2024/2024/2024 2025/2025/2025
f 2026/2026/2026 2027/2027/2027 2028/2028/2028
f 2029/2029/2029 2030/2030/2030 2031/2031/2031
f 2032/2032/2032 2033/2033/2033 2034/2034/2034
f 2035/2035/2035 2036/2036/2036 2037/2037/2037
f 2038/2038/2038 2039/2039/2039 2040/2040/2040
f 2041/2041/2041 2042/2042/2042 2043/2043/2043
f 2044/2044/2044 2045/2045/2045 2046/2046/2046
f 2047/2047/2047 2048/2048/2048 2049/2049/2049
f 2050/2050/2050 2051/2051/2051 2052/2052/2052
f 2053/2053/2053 2054/2054/2054 2055/2055/2055
f 2056/2056/2056 2057/2057/2057 2058/2058/2058
f 2059/2059/2059 2060/2060/2060 2061/2061/2061
f 2062/2062/2062 2063/2063/2063 2064/2064/2064
f 2065/2065/2065 2066/2066/2066 2067/2067/2067
f 2068/2068/2068 2069/2069/2069 2070/2070/2070
f 2071/2071/2071 2072/2072/2072 2073/2073/2073
f 2074/2074/2074 2075/2075/2075 2076/2076/2076
f 2077/2077/2077 2078/2078/2078 2079/2079/2079
f 2080/2080/2080 2081/2081/2081 2082/2082/2082
f 2083/2083/2083 2084/2084/2084 2085/2085/2085
f 2086/2086/2086 2087/2087/2087 2088/2088/2088
f 2089/2089/2089 2090/2090/2090 2091/2091/2091
f 2092/2092/2092 2093/2093/2093 2094/2094/2094
f 2095/2095/2095 2096/2096/2096 2097/2097/2097
f 2098/2098/2098 2099/2099/2099 2100/2100/2100
f 2101/2101/2101 2102/2102/2102 2103/2103/2103
f 2104/2104/2104 2105/2105/2105 2106/2106/2106
f 2107/2107/2107 2108/2108/2108 2109/2109/2109
f 2110/2110/2110 2111/2111/2111 2112/2112/2112
f 2113/2113/2113 2114/2114/2114 2115/2115/2115
f 2116/2116/2116 2117/2117/2117 2118/2118/2118
f 2119/2119/2119 2120/2120/2120 2121/2121/2121
f 2122/2122/2122 2123/2123/2123 2124/2124/2124
f 2125/2125/2125 2126/2126/2126 2127/2127/2127
f 2128/2128/2128 2129/2129/2129 2130/2130/2130
f 2131/2131/2131 2132/2132/2132 2133/2133/2133
f 2134/2134/2134 2135/2135/2135 2136/2136/2136
f 2137/2137/2137 2138/2138/2138 2139/2139/2139
f 2140/2140/2140 2141/2141/2141 2142/2142/2142
f 2143/2143/2143 2144/2144/2144 2145/2145/2145
f 2146/2146/2146 2147/2147/2147 2148/2148/2148
f 2149/2149/2149 2150/2150/2150 2151/2151/2151
f 2152/2152/2152 2153/2153/2153 2154/2154/2154
f 2155/2155/2155 2156/2156/2156 2157/2157/2157
f 2158/2158/2158 2159/2159/2159 2160/2160/2160
f 2161/2161/2161 2162/2162/2162 2163/2163/2163
f 2164/2164/2164 2165/2165/2165 2166/2166/2166
f 2167/2167/2167 2168/2168/2168 2169/2169/2169
f 2170/2170/2170 2171/2171/2171 2172/2172/2172
f 2173/2173/2173 2174/2174/2174 2175/2175/2175
f 2176/2176/2176 2177/2177/2177 2178/2178/2178
f 2179/2179/2179 2180/2180/2180 2181/2181/2181
f 2182/2182/2182 2183/2183/2183 2184/2184/2184
f 2185/2185/2185 2186/2186/2186 2187/2187/2187
f 2188/2188/2188 2189/2189/2189 2190/2190/2190
f 2191/2191/2191 2192/2192/2192 2193/2193/2193
f 2194/2194/2194 2195/2195/2195 2196/2196/2196
f 2197/2197/2197 2198/2198/2198 2199/2199/2199
f 2200/2200/2200 2201/2201/2201 2202/2202/2202
f 2203/2203/2203 2204/2204/2204 2205/2205/2205
f 2206/2206/2206 2207/2207/2207 2208/2208/2208
f 2209/2209/2209 2210/2210/2210 2211/2211/2211
f 2212/2212/2212 2213/2213/2213 2214/2214/2214
f 2215/2215/2215 2216/2216/2216 2217/2217/2217
f 2218/2218/2218 2219/2219/2219 2220/2220/2220
f 2221/2221/2221 2222/2222/2222 2223/2223/2223
f 2224/2224/2224 2225/2225/2225 2226/2226/2226
f 2227/2227/2227 2228/2228/2228 2229/2229/2229
f 2230/2230/2230 2231/2231/2231 2232/2232/2232
f 2233/2233/2233 2234/2234/2234 2235/2235/2235
f 2236/2236/2236 2237/2237/2237 2238/2238/2238
f 2239/2239/2239 2240/2240/2240 2241/2241/2241
f 2242/2242/2242 2243/2243/2243 2244/2244/2244
f 2245/2245/2245 2246/2246/2246 2247/2247/2247
f 2248/2248/2248 2249/2249/2249 2250/2250/2250
f 2251/2251/2251 2252/2252/2252 2253/2253/2253
f 2254/2254/2254 2255/2255/2255 2256/2256/2256
f 2257/2257/2257 2258/2258/2258 2259/2259/2259
f 2260/2260/2260 2261/2261/2261 2262/2262/2262
f 2263/2263/2263 2264/2264/2264 2265/2265/2265
f 2266/2266/2266 2267/2267/2267 2268/2268/2268
f 2269/2269/2269 2270/2270/2270 2271/2271/2271
f 2272/2272/2272 2273/2273/2273 2274/2274/2274
f 2275/2275/2275 2276/2276/2276 2277/2277/2277
f 2278/2278/2278 2279/2279/2279 2280/2280/2280
f 2281/2281/2281 2282/2282/2282 2283/2283/2283
f 2284/2284/2284 2285/2285/2285 2286/2286/2286
f 2287/2287/2287 2288/2288/2288 2289/2289/2289
f 2290/2290/2290 2291/2291/2291 2292/2292/2292
f 2293/2293/2293 2294/2294/2294 2295/2295/2295
f 2296/2296/2296 2297/2297/2297 2298/2298/2298
f 2299/2299/2299 2300/2300/2300 2301/2301/2301
f 2302/2302/2302 2303/2303/2303 2304/2304/2304
f 2305/2305/2305 2306/2306/2306 2307/2307/2307
f 2308/2308/2308 2309/2309/2309 2310/2310/2310
f 2311/2311/2311 2312/2312/2312 2313/2313/2313
f 2314/2314/2314 2315/2315/2315 2316/2316/2316
f 2317/2317/2317 2318/2318/2318 2319/2319/2319
f 2320/2320/2320 2321/2321/2321 2322/2322/2322
f 2323/2323/2323 2324/2324/2324 2325/2325/2325
f 2326/2326/2326 2327/2327/2327 2328/2328/2328
f 2329/2329/2329 2330/2330/2330 2331/2331/2331
f 2332/2332/2332 2333/2333/2333 2334/2334/2334
f 2335/2335/2335 2336/2336/2336 2337/2337/2337
f 2338/2338/2338 2339/2339/2339 2340/2340/2340
f 2341/2341/2341 2342/2342/2342 2343/2343/2343
f 2344/2344/2344 2345/2345/2345 2346/2346/2346
f 2347/2347/2347 2348/2348/2348 2349/2349/2349
f 2350/2350/2350 2351/2351/2351 2352/2352/2352
f 2353/2353/2353 2354/2354/2354 2355/2355/2355
f 2356/2356/2356 2357/2357/2357 2358/2358/2358
f 2359/2359/2359 2360/2360/2360 2361/2361/2361
f 2362/2362/2362 2363/2363/2363 2364/2364/2364
f 2365/2365/2365 2366/2366/2366 2367/2367/2367
f 2368/2368/2368 2369/2369/2369 2370/2370/2370
f 2371/2371/2371 2372/2372/2372 2373/2373/2373
f 2374/2374/2374 2375/2375/2375 2376/2376/2376
f 2377/2377/2377 2378/2378/2378 2379/2379/2379
f 2380/2380/2380 2381/2381/2381 2382/2382/2382
f 2383/2383/2383 2384/2384/2384 2385/2385/2385
f 2386/2386/2386 2387/2387/2387 2388/2388/2388
f 2389/2389/2389 2390/2390/2390 2391/2391/2391
f 2392/2392/2392 2393/2393/2393 2394/2394/2394
f 2395/2395/2395 2396/2396/2396 2397/2397/2397
f 2398/2398/2398 2399/2399/2399 2400/2400/2400
f 2401/2401/2401 2402/2402/2402 2403/2403/2403
f 2404/2404/2404 2405/2405/2405 2406/2406/2406
f 2407/2407/2407 2408/2408/2408 2409/2409/2409
f 2410/2410/2410 2411/2411/2411 2412/2412/2412
f 2413/2413/2413 2414/2414/2414 2415/2415/2415
f 2416/2416/2416 2417/2417/2417 2418/2418/2418
f 2419/2419/2419 2420/2420/2420 2421/2421/2421
f 2422/2422/2422 2423/2423/2423 2424/2424/2424
f 2425/2425/2425 2426/2426/2426 2427/2427/2427
f 2428/2428/2428 2429/2429/2429 2430/2430/2430
f 2431/2431/2431 2432/2432/2432 2433/2433/2433
f 2434/2434/2434 2435/2435/2435 2436/2436/2436
f 2437/2437/2437 2438/2438/2438 2439/2439/2439
f 2440/2440/2440 2441/2441/2441 2442/2442/2442
f 2443/2443/2443 2444/2444/2444 2445/2445/2445
f 2446/2446/2446 2447/2447/2447 2448/2448/2448
f 2449/2449/2449 2450/2450/2450 2451/2451/2451
f 2452/2452/2452 2453/2453/2453 2454/2454/2454
f 2455/2455/2455 2456/2456/2456 2457/2457/2457
f 2458/2458/2458 2459/2459/2459 2460/2460/2460
f 2461/2461/2461 2462/2462/2462 2463/2463/2463
f 2464/2464/2464 2465/2465/2465 2466/2466/2466
f 2467/2467/2467 2468/2468/2468 2469/2469/2469
f 2470/2470/2470 2471/2471/2471 2472/2472/2472
f 2473/2473/2473 2474/2474/2474 2475/2475/2475
f 2476/2476/2476 2477/2477/2477 2478/2478/2478
f 2479/2479/2479 2480/2480/2480 2481/2481/2481
f 2482/2482/2482 2483/2483/2483 2484/2484/2484
f 2485/2485/2485 2486/2486/2486 2487/2487/2487
f 2488/2488/2488 2489/2489/2489 2490/2490/2490
f 2491/2491/2491 2492/2492/2492 2493/2493/2493
f 2494/2494/2494 2495/2495/2495 2496/2496/2496
f 2497/2497/2497 2498/2498/2498 2499/2499/2499
f 2500/2500/2500 2501/2501/2501 2502/2502/2502
f 2503/2503/2503 2504/2504/2504 2505/2505/2505
f 2506/2506/2506 2507/2507/2507 2508/2508/2508
f 2509/2509/2509 2510/2510/2510 2511/2511/2511
f 2512/2512/2512 2513/2513/2513 2514/2514/2514
f 2515/2515/2515 2516/2516/2516 2517/2517/2517
f 2518/2518/2518 2519/2519/2519 2520/2520/2520
f 2521/2521/2521 2522/2522/2522 2523/2523/2523
f 2524/2524/2524 2525/2525/2525 2526/2526/2526
f 2527/2527/2527 2528/2528/2528 2529/2529/2529
f 2530/2530/2530 2531/2531/2531 2532/2532/2532
f 2533/2533/2533 2534/2534/2534 2535/2535/2535
f 2536/2536/2536 2537/2537/2537 2538/2538/2538
f 2539/2539/2539 2540/2540/2540 2541/2541/2541
f 2542/2542/2542 2543/2543/2543 2544/2544/2544
f 2545/2545/2545 2546/2546/2546 2547/2547/2547
f 2548/2548/2548 2549/2549/2549 2550/2550/2550
f 2551/2551/2551 2552/2552/2552 2553/2553/2553
f 2554/2554/2554 2555/2555/2555 2556/2556/2556
f 2557/2557/2557 2558/2558/2558 2559/2559/2559
f 2560/2560/2560 2561/2561/2561 2562/2562/2562
f 2563/2563/2563 2564/2564/2564 2565/2565/2565
f 2566/2566/2566 2567/2567/2567 2568/2568/2568
f 2569/2569/2569 2570/2570/2570 2571/2571/2571
f 2572/2572/2572 2573/2573/2573 2574/2574/2574
f 2575/2575/2575 2576/2576/2576 2577/2577/2577
f 2578/2578/2578 2579/2579/2579 2580/2580/2580
f 2581/2581/2581 2582/2582/2582 2583/2583/2583
f 2584/2584/2584 2585/2585/2585 2586/2586/2586
f 2587/2587/2587 2588/2588/2588 2589/2589/2589
f 2590/2590/2590 2591/2591/2591 2592/2592/2592
f 2593/2593/2593 2594/2594/2594 2595/2595/2595
f 2596/2596/2596 2597/2597/2597 2598/2598/2598
f 2599/2599/2599 2600/2600/2600 2601/2601/2601
f 2602/2602/2602 2603/2603/2603 2604/2604/2604
f 2605/2605/2605 2606/2606/2606 2607/2607/2607
f 2608/2608/2608 2609/2609/2609 2610/2610/2610
f 2611/2611/2611 2612/2612/2612 2613/2613/2613
f 2614/2614/2614 2615/2615/2615 2616/2616/2616
f 2617/2617/2617 2618/2618/2618 2619/2619/2619
f 2620/2620/2620 2621/2621/2621 2622/2622/2622
f 2623/2623/2623 2624/2624/2624 2625/2625/2625
f 2626/2626/2626 2627/2627/2627 2628/2628/2628
f 2629/2629/2629 2630/2630/2630 2631/2631/2631
f 2632/2632/2632 2633/2633/2633 2634/2634/2634
f 2635/2635/2635 2636/2636/2636 2637/2637/2637
f 2638/2638/2638 2639/2639/2639 2640/2640/2640
f 2641/2641/2641 2642/2642/2642 2643/2643/2643
f 2644/2644/2644 2645/2645/2645 2646/2646/2646
f 2647/2647/2647 2648/2648/2648 2649/2649/2649
f 2650/2650/2650 2651/2651/2651 2652/2652/2652
f 2653/2653/2653 2654/2654/2654 2655/2655/2655
f 2656/2656/2656 2657/2657/2657 2658/2658/2658
f 2659/2659/2659 2660/2660/2660 2661/2661/2661
f 2662/2662/2662 2663/2663/2663 2664/2664/2664
f 2665/2665/2665 2666/2666/2666 2667/2667/2667
f 2668/2668/2668 2669/2669/2669 2670/2670/2670
f 2671/2671/2671 2672/2672/2672 2673/2673/2673
f 2674/2674/2674 2675/2675/2675 2676/2676/2676
f 2677/2677/2677 2678/2678/2678 2679/2679/2679
f 2680/2680/2680 2681/2681/2681 2682/2682/2682
f 2683/2683/2683 2684/2684/2684 2685/2685/2685
f 2686/2686/2686 2687/2687/2687 2688/2688/2688
f 2689/2689/2689 2690/2690/2690 2691/2691/2691
f 2692/2692/2692 2693/2693/2693 2694/2694/2694
f 2695/2695/2695 2696/2696/2696 2697/2697/2697
f 2698/2698/2698 2699/2699/2699 2700/2700/2700
f 2701/2701/2701 2702/2702/2702 2703/2703/2703
f 2704/2704/2704 2705/2705/2705 2706/2706/2706
f 2707/2707/2707 2708/2708/2708 2709/2709/2709
f 2710/2710/2710 2711/2711/2711 2712/2712/2712
f 2713/2713/2713 2714/2714/2714 2715/2715/2715
f 2716/2716/2716 2717/2717/2717 2718/2718/2718
f 2719/2719/2719 2720/2720/2720 2721/2721/2721
f 2722/2722/2722 2723/2723/2723 2724/2724/2724
f 2725/2725/2725 2726/2726/2726 2727/2727/2727
f 2728/2728/2728 2729/2729/2729 2730/2730/2730
f 2731/2731/2731 2732/2732/2732 2733/2733/2733
f 2734/2734/2734 2735/2735/2735 2736/2736/2736
f 2737/2737/2737 2738/2738/2738 2739/2739/2739
f 2740/2740/2740 2741/2741/2741 2742/2742/2742
f 2743/2743/2743 2744/2744/2744 2745/2745/2745
f 2746/2746/2746 2747/2747/2747 2748/2748/2748
f 2749/2749/2749 2750/2750/2750 2751/2751/2751
f 2752/2752/2752 2753/2753/2753 2754/2754/2754
f 2755/2755/2755 2756/2756/2756 2757/2757/2757
f 2758/2758/2758 2759/2759/2759 2760/2760/2760
f 2761/2761/2761 2762/2762/2762 2763/2763/2763
f 2764/2764/2764 2765/2765/2765 2766/2766/2766
f 2767/2767/2767 2768/2768/2768 2769/2769/2769
f 2770/2770/2770 2771/2771/2771 2772/2772/2772
f 2773/2773/2773 2774/2774/2774 2775/2775/2775
f 2776/2776/2776 2777/2777/2777 2778/2778/2778
f 2779/2779/2779 2780/2780/2780 2781/2781/2781
f 2782/2782/2782 2783/2783/2783 2784/2784/2784
f 2785/2785/2785 2786/2786/2786 2787/2787/2787
f 2788/2788/2788 2789/2789/2789 2790/2790/2790
f 2791/2791/2791 2792/2792/2792 2793/2793/2793
f 2794/2794/2794 2795/2795/2795 2796/2796/2796
f 2797/2797/2797 2798/2798/2798 2799/2799/2799
f 2800/2800/2800 2801/2801/2801 2802/2802/2802
f 2803/2803/2803 2804/2804/2804 2805/2805/2805
f 2806/2806/2806 2807/2807/2807 2808/2808/2808
f 2809/2809/2809 2810/2810/2810 2811/2811/2811
f 2812/2812/2812 2813/2813/2813 2814/2814/2814
f 2815/2815/2815 2816/2816/2816 2817/2817/2817
f 2818/2818/2818 2819/2819/2819 2820/2820/2820
f 2821/2821/2821 2822/2822/2822 2823/2823/2823
f 2824/2824/2824 2825/2825/2825 2826/2826/2826
f 2827/2827/2827 2828/2828/2828 2829/2829/2829
f 2830/2830/2830 2831/2831/2831 2832/2832/2832
f 2833/2833/2833 2834/2834/2834 2835/2835/2835
f 2836/2836/2836 2837/2837/2837 2838/2838/2838
f 2839/2839/2839 2840/2840/2840 2841/2841/2841
f 2842/2842/2842 2843/2843/2843 2844/2844/2844
f 2845/2845/2845 2846/2846/2846 2847/2847/2847
f 2848/2848/2848 2849/2849/2849 2850/2850/2850
f 2851/2851/2851 2852/2852/2852 2853/2853/2853
f 2854/2854/2854 2855/2855/2855 2856/2856/2856
f 2857/2857/2857 2858/2858/2858 2859/2859/2859
f 2860/2860/2860 2861/2861/2861 2862/2862/2862
f 2863/2863/2863 2864/2864/2864 2865/2865/2865
f 2866/2866/2866 2867/2867/2867 2868/2868/2868
f 2869/2869/2869 2870/2870/2870 2871/2871/2871
f 2872/2872/2872 2873/2873/2873 2874/2874/2874
f 2875/2875/2875 2876/2876/2876 2877/2877/2877
f 2878/2878/2878 2879/2879/2879 2880/2880/2880
f 2881/2881/2881 2882/2882/2882 2883/2883/2883
f 2884/2884/2884 2885/2885/2885 2886/2886/2886
f 2887/2887/2887 2888/2888/2888 2889/2889/2889
f 2890/2890/2890 2891/2891/2891 2892/2892/2892
f 2893/2893/2893 2894/2894/2894 2895/2895/2895
f 2896/2896/2896 2897/2897/2897 2898/2898/2898
f 2899/2899/2899 2900/2900/2900 2901/2901/2901
f 2902/2902/2902 2903/2903/2903 2904/2904/2904
f 2905/2905/2905 2906/2906/2906 2907/2907/2907
f 2908/2908/2908 2909/2909/2909 2910/2910/2910
f 2911/2911/2911 2912/2912/2912 2913/2913/2913
f 2914/2914/2914 2915/2915/2915 2916/2916/2916
f 2917/2917/2917 2918/2918/2918 2919/2919/2919
f 2920/2920/2920 2921/2921/2921 2922/2922/2922
f 2923/2923/2923 2924/2924/2924 2925/2925/2925
f 2926/2926/2926 2927/2927/2927 2928/2928/2928
f 2929/2929/2929 2930/2930/2930 2931/2931/2931
f 2932/2932/2932 2933/2933/2933 2934/2934/2934
f 2935/2935/2935 2936/2936/2936 2937/2937/2937
f 2938/2938/2938 2939/2939/2939 2940/2940/2940
f 2941/2941/2941 2942/2942/2942 2943/2943/2943
f 2944/2944/2944 2945/2945/2945 2946/2946/2946
f 2947/2947/2947 2948/2948/2948 2949/2949/2949
f 2950/2950/2950 2951/2951/2951 2952/2952/2952
f 2953/2953/2953 2954/2954/2954 2955/2955/2955
f 2956/2956/2956 2957/2957/2957 2958/2958/2958
f 2959/2959/2959 2960/2960/2960 2961/2961/2961
f 2962/2962/2962 2963/2963/2963 2964/2964/2964
f 2965/2965/2965 2966/2966/2966 2967/2967/2967
f 2968/2968/2968 2969/2969/2969 2970/2970/2970
f 2971/2971/2971 2972/2972/2972 2973/2973/2973
f 2974/2974/2974 2975/2975/2975 2976/2976/2976
f 2977/2977/2977 2978/2978/2978 2979/2979/2979
f 2980/2980/2980 2981/2981/2981 2982/2982/2982
f 2983/2983/2983 2984/2984/2984 2985/2985/2985
f 2986/2986/2986 2987/2987/2987 2988/2988/2988
f 2989/2989/2989 2990/2990/2990 2991/2991/2991
f 2992/2992/2992 2993/2993/2993 2994/2994/2994
f 2995/2995/2995 2996/2996/2996 2997/2997/2997
f 2998/2998/2998 2999/2999/2999 3000/3000/3000
f 3001/3001/3001 3002/3002/3002 3003/3003/3003
f 3004/3004/3004 3005/3005/3005 3006/3006/3006
f 3007/3007/3007 3008/3008/3008 3009/3009/3009
f 3010/3010/3010 3011/3011/3011 3012/3012/3012
f 3013/3013/3013 3014/3014/3014 3015/3015/3015
f 3016/3016/3016 3017/3017/3017 3018/3018/3018
f 3019/3019/3019 3020/3020/3020 3021/3021/3021
f 3022/3022/3022 3023/3023/3023 3024/3024/3024
f 3025/3025/3025 3026/3026/3026 3027/3027/3027
f 3028/3028/3028 3029/3029/3029 3030/3030/3030
f 3031/3031/3031 3032/3032/3032 3033/3033/3033
f 3034/3034/3034 3035/3035/3035 3036/3036/3036
f 3037/3037/3037 3038/3038/3038 3039/3039/3039
f 3040/3040/3040 3041/3041/3041 3042/3042/3042
f 3043/3043/3043 3044/3044/3044 3045/3045/3045
f 3046/3046/3046 3047/3047/3047 3048/3048/3048
f 3049/3049/3049 3050/3050/3050 3051/3051/3051
f 3052/3052/3052 3053/3053/3053 3054/3054/3054
f 3055/3055/3055 3056/3056/3056 3057/3057/3057
f 3058/3058/3058 3059/3059/3059 3060/3060/3060
f 3061/3061/3061 3062/3062/3062 3063/3063/3063
f 3064/3064/3064 3065/3065/3065 3066/3066/3066
f 3067/3067/3067 3068/3068/3068 3069/3069/3069
f 3070/3070/3070 3071/3071/3071 3072/3072/3072
f 3073/3073/3073 3074/3074/3074 3075/3075/3075
f 3076/3076/3076 3077/3077/3077 3078/3078/3078
f 3079/3079/3079 3080/3080/3080 3081/3081/3081
f 3082/3082/3082 3083/3083/3083 3084/3084/3084
f 3085/3085/3085 3086/3086/3086 3087/3087/3087
f 3088/3088/3088 3089/3089/3089 3090/3090/3090
f 3091/3091/3091 3092/3092/3092 3093/3093/3093
f 3094/3094/3094 3095/3095/3095 3096/3096/3096
f 3097/3097/3097 3098/3098/3098 3099/3099/3099
f 3100/3100/3100 3101/3101/3101 3102/3102/3102
f 3103/3103/3103 3104/3104/3104 3105/3105/3105
f 3106/3106/3106 3107/3107/3107 3108/3108/3108
f 3109/3109/3109 3110/3110/3110 3111/3111/3111
f 3112/3112/3112 3113/3113/3113 3114/3114/3114
f 3115/3115/3115 3116/3116/3116 3117/3117/3117
f 3118/3118/3118 3119/3119/3119 3120/3120/3120
f 3121/3121/3121 3122/3122/3122 3123/3123/3123
f 3124/3124/3124 3125/3125/3125 3126/3126/3126
f 3127/3127/3127 3128/3128/3128 3129/3129/3129
f 3130/3130/3130 3131/3131/3131 3132/3132/3132
f 3133/3133/3133 3134/3134/3134 3135/3135/3135
f 3136/3136/3136 3137/3137/3137 3138/3138/3138
f 3139/3139/3139 3140/3140/3140 3141/3141/3141
f 3142/3142/3142 3143/3143/3143 3144/3144/3144
f 3145/3145/3145 3146/3146/3146 3147/3147/3147
f 3148/3148/3148 3149/3149/3149 3150/3150/3150
f 3151/3151/3151 3152/3152/3152 3153/3153/3153
f 3154/3154/3154 3155/3155/3155 3156/3156/3156
f 3157/3157/3157 3158/3158/3158 3159/3159/3159
f 3160/3160/3160 3161/3161/3161 3162/3162/3162
f 3163/3163/3163 3164/3164/3164 3165/3165/3165
f 3166/3166/3166 3167/3167/3167 3168/3168/3168
f 3169/3169/3169 3170/3170/3170 3171/3171/3171
f 3172/3172/3172 3173/3173/3173 3174/3174/3174
f 3175/3175/3175 3176/3176/3176 3177/3177/3177
f 3178/3178/3178 3179/3179/3179 3180/3180/3180
f 3181/3181/3181 3182/3182/3182 3183/3183/3183
f 3184/3184/3184 3185/3185/3185 3186/3186/3186
f 3187/3187/3187 3188/3188/3188 3189/3189/3189
f 3190/3190/3190 3191/3191/3191 3192/3192/3192
f 3193/3193/3193 3194/3194/3194 3195/3195/3195
f 3196/3196/3196 3197/3197/3197 3198/3198/3198
f 3199/3199/3199 3200/3200/3200 3201/3201/3201
f 3202/3202/3202 3203/3203/3203 3204/3204/3204
f 3205/3205/3205 3206/3206/3206 3207/3207/3207
f 3208/3208/3208 3209/3209/3209 3210/3210/3210
f 3211/3211/3211 3212/3212/3212 3213/3213/3213
f 3214/3214/3214 3215/3215/3215 3216/3216/3216
f 3217/3217/3217 3218/3218/3218 3219/3219/3219
f 3220/3220/3220 3221/3221/3221 3222/3222/3222
f 3223/3223/3223 3224/3224/3224 3225/3225/3225
f 3226/3226/3226 3227/3227/3227 3228/3228/3228
f 3229/3229/3229 3230/3230/3230 3231/3231/3231
f 3232/3232/3232 3233/3233/3233 3234/3234/3234
f 3235/3235/3235 3236/3236/3236 3237/3237/3237
f 3238/3238/3238 3239/3239/3239 3240/3240/3240
f 3241/3241/3241 3242/3242/3242 3243/3243/3243
f 3244/3244/3244 3245/3245/3245 3246/3246/3246
f 3247/3247/3247 3248/3248/3248 3249/3249/3249
f 3250/3250/3250 3251/3251/3251 3252/3252/3252
f 3253/3253/3253 3254/3254/3254 3255/3255/3255
f 3256/3256/3256 3257/3257/3257 3258/3258/3258
f 3259/3259/3259 3260/3260/3260 3261/3261/3261
f 3262/3262/3262 3263/3263/3263 3264/3264/3264
f 3265/3265/3265 3266/3266/3266 3267/3267/3267
f 3268/3268/3268 3269/3269/3269 3270/3270/3270
f 3271/3271/3271 3272/3272/3272 3273/3273/3273
f 3274/3274/3274 3275/3275/3275 3276/3276/3276
f 3277/3277/3277 3278/3278/3278 3279/3279/3279
f 3280/3280/3280 3281/3281/3281 3282/3282/3282
f 3283/3283/3283 3284/3284/3284 3285/3285/3285
f 3286/3286/3286 3287/3287/3287 3288/3288/3288
f 3289/3289/3289 3290/3290/3290 3291/3291/3291
f 3292/3292/3292 3293/3293/3293 3294/3294/3294
f 3295/3295/3295 3296/3296/3296 3297/3297/3297
f 3298/3298/3298 3299/3299/3299 3300/3300/3300
f 3301/3301/3301 3302/3302/3302 3303/3303/3303
f 3304/3304/3304 3305/3305/3305 3306/3306/3306
f 3307/3307/3307 3308/3308/3308 3309/3309/3309
f 3310/3310/3310 3311/3311/3311 3312/3312/3312
f 3313/3313/3313 3314/3314/3314 3315/3315/3315
f 3316/3316/3316 3317/3317/3317 3318/3318/3318
f 3319/3319/3319 3320/3320/3320 3321/3321/3321
f 3322/3322/3322 3323/3323/3323 3324/3324/3324
f 3325/3325/3325 3326/3326/3326 3327/3327/3327
f 3328/3328/3328 3329/3329/3329 3330/3330/3330
f 3331/3331/3331 3332/3332/3332 3333/3333/3333
f 3334/3334/3334 3335/3335/3335 3336/3336/3336
f 3337/3337/3337 3338/3338/3338 3339/3339/3339
f 3340/3340/3340 3341/3341/3341 3342/3342/3342
f 3343/3343/3343 3344/3344/3344 3345/3345/3345
f 3346/3346/3346 3347/3347/3347 3348/3348/3348
f 3349/3349/3349 3350/3350/3350 3351/3351/3351
f 3352/3352/3352 3353/3353/3353 3354/3354/3354
f 3355/3355/3355 3356/3356/3356 3357/3357/3357
f 3358/3358/3358 3359/3359/3359 3360/3360/3360
f 3361/3361/3361 3362/3362/3362 3363/3363/3363
f 3364/3364/3364 3365/3365/3365 3366/3366/3366
f 3367/3367/3367 3368/3368/3368 3369/3369/3369
f 3370/3370/3370 3371/3371/3371 3372/3372/3372
f 3373/3373/3373 3374/3374/3374 3375/3375/3375
f 3376/3376/3376 3377/3377/3377 3378/3378/3378
f 3379/3379/3379 3380/3380/3380 3381/3381/3381
f 3382/3382/3382 3383/3383/3383 3384/3384/3384
f 3385/3385/3385 3386/3386/3386 3387/3387/3387
f 3388/3388/3388 3389/3389/3389 3390/3390/3390
f 3391/3391/3391 3392/3392/3392 3393/3393/3393
f 3394/3394/3394 3395/3395/3395 3396/3396/3396
f 3397/3397/3397 3398/3398/3398 3399/3399/3399
f 3400/3400/3400 3401/3401/3401 3402/3402/3402
f 3403/3403/3403 3404/3404/3404 3405/3405/3405
f 3406/3406/3406 3407/3407/3407 3408/3408/3408
f 3409/3409/3409 3410/3410/3410 3411/3411/3411
f 3412/3412/3412 3413/3413/3413 3414/3414/3414
f 3415/3415/3415 3416/3416/3416 3417/3417/3417
f 3418/3418/3418 3419/3419/3419 3420/3420/3420
f 3421/3421/3421 3422/3422/3422 3423/3423/3423
f 3424/3424/3424 3425/3425/3425 3426/3426/3426
f 3427/3427/3427 3428/3428/3428 3429/3429/3429
f 3430/3430/3430 3431/3431/3431 3432/3432/3432
f 3433/3433/3433 3434/3434/3434 3435/3435/3435
f 3436/3436/3436 3437/3437/3437 3438/3438/3438
f 3439/3439/3439 3440/3440/3440 3441/3441/3441
f 3442/3442/3442 3443/3443/3443 3444/3444/3444
f 3445/3445/3445 3446/3446/3446 3447/3447/3447
f 3448/3448/3448 3449/3449/3449 3450/3450/3450
f 3451/3451/3451 3452/3452/3452 3453/3453/3453
f 3454/3454/3454 3455/3455/3455 3456/3456/3456
f 3457/3457/3457 3458/3458/3458 3459/3459/3459
f 3460/3460/3460 3461/3461/3461 3462/3462/3462
f 3463/3463/3463 3464/3464/3464 3465/3465/3465
f 3466/3466/3466 3467/3467/3467 3468/3468/3468
f 3469/3469/3469 3470/3470/3470 3471/3471/3471
f 3472/3472/3472 3473/3473/3473 3474/3474/3474
f 3475/3475/3475 3476/3476/3476 3477/3477/3477
f 3478/3478/3478 3479/3479/3479 3480/3480/3480
f 3481/3481/3481 3482/3482/3482 3483/3483/3483
f 3484/3484/3484 3485/3485/3485 3486/3486/3486
f 3487/3487/3487 3488/3488/3488 3489/3489/3489
f 3490/3490/3490 3491/3491/3491 3492/3492/3492
f 3493/3493/3493 3494/3494/3494 3495/3495/3495
f 3496/3496/3496 3497/3497/3497 3498/3498/3498
f 3499/3499/3499 3500/3500/3500 3501/3501/3501
f 3502/3502/3502 3503/3503/3503 3504/3504/3504
f 3505/3505/3505 3506/3506/3506 3507/3507/3507
f 3508/3508/3508 3509/3509/3509 3510/3510/3510
f 3511/3511/3511 3512/3512/3512 3513/3513/3513
f 3514/3514/3514 3515/3515/3515 3516/3516/3516
f 3517/3517/3517 3518/3518/3518 3519/3519/3519
f 3520/3520/3520 3521/3521/3521 3522/3522/3522
f 3523/3523/3523 3524/3524/3524 3525/3525/3525
f 3526/3526/3526 3527/3527/3527 3528/3528/3528
f 3529/3529/3529 3530/3530/3530 3531/3531/3531
f 3532/3532/3532 3533/3533/3533 3534/3534/3534
f 3535/3535/3535 3536/3536/3536 3537/3537/3537
f 3538/3538/3538 3539/3539/3539 3540/3540/3540
f 3541/3541/3541 3542/3542/3542 3543/3543/3543
f 3544/3544/3544 3545/3545/3545 3546/3546/3546
f 3547/3547/3547 3548/3548/3548 3549/3549/3549
f 3550/3550/3550 3551/3551/3551 3552/3552/3552
f 3553/3553/3553 3554/3554/3554 3555/3555/3555
f 3556/3556/3556 3557/3557/3557 3558/3558/3558
f 3559/3559/3559 3560/3560/3560 3561/3561/3561
f 3562/3562/3562 3563/3563/3563 3564/3564/3564
f 3565/3565/3565 3566/3566/3566 3567/3567/3567
f 3568/3568/3568 3569/3569/3569 3570/3570/3570
f 3571/3571/3571 3572/3572/3572 3573/3573/3573
f 3574/3574/3574 3575/3575/3575 3576/3576/3576
f 3577/3577/3577 3578/3578/3578 3579/3579/3579
f 3580/3580/3580 3581/3581/3581 3582/3582/3582
f 3583/3583/3583 3584/3584/3584 3585/3585/3585
f 3586/3586/3586 3587/3587/3587 3588/3588/3588
f 3589/3589/3589 3590/3590/3590 3591/3591/3591
f 3592/3592/3592 3593/3593/3593 3594/3594/3594
f 3595/3595/3595 3596/3596/3596 3597/3597/3597
f 3598/3598/3598 3599/3599/3599 3600/3600/3600
f 3601/3601/3601 3602/3602/3602 3603/3603/3603
f 3604/3604/3604 3605/3605/3605 3606/3606/3606
f 3607/3607/3607 3608/3608/3608 3609/3609/3609
f 3610/3610/3610 3611/3611/3611 3612/3612/3612
f 3613/3613/3613 3614/3614/3614 3615/3615/3615
f 3616/3616/3616 3617/3617/3617 3618/3618/3618
f 3619/3619/3619 3620/3620/3620 3621/3621/3621
f 3622/3622/3622 3623/3623/3623 3624/3624/3624
f 3625/3625/3625 3626/3626/3626 3627/3627/3627
f 3628/3628/3628 3629/3629/3629 3630/3630/3630
f 3631/3631/3631 3632/3632/3632 3633/3633/3633
f 3634/3634/3634 3635/3635/3635 3636/3636/3636
f 3637/3637/3637 3638/3638/3638 3639/3639/3639
f 3640/3640/3640 3641/3641/3641 3642/3642/3642
f 3643/3643/3643 3644/3644/3644 3645/3645/3645
f 3646/3646/3646 3647/3647/3647 3648/3648/3648
f 3649/3649/3649 3650/3650/3650 3651/3651/3651
f 3652/3652/3652 3653/3653/3653 3654/3654/3654
f 3655/3655/3655 3656/3656/3656 3657/3657/3657
f 3658/3658/3658 3659/3659/3659 3660/3660/3660
f 3661/3661/3661 3662/3662/3662 3663/3663/3663
f 3664/3664/3664 3665/3665/3665 3666/3666/3666
f 3667/3667/3667 3668/3668/3668 3669/3669/3669
f 3670/3670/3670 3671/3671/3671 3672/3672/3672
f 3673/3673/3673 3674/3674/3674 3675/3675/3675
f 3676/3676/3676 3677/3677/3677 3678/3678/3678
f 3679/3679/3679 3680/3680/3680 3681/3681/3681
f 3682/3682/3682 3683/3683/3683 3684/3684/3684
f 3685/3685/3685 3686/3686/3686 3687/3687/3687
f 3688/3688/3688 3689/3689/3689 3690/3690/3690
f 3691/3691/3691 3692/3692/3692 3693/3693/3693
f 3694/3694/3694 3695/3695/3695 3696/3696/3696
f 3697/3697/3697 3698/3698/3698 3699/3699/3699
f 3700/3700/3700 3701/3701/3701 3702/3702/3702
f 3703/3703/3703 3704/3704/3704 3705/3705/3705
f 3706/3706/3706 3707/3707/3707 3708/3708/3708
f 3709/3709/3709 3710/3710/3710 3711/3711/3711
f 3712/3712/3712 3713/3713/3713 3714/3714/3714
f 3715/3715/3715 3716/3716/3716 3717/3717/3717
f 3718/3718/3718 3719/3719/3719 3720/3720/3720
f 3721/3721/3721 3722/3722/3722 3723/3723/3723
f 3724/3724/3724 3725/3725/3725 3726/3726/3726
f 3727/3727/3727 3728/3728/3728 3729/3729/3729
f 3730/3730/3730 3731/3731/3731 3732/3732/3732
f 3733/3733/3733 3734/3734/3734 3735/3735/3735
f 3736/3736/3736 3737/3737/3737 3738/3738/3738
f 3739/3739/3739 3740/3740/3740 3741/3741/3741
f 3742/3742/3742 3743/3743/3743 3744/3744/3744
f 3745/3745/3745 3746/3746/3746 3747/3747/3747
f 3748/3748/3748 3749/3749/3749 3750/3750/3750
f 3751/3751/3751 3752/3752/3752 3753/3753/3753
f 3754/3754/3754 3755/3755/3755 3756/3756/3756
f 3757/3757/3757 3758/3758/3758 3759/3759/3759
f 3760/3760/3760 3761/3761/3761 3762/3762/3762
f 3763/3763/3763 3764/3764/3764 3765/3765/3765
f 3766/3766/3766 3767/3767/3767 3768/3768/3768
f 3769/3769/3769 3770/3770/3770 3771/3771/3771
f 3772/3772/3772 3773/3773/3773 3774/3774/3774
f 3775/3775/3775 3776/3776/3776 3777/3777/3777
f 3778/3778/3778 3779/3779/3779 3780/3780/3780
f 3781/3781/3781 3782/3782/3782 3783/3783/3783
f 3784/3784/3784 3785/3785/3785 3786/3786/3786
f 3787/3787/3787 3788/3788/3788 3789/3789/3789
f 3790/3790/3790 3791/3791/3791 3792/3792/3792
f 3793/3793/3793 3794/3794/3794 3795/3795/3795
f 3796/3796/3796 3797/3797/3797 3798/3798/3798
f 3799/3799/3799 3800/3800/3800 3801/3801/3801
f 3802/3802/3802 3803/3803/3803 3804/3804/3804
f 3805/3805/3805 3806/3806/3806 3807/3807/3807
f 3808/3808/3808 3809/3809/3809 3810/3810/3810
f 3811/3811/3811 3812/3812/3812 3813/3813/3813
f 3814/3814/3814 3815/3815/3815 3816/3816/3816
f 3817/3817/3817 3818/3818/3818 3819/3819/3819
f 3820/3820/3820 3821/3821/3821 3822/3822/3822
f 3823/3823/3823 3824/3824/3824 3825/3825/3825
f 3826/3826/3826 3827/3827/3827 3828/3828/3828
f 3829/3829/3829 3830/3830/3830 3831/3831/3831
f 3832/3832/3832 3833/3833/3833 3834/3834/3834
f 3835/3835/3835 3836/3836/3836 3837/3837/3837
f 3838/3838/3838 3839/3839/3839 3840/3840/3840
f 3841/3841/3841 3842/3842/3842 3843/3843/3843
f 3844/3844/3844 3845/3845/3845 3846/3846/3846
f 3847/3847/3847 3848/3848/3848 3849/3849/3849
f 3850/3850/3850 3851/3851/3851 3852/3852/3852
f 3853/3853/3853 3854/3854/3854 3855/3855/3855
f 3856/3856/3856 3857/3857/3857 3858/3858/3858
f 3859/3859/3859 3860/3860/3860 3861/3861/3861
f 3862/3862/3862 3863/3863/3863 3864/3864/3864
f 3865/3865/3865 3866/3866/3866 3867/3867/3867
f 3868/3868/3868 3869/3869/3869 3870/3870/3870
f 3871/3871/3871 3872/3872/3872 3873/3873/3873
f 3874/3874/3874 3875/3875/3875 3876/3876/3876
f 3877/3877/3877 3878/3878/3878 3879/3879/3879
f 3880/3880/3880 3881/3881/3881 3882/3882/3882
f 3883/3883/3883 3884/3884/3884 3885/3885/3885
f 3886/3886/3886 3887/3887/3887 3888/3888/3888
f 3889/3889/3889 3890/3890/3890 3891/3891/3891
f 3892/3892/3892 3893/3893/3893 3894/3894/3894
f 3895/3895/3895 3896/3896/3896 3897/3897/3897
f 3898/3898/3898 3899/3899/3899 3900/3900/3900
f 3901/3901/3901 3902/3902/3902 3903/3903/3903
f 3904/3904/3904 3905/3905/3905 3906/3906/3906
f 3907/3907/3907 3908/3908/3908 3909/3909/3909
f 3910/3910/3910 3911/3911/3911 3912/3912/3912
f 3913/3913/3913 3914/3914/3914 3915/3915/3915
f 3916/3916/3916 3917/3917/3917 3918/3918/3918
f 3919/3919/3919 3920/3920/3920 3921/3921/3921
f 3922/3922/3922 3923/3923/3923 3924/3924/3924
f 3925/3925/3925 3926/3926/3926 3927/3927/3927
f 3928/3928/3928 3929/3929/3929 3930/3930/3930
f 3931/3931/3931 3932/3932/3932 3933/3933/3933
f 3934/3934/3934 3935/3935/3935 3936/3936/3936
f 3937/3937/3937 3938/3938/3938 3939/3939/3939
f 3940/3940/3940 3941/3941/3941 3942/3942/3942
f 3943/3943/3943 3944/3944/3944 3945/3945/3945
f 3946/3946/3946 3947/3947/3947 3948/3948/3948
f 3949/3949/3949 3950/3950/3950 3951/3951/3951
f 3952/3952/3952 3953/3953/3953 3954/3954/3954
f 3955/3955/3955 3956/3956/3956 3957/3957/3957
f 3958/3958/3958 3959/3959/3959 3960/3960/3960
f 3961/3961/3961 3962/3962/3962 3963/3963/3963
f 3964/3964/3964 3965/3965/3965 3966/3966/3966
f 3967/3967/3967 3968/3968/3968 3969/3969/3969
f 3970/3970/3970 3971/3971/3971 3972/3972/3972
f 3973/3973/3973 3974/3974/3974 3975/3975/3975
f 3976/3976/3976 3977/3977/3977 3978/3978/3978
f 3979/3979/3979 3980/3980/3980 3981/3981/3981
f 3982/3982/3982 3983/3983/3983 3984/3984/3984
f 3985/3985/3985 3986/3986/3986 3987/3987/3987
f 3988/3988/3988 3989/3989/3989 3990/3990/3990
f 3991/3991/3991 3992/3992/3992 3993/3993/3993
f 3994/3994/3994 3995/3995/3995 3996/3996/3996
f 3997/3997/3997 3998/3998/3998 3999/3999/3999
f 4000/4000/4000 4001/4001/4001 4002/4002/4002
f 4003/4003/4003 4004/4004/4004 4005/4005/4005
f 4006/4006/4006 4007/4007/4007 4008/4008/4008
f 4009/4009/4009 4010/4010/4010 4011/4011/4011
f 4012/4012/4012 4013/4013/4013 4014/4014/4014
f 4015/4015/4015 4016/4016/4016 4017/4017/4017
f 4018/4018/4018 4019/4019/4019 4020/4020/4020
f 4021/4021/4021 4022/4022/4022 4023/4023/4023
f 4024/4024/4024 4025/4025/4025 4026/4026/4026
f 4027/4027/4027 4028/4028/4028 4029/4029/4029
f 4030/4030/4030 4031/4031/4031 4032/4032/4032
f 4033/4033/4033 4034/4034/4034 4035/4035/4035
f 4036/4036/4036 4037/4037/4037 4038/4038/4038
f 4039/4039/4039 4040/4040/4040 4041/4041/4041
f 4042/4042/4042 4043/4043/4043 4044/4044/4044
f 4045/4045/4045 4046/4046/4046 4047/4047/4047
f 4048/4048/4048 4049/4049/4049 4050/4050/4050
f 4051/4051/4051 4052/4052/4052 4053/4053/4053
f 4054/4054/4054 4055/4055/4055 4056/4056/4056
f 4057/4057/4057 4058/4058/4058 4059/4059/4059
f 4060/4060/4060 4061/4061/4061 4062/4062/4062
f 4063/4063/4063 4064/4064/4064 4065/4065/4065
f 4066/4066/4066 4067/4067/4067 4068/4068/4068
f 4069/4069/4069 4070/4070/4070 4071/4071/4071
f 4072/4072/4072 4073/4073/4073 4074/4074/4074
f 4075/4075/4075 4076/4076/4076 4077/4077/4077
f 4078/4078/4078 4079/4079/4079 4080/4080/4080
f 4081/4081/4081 4082/4082/4082 4083/4083/4083
f 4084/4084/4084 4085/4085/4085 4086/4086/4086
f 4087/4087/4087 4088/4088/4088 4089/4089/4089
f 4090/4090/4090 4091/4091/4091 4092/4092/4092
f 4093/4093/4093 4094/4094/4094 4095/4095/4095
f 4096/4096/4096 4097/4097/4097 4098/4098/4098
f 4099/4099/4099 4100/4100/4100 4101/4101/4101
f 4102/4102/4102 4103/4103/4103 4104/4104/4104
f 4105/4105/4105 4106/4106/4106 4107/4107/4107
f 4108/4108/4108 4109/4109/4109 4110/4110/4110
f 4111/4111/4111 4112/4112/4112 4113/4113/4113
f 4114/4114/4114 4115/4115/4115 4116/4116/4116
f 4117/4117/4117 4118/4118/4118 4119/4119/4119
f 4120/4120/4120 4121/4121/4121 4122/4122/4122
f 4123/4123/4123 4124/4124/4124 4125/4125/4125
f 4126/4126/4126 4127/4127/4127 4128/4128/4128
f 4129/4129/4129 4130/4130/4130 4131/4131/4131
f 4132/4132/4132 4133/4133/4133 4134/4134/4134
f 4135/4135/4135 4136/4136/4136 4137/4137/4137
f 4138/4138/4138 4139/4139/4139 4140/4140/4140
f 4141/4141/4141 4142/4142/4142 4143/4143/4143
f 4144/4144/4144 4145/4145/4145 4146/4146/4146
f 4147/4147/4147 4148/4148/4148 4149/4149/4149
f 4150/4150/4150 4151/4151/4151 4152/4152/4152
f 4153/4153/4153 4154/4154/4154 4155/4155/4155
f 4156/4156/4156 4157/4157/4157 4158/4158/4158
f 4159/4159/4159 4160/4160/4160 4161/4161/4161
f 4162/4162/4162 4163/4163/4163 4164/4164/4164
f 4165/4165/4165 4166/4166/4166 4167/4167/4167
f 4168/4168/4168 4169/4169/4169 4170/4170/4170
f 4171/4171/4171 4172/4172/4172 4173/4173/4173
f 4174/4174/4174 4175/4175/4175 4176/4176/4176
f 4177/4177/4177 4178/4178/4178 4179/4179/4179
f 4180/4180/4180 4181/4181/4181 4182/4182/4182
f 4183/4183/4183 4184/4184/4184 4185/4185/4185
f 4186/4186/4186 4187/4187/4187 4188/4188/4188
f 4189/4189/4189 4190/4190/4190 4191/4191/4191
f 4192/4192/4192 4193/4193/4193 4194/4194/4194
f 4195/4195/4195 4196/4196/4196 4197/4197/4197
f 4198/4198/4198 4199/4199/4199 4200/4200/4200
f 4201/4201/4201 4202/4202/4202 4203/4203/4203
f 4204/4204/4204 4205/4205/4205 4206/4206/4206
f 4207/4207/4207 4208/4208/4208 4209/4209/4209
f 4210/4210/4210 4211/4211/4211 4212/4212/4212
f 4213/4213/4213 4214/4214/4214 4215/4215/4215
f 4216/4216/4216 4217/4217/4217 4218/4218/4218
f 4219/4219/4219 4220/4220/4220 4221/4221/4221
f 4222/4222/4222 4223/4223/4223 4224/4224/4224
f 4225/4225/4225 4226/4226/4226 4227/4227/4227
f 4228/4228/4228 4229/4229/4229 4230/4230/4230
f 4231/4231/4231 4232/4232/4232 4233/4233/4233
f 4234/4234/4234 4235/4235/4235 4236/4236/4236
f 4237/4237/4237 4238/4238/4238 4239/4239/4239
f 4240/4240/4240 4241/4241/4241 4242/4242/4242
f 4243/4243/4243 4244/4244/4244 4245/4245/4245
f 4246/4246/4246 4247/4247/4247 4248/4248/4248
f 4249/4249/4249 4250/4250/4250 4251/4251/4251
f 4252/4252/4252 4253/4253/4253 4254/4254/4254
f 4255/4255/4255 4256/4256/4256 4257/4257/4257
f 4258/4258/4258 4259/4259/4259 4260/4260/4260
f 4261/4261/4261 4262/4262/4262 4263/4263/4263
f 4264/4264/4264 4265/4265/4265 4266/4266/4266
f 4267/4267/4267 4268/4268/4268 4269/4269/4269
f 4270/4270/4270 4271/4271/4271 4272/4272/4272
f 4273/4273/4273 4274/4274/4274 4275/4275/4275
f 4276/4276/4276 4277/4277/4277 4278/4278/4278
f 4279/4279/4279 4280/4280/4280 4281/4281/4281
f 4282/4282/4282 4283/4283/4283 4284/4284/4284
f 4285/4285/4285 4286/4286/4286 4287/4287/4287
f 4288/4288/4288 4289/4289/4289 4290/4290/4290
f 4291/4291/4291 4292/4292/4292 4293/4293/4293
f 4294/4294/4294 4295/4295/4295 4296/4296/4296
f 4297/4297/4297 4298/4298/4298 4299/4299/4299
f 4300/4300/4300 4301/4301/4301 4302/4302/4302
f 4303/4303/4303 4304/4304/4304 4305/4305/4305
f 4306/4306/4306 4307/4307/4307 4308/4308/4308
f 4309/4309/4309 4310/4310/4310 4311/4311/4311
f 4312/4312/4312 4313/4313/4313 4314/4314/4314
f 4315/4315/4315 4316/4316/4316 4317/4317/4317
f 4318/4318/4318 4319/4319/4319 4320/4320/4320
f 4321/4321/4321 4322/4322/4322 4323/4323/4323
f 4324/4324/4324 4325/4325/4325 4326/4326/4326
f 4327/4327/4327 4328/4328/4328 4329/4329/4329
f 4330/4330/4330 4331/4331/4331 4332/4332/4332
f 4333/4333/4333 4334/4334/4334 4335/4335/4335
f 4336/4336/4336 4337/4337/4337 4338/4338/4338
f 4339/4339/4339 4340/4340/4340 4341/4341/4341
f 4342/4342/4342 4343/4343/4343 4344/4344/4344
f 4345/4345/4345 4346/4346/4346 4347/4347/4347
f 4348/4348/4348 4349/4349/4349 4350/4350/4350
f 4351/4351/4351 4352/4352/4352 4353/4353/4353
f 4354/4354/4354 4355/4355/4355 4356/4356/4356
f 4357/4357/4357 4358/4358/4358 4359/4359/4359
f 4360/4360/4360 4361/4361/4361 4362/4362/4362
f 4363/4363/4363 4364/4364/4364 4365/4365/4365
f 4366/4366/4366 4367/4367/4367 4368/4368/4368
f 4369/4369/4369 4370/4370/4370 4371/4371/4371
f 4372/4372/4372 4373/4373/4373 4374/4374/4374
f 4375/4375/4375 4376/4376/4376 4377/4377/4377
f 4378/4378/4378 4379/4379/4379 4380/4380/4380
f 4381/4381/4381 4382/4382/4382 4383/4383/4383
f 4384/4384/4384 4385/4385/4385 4386/4386/4386
f 4387/4387/4387 4388/4388/4388 4389/4389/4389
f 4390/4390/4390 4391/4391/4391 4392/4392/4392
f 4393/4393/4393 4394/4394/4394 4395/4395/4395
f 4396/4396/4396 4397/4397/4397 4398/4398/4398
f 4399/4399/4399 4400/4400/4400 4401/4401/4401
f 4402/4402/4402 4403/4403/4403 4404/4404/4404
f 4405/4405/4405 4406/4406/4406 4407/4407/4407
f 4408/4408/4408 4409/4409/4409 4410/4410/4410
f 4411/4411/4411 4412/4412/4412 4413/4413/4413
f 4414/4414/4414 4415/4415/4415 4416/4416/4416
f 4417/4417/4417 4418/4418/4418 4419/4419/4419
f 4420/4420/4420 4421/4421/4421 4422/4422/4422
f 4423/4423/4423 4424/4424/4424 4425/4425/4425
f 4426/4426/4426 4427/4427/4427 4428/4428/4428
f 4429/4429/4429 4430/4430/4430 4431/4431/4431
f 4432/4432/4432 4433/4433/4433 4434/4434/4434
f 4435/4435/4435 4436/4436/4436 4437/4437/4437
f 4438/4438/4438 4439/4439/4439 4440/4440/4440
f 4441/4441/4441 4442/4442/4442 4443/4443/4443
f 4444/4444/4444 4445/4445/4445 4446/4446/4446
f 4447/4447/4447 4448/4448/4448 4449/4449/4449
f 4450/4450/4450 4451/4451/4451 4452/4452/4452
f 4453/4453/4453 4454/4454/4454 4455/4455/4455
f 4456/4456/4456 4457/4457/4457 4458/4458/4458
f 4459/4459/4459 4460/4460/4460 4461/4461/4461
f 4462/4462/4462 4463/4463/4463 4464/4464/4464
f 4465/4465/4465 4466/4466/4466 4467/4467/4467
f 4468/4468/4468 4469/4469/4469 4470/4470/4470
f 4471/4471/4471 4472/4472/4472 4473/4473/4473
f 4474/4474/4474 4475/4475/4475 4476/4476/4476
f 4477/4477/4477 4478/4478/4478 4479/4479/4479
f 4480/4480/4480 4481/4481/4481 4482/4482/4482
f 4483/4483/4483 4484/4484/4484 4485/4485/4485
f 4486/4486/4486 4487/4487/4487 4488/4488/4488
f 4489/4489/4489 4490/4490/4490 4491/4491/4491
f 4492/4492/4492 4493/4493/4493 4494/4494/4494
f 4495/4495/4495 4496/4496/4496 4497/4497/4497
f 4498/4498/4498 4499/4499/4499 4500/4500/4500
f 4501/4501/4501 4502/4502/4502 4503/4503/4503
f 4504/4504/4504 4505/4505/4505 4506/4506/4506
f 4507/4507/4507 4508/4508/4508 4509/4509/4509
f 4510/4510/4510 4511/4511/4511 4512/4512/4512
f 4513/4513/4513 4514/4514/4514 4515/4515/4515
f 4516/4516/4516 4517/4517/4517 4518/4518/4518
f 4519/4519/4519 4520/4520/4520 4521/4521/4521
f 4522/4522/4522 4523/4523/4523 4524/4524/4524
f 4525/4525/4525 4526/4526/4526 4527/4527/4527
f 4528/4528/4528 4529/4529/4529 4530/4530/4530
f 4531/4531/4531 4532/4532/4532 4533/4533/4533
f 4534/4534/4534 4535/4535/4535 4536/4536/4536
f 4537/4537/4537 4538/4538/4538 4539/4539/4539
f 4540/4540/4540 4541/4541/4541 4542/4542/4542
f 4543/4543/4543 4544/4544/4544 4545/4545/4545
f 4546/4546/4546 4547/4547/4547 4548/4548/4548
f 4549/4549/4549 4550/4550/4550 4551/4551/4551
f 4552/4552/4552 4553/4553/4553 4554/4554/4554
f 4555/4555/4555 4556/4556/4556 4557/4557/4557
f 4558/4558/4558 4559/4559/4559 4560/4560/4560
f 4561/4561/4561 4562/4562/4562 4563/4563/4563
f 4564/4564/4564 4565/4565/4565 4566/4566/4566
f 4567/4567/4567 4568/4568/4568 4569/4569/4569
f 4570/4570/4570 4571/4571/4571 4572/4572/4572
f 4573/4573/4573 4574/4574/4574 4575/4575/4575
f 4576/4576/4576 4577/4577/4577 4578/4578/4578
f 4579/4579/4579 4580/4580/4580 4581/4581/4581
f 4582/4582/4582 4583/4583/4583 4584/4584/4584
f 4585/4585/4585 4586/4586/4586 4587/4587/4587
f 4588/4588/4588 4589/4589/4589 4590/4590/4590
f 4591/4591/4591 4592/4592/4592 4593/4593/4593
f 4594/4594/4594 4595/4595/4595 4596/4596/4596
f 4597/4597/4597 4598/4598/4598 4599/4599/4599
f 4600/4600/4600 4601/4601/4601 4602/4602/4602
f 4603/4603/4603 4604/4604/4604 4605/4605/4605
f 4606/4606/4606 4607/4607/4607 4608/4608/4608
f 4609/4609/4609 4610/4610/4610 4611/4611/4611
f 4612/4612/4612 4613/4613/4613 4614/4614/4614
f 4615/4615/4615 4616/4616/4616 4617/4617/4617
f 4618/4618/4618 4619/4619/4619 4620/4620/4620
f 4621/4621/4621 4622/4622/4622 4623/4623/4623
f 4624/4624/4624 4625/4625/4625 4626/4626/4626
f 4627/4627/4627 4628/4628/4628 4629/4629/4629
f 4630/4630/4630 4631/4631/4631 4632/4632/4632
f 4633/4633/4633 4634/4634/4634 4635/4635/4635
f 4636/4636/4636 4637/4637/4637 4638/4638/4638
f 4639/4639/4639 4640/4640/4640 4641/4641/4641
f 4642/4642/4642 4643/4643/4643 4644/4644/4644
f 4645/4645/4645 4646/4646/4646 4647/4647/4647
f 4648/4648/4648 4649/4649/4649 4650/4650/4650
f 4651/4651/4651 4652/4652/4652 4653/4653/4653
f 4654/4654/4654 4655/4655/4655 4656/4656/4656
f 4657/4657/4657 4658/4658/4658 4659/4659/4659
f 4660/4660/4660 4661/4661/4661 4662/4662/4662
f 4663/4663/4663 4664/4664/4664 4665/4665/4665
f 4666/4666/4666 4667/4667/4667 4668/4668/4668
f 4669/4669/4669 4670/4670/4670 4671/4671/4671
f 4672/4672/4672 4673/4673/4673 4674/4674/4674
f 4675/4675/4675 4676/4676/4676 4677/4677/4677
f 4678/4678/4678 4679/4679/4679 4680/4680/4680
f 4681/4681/4681 4682/4682/4682 4683/4683/4683
f 4684/4684/4684 4685/4685/4685 4686/4686/4686
f 4687/4687/4687 4688/4688/4688 4689/4689/4689
f 4690/4690/4690 4691/4691/4691 4692/4692/4692
f 4693/4693/4693 4694/4694/4694 4695/4695/4695
f 4696/4696/4696 4697/4697/4697 4698/4698/4698
f 4699/4699/4699 4700/4700/4700 4701/4701/4701
f 4702/4702/4702 4703/4703/4703 4704/4704/4704
f 4705/4705/4705 4706/4706/4706 4707/4707/4707
f 4708/4708/4708 4709/4709/4709 4710/4710/4710
f 4711/4711/4711 4712/4712/4712 4713/4713/4713
f 4714/4714/4714 4715/4715/4715 4716/4716/4716
f 4717/4717/4717 4718/4718/4718 4719/4719/4719
f 4720/4720/4720 4721/4721/4721 4722/4722/4722
f 4723/4723/4723 4724/4724/4724 4725/4725/4725
f 4726/4726/4726 4727/4727/4727 4728/4728/4728
f 4729/4729/4729 4730/4730/4730 4731/4731/4731
f 4732/4732/4732 4733/4733/4733 4734/4734/4734
f 4735/4735/4735 4736/4736/4736 4737/4737/4737
f 4738/4738/4738 4739/4739/4739 4740/4740/4740
f 4741/4741/4741 4742/4742/4742 4743/4743/4743
f 4744/4744/4744 4745/4745/4745 4746/4746/4746
f 4747/4747/4747 4748/4748/4748 4749/4749/4749
f 4750/4750/4750 4751/4751/4751 4752/4752/4752
f 4753/4753/4753 4754/4754/4754 4755/4755/4755
f 4756/4756/4756 4757/4757/4757 4758/4758/4758
f 4759/4759/4759 4760/4760/4760 4761/4761/4761
f 4762/4762/4762 4763/4763/4763 4764/4764/4764
f 4765/4765/4765 4766/4766/4766 4767/4767/4767
f 4768/4768/4768 4769/4769/4769 4770/4770/4770
f 4771/4771/4771 4772/4772/4772 4773/4773/4773
f 4774/4774/4774 4775/4775/4775 4776/4776/4776
f 4777/4777/4777 4778/4778/4778 4779/4779/4779
f 4780/4780/4780 4781/4781/4781 4782/4782/4782
f 4783/4783/4783 4784/4784/4784 4785/4785/4785
f 4786/4786/4786 4787/4787/4787 4788/4788/4788
f 4789/4789/4789 4790/4790/4790 4791/4791/4791
f 4792/4792/4792 4793/4793/4793 4794/4794/4794
f 4795/4795/4795 4796/4796/4796 4797/4797/4797
f 4798/4798/4798 4799/4799/4799 4800/4800/4800
f 4801/4801/4801 4802/4802/4802 4803/4803/4803
f 4804/4804/4804 4805/4805/4805 4806/4806/4806
f 4807/4807/4807 4808/4808/4808 4809/4809/4809
f 4810/4810/4810 4811/4811/4811 4812/4812/4812
f 4813/4813/4813 4814/4814/4814 4815/4815/4815
f 4816/4816/4816 4817/4817/4817 4818/4818/4818
f 4819/4819/4819 4820/4820/4820 4821/4821/4821
f 4822/4822/4822 4823/4823/4823 4824/4824/4824
f 4825/4825/4825 4826/4826/4826 4827/4827/4827
f 4828/4828/4828 4829/4829/4829 4830/4830/4830
f 4831/4831/4831 4832/4832/4832 4833/4833/4833
f 4834/4834/4834 4835/4835/4835 4836/4836/4836
f 4837/4837/4837 4838/4838/4838 4839/4839/4839
f 4840/4840/4840 4841/4841/4841 4842/4842/4842
f 4843/4843/4843 4844/4844/4844 4845/4845/4845
f 4846/4846/4846 4847/4847/4847 4848/4848/4848
f 4849/4849/4849 4850/4850/4850 4851/4851/4851
f 4852/4852/4852 4853/4853/4853 4854/4854/4854
f 4855/4855/4855 4856/4856/4856 4857/4857/4857
f 4858/4858/4858 4859/4859/4859 4860/4860/4860
f 4861/4861/4861 4862/4862/4862 4863/4863/4863
f 4864/4864/4864 4865/4865/4865 4866/4866/4866
f 4867/4867/4867 4868/4868/4868 4869/4869/4869
f 4870/4870/4870 4871/4871/4871 4872/4872/4872
f 4873/4873/4873 4874/4874/4874 4875/4875/4875
f 4876/4876/4876 4877/4877/4877 4878/4878/4878
f 4879/4879/4879 4880/4880/4880 4881/4881/4881
f 4882/4882/4882 4883/4883/4883 4884/4884/4884
f 4885/4885/4885 4886/4886/4886 4887/4887/4887
f 4888/4888/4888 4889/4889/4889 4890/4890/4890
f 4891/4891/4891 4892/4892/4892 4893/4893/4893
f 4894/4894/4894 4895/4895/4895 4896/4896/4896
f 4897/4897/4897 4898/4898/4898 4899/4899/4899
f 4900/4900/4900 4901/4901/4901 4902/4902/4902
f 4903/4903/4903 4904/4904/4904 4905/4905/4905
f 4906/4906/4906 4907/4907/4907 4908/4908/4908
f 4909/4909/4909 4910/4910/4910 4911/4911/4911
f 4912/4912/4912 4913/4913/4913 4914/4914/4914
f 4915/4915/4915 4916/4916/4916 4917/4917/4917
f 4918/4918/4918 4919/4919/4919 4920/4920/4920
f 4921/4921/4921 4922/4922/4922 4923/4923/4923
f 4924/4924/4924 4925/4925/4925 4926/4926/4926
f 4927/4927/4927 4928/4928/4928 4929/4929/4929
f 4930/4930/4930 4931/4931/4931 4932/4932/4932
f 4933/4933/4933 4934/4934/4934 4935/4935/4935
f 4936/4936/4936 4937/4937/4937 4938/4938/4938
f 4939/4939/4939 4940/4940/4940 4941/4941/4941
f 4942/4942/4942 4943/4943/4943 4944/4944/4944
f 4945/4945/4945 4946/4946/4946 4947/4947/4947
f 4948/4948/4948 4949/4949/4949 4950/4950/4950
f 4951/4951/4951 4952/4952/4952 4953/4953/4953
f 4954/4954/4954 4955/4955/4955 4956/4956/4956
f 4957/4957/4957 4958/4958/4958 4959/4959/4959
f 4960/4960/4960 4961/4961/4961 4962/4962/4962
f 4963/4963/4963 4964/4964/4964 4965/4965/4965
f 4966/4966/4966 4967/4967/4967 4968/4968/4968
f 4969/4969/4969 4970/4970/4970 4971/4971/4971
f 4972/4972/4972 4973/4973/4973 4974/4974/4974
f 4975/4975/4975 4976/4976/4976 4977/4977/4977
f 4978/4978/4978 4979/4979/4979 4980/4980/4980
f 4981/4981/4981 4982/4982/4982 4983/4983/4983
f 4984/4984/4984 4985/4985/4985 4986/4986/4986
f 4987/4987/4987 4988/4988/4988 4989/4989/4989
f 4990/4990/4990 4991/4991/4991 4992/4992/4992
f 4993/4993/4993 4994/4994/4994 4995/4995/4995
f 4996/4996/4996 4997/4997/4997 4998/4998/4998
f 4999/4999/4999 5000/5000/5000 5001/5001/5001
f 5002/5002/5002 5003/5003/5003 5004/5004/5004
f 5005/5005/5005 5006/5006/5006 5007/5007/5007
f 5008/5008/5008 5009/5009/5009 5010/5010/5010
f 5011/5011/5011 5012/5012/5012 5013/5013/5013
f 5014/5014/5014 5015/5015/5015 5016/5016/5016
f 5017/5017/5017 5018/5018/5018 5019/5019/5019
f 5020/5020/5020 5021/5021/5021 5022/5022/5022
f 5023/5023/5023 5024/5024/5024 5025/5025/5025
f 5026/5026/5026 5027/5027/5027 5028/5028/5028
f 5029/5029/5029 5030/5030/5030 5031/5031/5031
f 5032/5032/5032 5033/5033/5033 5034/5034/5034
f 5035/5035/5035 5036/5036/5036 5037/5037/5037
f 5038/5038/5038 5039/5039/5039 5040/5040/5040
f 5041/5041/5041 5042/5042/5042 5043/5043/5043
f 5044/5044/5044 5045/5045/5045 5046/5046/5046
f 5047/5047/5047 5048/5048/5048 5049/5049/5049
f 5050/5050/5050 5051/5051/5051 5052/5052/5052
f 5053/5053/5053 5054/5054/5054 5055/5055/5055
f 5056/5056/5056 5057/5057/5057 5058/5058/5058
f 5059/5059/5059 5060/5060/5060 5061/5061/5061
f 5062/5062/5062 5063/5063/5063 5064/5064/5064
f 5065/5065/5065 5066/5066/5066 5067/5067/5067
f 5068/5068/5068 5069/5069/5069 5070/5070/5070
f 5071/5071/5071 5072/5072/5072 5073/5073/5073
f 5074/5074/5074 5075/5075/5075 5076/5076/5076
f 5077/5077/5077 5078/5078/5078 5079/5079/5079
f 5080/5080/5080 5081/5081/5081 5082/5082/5082
f 5083/5083/5083 5084/5084/5084 5085/5085/5085
f 5086/5086/5086 5087/5087/5087 5088/5088/5088
f 5089/5089/5089 5090/5090/5090 5091/5091/5091
f 5092/5092/5092 5093/5093/5093 5094/5094/5094
f 5095/5095/5095 5096/5096/5096 5097/5097/5097
f 5098/5098/5098 5099/5099/5099 5100/5100/5100
f 5101/5101/5101 5102/5102/5102 5103/5103/5103
f 5104/5104/5104 5105/5105/5105 5106/5106/5106
f 5107/5107/5107 5108/5108/5108 5109/5109/5109
f 5110/5110/5110 5111/5111/5111 5112/5112/5112
f 5113/5113/5113 5114/5114/5114 5115/5115/5115
f 5116/5116/5116 5117/5117/5117 5118/5118/5118
f 5119/5119/5119 5120/5120/5120 5121/5121/5121
f 5122/5122/5122 5123/5123/5123 5124/5124/5124
f 5125/5125/5125 5126/5126/5126 5127/5127/5127
f 5128/5128/5128 5129/5129/5129 5130/5130/5130
f 5131/5131/5131 5132/5132/5132 5133/5133/5133
f 5134/5134/5134 5135/5135/5135 5136/5136/5136
f 5137/5137/5137 5138/5138/5138 5139/5139/5139
f 5140/5140/5140 5141/5141/5141 5142/5142/5142
f 5143/5143/5143 5144/5144/5144 5145/5145/5145
f 5146/5146/5146 5147/5147/5147 5148/5148/5148
f 5149/5149/5149 5150/5150/5150 5151/5151/5151
f 5152/5152/5152 5153/5153/5153 5154/5154/5154
f 5155/5155/5155 5156/5156/5156 5157/5157/5157
f 5158/5158/5158 5159/5159/5159 5160/5160/5160
f 5161/5161/5161 5162/5162/5162 5163/5163/5163
f 5164/5164/5164 5165/5165/5165 5166/5166/5166
f 5167/5167/5167 5168/5168/5168 5169/5169/5169
f 5170/5170/5170 5171/5171/5171 5172/5172/5172
f 5173/5173/5173 5174/5174/5174 5175/5175/5175
f 5176/5176/5176 5177/5177/5177 5178/5178/5178
f 5179/5179/5179 5180/5180/5180 5181/5181/5181
f 5182/5182/5182 5183/5183/5183 5184/5184/5184
f 5185/5185/5185 5186/5186/5186 5187/5187/5187
f 5188/5188/5188 5189/5189/5189 5190/5190/5190
f 5191/5191/5191 5192/5192/5192 5193/5193/5193
f 5194/5194/5194 5195/5195/5195 5196/5196/5196
f 5197/5197/5197 5198/5198/5198 5199/5199/5199
f 5200/5200/5200 5201/5201/5201 5202/5202/5202
f 5203/5203/5203 5204/5204/5204 5205/5205/5205
f 5206/5206/5206 5207/5207/5207 5208/5208/5208
f 5209/5209/5209 5210/5210/5210 5211/5211/5211
f 5212/5212/5212 5213/5213/5213 5214/5214/5214
f 5215/5215/5215 5216/5216/5216 5217/5217/5217
f 5218/5218/5218 5219/5219/5219 5220/5220/5220
f 5221/5221/5221 5222/5222/5222 5223/5223/5223
f 5224/5224/5224 5225/5225/5225 5226/5226/5226
f 5227/5227/5227 5228/5228/5228 5229/5229/5229
f 5230/5230/5230 5231/5231/5231 5232/5232/5232
f 5233/5233/5233 5234/5234/5234 5235/5235/5235
f 5236/5236/5236 5237/5237/5237 5238/5238/5238
f 5239/5239/5239 5240/5240/5240 5241/5241/5241
f 5242/5242/5242 5243/5243/5243 5244/5244/5244
f 5245/5245/5245 5246/5246/5246 5247/5247/5247
f 5248/5248/5248 5249/5249/5249 5250/5250/5250
f 5251/5251/5251 5252/5252/5252 5253/5253/5253
f 5254/5254/5254 5255/5255/5255 5256/5256/5256
f 5257/5257/5257 5258/5258/5258 5259/5259/5259
f 5260/5260/5260 5261/5261/5261 5262/5262/5262
f 5263/5263/5263 5264/5264/5264 5265/5265/5265
f 5266/5266/5266 5267/5267/5267 5268/5268/5268
f 5269/5269/5269 5270/5270/5270 5271/5271/5271
f 5272/5272/5272 5273/5273/5273 5274/5274/5274
f 5275/5275/5275 5276/5276/5276 5277/5277/5277
f 5278/5278/5278 5279/5279/5279 5280/5280/5280
f 5281/5281/5281 5282/5282/5282 5283/5283/5283
f 5284/5284/5284 5285/5285/5285 5286/5286/5286
f 5287/5287/5287 5288/5288/5288 5289/5289/5289
f 5290/5290/5290 5291/5291/5291 5292/5292/5292
f 5293/5293/5293 5294/5294/5294 5295/5295/5295
f 5296/5296/5296 5297/5297/5297 5298/5298/5298
f 5299/5299/5299 5300/5300/5300 5301/5301/5301
f 5302/5302/5302 5303/5303/5303 5304/5304/5304
f 5305/5305/5305 5306/5306/5306 5307/5307/5307
f 5308/5308/5308 5309/5309/5309 5310/5310/5310
f 5311/5311/5311 5312/5312/5312 5313/5313/5313
f 5314/5314/5314 5315/5315/5315 5316/5316/5316
f 5317/5317/5317 5318/5318/5318 5319/5319/5319
f 5320/5320/5320 5321/5321/5321 5322/5322/5322
f 5323/5323/5323 5324/5324/5324 5325/5325/5325
f 5326/5326/5326 5327/5327/5327 5328/5328/5328
f 5329/5329/5329 5330/5330/5330 5331/5331/5331
f 5332/5332/5332 5333/5333/5333 5334/5334/5334
f 5335/5335/5335 5336/5336/5336 5337/5337/5337
f 5338/5338/5338 5339/5339/5339 5340/5340/5340
f 5341/5341/5341 5342/5342/5342 5343/5343/5343
f 5344/5344/5344 5345/5345/5345 5346/5346/5346
f 5347/5347/5347 5348/5348/5348 5349/5349/5349
f 5350/5350/5350 5351/5351/5351 5352/5352/5352
f 5353/5353/5353 5354/5354/5354 5355/5355/5355
f 5356/5356/5356 5357/5357/5357 5358/5358/5358
f 5359/5359/5359 5360/5360/5360 5361/5361/5361
f 5362/5362/5362 5363/5363/5363 5364/5364/5364
f 5365/5365/5365 5366/5366/5366 5367/5367/5367
f 5368/5368/5368 5369/5369/5369 5370/5370/5370
f 5371/5371/5371 5372/5372/5372 5373/5373/5373
f 5374/5374/5374 5375/5375/5375 5376/5376/5376
f 5377/5377/5377 5378/5378/5378 5379/5379/5379
f 5380/5380/5380 5381/5381/5381 5382/5382/5382
f 5383/5383/5383 5384/5384/5384 5385/5385/5385
f 5386/5386/5386 5387/5387/5387 5388/5388/5388
f 5389/5389/5389 5390/5390/5390 5391/5391/5391
f 5392/5392/5392 5393/5393/5393 5394/5394/5394
f 5395/5395/5395 5396/5396/5396 5397/5397/5397
f 5398/5398/5398 5399/5399/5399 5400/5400/5400
f 5401/5401/5401 5402/5402/5402 5403/5403/5403
f 5404/5404/5404 5405/5405/5405 5406/5406/5406
f 5407/5407/5407 5408/5408/5408 5409/5409/5409
f 5410/5410/5410 5411/5411/5411 5412/5412/5412
f 5413/5413/5413 5414/5414/5414 5415/5415/5415
f 5416/5416/5416 5417/5417/5417 5418/5418/5418
f 5419/5419/5419 5420/5420/5420 5421/5421/5421
f 5422/5422/5422 5423/5423/5423 5424/5424/5424
f 5425/5425/5425 5426/5426/5426 5427/5427/5427
f 5428/5428/5428 5429/5429/5429 5430/5430/5430
f 5431/5431/5431 5432/5432/5432 5433/5433/5433
f 5434/5434/5434 5435/5435/5435 5436/5436/5436
f 5437/5437/5437 5438/5438/5438 5439/5439/5439
f 5440/5440/5440 5441/5441/5441 5442/5442/5442
f 5443/5443/5443 5444/5444/5444 5445/5445/5445
f 5446/5446/5446 5447/5447/5447 5448/5448/5448
f 5449/5449/5449 5450/5450/5450 5451/5451/5451
f 5452/5452/5452 5453/5453/5453 5454/5454/5454
f 5455/5455/5455 5456/5456/5456 5457/5457/5457
f 5458/5458/5458 5459/5459/5459 5460/5460/5460
f 5461/5461/5461 5462/5462/5462 5463/5463/5463
f 5464/5464/5464 5465/5465/5465 5466/5466/5466
f 5467/5467/5467 5468/5468/5468 5469/5469/5469
f 5470/5470/5470 5471/5471/5471 5472/5472/5472
f 5473/5473/5473 5474/5474/5474 5475/5475/5475
f 5476/5476/5476 5477/5477/5477 5478/5478/5478
f 5479/5479/5479 5480/5480/5480 5481/5481/5481
f 5482/5482/5482 5483/5483/5483 5484/5484/5484
f 5485/5485/5485 5486/5486/5486 5487/5487/5487
f 5488/5488/5488 5489/5489/5489 5490/5490/5490
f 5491/5491/5491 5492/5492/5492 5493/5493/5493
f 5494/5494/5494 5495/5495/5495 5496/5496/5496
f 5497/5497/5497 5498/5498/5498 5499/5499/5499
f 5500/5500/5500 5501/5501/5501 5502/5502/5502
f 5503/5503/5503 5504/5504/5504 5505/5505/5505
f 5506/5506/5506 5507/5507/5507 5508/5508/5508
f 5509/5509/5509 5510/5510/5510 5511/5511/5511
f 5512/5512/5512 5513/5513/5513 5514/5514/5514
f 5515/5515/5515 5516/5516/5516 5517/5517/5517
f 5518/5518/5518 5519/5519/5519 5520/5520/5520
f 5521/5521/5521 5522/5522/5522 5523/5523/5523
f 5524/5524/5524 5525/5525/5525 5526/5526/5526
f 5527/5527/5527 5528/5528/5528 5529/5529/5529
f 5530/5530/5530 5531/5531/5531 5532/5532/5532
f 5533/5533/5533 5534/5534/5534 5535/5535/5535
f 5536/5536/5536 5537/5537/5537 5538/5538/5538
f 5539/5539/5539 5540/5540/5540 5541/5541/5541
f 5542/5542/5542 5543/5543/5543 5544/5544/5544
f 5545/5545/5545 5546/5546/5546 5547/5547/5547
f 5548/5548/5548 5549/5549/5549 5550/5550/5550
f 5551/5551/5551 5552/5552/5552 5553/5553/5553
f 5554/5554/5554 5555/5555/5555 5556/5556/5556
f 5557/5557/5557 5558/5558/5558 5559/5559/5559
f 5560/5560/5560 5561/5561/5561 5562/5562/5562
f 5563/5563/5563 5564/5564/5564 5565/5565/5565
f 5566/5566/5566 5567/5567/5567 5568/5568/5568
f 5569/5569/5569 5570/5570/5570 5571/5571/5571
f 5572/5572/5572 5573/5573/5573 5574/5574/5574
f 5575/5575/5575 5576/5576/5576 5577/5577/5577
f 5578/5578/5578 5579/5579/5579 5580/5580/5580
f 5581/5581/5581 5582/5582/5582 5583/5583/5583
f 5584/5584/5584 5585/5585/5585 5586/5586/5586
f 5587/5587/5587 5588/5588/5588 5589/5589/5589
f 5590/5590/5590 5591/5591/5591 5592/5592/5592
f 5593/5593/5593 5594/5594/5594 5595/5595/5595
f 5596/5596/5596 5597/5597/5597 5598/5598/5598
f 5599/5599/5599 5600/5600/5600 5601/5601/5601
f 5602/5602/5602 5603/5603/5603 5604/5604/5604
f 5605/5605/5605 5606/5606/5606 5607/5607/5607
f 5608/5608/5608 5609/5609/5609 5610/5610/5610
f 5611/5611/5611 5612/5612/5612 5613/5613/5613
f 5614/5614/5614 5615/5615/5615 5616/5616/5616
f 5617/5617/5617 5618/5618/5618 5619/5619/5619
f 5620/5620/5620 5621/5621/5621 5622/5622/5622
f 5623/5623/5623 5624/5624/5624 5625/5625/5625
f 5626/5626/5626 5627/5627/5627 5628/5628/5628
f 5629/5629/5629 5630/5630/5630 5631/5631/5631
f 5632/5632/5632 5633/5633/5633 5634/5634/5634
f 5635/5635/5635 5636/5636/5636 5637/5637/5637
f 5638/5638/5638 5639/5639/5639 5640/5640/5640
f 5641/5641/5641 5642/5642/5642 5643/5643/5643
f 5644/5644/5644 5645/5645/5645 5646/5646/5646
f 5647/5647/5647 5648/5648/5648 5649/5649/5649
f 5650/5650/5650 5651/5651/5651 5652/5652/5652
f 5653/5653/5653 5654/5654/5654 5655/5655/5655
f 5656/5656/5656 5657/5657/5657 5658/5658/5658
f 5659/5659/5659 5660/5660/5660 5661/5661/5661
f 5662/5662/5662 5663/5663/5663 5664/5664/5664
f 5665/5665/5665 5666/5666/5666 5667/5667/5667
f 5668/5668/5668 5669/5669/5669 5670/5670/5670
f 5671/5671/5671 5672/5672/5672 5673/5673/5673
f 5674/5674/5674 5675/5675/5675 5676/5676/5676
f 5677/5677/5677 5678/5678/5678 5679/5679/5679
f 5680/5680/5680 5681/5681/5681 5682/5682/5682
f 5683/5683/5683 5684/5684/5684 5685/5685/5685
f 5686/5686/5686 5687/5687/5687 5688/5688/5688
f 5689/5689/5689 5690/5690/5690 5691/5691/5691
f 5692/5692/5692 5693/5693/5693 5694/5694/5694
f 5695/5695/5695 5696/5696/5696 5697/5697/5697
f 5698/5698/5698 5699/5699/5699 5700/5700/5700
f 5701/5701/5701 5702/5702/5702 5703/5703/5703
f 5704/5704/5704 5705/5705/5705 5706/5706/5706
f 5707/5707/5707 5708/5708/5708 5709/5709/5709
f 5710/5710/5710 5711/5711/5711 5712/5712/5712
f 5713/5713/5713 5714/5714/5714 5715/5715/5715
f 5716/5716/5716 5717/5717/5717 5718/5718/5718
f 5719/5719/5719 5720/5720/5720 5721/5721/5721
f 5722/5722/5722 5723/5723/5723 5724/5724/5724
f 5725/5725/5725 5726/5726/5726 5727/5727/5727
f 5728/5728/5728 5729/5729/5729 5730/5730/5730
f 5731/5731/5731 5732/5732/5732 5733/5733/5733
f 5734/5734/5734 5735/5735/5735 5736/5736/5736
f 5737/5737/5737 5738/5738/5738 5739/5739/5739
f 5740/5740/5740 5741/5741/5741 5742/5742/5742
f 5743/5743/5743 5744/5744/5744 5745/5745/5745
f 5746/5746/5746 5747/5747/5747 5748/5748/5748
f 5749/5749/5749 5750/5750/5750 5751/5751/5751
f 5752/5752/5752 5753/5753/5753 5754/5754/5754
f 5755/5755/5755 5756/5756/5756 5757/5757/5757
f 5758/5758/5758 5759/5759/5759 5760/5760/5760
f 5761/5761/5761 5762/5762/5762 5763/5763/5763
f 5764/5764/5764 5765/5765/5765 5766/5766/5766
f 5767/5767/5767 5768/5768/5768 5769/5769/5769
f 5770/5770/5770 5771/5771/5771 5772/5772/5772
f 5773/5773/5773 5774/5774/5774 5775/5775/5775
f 5776/5776/5776 5777/5777/5777 5778/5778/5778
f 5779/5779/5779 5780/5780/5780 5781/5781/5781
f 5782/5782/5782 5783/5783/5783 5784/5784/5784
f 5785/5785/5785 5786/5786/5786 5787/5787/5787
f 5788/5788/5788 5789/5789/5789 5790/5790/5790
f 5791/5791/5791 5792/5792/5792 5793/5793/5793
f 5794/5794/5794 5795/5795/5795 5796/5796/5796
f 5797/5797/5797 5798/5798/5798 5799/5799/5799
f 5800/5800/5800 5801/5801/5801 5802/5802/5802
f 5803/5803/5803 5804/5804/5804 5805/5805/5805
f 5806/5806/5806 5807/5807/5807 5808/5808/5808
f 5809/5809/5809 5810/5810/5810 5811/5811/5811
f 5812/5812/5812 5813/5813/5813 5814/5814/5814
f 5815/5815/5815 5816/5816/5816 5817/5817/5817
f 5818/5818/5818 5819/5819/5819 5820/5820/5820
f 5821/5821/5821 5822/5822/5822 5823/5823/5823
f 5824/5824/5824 5825/5825/5825 5826/5826/5826
f 5827/5827/5827 5828/5828/5828 5829/5829/5829
f 5830/5830/5830 5831/5831/5831 5832/5832/5832
f 5833/5833/5833 5834/5834/5834 5835/5835/5835
f 5836/5836/5836 5837/5837/5837 5838/5838/5838
f 5839/5839/5839 5840/5840/5840 5841/5841/5841
f 5842/5842/5842 5843/5843/5843 5844/5844/5844
f 5845/5845/5845 5846/5846/5846 5847/5847/5847
f 5848/5848/5848 5849/5849/5849 5850/5850/5850
f 5851/5851/5851 5852/5852/5852 5853/5853/5853
f 5854/5854/5854 5855/5855/5855 5856/5856/5856
f 5857/5857/5857 5858/5858/5858 5859/5859/5859
f 5860/5860/5860 5861/5861/5861 5862/5862/5862
f 5863/5863/5863 5864/5864/5864 5865/5865/5865
f 5866/5866/5866 5867/5867/5867 5868/5868/5868
f 5869/5869/5869 5870/5870/5870 5871/5871/5871
f 5872/5872/5872 5873/5873/5873 5874/5874/5874
f 5875/5875/5875 5876/5876/5876 5877/5877/5877
f 5878/5878/5878 5879/5879/5879 5880/5880/5880
f 5881/5881/5881 5882/5882/5882 5883/5883/5883
f 5884/5884/5884 5885/5885/5885 5886/5886/5886
f 5887/5887/5887 5888/5888/5888 5889/5889/5889
f 5890/5890/5890 5891/5891/5891 5892/5892/5892
f 5893/5893/5893 5894/5894/5894 5895/5895/5895
f 5896/5896/5896 5897/5897/5897 5898/5898/5898
f 5899/5899/5899 5900/5900/5900 5901/5901/5901
f 5902/5902/5902 5903/5903/5903 5904/5904/5904
f 5905/5905/5905 5906/5906/5906 5907/5907/5907
f 5908/5908/5908 5909/5909/5909 5910/5910/5910
f 5911/5911/5911 5912/5912/5912 5913/5913/5913
f 5914/5914/5914 5915/5915/5915 5916/5916/5916
f 5917/5917/5917 5918/5918/5918 5919/5919/5919
f 5920/5920/5920 5921/5921/5921 5922/5922/5922
f 5923/5923/5923 5924/5924/5924 5925/5925/5925
f 5926/5926/5926 5927/5927/5927 5928/5928/5928
f 5929/5929/5929 5930/5930/5930 5931/5931/5931
f 5932/5932/5932 5933/5933/5933 5934/5934/5934
f 5935/5935/5935 5936/5936/5936 5937/5937/5937
f 5938/5938/5938 5939/5939/5939 5940/5940/5940
f 5941/5941/5941 5942/5942/5942 5943/5943/5943
f 5944/5944/5944 5945/5945/5945 5946/5946/5946
f 5947/5947/5947 5948/5948/5948 5949/5949/5949
f 5950/5950/5950 5951/5951/5951 5952/5952/5952
f 5953/5953/5953 5954/5954/5954 5955/5955/5955
f 5956/5956/5956 5957/5957/5957 5958/5958/5958
f 5959/5959/5959 5960/5960/5960 5961/5961/5961
f 5962/5962/5962 5963/5963/5963 5964/5964/5964
f 5965/5965/5965 5966/5966/5966 5967/5967/5967
f 5968/5968/5968 5969/5969/5969 5970/5970/5970
f 5971/5971/5971 5972/5972/5972 5973/5973/5973
f 5974/5974/5974 5975/5975/5975 5976/5976/5976
f 5977/5977/5977 5978/5978/5978 5979/5979/5979
f 5980/5980/5980 5981/5981/5981 5982/5982/5982
f 5983/5983/5983 5984/5984/5984 5985/5985/5985
f 5986/5986/5986 5987/5987/5987 5988/5988/5988
f 5989/5989/5989 5990/5990/5990 5991/5991/5991
f 5992/5992/5992 5993/5993/5993 5994/5994/5994
f 5995/5995/5995 5996/5996/5996 5997/5997/5997
f 5998/5998/5998 5999/5999/5999 6000/6000/6000
f 6001/6001/6001 6002/6002/6002 6003/6003/6003
f 6004/6004/6004 6005/6005/6005 6006/6006/6006
f 6007/6007/6007 6008/6008/6008 6009/6009/6009
f 6010/6010/6010 6011/6011/6011 6012/6012/6012
f 6013/6013/6013 6014/6014/6014 6015/6015/6015
f 6016/6016/6016 6017/6017/6017 6018/6018/6018
f 6019/6019/6019 6020/6020/6020 6021/6021/6021
f 6022/6022/6022 6023/6023/6023 6024/6024/6024
f 6025/6025/6025 6026/6026/6026 6027/6027/6027
f 6028/6028/6028 6029/6029/6029 6030/6030/6030
f 6031/6031/6031 6032/6032/6032 6033/6033/6033
f 6034/6034/6034 6035/6035/6035 6036/6036/6036
f 6037/6037/6037 6038/6038/6038 6039/6039/6039
f 6040/6040/6040 6041/6041/6041 6042/6042/6042
f 6043/6043/6043 6044/6044/6044 6045/6045/6045
f 6046/6046/6046 6047/6047/6047 6048/6048/6048
f 6049/6049/6049 6050/6050/6050 6051/6051/6051
f 6052/6052/6052 6053/6053/6053 6054/6054/6054
f 6055/6055/6055 6056/6056/6056 6057/6057/6057
f 6058/6058/6058 6059/6059/6059 6060/6060/6060
f 6061/6061/6061 6062/6062/6062 6063/6063/6063
f 6064/6064/6064 6065/6065/6065 6066/6066/6066
f 6067/6067/6067 6068/6068/6068 6069/6069/6069
f 6070/6070/6070 6071/6071/6071 6072/6072/6072
f 6073/6073/6073 6074/6074/6074 6075/6075/6075
f 6076/6076/6076 6077/6077/6077 6078/6078/6078
f 6079/6079/6079 6080/6080/6080 6081/6081/6081
f 6082/6082/6082 6083/6083/6083 6084/6084/6084
f 6085/6085/6085 6086/6086/6086 6087/6087/6087
f 6088/6088/6088 6089/6089/6089 6090/6090/6090
f 6091/6091/6091 6092/6092/6092 6093/6093/6093
f 6094/6094/6094 6095/6095/6095 6096/6096/6096
f 6097/6097/6097 6098/6098/6098 6099/6099/6099
f 6100/6100/6100 6101/6101/6101 6102/6102/6102
f 6103/6103/6103 6104/6104/6104 6105/6105/6105
f 6106/6106/6106 6107/6107/6107 6108/6108/6108
f 6109/6109/6109 6110/6110/6110 6111/6111/6111
f 6112/6112/6112 6113/6113/6113 6114/6114/6114
f 6115/6115/6115 6116/6116/6116 6117/6117/6117
f 6118/6118/6118 6119/6119/6119 6120/6120/6120
f 6121/6121/6121 6122/6122/6122 6123/6123/6123
f 6124/6124/6124 6125/6125/6125 6126/6126/6126
f 6127/6127/6127 6128/6128/6128 6129/6129/6129
f 6130/6130/6130 6131/6131/6131 6132/6132/6132
f 6133/6133/6133 6134/6134/6134 6135/6135/6135
f 6136/6136/6136 6137/6137/6137 6138/6138/6138
f 6139/6139/6139 6140/6140/6140 6141/6141/6141
f 6142/6142/6142 6143/6143/6143 6144/6144/6144
f 6145/6145/6145 6146/6146/6146 6147/6147/6147
f 6148/6148/6148 6149/6149/6149 6150/6150/6150
f 6151/6151/6151 6152/6152/6152 6153/6153/6153
f 6154/6154/6154 6155/6155/6155 6156/6156/6156
f 6157/6157/6157 6158/6158/6158 6159/6159/6159
f 6160/6160/6160 6161/6161/6161 6162/6162/6162
f 6163/6163/6163 6164/6164/6164 6165/6165/6165
f 6166/6166/6166 6167/6167/6167 6168/6168/6168
f 6169/6169/6169 6170/6170/6170 6171/6171/6171
f 6172/6172/6172 6173/6173/6173 6174/6174/6174
f 6175/6175/6175 6176/6176/6176 6177/6177/6177
f 6178/6178/6178 6179/6179/6179 6180/6180/6180
f 6181/6181/6181 6182/6182/6182 6183/6183/6183
f 6184/6184/6184 6185/6185/6185 6186/6186/6186
f 6187/6187/6187 6188/6188/6188 6189/6189/6189
f 6190/6190/6190 6191/6191/6191 6192/6192/6192
f 6193/6193/6193 6194/6194/6194 6195/6195/6195
f 6196/6196/6196 6197/6197/6197 6198/6198/6198
f 6199/6199/6199 6200/6200/6200 6201/6201/6201
f 6202/6202/6202 6203/6203/6203 6204/6204/6204
f 6205/6205/6205 6206/6206/6206 6207/6207/6207
f 6208/6208/6208 6209/6209/6209 6210/6210/6210
f 6211/6211/6211 6212/6212/6212 6213/6213/6213
f 6214/6214/6214 6215/6215/6215 6216/6216/6216
f 6217/6217/6217 6218/6218/6218 6219/6219/6219
f 6220/6220/6220 6221/6221/6221 6222/6222/6222
f 6223/6223/6223 6224/6224/6224 6225/6225/6225
f 6226/6226/6226 6227/6227/6227 6228/6228/6228
f 6229/6229/6229 6230/6230/6230 6231/6231/6231
f 6232/6232/6232 6233/6233/6233 6234/6234/6234
f 6235/6235/6235 6236/6236/6236 6237/6237/6237
f 6238/6238/6238 6239/6239/6239 6240/6240/6240
f 6241/6241/6241 6242/6242/6242 6243/6243/6243
f 6244/6244/6244 6245/6245/6245 6246/6246/6246
f 6247/6247/6247 6248/6248/6248 6249/6249/6249
f 6250/6250/6250 6251/6251/6251 6252/6252/6252
f 6253/6253/6253 6254/6254/6254 6255/6255/6255
f 6256/6256/6256 6257/6257/6257 6258/6258/6258
f 6259/6259/6259 6260/6260/6260 6261/6261/6261
f 6262/6262/6262 6263/6263/6263 6264/6264/6264
f 6265/6265/6265 6266/6266/6266 6267/6267/6267
f 6268/6268/6268 6269/6269/6269 6270/6270/6270
f 6271/6271/6271 6272/6272/6272 6273/6273/6273
f 6274/6274/6274 6275/6275/6275 6276/6276/6276
f 6277/6277/6277 6278/6278/6278 6279/6279/6279
f 6280/6280/6280 6281/6281/6281 6282/6282/6282
f 6283/6283/6283 6284/6284/6284 6285/6285/6285
f 6286/6286/6286 6287/6287/6287 6288/6288/6288
f 6289/6289/6289 6290/6290/6290 6291/6291/6291
f 6292/6292/6292 6293/6293/6293 6294/6294/6294
f 6295/6295/6295 6296/6296/6296 6297/6297/6297
f 6298/6298/6298 6299/6299/6299 6300/6300/6300
f 6301/6301/6301 6302/6302/6302 6303/6303/6303
f 6304/6304/6304 6305/6305/6305 6306/6306/6306
f 6307/6307/6307 6308/6308/6308 6309/6309/6309
f 6310/6310/6310 6311/6311/6311 6312/6312/6312
f 6313/6313/6313 6314/6314/6314 6315/6315/6315
f 6316/6316/6316 6317/6317/6317 6318/6318/6318
f 6319/6319/6319 6320/6320/6320 6321/6321/6321
f 6322/6322/6322 6323/6323/6323 6324/6324/6324
f 6325/6325/6325 6326/6326/6326 6327/6327/6327
f 6328/6328/6328 6329/6329/6329 6330/6330/6330
f 6331/6331/6331 6332/6332/6332 6333/6333/6333
f 6334/6334/6334 6335/6335/6335 6336/6336/6336
f 6337/6337/6337 6338/6338/6338 6339/6339/6339
f 6340/6340/6340 6341/6341/6341 6342/6342/6342
f 6343/6343/6343 6344/6344/6344 6345/6345/6345
f 6346/6346/6346 6347/6347/6347 6348/6348/6348
f 6349/6349/6349 6350/6350/6350 6351/6351/6351
f 6352/6352/6352 6353/6353/6353 6354/6354/6354
f 6355/6355/6355 6356/6356/6356 6357/6357/6357
f 6358/6358/6358 6359/6359/6359 6360/6360/6360
f 6361/6361/6361 6362/6362/6362 6363/6363/6363
f 6364/6364/6364 6365/6365/6365 6366/6366/6366
f 6367/6367/6367 6368/6368/6368 6369/6369/6369
f 6370/6370/6370 6371/6371/6371 6372/6372/6372
f 6373/6373/6373 6374/6374/6374 6375/6375/6375
f 6376/6376/6376 6377/6377/6377 6378/6378/6378
f 6379/6379/6379 6380/6380/6380 6381/6381/6381
f 6382/6382/6382 6383/6383/6383 6384/6384/6384
f 6385/6385/6385 6386/6386/6386 6387/6387/6387
f 6388/6388/6388 6389/6389/6389 6390/6390/6390
f 6391/6391/6391 6392/6392/6392 6393/6393/6393
f 6394/6394/6394 6395/6395/6395 6396/6396/6396
f 6397/6397/6397 6398/6398/6398 6399/6399/6399
f 6400/6400/6400 6401/6401/6401 6402/6402/6402
f 6403/6403/6403 6404/6404/6404 6405/6405/6405
f 6406/6406/6406 6407/6407/6407 6408/6408/6408
f 6409/6409/6409 6410/6410/6410 6411/6411/6411
f 6412/6412/6412 6413/6413/6413 6414/6414/6414
f 6415/6415/6415 6416/6416/6416 6417/6417/6417
f 6418/6418/6418 6419/6419/6419 6420/6420/6420
f 6421/6421/6421 6422/6422/6422 6423/6423/6423
f 6424/6424/6424 6425/6425/6425 6426/6426/6426
f 6427/6427/6427 6428/6428/6428 6429/6429/6429
f 6430/6430/6430 6431/6431/6431 6432/6432/6432
f 6433/6433/6433 6434/6434/6434 6435/6435/6435
f 6436/6436/6436 6437/6437/6437 6438/6438/6438
f 6439/6439/6439 6440/6440/6440 6441/6441/6441
f 6442/6442/6442 6443/6443/6443 6444/6444/6444
f 6445/6445/6445 6446/6446/6446 6447/6447/6447
f 6448/6448/6448 6449/6449/6449 6450/6450/6450
f 6451/6451/6451 6452/6452/6452 6453/6453/6453
f 6454/6454/6454 6455/6455/6455 6456/6456/6456
f 6457/6457/6457 6458/6458/6458 6459/6459/6459
f 6460/6460/6460 6461/6461/6461 6462/6462/6462
f 6463/6463/6463 6464/6464/6464 6465/6465/6465
f 6466/6466/6466 6467/6467/6467 6468/6468/6468
f 6469/6469/6469 6470/6470/6470 6471/6471/6471
f 6472/6472/6472 6473/6473/6473 6474/6474/6474
f 6475/6475/6475 6476/6476/6476 6477/6477/6477
f 6478/6478/6478 6479/6479/6479 6480/6480/6480
f 6481/6481/6481 6482/6482/6482 6483/6483/6483
f 6484/6484/6484 6485/6485/6485 6486/6486/6486
f 6487/6487/6487 6488/6488/6488 6489/6489/6489
f 6490/6490/6490 6491/6491/6491 6492/6492/6492
f 6493/6493/6493 6494/6494/6494 6495/6495/6495
f 6496/6496/6496 6497/6497/6497 6498/6498/6498
f 6499/6499/6499 6500/6500/6500 6501/6501/6501
f 6502/6502/6502 6503/6503/6503 6504/6504/6504
f 6505/6505/6505 6506/6506/6506 6507/6507/6507
f 6508/6508/6508 6509/6509/6509 6510/6510/6510
f 6511/6511/6511 6512/6512/6512 6513/6513/6513
f 6514/6514/6514 6515/6515/6515 6516/6516/6516
f 6517/6517/6517 6518/6518/6518 6519/6519/6519
f 6520/6520/6520 6521/6521/6521 6522/6522/6522
f 6523/6523/6523 6524/6524/6524 6525/6525/6525
f 6526/6526/6526 6527/6527/6527 6528/6528/6528
f 6529/6529/6529 6530/6530/6530 6531/6531/6531
f 6532/6532/6532 6533/6533/6533 6534/6534/6534
f 6535/6535/6535 6536/6536/6536 6537/6537/6537
f 6538/6538/6538 6539/6539/6539 6540/6540/6540
f 6541/6541/6541 6542/6542/6542 6543/6543/6543
f 6544/6544/6544 6545/6545/6545 6546/6546/6546
f 6547/6547/6547 6548/6548/6548 6549/6549/6549
f 6550/6550/6550 6551/6551/6551 6552/6552/6552
f 6553/6553/6553 6554/6554/6554 6555/6555/6555
f 6556/6556/6556 6557/6557/6557 6558/6558/6558
f 6559/6559/6559 6560/6560/6560 6561/6561/6561
f 6562/6562/6562 6563/6563/6563 6564/6564/6564
f 6565/6565/6565 6566/6566/6566 6567/6567/6567
f 6568/6568/6568 6569/6569/6569 6570/6570/6570
f 6571/6571/6571 6572/6572/6572 6573/6573/6573
f 6574/6574/6574 6575/6575/6575 6576/6576/6576
f 6577/6577/6577 6578/6578/6578 6579/6579/6579
f 6580/6580/6580 6581/6581/6581 6582/6582/6582
f 6583/6583/6583 6584/6584/6584 6585/6585/6585
f 6586/6586/6586 6587/6587/6587 6588/6588/6588
f 6589/6589/6589 6590/6590/6590 6591/6591/6591
f 6592/6592/6592 6593/6593/6593 6594/6594/6594
f 6595/6595/6595 6596/6596/6596 6597/6597/6597
f 6598/6598/6598 6599/6599/6599 6600/6600/6600
f 6601/6601/6601 6602/6602/6602 6603/6603/6603
f 6604/6604/6604 6605/6605/6605 6606/6606/6606
f 6607/6607/6607 6608/6608/6608 6609/6609/6609
f 6610/6610/6610 6611/6611/6611 6612/6612/6612
f 6613/6613/6613 6614/6614/6614 6615/6615/6615
f 6616/6616/6616 6617/6617/6617 6618/6618/6618
f 6619/6619/6619 6620/6620/6620 6621/6621/6621
f 6622/6622/6622 6623/6623/6623 6624/6624/6624
f 6625/6625/6625 6626/6626/6626 6627/6627/6627
f 6628/6628/6628 6629/6629/6629 6630/6630/6630
f 6631/6631/6631 6632/6632/6632 6633/6633/6633
f 6634/6634/6634 6635/6635/6635 6636/6636/6636
f 6637/6637/6637 6638/6638/6638 6639/6639/6639
f 6640/6640/6640 6641/6641/6641 6642/6642/6642
f 6643/6643/6643 6644/6644/6644 6645/6645/6645
f 6646/6646/6646 6647/6647/6647 6648/6648/6648
f 6649/6649/6649 6650/6650/6650 6651/6651/6651
f 6652/6652/6652 6653/6653/6653 6654/6654/6654
f 6655/6655/6655 6656/6656/6656 6657/6657/6657
f 6658/6658/6658 6659/6659/6659 6660/6660/6660
f 6661/6661/6661 6662/6662/6662 6663/6663/6663
f 6664/6664/6664 6665/6665/6665 6666/6666/6666
f 6667/6667/6667 6668/6668/6668 6669/6669/6669
f 6670/6670/6670 6671/6671/6671 6672/6672/6672
f 6673/6673/6673 6674/6674/6674 6675/6675/6675
f 6676/6676/6676 6677/6677/6677 6678/6678/6678
f 6679/6679/6679 6680/6680/6680 6681/6681/6681
f 6682/6682/6682 6683/6683/6683 6684/6684/6684
f 6685/6685/6685 6686/6686/6686 6687/6687/6687
f 6688/6688/6688 6689/6689/6689 6690/6690/6690
f 6691/6691/6691 6692/6692/6692 6693/6693/6693
f 6694/6694/6694 6695/6695/6695 6696/6696/6696
f 6697/6697/6697 6698/6698/6698 6699/6699/6699
f 6700/6700/6700 6701/6701/6701 6702/6702/6702
f 6703/6703/6703 6704/6704/6704 6705/6705/6705
f 6706/6706/6706 6707/6707/6707 6708/6708/6708
f 6709/6709/6709 6710/6710/6710 6711/6711/6711
f 6712/6712/6712 6713/6713/6713 6714/6714/6714
f 6715/6715/6715 6716/6716/6716 6717/6717/6717
f 6718/6718/6718 6719/6719/6719 6720/6720/6720
f 6721/6721/6721 6722/6722/6722 6723/6723/6723
f 6724/6724/6724 6725/6725/6725 6726/6726/6726
f 6727/6727/6727 6728/6728/6728 6729/6729/6729
f 6730/6730/6730 6731/6731/6731 6732/6732/6732
f 6733/6733/6733 6734/6734/6734 6735/6735/6735
f 6736/6736/6736 6737/6737/6737 6738/6738/6738
f 6739/6739/6739 6740/6740/6740 6741/6741/6741
f 6742/6742/6742 6743/6743/6743 6744/6744/6744
f 6745/6745/6745 6746/6746/6746 6747/6747/6747
f 6748/6748/6748 6749/6749/6749 6750/6750/6750
f 6751/6751/6751 6752/6752/6752 6753/6753/6753
f 6754/6754/6754 6755/6755/6755 6756/6756/6756
f 6757/6757/6757 6758/6758/6758 6759/6759/6759
f 6760/6760/6760 6761/6761/6761 6762/6762/6762
f 6763/6763/6763 6764/6764/6764 6765/6765/6765
f 6766/6766/6766 6767/6767/6767 6768/6768/6768
f 6769/6769/6769 6770/6770/6770 6771/6771/6771
f 6772/6772/6772 6773/6773/6773 6774/6774/6774
f 6775/6775/6775 6776/6776/6776 6777/6777/6777
f 6778/6778/6778 6779/6779/6779 6780/6780/6780
f 6781/6781/6781 6782/6782/6782 6783/6783/6783
f 6784/6784/6784 6785/6785/6785 6786/6786/6786
f 6787/6787/6787 6788/6788/6788 6789/6789/6789
f 6790/6790/6790 6791/6791/6791 6792/6792/6792
f 6793/6793/6793 6794/6794/6794 6795/6795/6795
f 6796/6796/6796 6797/6797/6797 6798/6798/6798
f 6799/6799/6799 6800/6800/6800 6801/6801/6801
f 6802/6802/6802 6803/6803/6803 6804/6804/6804
f 6805/6805/6805 6806/6806/6806 6807/6807/6807
f 6808/6808/6808 6809/6809/6809 6810/6810/6810
f 6811/6811/6811 6812/6812/6812 6813/6813/6813
f 6814/6814/6814 6815/6815/6815 6816/6816/6816
f 6817/6817/6817 6818/6818/6818 6819/6819/6819
f 6820/6820/6820 6821/6821/6821 6822/6822/6822
f 6823/6823/6823 6824/6824/6824 6825/6825/6825
f 6826/6826/6826 6827/6827/6827 6828/6828/6828
f 6829/6829/6829 6830/6830/6830 6831/6831/6831
f 6832/6832/6832 6833/6833/6833 6834/6834/6834
f 6835/6835/6835 6836/6836/6836 6837/6837/6837
f 6838/6838/6838 6839/6839/6839 6840/6840/6840
f 6841/6841/6841 6842/6842/6842 6843/6843/6843
f 6844/6844/6844 6845/6845/6845 6846/6846/6846
f 6847/6847/6847 6848/6848/6848 6849/6849/6849
f 6850/6850/6850 6851/6851/6851 6852/6852/6852
f 6853/6853/6853 6854/6854/6854 6855/6855/6855
f 6856/6856/6856 6857/6857/6857 6858/6858/6858
f 6859/6859/6859 6860/6860/6860 6861/6861/6861
f 6862/6862/6862 6863/6863/6863 6864/6864/6864
f 6865/6865/6865 6866/6866/6866 6867/6867/6867
f 6868/6868/6868 6869/6869/6869 6870/6870/6870
f 6871/6871/6871 6872/6872/6872 6873/6873/6873
f 6874/6874/6874 6875/6875/6875 6876/6876/6876
f 6877/6877/6877 6878/6878/6878 6879/6879/6879
f 6880/6880/6880 6881/6881/6881 6882/6882/6882
f 6883/6883/6883 6884/6884/6884 6885/6885/6885
f 6886/6886/6886 6887/6887/6887 6888/6888/6888
f 6889/6889/6889 6890/6890/6890 6891/6891/6891
f 6892/6892/6892 6893/6893/6893 6894/6894/6894
f 6895/6895/6895 6896/6896/6896 6897/6897/6897
f 6898/6898/6898 6899/6899/6899 6900/6900/6900
f 6901/6901/6901 6902/6902/6902 6903/6903/6903
f 6904/6904/6904 6905/6905/6905 6906/6906/6906
f 6907/6907/6907 6908/6908/6908 6909/6909/6909
f 6910/6910/6910 6911/6911/6911 6912/6912/6912
f 6913/6913/6913 6914/6914/6914 6915/6915/6915
f 6916/6916/6916 6917/6917/6917 6918/6918/6918
f 6919/6919/6919 6920/6920/6920 6921/6921/6921
f 6922/6922/6922 6923/6923/6923 6924/6924/6924
f 6925/6925/6925 6926/6926/6926 6927/6927/6927
f 6928/6928/6928 6929/6929/6929 6930/6930/6930
f 6931/6931/6931 6932/6932/6932 6933/6933/6933
f 6934/6934/6934 6935/6935/6935 6936/6936/6936
f 6937/6937/6937 6938/6938/6938 6939/6939/6939
f 6940/6940/6940 6941/6941/6941 6942/6942/6942
f 6943/6943/6943 6944/6944/6944 6945/6945/6945
f 6946/6946/6946 6947/6947/6947 6948/6948/6948
f 6949/6949/6949 6950/6950/6950 6951/6951/6951
f 6952/6952/6952 6953/6953/6953 6954/6954/6954
f 6955/6955/6955 6956/6956/6956 6957/6957/6957
f 6958/6958/6958 6959/6959/6959 6960/6960/6960
f 6961/6961/6961 6962/6962/6962 6963/6963/6963
f 6964/6964/6964 6965/6965/6965 6966/6966/6966
f 6967/6967/6967 6968/6968/6968 6969/6969/6969
f 6970/6970/6970 6971/6971/6971 6972/6972/6972
f 6973/6973/6973 6974/6974/6974 6975/6975/6975
f 6976/6976/6976 6977/6977/6977 6978/6978/6978
f 6979/6979/6979 6980/6980/6980 6981/6981/6981
f 6982/6982/6982 6983/6983/6983 6984/6984/6984
f 6985/6985/6985 6986/6986/6986 6987/6987/6987
f 6988/6988/6988 6989/6989/6989 6990/6990/6990
f 6991/6991/6991 6992/6992/6992 6993/6993/6993
f 6994/6994/6994 6995/6995/6995 6996/6996/6996
f 6997/6997/6997 6998/6998/6998 6999/6999/6999
f 7000/7000/7000 7001/7001/7001 7002/7002/7002
f 7003/7003/7003 7004/7004/7004 7005/7005/7005
f 7006/7006/7006 7007/7007/7007 7008/7008/7008
f 7009/7009/7009 7010/7010/7010 7011/7011/7011
f 7012/7012/7012 7013/7013/7013 7014/7014/7014
f 7015/7015/7015 7016/7016/7016 7017/7017/7017
f 7018/7018/7018 7019/7019/7019 7020/7020/7020
f 7021/7021/7021 7022/7022/7022 7023/7023/7023
f 7024/7024/7024 7025/7025/7025 7026/7026/7026
f 7027/7027/7027 7028/7028/7028 7029/7029/7029
f 7030/7030/7030 7031/7031/7031 7032/7032/7032
f 7033/7033/7033 7034/7034/7034 7035/7035/7035
f 7036/7036/7036 7037/7037/7037 7038/7038/7038
f 7039/7039/7039 7040/7040/7040 7041/7041/7041
f 7042/7042/7042 7043/7043/7043 7044/7044/7044
f 7045/7045/7045 7046/7046/7046 7047/7047/7047
f 7048/7048/7048 7049/7049/7049 7050/7050/7050
f 7051/7051/7051 7052/7052/7052 7053/7053/7053
f 7054/7054/7054 7055/7055/7055 7056/7056/7056
f 7057/7057/7057 7058/7058/7058 7059/7059/7059
f 7060/7060/7060 7061/7061/7061 7062/7062/7062
f 7063/7063/7063 7064/7064/7064 7065/7065/7065
f 7066/7066/7066 7067/7067/7067 7068/7068/7068
f 7069/7069/7069 7070/7070/7070 7071/7071/7071
f 7072/7072/7072 7073/7073/7073 7074/7074/7074
f 7075/7075/7075 7076/7076/7076 7077/7077/7077
f 7078/7078/7078 7079/7079/7079 7080/7080/7080
f 7081/7081/7081 7082/7082/7082 7083/7083/7083
f 7084/7084/7084 7085/7085/7085 7086/7086/7086
f 7087/7087/7087 7088/7088/7088 7089/7089/7089
f 7090/7090/7090 7091/7091/7091 7092/7092/7092
f 7093/7093/7093 7094/7094/7094 7095/7095/7095
f 7096/7096/7096 7097/7097/7097 7098/7098/7098
f 7099/7099/7099 7100/7100/7100 7101/7101/7101
f 7102/7102/7102 7103/7103/7103 7104/7104/7104
f 7105/7105/7105 7106/7106/7106 7107/7107/7107
f 7108/7108/7108 7109/7109/7109 7110/7110/7110
f 7111/7111/7111 7112/7112/7112 7113/7113/7113
f 7114/7114/7114 7115/7115/7115 7116/7116/7116
f 7117/7117/7117 7118/7118/7118 7119/7119/7119
f 7120/7120/7120 7121/7121/7121 7122/7122/7122
f 7123/7123/7123 7124/7124/7124 7125/7125/7125
f 7126/7126/7126 7127/7127/7127 7128/7128/7128
f 7129/7129/7129 7130/7130/7130 7131/7131/7131
f 7132/7132/7132 7133/7133/7133 7134/7134/7134
f 7135/7135/7135 7136/7136/7136 7137/7137/7137
f 7138/7138/7138 7139/7139/7139 7140/7140/7140
f 7141/7141/7141 7142/7142/7142 7143/7143/7143
f 7144/7144/7144 7145/7145/7145 7146/7146/7146
f 7147/7147/7147 7148/7148/7148 7149/7149/7149
f 7150/7150/7150 7151/7151/7151 7152/7152/7152
f 7153/7153/7153 7154/7154/7154 7155/7155/7155
f 7156/7156/7156 7157/7157/7157 7158/7158/7158
f 7159/7159/7159 7160/7160/7160 7161/7161/7161
f 7162/7162/7162 7163/7163/7163 7164/7164/7164
f 7165/7165/7165 7166/7166/7166 7167/7167/7167
f 7168/7168/7168 7169/7169/7169 7170/7170/7170
f 7171/7171/7171 7172/7172/7172 7173/7173/7173
f 7174/7174/7174 7175/7175/7175 7176/7176/7176
f 7177/7177/7177 7178/7178/7178 7179/7179/7179
f 7180/7180/7180 7181/7181/7181 7182/7182/7182
f 7183/7183/7183 7184/7184/7184 7185/7185/7185
f 7186/7186/7186 7187/7187/7187 7188/7188/7188
f 7189/7189/7189 7190/7190/7190 7191/7191/7191
f 7192/7192/7192 7193/7193/7193 7194/7194/7194
f 7195/7195/7195 7196/7196/7196 7197/7197/7197
f 7198/7198/7198 7199/7199/7199 7200/7200/7200
f 7201/7201/7201 7202/7202/7202 7203/7203/7203
f 7204/7204/7204 7205/7205/7205 7206/7206/7206
f 7207/7207/7207 7208/7208/7208 7209/7209/7209
f 7210/7210/7210 7211/7211/7211 7212/7212/7212
f 7213/7213/7213 7214/7214/7214 7215/7215/7215
f 7216/7216/7216 7217/7217/7217 7218/7218/7218
f 7219/7219/7219 7220/7220/7220 7221/7221/7221
f 7222/7222/7222 7223/7223/7223 7224/7224/7224
f 7225/7225/7225 7226/7226/7226 7227/7227/7227
f 7228/7228/7228 7229/7229/7229 7230/7230/7230
f 7231/7231/7231 7232/7232/7232 7233/7233/7233
f 7234/7234/7234 7235/7235/7235 7236/7236/7236
f 7237/7237/7237 7238/7238/7238 7239/7239/7239
f 7240/7240/7240 7241/7241/7241 7242/7242/7242
f 7243/7243/7243 7244/7244/7244 7245/7245/7245
f 7246/7246/7246 7247/7247/7247 7248/7248/7248
f 7249/7249/7249 7250/7250/7250 7251/7251/7251
f 7252/7252/7252 7253/7253/7253 7254/7254/7254
f 7255/7255/7255 7256/7256/7256 7257/7257/7257
f 7258/7258/7258 7259/7259/7259 7260/7260/7260
f 7261/7261/7261 7262/7262/7262 7263/7263/7263
f 7264/7264/7264 7265/7265/7265 7266/7266/7266
f 7267/7267/7267 7268/7268/7268 7269/7269/7269
f 7270/7270/7270 7271/7271/7271 7272/7272/7272
f 7273/7273/7273 7274/7274/7274 7275/7275/7275
f 7276/7276/7276 7277/7277/7277 7278/7278/7278
f 7279/7279/7279 7280/7280/7280 7281/7281/7281
f 7282/7282/7282 7283/7283/7283 7284/7284/7284
f 7285/7285/7285 7286/7286/7286 7287/7287/7287
f 7288/7288/7288 7289/7289/7289 7290/7290/7290
f 7291/7291/7291 7292/7292/7292 7293/7293/7293
f 7294/7294/7294 7295/7295/7295 7296/7296/7296
f 7297/7297/7297 7298/7298/7298 7299/7299/7299
f 7300/7300/7300 7301/7301/7301 7302/7302/7302
f 7303/7303/7303 7304/7304/7304 7305/7305/7305
f 7306/7306/7306 7307/7307/7307 7308/7308/7308
f 7309/7309/7309 7310/7310/7310 7311/7311/7311
f 7312/7312/7312 7313/7313/7313 7314/7314/7314
f 7315/7315/7315 7316/7316/7316 7317/7317/7317
f 7318/7318/7318 7319/7319/7319 7320/7320/7320
f 7321/7321/7321 7322/7322/7322 7323/7323/7323
f 7324/7324/7324 7325/7325/7325 7326/7326/7326
f 7327/7327/7327 7328/7328/7328 7329/7329/7329
f 7330/7330/7330 7331/7331/7331 7332/7332/7332
f 7333/7333/7333 7334/7334/7334 7335/7335/7335
f 7336/7336/7336 7337/7337/7337 7338/7338/7338
f 7339/7339/7339 7340/7340/7340 7341/7341/7341
f 7342/7342/7342 7343/7343/7343 7344/7344/7344
f 7345/7345/7345 7346/7346/7346 7347/7347/7347
f 7348/7348/7348 7349/7349/7349 7350/7350/7350
f 7351/7351/7351 7352/7352/7352 7353/7353/7353
f 7354/7354/7354 7355/7355/7355 7356/7356/7356
f 7357/7357/7357 7358/7358/7358 7359/7359/7359
f 7360/7360/7360 7361/7361/7361 7362/7362/7362
f 7363/7363/7363 7364/7364/7364 7365/7365/7365
f 7366/7366/7366 7367/7367/7367 7368/7368/7368
f 7369/7369/7369 7370/7370/7370 7371/7371/7371
f 7372/7372/7372 7373/7373/7373 7374/7374/7374
f 7375/7375/7375 7376/7376/7376 7377/7377/7377
f 7378/7378/7378 7379/7379/7379 7380/7380/7380
f 7381/7381/7381 7382/7382/7382 7383/7383/7383
f 7384/7384/7384 7385/7385/7385 7386/7386/7386
f 7387/7387/7387 7388/7388/7388 7389/7389/7389
f 7390/7390/7390 7391/7391/7391 7392/7392/7392
f 7393/7393/7393 7394/7394/7394 7395/7395/7395
f 7396/7396/7396 7397/7397/7397 7398/7398/7398
f 7399/7399/7399 7400/7400/7400 7401/7401/7401
f 7402/7402/7402 7403/7403/7403 7404/7404/7404
f 7405/7405/7405 7406/7406/7406 7407/7407/7407
f 7408/7408/7408 7409/7409/7409 7410/7410/7410
f 7411/7411/7411 7412/7412/7412 7413/7413/7413
f 7414/7414/7414 7415/7415/7415 7416/7416/7416
f 7417/7417/7417 7418/7418/7418 7419/7419/7419
f 7420/7420/7420 7421/7421/7421 7422/7422/7422
f 7423/7423/7423 7424/7424/7424 7425/7425/7425
f 7426/7426/7426 7427/7427/7427 7428/7428/7428
f 7429/7429/7429 7430/7430/7430 7431/7431/7431
f 7432/7432/7432 7433/7433/7433 7434/7434/7434
f 7435/7435/7435 7436/7436/7436 7437/7437/7437
f 7438/7438/7438 7439/7439/7439 7440/7440/7440
f 7441/7441/7441 7442/7442/7442 7443/7443/7443
f 7444/7444/7444 7445/7445/7445 7446/7446/7446
f 7447/7447/7447 7448/7448/7448 7449/7449/7449
f 7450/7450/7450 7451/7451/7451 7452/7452/7452
f 7453/7453/7453 7454/7454/7454 7455/7455/7455
f 7456/7456/7456 7457/7457/7457 7458/7458/7458
f 7459/7459/7459 7460/7460/7460 7461/7461/7461
f 7462/7462/7462 7463/7463/7463 7464/7464/7464
f 7465/7465/7465 7466/7466/7466 7467/7467/7467
f 7468/7468/7468 7469/7469/7469 7470/7470/7470
f 7471/7471/7471 7472/7472/7472 7473/7473/7473
f 7474/7474/7474 7475/7475/7475 7476/7476/7476
f 7477/7477/7477 7478/7478/7478 7479/7479/7479
f 7480/7480/7480 7481/7481/7481 7482/7482/7482
f 7483/7483/7483 7484/7484/7484 7485/7485/7485
f 7486/7486/7486 7487/7487/7487 7488/7488/7488
f 7489/7489/7489 7490/7490/7490 7491/7491/7491
f 7492/7492/7492 7493/7493/7493 7494/7494/7494
f 7495/7495/7495 7496/7496/7496 7497/7497/7497
f 7498/7498/7498 7499/7499/7499 7500/7500/7500
f 7501/7501/7501 7502/7502/7502 7503/7503/7503
f 7504/7504/7504 7505/7505/7505 7506/7506/7506
f 7507/7507/7507 7508/7508/7508 7509/7509/7509
f 7510/7510/7510 7511/7511/7511 7512/7512/7512
f 7513/7513/7513 7514/7514/7514 7515/7515/7515
f 7516/7516/7516 7517/7517/7517 7518/7518/7518
f 7519/7519/7519 7520/7520/7520 7521/7521/7521
f 7522/7522/7522 7523/7523/7523 7524/7524/7524
f 7525/7525/7525 7526/7526/7526 7527/7527/7527
f 7528/7528/7528 7529/7529/7529 7530/7530/7530
f 7531/7531/7531 7532/7532/7532 7533/7533/7533
f 7534/7534/7534 7535/7535/7535 7536/7536/7536
f 7537/7537/7537 7538/7538/7538 7539/7539/7539
f 7540/7540/7540 7541/7541/7541 7542/7542/7542
f 7543/7543/7543 7544/7544/7544 7545/7545/7545
f 7546/7546/7546 7547/7547/7547 7548/7548/7548
f 7549/7549/7549 7550/7550/7550 7551/7551/7551
f 7552/7552/7552 7553/7553/7553 7554/7554/7554
f 7555/7555/7555 7556/7556/7556 7557/7557/7557
f 7558/7558/7558 7559/7559/7559 7560/7560/7560
f 7561/7561/7561 7562/7562/7562 7563/7563/7563
f 7564/7564/7564 7565/7565/7565 7566/7566/7566
f 7567/7567/7567 7568/7568/7568 7569/7569/7569
f 7570/7570/7570 7571/7571/7571 7572/7572/7572
f 7573/7573/7573 7574/7574/7574 7575/7575/7575
f 7576/7576/7576 7577/7577/7577 7578/7578/7578
f 7579/7579/7579 7580/7580/7580 7581/7581/7581
f 7582/7582/7582 7583/7583/7583 7584/7584/7584
f 7585/7585/7585 7586/7586/7586 7587/7587/7587
f 7588/7588/7588 7589/7589/7589 7590/7590/7590
f 7591/7591/7591 7592/7592/7592 7593/7593/7593
f 7594/7594/7594 7595/7595/7595 7596/7596/7596
f 7597/7597/7597 7598/7598/7598 7599/7599/7599
f 7600/7600/7600 7601/7601/7601 7602/7602/7602
f 7603/7603/7603 7604/7604/7604 7605/7605/7605
f 7606/7606/7606 7607/7607/7607 7608/7608/7608
f 7609/7609/7609 7610/7610/7610 7611/7611/7611
f 7612/7612/7612 7613/7613/7613 7614/7614/7614
f 7615/7615/7615 7616/7616/7616 7617/7617/7617
f 7618/7618/7618 7619/7619/7619 7620/7620/7620
f 7621/7621/7621 7622/7622/7622 7623/7623/7623
f 7624/7624/7624 7625/7625/7625 7626/7626/7626
f 7627/7627/7627 7628/7628/7628 7629/7629/7629
f 7630/7630/7630 7631/7631/7631 7632/7632/7632
f 7633/7633/7633 7634/7634/7634 7635/7635/7635
f 7636/7636/7636 7637/7637/7637 7638/7638/7638
f 7639/7639/7639 7640/7640/7640 7641/7641/7641
f 7642/7642/7642 7643/7643/7643 7644/7644/7644
f 7645/7645/7645 7646/7646/7646 7647/7647/7647
f 7648/7648/7648 7649/7649/7649 7650/7650/7650
f 7651/7651/7651 7652/7652/7652 7653/7653/7653
f 7654/7654/7654 7655/7655/7655 7656/7656/7656
f 7657/7657/7657 7658/7658/7658 7659/7659/7659
f 7660/7660/7660 7661/7661/7661 7662/7662/7662
f 7663/7663/7663 7664/7664/7664 7665/7665/7665
f 7666/7666/7666 7667/7667/7667 7668/7668/7668
f 7669/7669/7669 7670/7670/7670 7671/7671/7671
f 7672/7672/7672 7673/7673/7673 7674/7674/7674
f 7675/7675/7675 7676/7676/7676 7677/7677/7677
f 7678/7678/7678 7679/7679/7679 7680/7680/7680
f 7681/7681/7681 7682/7682/7682 7683/7683/7683
f 7684/7684/7684 7685/7685/7685 7686/7686/7686
f 7687/7687/7687 7688/7688/7688 7689/7689/7689
f 7690/7690/7690 7691/7691/7691 7692/7692/7692
f 7693/7693/7693 7694/7694/7694 7695/7695/7695
f 7696/7696/7696 7697/7697/7697 7698/7698/7698
f 7699/7699/7699 7700/7700/7700 7701/7701/7701
f 7702/7702/7702 7703/7703/7703 7704/7704/7704
f 7705/7705/7705 7706/7706/7706 7707/7707/7707
f 7708/7708/7708 7709/7709/7709 7710/7710/7710
f 7711/7711/7711 7712/7712/7712 7713/7713/7713
f 7714/7714/7714 7715/7715/7715 7716/7716/7716
f 7717/7717/7717 7718/7718/7718 7719/7719/7719
f 7720/7720/7720 7721/7721/7721 7722/7722/7722
f 7723/7723/7723 7724/7724/7724 7725/7725/7725
f 7726/7726/7726 7727/7727/7727 7728/7728/7728
f 7729/7729/7729 7730/7730/7730 7731/7731/7731
f 7732/7732/7732 7733/7733/7733 7734/7734/7734
f 7735/7735/7735 7736/7736/7736 7737/7737/7737
f 7738/7738/7738 7739/7739/7739 7740/7740/7740
f 7741/7741/7741 7742/7742/7742 7743/7743/7743
f 7744/7744/7744 7745/7745/7745 7746/7746/7746
f 7747/7747/7747 7748/7748/7748 7749/7749/7749
f 7750/7750/7750 7751/7751/7751 7752/7752/7752
f 7753/7753/7753 7754/7754/7754 7755/7755/7755
f 7756/7756/7756 7757/7757/7757 7758/7758/7758
f 7759/7759/7759 7760/7760/7760 7761/7761/7761
f 7762/7762/7762 7763/7763/7763 7764/7764/7764
f 7765/7765/7765 7766/7766/7766 7767/7767/7767
f 7768/7768/7768 7769/7769/7769 7770/7770/7770
f 7771/7771/7771 7772/7772/7772 7773/7773/7773
f 7774/7774/7774 7775/7775/7775 7776/7776/7776
f 7777/7777/7777 7778/7778/7778 7779/7779/7779
f 7780/7780/7780 7781/7781/7781 7782/7782/7782
f 7783/7783/7783 7784/7784/7784 7785/7785/7785
f 7786/7786/7786 7787/7787/7787 7788/7788/7788
f 7789/7789/7789 7790/7790/7790 7791/7791/7791
f 7792/7792/7792 7793/7793/7793 7794/7794/7794
f 7795/7795/7795 7796/7796/7796 7797/7797/7797
f 7798/7798/7798 7799/7799/7799 7800/7800/7800
f 7801/7801/7801 7802/7802/7802 7803/7803/7803
f 7804/7804/7804 7805/7805/7805 7806/7806/7806
f 7807/7807/7807 7808/7808/7808 7809/7809/7809
f 7810/7810/7810 7811/7811/7811 7812/7812/7812
f 7813/7813/7813 7814/7814/7814 7815/7815/7815
f 7816/7816/7816 7817/7817/7817 7818/7818/7818
f 7819/7819/7819 7820/7820/7820 7821/7821/7821
f 7822/7822/7822 7823/7823/7823 7824/7824/7824
f 7825/7825/7825 7826/7826/7826 7827/7827/7827
f 7828/7828/7828 7829/7829/7829 7830/7830/7830
f 7831/7831/7831 7832/7832/7832 7833/7833/7833
f 7834/7834/7834 7835/7835/7835 7836/7836/7836
f 7837/7837/7837 7838/7838/7838 7839/7839/7839
f 7840/7840/7840 7841/7841/7841 7842/7842/7842
f 7843/7843/7843 7844/7844/7844 7845/7845/7845
f 7846/7846/7846 7847/7847/7847 7848/7848/7848
f 7849/7849/7849 7850/7850/7850 7851/7851/7851
f 7852/7852/7852 7853/7853/7853 7854/7854/7854
f 7855/7855/7855 7856/7856/7856 7857/7857/7857
f 7858/7858/7858 7859/7859/7859 7860/7860/7860
f 7861/7861/7861 7862/7862/7862 7863/7863/7863
f 7864/7864/7864 7865/7865/7865 7866/7866/7866
f 7867/7867/7867 7868/7868/7868 7869/7869/7869
f 7870/7870/7870 7871/7871/7871 7872/7872/7872
f 7873/7873/7873 7874/7874/7874 7875/7875/7875
f 7876/7876/7876 7877/7877/7877 7878/7878/7878
f 7879/7879/7879 7880/7880/7880 7881/7881/7881
f 7882/7882/7882 7883/7883/7883 7884/7884/7884
f 7885/7885/7885 7886/7886/7886 7887/7887/7887
f 7888/7888/7888 7889/7889/7889 7890/7890/7890
f 7891/7891/7891 7892/7892/7892 7893/7893/7893
f 7894/7894/7894 7895/7895/7895 7896/7896/7896
f 7897/7897/7897 7898/7898/7898 7899/7899/7899
f 7900/7900/7900 7901/7901/7901 7902/7902/7902
f 7903/7903/7903 7904/7904/7904 7905/7905/7905
f 7906/7906/7906 7907/7907/7907 7908/7908/7908
f 7909/7909/7909 7910/7910/7910 7911/7911/7911
f 7912/7912/7912 7913/7913/7913 7914/7914/7914
f 7915/7915/7915 7916/7916/7916 7917/7917/7917
f 7918/7918/7918 7919/7919/7919 7920/7920/7920
f 7921/7921/7921 7922/7922/7922 7923/7923/7923
f 7924/7924/7924 7925/7925/7925 7926/7926/7926
f 7927/7927/7927 7928/7928/7928 7929/7929/7929
f 7930/7930/7930 7931/7931/7931 7932/7932/7932
f 7933/7933/7933 7934/7934/7934 7935/7935/7935
f 7936/7936/7936 7937/7937/7937 7938/7938/7938
f 7939/7939/7939 7940/7940/7940 7941/7941/7941
f 7942/7942/7942 7943/7943/7943 7944/7944/7944
f 7945/7945/7945 7946/7946/7946 7947/7947/7947
f 7948/7948/7948 7949/7949/7949 7950/7950/7950
f 7951/7951/7951 7952/7952/7952 7953/7953/7953
f 7954/7954/7954 7955/7955/7955 7956/7956/7956
f 7957/7957/7957 7958/7958/7958 7959/7959/7959
f 7960/7960/7960 7961/7961/7961 7962/7962/7962
f 7963/7963/7963 7964/7964/7964 7965/7965/7965
f 7966/7966/7966 7967/7967/7967 7968/7968/7968
f 7969/7969/7969 7970/7970/7970 7971/7971/7971
f 7972/7972/7972 7973/7973/7973 7974/7974/7974
f 7975/7975/7975 7976/7976/7976 7977/7977/7977
f 7978/7978/7978 7979/7979/7979 7980/7980/7980
f 7981/7981/7981 7982/7982/7982 7983/7983/7983
f 7984/7984/7984 7985/7985/7985 7986/7986/7986
f 7987/7987/7987 7988/7988/7988 7989/7989/7989
f 7990/7990/7990 7991/7991/7991 7992/7992/7992
f 7993/7993/7993 7994/7994/7994 7995/7995/7995
f 7996/7996/7996 7997/7997/7997 7998/7998/7998
f 7999/7999/7999 8000/8000/8000 8001/8001/8001
f 8002/8002/8002 8003/8003/8003 8004/8004/8004
f 8005/8005/8005 8006/8006/8006 8007/8007/8007
f 8008/8008/8008 8009/8009/8009 8010/8010/8010
f 8011/8011/8011 8012/8012/8012 8013/8013/8013
f 8014/8014/8014 8015/8015/8015 8016/8016/8016
f 8017/8017/8017 8018/8018/8018 8019/8019/8019
f 8020/8020/8020 8021/8021/8021 8022/8022/8022
f 8023/8023/8023 8024/8024/8024 8025/8025/8025
f 8026/8026/8026 8027/8027/8027 8028/8028/8028
f 8029/8029/8029 8030/8030/8030 8031/8031/8031
f 8032/8032/8032 8033/8033/8033 8034/8034/8034
f 8035/8035/8035 8036/8036/8036 8037/8037/8037
f 8038/8038/8038 8039/8039/8039 8040/8040/8040
f 8041/8041/8041 8042/8042/8042 8043/8043/8043
f 8044/8044/8044 8045/8045/8045 8046/8046/8046
f 8047/8047/8047 8048/8048/8048 8049/8049/8049
f 8050/8050/8050 8051/8051/8051 8052/8052/8052
f 8053/8053/8053 8054/8054/8054 8055/8055/8055
f 8056/8056/8056 8057/8057/8057 8058/8058/8058
f 8059/8059/8059 8060/8060/8060 8061/8061/8061
f 8062/8062/8062 8063/8063/8063 8064/8064/8064
f 8065/8065/8065 8066/8066/8066 8067/8067/8067
f 8068/8068/8068 8069/8069/8069 8070/8070/8070
f 8071/8071/8071 8072/8072/8072 8073/8073/8073
f 8074/8074/8074 8075/8075/8075 8076/8076/8076
f 8077/8077/8077 8078/8078/8078 8079/8079/8079
f 8080/8080/8080 8081/8081/8081 8082/8082/8082
f 8083/8083/8083 8084/8084/8084 8085/8085/8085
f 8086/8086/8086 8087/8087/8087 8088/8088/8088
f 8089/8089/8089 8090/8090/8090 8091/8091/8091
f 8092/8092/8092 8093/8093/8093 8094/8094/8094
f 8095/8095/8095 8096/8096/8096 8097/8097/8097
f 8098/8098/8098 8099/8099/8099 8100/8100/8100
f 8101/8101/8101 8102/8102/8102 8103/8103/8103
f 8104/8104/8104 8105/8105/8105 8106/8106/8106
f 8107/8107/8107 8108/8108/8108 8109/8109/8109
f 8110/8110/8110 8111/8111/8111 8112/8112/8112
f 8113/8113/8113 8114/8114/8114 8115/8115/8115
f 8116/8116/8116 8117/8117/8117 8118/8118/8118
f 8119/8119/8119 8120/8120/8120 8121/8121/8121
f 8122/8122/8122 8123/8123/8123 8124/8124/8124
f 8125/8125/8125 8126/8126/8126 8127/8127/8127
f 8128/8128/8128 8129/8129/8129 8130/8130/8130
f 8131/8131/8131 8132/8132/8132 8133/8133/8133
f 8134/8134/8134 8135/8135/8135 8136/8136/8136
f 8137/8137/8137 8138/8138/8138 8139/8139/8139
f 8140/8140/8140 8141/8141/8141 8142/8142/8142
f 8143/8143/8143 8144/8144/8144 8145/8145/8145
f 8146/8146/8146 8147/8147/8147 8148/8148/8148
f 8149/8149/8149 8150/8150/8150 8151/8151/8151
f 8152/8152/8152 8153/8153/8153 8154/8154/8154
f 8155/8155/8155 8156/8156/8156 8157/8157/8157
f 8158/8158/8158 8159/8159/8159 8160/8160/8160
f 8161/8161/8161 8162/8162/8162 8163/8163/8163
f 8164/8164/8164 8165/8165/8165 8166/8166/8166
f 8167/8167/8167 8168/8168/8168 8169/8169/8169
f 8170/8170/8170 8171/8171/8171 8172/8172/8172
f 8173/8173/8173 8174/8174/8174 8175/8175/8175
f 8176/8176/8176 8177/8177/8177 8178/8178/8178
f 8179/8179/8179 8180/8180/8180 8181/8181/8181
f 8182/8182/8182 8183/8183/8183 8184/8184/8184

