# https://github.com/mikedh/trimesh
mtllib material.mtl
usemtl material_0
v -0.39927831 0.42923740 -0.40555018
v -0.39927831 0.42924160 -0.41085088
v -0.39927831 0.43453002 -0.41084170
v -0.39927831 0.41335040 -0.42143691
v -0.39927831 0.41863799 -0.42672920
v -0.39927831 0.41865301 -0.42144251
v -0.43778160 0.40275359 -0.40471980
v -0.44164509 0.40275359 -0.40554509
v -0.43517569 0.40275359 -0.41034490
v -0.44164509 0.41864040 -0.40554470
v -0.44164509 0.41864109 -0.41084090
v -0.44164509 0.41334468 -0.41084069
v -0.44164509 0.43453610 -0.42143017
v -0.44164509 0.42928672 -0.42671210
v -0.44164509 0.42924368 -0.42142731
v -0.39927831 0.44512030 -0.40554509
v -0.39927831 0.44512030 -0.41084090
v -0.40574780 0.44512030 -0.41034490
v -0.44164509 0.44512030 -0.41613668
v -0.43517569 0.44512030 -0.41547540
v -0.43517569 0.44512030 -0.42060590
v -0.39927831 0.44512030 -0.41084090
v -0.40574780 0.44512030 -0.41547540
v -0.40574780 0.44512030 -0.41034490
v -0.39927831 0.40275359 -0.41613668
v -0.40574780 0.40275359 -0.41547540
v -0.40574780 0.40275359 -0.42060590
v -0.44164509 0.40275359 -0.41084090
v -0.43517569 0.40275359 -0.41547540
v -0.43517569 0.40275359 -0.41034490
v -0.43517569 0.42393702 -0.39495340
v -0.43392089 0.42393702 -0.39602470
v -0.43392089 0.42895290 -0.39602470
v -0.40574780 0.42393702 -0.39495340
v -0.40700260 0.42393702 -0.39602470
v -0.40700260 0.41892099 -0.39602470
v -0.43517569 0.44512030 -0.41547540
v -0.43392089 0.44400081 -0.41522348
v -0.43392089 0.44400081 -0.42002320
v -0.40574780 0.44512030 -0.41547540
v -0.40700260 0.44400081 -0.41282359
v -0.40574780 0.44512030 -0.41034490
v -0.40574780 0.40275359 -0.41547540
v -0.40700260 0.40387309 -0.41522348
v -0.40700260 0.40387309 -0.42002320
v -0.43517569 0.40275359 -0.41547540
v -0.43392089 0.40387309 -0.41282359
v -0.43517569 0.40275359 -0.41034490
v 0.12036750 0.41294301 -0.42188340
v 0.12036750 0.41862708 -0.42144769
v 0.12036750 0.41858792 -0.42678019
v 0.12036750 0.42933491 -0.40552339
v 0.12036750 0.43453789 -0.41083899
v 0.12036750 0.42923731 -0.41083938
v 0.16273430 0.43493110 -0.42188320
v 0.16273430 0.42925140 -0.42144349
v 0.16273430 0.42926669 -0.42677659
v 0.16273430 0.41864130 -0.40554509
v 0.16273430 0.41334540 -0.41084090
v 0.16273430 0.41864130 -0.41084090
v 0.12809180 0.40387321 -0.43442228
v 0.13419400 0.40275371 -0.43599740
v 0.13482140 0.40387321 -0.43442228
v 0.15501010 0.44400090 -0.43442228
v 0.14890790 0.44512051 -0.43599740
v 0.14828050 0.44400090 -0.43442228
v -0.39927831 0.43982461 -0.42143267
v -0.39927831 0.43452942 -0.42143339
v -0.39927831 0.43982449 -0.42672849
v -0.39927831 0.43996829 -0.40019679
v -0.39927831 0.43456331 -0.40023878
v -0.39927831 0.43985909 -0.40553460
v -0.39927831 0.41869420 -0.40044698
v -0.39927831 0.41348261 -0.40189549
v -0.39927831 0.41883218 -0.40593609
v -0.39927831 0.42923361 -0.42672920
v -0.39927831 0.42923281 -0.43202439
v -0.39927831 0.43452871 -0.43202430
v -0.39927831 0.41386431 -0.40720850
v -0.39927831 0.40914869 -0.41103399
v -0.39927831 0.41420740 -0.41168869
v -0.39927831 0.40791661 -0.42672849
v -0.39927831 0.40696201 -0.43202430
v -0.39927831 0.41290200 -0.43202430
v -0.43517569 0.40275359 -0.42060590
v -0.43517569 0.40275359 -0.41547540
v -0.44164509 0.40275359 -0.41613668
v -0.44164509 0.40805000 -0.42143309
v -0.44164509 0.41335070 -0.42143661
v -0.44164509 0.40805811 -0.42673579
v -0.44164509 0.40716681 -0.40009630
v -0.44164509 0.41299599 -0.40002048
v -0.44164509 0.40797660 -0.40551260
v -0.44164509 0.42923281 -0.40024918
v -0.44164509 0.43452859 -0.40024918
v -0.44164509 0.42923281 -0.40554509
v -0.44164509 0.41880170 -0.42670667
v -0.44164509 0.41960561 -0.43124390
v -0.44164509 0.41404629 -0.43257689
v -0.44164509 0.43982449 -0.40554509
v -0.44164509 0.43982449 -0.41084090
v -0.44164509 0.43452871 -0.41084090
v -0.44164509 0.43996039 -0.42672580
v -0.44164509 0.44091341 -0.43202287
v -0.44164509 0.43499398 -0.43200451
v -0.40574780 0.44512030 -0.42060590
v -0.40574780 0.44512030 -0.41547540
v -0.39927831 0.44512030 -0.41613668
v -0.41310471 0.40275359 -0.43599740
v -0.42046171 0.40275359 -0.43732011
v -0.41244340 0.40275359 -0.43732011
v -0.42781869 0.44512030 -0.43599740
v -0.42046171 0.44512030 -0.43732011
v -0.42848009 0.44512030 -0.43732011
v -0.42719129 0.40387309 -0.43442228
v -0.43392089 0.40387309 -0.43442228
v -0.42781869 0.40275359 -0.43599740
v -0.41310471 0.40275359 -0.43599740
v -0.40700260 0.40387309 -0.43442228
v -0.41373211 0.40387309 -0.43442228
v -0.41373220 0.44400081 -0.43442228
v -0.40700260 0.44400081 -0.43442228
v -0.41310480 0.44512030 -0.43599740
v -0.42781869 0.44512030 -0.43599740
v -0.43392089 0.44400081 -0.43442228
v -0.42719129 0.44400081 -0.43442228
v -0.43392089 0.43898481 -0.39602470
v -0.43517569 0.43452859 -0.39495340
v -0.43392089 0.43396890 -0.39602470
v -0.40700260 0.40888911 -0.39602470
v -0.40574780 0.41334531 -0.39495340
v -0.40700260 0.41390508 -0.39602470
v -0.43517569 0.44512030 -0.43086690
v -0.43517569 0.44512030 -0.42573640
v -0.43392089 0.44400081 -0.42722279
v -0.40700260 0.44400081 -0.40082440
v -0.40574780 0.44512030 -0.40521440
v -0.40700260 0.44400081 -0.40562409
v -0.40574780 0.40275359 -0.43086690
v -0.40574780 0.40275359 -0.42573640
v -0.40700260 0.40387309 -0.42722279
v -0.43392089 0.40387309 -0.40082440
v -0.43517569 0.40275359 -0.40521440
v -0.43392089 0.40387309 -0.40562409
v 0.12036750 0.42902708 -0.43184459
v 0.12036750 0.42923272 -0.42672870
v 0.12036750 0.43438739 -0.43216559
v 0.12036760 0.40786868 -0.43233150
v 0.12036760 0.40780580 -0.42701310
v 0.12036750 0.41318142 -0.42772931
v 0.12036760 0.40769890 -0.41121471
v 0.12036760 0.40803802 -0.40555689
v 0.12036750 0.41333351 -0.41085330
v 0.12036750 0.43452880 -0.42143258
v 0.12036750 0.43982461 -0.42143258
v 0.12036750 0.43982461 -0.42672840
v 0.12036750 0.41334650 -0.40024820
v 0.12036750 0.41867360 -0.40021920
v 0.12036750 0.41864341 -0.40554300
v 0.12036750 0.43581459 -0.40016770
v 0.12036750 0.44072789 -0.40102100
v 0.12036750 0.43998179 -0.40558338
v 0.16273430 0.41951931 -0.43126941
v 0.16273430 0.41877121 -0.42670888
v 0.16273430 0.41399539 -0.43255121
v 0.16273430 0.44000521 -0.43233189
v 0.16273430 0.44006830 -0.42701328
v 0.16273430 0.43467680 -0.42774421
v 0.16273430 0.44017529 -0.41121471
v 0.16273430 0.43983620 -0.40555689
v 0.16273430 0.43454069 -0.41085330
v 0.16273430 0.41334900 -0.42143539
v 0.16273430 0.40804988 -0.42143291
v 0.16273430 0.40805548 -0.42673367
v 0.16273430 0.43452880 -0.40024918
v 0.16273430 0.42923290 -0.40024918
v 0.16273430 0.42923290 -0.40554509
v 0.16273430 0.41334540 -0.40024918
v 0.16273430 0.40804958 -0.40024918
v 0.16273430 0.40804958 -0.40554509
v 0.13513580 0.42384988 -0.39602470
v 0.13846660 0.42879522 -0.39602470
v 0.13234530 0.42888120 -0.39602470
v 0.14155100 0.40275371 -0.43732011
v 0.13419400 0.40275371 -0.43599740
v 0.13353260 0.40275371 -0.43732011
v 0.14890790 0.40275371 -0.43599740
v 0.14155100 0.40275371 -0.43732011
v 0.14956930 0.40275371 -0.43732011
v 0.14155090 0.44512051 -0.43732011
v 0.14890790 0.44512051 -0.43599740
v 0.14956930 0.44512051 -0.43732011
v 0.13419400 0.44512051 -0.43599740
v 0.14155090 0.44512051 -0.43732011
v 0.13353260 0.44512051 -0.43732011
v 0.12683700 0.44512051 -0.41547540
v 0.12683700 0.44512051 -0.42060590
v 0.12036750 0.44512051 -0.41613668
v 0.15626490 0.40275371 -0.41547540
v 0.15626490 0.40275371 -0.42060590
v 0.16273430 0.40275371 -0.41613668
v 0.14890790 0.40275371 -0.43599740
v 0.15501010 0.40387321 -0.43442228
v 0.14828050 0.40387321 -0.43442228
v 0.13419400 0.44512051 -0.43599740
v 0.12809180 0.44400090 -0.43442228
v 0.13482140 0.44400090 -0.43442228
v 0.15501010 0.42895299 -0.39602470
v 0.15626490 0.42393708 -0.39495340
v 0.15626490 0.42923290 -0.39495340
v 0.12809180 0.42393708 -0.39602470
v 0.12683700 0.42393708 -0.39495340
v 0.12683700 0.41864121 -0.39495340
v 0.15501010 0.44400090 -0.42002320
v 0.15626490 0.44512051 -0.41547540
v 0.15626490 0.44512051 -0.42060590
v 0.15501010 0.44400090 -0.42722279
v 0.15501010 0.44400090 -0.42002320
v 0.15626490 0.44512051 -0.42573640
v 0.12809180 0.44400090 -0.41282359
v 0.12683700 0.44512051 -0.41547540
v 0.12683700 0.44512051 -0.41034490
v 0.12809180 0.44400090 -0.40562409
v 0.12683700 0.44512051 -0.41034490
v 0.12683700 0.44512051 -0.40521440
v 0.12809180 0.40387321 -0.42002320
v 0.12683700 0.40275371 -0.41547540
v 0.12683700 0.40275371 -0.42060590
v 0.12809180 0.40387321 -0.42722279
v 0.12809180 0.40387321 -0.42002320
v 0.12683700 0.40275371 -0.42573640
v 0.15501010 0.40387321 -0.41282359
v 0.15626490 0.40275371 -0.41547540
v 0.15626490 0.40275371 -0.41034490
v 0.15501010 0.40387321 -0.40562409
v 0.15626490 0.40275371 -0.41034490
v 0.15626490 0.40275371 -0.40521440
v -0.39927831 0.43982801 -0.41084018
v -0.39927831 0.43453002 -0.41084170
v -0.39927831 0.43982479 -0.41613680
v -0.39927831 0.42923701 -0.40024948
v -0.39927831 0.42394531 -0.40026671
v -0.39927831 0.42923740 -0.40555018
v -0.39927831 0.42924160 -0.41085088
v -0.39927831 0.42399532 -0.41091129
v -0.39927831 0.42924160 -0.41614598
v -0.39927831 0.41873449 -0.41622579
v -0.39927831 0.41865301 -0.42144251
v -0.39927831 0.42394680 -0.42144209
v -0.39927831 0.40811032 -0.41614699
v -0.39927831 0.40804181 -0.42143309
v -0.39927831 0.41335040 -0.42143691
v -0.39927831 0.41863799 -0.42672920
v -0.39927831 0.41860470 -0.43202430
v -0.39927831 0.42393512 -0.43202439
v -0.44164509 0.40804550 -0.41083938
v -0.44164509 0.41334468 -0.41084069
v -0.44164509 0.40804929 -0.41613668
v -0.44164509 0.41862601 -0.40023649
v -0.44164509 0.42393672 -0.40024909
v -0.44164509 0.41864040 -0.40554470
v -0.44164509 0.41864109 -0.41084090
v -0.44164509 0.42393702 -0.41084090
v -0.44164509 0.41864198 -0.41613698
v -0.44164509 0.42923400 -0.41613629
v -0.44164509 0.42924368 -0.42142731
v -0.44164509 0.42395461 -0.42142689
v -0.44164509 0.43982521 -0.41613659
v -0.44164509 0.43983611 -0.42143109
v -0.44164509 0.43453610 -0.42143017
v -0.44164509 0.42928672 -0.42671210
v -0.44164509 0.42970970 -0.43162191
v -0.44164509 0.42434230 -0.43223178
v -0.42044699 0.41391551 -0.39602470
v -0.41667461 0.41897202 -0.39602470
v -0.42318651 0.41892171 -0.39602470
v -0.41773701 0.42895231 -0.39602470
v -0.42047659 0.43395850 -0.39602470
v -0.42424890 0.42890200 -0.39602470
v -0.42778379 0.41337121 -0.43732011
v -0.43151611 0.41866052 -0.43732011
v -0.42472780 0.41867250 -0.43732011
v -0.42054421 0.41350371 -0.43732011
v -0.42472780 0.41867250 -0.43732011
v -0.41746160 0.41879910 -0.43732011
v -0.42355371 0.42908621 -0.43732011
v -0.42049009 0.43438542 -0.43732011
v -0.41618189 0.42919070 -0.43732011
v -0.41618189 0.42919070 -0.43732011
v -0.41316590 0.43450671 -0.43732011
v -0.40928751 0.42917320 -0.43732011
v -0.43012151 0.44400081 -0.40997970
v -0.42682949 0.44400081 -0.40511599
v -0.42404401 0.44400081 -0.41005588
v -0.42404401 0.44400081 -0.41005588
v -0.42025059 0.44400081 -0.40539157
v -0.41776061 0.44400081 -0.41001728
v -0.41300800 0.44400081 -0.42475390
v -0.41701481 0.44400081 -0.41955990
v -0.41071320 0.44400081 -0.41983640
v -0.41080201 0.40387309 -0.40997970
v -0.41409400 0.40387309 -0.40511599
v -0.41687959 0.40387309 -0.41005588
v -0.41687959 0.40387309 -0.41005588
v -0.42067301 0.40387309 -0.40539157
v -0.42316300 0.40387309 -0.41001728
v -0.42791560 0.40387309 -0.42475390
v -0.42390880 0.40387309 -0.41955990
v -0.43021029 0.40387309 -0.41983640
v -0.42848000 0.40275359 -0.43732011
v -0.42046171 0.40275359 -0.43732011
v -0.42781869 0.40275359 -0.43599740
v -0.41244340 0.44512030 -0.43732011
v -0.42046171 0.44512030 -0.43732011
v -0.41310480 0.44512030 -0.43599740
v -0.43517569 0.44512030 -0.42060590
v -0.43517569 0.44512030 -0.42573640
v -0.44164509 0.44512030 -0.42143258
v -0.40574780 0.40275359 -0.42060590
v -0.40574780 0.40275359 -0.42573640
v -0.39927831 0.40275359 -0.42143258
v -0.43517569 0.43452859 -0.39495340
v -0.43517569 0.42923281 -0.39495340
v -0.43392089 0.42895290 -0.39602470
v -0.40574780 0.41334531 -0.39495340
v -0.40574780 0.41864109 -0.39495340
v -0.40700260 0.41892099 -0.39602470
v -0.43517569 0.44512030 -0.42573640
v -0.43517569 0.44512030 -0.42060590
v -0.43392089 0.44400081 -0.42002320
v -0.40574780 0.44512030 -0.41034490
v -0.40700260 0.44400081 -0.40562409
v -0.40574780 0.44512030 -0.40521440
v -0.40574780 0.40275359 -0.42573640
v -0.40574780 0.40275359 -0.42060590
v -0.40700260 0.40387309 -0.42002320
v -0.43517569 0.40275359 -0.41034490
v -0.43392089 0.40387309 -0.40562409
v -0.43517569 0.40275359 -0.40521440
v 0.12036750 0.41812000 -0.43167567
v 0.12036750 0.41858792 -0.42678019
v 0.12036750 0.42357200 -0.43236390
v 0.12036760 0.40744901 -0.42206657
v 0.12036760 0.40799931 -0.41699690
v 0.12036750 0.41294301 -0.42188340
v 0.12036750 0.41862708 -0.42144769
v 0.12036750 0.41864070 -0.41613758
v 0.12036750 0.42393678 -0.42143291
v 0.12036750 0.42393830 -0.41083989
v 0.12036750 0.42923731 -0.41083938
v 0.12036750 0.42923301 -0.41613668
v 0.12036750 0.42448419 -0.39976817
v 0.12036750 0.43042409 -0.40027851
v 0.12036750 0.42933491 -0.40552339
v 0.12036750 0.43453789 -0.41083899
v 0.12036750 0.43983760 -0.41084090
v 0.12036750 0.43982521 -0.41613668
v 0.16273430 0.42926079 -0.43212020
v 0.16273430 0.42926669 -0.42677659
v 0.16273430 0.42401341 -0.43195981
v 0.16273430 0.44042522 -0.42206657
v 0.16273430 0.43987492 -0.41699690
v 0.16273430 0.43493110 -0.42188320
v 0.16273430 0.42925140 -0.42144349
v 0.16273430 0.42923409 -0.41613740
v 0.16273430 0.42394850 -0.42142799
v 0.16273430 0.42393708 -0.41084090
v 0.16273430 0.41864130 -0.41084090
v 0.16273430 0.41864169 -0.41613689
v 0.16273430 0.42393708 -0.40024918
v 0.16273430 0.41864130 -0.40024918
v 0.16273430 0.41864130 -0.40554509
v 0.16273430 0.41334540 -0.41084090
v 0.16273430 0.40804958 -0.41084090
v 0.16273430 0.40804958 -0.41613680
v 0.12036750 0.43452880 -0.39495340
v 0.12036750 0.42923290 -0.39495340
v 0.12353170 0.42933369 -0.39495340
v 0.15987711 0.42400241 -0.39495340
v 0.15626490 0.41864121 -0.39495340
v 0.16273430 0.41864121 -0.39495340
v 0.15501010 0.42393708 -0.39602470
v 0.15108420 0.42923892 -0.39602470
v 0.14857860 0.42404610 -0.39602470
v 0.14187640 0.42386472 -0.39602470
v 0.13809571 0.41896832 -0.39602470
v 0.14488231 0.41907889 -0.39602470
v 0.13033640 0.42914870 -0.43732011
v 0.13413250 0.43450910 -0.43732011
v 0.13726500 0.42920101 -0.43732011
v 0.13726500 0.42920101 -0.43732011
v 0.14156710 0.43447518 -0.43732011
v 0.14465190 0.42916790 -0.43732011
v 0.14152899 0.41339770 -0.43732011
v 0.13844170 0.41870332 -0.43732011
v 0.14581341 0.41866469 -0.43732011
v 0.14891930 0.41335279 -0.43732011
v 0.14581341 0.41866469 -0.43732011
v 0.15261009 0.41865480 -0.43732011
v 0.14122610 0.44400090 -0.42411169
v 0.13212959 0.44400090 -0.41966498
v 0.13850640 0.44400090 -0.41914368
v 0.13900030 0.44400090 -0.41185391
v 0.14140590 0.44400090 -0.40545049
v 0.14541040 0.44400090 -0.41030729
v 0.14541040 0.44400090 -0.41030729
v 0.14795960 0.44400090 -0.40550017
v 0.15084100 0.44400090 -0.40999910
v 0.14187580 0.40387321 -0.42411169
v 0.15097240 0.40387321 -0.41966498
v 0.14459540 0.40387321 -0.41914368
v 0.14410169 0.40387321 -0.41185391
v 0.14169610 0.40387321 -0.40545049
v 0.13769150 0.40387321 -0.41030729
v 0.13769150 0.40387321 -0.41030729
v 0.13514230 0.40387321 -0.40550017
v 0.13226090 0.40387321 -0.40999910
v 0.14155100 0.40275371 -0.43599740
v 0.13419400 0.40275371 -0.43599740
v 0.14155100 0.40275371 -0.43732011
v 0.14155090 0.44512051 -0.43599740
v 0.14890790 0.44512051 -0.43599740
v 0.14155090 0.44512051 -0.43732011
v 0.12683700 0.42393708 -0.39495340
v 0.12683700 0.42923290 -0.39495340
v 0.12353170 0.42933369 -0.39495340
v 0.13419400 0.40275371 -0.43599740
v 0.14155100 0.40275371 -0.43599740
v 0.13482140 0.40387321 -0.43442228
v 0.14155100 0.40387321 -0.43442228
v 0.13482140 0.40387321 -0.43442228
v 0.14155100 0.40275371 -0.43599740
v 0.14890790 0.44512051 -0.43599740
v 0.14155090 0.44512051 -0.43599740
v 0.14828050 0.44400090 -0.43442228
v 0.14155090 0.44400090 -0.43442228
v 0.14828050 0.44400090 -0.43442228
v 0.14155090 0.44512051 -0.43599740
v 0.15501010 0.43898490 -0.39602470
v 0.15626490 0.44512051 -0.39495340
v 0.15501010 0.44400090 -0.39602470
v 0.12809180 0.40888920 -0.39602470
v 0.12683700 0.40275371 -0.39495340
v 0.12809180 0.40387321 -0.39602470
v 0.12809180 0.42895299 -0.39602458
v 0.12809180 0.43396902 -0.39602458
v 0.12683700 0.42923290 -0.39495340
v 0.15626490 0.44512051 -0.43086690
v 0.15501010 0.44400090 -0.42722279
v 0.15626490 0.44512051 -0.42573640
v 0.12683700 0.44512051 -0.40008390
v 0.12809180 0.44400090 -0.40562409
v 0.12683700 0.44512051 -0.40521440
v 0.12809180 0.44400090 -0.42002320
v 0.12809180 0.44400090 -0.42722279
v 0.12683700 0.44512051 -0.42573640
v 0.12683700 0.40275371 -0.43086690
v 0.12809180 0.40387321 -0.42722279
v 0.12683700 0.40275371 -0.42573640
v 0.15626490 0.40275371 -0.40008390
v 0.15501010 0.40387321 -0.40562409
v 0.15626490 0.40275371 -0.40521440
v 0.15501010 0.40387321 -0.42002320
v 0.15501010 0.40387321 -0.42722279
v 0.15626490 0.40275371 -0.42573640
v -0.39927831 0.44512030 -0.43202430
v -0.39927831 0.43982449 -0.42672849
v -0.39927831 0.43982449 -0.43202430
v -0.39927831 0.44512030 -0.42143258
v -0.39927831 0.43982479 -0.41613680
v -0.39927831 0.43982461 -0.42143267
v -0.39927831 0.43452942 -0.42143339
v -0.39927831 0.42924160 -0.41614598
v -0.39927831 0.42923689 -0.42143670
v -0.39927831 0.44512030 -0.41084090
v -0.39927831 0.43985909 -0.40553460
v -0.39927831 0.43982801 -0.41084018
v -0.39927831 0.44512030 -0.40024918
v -0.39927831 0.44512030 -0.39495340
v -0.39927831 0.43982449 -0.39495340
v -0.39927831 0.43456331 -0.40023878
v -0.39927831 0.42923281 -0.39495340
v -0.39927831 0.42923701 -0.40024948
v -0.39927831 0.42399532 -0.41091129
v -0.39927831 0.41883218 -0.40593609
v -0.39927831 0.41886622 -0.41112709
v -0.39927831 0.42394531 -0.40026671
v -0.39927831 0.41864109 -0.39495340
v -0.39927831 0.41869420 -0.40044698
v -0.39927831 0.43982449 -0.43202430
v -0.39927831 0.43452871 -0.43202430
v -0.39927831 0.43982449 -0.43732011
v -0.39927831 0.42923689 -0.42143670
v -0.39927831 0.42394680 -0.42144209
v -0.39927831 0.42923361 -0.42672920
v -0.39927831 0.42923281 -0.43202439
v -0.39927831 0.42393512 -0.43202439
v -0.39927831 0.42923281 -0.43732011
v -0.39927831 0.41886622 -0.41112709
v -0.39927831 0.41420740 -0.41168869
v -0.39927831 0.41873449 -0.41622579
v -0.39927831 0.41348261 -0.40189549
v -0.39927831 0.40801111 -0.39951497
v -0.39927831 0.40786159 -0.40581840
v -0.39927831 0.40914869 -0.41103399
v -0.39927831 0.40275359 -0.41084090
v -0.39927831 0.40811032 -0.41614699
v -0.39927831 0.41860470 -0.43202430
v -0.39927831 0.41290200 -0.43202430
v -0.39927831 0.41864109 -0.43732011
v -0.39927831 0.40804181 -0.42143309
v -0.39927831 0.40275359 -0.42143258
v -0.39927831 0.40791661 -0.42672849
v -0.39927831 0.40696201 -0.43202430
v -0.39927831 0.40275359 -0.43202430
v -0.39927831 0.40275359 -0.43732011
v -0.43517569 0.40275359 -0.41034490
v -0.44164509 0.40275359 -0.40554509
v -0.44164509 0.40275359 -0.41084090
v -0.44164509 0.40275359 -0.42672840
v -0.44164509 0.40275359 -0.43202430
v -0.43517569 0.40275359 -0.43086690
v -0.44164509 0.40275359 -0.43202430
v -0.44164509 0.40805811 -0.42673579
v -0.44164509 0.40811661 -0.43208149
v -0.44164509 0.40275359 -0.42143258
v -0.44164509 0.40804929 -0.41613668
v -0.44164509 0.40805000 -0.42143309
v -0.44164509 0.41335070 -0.42143661
v -0.44164509 0.41864198 -0.41613698
v -0.44164509 0.41865599 -0.42143479
v -0.44164509 0.40275359 -0.41084090
v -0.44164509 0.40797660 -0.40551260
v -0.44164509 0.40804550 -0.41083938
v -0.44164509 0.41299599 -0.40002048
v -0.44164509 0.41864109 -0.39495340
v -0.44164509 0.41862601 -0.40023649
v -0.44164509 0.42393702 -0.41084090
v -0.44164509 0.42923281 -0.40554509
v -0.44164509 0.42923290 -0.41084090
v -0.44164509 0.42393672 -0.40024909
v -0.44164509 0.42923281 -0.39495340
v -0.44164509 0.42923281 -0.40024918
v -0.44164509 0.43452859 -0.40024918
v -0.44164509 0.43982449 -0.39495340
v -0.44164509 0.43982449 -0.40024918
v -0.44164509 0.40811661 -0.43208149
v -0.44164509 0.41404629 -0.43257689
v -0.44164509 0.40804940 -0.43732011
v -0.44164509 0.41865599 -0.42143479
v -0.44164509 0.42395461 -0.42142689
v -0.44164509 0.41880170 -0.42670667
v -0.44164509 0.41960561 -0.43124390
v -0.44164509 0.42434230 -0.43223178
v -0.44164509 0.41864109 -0.43732011
v -0.44164509 0.42923290 -0.41084090
v -0.44164509 0.43452871 -0.41084090
v -0.44164509 0.42923400 -0.41613629
v -0.44164509 0.43982449 -0.40024918
v -0.44164509 0.44512030 -0.40024918
v -0.44164509 0.43982449 -0.40554509
v -0.44164509 0.43982449 -0.41084090
v -0.44164509 0.44512030 -0.41084090
v -0.44164509 0.43982521 -0.41613659
v -0.44164509 0.42970970 -0.43162191
v -0.44164509 0.43499398 -0.43200451
v -0.44164509 0.42923281 -0.43732011
v -0.44164509 0.43983611 -0.42143109
v -0.44164509 0.44512030 -0.42143258
v -0.44164509 0.43996039 -0.42672580
v -0.44164509 0.44091341 -0.43202287
v -0.44164509 0.44512030 -0.43202430
v -0.44164509 0.44512030 -0.43732011
v -0.40310591 0.44512030 -0.40486801
v -0.39927831 0.44512030 -0.40554509
v -0.40574780 0.44512030 -0.41034490
v -0.39927831 0.44512030 -0.43202430
v -0.40442511 0.44512030 -0.43732011
v -0.40574780 0.44512030 -0.43599740
v -0.40574780 0.44512030 -0.42060590
v -0.39927831 0.44512030 -0.41613668
v -0.39927831 0.44512030 -0.42143258
v -0.44164509 0.41334531 -0.43732011
v -0.43736470 0.40810269 -0.43732011
v -0.44164509 0.40804940 -0.43732011
v -0.44164509 0.42393702 -0.43732011
v -0.43762630 0.41858551 -0.43732011
v -0.44164509 0.41864109 -0.43732011
v -0.43788481 0.43056262 -0.43732011
v -0.43466759 0.42404911 -0.43732011
v -0.44164509 0.42393702 -0.43732011
v -0.44164509 0.44512030 -0.43732011
v -0.43649840 0.44512030 -0.43732011
v -0.43716469 0.44007111 -0.43732011
v -0.39927831 0.42923281 -0.39495340
v -0.40249151 0.43456841 -0.39495340
v -0.40574780 0.42923281 -0.39495340
v -0.42698050 0.41390550 -0.39602470
v -0.43019640 0.40888911 -0.39602470
v -0.42423499 0.40889010 -0.39602470
v -0.42044699 0.41391551 -0.39602470
v -0.42423499 0.40889010 -0.39602470
v -0.41770631 0.40889490 -0.39602470
v -0.41391459 0.41395211 -0.39602470
v -0.41770631 0.40889490 -0.39602470
v -0.41129139 0.40889430 -0.39602470
v -0.40700260 0.41390508 -0.39602470
v -0.41129139 0.40889430 -0.39602470
v -0.40700260 0.40888911 -0.39602470
v -0.41394311 0.43396848 -0.39602470
v -0.41773701 0.42895231 -0.39602470
v -0.41131389 0.42895782 -0.39602470
v -0.40700260 0.43396890 -0.39602470
v -0.41131389 0.42895782 -0.39602470
v -0.40700260 0.42895290 -0.39602470
v -0.40700260 0.44400081 -0.39602470
v -0.41072720 0.43898481 -0.39602470
v -0.40700260 0.43898481 -0.39602470
v -0.43392089 0.40387309 -0.39602470
v -0.43019640 0.40888911 -0.39602470
v -0.43392089 0.40888911 -0.39602470
v -0.42698050 0.41390550 -0.39602470
v -0.42318651 0.41892171 -0.39602470
v -0.42960960 0.41891620 -0.39602470
v -0.43392089 0.41390508 -0.39602470
v -0.42960960 0.41891620 -0.39602470
v -0.43392089 0.41892099 -0.39602470
v -0.41394311 0.43396848 -0.39602470
v -0.41072720 0.43898481 -0.39602470
v -0.41668859 0.43898392 -0.39602470
v -0.42047659 0.43395850 -0.39602470
v -0.41668859 0.43898392 -0.39602470
v -0.42321730 0.43897900 -0.39602470
v -0.42700899 0.43392190 -0.39602470
v -0.42321730 0.43897900 -0.39602470
v -0.42963210 0.43897960 -0.39602470
v -0.43392089 0.43396890 -0.39602470
v -0.42963210 0.43897960 -0.39602470
v -0.43392089 0.43898481 -0.39602470
v -0.40442511 0.40275359 -0.43732011
v -0.40422329 0.40813521 -0.43732011
v -0.39927831 0.40275359 -0.43732011
v -0.40263501 0.44005051 -0.43732011
v -0.39927831 0.44512030 -0.43732011
v -0.39927831 0.43982449 -0.43732011
v -0.40927079 0.40772092 -0.43732011
v -0.41244340 0.40275359 -0.43732011
v -0.41589960 0.40838069 -0.43732011
v -0.42054421 0.41350371 -0.43732011
v -0.41589960 0.40838069 -0.43732011
v -0.42359671 0.40809029 -0.43732011
v -0.43470839 0.41333801 -0.43732011
v -0.43069169 0.40815270 -0.43732011
v -0.43736470 0.40810269 -0.43732011
v -0.43466759 0.42404911 -0.43732011
v -0.43151611 0.41866052 -0.43732011
v -0.43762630 0.41858551 -0.43732011
v -0.43189359 0.43963200 -0.43732011
v -0.43475649 0.43387380 -0.43732011
v -0.43716469 0.44007111 -0.43732011
v -0.41038391 0.41179150 -0.43732011
v -0.41479480 0.41443440 -0.43732011
v -0.41018251 0.41856220 -0.43732011
v -0.42848009 0.44512030 -0.43732011
v -0.42496181 0.43960550 -0.43732011
v -0.43189359 0.43963200 -0.43732011
v -0.42049009 0.43438542 -0.43732011
v -0.42496181 0.43960550 -0.43732011
v -0.41737899 0.43976220 -0.43732011
v -0.40611020 0.42386571 -0.43732011
v -0.40928751 0.42917320 -0.43732011
v -0.40297920 0.42906550 -0.43732011
v -0.40614450 0.43508771 -0.43732011
v -0.41110000 0.43935910 -0.43732011
v -0.40726501 0.44103071 -0.43732011
v -0.43517569 0.44512030 -0.42573640
v -0.43517569 0.44512030 -0.43086690
v -0.44164509 0.44512030 -0.42672840
v -0.42046171 0.44400081 -0.43442228
v -0.42347071 0.44400081 -0.42955559
v -0.41730511 0.44400081 -0.42949557
v -0.41938189 0.44400081 -0.42448997
v -0.42377841 0.44400081 -0.41980791
v -0.41701481 0.44400081 -0.41955990
v -0.43392089 0.44400081 -0.41522348
v -0.43392089 0.44400081 -0.41042379
v -0.43012151 0.44400081 -0.40997970
v -0.42682949 0.44400081 -0.40511599
v -0.42893031 0.44400081 -0.40036660
v -0.42307651 0.44400081 -0.40066090
v -0.42025059 0.44400081 -0.40539157
v -0.42307651 0.44400081 -0.40066090
v -0.41656139 0.44400081 -0.40074968
v -0.41293079 0.44400081 -0.40747640
v -0.41656139 0.44400081 -0.40074968
v -0.41063920 0.44400081 -0.40080130
v -0.42905709 0.44400081 -0.42958921
v -0.42711839 0.44400081 -0.42509490
v -0.42347071 0.44400081 -0.42955559
v -0.41063920 0.44400081 -0.40080130
v -0.40700260 0.44400081 -0.39602470
v -0.40700260 0.44400081 -0.40082440
v -0.41293079 0.44400081 -0.40747640
v -0.40700260 0.44400081 -0.40562409
v -0.40700260 0.44400081 -0.41282359
v -0.41730511 0.44400081 -0.42949557
v -0.41300800 0.44400081 -0.42475390
v -0.41172269 0.44400081 -0.42993850
v -0.41071320 0.44400081 -0.41983640
v -0.40700260 0.44400081 -0.41282359
v -0.40700260 0.44400081 -0.42002320
v -0.40574780 0.40275359 -0.42573640
v -0.40574780 0.40275359 -0.43086690
v -0.39927831 0.40275359 -0.42672840
v -0.42046171 0.40387309 -0.43442228
v -0.41745290 0.40387309 -0.42955559
v -0.42361841 0.40387309 -0.42949557
v -0.42154181 0.40387309 -0.42448997
v -0.41714531 0.40387309 -0.41980791
v -0.42390880 0.40387309 -0.41955990
v -0.40700260 0.40387309 -0.41522348
v -0.40700260 0.40387309 -0.41042379
v -0.41080201 0.40387309 -0.40997970
v -0.41409400 0.40387309 -0.40511599
v -0.41199329 0.40387309 -0.40036660
v -0.41784701 0.40387309 -0.40066090
v -0.42067301 0.40387309 -0.40539157
v -0.41784701 0.40387309 -0.40066090
v -0.42436221 0.40387309 -0.40074968
v -0.42799279 0.40387309 -0.40747640
v -0.42436221 0.40387309 -0.40074968
v -0.43028429 0.40387309 -0.40080130
v -0.41186649 0.40387309 -0.42958921
v -0.41380519 0.40387309 -0.42509490
v -0.41745290 0.40387309 -0.42955559
v -0.43028429 0.40387309 -0.40080130
v -0.43392089 0.40387309 -0.39602470
v -0.43392089 0.40387309 -0.40082440
v -0.42799279 0.40387309 -0.40747640
v -0.43392089 0.40387309 -0.40562409
v -0.43392089 0.40387309 -0.41282359
v -0.42361841 0.40387309 -0.42949557
v -0.42791560 0.40387309 -0.42475390
v -0.42920080 0.40387309 -0.42993850
v -0.43021029 0.40387309 -0.41983640
v -0.43392089 0.40387309 -0.41282359
v -0.43392089 0.40387309 -0.42002320
v -0.42046171 0.40275359 -0.43599740
v -0.42781869 0.40275359 -0.43599740
v -0.42046171 0.40275359 -0.43732011
v -0.44164509 0.40275359 -0.43732011
v -0.43506250 0.40275359 -0.43732011
v -0.43517569 0.40275359 -0.43599740
v -0.42781869 0.40275359 -0.43599740
v -0.43517569 0.40275359 -0.43599740
v -0.42848000 0.40275359 -0.43732011
v -0.40574780 0.40275359 -0.43599740
v -0.41244340 0.40275359 -0.43732011
v -0.40442511 0.40275359 -0.43732011
v -0.41244340 0.40275359 -0.43732011
v -0.40574780 0.40275359 -0.43599740
v -0.41310471 0.40275359 -0.43599740
v -0.42046171 0.40275359 -0.43732011
v -0.41310471 0.40275359 -0.43599740
v -0.42046171 0.40275359 -0.43599740
v -0.42046171 0.44512030 -0.43599740
v -0.41310480 0.44512030 -0.43599740
v -0.42046171 0.44512030 -0.43732011
v -0.40442511 0.44512030 -0.43732011
v -0.41244340 0.44512030 -0.43732011
v -0.40574780 0.44512030 -0.43599740
v -0.41310480 0.44512030 -0.43599740
v -0.40574780 0.44512030 -0.43599740
v -0.41244340 0.44512030 -0.43732011
v -0.43517569 0.44512030 -0.43599740
v -0.42848009 0.44512030 -0.43732011
v -0.43649840 0.44512030 -0.43732011
v -0.42848009 0.44512030 -0.43732011
v -0.43517569 0.44512030 -0.43599740
v -0.42781869 0.44512030 -0.43599740
v -0.42046171 0.44512030 -0.43732011
v -0.42781869 0.44512030 -0.43599740
v -0.42046171 0.44512030 -0.43599740
v -0.43805131 0.43547079 -0.39495340
v -0.43517569 0.42923281 -0.39495340
v -0.43517569 0.43452859 -0.39495340
v -0.40260571 0.41323841 -0.39495340
v -0.40574780 0.41864109 -0.39495340
v -0.40574780 0.41334531 -0.39495340
v -0.43649840 0.44512030 -0.43732011
v -0.44164509 0.44512030 -0.43202430
v -0.43517569 0.44512030 -0.43599740
v -0.44164509 0.44512030 -0.41084090
v -0.44164509 0.44512030 -0.40554509
v -0.43517569 0.44512030 -0.41034490
v -0.40310591 0.44512030 -0.40486801
v -0.40574780 0.44512030 -0.40008390
v -0.39927831 0.44512030 -0.40024918
v -0.40442511 0.40275359 -0.43732011
v -0.39927831 0.40275359 -0.43202430
v -0.40574780 0.40275359 -0.43599740
v -0.42046171 0.40387309 -0.43442228
v -0.42719129 0.40387309 -0.43442228
v -0.42046171 0.40275359 -0.43599740
v -0.42781869 0.40275359 -0.43599740
v -0.42046171 0.40275359 -0.43599740
v -0.42719129 0.40387309 -0.43442228
v -0.43517569 0.40275359 -0.43599740
v -0.42781869 0.40275359 -0.43599740
v -0.43392089 0.40387309 -0.43442228
v -0.40700260 0.40387309 -0.43442228
v -0.41310471 0.40275359 -0.43599740
v -0.40574780 0.40275359 -0.43599740
v -0.42046171 0.40275359 -0.43599740
v -0.41310471 0.40275359 -0.43599740
v -0.41373211 0.40387309 -0.43442228
v -0.41373211 0.40387309 -0.43442228
v -0.42046171 0.40387309 -0.43442228
v -0.42046171 0.40275359 -0.43599740
v -0.42046171 0.44400081 -0.43442228
v -0.41373220 0.44400081 -0.43442228
v -0.42046171 0.44512030 -0.43599740
v -0.41310480 0.44512030 -0.43599740
v -0.42046171 0.44512030 -0.43599740
v -0.41373220 0.44400081 -0.43442228
v -0.40574780 0.44512030 -0.43599740
v -0.41310480 0.44512030 -0.43599740
v -0.40700260 0.44400081 -0.43442228
v -0.43392089 0.44400081 -0.43442228
v -0.42781869 0.44512030 -0.43599740
v -0.43517569 0.44512030 -0.43599740
v -0.42046171 0.44512030 -0.43599740
v -0.42781869 0.44512030 -0.43599740
v -0.42719129 0.44400081 -0.43442228
v -0.42719129 0.44400081 -0.43442228
v -0.42046171 0.44400081 -0.43442228
v -0.42046171 0.44512030 -0.43599740
v -0.43517569 0.42393702 -0.39495340
v -0.43392089 0.42895290 -0.39602470
v -0.43517569 0.42923281 -0.39495340
v -0.43392089 0.43898481 -0.39602470
v -0.43392089 0.44400081 -0.39602470
v -0.43517569 0.44512030 -0.39495340
v -0.43392089 0.40387309 -0.39602470
v -0.43517569 0.40804940 -0.39495340
v -0.43517569 0.40275359 -0.39495340
v -0.43392089 0.41892099 -0.39602470
v -0.43392089 0.42393702 -0.39602470
v -0.43517569 0.42393702 -0.39495340
v -0.40574780 0.42393702 -0.39495340
v -0.40700260 0.41892099 -0.39602470
v -0.40574780 0.41864109 -0.39495340
v -0.40700260 0.40387309 -0.39602470
v -0.40574780 0.40275359 -0.39495340
v -0.40574780 0.40804940 -0.39495340
v -0.40700260 0.44400081 -0.39602470
v -0.40700260 0.43898481 -0.39602470
v -0.40574780 0.44512030 -0.39495340
v -0.40700260 0.42895290 -0.39602470
v -0.40700260 0.42393702 -0.39602470
v -0.40574780 0.42393702 -0.39495340
v -0.43517569 0.44512030 -0.41547540
v -0.43392089 0.44400081 -0.42002320
v -0.43517569 0.44512030 -0.42060590
v -0.43517569 0.44512030 -0.43599740
v -0.43517569 0.44512030 -0.43086690
v -0.43392089 0.44400081 -0.43442228
v -0.43392089 0.44400081 -0.41042379
v -0.43392089 0.44400081 -0.41522348
v -0.43517569 0.44512030 -0.41034490
v -0.40700260 0.44400081 -0.40082440
v -0.40700260 0.44400081 -0.39602470
v -0.40574780 0.44512030 -0.39495340
v -0.40700260 0.44400081 -0.42722279
v -0.40574780 0.44512030 -0.42573640
v -0.40574780 0.44512030 -0.43086690
v -0.40700260 0.44400081 -0.42002320
v -0.40574780 0.44512030 -0.41547540
v -0.40574780 0.44512030 -0.42060590
v -0.40574780 0.40275359 -0.41547540
v -0.40700260 0.40387309 -0.42002320
v -0.40574780 0.40275359 -0.42060590
v -0.40574780 0.40275359 -0.43599740
v -0.40574780 0.40275359 -0.43086690
v -0.40700260 0.40387309 -0.43442228
v -0.40700260 0.40387309 -0.41042379
v -0.40700260 0.40387309 -0.41522348
v -0.40574780 0.40275359 -0.41034490
v -0.43392089 0.40387309 -0.40082440
v -0.43392089 0.40387309 -0.39602470
v -0.43517569 0.40275359 -0.40008390
v -0.43392089 0.40387309 -0.42722279
v -0.43517569 0.40275359 -0.42573640
v -0.43517569 0.40275359 -0.43086690
v -0.43392089 0.40387309 -0.42002320
v -0.43517569 0.40275359 -0.41547540
v -0.43517569 0.40275359 -0.42060590
v 0.12036750 0.43982461 -0.43732011
v 0.12036750 0.43438739 -0.43216559
v 0.12036750 0.43982461 -0.43202430
v 0.12036750 0.42923290 -0.43732011
v 0.12036750 0.42357200 -0.43236390
v 0.12036750 0.42902708 -0.43184459
v 0.12036750 0.42923272 -0.42672870
v 0.12036750 0.42393678 -0.42143291
v 0.12036750 0.42923290 -0.42143258
v 0.12036750 0.41864121 -0.43732011
v 0.12036750 0.41322881 -0.43313590
v 0.12036750 0.41812000 -0.43167567
v 0.12036760 0.40780580 -0.42701310
v 0.12036760 0.40275371 -0.42672840
v 0.12036760 0.40744901 -0.42206657
v 0.12036750 0.41864070 -0.41613758
v 0.12036750 0.41333351 -0.41085330
v 0.12036750 0.41864121 -0.41084099
v 0.12036760 0.40799931 -0.41699690
v 0.12036760 0.40275371 -0.41613668
v 0.12036760 0.40769890 -0.41121471
v 0.12036760 0.40803802 -0.40555689
v 0.12036760 0.40275371 -0.40024918
v 0.12036760 0.40804952 -0.40024939
v 0.12036750 0.43982461 -0.43202430
v 0.12036750 0.43982461 -0.42672840
v 0.12036750 0.44512051 -0.43202430
v 0.12036750 0.42923290 -0.42143258
v 0.12036750 0.42923301 -0.41613668
v 0.12036750 0.43452880 -0.42143258
v 0.12036750 0.43982461 -0.42143258
v 0.12036750 0.43982521 -0.41613668
v 0.12036750 0.44512051 -0.42143258
v 0.12036750 0.41864121 -0.41084099
v 0.12036750 0.41864341 -0.40554300
v 0.12036750 0.42393830 -0.41083989
v 0.12036760 0.40804952 -0.40024939
v 0.12036750 0.40804958 -0.39495340
v 0.12036750 0.41334650 -0.40024820
v 0.12036750 0.41867360 -0.40021920
v 0.12036750 0.41864121 -0.39495340
v 0.12036750 0.42448419 -0.39976817
v 0.12036750 0.43983760 -0.41084090
v 0.12036750 0.43998179 -0.40558338
v 0.12036750 0.44512051 -0.41084090
v 0.12036750 0.43042409 -0.40027851
v 0.12036750 0.42923290 -0.39495340
v 0.12036750 0.43452880 -0.39495340
v 0.12036750 0.44072789 -0.40102100
v 0.12036750 0.43982461 -0.39495340
v 0.12036750 0.44512051 -0.40024918
v 0.15626490 0.40275371 -0.43086690
v 0.16273430 0.40275371 -0.42672840
v 0.15626490 0.40275371 -0.42573640
v 0.15626490 0.40275371 -0.41547540
v 0.16273430 0.40275371 -0.41084090
v 0.15626490 0.40275371 -0.41034490
v 0.16273430 0.40804958 -0.43732011
v 0.16273430 0.41399539 -0.43255121
v 0.16273430 0.40810472 -0.43207249
v 0.16273430 0.41864121 -0.43732011
v 0.16273430 0.42401341 -0.43195981
v 0.16273430 0.41951931 -0.43126941
v 0.16273430 0.41877121 -0.42670888
v 0.16273430 0.42394850 -0.42142799
v 0.16273430 0.41865140 -0.42143410
v 0.16273430 0.42923290 -0.43732011
v 0.16273430 0.43462950 -0.43315101
v 0.16273430 0.42926079 -0.43212020
v 0.16273430 0.44006830 -0.42701328
v 0.16273430 0.44512051 -0.42672840
v 0.16273430 0.44042522 -0.42206657
v 0.16273430 0.42923409 -0.41613740
v 0.16273430 0.43454069 -0.41085330
v 0.16273430 0.42923310 -0.41084099
v 0.16273430 0.43987492 -0.41699690
v 0.16273430 0.44512051 -0.41613668
v 0.16273430 0.44017529 -0.41121471
v 0.16273430 0.43983620 -0.40555689
v 0.16273430 0.44512051 -0.40024918
v 0.16273430 0.43982479 -0.40024939
v 0.16273430 0.40810472 -0.43207249
v 0.16273430 0.40805548 -0.42673367
v 0.16273430 0.40275371 -0.43202430
v 0.16273430 0.41865140 -0.42143410
v 0.16273430 0.41864169 -0.41613689
v 0.16273430 0.41334900 -0.42143539
v 0.16273430 0.40804988 -0.42143291
v 0.16273430 0.40804958 -0.41613680
v 0.16273430 0.40275371 -0.42143258
v 0.16273430 0.42923310 -0.41084099
v 0.16273430 0.42923290 -0.40554509
v 0.16273430 0.42393708 -0.41084090
v 0.16273430 0.43982479 -0.40024939
v 0.16273430 0.43982461 -0.39495340
v 0.16273430 0.43452880 -0.40024918
v 0.16273430 0.42923290 -0.40024918
v 0.16273430 0.42923290 -0.39495340
v 0.16273430 0.42393708 -0.40024918
v 0.16273430 0.40804958 -0.41084090
v 0.16273430 0.40804958 -0.40554509
v 0.16273430 0.40275371 -0.41084090
v 0.16273430 0.41864130 -0.40024918
v 0.16273430 0.41864121 -0.39495340
v 0.16273430 0.41334540 -0.40024918
v 0.16273430 0.40804958 -0.40024918
v 0.16273430 0.40804958 -0.39495340
v 0.16273430 0.40275371 -0.40024918
v 0.12683700 0.44512051 -0.43086690
v 0.12036750 0.44512051 -0.42672840
v 0.12683700 0.44512051 -0.42573640
v 0.12683700 0.44512051 -0.41547540
v 0.12036750 0.44512051 -0.41084090
v 0.12683700 0.44512051 -0.41034490
v 0.15858591 0.42917782 -0.43732011
v 0.16273430 0.43452880 -0.43732011
v 0.16273430 0.42923290 -0.43732011
v 0.15880939 0.40800422 -0.43732011
v 0.16273430 0.41334540 -0.43732011
v 0.16273430 0.40804958 -0.43732011
v 0.15872119 0.41858050 -0.43732011
v 0.16273430 0.42393708 -0.43732011
v 0.16273430 0.41864121 -0.43732011
v 0.12036750 0.43982461 -0.39495340
v 0.12036750 0.43452880 -0.39495340
v 0.12367800 0.43984851 -0.39495340
v 0.12353170 0.42933369 -0.39495340
v 0.12683700 0.43452880 -0.39495340
v 0.12036750 0.43452880 -0.39495340
v 0.15951291 0.42929271 -0.39495340
v 0.15987711 0.42400241 -0.39495340
v 0.16273430 0.42923290 -0.39495340
v 0.16273430 0.40804958 -0.39495340
v 0.16010331 0.41328850 -0.39495340
v 0.15909290 0.40801018 -0.39495340
v 0.15626490 0.41864121 -0.39495340
v 0.15626490 0.41334540 -0.39495340
v 0.16010331 0.41328850 -0.39495340
v 0.14155100 0.40387321 -0.39602470
v 0.14502659 0.40905380 -0.39602470
v 0.13864630 0.40911692 -0.39602470
v 0.15068430 0.41941220 -0.39602470
v 0.14857860 0.42404610 -0.39602470
v 0.14488231 0.41907889 -0.39602470
v 0.15501010 0.43396902 -0.39602470
v 0.15501010 0.43898490 -0.39602470
v 0.15069561 0.43897861 -0.39602470
v 0.14791121 0.43399322 -0.39602470
v 0.15069561 0.43897861 -0.39602470
v 0.14435630 0.43893591 -0.39602470
v 0.12809180 0.42393708 -0.39602470
v 0.13234530 0.42888120 -0.39602470
v 0.12809180 0.42895299 -0.39602458
v 0.13512769 0.43389580 -0.39602470
v 0.13821781 0.43893939 -0.39602470
v 0.13227031 0.43897241 -0.39602470
v 0.12809180 0.43396902 -0.39602458
v 0.13227031 0.43897241 -0.39602470
v 0.12809180 0.43898490 -0.39602470
v 0.15501010 0.41641310 -0.39602470
v 0.15501010 0.42393708 -0.39602470
v 0.15068430 0.41941220 -0.39602470
v 0.15169799 0.40868872 -0.39602470
v 0.14820839 0.41441551 -0.39602470
v 0.14502659 0.40905380 -0.39602470
v 0.14498150 0.42891780 -0.39602470
v 0.13846660 0.42879522 -0.39602470
v 0.14187640 0.42386472 -0.39602470
v 0.14435630 0.43893591 -0.39602470
v 0.14155090 0.44400090 -0.39602470
v 0.13821781 0.43893939 -0.39602470
v 0.13864630 0.40911692 -0.39602470
v 0.13509171 0.41439289 -0.39602470
v 0.13209680 0.40970832 -0.39602470
v 0.13809571 0.41896832 -0.39602470
v 0.13513580 0.42384988 -0.39602470
v 0.13254550 0.41929790 -0.39602470
v 0.12036750 0.42923290 -0.43732011
v 0.12036750 0.43452880 -0.43732011
v 0.12397790 0.42906100 -0.43732011
v 0.12036750 0.43982461 -0.43732011
v 0.12036750 0.44512051 -0.43732011
v 0.12400720 0.43988171 -0.43732011
v 0.12450040 0.41865730 -0.43732011
v 0.12036750 0.41334540 -0.43732011
v 0.12036750 0.41864121 -0.43732011
v 0.13353260 0.40275371 -0.43732011
v 0.13012759 0.40821409 -0.43732011
v 0.13713180 0.40811521 -0.43732011
v 0.12725540 0.41351280 -0.43732011
v 0.12450040 0.41865730 -0.43732011
v 0.13113260 0.41869539 -0.43732011
v 0.13416600 0.41348141 -0.43732011
v 0.13113260 0.41869539 -0.43732011
v 0.13844170 0.41870332 -0.43732011
v 0.12714159 0.42384869 -0.43732011
v 0.12397790 0.42906100 -0.43732011
v 0.13033640 0.42914870 -0.43732011
v 0.12703060 0.43450570 -0.43732011
v 0.12400720 0.43988171 -0.43732011
v 0.13070101 0.43984070 -0.43732011
v 0.13413250 0.43450910 -0.43732011
v 0.13070101 0.43984070 -0.43732011
v 0.13834929 0.43981031 -0.43732011
v 0.14156710 0.43447518 -0.43732011
v 0.13834929 0.43981031 -0.43732011
v 0.14596900 0.43975881 -0.43732011
v 0.13713180 0.40811521 -0.43732011
v 0.14152899 0.41339770 -0.43732011
v 0.14473820 0.40806350 -0.43732011
v 0.14465190 0.42916790 -0.43732011
v 0.14893299 0.43439010 -0.43732011
v 0.15193850 0.42916051 -0.43732011
v 0.14596900 0.43975881 -0.43732011
v 0.14956930 0.44512051 -0.43732011
v 0.15297440 0.43965879 -0.43732011
v 0.15193850 0.42916051 -0.43732011
v 0.15584520 0.43435138 -0.43732011
v 0.15858591 0.42917782 -0.43732011
v 0.14473820 0.40806350 -0.43732011
v 0.14891930 0.41335279 -0.43732011
v 0.15229940 0.40803230 -0.43732011
v 0.15261009 0.41865480 -0.43732011
v 0.15578260 0.42395020 -0.43732011
v 0.15872119 0.41858050 -0.43732011
v 0.15229940 0.40803230 -0.43732011
v 0.15587260 0.41331118 -0.43732011
v 0.15880939 0.40800422 -0.43732011
v 0.16273430 0.44512051 -0.43202430
v 0.15758760 0.44512051 -0.43732011
v 0.15626490 0.44512051 -0.43599740
v 0.14480640 0.44400090 -0.42956299
v 0.14155090 0.44400090 -0.43442228
v 0.13845550 0.44400090 -0.42941260
v 0.14549939 0.44400090 -0.41862041
v 0.14122610 0.44400090 -0.42411169
v 0.13850640 0.44400090 -0.41914368
v 0.13270091 0.44400090 -0.42403349
v 0.13845550 0.44400090 -0.42941260
v 0.13270409 0.44400090 -0.42985600
v 0.12809180 0.44400090 -0.41282359
v 0.13212959 0.44400090 -0.41966498
v 0.12809180 0.44400090 -0.42002320
v 0.13500810 0.44400090 -0.40541598
v 0.13900030 0.44400090 -0.41185391
v 0.13298739 0.44400090 -0.40984848
v 0.12809180 0.44400090 -0.40562409
v 0.13298739 0.44400090 -0.40984848
v 0.12809180 0.44400090 -0.41282359
v 0.14813910 0.44400090 -0.42494828
v 0.15021320 0.44400090 -0.43001431
v 0.14480640 0.44400090 -0.42956299
v 0.13500810 0.44400090 -0.40541598
v 0.13236579 0.44400090 -0.40072078
v 0.13774420 0.44400090 -0.40068740
v 0.14140590 0.44400090 -0.40545049
v 0.13774420 0.44400090 -0.40068740
v 0.14423481 0.44400090 -0.40073559
v 0.14795960 0.44400090 -0.40550017
v 0.14423481 0.44400090 -0.40073559
v 0.15069300 0.44400090 -0.40079939
v 0.15501010 0.44400090 -0.40562409
v 0.15069300 0.44400090 -0.40079939
v 0.15501010 0.44400090 -0.40082440
v 0.12036760 0.40275371 -0.43202430
v 0.12551430 0.40275371 -0.43732011
v 0.12683700 0.40275371 -0.43599740
v 0.13829550 0.40387321 -0.42956299
v 0.14155100 0.40387321 -0.43442228
v 0.14464641 0.40387321 -0.42941260
v 0.13760249 0.40387321 -0.41862041
v 0.14187580 0.40387321 -0.42411169
v 0.14459540 0.40387321 -0.41914368
v 0.15040100 0.40387321 -0.42403349
v 0.14464641 0.40387321 -0.42941260
v 0.15039781 0.40387321 -0.42985600
v 0.15501010 0.40387321 -0.41282359
v 0.15097240 0.40387321 -0.41966498
v 0.15501010 0.40387321 -0.42002320
v 0.14809389 0.40387321 -0.40541598
v 0.14410169 0.40387321 -0.41185391
v 0.15011451 0.40387321 -0.40984848
v 0.15501010 0.40387321 -0.40562409
v 0.15011451 0.40387321 -0.40984848
v 0.15501010 0.40387321 -0.41282359
v 0.13496280 0.40387321 -0.42494828
v 0.13288870 0.40387321 -0.43001431
v 0.13829550 0.40387321 -0.42956299
v 0.14809389 0.40387321 -0.40541598
v 0.15073609 0.40387321 -0.40072078
v 0.14535770 0.40387321 -0.40068740
v 0.14169610 0.40387321 -0.40545049
v 0.14535770 0.40387321 -0.40068740
v 0.13886710 0.40387321 -0.40073559
v 0.13514230 0.40387321 -0.40550017
v 0.13886710 0.40387321 -0.40073559
v 0.13240901 0.40387321 -0.40079939
v 0.12809180 0.40387321 -0.40562409
v 0.13240901 0.40387321 -0.40079939
v 0.12809180 0.40387321 -0.40082440
v 0.13419400 0.40275371 -0.43599740
v 0.12683700 0.40275371 -0.43599740
v 0.13353260 0.40275371 -0.43732011
v 0.12551430 0.40275371 -0.43732011
v 0.13353260 0.40275371 -0.43732011
v 0.12683700 0.40275371 -0.43599740
v 0.14155100 0.40275371 -0.43732011
v 0.14890790 0.40275371 -0.43599740
v 0.14155100 0.40275371 -0.43599740
v 0.15626490 0.40275371 -0.43599740
v 0.14956930 0.40275371 -0.43732011
v 0.15758760 0.40275371 -0.43732011
v 0.14956930 0.40275371 -0.43732011
v 0.15626490 0.40275371 -0.43599740
v 0.14890790 0.40275371 -0.43599740
v 0.14890790 0.44512051 -0.43599740
v 0.15626490 0.44512051 -0.43599740
v 0.14956930 0.44512051 -0.43732011
v 0.15758760 0.44512051 -0.43732011
v 0.14956930 0.44512051 -0.43732011
v 0.15626490 0.44512051 -0.43599740
v 0.14155090 0.44512051 -0.43732011
v 0.13419400 0.44512051 -0.43599740
v 0.14155090 0.44512051 -0.43599740
v 0.12683700 0.44512051 -0.43599740
v 0.13353260 0.44512051 -0.43732011
v 0.12551430 0.44512051 -0.43732011
v 0.13353260 0.44512051 -0.43732011
v 0.12683700 0.44512051 -0.43599740
v 0.13419400 0.44512051 -0.43599740
v 0.15626490 0.40275371 -0.39495340
v 0.15909290 0.40801018 -0.39495340
v 0.15626490 0.40804958 -0.39495340
v 0.15626490 0.41864121 -0.39495340
v 0.15987711 0.42400241 -0.39495340
v 0.15626490 0.42393708 -0.39495340
v 0.15876830 0.43461490 -0.39495340
v 0.15626490 0.42923290 -0.39495340
v 0.15951291 0.42929271 -0.39495340
v 0.12683700 0.44512051 -0.39495340
v 0.12367800 0.43984851 -0.39495340
v 0.12683700 0.43982461 -0.39495340
v 0.12401420 0.41338152 -0.39495340
v 0.12683700 0.41864121 -0.39495340
v 0.12317350 0.41892371 -0.39495340
v 0.15626490 0.44512051 -0.41034490
v 0.15922470 0.44512051 -0.40549558
v 0.16273430 0.44512051 -0.41084090
v 0.15626490 0.44512051 -0.42060590
v 0.16273430 0.44512051 -0.41613668
v 0.16273430 0.44512051 -0.42143258
v 0.12551430 0.44512051 -0.43732011
v 0.12036750 0.44512051 -0.43202430
v 0.12683700 0.44512051 -0.43599740
v 0.12683700 0.44512051 -0.40008390
v 0.12683700 0.44512051 -0.40521440
v 0.12437770 0.44512051 -0.39929029
v 0.12036750 0.44512051 -0.40024918
v 0.12036750 0.44512051 -0.39495340
v 0.12437770 0.44512051 -0.39929029
v 0.12683700 0.40275371 -0.41034490
v 0.12387720 0.40275371 -0.40549558
v 0.12036760 0.40275371 -0.41084090
v 0.12683700 0.40275371 -0.42060590
v 0.12036760 0.40275371 -0.41613668
v 0.12036760 0.40275371 -0.42143258
v 0.15758760 0.40275371 -0.43732011
v 0.16273430 0.40275371 -0.43202430
v 0.15626490 0.40275371 -0.43599740
v 0.15626490 0.40275371 -0.40008390
v 0.15626490 0.40275371 -0.40521440
v 0.15872420 0.40275371 -0.39929029
v 0.16273430 0.40275371 -0.40024918
v 0.16273430 0.40275371 -0.39495340
v 0.15872420 0.40275371 -0.39929029
v 0.12683700 0.40275371 -0.43599740
v 0.13419400 0.40275371 -0.43599740
v 0.12809180 0.40387321 -0.43442228
v 0.14155100 0.40275371 -0.43599740
v 0.14828050 0.40387321 -0.43442228
v 0.14155100 0.40387321 -0.43442228
v 0.14828050 0.40387321 -0.43442228
v 0.14155100 0.40275371 -0.43599740
v 0.14890790 0.40275371 -0.43599740
v 0.15501010 0.40387321 -0.43442228
v 0.14890790 0.40275371 -0.43599740
v 0.15626490 0.40275371 -0.43599740
v 0.15626490 0.44512051 -0.43599740
v 0.14890790 0.44512051 -0.43599740
v 0.15501010 0.44400090 -0.43442228
v 0.14155090 0.44512051 -0.43599740
v 0.13482140 0.44400090 -0.43442228
v 0.14155090 0.44400090 -0.43442228
v 0.13482140 0.44400090 -0.43442228
v 0.14155090 0.44512051 -0.43599740
v 0.13419400 0.44512051 -0.43599740
v 0.12809180 0.44400090 -0.43442228
v 0.13419400 0.44512051 -0.43599740
v 0.12683700 0.44512051 -0.43599740
v 0.15626490 0.40804958 -0.39495340
v 0.15626490 0.41334540 -0.39495340
v 0.15501010 0.40888920 -0.39602470
v 0.15626490 0.42923290 -0.39495340
v 0.15626490 0.43452880 -0.39495340
v 0.15501010 0.42895299 -0.39602470
v 0.15501010 0.43396902 -0.39602470
v 0.15501010 0.42895299 -0.39602470
v 0.15626490 0.43452880 -0.39495340
v 0.12683700 0.43982461 -0.39495340
v 0.12683700 0.43452880 -0.39495340
v 0.12809180 0.43898490 -0.39602470
v 0.12809180 0.41641310 -0.39602470
v 0.12683700 0.41864121 -0.39495340
v 0.12683700 0.41334540 -0.39495340
v 0.15626490 0.44512051 -0.41034490
v 0.15501010 0.44400090 -0.40562409
v 0.15626490 0.44512051 -0.40521440
v 0.15626490 0.44512051 -0.40008390
v 0.15626490 0.44512051 -0.40521440
v 0.15501010 0.44400090 -0.40082440
v 0.15626490 0.44512051 -0.42060590
v 0.15626490 0.44512051 -0.42573640
v 0.15501010 0.44400090 -0.42002320
v 0.15626490 0.44512051 -0.43086690
v 0.15501010 0.44400090 -0.43442228
v 0.15501010 0.44400090 -0.42722279
v 0.12683700 0.44512051 -0.43086690
v 0.12683700 0.44512051 -0.42573640
v 0.12809180 0.44400090 -0.42722279
v 0.12683700 0.44512051 -0.41034490
v 0.12809180 0.44400090 -0.40562409
v 0.12809180 0.44400090 -0.41282359
v 0.12683700 0.40275371 -0.41034490
v 0.12809180 0.40387321 -0.40562409
v 0.12683700 0.40275371 -0.40521440
v 0.12683700 0.40275371 -0.40008390
v 0.12683700 0.40275371 -0.40521440
v 0.12809180 0.40387321 -0.40082440
v 0.12683700 0.40275371 -0.42060590
v 0.12683700 0.40275371 -0.42573640
v 0.12809180 0.40387321 -0.42002320
v 0.12683700 0.40275371 -0.43086690
v 0.12809180 0.40387321 -0.43442228
v 0.12809180 0.40387321 -0.42722279
v 0.15626490 0.40275371 -0.43086690
v 0.15626490 0.40275371 -0.42573640
v 0.15501010 0.40387321 -0.42722279
v 0.15626490 0.40275371 -0.41034490
v 0.15501010 0.40387321 -0.40562409
v 0.15501010 0.40387321 -0.41282359
v -0.39927831 0.43453550 -0.40554380
v -0.39927831 0.42923740 -0.40555018
v -0.39927831 0.43453002 -0.41084170
v -0.39927831 0.42923740 -0.40555018
v -0.39927831 0.42397338 -0.40560079
v -0.39927831 0.42924160 -0.41085088
v -0.39927831 0.43453002 -0.41084170
v -0.39927831 0.42924160 -0.41085088
v -0.39927831 0.43452972 -0.41613787
v -0.39927831 0.41346750 -0.41620418
v -0.39927831 0.41335040 -0.42143691
v -0.39927831 0.41865301 -0.42144251
v -0.39927831 0.41335040 -0.42143691
v -0.39927831 0.41330159 -0.42672870
v -0.39927831 0.41863799 -0.42672920
v -0.39927831 0.41865301 -0.42144251
v -0.39927831 0.41863799 -0.42672920
v -0.39927831 0.42393792 -0.42672950
v -0.44164509 0.41332662 -0.40553111
v -0.44164509 0.41864040 -0.40554470
v -0.44164509 0.41334468 -0.41084069
v -0.44164509 0.41864040 -0.40554470
v -0.44164509 0.42393702 -0.40554509
v -0.44164509 0.41864109 -0.41084090
v -0.44164509 0.41334468 -0.41084069
v -0.44164509 0.41864109 -0.41084090
v -0.44164509 0.41334552 -0.41613689
v -0.44164509 0.43452942 -0.41613638
v -0.44164509 0.43453610 -0.42143017
v -0.44164509 0.42924368 -0.42142731
v -0.44164509 0.43453610 -0.42143017
v -0.44164509 0.43459761 -0.42670780
v -0.44164509 0.42928672 -0.42671210
v -0.44164509 0.42924368 -0.42142731
v -0.44164509 0.42928672 -0.42671210
v -0.44164509 0.42405659 -0.42665941
v -0.43470839 0.41333801 -0.43732011
v -0.43736470 0.40810269 -0.43732011
v -0.44164509 0.41334531 -0.43732011
v -0.41391459 0.41395211 -0.39602470
v -0.41667461 0.41897202 -0.39602470
v -0.42044699 0.41391551 -0.39602470
v -0.42047659 0.43395850 -0.39602470
v -0.42700899 0.43392190 -0.39602470
v -0.42424890 0.42890200 -0.39602470
v -0.40614450 0.43508771 -0.43732011
v -0.40263501 0.44005051 -0.43732011
v -0.39927831 0.43452859 -0.43732011
v -0.42778379 0.41337121 -0.43732011
v -0.42472780 0.41867250 -0.43732011
v -0.42054421 0.41350371 -0.43732011
v -0.42049009 0.43438542 -0.43732011
v -0.41316590 0.43450671 -0.43732011
v -0.41618189 0.42919070 -0.43732011
v -0.42404401 0.44400081 -0.41005588
v -0.42682949 0.44400081 -0.40511599
v -0.42025059 0.44400081 -0.40539157
v -0.41687959 0.40387309 -0.41005588
v -0.41409400 0.40387309 -0.40511599
v -0.42067301 0.40387309 -0.40539157
v -0.43517569 0.44512030 -0.43086690
v -0.44164509 0.44512030 -0.43202430
v -0.44164509 0.44512030 -0.42672840
v -0.40574780 0.40275359 -0.43086690
v -0.39927831 0.40275359 -0.43202430
v -0.39927831 0.40275359 -0.42672840
v -0.43392089 0.43898481 -0.39602470
v -0.43517569 0.43982449 -0.39495340
v -0.43517569 0.43452859 -0.39495340
v -0.40700260 0.40888911 -0.39602470
v -0.40574780 0.40804940 -0.39495340
v -0.40574780 0.41334531 -0.39495340
v -0.40700260 0.44400081 -0.40082440
v -0.40574780 0.44512030 -0.40008390
v -0.40574780 0.44512030 -0.40521440
v -0.43392089 0.40387309 -0.40082440
v -0.43517569 0.40275359 -0.40008390
v -0.43517569 0.40275359 -0.40521440
v 0.12036750 0.41318142 -0.42772931
v 0.12036750 0.41294301 -0.42188340
v 0.12036750 0.41858792 -0.42678019
v 0.12036750 0.41294301 -0.42188340
v 0.12036750 0.41332000 -0.41618937
v 0.12036750 0.41862708 -0.42144769
v 0.12036750 0.41858792 -0.42678019
v 0.12036750 0.41862708 -0.42144769
v 0.12036750 0.42392430 -0.42674088
v 0.12036750 0.42397249 -0.40551460
v 0.12036750 0.42933491 -0.40552339
v 0.12036750 0.42923731 -0.41083938
v 0.12036750 0.42933491 -0.40552339
v 0.12036750 0.43468410 -0.40553111
v 0.12036750 0.43453789 -0.41083899
v 0.12036750 0.42923731 -0.41083938
v 0.12036750 0.43453789 -0.41083899
v 0.12036750 0.43452910 -0.41613668
v 0.15626490 0.40275371 -0.43086690
v 0.16273430 0.40275371 -0.43202430
v 0.16273430 0.40275371 -0.42672840
v 0.16273430 0.43467680 -0.42774421
v 0.16273430 0.43493110 -0.42188320
v 0.16273430 0.42926669 -0.42677659
v 0.16273430 0.43493110 -0.42188320
v 0.16273430 0.43455440 -0.41618931
v 0.16273430 0.42925140 -0.42144349
v 0.16273430 0.42926669 -0.42677659
v 0.16273430 0.42925140 -0.42144349
v 0.16273430 0.42401940 -0.42666048
v 0.16273430 0.42393708 -0.40554509
v 0.16273430 0.41864130 -0.40554509
v 0.16273430 0.41864130 -0.41084090
v 0.16273430 0.41864130 -0.40554509
v 0.16273430 0.41334540 -0.40554509
v 0.16273430 0.41334540 -0.41084090
v 0.16273430 0.41864130 -0.41084090
v 0.16273430 0.41334540 -0.41084090
v 0.16273430 0.41334552 -0.41613689
v 0.12683700 0.44512051 -0.43086690
v 0.12036750 0.44512051 -0.43202430
v 0.12036750 0.44512051 -0.42672840
v 0.16273430 0.41334540 -0.43732011
v 0.15880939 0.40800422 -0.43732011
v 0.15587260 0.41331118 -0.43732011
v 0.16010331 0.41328850 -0.39495340
v 0.16273430 0.40804958 -0.39495340
v 0.16273430 0.41334540 -0.39495340
v 0.14791121 0.43399322 -0.39602470
v 0.14143629 0.43383682 -0.39602470
v 0.14498150 0.42891780 -0.39602470
v 0.14160500 0.41413599 -0.39602470
v 0.13809571 0.41896832 -0.39602470
v 0.13509171 0.41439289 -0.39602470
v 0.12036750 0.43452880 -0.43732011
v 0.12400720 0.43988171 -0.43732011
v 0.12703060 0.43450570 -0.43732011
v 0.13726500 0.42920101 -0.43732011
v 0.13413250 0.43450910 -0.43732011
v 0.14156710 0.43447518 -0.43732011
v 0.14152899 0.41339770 -0.43732011
v 0.14581341 0.41866469 -0.43732011
v 0.14891930 0.41335279 -0.43732011
v 0.14140590 0.44400090 -0.40545049
v 0.14795960 0.44400090 -0.40550017
v 0.14541040 0.44400090 -0.41030729
v 0.14169610 0.40387321 -0.40545049
v 0.13514230 0.40387321 -0.40550017
v 0.13769150 0.40387321 -0.41030729
v 0.12036750 0.44512051 -0.41613668
v 0.12036750 0.44512051 -0.41084090
v 0.12683700 0.44512051 -0.41547540
v 0.16273430 0.40275371 -0.41613668
v 0.16273430 0.40275371 -0.41084090
v 0.15626490 0.40275371 -0.41547540
v 0.15501010 0.43898490 -0.39602470
v 0.15626490 0.43982461 -0.39495340
v 0.15626490 0.44512051 -0.39495340
v 0.15501010 0.41641310 -0.39602470
v 0.15501010 0.40888920 -0.39602470
v 0.15626490 0.41334540 -0.39495340
v 0.12809180 0.40888920 -0.39602470
v 0.12683700 0.40804958 -0.39495340
v 0.12683700 0.40275371 -0.39495340
v 0.12809180 0.43396902 -0.39602458
v 0.12809180 0.43898490 -0.39602470
v 0.12683700 0.43452880 -0.39495340
v 0.15501010 0.44400090 -0.40562409
v 0.15501010 0.44400090 -0.40082440
v 0.15626490 0.44512051 -0.40521440
v 0.12809180 0.40387321 -0.40562409
v 0.12809180 0.40387321 -0.40082440
v 0.12683700 0.40275371 -0.40521440
v -0.39927831 0.44512030 -0.42672840
v -0.39927831 0.43982461 -0.42143267
v -0.39927831 0.43982449 -0.42672849
v -0.39927831 0.43982461 -0.42143267
v -0.39927831 0.43452972 -0.41613787
v -0.39927831 0.43452942 -0.42143339
v -0.39927831 0.43982449 -0.42672849
v -0.39927831 0.43452942 -0.42143339
v -0.39927831 0.43452889 -0.42672870
v -0.39927831 0.44512030 -0.40554509
v -0.39927831 0.43996829 -0.40019679
v -0.39927831 0.43985909 -0.40553460
v -0.39927831 0.43996829 -0.40019679
v -0.39927831 0.43452859 -0.39495340
v -0.39927831 0.43456331 -0.40023878
v -0.39927831 0.43985909 -0.40553460
v -0.39927831 0.43456331 -0.40023878
v -0.39927831 0.43453550 -0.40554380
v -0.39927831 0.42397338 -0.40560079
v -0.39927831 0.41869420 -0.40044698
v -0.39927831 0.41883218 -0.40593609
v -0.39927831 0.41869420 -0.40044698
v -0.39927831 0.41334531 -0.39495340
v -0.39927831 0.41348261 -0.40189549
v -0.39927831 0.41883218 -0.40593609
v -0.39927831 0.41348261 -0.40189549
v -0.39927831 0.41386431 -0.40720850
v -0.39927831 0.43452889 -0.42672870
v -0.39927831 0.42923361 -0.42672920
v -0.39927831 0.43452871 -0.43202430
v -0.39927831 0.42923361 -0.42672920
v -0.39927831 0.42393792 -0.42672950
v -0.39927831 0.42923281 -0.43202439
v -0.39927831 0.43452871 -0.43202430
v -0.39927831 0.42923281 -0.43202439
v -0.39927831 0.43452859 -0.43732011
v -0.39927831 0.41386431 -0.40720850
v -0.39927831 0.40786159 -0.40581840
v -0.39927831 0.40914869 -0.41103399
v -0.39927831 0.41420740 -0.41168869
v -0.39927831 0.40914869 -0.41103399
v -0.39927831 0.41346750 -0.41620418
v -0.39927831 0.41330159 -0.42672870
v -0.39927831 0.40791661 -0.42672849
v -0.39927831 0.41290200 -0.43202430
v -0.39927831 0.40791661 -0.42672849
v -0.39927831 0.40275359 -0.42672840
v -0.39927831 0.40696201 -0.43202430
v -0.39927831 0.41290200 -0.43202430
v -0.39927831 0.40696201 -0.43202430
v -0.39927831 0.41069740 -0.43732011
v -0.43517569 0.40275359 -0.42573640
v -0.44164509 0.40275359 -0.42143258
v -0.44164509 0.40275359 -0.42672840
v -0.44164509 0.40275359 -0.42672840
v -0.44164509 0.40805000 -0.42143309
v -0.44164509 0.40805811 -0.42673579
v -0.44164509 0.40805000 -0.42143309
v -0.44164509 0.41334552 -0.41613689
v -0.44164509 0.41335070 -0.42143661
v -0.44164509 0.40805811 -0.42673579
v -0.44164509 0.41335070 -0.42143661
v -0.44164509 0.41342229 -0.42678457
v -0.44164509 0.40275359 -0.40554509
v -0.44164509 0.40716681 -0.40009630
v -0.44164509 0.40797660 -0.40551260
v -0.44164509 0.40716681 -0.40009630
v -0.44164509 0.41069740 -0.39495340
v -0.44164509 0.41299599 -0.40002048
v -0.44164509 0.40797660 -0.40551260
v -0.44164509 0.41299599 -0.40002048
v -0.44164509 0.41332662 -0.40553111
v -0.44164509 0.42393702 -0.40554509
v -0.44164509 0.42923281 -0.40024918
v -0.44164509 0.42923281 -0.40554509
v -0.44164509 0.42923281 -0.40024918
v -0.44164509 0.43452859 -0.39495340
v -0.44164509 0.43452859 -0.40024918
v -0.44164509 0.42923281 -0.40554509
v -0.44164509 0.43452859 -0.40024918
v -0.44164509 0.43452859 -0.40554509
v -0.44164509 0.41342229 -0.42678457
v -0.44164509 0.41880170 -0.42670667
v -0.44164509 0.41404629 -0.43257689
v -0.44164509 0.41880170 -0.42670667
v -0.44164509 0.42405659 -0.42665941
v -0.44164509 0.41960561 -0.43124390
v -0.44164509 0.41404629 -0.43257689
v -0.44164509 0.41960561 -0.43124390
v -0.44164509 0.41864109 -0.43732011
v -0.44164509 0.43452859 -0.40554509
v -0.44164509 0.43982449 -0.40554509
v -0.44164509 0.43452871 -0.41084090
v -0.44164509 0.43982449 -0.40554509
v -0.44164509 0.44512030 -0.40554509
v -0.44164509 0.43982449 -0.41084090
v -0.44164509 0.43452871 -0.41084090
v -0.44164509 0.43982449 -0.41084090
v -0.44164509 0.43452942 -0.41613638
v -0.44164509 0.43459761 -0.42670780
v -0.44164509 0.43996039 -0.42672580
v -0.44164509 0.43499398 -0.43200451
v -0.44164509 0.43996039 -0.42672580
v -0.44164509 0.44512030 -0.42672840
v -0.44164509 0.44091341 -0.43202287
v -0.44164509 0.43499398 -0.43200451
v -0.44164509 0.44091341 -0.43202287
v -0.44164509 0.43717661 -0.43732011
v -0.40310591 0.44512030 -0.40486801
v -0.39927831 0.44512030 -0.40024918
v -0.39927831 0.44512030 -0.40554509
v -0.40574780 0.44512030 -0.42573640
v -0.40574780 0.44512030 -0.42060590
v -0.39927831 0.44512030 -0.42143258
v -0.40260571 0.41323841 -0.39495340
v -0.39927831 0.41864109 -0.39495340
v -0.40574780 0.41864109 -0.39495340
v -0.42698050 0.41390550 -0.39602470
v -0.42423499 0.40889010 -0.39602470
v -0.42044699 0.41391551 -0.39602470
v -0.41391459 0.41395211 -0.39602470
v -0.41129139 0.40889430 -0.39602470
v -0.40700260 0.41390508 -0.39602470
v -0.41394311 0.43396848 -0.39602470
v -0.41131389 0.42895782 -0.39602470
v -0.40700260 0.43396890 -0.39602470
v -0.42698050 0.41390550 -0.39602470
v -0.42960960 0.41891620 -0.39602470
v -0.43392089 0.41390508 -0.39602470
v -0.41394311 0.43396848 -0.39602470
v -0.41668859 0.43898392 -0.39602470
v -0.42047659 0.43395850 -0.39602470
v -0.42700899 0.43392190 -0.39602470
v -0.42963210 0.43897960 -0.39602470
v -0.43392089 0.43396890 -0.39602470
v -0.39927831 0.41069740 -0.43732011
v -0.40526840 0.41485450 -0.43732011
v -0.39927831 0.41864109 -0.43732011
v -0.40297920 0.42906550 -0.43732011
v -0.39927831 0.43452859 -0.43732011
v -0.39927831 0.42923281 -0.43732011
v -0.42778379 0.41337121 -0.43732011
v -0.43069169 0.40815270 -0.43732011
v -0.43470839 0.41333801 -0.43732011
v -0.41316590 0.43450671 -0.43732011
v -0.41110000 0.43935910 -0.43732011
v -0.40614450 0.43508771 -0.43732011
v -0.43517569 0.44512030 -0.42060590
v -0.44164509 0.44512030 -0.42143258
v -0.44164509 0.44512030 -0.41613668
v -0.43392089 0.44400081 -0.40322420
v -0.42893031 0.44400081 -0.40036660
v -0.42682949 0.44400081 -0.40511599
v -0.42025059 0.44400081 -0.40539157
v -0.41656139 0.44400081 -0.40074968
v -0.41293079 0.44400081 -0.40747640
v -0.41172269 0.44400081 -0.42993850
v -0.41300800 0.44400081 -0.42475390
v -0.40700260 0.44400081 -0.42722279
v -0.40574780 0.40275359 -0.42060590
v -0.39927831 0.40275359 -0.42143258
v -0.39927831 0.40275359 -0.41613668
v -0.40700260 0.40387309 -0.40322420
v -0.41199329 0.40387309 -0.40036660
v -0.41409400 0.40387309 -0.40511599
v -0.42067301 0.40387309 -0.40539157
v -0.42436221 0.40387309 -0.40074968
v -0.42799279 0.40387309 -0.40747640
v -0.42920080 0.40387309 -0.42993850
v -0.42791560 0.40387309 -0.42475390
v -0.43392089 0.40387309 -0.42722279
v -0.43517569 0.43452859 -0.39495340
v -0.43517569 0.43982449 -0.39495340
v -0.43805131 0.43547079 -0.39495340
v -0.43517569 0.41334531 -0.39495340
v -0.43517569 0.41864109 -0.39495340
v -0.44164509 0.41864109 -0.39495340
v -0.40574780 0.41334531 -0.39495340
v -0.40574780 0.40804940 -0.39495340
v -0.40260571 0.41323841 -0.39495340
v -0.40574780 0.43452859 -0.39495340
v -0.40574780 0.42923281 -0.39495340
v -0.40249151 0.43456841 -0.39495340
v -0.43517569 0.44512030 -0.40521440
v -0.43517569 0.44512030 -0.41034490
v -0.44164509 0.44512030 -0.40554509
v -0.40574780 0.44512030 -0.40521440
v -0.40574780 0.44512030 -0.40008390
v -0.40310591 0.44512030 -0.40486801
v -0.40310591 0.44512030 -0.40486801
v -0.40574780 0.44512030 -0.41034490
v -0.40574780 0.44512030 -0.40521440
v -0.43517569 0.40275359 -0.40521440
v -0.43517569 0.40275359 -0.40008390
v -0.43778160 0.40275359 -0.40471980
v -0.43778160 0.40275359 -0.40471980
v -0.43517569 0.40275359 -0.41034490
v -0.43517569 0.40275359 -0.40521440
v 0.12036750 0.43452880 -0.43732011
v 0.12036750 0.42923290 -0.43732011
v 0.12036750 0.43438739 -0.43216559
v 0.12036750 0.42902708 -0.43184459
v 0.12036750 0.42392430 -0.42674088
v 0.12036750 0.42923272 -0.42672870
v 0.12036750 0.43438739 -0.43216559
v 0.12036750 0.42923272 -0.42672870
v 0.12036750 0.43452880 -0.42672840
v 0.12036750 0.41334540 -0.43732011
v 0.12036750 0.40804958 -0.43732011
v 0.12036750 0.41322881 -0.43313590
v 0.12036760 0.40786868 -0.43233150
v 0.12036760 0.40275371 -0.43202430
v 0.12036760 0.40780580 -0.42701310
v 0.12036750 0.41322881 -0.43313590
v 0.12036760 0.40786868 -0.43233150
v 0.12036750 0.41318142 -0.42772931
v 0.12036750 0.41332000 -0.41618937
v 0.12036760 0.40769890 -0.41121471
v 0.12036750 0.41333351 -0.41085330
v 0.12036760 0.40769890 -0.41121471
v 0.12036760 0.40275371 -0.40554509
v 0.12036760 0.40803802 -0.40555689
v 0.12036750 0.41333351 -0.41085330
v 0.12036760 0.40803802 -0.40555689
v 0.12036750 0.41334522 -0.40554529
v 0.12036750 0.43452880 -0.42672840
v 0.12036750 0.43452880 -0.42143258
v 0.12036750 0.43982461 -0.42672840
v 0.12036750 0.43452880 -0.42143258
v 0.12036750 0.43452910 -0.41613668
v 0.12036750 0.43982461 -0.42143258
v 0.12036750 0.43982461 -0.42672840
v 0.12036750 0.43982461 -0.42143258
v 0.12036750 0.44512051 -0.42672840
v 0.12036750 0.41334522 -0.40554529
v 0.12036750 0.41334650 -0.40024820
v 0.12036750 0.41864341 -0.40554300
v 0.12036750 0.41334650 -0.40024820
v 0.12036750 0.41334540 -0.39495340
v 0.12036750 0.41867360 -0.40021920
v 0.12036750 0.41864341 -0.40554300
v 0.12036750 0.41867360 -0.40021920
v 0.12036750 0.42397249 -0.40551460
v 0.12036750 0.43468410 -0.40553111
v 0.12036750 0.43581459 -0.40016770
v 0.12036750 0.43998179 -0.40558338
v 0.12036750 0.43581459 -0.40016770
v 0.12036750 0.43452880 -0.39495340
v 0.12036750 0.43982461 -0.39495340
v 0.12036750 0.43998179 -0.40558338
v 0.12036750 0.44072789 -0.40102100
v 0.12036750 0.44512051 -0.40554509
v 0.16273430 0.40275371 -0.42672840
v 0.16273430 0.40275371 -0.42143258
v 0.15626490 0.40275371 -0.42573640
v 0.16273430 0.41334540 -0.43732011
v 0.16273430 0.41864121 -0.43732011
v 0.16273430 0.41399539 -0.43255121
v 0.16273430 0.41951931 -0.43126941
v 0.16273430 0.42401940 -0.42666048
v 0.16273430 0.41877121 -0.42670888
v 0.16273430 0.41399539 -0.43255121
v 0.16273430 0.41877121 -0.42670888
v 0.16273430 0.41340739 -0.42677581
v 0.16273430 0.43452880 -0.43732011
v 0.16273430 0.43982461 -0.43732011
v 0.16273430 0.43462950 -0.43315101
v 0.16273430 0.44000521 -0.43233189
v 0.16273430 0.44512051 -0.43202430
v 0.16273430 0.44006830 -0.42701328
v 0.16273430 0.43462950 -0.43315101
v 0.16273430 0.44000521 -0.43233189
v 0.16273430 0.43467680 -0.42774421
v 0.16273430 0.43455440 -0.41618931
v 0.16273430 0.44017529 -0.41121471
v 0.16273430 0.43454069 -0.41085330
v 0.16273430 0.44017529 -0.41121471
v 0.16273430 0.44512051 -0.40554509
v 0.16273430 0.43983620 -0.40555689
v 0.16273430 0.43454069 -0.41085330
v 0.16273430 0.43983620 -0.40555689
v 0.16273430 0.43452901 -0.40554529
v 0.16273430 0.41340739 -0.42677581
v 0.16273430 0.41334900 -0.42143539
v 0.16273430 0.40805548 -0.42673367
v 0.16273430 0.41334900 -0.42143539
v 0.16273430 0.41334552 -0.41613689
v 0.16273430 0.40804988 -0.42143291
v 0.16273430 0.40805548 -0.42673367
v 0.16273430 0.40804988 -0.42143291
v 0.16273430 0.40275371 -0.42672840
v 0.16273430 0.43452901 -0.40554529
v 0.16273430 0.43452880 -0.40024918
v 0.16273430 0.42923290 -0.40554509
v 0.16273430 0.43452880 -0.40024918
v 0.16273430 0.43452880 -0.39495340
v 0.16273430 0.42923290 -0.40024918
v 0.16273430 0.42923290 -0.40554509
v 0.16273430 0.42923290 -0.40024918
v 0.16273430 0.42393708 -0.40554509
v 0.16273430 0.41334540 -0.40554509
v 0.16273430 0.41334540 -0.40024918
v 0.16273430 0.40804958 -0.40554509
v 0.16273430 0.41334540 -0.40024918
v 0.16273430 0.41334540 -0.39495340
v 0.16273430 0.40804958 -0.40024918
v 0.16273430 0.40804958 -0.40554509
v 0.16273430 0.40804958 -0.40024918
v 0.16273430 0.40275371 -0.40554509
v 0.12036750 0.44512051 -0.42672840
v 0.12036750 0.44512051 -0.42143258
v 0.12683700 0.44512051 -0.42573640
v 0.16273430 0.43452880 -0.43732011
v 0.15858591 0.42917782 -0.43732011
v 0.15584520 0.43435138 -0.43732011
v 0.12036750 0.41334540 -0.39495340
v 0.12036750 0.40804958 -0.39495340
v 0.12401420 0.41338152 -0.39495340
v 0.15876830 0.43461490 -0.39495340
v 0.15951291 0.42929271 -0.39495340
v 0.16273430 0.43452880 -0.39495340
v 0.14820839 0.41441551 -0.39602470
v 0.14488231 0.41907889 -0.39602470
v 0.14160500 0.41413599 -0.39602470
v 0.15501010 0.43396902 -0.39602470
v 0.15069561 0.43897861 -0.39602470
v 0.14791121 0.43399322 -0.39602470
v 0.13512769 0.43389580 -0.39602470
v 0.13227031 0.43897241 -0.39602470
v 0.12809180 0.43396902 -0.39602458
v 0.15501010 0.41641310 -0.39602470
v 0.14820839 0.41441551 -0.39602470
v 0.15169799 0.40868872 -0.39602470
v 0.14143629 0.43383682 -0.39602470
v 0.13512769 0.43389580 -0.39602470
v 0.13846660 0.42879522 -0.39602470
v 0.13234530 0.42888120 -0.39602470
v 0.13846660 0.42879522 -0.39602470
v 0.13512769 0.43389580 -0.39602470
v 0.12036750 0.41334540 -0.43732011
v 0.12450040 0.41865730 -0.43732011
v 0.12725540 0.41351280 -0.43732011
v 0.12725540 0.41351280 -0.43732011
v 0.13113260 0.41869539 -0.43732011
v 0.13416600 0.41348141 -0.43732011
v 0.12703060 0.43450570 -0.43732011
v 0.13070101 0.43984070 -0.43732011
v 0.13413250 0.43450910 -0.43732011
v 0.14156710 0.43447518 -0.43732011
v 0.14596900 0.43975881 -0.43732011
v 0.14893299 0.43439010 -0.43732011
v 0.13713180 0.40811521 -0.43732011
v 0.13416600 0.41348141 -0.43732011
v 0.14152899 0.41339770 -0.43732011
v 0.15193850 0.42916051 -0.43732011
v 0.14893299 0.43439010 -0.43732011
v 0.15584520 0.43435138 -0.43732011
v 0.15229940 0.40803230 -0.43732011
v 0.14891930 0.41335279 -0.43732011
v 0.15587260 0.41331118 -0.43732011
v 0.16273430 0.44512051 -0.40554509
v 0.16273430 0.44512051 -0.41084090
v 0.15922470 0.44512051 -0.40549558
v 0.14549939 0.44400090 -0.41862041
v 0.14813910 0.44400090 -0.42494828
v 0.14122610 0.44400090 -0.42411169
v 0.13270091 0.44400090 -0.42403349
v 0.13270409 0.44400090 -0.42985600
v 0.12809180 0.44400090 -0.42722279
v 0.13500810 0.44400090 -0.40541598
v 0.13298739 0.44400090 -0.40984848
v 0.12809180 0.44400090 -0.40562409
v 0.15501010 0.44400090 -0.42722279
v 0.15021320 0.44400090 -0.43001431
v 0.14813910 0.44400090 -0.42494828
v 0.13500810 0.44400090 -0.40541598
v 0.13774420 0.44400090 -0.40068740
v 0.14140590 0.44400090 -0.40545049
v 0.14795960 0.44400090 -0.40550017
v 0.15069300 0.44400090 -0.40079939
v 0.15501010 0.44400090 -0.40562409
v 0.12036760 0.40275371 -0.40554509
v 0.12036760 0.40275371 -0.41084090
v 0.12387720 0.40275371 -0.40549558
v 0.13760249 0.40387321 -0.41862041
v 0.13496280 0.40387321 -0.42494828
v 0.14187580 0.40387321 -0.42411169
v 0.15040100 0.40387321 -0.42403349
v 0.15039781 0.40387321 -0.42985600
v 0.15501010 0.40387321 -0.42722279
v 0.14809389 0.40387321 -0.40541598
v 0.15011451 0.40387321 -0.40984848
v 0.15501010 0.40387321 -0.40562409
v 0.12809180 0.40387321 -0.42722279
v 0.13288870 0.40387321 -0.43001431
v 0.13496280 0.40387321 -0.42494828
v 0.14809389 0.40387321 -0.40541598
v 0.14535770 0.40387321 -0.40068740
v 0.14169610 0.40387321 -0.40545049
v 0.13514230 0.40387321 -0.40550017
v 0.13240901 0.40387321 -0.40079939
v 0.12809180 0.40387321 -0.40562409
v 0.15626490 0.44512051 -0.40521440
v 0.15626490 0.44512051 -0.40008390
v 0.15922470 0.44512051 -0.40549558
v 0.12683700 0.40275371 -0.40521440
v 0.12683700 0.40275371 -0.40008390
v 0.12387720 0.40275371 -0.40549558
v 0.15626490 0.41334540 -0.39495340
v 0.15626490 0.41864121 -0.39495340
v 0.15501010 0.41641310 -0.39602470
v 0.12683700 0.43452880 -0.39495340
v 0.12683700 0.42923290 -0.39495340
v 0.12809180 0.43396902 -0.39602458
v 0.12683700 0.44512051 -0.42573640
v 0.12683700 0.44512051 -0.42060590
v 0.12809180 0.44400090 -0.42002320
v 0.15626490 0.40275371 -0.42573640
v 0.15626490 0.40275371 -0.42060590
v 0.15501010 0.40387321 -0.42002320
v -0.39927831 0.44512030 -0.41613668
v -0.39927831 0.43982801 -0.41084018
v -0.39927831 0.43982479 -0.41613680
v -0.39927831 0.43982801 -0.41084018
v -0.39927831 0.43453550 -0.40554380
v -0.39927831 0.43453002 -0.41084170
v -0.39927831 0.43982479 -0.41613680
v -0.39927831 0.43453002 -0.41084170
v -0.39927831 0.43452972 -0.41613787
v -0.39927831 0.43453550 -0.40554380
v -0.39927831 0.42923701 -0.40024948
v -0.39927831 0.42923740 -0.40555018
v -0.39927831 0.42923701 -0.40024948
v -0.39927831 0.42393702 -0.39495340
v -0.39927831 0.42394531 -0.40026671
v -0.39927831 0.42923740 -0.40555018
v -0.39927831 0.42394531 -0.40026671
v -0.39927831 0.42397338 -0.40560079
v -0.39927831 0.43452972 -0.41613787
v -0.39927831 0.42924160 -0.41085088
v -0.39927831 0.42924160 -0.41614598
v -0.39927831 0.42924160 -0.41085088
v -0.39927831 0.42397338 -0.40560079
v -0.39927831 0.42399532 -0.41091129
v -0.39927831 0.42924160 -0.41614598
v -0.39927831 0.42399532 -0.41091129
v -0.39927831 0.42397529 -0.41617650
v -0.39927831 0.42397529 -0.41617650
v -0.39927831 0.41873449 -0.41622579
v -0.39927831 0.42394680 -0.42144209
v -0.39927831 0.41873449 -0.41622579
v -0.39927831 0.41346750 -0.41620418
v -0.39927831 0.41865301 -0.42144251
v -0.39927831 0.42394680 -0.42144209
v -0.39927831 0.41865301 -0.42144251
v -0.39927831 0.42393792 -0.42672950
v -0.39927831 0.41346750 -0.41620418
v -0.39927831 0.40811032 -0.41614699
v -0.39927831 0.41335040 -0.42143691
v -0.39927831 0.40811032 -0.41614699
v -0.39927831 0.40275359 -0.41613668
v -0.39927831 0.40804181 -0.42143309
v -0.39927831 0.41335040 -0.42143691
v -0.39927831 0.40804181 -0.42143309
v -0.39927831 0.41330159 -0.42672870
v -0.39927831 0.42393792 -0.42672950
v -0.39927831 0.41863799 -0.42672920
v -0.39927831 0.42393512 -0.43202439
v -0.39927831 0.41863799 -0.42672920
v -0.39927831 0.41330159 -0.42672870
v -0.39927831 0.41860470 -0.43202430
v -0.39927831 0.42393512 -0.43202439
v -0.39927831 0.41860470 -0.43202430
v -0.39927831 0.42393702 -0.43732011
v -0.44164509 0.40275359 -0.42672840
v -0.43517569 0.40275359 -0.43086690
v -0.43517569 0.40275359 -0.42573640
v -0.44164509 0.40275359 -0.41613668
v -0.44164509 0.40275359 -0.42143258
v -0.43517569 0.40275359 -0.42060590
v -0.43517569 0.40275359 -0.42573640
v -0.43517569 0.40275359 -0.42060590
v -0.44164509 0.40275359 -0.42143258
v -0.44164509 0.40275359 -0.41613668
v -0.44164509 0.40804550 -0.41083938
v -0.44164509 0.40804929 -0.41613668
v -0.44164509 0.40804550 -0.41083938
v -0.44164509 0.41332662 -0.40553111
v -0.44164509 0.41334468 -0.41084069
v -0.44164509 0.40804929 -0.41613668
v -0.44164509 0.41334468 -0.41084069
v -0.44164509 0.41334552 -0.41613689
v -0.44164509 0.41332662 -0.40553111
v -0.44164509 0.41862601 -0.40023649
v -0.44164509 0.41864040 -0.40554470
v -0.44164509 0.41862601 -0.40023649
v -0.44164509 0.42393702 -0.39495340
v -0.44164509 0.42393672 -0.40024909
v -0.44164509 0.41864040 -0.40554470
v -0.44164509 0.42393672 -0.40024909
v -0.44164509 0.42393702 -0.40554509
v -0.44164509 0.41334552 -0.41613689
v -0.44164509 0.41864109 -0.41084090
v -0.44164509 0.41864198 -0.41613698
v -0.44164509 0.41864109 -0.41084090
v -0.44164509 0.42393702 -0.40554509
v -0.44164509 0.42393702 -0.41084090
v -0.44164509 0.41864198 -0.41613698
v -0.44164509 0.42393702 -0.41084090
v -0.44164509 0.42393830 -0.41613659
v -0.44164509 0.42393830 -0.41613659
v -0.44164509 0.42923400 -0.41613629
v -0.44164509 0.42395461 -0.42142689
v -0.44164509 0.42923400 -0.41613629
v -0.44164509 0.43452942 -0.41613638
v -0.44164509 0.42924368 -0.42142731
v -0.44164509 0.42395461 -0.42142689
v -0.44164509 0.42924368 -0.42142731
v -0.44164509 0.42405659 -0.42665941
v -0.44164509 0.43452942 -0.41613638
v -0.44164509 0.43982521 -0.41613659
v -0.44164509 0.43453610 -0.42143017
v -0.44164509 0.43982521 -0.41613659
v -0.44164509 0.44512030 -0.41613668
v -0.44164509 0.43983611 -0.42143109
v -0.44164509 0.43453610 -0.42143017
v -0.44164509 0.43983611 -0.42143109
v -0.44164509 0.43459761 -0.42670780
v -0.44164509 0.42405659 -0.42665941
v -0.44164509 0.42928672 -0.42671210
v -0.44164509 0.42434230 -0.43223178
v -0.44164509 0.42928672 -0.42671210
v -0.44164509 0.43459761 -0.42670780
v -0.44164509 0.42970970 -0.43162191
v -0.44164509 0.42393702 -0.43732011
v -0.44164509 0.42434230 -0.43223178
v -0.44164509 0.42923281 -0.43732011
v -0.44164509 0.41334531 -0.43732011
v -0.43762630 0.41858551 -0.43732011
v -0.43470839 0.41333801 -0.43732011
v -0.43466759 0.42404911 -0.43732011
v -0.43762630 0.41858551 -0.43732011
v -0.44164509 0.42393702 -0.43732011
v -0.40249151 0.43456841 -0.39495340
v -0.39927831 0.42923281 -0.39495340
v -0.39927831 0.43452859 -0.39495340
v -0.42044699 0.41391551 -0.39602470
v -0.41770631 0.40889490 -0.39602470
v -0.41391459 0.41395211 -0.39602470
v -0.41391990 0.42398301 -0.39602470
v -0.41076621 0.41908610 -0.39602470
v -0.40700260 0.42393702 -0.39602470
v -0.41667461 0.41897202 -0.39602470
v -0.42046171 0.42393702 -0.39602470
v -0.42318651 0.41892171 -0.39602470
v -0.42046171 0.42393702 -0.39602470
v -0.41667461 0.41897202 -0.39602470
v -0.41391990 0.42398301 -0.39602470
v -0.42046171 0.42393702 -0.39602470
v -0.42424890 0.42890200 -0.39602470
v -0.42700371 0.42389101 -0.39602470
v -0.42424890 0.42890200 -0.39602470
v -0.42046171 0.42393702 -0.39602470
v -0.41773701 0.42895231 -0.39602470
v -0.42047659 0.43395850 -0.39602470
v -0.42321730 0.43897900 -0.39602470
v -0.42700899 0.43392190 -0.39602470
v -0.42700371 0.42389101 -0.39602470
v -0.43015721 0.42878780 -0.39602470
v -0.43392089 0.42393702 -0.39602470
v -0.39927831 0.43452859 -0.43732011
v -0.40297920 0.42906550 -0.43732011
v -0.40614450 0.43508771 -0.43732011
v -0.39927831 0.42393702 -0.43732011
v -0.39927831 0.41864109 -0.43732011
v -0.40393230 0.41927510 -0.43732011
v -0.42054421 0.41350371 -0.43732011
v -0.42359671 0.40809029 -0.43732011
v -0.42778379 0.41337121 -0.43732011
v -0.43151611 0.41866052 -0.43732011
v -0.42776060 0.42392802 -0.43732011
v -0.42472780 0.41867250 -0.43732011
v -0.42776060 0.42392802 -0.43732011
v -0.43151611 0.41866052 -0.43732011
v -0.43466759 0.42404911 -0.43732011
v -0.42472780 0.41867250 -0.43732011
v -0.42045730 0.42393422 -0.43732011
v -0.41746160 0.41879910 -0.43732011
v -0.42045730 0.42393422 -0.43732011
v -0.42472780 0.41867250 -0.43732011
v -0.42776060 0.42392802 -0.43732011
v -0.42045730 0.42393422 -0.43732011
v -0.41618189 0.42919070 -0.43732011
v -0.41310999 0.42392552 -0.43732011
v -0.41618189 0.42919070 -0.43732011
v -0.42045730 0.42393422 -0.43732011
v -0.42355371 0.42908621 -0.43732011
v -0.42049009 0.43438542 -0.43732011
v -0.41737899 0.43976220 -0.43732011
v -0.41316590 0.43450671 -0.43732011
v -0.41310999 0.42392552 -0.43732011
v -0.40928751 0.42917320 -0.43732011
v -0.40611020 0.42386571 -0.43732011
v -0.40928751 0.42917320 -0.43732011
v -0.41310999 0.42392552 -0.43732011
v -0.41618189 0.42919070 -0.43732011
v -0.43392089 0.44400081 -0.41522348
v -0.43012151 0.44400081 -0.40997970
v -0.42710710 0.44400081 -0.41505229
v -0.42404401 0.44400081 -0.41005588
v -0.42710710 0.44400081 -0.41505229
v -0.43012151 0.44400081 -0.40997970
v -0.42682949 0.44400081 -0.40511599
v -0.42307651 0.44400081 -0.40066090
v -0.42025059 0.44400081 -0.40539157
v -0.42710710 0.44400081 -0.41505229
v -0.42404401 0.44400081 -0.41005588
v -0.42057499 0.44400081 -0.41469038
v -0.41776061 0.44400081 -0.41001728
v -0.42057499 0.44400081 -0.41469038
v -0.42404401 0.44400081 -0.41005588
v -0.41701481 0.44400081 -0.41955990
v -0.42057499 0.44400081 -0.41469038
v -0.41406101 0.44400081 -0.41444659
v -0.41406101 0.44400081 -0.41444659
v -0.41071320 0.44400081 -0.41983640
v -0.41701481 0.44400081 -0.41955990
v -0.41071320 0.44400081 -0.41983640
v -0.41406101 0.44400081 -0.41444659
v -0.40700260 0.44400081 -0.41282359
v -0.40700260 0.40387309 -0.41522348
v -0.41080201 0.40387309 -0.40997970
v -0.41381651 0.40387309 -0.41505229
v -0.41687959 0.40387309 -0.41005588
v -0.41381651 0.40387309 -0.41505229
v -0.41080201 0.40387309 -0.40997970
v -0.41409400 0.40387309 -0.40511599
v -0.41784701 0.40387309 -0.40066090
v -0.42067301 0.40387309 -0.40539157
v -0.41381651 0.40387309 -0.41505229
v -0.41687959 0.40387309 -0.41005588
v -0.42034861 0.40387309 -0.41469038
v -0.42316300 0.40387309 -0.41001728
v -0.42034861 0.40387309 -0.41469038
v -0.41687959 0.40387309 -0.41005588
v -0.42390880 0.40387309 -0.41955990
v -0.42034861 0.40387309 -0.41469038
v -0.42686251 0.40387309 -0.41444659
v -0.42686251 0.40387309 -0.41444659
v -0.43021029 0.40387309 -0.41983640
v -0.42390880 0.40387309 -0.41955990
v -0.43021029 0.40387309 -0.41983640
v -0.42686251 0.40387309 -0.41444659
v -0.43392089 0.40387309 -0.41282359
v -0.44164509 0.44512030 -0.42143258
v -0.43517569 0.44512030 -0.42573640
v -0.44164509 0.44512030 -0.42672840
v -0.39927831 0.40275359 -0.42143258
v -0.40574780 0.40275359 -0.42573640
v -0.39927831 0.40275359 -0.42672840
v 0.12036750 0.42393708 -0.43732011
v 0.12036750 0.41864121 -0.43732011
v 0.12036750 0.42357200 -0.43236390
v 0.12036750 0.41812000 -0.43167567
v 0.12036750 0.41318142 -0.42772931
v 0.12036750 0.41858792 -0.42678019
v 0.12036750 0.42357200 -0.43236390
v 0.12036750 0.41858792 -0.42678019
v 0.12036750 0.42392430 -0.42674088
v 0.12036750 0.41318142 -0.42772931
v 0.12036760 0.40780580 -0.42701310
v 0.12036750 0.41294301 -0.42188340
v 0.12036760 0.40744901 -0.42206657
v 0.12036760 0.40275371 -0.42143258
v 0.12036760 0.40799931 -0.41699690
v 0.12036750 0.41294301 -0.42188340
v 0.12036760 0.40799931 -0.41699690
v 0.12036750 0.41332000 -0.41618937
v 0.12036750 0.42392430 -0.42674088
v 0.12036750 0.41862708 -0.42144769
v 0.12036750 0.42393678 -0.42143291
v 0.12036750 0.41862708 -0.42144769
v 0.12036750 0.41332000 -0.41618937
v 0.12036750 0.41864070 -0.41613758
v 0.12036750 0.42393678 -0.42143291
v 0.12036750 0.41864070 -0.41613758
v 0.12036750 0.42393708 -0.41613680
v 0.12036750 0.42393708 -0.41613680
v 0.12036750 0.42393830 -0.41083989
v 0.12036750 0.42923301 -0.41613668
v 0.12036750 0.42393830 -0.41083989
v 0.12036750 0.42397249 -0.40551460
v 0.12036750 0.42923731 -0.41083938
v 0.12036750 0.42923301 -0.41613668
v 0.12036750 0.42923731 -0.41083938
v 0.12036750 0.43452910 -0.41613668
v 0.12036750 0.42397249 -0.40551460
v 0.12036750 0.42448419 -0.39976817
v 0.12036750 0.42933491 -0.40552339
v 0.12036750 0.42448419 -0.39976817
v 0.12036750 0.42393708 -0.39495340
v 0.12036750 0.42923290 -0.39495340
v 0.12036750 0.42933491 -0.40552339
v 0.12036750 0.43042409 -0.40027851
v 0.12036750 0.43468410 -0.40553111
v 0.12036750 0.43452910 -0.41613668
v 0.12036750 0.43453789 -0.41083899
v 0.12036750 0.43982521 -0.41613668
v 0.12036750 0.43453789 -0.41083899
v 0.12036750 0.43468410 -0.40553111
v 0.12036750 0.43983760 -0.41084090
v 0.12036750 0.43982521 -0.41613668
v 0.12036750 0.43983760 -0.41084090
v 0.12036750 0.44512051 -0.41613668
v 0.15626490 0.40275371 -0.42060590
v 0.16273430 0.40275371 -0.42143258
v 0.16273430 0.40275371 -0.41613668
v 0.16273430 0.40275371 -0.42143258
v 0.15626490 0.40275371 -0.42060590
v 0.15626490 0.40275371 -0.42573640
v 0.16273430 0.42393708 -0.43732011
v 0.16273430 0.42926079 -0.43212020
v 0.16273430 0.42401341 -0.43195981
v 0.16273430 0.42926079 -0.43212020
v 0.16273430 0.43467680 -0.42774421
v 0.16273430 0.42926669 -0.42677659
v 0.16273430 0.42401341 -0.43195981
v 0.16273430 0.42926669 -0.42677659
v 0.16273430 0.42401940 -0.42666048
v 0.16273430 0.43467680 -0.42774421
v 0.16273430 0.44006830 -0.42701328
v 0.16273430 0.43493110 -0.42188320
v 0.16273430 0.44042522 -0.42206657
v 0.16273430 0.44512051 -0.42143258
v 0.16273430 0.43987492 -0.41699690
v 0.16273430 0.43493110 -0.42188320
v 0.16273430 0.43987492 -0.41699690
v 0.16273430 0.43455440 -0.41618931
v 0.16273430 0.42401940 -0.42666048
v 0.16273430 0.42925140 -0.42144349
v 0.16273430 0.42394850 -0.42142799
v 0.16273430 0.42925140 -0.42144349
v 0.16273430 0.43455440 -0.41618931
v 0.16273430 0.42923409 -0.41613740
v 0.16273430 0.42394850 -0.42142799
v 0.16273430 0.42923409 -0.41613740
v 0.16273430 0.42393780 -0.41613659
v 0.16273430 0.42393780 -0.41613659
v 0.16273430 0.42393708 -0.41084090
v 0.16273430 0.41864169 -0.41613689
v 0.16273430 0.42393708 -0.41084090
v 0.16273430 0.42393708 -0.40554509
v 0.16273430 0.41864130 -0.41084090
v 0.16273430 0.41864169 -0.41613689
v 0.16273430 0.41864130 -0.41084090
v 0.16273430 0.41334552 -0.41613689
v 0.16273430 0.42393708 -0.40554509
v 0.16273430 0.42393708 -0.40024918
v 0.16273430 0.41864130 -0.40554509
v 0.16273430 0.42393708 -0.40024918
v 0.16273430 0.42393708 -0.39495340
v 0.16273430 0.41864130 -0.40024918
v 0.16273430 0.41864130 -0.40554509
v 0.16273430 0.41864130 -0.40024918
v 0.16273430 0.41334540 -0.40554509
v 0.16273430 0.41334552 -0.41613689
v 0.16273430 0.41334540 -0.41084090
v 0.16273430 0.40804958 -0.41613680
v 0.16273430 0.41334540 -0.41084090
v 0.16273430 0.41334540 -0.40554509
v 0.16273430 0.40804958 -0.41084090
v 0.16273430 0.40804958 -0.41613680
v 0.16273430 0.40804958 -0.41084090
v 0.16273430 0.40275371 -0.41613668
v 0.12683700 0.44512051 -0.42060590
v 0.12036750 0.44512051 -0.42143258
v 0.12036750 0.44512051 -0.41613668
v 0.12036750 0.44512051 -0.42143258
v 0.12683700 0.44512051 -0.42060590
v 0.12683700 0.44512051 -0.42573640
v 0.15587260 0.41331118 -0.43732011
v 0.15872119 0.41858050 -0.43732011
v 0.16273430 0.41334540 -0.43732011
v 0.16273430 0.42393708 -0.43732011
v 0.15872119 0.41858050 -0.43732011
v 0.15578260 0.42395020 -0.43732011
v 0.12036750 0.42923290 -0.39495340
v 0.12036750 0.42393708 -0.39495340
v 0.12353170 0.42933369 -0.39495340
v 0.12683700 0.42393708 -0.39495340
v 0.12353170 0.42933369 -0.39495340
v 0.12036750 0.42393708 -0.39495340
v 0.15987711 0.42400241 -0.39495340
v 0.16273430 0.41864121 -0.39495340
v 0.16273430 0.42393708 -0.39495340
v 0.15626490 0.41864121 -0.39495340
v 0.16010331 0.41328850 -0.39495340
v 0.16273430 0.41864121 -0.39495340
v 0.16273430 0.41334540 -0.39495340
v 0.16273430 0.41864121 -0.39495340
v 0.16010331 0.41328850 -0.39495340
v 0.15501010 0.42393708 -0.39602470
v 0.15501010 0.42895299 -0.39602470
v 0.15108420 0.42923892 -0.39602470
v 0.14857860 0.42404610 -0.39602470
v 0.14498150 0.42891780 -0.39602470
v 0.14187640 0.42386472 -0.39602470
v 0.14791121 0.43399322 -0.39602470
v 0.14435630 0.43893591 -0.39602470
v 0.14143629 0.43383682 -0.39602470
v 0.14187640 0.42386472 -0.39602470
v 0.13513580 0.42384988 -0.39602470
v 0.13809571 0.41896832 -0.39602470
v 0.14488231 0.41907889 -0.39602470
v 0.13809571 0.41896832 -0.39602470
v 0.14160500 0.41413599 -0.39602470
v 0.13513580 0.42384988 -0.39602470
v 0.12809180 0.42393708 -0.39602470
v 0.13254550 0.41929790 -0.39602470
v 0.12809180 0.41641310 -0.39602470
v 0.13254550 0.41929790 -0.39602470
v 0.12809180 0.42393708 -0.39602470
v 0.13864630 0.40911692 -0.39602470
v 0.14160500 0.41413599 -0.39602470
v 0.13509171 0.41439289 -0.39602470
v 0.12397790 0.42906100 -0.43732011
v 0.12714159 0.42384869 -0.43732011
v 0.12036750 0.42393708 -0.43732011
v 0.12703060 0.43450570 -0.43732011
v 0.12397790 0.42906100 -0.43732011
v 0.12036750 0.43452880 -0.43732011
v 0.12714159 0.42384869 -0.43732011
v 0.13033640 0.42914870 -0.43732011
v 0.13419050 0.42392251 -0.43732011
v 0.13726500 0.42920101 -0.43732011
v 0.13419050 0.42392251 -0.43732011
v 0.13033640 0.42914870 -0.43732011
v 0.13413250 0.43450910 -0.43732011
v 0.13834929 0.43981031 -0.43732011
v 0.14156710 0.43447518 -0.43732011
v 0.13419050 0.42392251 -0.43732011
v 0.13726500 0.42920101 -0.43732011
v 0.14154559 0.42393559 -0.43732011
v 0.14465190 0.42916790 -0.43732011
v 0.14154559 0.42393559 -0.43732011
v 0.13726500 0.42920101 -0.43732011
v 0.14154559 0.42393559 -0.43732011
v 0.14581341 0.41866469 -0.43732011
v 0.13844170 0.41870332 -0.43732011
v 0.14581341 0.41866469 -0.43732011
v 0.14154559 0.42393559 -0.43732011
v 0.14886320 0.42393500 -0.43732011
v 0.14886320 0.42393500 -0.43732011
v 0.15261009 0.41865480 -0.43732011
v 0.14581341 0.41866469 -0.43732011
v 0.15261009 0.41865480 -0.43732011
v 0.14886320 0.42393500 -0.43732011
v 0.15578260 0.42395020 -0.43732011
v 0.14473820 0.40806350 -0.43732011
v 0.14152899 0.41339770 -0.43732011
v 0.14891930 0.41335279 -0.43732011
v 0.14122610 0.44400090 -0.42411169
v 0.13845550 0.44400090 -0.42941260
v 0.13270091 0.44400090 -0.42403349
v 0.13212959 0.44400090 -0.41966498
v 0.13523720 0.44400090 -0.41457400
v 0.13850640 0.44400090 -0.41914368
v 0.13523720 0.44400090 -0.41457400
v 0.13212959 0.44400090 -0.41966498
v 0.12809180 0.44400090 -0.41282359
v 0.14315630 0.44400090 -0.41474140
v 0.13850640 0.44400090 -0.41914368
v 0.13523720 0.44400090 -0.41457400
v 0.14541040 0.44400090 -0.41030729
v 0.14315630 0.44400090 -0.41474140
v 0.13900030 0.44400090 -0.41185391
v 0.14140590 0.44400090 -0.40545049
v 0.14423481 0.44400090 -0.40073559
v 0.14795960 0.44400090 -0.40550017
v 0.14944939 0.44400090 -0.41499108
v 0.15084100 0.44400090 -0.40999910
v 0.15501010 0.44400090 -0.41282359
v 0.15084100 0.44400090 -0.40999910
v 0.14944939 0.44400090 -0.41499108
v 0.14541040 0.44400090 -0.41030729
v 0.14187580 0.40387321 -0.42411169
v 0.14464641 0.40387321 -0.42941260
v 0.15040100 0.40387321 -0.42403349
v 0.15097240 0.40387321 -0.41966498
v 0.14786470 0.40387321 -0.41457400
v 0.14459540 0.40387321 -0.41914368
v 0.14786470 0.40387321 -0.41457400
v 0.15097240 0.40387321 -0.41966498
v 0.15501010 0.40387321 -0.41282359
v 0.13994560 0.40387321 -0.41474140
v 0.14459540 0.40387321 -0.41914368
v 0.14786470 0.40387321 -0.41457400
v 0.13769150 0.40387321 -0.41030729
v 0.13994560 0.40387321 -0.41474140
v 0.14410169 0.40387321 -0.41185391
v 0.14169610 0.40387321 -0.40545049
v 0.13886710 0.40387321 -0.40073559
v 0.13514230 0.40387321 -0.40550017
v 0.13365249 0.40387321 -0.41499108
v 0.13226090 0.40387321 -0.40999910
v 0.12809180 0.40387321 -0.41282359
v 0.13226090 0.40387321 -0.40999910
v 0.13365249 0.40387321 -0.41499108
v 0.13769150 0.40387321 -0.41030729
v 0.15626490 0.43452880 -0.39495340
v 0.15626490 0.42923290 -0.39495340
v 0.15876830 0.43461490 -0.39495340
v 0.12683700 0.41334540 -0.39495340
v 0.12683700 0.41864121 -0.39495340
v 0.12401420 0.41338152 -0.39495340
v 0.12683700 0.42923290 -0.39495340
v 0.12683700 0.43452880 -0.39495340
v 0.12353170 0.42933369 -0.39495340
v 0.15501010 0.43898490 -0.39602470
v 0.15626490 0.43452880 -0.39495340
v 0.15626490 0.43982461 -0.39495340
v 0.15626490 0.43452880 -0.39495340
v 0.15501010 0.43898490 -0.39602470
v 0.15501010 0.43396902 -0.39602470
v 0.15501010 0.42393708 -0.39602470
v 0.15501010 0.41641310 -0.39602470
v 0.15626490 0.41864121 -0.39495340
v 0.15626490 0.41864121 -0.39495340
v 0.15626490 0.42393708 -0.39495340
v 0.15501010 0.42393708 -0.39602470
v 0.12809180 0.40888920 -0.39602470
v 0.12683700 0.41334540 -0.39495340
v 0.12683700 0.40804958 -0.39495340
v 0.12683700 0.41334540 -0.39495340
v 0.12809180 0.40888920 -0.39602470
v 0.12809180 0.41641310 -0.39602470
v 0.12809180 0.42393708 -0.39602470
v 0.12809180 0.42895299 -0.39602458
v 0.12683700 0.42393708 -0.39495340
v 0.12683700 0.42923290 -0.39495340
v 0.12683700 0.42393708 -0.39495340
v 0.12809180 0.42895299 -0.39602458
v 0.15626490 0.44512051 -0.41034490
v 0.15501010 0.44400090 -0.41282359
v 0.15501010 0.44400090 -0.40562409
v 0.15501010 0.44400090 -0.41282359
v 0.15626490 0.44512051 -0.41034490
v 0.15626490 0.44512051 -0.41547540
v 0.12809180 0.44400090 -0.41282359
v 0.12809180 0.44400090 -0.42002320
v 0.12683700 0.44512051 -0.41547540
v 0.12683700 0.44512051 -0.42060590
v 0.12683700 0.44512051 -0.41547540
v 0.12809180 0.44400090 -0.42002320
v 0.12683700 0.40275371 -0.41034490
v 0.12809180 0.40387321 -0.41282359
v 0.12809180 0.40387321 -0.40562409
v 0.12809180 0.40387321 -0.41282359
v 0.12683700 0.40275371 -0.41034490
v 0.12683700 0.40275371 -0.41547540
v 0.15501010 0.40387321 -0.41282359
v 0.15501010 0.40387321 -0.42002320
v 0.15626490 0.40275371 -0.41547540
v 0.15626490 0.40275371 -0.42060590
v 0.15626490 0.40275371 -0.41547540
v 0.15501010 0.40387321 -0.42002320
v -0.39927831 0.44512030 -0.43732011
v -0.39927831 0.44512030 -0.43202430
v -0.39927831 0.43982449 -0.43202430
v -0.39927831 0.44512030 -0.43202430
v -0.39927831 0.44512030 -0.42672840
v -0.39927831 0.43982449 -0.42672849
v -0.39927831 0.43982449 -0.43202430
v -0.39927831 0.43982449 -0.42672849
v -0.39927831 0.43452889 -0.42672870
v -0.39927831 0.44512030 -0.42672840
v -0.39927831 0.44512030 -0.42143258
v -0.39927831 0.43982461 -0.42143267
v -0.39927831 0.44512030 -0.42143258
v -0.39927831 0.44512030 -0.41613668
v -0.39927831 0.43982479 -0.41613680
v -0.39927831 0.43982461 -0.42143267
v -0.39927831 0.43982479 -0.41613680
v -0.39927831 0.43452972 -0.41613787
v -0.39927831 0.43452889 -0.42672870
v -0.39927831 0.43452942 -0.42143339
v -0.39927831 0.42923689 -0.42143670
v -0.39927831 0.43452942 -0.42143339
v -0.39927831 0.43452972 -0.41613787
v -0.39927831 0.42924160 -0.41614598
v -0.39927831 0.42923689 -0.42143670
v -0.39927831 0.42924160 -0.41614598
v -0.39927831 0.42397529 -0.41617650
v -0.39927831 0.44512030 -0.41613668
v -0.39927831 0.44512030 -0.41084090
v -0.39927831 0.43982801 -0.41084018
v -0.39927831 0.44512030 -0.41084090
v -0.39927831 0.44512030 -0.40554509
v -0.39927831 0.43985909 -0.40553460
v -0.39927831 0.43982801 -0.41084018
v -0.39927831 0.43985909 -0.40553460
v -0.39927831 0.43453550 -0.40554380
v -0.39927831 0.44512030 -0.40554509
v -0.39927831 0.44512030 -0.40024918
v -0.39927831 0.43996829 -0.40019679
v -0.39927831 0.43453550 -0.40554380
v -0.39927831 0.43456331 -0.40023878
v -0.39927831 0.42923701 -0.40024948
v -0.39927831 0.43456331 -0.40023878
v -0.39927831 0.43452859 -0.39495340
v -0.39927831 0.42923281 -0.39495340
v -0.39927831 0.42923701 -0.40024948
v -0.39927831 0.42923281 -0.39495340
v -0.39927831 0.42393702 -0.39495340
v -0.39927831 0.42397529 -0.41617650
v -0.39927831 0.42399532 -0.41091129
v -0.39927831 0.41886622 -0.41112709
v -0.39927831 0.42399532 -0.41091129
v -0.39927831 0.42397338 -0.40560079
v -0.39927831 0.41883218 -0.40593609
v -0.39927831 0.41886622 -0.41112709
v -0.39927831 0.41883218 -0.40593609
v -0.39927831 0.41386431 -0.40720850
v -0.39927831 0.42397338 -0.40560079
v -0.39927831 0.42394531 -0.40026671
v -0.39927831 0.41869420 -0.40044698
v -0.39927831 0.42394531 -0.40026671
v -0.39927831 0.42393702 -0.39495340
v -0.39927831 0.41864109 -0.39495340
v -0.39927831 0.41869420 -0.40044698
v -0.39927831 0.41864109 -0.39495340
v -0.39927831 0.41334531 -0.39495340
v -0.39927831 0.40801111 -0.39951497
v -0.39927831 0.41334531 -0.39495340
v -0.39927831 0.40804940 -0.39495340
v -0.39927831 0.44512030 -0.43732011
v -0.39927831 0.43982449 -0.43202430
v -0.39927831 0.43982449 -0.43732011
v -0.39927831 0.43982449 -0.43202430
v -0.39927831 0.43452889 -0.42672870
v -0.39927831 0.43452871 -0.43202430
v -0.39927831 0.43982449 -0.43732011
v -0.39927831 0.43452871 -0.43202430
v -0.39927831 0.43452859 -0.43732011
v -0.39927831 0.43452889 -0.42672870
v -0.39927831 0.42923689 -0.42143670
v -0.39927831 0.42923361 -0.42672920
v -0.39927831 0.42923689 -0.42143670
v -0.39927831 0.42397529 -0.41617650
v -0.39927831 0.42394680 -0.42144209
v -0.39927831 0.42923361 -0.42672920
v -0.39927831 0.42394680 -0.42144209
v -0.39927831 0.42393792 -0.42672950
v -0.39927831 0.43452859 -0.43732011
v -0.39927831 0.42923281 -0.43202439
v -0.39927831 0.42923281 -0.43732011
v -0.39927831 0.42923281 -0.43202439
v -0.39927831 0.42393792 -0.42672950
v -0.39927831 0.42393512 -0.43202439
v -0.39927831 0.42923281 -0.43732011
v -0.39927831 0.42393512 -0.43202439
v -0.39927831 0.42393702 -0.43732011
v -0.39927831 0.42397529 -0.41617650
v -0.39927831 0.41886622 -0.41112709
v -0.39927831 0.41873449 -0.41622579
v -0.39927831 0.41886622 -0.41112709
v -0.39927831 0.41386431 -0.40720850
v -0.39927831 0.41420740 -0.41168869
v -0.39927831 0.41873449 -0.41622579
v -0.39927831 0.41420740 -0.41168869
v -0.39927831 0.41346750 -0.41620418
v -0.39927831 0.41386431 -0.40720850
v -0.39927831 0.41348261 -0.40189549
v -0.39927831 0.40786159 -0.40581840
v -0.39927831 0.41348261 -0.40189549
v -0.39927831 0.41334531 -0.39495340
v -0.39927831 0.40801111 -0.39951497
v -0.39927831 0.40786159 -0.40581840
v -0.39927831 0.40801111 -0.39951497
v -0.39927831 0.40275359 -0.40289709
v -0.39927831 0.41346750 -0.41620418
v -0.39927831 0.40914869 -0.41103399
v -0.39927831 0.40811032 -0.41614699
v -0.39927831 0.40914869 -0.41103399
v -0.39927831 0.40786159 -0.40581840
v -0.39927831 0.40275359 -0.41084090
v -0.39927831 0.40811032 -0.41614699
v -0.39927831 0.40275359 -0.41084090
v -0.39927831 0.40275359 -0.41613668
v -0.39927831 0.42393702 -0.43732011
v -0.39927831 0.41860470 -0.43202430
v -0.39927831 0.41864109 -0.43732011
v -0.39927831 0.41860470 -0.43202430
v -0.39927831 0.41330159 -0.42672870
v -0.39927831 0.41290200 -0.43202430
v -0.39927831 0.41864109 -0.43732011
v -0.39927831 0.41290200 -0.43202430
v -0.39927831 0.41069740 -0.43732011
v -0.39927831 0.41330159 -0.42672870
v -0.39927831 0.40804181 -0.42143309
v -0.39927831 0.40791661 -0.42672849
v -0.39927831 0.40804181 -0.42143309
v -0.39927831 0.40275359 -0.41613668
v -0.39927831 0.40275359 -0.42143258
v -0.39927831 0.40791661 -0.42672849
v -0.39927831 0.40275359 -0.42143258
v -0.39927831 0.40275359 -0.42672840
v -0.39927831 0.40696201 -0.43202430
v -0.39927831 0.40275359 -0.42672840
v -0.39927831 0.40275359 -0.43202430
v -0.43517569 0.40275359 -0.41547540
v -0.44164509 0.40275359 -0.41084090
v -0.44164509 0.40275359 -0.41613668
v -0.44164509 0.40275359 -0.43202430
v -0.43517569 0.40275359 -0.43599740
v -0.43517569 0.40275359 -0.43086690
v -0.43517569 0.40275359 -0.43599740
v -0.44164509 0.40275359 -0.43202430
v -0.44164509 0.40275359 -0.43732011
v -0.44164509 0.40275359 -0.43732011
v -0.44164509 0.40275359 -0.43202430
v -0.44164509 0.40811661 -0.43208149
v -0.44164509 0.40275359 -0.43202430
v -0.44164509 0.40275359 -0.42672840
v -0.44164509 0.40805811 -0.42673579
v -0.44164509 0.40811661 -0.43208149
v -0.44164509 0.40805811 -0.42673579
v -0.44164509 0.41342229 -0.42678457
v -0.44164509 0.40275359 -0.42672840
v -0.44164509 0.40275359 -0.42143258
v -0.44164509 0.40805000 -0.42143309
v -0.44164509 0.40275359 -0.42143258
v -0.44164509 0.40275359 -0.41613668
v -0.44164509 0.40804929 -0.41613668
v -0.44164509 0.40805000 -0.42143309
v -0.44164509 0.40804929 -0.41613668
v -0.44164509 0.41334552 -0.41613689
v -0.44164509 0.41342229 -0.42678457
v -0.44164509 0.41335070 -0.42143661
v -0.44164509 0.41865599 -0.42143479
v -0.44164509 0.41335070 -0.42143661
v -0.44164509 0.41334552 -0.41613689
v -0.44164509 0.41864198 -0.41613698
v -0.44164509 0.41865599 -0.42143479
v -0.44164509 0.41864198 -0.41613698
v -0.44164509 0.42393830 -0.41613659
v -0.44164509 0.40275359 -0.41613668
v -0.44164509 0.40275359 -0.41084090
v -0.44164509 0.40804550 -0.41083938
v -0.44164509 0.40275359 -0.41084090
v -0.44164509 0.40275359 -0.40554509
v -0.44164509 0.40797660 -0.40551260
v -0.44164509 0.40804550 -0.41083938
v -0.44164509 0.40797660 -0.40551260
v -0.44164509 0.41332662 -0.40553111
v -0.44164509 0.40275359 -0.40554509
v -0.44164509 0.40275359 -0.40024918
v -0.44164509 0.40716681 -0.40009630
v -0.44164509 0.41332662 -0.40553111
v -0.44164509 0.41299599 -0.40002048
v -0.44164509 0.41862601 -0.40023649
v -0.44164509 0.41299599 -0.40002048
v -0.44164509 0.41069740 -0.39495340
v -0.44164509 0.41864109 -0.39495340
v -0.44164509 0.41862601 -0.40023649
v -0.44164509 0.41864109 -0.39495340
v -0.44164509 0.42393702 -0.39495340
v -0.44164509 0.42393830 -0.41613659
v -0.44164509 0.42393702 -0.41084090
v -0.44164509 0.42923290 -0.41084090
v -0.44164509 0.42393702 -0.41084090
v -0.44164509 0.42393702 -0.40554509
v -0.44164509 0.42923281 -0.40554509
v -0.44164509 0.42923290 -0.41084090
v -0.44164509 0.42923281 -0.40554509
v -0.44164509 0.43452859 -0.40554509
v -0.44164509 0.42393702 -0.40554509
v -0.44164509 0.42393672 -0.40024909
v -0.44164509 0.42923281 -0.40024918
v -0.44164509 0.42393672 -0.40024909
v -0.44164509 0.42393702 -0.39495340
v -0.44164509 0.42923281 -0.39495340
v -0.44164509 0.42923281 -0.40024918
v -0.44164509 0.42923281 -0.39495340
v -0.44164509 0.43452859 -0.39495340
v -0.44164509 0.43452859 -0.40554509
v -0.44164509 0.43452859 -0.40024918
v -0.44164509 0.43982449 -0.40024918
v -0.44164509 0.43452859 -0.40024918
v -0.44164509 0.43452859 -0.39495340
v -0.44164509 0.43982449 -0.39495340
v -0.44164509 0.43982449 -0.40024918
v -0.44164509 0.43982449 -0.39495340
v -0.44164509 0.44512030 -0.39495340
v -0.44164509 0.40275359 -0.43732011
v -0.44164509 0.40811661 -0.43208149
v -0.44164509 0.40804940 -0.43732011
v -0.44164509 0.40811661 -0.43208149
v -0.44164509 0.41342229 -0.42678457
v -0.44164509 0.41404629 -0.43257689
v -0.44164509 0.40804940 -0.43732011
v -0.44164509 0.41404629 -0.43257689
v -0.44164509 0.41334531 -0.43732011
v -0.44164509 0.41342229 -0.42678457
v -0.44164509 0.41865599 -0.42143479
v -0.44164509 0.41880170 -0.42670667
v -0.44164509 0.41865599 -0.42143479
v -0.44164509 0.42393830 -0.41613659
v -0.44164509 0.42395461 -0.42142689
v -0.44164509 0.41880170 -0.42670667
v -0.44164509 0.42395461 -0.42142689
v -0.44164509 0.42405659 -0.42665941
v -0.44164509 0.41334531 -0.43732011
v -0.44164509 0.41404629 -0.43257689
v -0.44164509 0.41864109 -0.43732011
v -0.44164509 0.41960561 -0.43124390
v -0.44164509 0.42405659 -0.42665941
v -0.44164509 0.42434230 -0.43223178
v -0.44164509 0.41864109 -0.43732011
v -0.44164509 0.42434230 -0.43223178
v -0.44164509 0.42393702 -0.43732011
v -0.44164509 0.42393830 -0.41613659
v -0.44164509 0.42923290 -0.41084090
v -0.44164509 0.42923400 -0.41613629
v -0.44164509 0.42923290 -0.41084090
v -0.44164509 0.43452859 -0.40554509
v -0.44164509 0.43452871 -0.41084090
v -0.44164509 0.42923400 -0.41613629
v -0.44164509 0.43452871 -0.41084090
v -0.44164509 0.43452942 -0.41613638
v -0.44164509 0.43452859 -0.40554509
v -0.44164509 0.43982449 -0.40024918
v -0.44164509 0.43982449 -0.40554509
v -0.44164509 0.43982449 -0.40024918
v -0.44164509 0.44512030 -0.39495340
v -0.44164509 0.44512030 -0.40024918
v -0.44164509 0.43982449 -0.40554509
v -0.44164509 0.44512030 -0.40024918
v -0.44164509 0.44512030 -0.40554509
v -0.44164509 0.43452942 -0.41613638
v -0.44164509 0.43982449 -0.41084090
v -0.44164509 0.43982521 -0.41613659
v -0.44164509 0.43982449 -0.41084090
v -0.44164509 0.44512030 -0.40554509
v -0.44164509 0.44512030 -0.41084090
v -0.44164509 0.43982521 -0.41613659
v -0.44164509 0.44512030 -0.41084090
v -0.44164509 0.44512030 -0.41613668
v -0.44164509 0.42923281 -0.43732011
v -0.44164509 0.42434230 -0.43223178
v -0.44164509 0.42970970 -0.43162191
v -0.44164509 0.42970970 -0.43162191
v -0.44164509 0.43459761 -0.42670780
v -0.44164509 0.43499398 -0.43200451
v -0.44164509 0.42923281 -0.43732011
v -0.44164509 0.43499398 -0.43200451
v -0.44164509 0.43717661 -0.43732011
v -0.44164509 0.43459761 -0.42670780
v -0.44164509 0.43983611 -0.42143109
v -0.44164509 0.43996039 -0.42672580
v -0.44164509 0.43983611 -0.42143109
v -0.44164509 0.44512030 -0.41613668
v -0.44164509 0.44512030 -0.42143258
v -0.44164509 0.43996039 -0.42672580
v -0.44164509 0.44512030 -0.42143258
v -0.44164509 0.44512030 -0.42672840
v -0.44164509 0.44091341 -0.43202287
v -0.44164509 0.44512030 -0.42672840
v -0.44164509 0.44512030 -0.43202430
v -0.40574780 0.44512030 -0.41547540
v -0.39927831 0.44512030 -0.41084090
v -0.39927831 0.44512030 -0.41613668
v -0.40442511 0.44512030 -0.43732011
v -0.39927831 0.44512030 -0.43202430
v -0.39927831 0.44512030 -0.43732011
v -0.40574780 0.44512030 -0.42573640
v -0.39927831 0.44512030 -0.42672840
v -0.40574780 0.44512030 -0.43086690
v -0.39927831 0.44512030 -0.42143258
v -0.39927831 0.44512030 -0.42672840
v -0.40574780 0.44512030 -0.42573640
v -0.44164509 0.40804940 -0.43732011
v -0.43736470 0.40810269 -0.43732011
v -0.44164509 0.40275359 -0.43732011
v -0.44164509 0.41864109 -0.43732011
v -0.43762630 0.41858551 -0.43732011
v -0.44164509 0.41334531 -0.43732011
v -0.44164509 0.42393702 -0.43732011
v -0.44164509 0.42923281 -0.43732011
v -0.43788481 0.43056262 -0.43732011
v -0.44164509 0.43717661 -0.43732011
v -0.43716469 0.44007111 -0.43732011
v -0.43475649 0.43387380 -0.43732011
v -0.39927831 0.41334531 -0.39495340
v -0.39927831 0.41864109 -0.39495340
v -0.40260571 0.41323841 -0.39495340
v -0.43392089 0.40387309 -0.39602470
v -0.42719129 0.40387309 -0.39602470
v -0.43019640 0.40888911 -0.39602470
v -0.42423499 0.40889010 -0.39602470
v -0.43019640 0.40888911 -0.39602470
v -0.42719129 0.40387309 -0.39602470
v -0.42719129 0.40387309 -0.39602470
v -0.42046171 0.40387309 -0.39602470
v -0.42423499 0.40889010 -0.39602470
v -0.41770631 0.40889490 -0.39602470
v -0.42423499 0.40889010 -0.39602470
v -0.42046171 0.40387309 -0.39602470
v -0.42698050 0.41390550 -0.39602470
v -0.42044699 0.41391551 -0.39602470
v -0.42318651 0.41892171 -0.39602470
v -0.42046171 0.40387309 -0.39602470
v -0.41373211 0.40387309 -0.39602470
v -0.41770631 0.40889490 -0.39602470
v -0.41129139 0.40889430 -0.39602470
v -0.41770631 0.40889490 -0.39602470
v -0.41373211 0.40387309 -0.39602470
v -0.41373211 0.40387309 -0.39602470
v -0.40700260 0.40387309 -0.39602470
v -0.41129139 0.40889430 -0.39602470
v -0.40700260 0.40888911 -0.39602470
v -0.41129139 0.40889430 -0.39602470
v -0.40700260 0.40387309 -0.39602470
v -0.41391459 0.41395211 -0.39602470
v -0.40700260 0.41390508 -0.39602470
v -0.41076621 0.41908610 -0.39602470
v -0.42046171 0.42393702 -0.39602470
v -0.41391990 0.42398301 -0.39602470
v -0.41773701 0.42895231 -0.39602470
v -0.41131389 0.42895782 -0.39602470
v -0.41773701 0.42895231 -0.39602470
v -0.41391990 0.42398301 -0.39602470
v -0.41391990 0.42398301 -0.39602470
v -0.40700260 0.42393702 -0.39602470
v -0.41131389 0.42895782 -0.39602470
v -0.40700260 0.42895290 -0.39602470
v -0.41131389 0.42895782 -0.39602470
v -0.40700260 0.42393702 -0.39602470
v -0.41394311 0.43396848 -0.39602470
v -0.40700260 0.43396890 -0.39602470
v -0.41072720 0.43898481 -0.39602470
v -0.40700260 0.43898481 -0.39602470
v -0.41072720 0.43898481 -0.39602470
v -0.40700260 0.43396890 -0.39602470
v -0.43019640 0.40888911 -0.39602470
v -0.43392089 0.41390508 -0.39602470
v -0.43392089 0.40888911 -0.39602470
v -0.43392089 0.41390508 -0.39602470
v -0.43019640 0.40888911 -0.39602470
v -0.42698050 0.41390550 -0.39602470
v -0.42318651 0.41892171 -0.39602470
v -0.42700371 0.42389101 -0.39602470
v -0.42960960 0.41891620 -0.39602470
v -0.42700371 0.42389101 -0.39602470
v -0.42318651 0.41892171 -0.39602470
v -0.42046171 0.42393702 -0.39602470
v -0.42960960 0.41891620 -0.39602470
v -0.43392089 0.42393702 -0.39602470
v -0.43392089 0.41892099 -0.39602470
v -0.43392089 0.42393702 -0.39602470
v -0.42960960 0.41891620 -0.39602470
v -0.42700371 0.42389101 -0.39602470
v -0.42047659 0.43395850 -0.39602470
v -0.41773701 0.42895231 -0.39602470
v -0.41394311 0.43396848 -0.39602470
v -0.41072720 0.43898481 -0.39602470
v -0.41373220 0.44400081 -0.39602470
v -0.41668859 0.43898392 -0.39602470
v -0.41373220 0.44400081 -0.39602470
v -0.41072720 0.43898481 -0.39602470
v -0.40700260 0.44400081 -0.39602470
v -0.41668859 0.43898392 -0.39602470
v -0.42046171 0.44400081 -0.39602470
v -0.42321730 0.43897900 -0.39602470
v -0.42046171 0.44400081 -0.39602470
v -0.41668859 0.43898392 -0.39602470
v -0.41373220 0.44400081 -0.39602470
v -0.43392089 0.43396890 -0.39602470
v -0.43392089 0.42895290 -0.39602470
v -0.43015721 0.42878780 -0.39602470
v -0.42321730 0.43897900 -0.39602470
v -0.42719129 0.44400081 -0.39602470
v -0.42963210 0.43897960 -0.39602470
v -0.42719129 0.44400081 -0.39602470
v -0.42321730 0.43897900 -0.39602470
v -0.42046171 0.44400081 -0.39602470
v -0.42963210 0.43897960 -0.39602470
v -0.43392089 0.44400081 -0.39602470
v -0.43392089 0.43898481 -0.39602470
v -0.43392089 0.44400081 -0.39602470
v -0.42963210 0.43897960 -0.39602470
v -0.42719129 0.44400081 -0.39602470
v -0.40526840 0.41485450 -0.43732011
v -0.39927831 0.41069740 -0.43732011
v -0.40422329 0.40813521 -0.43732011
v -0.39927831 0.40275359 -0.43732011
v -0.40422329 0.40813521 -0.43732011
v -0.39927831 0.41069740 -0.43732011
v -0.40393230 0.41927510 -0.43732011
v -0.40611020 0.42386571 -0.43732011
v -0.39927831 0.42393702 -0.43732011
v -0.40297920 0.42906550 -0.43732011
v -0.39927831 0.42393702 -0.43732011
v -0.40611020 0.42386571 -0.43732011
v -0.40297920 0.42906550 -0.43732011
v -0.39927831 0.42923281 -0.43732011
v -0.39927831 0.42393702 -0.43732011
v -0.39927831 0.44512030 -0.43732011
v -0.40263501 0.44005051 -0.43732011
v -0.40442511 0.44512030 -0.43732011
v -0.39927831 0.43982449 -0.43732011
v -0.39927831 0.43452859 -0.43732011
v -0.40263501 0.44005051 -0.43732011
v -0.40526840 0.41485450 -0.43732011
v -0.40422329 0.40813521 -0.43732011
v -0.41038391 0.41179150 -0.43732011
v -0.41589960 0.40838069 -0.43732011
v -0.41479480 0.41443440 -0.43732011
v -0.41038391 0.41179150 -0.43732011
v -0.41244340 0.40275359 -0.43732011
v -0.42046171 0.40275359 -0.43732011
v -0.41589960 0.40838069 -0.43732011
v -0.42359671 0.40809029 -0.43732011
v -0.41589960 0.40838069 -0.43732011
v -0.42046171 0.40275359 -0.43732011
v -0.42046171 0.40275359 -0.43732011
v -0.42848000 0.40275359 -0.43732011
v -0.42359671 0.40809029 -0.43732011
v -0.42778379 0.41337121 -0.43732011
v -0.43470839 0.41333801 -0.43732011
v -0.43151611 0.41866052 -0.43732011
v -0.43762630 0.41858551 -0.43732011
v -0.43151611 0.41866052 -0.43732011
v -0.43470839 0.41333801 -0.43732011
v -0.42045730 0.42393422 -0.43732011
v -0.42776060 0.42392802 -0.43732011
v -0.42355371 0.42908621 -0.43732011
v -0.43078390 0.42909592 -0.43732011
v -0.42355371 0.42908621 -0.43732011
v -0.42776060 0.42392802 -0.43732011
v -0.42776060 0.42392802 -0.43732011
v -0.43466759 0.42404911 -0.43732011
v -0.43078390 0.42909592 -0.43732011
v -0.43788481 0.43056262 -0.43732011
v -0.43078390 0.42909592 -0.43732011
v -0.43466759 0.42404911 -0.43732011
v -0.42848009 0.44512030 -0.43732011
v -0.43189359 0.43963200 -0.43732011
v -0.43649840 0.44512030 -0.43732011
v -0.43716469 0.44007111 -0.43732011
v -0.43649840 0.44512030 -0.43732011
v -0.43189359 0.43963200 -0.43732011
v -0.40442511 0.40275359 -0.43732011
v -0.40927079 0.40772092 -0.43732011
v -0.40422329 0.40813521 -0.43732011
v -0.40927079 0.40772092 -0.43732011
v -0.40442511 0.40275359 -0.43732011
v -0.41244340 0.40275359 -0.43732011
v -0.41746160 0.41879910 -0.43732011
v -0.41310999 0.42392552 -0.43732011
v -0.41018251 0.41856220 -0.43732011
v -0.41310999 0.42392552 -0.43732011
v -0.41746160 0.41879910 -0.43732011
v -0.42045730 0.42393422 -0.43732011
v -0.41018251 0.41856220 -0.43732011
v -0.40611020 0.42386571 -0.43732011
v -0.40393230 0.41927510 -0.43732011
v -0.40611020 0.42386571 -0.43732011
v -0.41018251 0.41856220 -0.43732011
v -0.41310999 0.42392552 -0.43732011
v -0.42787921 0.43389991 -0.43732011
v -0.43189359 0.43963200 -0.43732011
v -0.42496181 0.43960550 -0.43732011
v -0.42496181 0.43960550 -0.43732011
v -0.42046171 0.44512030 -0.43732011
v -0.41737899 0.43976220 -0.43732011
v -0.42046171 0.44512030 -0.43732011
v -0.42496181 0.43960550 -0.43732011
v -0.42848009 0.44512030 -0.43732011
v -0.40928751 0.42917320 -0.43732011
v -0.40614450 0.43508771 -0.43732011
v -0.40297920 0.42906550 -0.43732011
v -0.40614450 0.43508771 -0.43732011
v -0.40928751 0.42917320 -0.43732011
v -0.41316590 0.43450671 -0.43732011
v -0.41244340 0.44512030 -0.43732011
v -0.41737899 0.43976220 -0.43732011
v -0.42046171 0.44512030 -0.43732011
v -0.40442511 0.44512030 -0.43732011
v -0.40726501 0.44103071 -0.43732011
v -0.41244340 0.44512030 -0.43732011
v -0.44164509 0.44512030 -0.43732011
v -0.44164509 0.44512030 -0.43202430
v -0.43649840 0.44512030 -0.43732011
v -0.42347071 0.44400081 -0.42955559
v -0.41938189 0.44400081 -0.42448997
v -0.41730511 0.44400081 -0.42949557
v -0.41938189 0.44400081 -0.42448997
v -0.42347071 0.44400081 -0.42955559
v -0.42711839 0.44400081 -0.42509490
v -0.43392089 0.44400081 -0.42002320
v -0.43392089 0.44400081 -0.41522348
v -0.42991129 0.44400081 -0.42091078
v -0.42377841 0.44400081 -0.41980791
v -0.42057499 0.44400081 -0.41469038
v -0.41701481 0.44400081 -0.41955990
v -0.42057499 0.44400081 -0.41469038
v -0.42377841 0.44400081 -0.41980791
v -0.42710710 0.44400081 -0.41505229
v -0.43392089 0.44400081 -0.41042379
v -0.43392089 0.44400081 -0.40322420
v -0.43012151 0.44400081 -0.40997970
v -0.42682949 0.44400081 -0.40511599
v -0.43012151 0.44400081 -0.40997970
v -0.43392089 0.44400081 -0.40322420
v -0.43392089 0.44400081 -0.40322420
v -0.43392089 0.44400081 -0.39602470
v -0.42893031 0.44400081 -0.40036660
v -0.42719129 0.44400081 -0.39602470
v -0.42893031 0.44400081 -0.40036660
v -0.43392089 0.44400081 -0.39602470
v -0.42893031 0.44400081 -0.40036660
v -0.42719129 0.44400081 -0.39602470
v -0.42307651 0.44400081 -0.40066090
v -0.42046171 0.44400081 -0.39602470
v -0.42307651 0.44400081 -0.40066090
v -0.42719129 0.44400081 -0.39602470
v -0.41293079 0.44400081 -0.40747640
v -0.41776061 0.44400081 -0.41001728
v -0.42025059 0.44400081 -0.40539157
v -0.42307651 0.44400081 -0.40066090
v -0.42046171 0.44400081 -0.39602470
v -0.41656139 0.44400081 -0.40074968
v -0.41373220 0.44400081 -0.39602470
v -0.41656139 0.44400081 -0.40074968
v -0.42046171 0.44400081 -0.39602470
v -0.41656139 0.44400081 -0.40074968
v -0.41373220 0.44400081 -0.39602470
v -0.41063920 0.44400081 -0.40080130
v -0.40700260 0.44400081 -0.39602470
v -0.41063920 0.44400081 -0.40080130
v -0.41373220 0.44400081 -0.39602470
v -0.43392089 0.44400081 -0.43442228
v -0.42905709 0.44400081 -0.42958921
v -0.42719129 0.44400081 -0.43442228
v -0.42905709 0.44400081 -0.42958921
v -0.43392089 0.44400081 -0.43442228
v -0.43392089 0.44400081 -0.42722279
v -0.43392089 0.44400081 -0.42722279
v -0.43392089 0.44400081 -0.42002320
v -0.42991129 0.44400081 -0.42091078
v -0.42719129 0.44400081 -0.43442228
v -0.42347071 0.44400081 -0.42955559
v -0.42046171 0.44400081 -0.43442228
v -0.42347071 0.44400081 -0.42955559
v -0.42719129 0.44400081 -0.43442228
v -0.42905709 0.44400081 -0.42958921
v -0.42057499 0.44400081 -0.41469038
v -0.41776061 0.44400081 -0.41001728
v -0.41406101 0.44400081 -0.41444659
v -0.41293079 0.44400081 -0.40747640
v -0.41406101 0.44400081 -0.41444659
v -0.41776061 0.44400081 -0.41001728
v -0.41293079 0.44400081 -0.40747640
v -0.41063920 0.44400081 -0.40080130
v -0.40700260 0.44400081 -0.40562409
v -0.40700260 0.44400081 -0.40082440
v -0.40700260 0.44400081 -0.40562409
v -0.41063920 0.44400081 -0.40080130
v -0.41406101 0.44400081 -0.41444659
v -0.41293079 0.44400081 -0.40747640
v -0.40700260 0.44400081 -0.41282359
v -0.42046171 0.44400081 -0.43442228
v -0.41730511 0.44400081 -0.42949557
v -0.41373220 0.44400081 -0.43442228
v -0.41172269 0.44400081 -0.42993850
v -0.41373220 0.44400081 -0.43442228
v -0.41730511 0.44400081 -0.42949557
v -0.41373220 0.44400081 -0.43442228
v -0.41172269 0.44400081 -0.42993850
v -0.40700260 0.44400081 -0.43442228
v -0.40700260 0.44400081 -0.42722279
v -0.40700260 0.44400081 -0.43442228
v -0.41172269 0.44400081 -0.42993850
v -0.39927831 0.40275359 -0.43732011
v -0.39927831 0.40275359 -0.43202430
v -0.40442511 0.40275359 -0.43732011
v -0.41745290 0.40387309 -0.42955559
v -0.42154181 0.40387309 -0.42448997
v -0.42361841 0.40387309 -0.42949557
v -0.42154181 0.40387309 -0.42448997
v -0.41745290 0.40387309 -0.42955559
v -0.41380519 0.40387309 -0.42509490
v -0.40700260 0.40387309 -0.42002320
v -0.40700260 0.40387309 -0.41522348
v -0.41101229 0.40387309 -0.42091078
v -0.41714531 0.40387309 -0.41980791
v -0.42034861 0.40387309 -0.41469038
v -0.42390880 0.40387309 -0.41955990
v -0.42034861 0.40387309 -0.41469038
v -0.41714531 0.40387309 -0.41980791
v -0.41381651 0.40387309 -0.41505229
v -0.40700260 0.40387309 -0.41042379
v -0.40700260 0.40387309 -0.40322420
v -0.41080201 0.40387309 -0.40997970
v -0.41409400 0.40387309 -0.40511599
v -0.41080201 0.40387309 -0.40997970
v -0.40700260 0.40387309 -0.40322420
v -0.40700260 0.40387309 -0.40322420
v -0.40700260 0.40387309 -0.39602470
v -0.41199329 0.40387309 -0.40036660
v -0.41373211 0.40387309 -0.39602470
v -0.41199329 0.40387309 -0.40036660
v -0.40700260 0.40387309 -0.39602470
v -0.41199329 0.40387309 -0.40036660
v -0.41373211 0.40387309 -0.39602470
v -0.41784701 0.40387309 -0.40066090
v -0.42046171 0.40387309 -0.39602470
v -0.41784701 0.40387309 -0.40066090
v -0.41373211 0.40387309 -0.39602470
v -0.42799279 0.40387309 -0.40747640
v -0.42316300 0.40387309 -0.41001728
v -0.42067301 0.40387309 -0.40539157
v -0.41784701 0.40387309 -0.40066090
v -0.42046171 0.40387309 -0.39602470
v -0.42436221 0.40387309 -0.40074968
v -0.42719129 0.40387309 -0.39602470
v -0.42436221 0.40387309 -0.40074968
v -0.42046171 0.40387309 -0.39602470
v -0.42436221 0.40387309 -0.40074968
v -0.42719129 0.40387309 -0.39602470
v -0.43028429 0.40387309 -0.40080130
v -0.43392089 0.40387309 -0.39602470
v -0.43028429 0.40387309 -0.40080130
v -0.42719129 0.40387309 -0.39602470
v -0.40700260 0.40387309 -0.43442228
v -0.41186649 0.40387309 -0.42958921
v -0.41373211 0.40387309 -0.43442228
v -0.41186649 0.40387309 -0.42958921
v -0.40700260 0.40387309 -0.43442228
v -0.40700260 0.40387309 -0.42722279
v -0.40700260 0.40387309 -0.42722279
v -0.40700260 0.40387309 -0.42002320
v -0.41101229 0.40387309 -0.42091078
v -0.41373211 0.40387309 -0.43442228
v -0.41745290 0.40387309 -0.42955559
v -0.42046171 0.40387309 -0.43442228
v -0.41745290 0.40387309 -0.42955559
v -0.41373211 0.40387309 -0.43442228
v -0.41186649 0.40387309 -0.42958921
v -0.42034861 0.40387309 -0.41469038
v -0.42316300 0.40387309 -0.41001728
v -0.42686251 0.40387309 -0.41444659
v -0.42799279 0.40387309 -0.40747640
v -0.42686251 0.40387309 -0.41444659
v -0.42316300 0.40387309 -0.41001728
v -0.42799279 0.40387309 -0.40747640
v -0.43028429 0.40387309 -0.40080130
v -0.43392089 0.40387309 -0.40562409
v -0.43392089 0.40387309 -0.40082440
v -0.43392089 0.40387309 -0.40562409
v -0.43028429 0.40387309 -0.40080130
v -0.42686251 0.40387309 -0.41444659
v -0.42799279 0.40387309 -0.40747640
v -0.43392089 0.40387309 -0.41282359
v -0.42046171 0.40387309 -0.43442228
v -0.42361841 0.40387309 -0.42949557
v -0.42719129 0.40387309 -0.43442228
v -0.42920080 0.40387309 -0.42993850
v -0.42719129 0.40387309 -0.43442228
v -0.42361841 0.40387309 -0.42949557
v -0.42719129 0.40387309 -0.43442228
v -0.42920080 0.40387309 -0.42993850
v -0.43392089 0.40387309 -0.43442228
v -0.43392089 0.40387309 -0.42722279
v -0.43392089 0.40387309 -0.43442228
v -0.42920080 0.40387309 -0.42993850
v -0.44164509 0.43982449 -0.39495340
v -0.44164509 0.43452859 -0.39495340
v -0.43805131 0.43547079 -0.39495340
v -0.40249151 0.43456841 -0.39495340
v -0.40574780 0.43982449 -0.39495340
v -0.40574780 0.43452859 -0.39495340
v -0.44164509 0.44512030 -0.43202430
v -0.43517569 0.44512030 -0.43086690
v -0.43517569 0.44512030 -0.43599740
v -0.44164509 0.44512030 -0.41613668
v -0.44164509 0.44512030 -0.41084090
v -0.43517569 0.44512030 -0.41547540
v -0.43517569 0.44512030 -0.41034490
v -0.43517569 0.44512030 -0.41547540
v -0.44164509 0.44512030 -0.41084090
v -0.40574780 0.44512030 -0.43599740
v -0.40574780 0.44512030 -0.43086690
v -0.39927831 0.44512030 -0.43202430
v -0.39927831 0.40275359 -0.43202430
v -0.40574780 0.40275359 -0.43086690
v -0.40574780 0.40275359 -0.43599740
v -0.39927831 0.40275359 -0.40289709
v -0.39927831 0.40275359 -0.39495340
v -0.40292281 0.40275359 -0.39979041
v -0.40574780 0.40275359 -0.40008390
v -0.40574780 0.40275359 -0.40521440
v -0.40292281 0.40275359 -0.39979041
v -0.39927831 0.40275359 -0.41613668
v -0.39927831 0.40275359 -0.41084090
v -0.40574780 0.40275359 -0.41547540
v -0.40574780 0.40275359 -0.41034490
v -0.40574780 0.40275359 -0.41547540
v -0.39927831 0.40275359 -0.41084090
v -0.43392089 0.42895290 -0.39602470
v -0.43392089 0.43396890 -0.39602470
v -0.43517569 0.43452859 -0.39495340
v -0.43392089 0.43898481 -0.39602470
v -0.43517569 0.44512030 -0.39495340
v -0.43517569 0.43982449 -0.39495340
v -0.43517569 0.40804940 -0.39495340
v -0.43392089 0.40387309 -0.39602470
v -0.43392089 0.40888911 -0.39602470
v -0.43517569 0.41334531 -0.39495340
v -0.43392089 0.40888911 -0.39602470
v -0.43392089 0.41390508 -0.39602470
v -0.43392089 0.40888911 -0.39602470
v -0.43517569 0.41334531 -0.39495340
v -0.43517569 0.40804940 -0.39495340
v -0.43517569 0.42393702 -0.39495340
v -0.43517569 0.41864109 -0.39495340
v -0.43392089 0.41892099 -0.39602470
v -0.43392089 0.41390508 -0.39602470
v -0.43392089 0.41892099 -0.39602470
v -0.43517569 0.41864109 -0.39495340
v -0.43517569 0.41864109 -0.39495340
v -0.43517569 0.41334531 -0.39495340
v -0.43392089 0.41390508 -0.39602470
v -0.40700260 0.41892099 -0.39602470
v -0.40700260 0.41390508 -0.39602470
v -0.40574780 0.41334531 -0.39495340
v -0.40700260 0.40387309 -0.39602470
v -0.40574780 0.40804940 -0.39495340
v -0.40700260 0.40888911 -0.39602470
v -0.40574780 0.43982449 -0.39495340
v -0.40574780 0.44512030 -0.39495340
v -0.40700260 0.43898481 -0.39602470
v -0.40574780 0.43452859 -0.39495340
v -0.40700260 0.43898481 -0.39602470
v -0.40700260 0.43396890 -0.39602470
v -0.40700260 0.43898481 -0.39602470
v -0.40574780 0.43452859 -0.39495340
v -0.40574780 0.43982449 -0.39495340
v -0.40574780 0.42393702 -0.39495340
v -0.40574780 0.42923281 -0.39495340
v -0.40700260 0.42895290 -0.39602470
v -0.40700260 0.43396890 -0.39602470
v -0.40700260 0.42895290 -0.39602470
v -0.40574780 0.43452859 -0.39495340
v -0.40574780 0.42923281 -0.39495340
v -0.40574780 0.43452859 -0.39495340
v -0.40700260 0.42895290 -0.39602470
v -0.43392089 0.44400081 -0.42002320
v -0.43392089 0.44400081 -0.42722279
v -0.43517569 0.44512030 -0.42573640
v -0.43392089 0.44400081 -0.42722279
v -0.43392089 0.44400081 -0.43442228
v -0.43517569 0.44512030 -0.43086690
v -0.43517569 0.44512030 -0.39495340
v -0.43392089 0.44400081 -0.39602470
v -0.43517569 0.44512030 -0.40008390
v -0.43517569 0.44512030 -0.41547540
v -0.43517569 0.44512030 -0.41034490
v -0.43392089 0.44400081 -0.41522348
v -0.43392089 0.44400081 -0.40322420
v -0.43392089 0.44400081 -0.41042379
v -0.43517569 0.44512030 -0.40521440
v -0.43517569 0.44512030 -0.41034490
v -0.43517569 0.44512030 -0.40521440
v -0.43392089 0.44400081 -0.41042379
v -0.40700260 0.44400081 -0.40562409
v -0.40574780 0.44512030 -0.41034490
v -0.40700260 0.44400081 -0.41282359
v -0.40700260 0.44400081 -0.40082440
v -0.40574780 0.44512030 -0.39495340
v -0.40574780 0.44512030 -0.40008390
v -0.40700260 0.44400081 -0.43442228
v -0.40574780 0.44512030 -0.43086690
v -0.40574780 0.44512030 -0.43599740
v -0.40574780 0.44512030 -0.43086690
v -0.40700260 0.44400081 -0.43442228
v -0.40700260 0.44400081 -0.42722279
v -0.40574780 0.44512030 -0.41547540
v -0.40700260 0.44400081 -0.42002320
v -0.40700260 0.44400081 -0.41282359
v -0.40700260 0.44400081 -0.42722279
v -0.40700260 0.44400081 -0.42002320
v -0.40574780 0.44512030 -0.42573640
v -0.40574780 0.44512030 -0.42060590
v -0.40574780 0.44512030 -0.42573640
v -0.40700260 0.44400081 -0.42002320
v -0.40700260 0.40387309 -0.42002320
v -0.40700260 0.40387309 -0.42722279
v -0.40574780 0.40275359 -0.42573640
v -0.40700260 0.40387309 -0.42722279
v -0.40700260 0.40387309 -0.43442228
v -0.40574780 0.40275359 -0.43086690
v -0.40574780 0.40275359 -0.39495340
v -0.40700260 0.40387309 -0.39602470
v -0.40574780 0.40275359 -0.40008390
v -0.40574780 0.40275359 -0.41547540
v -0.40574780 0.40275359 -0.41034490
v -0.40700260 0.40387309 -0.41522348
v -0.40700260 0.40387309 -0.40322420
v -0.40700260 0.40387309 -0.41042379
v -0.40574780 0.40275359 -0.40521440
v -0.40574780 0.40275359 -0.41034490
v -0.40574780 0.40275359 -0.40521440
v -0.40700260 0.40387309 -0.41042379
v -0.43392089 0.40387309 -0.40562409
v -0.43517569 0.40275359 -0.41034490
v -0.43392089 0.40387309 -0.41282359
v -0.43392089 0.40387309 -0.39602470
v -0.43517569 0.40275359 -0.39495340
v -0.43517569 0.40275359 -0.40008390
v -0.43392089 0.40387309 -0.43442228
v -0.43517569 0.40275359 -0.43086690
v -0.43517569 0.40275359 -0.43599740
v -0.43517569 0.40275359 -0.43086690
v -0.43392089 0.40387309 -0.43442228
v -0.43392089 0.40387309 -0.42722279
v -0.43517569 0.40275359 -0.41547540
v -0.43392089 0.40387309 -0.42002320
v -0.43392089 0.40387309 -0.41282359
v -0.43392089 0.40387309 -0.42722279
v -0.43392089 0.40387309 -0.42002320
v -0.43517569 0.40275359 -0.42573640
v -0.43517569 0.40275359 -0.42060590
v -0.43517569 0.40275359 -0.42573640
v -0.43392089 0.40387309 -0.42002320
v 0.12036750 0.44512051 -0.43732011
v 0.12036750 0.43982461 -0.43732011
v 0.12036750 0.43982461 -0.43202430
v 0.12036750 0.43982461 -0.43732011
v 0.12036750 0.43452880 -0.43732011
v 0.12036750 0.43438739 -0.43216559
v 0.12036750 0.43982461 -0.43202430
v 0.12036750 0.43438739 -0.43216559
v 0.12036750 0.43452880 -0.42672840
v 0.12036750 0.43438739 -0.43216559
v 0.12036750 0.42923290 -0.43732011
v 0.12036750 0.42902708 -0.43184459
v 0.12036750 0.42923290 -0.43732011
v 0.12036750 0.42393708 -0.43732011
v 0.12036750 0.42357200 -0.43236390
v 0.12036750 0.42902708 -0.43184459
v 0.12036750 0.42357200 -0.43236390
v 0.12036750 0.42392430 -0.42674088
v 0.12036750 0.43452880 -0.42672840
v 0.12036750 0.42923272 -0.42672870
v 0.12036750 0.42923290 -0.42143258
v 0.12036750 0.42923272 -0.42672870
v 0.12036750 0.42392430 -0.42674088
v 0.12036750 0.42393678 -0.42143291
v 0.12036750 0.42923290 -0.42143258
v 0.12036750 0.42393678 -0.42143291
v 0.12036750 0.42393708 -0.41613680
v 0.12036750 0.42357200 -0.43236390
v 0.12036750 0.41864121 -0.43732011
v 0.12036750 0.41812000 -0.43167567
v 0.12036750 0.41864121 -0.43732011
v 0.12036750 0.41334540 -0.43732011
v 0.12036750 0.41322881 -0.43313590
v 0.12036750 0.41812000 -0.43167567
v 0.12036750 0.41322881 -0.43313590
v 0.12036750 0.41318142 -0.42772931
v 0.12036750 0.41322881 -0.43313590
v 0.12036750 0.40804958 -0.43732011
v 0.12036760 0.40786868 -0.43233150
v 0.12036750 0.41294301 -0.42188340
v 0.12036760 0.40780580 -0.42701310
v 0.12036760 0.40744901 -0.42206657
v 0.12036760 0.40744901 -0.42206657
v 0.12036760 0.40275371 -0.42672840
v 0.12036760 0.40275371 -0.42143258
v 0.12036760 0.40799931 -0.41699690
v 0.12036760 0.40275371 -0.42143258
v 0.12036760 0.40275371 -0.41613668
v 0.12036750 0.42393708 -0.41613680
v 0.12036750 0.41864070 -0.41613758
v 0.12036750 0.41864121 -0.41084099
v 0.12036750 0.41864070 -0.41613758
v 0.12036750 0.41332000 -0.41618937
v 0.12036750 0.41333351 -0.41085330
v 0.12036750 0.41864121 -0.41084099
v 0.12036750 0.41333351 -0.41085330
v 0.12036750 0.41334522 -0.40554529
v 0.12036750 0.41332000 -0.41618937
v 0.12036760 0.40799931 -0.41699690
v 0.12036760 0.40769890 -0.41121471
v 0.12036760 0.40769890 -0.41121471
v 0.12036760 0.40275371 -0.41613668
v 0.12036760 0.40275371 -0.41084090
v 0.12036760 0.40769890 -0.41121471
v 0.12036760 0.40275371 -0.41084090
v 0.12036760 0.40275371 -0.40554509
v 0.12036750 0.41334522 -0.40554529
v 0.12036760 0.40803802 -0.40555689
v 0.12036760 0.40804952 -0.40024939
v 0.12036760 0.40803802 -0.40555689
v 0.12036760 0.40275371 -0.40554509
v 0.12036760 0.40275371 -0.40024918
v 0.12036760 0.40804952 -0.40024939
v 0.12036760 0.40275371 -0.40024918
v 0.12036760 0.40275371 -0.39495340
v 0.12036750 0.44512051 -0.43732011
v 0.12036750 0.43982461 -0.43202430
v 0.12036750 0.44512051 -0.43202430
v 0.12036750 0.43982461 -0.43202430
v 0.12036750 0.43452880 -0.42672840
v 0.12036750 0.43982461 -0.42672840
v 0.12036750 0.44512051 -0.43202430
v 0.12036750 0.43982461 -0.42672840
v 0.12036750 0.44512051 -0.42672840
v 0.12036750 0.43452880 -0.42672840
v 0.12036750 0.42923290 -0.42143258
v 0.12036750 0.43452880 -0.42143258
v 0.12036750 0.42923290 -0.42143258
v 0.12036750 0.42393708 -0.41613680
v 0.12036750 0.42923301 -0.41613668
v 0.12036750 0.43452880 -0.42143258
v 0.12036750 0.42923301 -0.41613668
v 0.12036750 0.43452910 -0.41613668
v 0.12036750 0.44512051 -0.42672840
v 0.12036750 0.43982461 -0.42143258
v 0.12036750 0.44512051 -0.42143258
v 0.12036750 0.43982461 -0.42143258
v 0.12036750 0.43452910 -0.41613668
v 0.12036750 0.43982521 -0.41613668
v 0.12036750 0.44512051 -0.42143258
v 0.12036750 0.43982521 -0.41613668
v 0.12036750 0.44512051 -0.41613668
v 0.12036750 0.42393708 -0.41613680
v 0.12036750 0.41864121 -0.41084099
v 0.12036750 0.42393830 -0.41083989
v 0.12036750 0.41864121 -0.41084099
v 0.12036750 0.41334522 -0.40554529
v 0.12036750 0.41864341 -0.40554300
v 0.12036750 0.42393830 -0.41083989
v 0.12036750 0.41864341 -0.40554300
v 0.12036750 0.42397249 -0.40551460
v 0.12036750 0.41334522 -0.40554529
v 0.12036760 0.40804952 -0.40024939
v 0.12036750 0.41334650 -0.40024820
v 0.12036760 0.40804952 -0.40024939
v 0.12036760 0.40275371 -0.39495340
v 0.12036750 0.40804958 -0.39495340
v 0.12036750 0.41334650 -0.40024820
v 0.12036750 0.40804958 -0.39495340
v 0.12036750 0.41334540 -0.39495340
v 0.12036750 0.42397249 -0.40551460
v 0.12036750 0.41867360 -0.40021920
v 0.12036750 0.42448419 -0.39976817
v 0.12036750 0.41867360 -0.40021920
v 0.12036750 0.41334540 -0.39495340
v 0.12036750 0.41864121 -0.39495340
v 0.12036750 0.42448419 -0.39976817
v 0.12036750 0.41864121 -0.39495340
v 0.12036750 0.42393708 -0.39495340
v 0.12036750 0.44512051 -0.41613668
v 0.12036750 0.43983760 -0.41084090
v 0.12036750 0.44512051 -0.41084090
v 0.12036750 0.43983760 -0.41084090
v 0.12036750 0.43468410 -0.40553111
v 0.12036750 0.43998179 -0.40558338
v 0.12036750 0.44512051 -0.41084090
v 0.12036750 0.43998179 -0.40558338
v 0.12036750 0.44512051 -0.40554509
v 0.12036750 0.43468410 -0.40553111
v 0.12036750 0.43042409 -0.40027851
v 0.12036750 0.43581459 -0.40016770
v 0.12036750 0.43042409 -0.40027851
v 0.12036750 0.42448419 -0.39976817
v 0.12036750 0.42923290 -0.39495340
v 0.12036750 0.43581459 -0.40016770
v 0.12036750 0.43042409 -0.40027851
v 0.12036750 0.43452880 -0.39495340
v 0.12036750 0.44512051 -0.40554509
v 0.12036750 0.44072789 -0.40102100
v 0.12036750 0.44512051 -0.40024918
v 0.12036750 0.44072789 -0.40102100
v 0.12036750 0.43581459 -0.40016770
v 0.12036750 0.43982461 -0.39495340
v 0.12036750 0.44512051 -0.40024918
v 0.12036750 0.43982461 -0.39495340
v 0.12036750 0.44512051 -0.39495340
v 0.16273430 0.40275371 -0.43732011
v 0.16273430 0.40275371 -0.43202430
v 0.15758760 0.40275371 -0.43732011
v 0.16273430 0.40275371 -0.41084090
v 0.16273430 0.40275371 -0.40554509
v 0.15626490 0.40275371 -0.41034490
v 0.15626490 0.40275371 -0.39495340
v 0.15872420 0.40275371 -0.39929029
v 0.16273430 0.40275371 -0.39495340
v 0.16273430 0.40275371 -0.43732011
v 0.16273430 0.40804958 -0.43732011
v 0.16273430 0.40810472 -0.43207249
v 0.16273430 0.40804958 -0.43732011
v 0.16273430 0.41334540 -0.43732011
v 0.16273430 0.41399539 -0.43255121
v 0.16273430 0.40810472 -0.43207249
v 0.16273430 0.41399539 -0.43255121
v 0.16273430 0.41340739 -0.42677581
v 0.16273430 0.41399539 -0.43255121
v 0.16273430 0.41864121 -0.43732011
v 0.16273430 0.41951931 -0.43126941
v 0.16273430 0.41864121 -0.43732011
v 0.16273430 0.42393708 -0.43732011
v 0.16273430 0.42401341 -0.43195981
v 0.16273430 0.41951931 -0.43126941
v 0.16273430 0.42401341 -0.43195981
v 0.16273430 0.42401940 -0.42666048
v 0.16273430 0.41340739 -0.42677581
v 0.16273430 0.41877121 -0.42670888
v 0.16273430 0.41865140 -0.42143410
v 0.16273430 0.41877121 -0.42670888
v 0.16273430 0.42401940 -0.42666048
v 0.16273430 0.42394850 -0.42142799
v 0.16273430 0.41865140 -0.42143410
v 0.16273430 0.42394850 -0.42142799
v 0.16273430 0.42393780 -0.41613659
v 0.16273430 0.42393708 -0.43732011
v 0.16273430 0.42923290 -0.43732011
v 0.16273430 0.42926079 -0.43212020
v 0.16273430 0.42923290 -0.43732011
v 0.16273430 0.43452880 -0.43732011
v 0.16273430 0.43462950 -0.43315101
v 0.16273430 0.42926079 -0.43212020
v 0.16273430 0.43462950 -0.43315101
v 0.16273430 0.43467680 -0.42774421
v 0.16273430 0.43462950 -0.43315101
v 0.16273430 0.43982461 -0.43732011
v 0.16273430 0.44000521 -0.43233189
v 0.16273430 0.43493110 -0.42188320
v 0.16273430 0.44006830 -0.42701328
v 0.16273430 0.44042522 -0.42206657
v 0.16273430 0.44042522 -0.42206657
v 0.16273430 0.44512051 -0.42672840
v 0.16273430 0.44512051 -0.42143258
v 0.16273430 0.43987492 -0.41699690
v 0.16273430 0.44512051 -0.42143258
v 0.16273430 0.44512051 -0.41613668
v 0.16273430 0.42393780 -0.41613659
v 0.16273430 0.42923409 -0.41613740
v 0.16273430 0.42923310 -0.41084099
v 0.16273430 0.42923409 -0.41613740
v 0.16273430 0.43455440 -0.41618931
v 0.16273430 0.43454069 -0.41085330
v 0.16273430 0.42923310 -0.41084099
v 0.16273430 0.43454069 -0.41085330
v 0.16273430 0.43452901 -0.40554529
v 0.16273430 0.43455440 -0.41618931
v 0.16273430 0.43987492 -0.41699690
v 0.16273430 0.44017529 -0.41121471
v 0.16273430 0.44017529 -0.41121471
v 0.16273430 0.44512051 -0.41613668
v 0.16273430 0.44512051 -0.41084090
v 0.16273430 0.44017529 -0.41121471
v 0.16273430 0.44512051 -0.41084090
v 0.16273430 0.44512051 -0.40554509
v 0.16273430 0.43452901 -0.40554529
v 0.16273430 0.43983620 -0.40555689
v 0.16273430 0.43982479 -0.40024939
v 0.16273430 0.43983620 -0.40555689
v 0.16273430 0.44512051 -0.40554509
v 0.16273430 0.44512051 -0.40024918
v 0.16273430 0.43982479 -0.40024939
v 0.16273430 0.44512051 -0.40024918
v 0.16273430 0.44512051 -0.39495340
v 0.16273430 0.40275371 -0.43732011
v 0.16273430 0.40810472 -0.43207249
v 0.16273430 0.40275371 -0.43202430
v 0.16273430 0.40810472 -0.43207249
v 0.16273430 0.41340739 -0.42677581
v 0.16273430 0.40805548 -0.42673367
v 0.16273430 0.40275371 -0.43202430
v 0.16273430 0.40805548 -0.42673367
v 0.16273430 0.40275371 -0.42672840
v 0.16273430 0.41340739 -0.42677581
v 0.16273430 0.41865140 -0.42143410
v 0.16273430 0.41334900 -0.42143539
v 0.16273430 0.41865140 -0.42143410
v 0.16273430 0.42393780 -0.41613659
v 0.16273430 0.41864169 -0.41613689
v 0.16273430 0.41334900 -0.42143539
v 0.16273430 0.41864169 -0.41613689
v 0.16273430 0.41334552 -0.41613689
v 0.16273430 0.40275371 -0.42672840
v 0.16273430 0.40804988 -0.42143291
v 0.16273430 0.40275371 -0.42143258
v 0.16273430 0.40804988 -0.42143291
v 0.16273430 0.41334552 -0.41613689
v 0.16273430 0.40804958 -0.41613680
v 0.16273430 0.40275371 -0.42143258
v 0.16273430 0.40804958 -0.41613680
v 0.16273430 0.40275371 -0.41613668
v 0.16273430 0.42393780 -0.41613659
v 0.16273430 0.42923310 -0.41084099
v 0.16273430 0.42393708 -0.41084090
v 0.16273430 0.42923310 -0.41084099
v 0.16273430 0.43452901 -0.40554529
v 0.16273430 0.42923290 -0.40554509
v 0.16273430 0.42393708 -0.41084090
v 0.16273430 0.42923290 -0.40554509
v 0.16273430 0.42393708 -0.40554509
v 0.16273430 0.43452901 -0.40554529
v 0.16273430 0.43982479 -0.40024939
v 0.16273430 0.43452880 -0.40024918
v 0.16273430 0.43982479 -0.40024939
v 0.16273430 0.44512051 -0.39495340
v 0.16273430 0.43982461 -0.39495340
v 0.16273430 0.43452880 -0.40024918
v 0.16273430 0.43982461 -0.39495340
v 0.16273430 0.43452880 -0.39495340
v 0.16273430 0.42393708 -0.40554509
v 0.16273430 0.42923290 -0.40024918
v 0.16273430 0.42393708 -0.40024918
v 0.16273430 0.42923290 -0.40024918
v 0.16273430 0.43452880 -0.39495340
v 0.16273430 0.42923290 -0.39495340
v 0.16273430 0.42393708 -0.40024918
v 0.16273430 0.42923290 -0.39495340
v 0.16273430 0.42393708 -0.39495340
v 0.16273430 0.40275371 -0.41613668
v 0.16273430 0.40804958 -0.41084090
v 0.16273430 0.40275371 -0.41084090
v 0.16273430 0.40804958 -0.41084090
v 0.16273430 0.41334540 -0.40554509
v 0.16273430 0.40804958 -0.40554509
v 0.16273430 0.40275371 -0.41084090
v 0.16273430 0.40804958 -0.40554509
v 0.16273430 0.40275371 -0.40554509
v 0.16273430 0.41334540 -0.40554509
v 0.16273430 0.41864130 -0.40024918
v 0.16273430 0.41334540 -0.40024918
v 0.16273430 0.41864130 -0.40024918
v 0.16273430 0.42393708 -0.39495340
v 0.16273430 0.41864121 -0.39495340
v 0.16273430 0.41334540 -0.40024918
v 0.16273430 0.41864121 -0.39495340
v 0.16273430 0.41334540 -0.39495340
v 0.16273430 0.40275371 -0.40554509
v 0.16273430 0.40804958 -0.40024918
v 0.16273430 0.40275371 -0.40024918
v 0.16273430 0.40804958 -0.40024918
v 0.16273430 0.41334540 -0.39495340
v 0.16273430 0.40804958 -0.39495340
v 0.16273430 0.40275371 -0.40024918
v 0.16273430 0.40804958 -0.39495340
v 0.16273430 0.40275371 -0.39495340
v 0.12036750 0.44512051 -0.43732011
v 0.12036750 0.44512051 -0.43202430
v 0.12551430 0.44512051 -0.43732011
v 0.12036750 0.44512051 -0.41084090
v 0.12036750 0.44512051 -0.40554509
v 0.12683700 0.44512051 -0.41034490
v 0.12683700 0.44512051 -0.39495340
v 0.12437770 0.44512051 -0.39929029
v 0.12036750 0.44512051 -0.39495340
v 0.15584520 0.43435138 -0.43732011
v 0.15871011 0.43890059 -0.43732011
v 0.16273430 0.43452880 -0.43732011
v 0.16273430 0.44512051 -0.43732011
v 0.16273430 0.43982461 -0.43732011
v 0.15758760 0.44512051 -0.43732011
v 0.15578260 0.42395020 -0.43732011
v 0.15858591 0.42917782 -0.43732011
v 0.16273430 0.42393708 -0.43732011
v 0.16273430 0.42923290 -0.43732011
v 0.16273430 0.42393708 -0.43732011
v 0.15858591 0.42917782 -0.43732011
v 0.15758760 0.40275371 -0.43732011
v 0.15880939 0.40800422 -0.43732011
v 0.16273430 0.40275371 -0.43732011
v 0.16273430 0.40804958 -0.43732011
v 0.16273430 0.40275371 -0.43732011
v 0.15880939 0.40800422 -0.43732011
v 0.16273430 0.41864121 -0.43732011
v 0.16273430 0.41334540 -0.43732011
v 0.15872119 0.41858050 -0.43732011
v 0.12036750 0.44512051 -0.39495340
v 0.12367800 0.43984851 -0.39495340
v 0.12683700 0.44512051 -0.39495340
v 0.12367800 0.43984851 -0.39495340
v 0.12036750 0.44512051 -0.39495340
v 0.12036750 0.43982461 -0.39495340
v 0.12683700 0.40804958 -0.39495340
v 0.12401420 0.41338152 -0.39495340
v 0.12036750 0.40804958 -0.39495340
v 0.12036750 0.42393708 -0.39495340
v 0.12036750 0.41864121 -0.39495340
v 0.12317350 0.41892371 -0.39495340
v 0.12401420 0.41338152 -0.39495340
v 0.12317350 0.41892371 -0.39495340
v 0.12036750 0.41334540 -0.39495340
v 0.12036750 0.41864121 -0.39495340
v 0.12036750 0.41334540 -0.39495340
v 0.12317350 0.41892371 -0.39495340
v 0.16273430 0.42393708 -0.39495340
v 0.16273430 0.42923290 -0.39495340
v 0.15987711 0.42400241 -0.39495340
v 0.16273430 0.42923290 -0.39495340
v 0.16273430 0.43452880 -0.39495340
v 0.15951291 0.42929271 -0.39495340
v 0.16273430 0.43452880 -0.39495340
v 0.16273430 0.43982461 -0.39495340
v 0.15876830 0.43461490 -0.39495340
v 0.15626490 0.43982461 -0.39495340
v 0.15876830 0.43461490 -0.39495340
v 0.16273430 0.43982461 -0.39495340
v 0.16273430 0.40275371 -0.39495340
v 0.15909290 0.40801018 -0.39495340
v 0.15626490 0.40275371 -0.39495340
v 0.15909290 0.40801018 -0.39495340
v 0.16273430 0.40275371 -0.39495340
v 0.16273430 0.40804958 -0.39495340
v 0.14502659 0.40905380 -0.39602470
v 0.14160500 0.41413599 -0.39602470
v 0.13864630 0.40911692 -0.39602470
v 0.14160500 0.41413599 -0.39602470
v 0.14502659 0.40905380 -0.39602470
v 0.14820839 0.41441551 -0.39602470
v 0.14820839 0.41441551 -0.39602470
v 0.15068430 0.41941220 -0.39602470
v 0.14488231 0.41907889 -0.39602470
v 0.15068430 0.41941220 -0.39602470
v 0.15501010 0.42393708 -0.39602470
v 0.14857860 0.42404610 -0.39602470
v 0.14488231 0.41907889 -0.39602470
v 0.14857860 0.42404610 -0.39602470
v 0.14187640 0.42386472 -0.39602470
v 0.14791121 0.43399322 -0.39602470
v 0.15108420 0.42923892 -0.39602470
v 0.15501010 0.43396902 -0.39602470
v 0.15501010 0.43898490 -0.39602470
v 0.15501010 0.44400090 -0.39602470
v 0.15069561 0.43897861 -0.39602470
v 0.14828050 0.44400090 -0.39602470
v 0.15069561 0.43897861 -0.39602470
v 0.15501010 0.44400090 -0.39602470
v 0.15069561 0.43897861 -0.39602470
v 0.14828050 0.44400090 -0.39602470
v 0.14435630 0.43893591 -0.39602470
v 0.14155090 0.44400090 -0.39602470
v 0.14435630 0.43893591 -0.39602470
v 0.14828050 0.44400090 -0.39602470
v 0.13234530 0.42888120 -0.39602470
v 0.12809180 0.43396902 -0.39602458
v 0.12809180 0.42895299 -0.39602458
v 0.12809180 0.43396902 -0.39602458
v 0.13234530 0.42888120 -0.39602470
v 0.13512769 0.43389580 -0.39602470
v 0.13821781 0.43893939 -0.39602470
v 0.13482140 0.44400090 -0.39602470
v 0.13227031 0.43897241 -0.39602470
v 0.13482140 0.44400090 -0.39602470
v 0.13821781 0.43893939 -0.39602470
v 0.14155090 0.44400090 -0.39602470
v 0.13227031 0.43897241 -0.39602470
v 0.12809180 0.44400090 -0.39602470
v 0.12809180 0.43898490 -0.39602470
v 0.12809180 0.44400090 -0.39602470
v 0.13227031 0.43897241 -0.39602470
v 0.13482140 0.44400090 -0.39602470
v 0.15501010 0.41641310 -0.39602470
v 0.15068430 0.41941220 -0.39602470
v 0.14820839 0.41441551 -0.39602470
v 0.14828050 0.40387321 -0.39602470
v 0.14502659 0.40905380 -0.39602470
v 0.14155100 0.40387321 -0.39602470
v 0.14502659 0.40905380 -0.39602470
v 0.14828050 0.40387321 -0.39602470
v 0.15169799 0.40868872 -0.39602470
v 0.14498150 0.42891780 -0.39602470
v 0.14143629 0.43383682 -0.39602470
v 0.13846660 0.42879522 -0.39602470
v 0.14187640 0.42386472 -0.39602470
v 0.13846660 0.42879522 -0.39602470
v 0.13513580 0.42384988 -0.39602470
v 0.14143629 0.43383682 -0.39602470
v 0.13821781 0.43893939 -0.39602470
v 0.13512769 0.43389580 -0.39602470
v 0.13821781 0.43893939 -0.39602470
v 0.14143629 0.43383682 -0.39602470
v 0.14435630 0.43893591 -0.39602470
v 0.13513580 0.42384988 -0.39602470
v 0.13234530 0.42888120 -0.39602470
v 0.12809180 0.42393708 -0.39602470
v 0.14155100 0.40387321 -0.39602470
v 0.13864630 0.40911692 -0.39602470
v 0.13482140 0.40387321 -0.39602470
v 0.13209680 0.40970832 -0.39602470
v 0.13482140 0.40387321 -0.39602470
v 0.13864630 0.40911692 -0.39602470
v 0.13509171 0.41439289 -0.39602470
v 0.13254550 0.41929790 -0.39602470
v 0.12809180 0.41641310 -0.39602470
v 0.13254550 0.41929790 -0.39602470
v 0.13509171 0.41439289 -0.39602470
v 0.13809571 0.41896832 -0.39602470
v 0.13482140 0.40387321 -0.39602470
v 0.13209680 0.40970832 -0.39602470
v 0.12809180 0.40387321 -0.39602470
v 0.12809180 0.40888920 -0.39602470
v 0.12809180 0.40387321 -0.39602470
v 0.13209680 0.40970832 -0.39602470
v 0.12036750 0.42393708 -0.43732011
v 0.12036750 0.42923290 -0.43732011
v 0.12397790 0.42906100 -0.43732011
v 0.12551430 0.44512051 -0.43732011
v 0.12400720 0.43988171 -0.43732011
v 0.12036750 0.44512051 -0.43732011
v 0.12400720 0.43988171 -0.43732011
v 0.12036750 0.43452880 -0.43732011
v 0.12036750 0.43982461 -0.43732011
v 0.12714159 0.42384869 -0.43732011
v 0.12450040 0.41865730 -0.43732011
v 0.12036750 0.42393708 -0.43732011
v 0.12036750 0.41864121 -0.43732011
v 0.12036750 0.42393708 -0.43732011
v 0.12450040 0.41865730 -0.43732011
v 0.12725540 0.41351280 -0.43732011
v 0.12439220 0.40897191 -0.43732011
v 0.12036750 0.41334540 -0.43732011
v 0.12036760 0.40275371 -0.43732011
v 0.12036750 0.40804958 -0.43732011
v 0.12551430 0.40275371 -0.43732011
v 0.13012759 0.40821409 -0.43732011
v 0.13416600 0.41348141 -0.43732011
v 0.13713180 0.40811521 -0.43732011
v 0.13416600 0.41348141 -0.43732011
v 0.13012759 0.40821409 -0.43732011
v 0.12725540 0.41351280 -0.43732011
v 0.12450040 0.41865730 -0.43732011
v 0.12714159 0.42384869 -0.43732011
v 0.13113260 0.41869539 -0.43732011
v 0.13419050 0.42392251 -0.43732011
v 0.13113260 0.41869539 -0.43732011
v 0.12714159 0.42384869 -0.43732011
v 0.13113260 0.41869539 -0.43732011
v 0.13419050 0.42392251 -0.43732011
v 0.13844170 0.41870332 -0.43732011
v 0.14154559 0.42393559 -0.43732011
v 0.13844170 0.41870332 -0.43732011
v 0.13419050 0.42392251 -0.43732011
v 0.12397790 0.42906100 -0.43732011
v 0.12703060 0.43450570 -0.43732011
v 0.13033640 0.42914870 -0.43732011
v 0.13413250 0.43450910 -0.43732011
v 0.13033640 0.42914870 -0.43732011
v 0.12703060 0.43450570 -0.43732011
v 0.12400720 0.43988171 -0.43732011
v 0.12551430 0.44512051 -0.43732011
v 0.13070101 0.43984070 -0.43732011
v 0.13353260 0.44512051 -0.43732011
v 0.13070101 0.43984070 -0.43732011
v 0.12551430 0.44512051 -0.43732011
v 0.13070101 0.43984070 -0.43732011
v 0.13353260 0.44512051 -0.43732011
v 0.13834929 0.43981031 -0.43732011
v 0.14155090 0.44512051 -0.43732011
v 0.13834929 0.43981031 -0.43732011
v 0.13353260 0.44512051 -0.43732011
v 0.14893299 0.43439010 -0.43732011
v 0.14465190 0.42916790 -0.43732011
v 0.14156710 0.43447518 -0.43732011
v 0.13834929 0.43981031 -0.43732011
v 0.14155090 0.44512051 -0.43732011
v 0.14596900 0.43975881 -0.43732011
v 0.14956930 0.44512051 -0.43732011
v 0.14596900 0.43975881 -0.43732011
v 0.14155090 0.44512051 -0.43732011
v 0.15297440 0.43965879 -0.43732011
v 0.15758760 0.44512051 -0.43732011
v 0.15871011 0.43890059 -0.43732011
v 0.15758760 0.44512051 -0.43732011
v 0.15297440 0.43965879 -0.43732011
v 0.14956930 0.44512051 -0.43732011
v 0.12551430 0.40275371 -0.43732011
v 0.13012759 0.40821409 -0.43732011
v 0.13353260 0.40275371 -0.43732011
v 0.13012759 0.40821409 -0.43732011
v 0.12551430 0.40275371 -0.43732011
v 0.12439220 0.40897191 -0.43732011
v 0.13416600 0.41348141 -0.43732011
v 0.13844170 0.41870332 -0.43732011
v 0.14152899 0.41339770 -0.43732011
v 0.13353260 0.40275371 -0.43732011
v 0.13713180 0.40811521 -0.43732011
v 0.14155100 0.40275371 -0.43732011
v 0.14473820 0.40806350 -0.43732011
v 0.14155100 0.40275371 -0.43732011
v 0.13713180 0.40811521 -0.43732011
v 0.14154559 0.42393559 -0.43732011
v 0.14465190 0.42916790 -0.43732011
v 0.14886320 0.42393500 -0.43732011
v 0.15193850 0.42916051 -0.43732011
v 0.14886320 0.42393500 -0.43732011
v 0.14465190 0.42916790 -0.43732011
v 0.14893299 0.43439010 -0.43732011
v 0.15297440 0.43965879 -0.43732011
v 0.15584520 0.43435138 -0.43732011
v 0.15297440 0.43965879 -0.43732011
v 0.14893299 0.43439010 -0.43732011
v 0.14596900 0.43975881 -0.43732011
v 0.14886320 0.42393500 -0.43732011
v 0.15193850 0.42916051 -0.43732011
v 0.15578260 0.42395020 -0.43732011
v 0.15858591 0.42917782 -0.43732011
v 0.15578260 0.42395020 -0.43732011
v 0.15193850 0.42916051 -0.43732011
v 0.14155100 0.40275371 -0.43732011
v 0.14473820 0.40806350 -0.43732011
v 0.14956930 0.40275371 -0.43732011
v 0.15229940 0.40803230 -0.43732011
v 0.14956930 0.40275371 -0.43732011
v 0.14473820 0.40806350 -0.43732011
v 0.14891930 0.41335279 -0.43732011
v 0.15261009 0.41865480 -0.43732011
v 0.15587260 0.41331118 -0.43732011
v 0.15872119 0.41858050 -0.43732011
v 0.15587260 0.41331118 -0.43732011
v 0.15261009 0.41865480 -0.43732011
v 0.14956930 0.40275371 -0.43732011
v 0.15229940 0.40803230 -0.43732011
v 0.15758760 0.40275371 -0.43732011
v 0.15880939 0.40800422 -0.43732011
v 0.15758760 0.40275371 -0.43732011
v 0.15229940 0.40803230 -0.43732011
v 0.15626490 0.44512051 -0.42573640
v 0.16273430 0.44512051 -0.42672840
v 0.15626490 0.44512051 -0.43086690
v 0.15922470 0.44512051 -0.40549558
v 0.16273430 0.44512051 -0.40024918
v 0.16273430 0.44512051 -0.40554509
v 0.16273430 0.44512051 -0.40024918
v 0.15922470 0.44512051 -0.40549558
v 0.15626490 0.44512051 -0.40008390
v 0.14813910 0.44400090 -0.42494828
v 0.14480640 0.44400090 -0.42956299
v 0.14122610 0.44400090 -0.42411169
v 0.13845550 0.44400090 -0.42941260
v 0.14122610 0.44400090 -0.42411169
v 0.14480640 0.44400090 -0.42956299
v 0.13850640 0.44400090 -0.41914368
v 0.14315630 0.44400090 -0.41474140
v 0.14549939 0.44400090 -0.41862041
v 0.14155090 0.44400090 -0.43442228
v 0.13482140 0.44400090 -0.43442228
v 0.13845550 0.44400090 -0.42941260
v 0.13270409 0.44400090 -0.42985600
v 0.13845550 0.44400090 -0.42941260
v 0.13482140 0.44400090 -0.43442228
v 0.13482140 0.44400090 -0.43442228
v 0.12809180 0.44400090 -0.43442228
v 0.13270409 0.44400090 -0.42985600
v 0.12809180 0.44400090 -0.42722279
v 0.13270409 0.44400090 -0.42985600
v 0.12809180 0.44400090 -0.43442228
v 0.13298739 0.44400090 -0.40984848
v 0.13900030 0.44400090 -0.41185391
v 0.13523720 0.44400090 -0.41457400
v 0.13523720 0.44400090 -0.41457400
v 0.12809180 0.44400090 -0.41282359
v 0.13298739 0.44400090 -0.40984848
v 0.13500810 0.44400090 -0.40541598
v 0.12809180 0.44400090 -0.40562409
v 0.13236579 0.44400090 -0.40072078
v 0.15501010 0.44400090 -0.43442228
v 0.15021320 0.44400090 -0.43001431
v 0.15501010 0.44400090 -0.42722279
v 0.15021320 0.44400090 -0.43001431
v 0.15501010 0.44400090 -0.43442228
v 0.14828050 0.44400090 -0.43442228
v 0.14828050 0.44400090 -0.43442228
v 0.14480640 0.44400090 -0.42956299
v 0.15021320 0.44400090 -0.43001431
v 0.14480640 0.44400090 -0.42956299
v 0.14828050 0.44400090 -0.43442228
v 0.14155090 0.44400090 -0.43442228
v 0.15501010 0.44400090 -0.42002320
v 0.15501010 0.44400090 -0.42722279
v 0.15128270 0.44400090 -0.42024070
v 0.14140590 0.44400090 -0.40545049
v 0.13900030 0.44400090 -0.41185391
v 0.13500810 0.44400090 -0.40541598
v 0.13236579 0.44400090 -0.40072078
v 0.13482140 0.44400090 -0.39602470
v 0.13774420 0.44400090 -0.40068740
v 0.13482140 0.44400090 -0.39602470
v 0.13236579 0.44400090 -0.40072078
v 0.12809180 0.44400090 -0.39602470
v 0.13774420 0.44400090 -0.40068740
v 0.14155090 0.44400090 -0.39602470
v 0.14423481 0.44400090 -0.40073559
v 0.14155090 0.44400090 -0.39602470
v 0.13774420 0.44400090 -0.40068740
v 0.13482140 0.44400090 -0.39602470
v 0.15084100 0.44400090 -0.40999910
v 0.15501010 0.44400090 -0.40562409
v 0.15501010 0.44400090 -0.41282359
v 0.15501010 0.44400090 -0.40562409
v 0.15084100 0.44400090 -0.40999910
v 0.14795960 0.44400090 -0.40550017
v 0.14423481 0.44400090 -0.40073559
v 0.14828050 0.44400090 -0.39602470
v 0.15069300 0.44400090 -0.40079939
v 0.14828050 0.44400090 -0.39602470
v 0.14423481 0.44400090 -0.40073559
v 0.14155090 0.44400090 -0.39602470
v 0.15069300 0.44400090 -0.40079939
v 0.15501010 0.44400090 -0.39602470
v 0.15501010 0.44400090 -0.40082440
v 0.15501010 0.44400090 -0.39602470
v 0.15069300 0.44400090 -0.40079939
v 0.14828050 0.44400090 -0.39602470
v 0.12683700 0.40275371 -0.42573640
v 0.12036760 0.40275371 -0.42672840
v 0.12683700 0.40275371 -0.43086690
v 0.12387720 0.40275371 -0.40549558
v 0.12036760 0.40275371 -0.40024918
v 0.12036760 0.40275371 -0.40554509
v 0.12036760 0.40275371 -0.40024918
v 0.12387720 0.40275371 -0.40549558
v 0.12683700 0.40275371 -0.40008390
v 0.13496280 0.40387321 -0.42494828
v 0.13829550 0.40387321 -0.42956299
v 0.14187580 0.40387321 -0.42411169
v 0.14464641 0.40387321 -0.42941260
v 0.14187580 0.40387321 -0.42411169
v 0.13829550 0.40387321 -0.42956299
v 0.14459540 0.40387321 -0.41914368
v 0.13994560 0.40387321 -0.41474140
v 0.13760249 0.40387321 -0.41862041
v 0.14155100 0.40387321 -0.43442228
v 0.14828050 0.40387321 -0.43442228
v 0.14464641 0.40387321 -0.42941260
v 0.15039781 0.40387321 -0.42985600
v 0.14464641 0.40387321 -0.42941260
v 0.14828050 0.40387321 -0.43442228
v 0.14828050 0.40387321 -0.43442228
v 0.15501010 0.40387321 -0.43442228
v 0.15039781 0.40387321 -0.42985600
v 0.15501010 0.40387321 -0.42722279
v 0.15039781 0.40387321 -0.42985600
v 0.15501010 0.40387321 -0.43442228
v 0.15011451 0.40387321 -0.40984848
v 0.14410169 0.40387321 -0.41185391
v 0.14786470 0.40387321 -0.41457400
v 0.14786470 0.40387321 -0.41457400
v 0.15501010 0.40387321 -0.41282359
v 0.15011451 0.40387321 -0.40984848
v 0.14809389 0.40387321 -0.40541598
v 0.15501010 0.40387321 -0.40562409
v 0.15073609 0.40387321 -0.40072078
v 0.12809180 0.40387321 -0.43442228
v 0.13288870 0.40387321 -0.43001431
v 0.12809180 0.40387321 -0.42722279
v 0.13288870 0.40387321 -0.43001431
v 0.12809180 0.40387321 -0.43442228
v 0.13482140 0.40387321 -0.43442228
v 0.13482140 0.40387321 -0.43442228
v 0.13829550 0.40387321 -0.42956299
v 0.13288870 0.40387321 -0.43001431
v 0.13829550 0.40387321 -0.42956299
v 0.13482140 0.40387321 -0.43442228
v 0.14155100 0.40387321 -0.43442228
v 0.12809180 0.40387321 -0.42002320
v 0.12809180 0.40387321 -0.42722279
v 0.13181920 0.40387321 -0.42024070
v 0.14169610 0.40387321 -0.40545049
v 0.14410169 0.40387321 -0.41185391
v 0.14809389 0.40387321 -0.40541598
v 0.15073609 0.40387321 -0.40072078
v 0.14828050 0.40387321 -0.39602470
v 0.14535770 0.40387321 -0.40068740
v 0.14828050 0.40387321 -0.39602470
v 0.15073609 0.40387321 -0.40072078
v 0.15501010 0.40387321 -0.39602470
v 0.14535770 0.40387321 -0.40068740
v 0.14155100 0.40387321 -0.39602470
v 0.13886710 0.40387321 -0.40073559
v 0.14155100 0.40387321 -0.39602470
v 0.14535770 0.40387321 -0.40068740
v 0.14828050 0.40387321 -0.39602470
v 0.13226090 0.40387321 -0.40999910
v 0.12809180 0.40387321 -0.40562409
v 0.12809180 0.40387321 -0.41282359
v 0.12809180 0.40387321 -0.40562409
v 0.13226090 0.40387321 -0.40999910
v 0.13514230 0.40387321 -0.40550017
v 0.13886710 0.40387321 -0.40073559
v 0.13482140 0.40387321 -0.39602470
v 0.13240901 0.40387321 -0.40079939
v 0.13482140 0.40387321 -0.39602470
v 0.13886710 0.40387321 -0.40073559
v 0.14155100 0.40387321 -0.39602470
v 0.13240901 0.40387321 -0.40079939
v 0.12809180 0.40387321 -0.39602470
v 0.12809180 0.40387321 -0.40082440
v 0.12809180 0.40387321 -0.39602470
v 0.13240901 0.40387321 -0.40079939
v 0.13482140 0.40387321 -0.39602470
v 0.16010331 0.41328850 -0.39495340
v 0.15626490 0.41334540 -0.39495340
v 0.15909290 0.40801018 -0.39495340
v 0.15626490 0.40804958 -0.39495340
v 0.15909290 0.40801018 -0.39495340
v 0.15626490 0.41334540 -0.39495340
v 0.15626490 0.42923290 -0.39495340
v 0.15626490 0.42393708 -0.39495340
v 0.15951291 0.42929271 -0.39495340
v 0.15987711 0.42400241 -0.39495340
v 0.15951291 0.42929271 -0.39495340
v 0.15626490 0.42393708 -0.39495340
v 0.15876830 0.43461490 -0.39495340
v 0.15626490 0.43982461 -0.39495340
v 0.15626490 0.43452880 -0.39495340
v 0.12036750 0.43452880 -0.39495340
v 0.12683700 0.43452880 -0.39495340
v 0.12367800 0.43984851 -0.39495340
v 0.12683700 0.43982461 -0.39495340
v 0.12367800 0.43984851 -0.39495340
v 0.12683700 0.43452880 -0.39495340
v 0.12683700 0.41864121 -0.39495340
v 0.12683700 0.42393708 -0.39495340
v 0.12317350 0.41892371 -0.39495340
v 0.12401420 0.41338152 -0.39495340
v 0.12683700 0.40804958 -0.39495340
v 0.12683700 0.41334540 -0.39495340
v 0.15626490 0.44512051 -0.41547540
v 0.16273430 0.44512051 -0.41084090
v 0.16273430 0.44512051 -0.41613668
v 0.16273430 0.44512051 -0.41084090
v 0.15626490 0.44512051 -0.41547540
v 0.15626490 0.44512051 -0.41034490
v 0.15922470 0.44512051 -0.40549558
v 0.15626490 0.44512051 -0.41034490
v 0.15626490 0.44512051 -0.40521440
v 0.16273430 0.44512051 -0.41613668
v 0.15626490 0.44512051 -0.42060590
v 0.15626490 0.44512051 -0.41547540
v 0.15626490 0.44512051 -0.42573640
v 0.16273430 0.44512051 -0.42143258
v 0.16273430 0.44512051 -0.42672840
v 0.16273430 0.44512051 -0.42143258
v 0.15626490 0.44512051 -0.42573640
v 0.15626490 0.44512051 -0.42060590
v 0.12036750 0.44512051 -0.43202430
v 0.12683700 0.44512051 -0.43086690
v 0.12683700 0.44512051 -0.43599740
v 0.12683700 0.44512051 -0.41034490
v 0.12036750 0.44512051 -0.40554509
v 0.12683700 0.44512051 -0.40521440
v 0.12437770 0.44512051 -0.39929029
v 0.12683700 0.44512051 -0.39495340
v 0.12683700 0.44512051 -0.40008390
v 0.12683700 0.40275371 -0.41547540
v 0.12036760 0.40275371 -0.41084090
v 0.12036760 0.40275371 -0.41613668
v 0.12036760 0.40275371 -0.41084090
v 0.12683700 0.40275371 -0.41547540
v 0.12683700 0.40275371 -0.41034490
v 0.12387720 0.40275371 -0.40549558
v 0.12683700 0.40275371 -0.41034490
v 0.12683700 0.40275371 -0.40521440
v 0.12036760 0.40275371 -0.41613668
v 0.12683700 0.40275371 -0.42060590
v 0.12683700 0.40275371 -0.41547540
v 0.12683700 0.40275371 -0.42573640
v 0.12036760 0.40275371 -0.42143258
v 0.12036760 0.40275371 -0.42672840
v 0.12036760 0.40275371 -0.42143258
v 0.12683700 0.40275371 -0.42573640
v 0.12683700 0.40275371 -0.42060590
v 0.16273430 0.40275371 -0.43202430
v 0.15626490 0.40275371 -0.43086690
v 0.15626490 0.40275371 -0.43599740
v 0.15626490 0.40275371 -0.41034490
v 0.16273430 0.40275371 -0.40554509
v 0.15626490 0.40275371 -0.40521440
v 0.15872420 0.40275371 -0.39929029
v 0.15626490 0.40275371 -0.39495340
v 0.15626490 0.40275371 -0.40008390
v 0.15626490 0.40275371 -0.39495340
v 0.15626490 0.40804958 -0.39495340
v 0.15501010 0.40387321 -0.39602470
v 0.15501010 0.40888920 -0.39602470
v 0.15501010 0.40387321 -0.39602470
v 0.15626490 0.40804958 -0.39495340
v 0.15626490 0.42393708 -0.39495340
v 0.15501010 0.42895299 -0.39602470
v 0.15501010 0.42393708 -0.39602470
v 0.12683700 0.44512051 -0.39495340
v 0.12683700 0.43982461 -0.39495340
v 0.12809180 0.44400090 -0.39602470
v 0.12809180 0.43898490 -0.39602470
v 0.12809180 0.44400090 -0.39602470
v 0.12683700 0.43982461 -0.39495340
v 0.12683700 0.41864121 -0.39495340
v 0.12809180 0.41641310 -0.39602470
v 0.12809180 0.42393708 -0.39602470
v 0.15626490 0.44512051 -0.40008390
v 0.15501010 0.44400090 -0.39602470
v 0.15626490 0.44512051 -0.39495340
v 0.15501010 0.44400090 -0.39602470
v 0.15626490 0.44512051 -0.40008390
v 0.15501010 0.44400090 -0.40082440
v 0.15626490 0.44512051 -0.41547540
v 0.15501010 0.44400090 -0.42002320
v 0.15501010 0.44400090 -0.41282359
v 0.15501010 0.44400090 -0.43442228
v 0.15626490 0.44512051 -0.43086690
v 0.15626490 0.44512051 -0.43599740
v 0.12683700 0.44512051 -0.43599740
v 0.12683700 0.44512051 -0.43086690
v 0.12809180 0.44400090 -0.43442228
v 0.12809180 0.44400090 -0.42722279
v 0.12809180 0.44400090 -0.43442228
v 0.12683700 0.44512051 -0.43086690
v 0.12809180 0.44400090 -0.39602470
v 0.12683700 0.44512051 -0.40008390
v 0.12683700 0.44512051 -0.39495340
v 0.12683700 0.40275371 -0.40008390
v 0.12809180 0.40387321 -0.39602470
v 0.12683700 0.40275371 -0.39495340
v 0.12809180 0.40387321 -0.39602470
v 0.12683700 0.40275371 -0.40008390
v 0.12809180 0.40387321 -0.40082440
v 0.12683700 0.40275371 -0.41547540
v 0.12809180 0.40387321 -0.42002320
v 0.12809180 0.40387321 -0.41282359
v 0.12809180 0.40387321 -0.43442228
v 0.12683700 0.40275371 -0.43086690
v 0.12683700 0.40275371 -0.43599740
v 0.15626490 0.40275371 -0.43599740
v 0.15626490 0.40275371 -0.43086690
v 0.15501010 0.40387321 -0.43442228
v 0.15501010 0.40387321 -0.42722279
v 0.15501010 0.40387321 -0.43442228
v 0.15626490 0.40275371 -0.43086690
v 0.15501010 0.40387321 -0.39602470
v 0.15626490 0.40275371 -0.40008390
v 0.15626490 0.40275371 -0.39495340
v -0.41391459 0.41395211 -0.39602470
v -0.41076621 0.41908610 -0.39602470
v -0.41667461 0.41897202 -0.39602470
v -0.42424890 0.42890200 -0.39602470
v -0.42700899 0.43392190 -0.39602470
v -0.43015721 0.42878780 -0.39602470
v 0.15108420 0.42923892 -0.39602470
v 0.14498150 0.42891780 -0.39602470
v 0.14857860 0.42404610 -0.39602470
v -0.42711839 0.44400081 -0.42509490
v -0.42991129 0.44400081 -0.42091078
v -0.42377841 0.44400081 -0.41980791
v -0.41380519 0.40387309 -0.42509490
v -0.41101229 0.40387309 -0.42091078
v -0.41714531 0.40387309 -0.41980791
v 0.13209680 0.40970832 -0.39602470
v 0.12809180 0.41641310 -0.39602470
v 0.12809180 0.40888920 -0.39602470
v 0.14549939 0.44400090 -0.41862041
v 0.15128270 0.44400090 -0.42024070
v 0.14813910 0.44400090 -0.42494828
v 0.13760249 0.40387321 -0.41862041
v 0.13181920 0.40387321 -0.42024070
v 0.13496280 0.40387321 -0.42494828
v -0.39927831 0.43452859 -0.39495340
v -0.39927831 0.43982449 -0.39495340
v -0.40249151 0.43456841 -0.39495340
v 0.13209680 0.40970832 -0.39602470
v 0.13509171 0.41439289 -0.39602470
v 0.12809180 0.41641310 -0.39602470
v -0.41667461 0.41897202 -0.39602470
v -0.41076621 0.41908610 -0.39602470
v -0.41391990 0.42398301 -0.39602470
v -0.41076621 0.41908610 -0.39602470
v -0.40700260 0.41892099 -0.39602470
v -0.40700260 0.42393702 -0.39602470
v -0.43015721 0.42878780 -0.39602470
v -0.43392089 0.42895290 -0.39602470
v -0.43392089 0.42393702 -0.39602470
v -0.42424890 0.42890200 -0.39602470
v -0.43015721 0.42878780 -0.39602470
v -0.42700371 0.42389101 -0.39602470
v 0.14498150 0.42891780 -0.39602470
v 0.15108420 0.42923892 -0.39602470
v 0.14791121 0.43399322 -0.39602470
v -0.39927831 0.43996829 -0.40019679
v -0.39927831 0.44512030 -0.40024918
v -0.39927831 0.43982449 -0.39495340
v -0.39927831 0.41069740 -0.43732011
v -0.39927831 0.40696201 -0.43202430
v -0.39927831 0.40275359 -0.43732011
v -0.44164509 0.40716681 -0.40009630
v -0.44164509 0.40275359 -0.39495340
v -0.44164509 0.41069740 -0.39495340
v -0.44164509 0.43717661 -0.43732011
v -0.44164509 0.44091341 -0.43202287
v -0.44164509 0.44512030 -0.43732011
v -0.39927831 0.44512030 -0.42672840
v -0.39927831 0.44512030 -0.43202430
v -0.40574780 0.44512030 -0.43086690
v -0.43716469 0.44007111 -0.43732011
v -0.44164509 0.43717661 -0.43732011
v -0.44164509 0.44512030 -0.43732011
v -0.39927831 0.43982449 -0.39495340
v -0.40574780 0.43982449 -0.39495340
v -0.40249151 0.43456841 -0.39495340
v -0.41076621 0.41908610 -0.39602470
v -0.40700260 0.41390508 -0.39602470
v -0.40700260 0.41892099 -0.39602470
v -0.43392089 0.43396890 -0.39602470
v -0.43015721 0.42878780 -0.39602470
v -0.42700899 0.43392190 -0.39602470
v -0.43392089 0.44400081 -0.41522348
v -0.42710710 0.44400081 -0.41505229
v -0.42991129 0.44400081 -0.42091078
v -0.42377841 0.44400081 -0.41980791
v -0.42991129 0.44400081 -0.42091078
v -0.42710710 0.44400081 -0.41505229
v -0.42905709 0.44400081 -0.42958921
v -0.43392089 0.44400081 -0.42722279
v -0.42711839 0.44400081 -0.42509490
v -0.40700260 0.40387309 -0.41522348
v -0.41381651 0.40387309 -0.41505229
v -0.41101229 0.40387309 -0.42091078
v -0.41714531 0.40387309 -0.41980791
v -0.41101229 0.40387309 -0.42091078
v -0.41381651 0.40387309 -0.41505229
v -0.41186649 0.40387309 -0.42958921
v -0.40700260 0.40387309 -0.42722279
v -0.41380519 0.40387309 -0.42509490
v 0.12036760 0.40786868 -0.43233150
v 0.12036760 0.40275371 -0.43732011
v 0.12036760 0.40275371 -0.43202430
v 0.16273430 0.44000521 -0.43233189
v 0.16273430 0.44512051 -0.43732011
v 0.16273430 0.44512051 -0.43202430
v 0.12036750 0.42393708 -0.39495340
v 0.12317350 0.41892371 -0.39495340
v 0.12683700 0.42393708 -0.39495340
v 0.15108420 0.42923892 -0.39602470
v 0.15501010 0.42895299 -0.39602470
v 0.15501010 0.43396902 -0.39602470
v 0.15626490 0.44512051 -0.43599740
v 0.15626490 0.44512051 -0.43086690
v 0.16273430 0.44512051 -0.43202430
v 0.14549939 0.44400090 -0.41862041
v 0.14944939 0.44400090 -0.41499108
v 0.15128270 0.44400090 -0.42024070
v 0.15128270 0.44400090 -0.42024070
v 0.15501010 0.44400090 -0.42722279
v 0.14813910 0.44400090 -0.42494828
v 0.12683700 0.40275371 -0.43599740
v 0.12683700 0.40275371 -0.43086690
v 0.12036760 0.40275371 -0.43202430
v 0.13760249 0.40387321 -0.41862041
v 0.13365249 0.40387321 -0.41499108
v 0.13181920 0.40387321 -0.42024070
v 0.13181920 0.40387321 -0.42024070
v 0.12809180 0.40387321 -0.42722279
v 0.13496280 0.40387321 -0.42494828
v -0.40260571 0.41323841 -0.39495340
v -0.39927831 0.40804940 -0.39495340
v -0.39927831 0.41334531 -0.39495340
v -0.43069169 0.40815270 -0.43732011
v -0.42778379 0.41337121 -0.43732011
v -0.42359671 0.40809029 -0.43732011
v -0.41110000 0.43935910 -0.43732011
v -0.41316590 0.43450671 -0.43732011
v -0.41737899 0.43976220 -0.43732011
v -0.39927831 0.40801111 -0.39951497
v -0.39927831 0.40804940 -0.39495340
v -0.39927831 0.40275359 -0.39495340
v -0.44164509 0.42923281 -0.43732011
v -0.44164509 0.43717661 -0.43732011
v -0.43788481 0.43056262 -0.43732011
v -0.40574780 0.40804940 -0.39495340
v -0.39927831 0.40804940 -0.39495340
v -0.40260571 0.41323841 -0.39495340
v 0.12036750 0.40804958 -0.43732011
v 0.12036760 0.40275371 -0.43732011
v 0.12036760 0.40786868 -0.43233150
v 0.16273430 0.43982461 -0.43732011
v 0.16273430 0.44512051 -0.43732011
v 0.16273430 0.44000521 -0.43233189
v -0.42848000 0.40275359 -0.43732011
v -0.43069169 0.40815270 -0.43732011
v -0.42359671 0.40809029 -0.43732011
v -0.41244340 0.44512030 -0.43732011
v -0.41110000 0.43935910 -0.43732011
v -0.41737899 0.43976220 -0.43732011
v -0.39927831 0.43996829 -0.40019679
v -0.39927831 0.43982449 -0.39495340
v -0.39927831 0.43452859 -0.39495340
v -0.40614450 0.43508771 -0.43732011
v -0.40726501 0.44103071 -0.43732011
v -0.40263501 0.44005051 -0.43732011
v 0.15871011 0.43890059 -0.43732011
v 0.15584520 0.43435138 -0.43732011
v 0.15297440 0.43965879 -0.43732011
v 0.13012759 0.40821409 -0.43732011
v 0.12439220 0.40897191 -0.43732011
v 0.12725540 0.41351280 -0.43732011
v -0.40526840 0.41485450 -0.43732011
v -0.40393230 0.41927510 -0.43732011
v -0.39927831 0.41864109 -0.43732011
v -0.42787921 0.43389991 -0.43732011
v -0.43078390 0.42909592 -0.43732011
v -0.43475649 0.43387380 -0.43732011
v -0.39927831 0.40275359 -0.40289709
v -0.39927831 0.40801111 -0.39951497
v -0.39927831 0.40275359 -0.39495340
v -0.43736470 0.40810269 -0.43732011
v -0.43069169 0.40815270 -0.43732011
v -0.43506250 0.40275359 -0.43732011
v -0.43189359 0.43963200 -0.43732011
v -0.42787921 0.43389991 -0.43732011
v -0.43475649 0.43387380 -0.43732011
v -0.40263501 0.44005051 -0.43732011
v -0.40726501 0.44103071 -0.43732011
v -0.40442511 0.44512030 -0.43732011
v -0.40726501 0.44103071 -0.43732011
v -0.41110000 0.43935910 -0.43732011
v -0.41244340 0.44512030 -0.43732011
v -0.43517569 0.44512030 -0.40521440
v -0.44164509 0.44512030 -0.40554509
v -0.43841049 0.44512030 -0.40016648
v -0.43517569 0.44512030 -0.39495340
v -0.43841049 0.44512030 -0.40016648
v -0.44164509 0.44512030 -0.39495340
v -0.39927831 0.40275359 -0.40289709
v -0.40292281 0.40275359 -0.39979041
v -0.40574780 0.40275359 -0.40521440
v -0.40574780 0.40275359 -0.39495340
v -0.40292281 0.40275359 -0.39979041
v -0.39927831 0.40275359 -0.39495340
v -0.40292281 0.40275359 -0.39979041
v -0.40574780 0.40275359 -0.39495340
v -0.40574780 0.40275359 -0.40008390
v -0.40700260 0.40387309 -0.40322420
v -0.40574780 0.40275359 -0.40008390
v -0.40700260 0.40387309 -0.39602470
v -0.40574780 0.40275359 -0.40008390
v -0.40700260 0.40387309 -0.40322420
v -0.40574780 0.40275359 -0.40521440
v 0.15871011 0.43890059 -0.43732011
v 0.16273430 0.43982461 -0.43732011
v 0.16273430 0.43452880 -0.43732011
v 0.12439220 0.40897191 -0.43732011
v 0.12036750 0.40804958 -0.43732011
v 0.12036750 0.41334540 -0.43732011
v 0.16273430 0.43982461 -0.43732011
v 0.15871011 0.43890059 -0.43732011
v 0.15758760 0.44512051 -0.43732011
v 0.12036750 0.40804958 -0.43732011
v 0.12439220 0.40897191 -0.43732011
v 0.12551430 0.40275371 -0.43732011
v 0.12036760 0.40780580 -0.42701310
v 0.12036760 0.40275371 -0.43202430
v 0.12036760 0.40275371 -0.42672840
v 0.16273430 0.44006830 -0.42701328
v 0.16273430 0.44512051 -0.43202430
v 0.16273430 0.44512051 -0.42672840
v 0.16273430 0.44512051 -0.42672840
v 0.16273430 0.44512051 -0.43202430
v 0.15626490 0.44512051 -0.43086690
v 0.16273430 0.44512051 -0.43732011
v 0.15758760 0.44512051 -0.43732011
v 0.16273430 0.44512051 -0.43202430
v 0.12036760 0.40275371 -0.42672840
v 0.12036760 0.40275371 -0.43202430
v 0.12683700 0.40275371 -0.43086690
v 0.12036760 0.40275371 -0.43732011
v 0.12551430 0.40275371 -0.43732011
v 0.12036760 0.40275371 -0.43202430
v -0.42787921 0.43389991 -0.43732011
v -0.42355371 0.42908621 -0.43732011
v -0.43078390 0.42909592 -0.43732011
v -0.41938189 0.44400081 -0.42448997
v -0.41701481 0.44400081 -0.41955990
v -0.41300800 0.44400081 -0.42475390
v -0.42154181 0.40387309 -0.42448997
v -0.42390880 0.40387309 -0.41955990
v -0.42791560 0.40387309 -0.42475390
v -0.41038391 0.41179150 -0.43732011
v -0.41018251 0.41856220 -0.43732011
v -0.40526840 0.41485450 -0.43732011
v -0.42787921 0.43389991 -0.43732011
v -0.42496181 0.43960550 -0.43732011
v -0.42049009 0.43438542 -0.43732011
v -0.41730511 0.44400081 -0.42949557
v -0.41938189 0.44400081 -0.42448997
v -0.41300800 0.44400081 -0.42475390
v -0.42361841 0.40387309 -0.42949557
v -0.42154181 0.40387309 -0.42448997
v -0.42791560 0.40387309 -0.42475390
v -0.39927831 0.40786159 -0.40581840
v -0.39927831 0.40275359 -0.40289709
v -0.39927831 0.40275359 -0.41084090
v -0.42049009 0.43438542 -0.43732011
v -0.42355371 0.42908621 -0.43732011
v -0.42787921 0.43389991 -0.43732011
v -0.43392089 0.44400081 -0.40322420
v -0.43517569 0.44512030 -0.40008390
v -0.43392089 0.44400081 -0.39602470
v -0.43517569 0.44512030 -0.40008390
v -0.43392089 0.44400081 -0.40322420
v -0.43517569 0.44512030 -0.40521440
v 0.15501010 0.40387321 -0.39602470
v 0.15501010 0.40888920 -0.39602470
v 0.15169799 0.40868872 -0.39602470
v -0.43841049 0.44512030 -0.40016648
v -0.44164509 0.44512030 -0.40554509
v -0.44164509 0.44512030 -0.40024918
v -0.43841049 0.44512030 -0.40016648
v -0.44164509 0.44512030 -0.40024918
v -0.44164509 0.44512030 -0.39495340
v -0.43517569 0.44512030 -0.39495340
v -0.43517569 0.44512030 -0.40008390
v -0.43841049 0.44512030 -0.40016648
v -0.43517569 0.44512030 -0.40008390
v -0.43517569 0.44512030 -0.40521440
v -0.43841049 0.44512030 -0.40016648
v -0.41479480 0.41443440 -0.43732011
v -0.41746160 0.41879910 -0.43732011
v -0.41018251 0.41856220 -0.43732011
v -0.43506250 0.40275359 -0.43732011
v -0.42848000 0.40275359 -0.43732011
v -0.43517569 0.40275359 -0.43599740
v -0.43778160 0.40275359 -0.40471980
v -0.43517569 0.40275359 -0.40008390
v -0.44164509 0.40275359 -0.40024918
v -0.43778160 0.40275359 -0.40471980
v -0.44164509 0.40275359 -0.40024918
v -0.44164509 0.40275359 -0.40554509
v -0.41479480 0.41443440 -0.43732011
v -0.41589960 0.40838069 -0.43732011
v -0.42054421 0.41350371 -0.43732011
v -0.42711839 0.44400081 -0.42509490
v -0.42377841 0.44400081 -0.41980791
v -0.41938189 0.44400081 -0.42448997
v -0.41380519 0.40387309 -0.42509490
v -0.41714531 0.40387309 -0.41980791
v -0.42154181 0.40387309 -0.42448997
v 0.15501010 0.40888920 -0.39602470
v 0.15501010 0.41641310 -0.39602470
v 0.15169799 0.40868872 -0.39602470
v -0.44164509 0.40275359 -0.40024918
v -0.44164509 0.40275359 -0.39495340
v -0.44164509 0.40716681 -0.40009630
v -0.41746160 0.41879910 -0.43732011
v -0.41479480 0.41443440 -0.43732011
v -0.42054421 0.41350371 -0.43732011
v -0.44164509 0.43982449 -0.39495340
v -0.43805131 0.43547079 -0.39495340
v -0.43517569 0.43982449 -0.39495340
v -0.43475649 0.43387380 -0.43732011
v -0.43078390 0.42909592 -0.43732011
v -0.43788481 0.43056262 -0.43732011
v -0.43506250 0.40275359 -0.43732011
v -0.43069169 0.40815270 -0.43732011
v -0.42848000 0.40275359 -0.43732011
v -0.43736470 0.40810269 -0.43732011
v -0.43506250 0.40275359 -0.43732011
v -0.44164509 0.40275359 -0.43732011
v -0.41038391 0.41179150 -0.43732011
v -0.40422329 0.40813521 -0.43732011
v -0.40927079 0.40772092 -0.43732011
v 0.14315630 0.44400090 -0.41474140
v 0.14541040 0.44400090 -0.41030729
v 0.14944939 0.44400090 -0.41499108
v 0.13994560 0.40387321 -0.41474140
v 0.13769150 0.40387321 -0.41030729
v 0.13365249 0.40387321 -0.41499108
v -0.43788481 0.43056262 -0.43732011
v -0.44164509 0.43717661 -0.43732011
v -0.43475649 0.43387380 -0.43732011
v -0.43517569 0.42923281 -0.39495340
v -0.44164509 0.43452859 -0.39495340
v -0.44164509 0.42923281 -0.39495340
v -0.40526840 0.41485450 -0.43732011
v -0.41018251 0.41856220 -0.43732011
v -0.40393230 0.41927510 -0.43732011
v 0.14549939 0.44400090 -0.41862041
v 0.14315630 0.44400090 -0.41474140
v 0.14944939 0.44400090 -0.41499108
v 0.13760249 0.40387321 -0.41862041
v 0.13994560 0.40387321 -0.41474140
v 0.13365249 0.40387321 -0.41499108
v -0.43517569 0.41864109 -0.39495340
v -0.43517569 0.42393702 -0.39495340
v -0.44164509 0.42393702 -0.39495340
v 0.16273430 0.44512051 -0.39495340
v 0.16273430 0.44512051 -0.40024918
v 0.15626490 0.44512051 -0.40008390
v 0.12036760 0.40275371 -0.39495340
v 0.12036760 0.40275371 -0.40024918
v 0.12683700 0.40275371 -0.40008390
v 0.15128270 0.44400090 -0.42024070
v 0.15501010 0.44400090 -0.41282359
v 0.15501010 0.44400090 -0.42002320
v 0.13181920 0.40387321 -0.42024070
v 0.12809180 0.40387321 -0.41282359
v 0.12809180 0.40387321 -0.42002320
v -0.39927831 0.40275359 -0.40289709
v -0.40574780 0.40275359 -0.41034490
v -0.39927831 0.40275359 -0.41084090
v -0.41071320 0.44400081 -0.41983640
v -0.40700260 0.44400081 -0.42002320
v -0.40700260 0.44400081 -0.42722279
v -0.43021029 0.40387309 -0.41983640
v -0.43392089 0.40387309 -0.42002320
v -0.43392089 0.40387309 -0.42722279
v 0.12809180 0.44400090 -0.42002320
v 0.13212959 0.44400090 -0.41966498
v 0.13270091 0.44400090 -0.42403349
v 0.15501010 0.40387321 -0.42002320
v 0.15097240 0.40387321 -0.41966498
v 0.15040100 0.40387321 -0.42403349
v -0.43517569 0.40275359 -0.39495340
v -0.43517569 0.40804940 -0.39495340
v -0.44164509 0.40275359 -0.39495340
v -0.39927831 0.42393702 -0.39495340
v -0.40574780 0.41864109 -0.39495340
v -0.39927831 0.41864109 -0.39495340
v -0.44164509 0.42393702 -0.39495340
v -0.43517569 0.42923281 -0.39495340
v -0.44164509 0.42923281 -0.39495340
v -0.44164509 0.40275359 -0.39495340
v -0.44164509 0.40275359 -0.40024918
v -0.43517569 0.40275359 -0.39495340
v 0.12036750 0.44512051 -0.40024918
v 0.12683700 0.44512051 -0.40521440
v 0.12036750 0.44512051 -0.40554509
v 0.16273430 0.40275371 -0.40024918
v 0.15626490 0.40275371 -0.40521440
v 0.16273430 0.40275371 -0.40554509
v -0.43517569 0.41334531 -0.39495340
v -0.44164509 0.41864109 -0.39495340
v -0.44164509 0.41069740 -0.39495340
v 0.13900030 0.44400090 -0.41185391
v 0.14315630 0.44400090 -0.41474140
v 0.13523720 0.44400090 -0.41457400
v 0.14410169 0.40387321 -0.41185391
v 0.13994560 0.40387321 -0.41474140
v 0.14786470 0.40387321 -0.41457400
v -0.41589960 0.40838069 -0.43732011
v -0.41038391 0.41179150 -0.43732011
v -0.40927079 0.40772092 -0.43732011
v -0.43517569 0.41334531 -0.39495340
v -0.44164509 0.41069740 -0.39495340
v -0.43517569 0.40804940 -0.39495340
v -0.42711839 0.44400081 -0.42509490
v -0.43392089 0.44400081 -0.42722279
v -0.42991129 0.44400081 -0.42091078
v -0.41380519 0.40387309 -0.42509490
v -0.40700260 0.40387309 -0.42722279
v -0.41101229 0.40387309 -0.42091078
v 0.15501010 0.40387321 -0.39602470
v 0.15169799 0.40868872 -0.39602470
v 0.14828050 0.40387321 -0.39602470
v 0.15626490 0.44512051 -0.40008390
v 0.15626490 0.44512051 -0.39495340
v 0.16273430 0.44512051 -0.39495340
v 0.12683700 0.40275371 -0.40008390
v 0.12683700 0.40275371 -0.39495340
v 0.12036760 0.40275371 -0.39495340
v -0.44164509 0.42393702 -0.39495340
v -0.44164509 0.41864109 -0.39495340
v -0.43517569 0.41864109 -0.39495340
v -0.43805131 0.43547079 -0.39495340
v -0.44164509 0.43452859 -0.39495340
v -0.43517569 0.42923281 -0.39495340
v 0.14944939 0.44400090 -0.41499108
v 0.15501010 0.44400090 -0.41282359
v 0.15128270 0.44400090 -0.42024070
v 0.13365249 0.40387321 -0.41499108
v 0.12809180 0.40387321 -0.41282359
v 0.13181920 0.40387321 -0.42024070
v -0.44164509 0.44512030 -0.39495340
v -0.44164509 0.43982449 -0.39495340
v -0.43517569 0.43982449 -0.39495340
v 0.13270091 0.44400090 -0.42403349
v 0.13212959 0.44400090 -0.41966498
v 0.14122610 0.44400090 -0.42411169
v 0.15040100 0.40387321 -0.42403349
v 0.15097240 0.40387321 -0.41966498
v 0.14187580 0.40387321 -0.42411169
v -0.40574780 0.40275359 -0.40521440
v -0.40574780 0.40275359 -0.41034490
v -0.39927831 0.40275359 -0.40289709
v -0.41071320 0.44400081 -0.41983640
v -0.40700260 0.44400081 -0.42722279
v -0.41300800 0.44400081 -0.42475390
v -0.43021029 0.40387309 -0.41983640
v -0.43392089 0.40387309 -0.42722279
v -0.42791560 0.40387309 -0.42475390
v -0.40574780 0.43982449 -0.39495340
v -0.39927831 0.43982449 -0.39495340
v -0.39927831 0.44512030 -0.39495340
v -0.39927831 0.40804940 -0.39495340
v -0.40574780 0.40804940 -0.39495340
v -0.40574780 0.40275359 -0.39495340
v 0.12809180 0.44400090 -0.42002320
v 0.13270091 0.44400090 -0.42403349
v 0.12809180 0.44400090 -0.42722279
v 0.15501010 0.40387321 -0.42002320
v 0.15040100 0.40387321 -0.42403349
v 0.15501010 0.40387321 -0.42722279
v -0.40574780 0.43982449 -0.39495340
v -0.39927831 0.44512030 -0.39495340
v -0.40574780 0.44512030 -0.39495340
v -0.44164509 0.40275359 -0.39495340
v -0.43517569 0.40804940 -0.39495340
v -0.44164509 0.41069740 -0.39495340
v 0.12683700 0.40804958 -0.39495340
v 0.12036750 0.40804958 -0.39495340
v 0.12036760 0.40275371 -0.39495340
v 0.15626490 0.43982461 -0.39495340
v 0.16273430 0.43982461 -0.39495340
v 0.16273430 0.44512051 -0.39495340
v -0.40574780 0.42923281 -0.39495340
v -0.40574780 0.42393702 -0.39495340
v -0.39927831 0.42393702 -0.39495340
v -0.44164509 0.44512030 -0.39495340
v -0.43517569 0.43982449 -0.39495340
v -0.43517569 0.44512030 -0.39495340
v -0.39927831 0.40275359 -0.39495340
v -0.39927831 0.40804940 -0.39495340
v -0.40574780 0.40275359 -0.39495340
v -0.39927831 0.44512030 -0.39495340
v -0.39927831 0.44512030 -0.40024918
v -0.40574780 0.44512030 -0.40008390
v -0.40574780 0.42393702 -0.39495340
v -0.40574780 0.41864109 -0.39495340
v -0.39927831 0.42393702 -0.39495340
v -0.40574780 0.42923281 -0.39495340
v -0.39927831 0.42393702 -0.39495340
v -0.39927831 0.42923281 -0.39495340
v -0.43517569 0.42393702 -0.39495340
v -0.43517569 0.42923281 -0.39495340
v -0.44164509 0.42393702 -0.39495340
v -0.39927831 0.44512030 -0.39495340
v -0.40574780 0.44512030 -0.40008390
v -0.40574780 0.44512030 -0.39495340
v -0.44164509 0.40275359 -0.40024918
v -0.43517569 0.40275359 -0.40008390
v -0.43517569 0.40275359 -0.39495340
v 0.12683700 0.40275371 -0.39495340
v 0.12683700 0.40804958 -0.39495340
v 0.12036760 0.40275371 -0.39495340
v 0.15626490 0.44512051 -0.39495340
v 0.15626490 0.43982461 -0.39495340
v 0.16273430 0.44512051 -0.39495340
v 0.12809180 0.44400090 -0.39602470
v 0.13236579 0.44400090 -0.40072078
v 0.12809180 0.44400090 -0.40562409
v 0.15501010 0.40387321 -0.39602470
v 0.15073609 0.40387321 -0.40072078
v 0.15501010 0.40387321 -0.40562409
v 0.12437770 0.44512051 -0.39929029
v 0.12683700 0.44512051 -0.40521440
v 0.12036750 0.44512051 -0.40024918
v 0.15872420 0.40275371 -0.39929029
v 0.15626490 0.40275371 -0.40521440
v 0.16273430 0.40275371 -0.40024918
v 0.12683700 0.44512051 -0.40008390
v 0.12809180 0.44400090 -0.39602470
v 0.12809180 0.44400090 -0.40562409
v 0.15626490 0.40275371 -0.40008390
v 0.15501010 0.40387321 -0.39602470
v 0.15501010 0.40387321 -0.40562409
vn 1.00000000 0.00000000 0.00000000
vn 1.00000000 0.00000000 0.00000000
vn 1.00000000 0.00000000 0.00000000
vn 1.00000000 0.00000000 0.00000000
vn 1.00000000 0.00000000 0.00000000
vn 1.00000000 0.00000000 0.00000000
vn 0.00000000 -1.00000000 0.00000000
vn -0.70710748 -0.70710611 0.00000000
vn 0.35623074 -0.93439806 0.00000000
vn -1.00000000 0.00000000 0.00000000
vn -1.00000000 0.00000000 0.00000000
vn -1.00000000 0.00000000 0.00000000
vn -1.00000000 0.00000000 0.00000000
vn -1.00000000 0.00000000 0.00000000
vn -1.00000000 0.00000000 0.00000000
vn 0.70710784 0.70710576 0.00000000
vn 0.70710558 0.70710802 0.00000000
vn -0.35623074 0.93439800 0.00000000
vn -0.70710635 0.70710719 0.00000000
vn 0.35622993 0.93439835 0.00000000
vn 0.35623112 0.93439788 0.00000000
vn 0.70710558 0.70710802 0.00000000
vn -0.35622773 0.93439919 0.00000000
vn -0.35623074 0.93439800 0.00000000
vn 0.70710611 -0.70710748 0.00000000
vn -0.35622993 -0.93439835 0.00000000
vn -0.35623112 -0.93439788 0.00000000
vn -0.70710552 -0.70710808 0.00000000
vn 0.35622773 -0.93439919 0.00000000
vn 0.35623074 -0.93439806 0.00000000
vn 0.34602132 0.00000000 0.93822664
vn 0.34602281 0.00000000 0.93822610
vn 0.34602508 0.00000000 0.93822527
vn -0.34602132 0.00000000 0.93822664
vn -0.34602281 0.00000000 0.93822610
vn -0.34602502 0.00000000 0.93822527
vn 0.35622993 0.93439835 0.00000000
vn 0.35623151 0.93439776 0.00000000
vn 0.35623336 0.93439704 0.00000000
vn -0.35622773 0.93439919 0.00000000
vn -0.35623607 0.93439597 0.00000000
vn -0.35623074 0.93439800 0.00000000
vn -0.35622993 -0.93439835 0.00000000
vn -0.35623151 -0.93439776 0.00000000
vn -0.35623342 -0.93439698 0.00000000
vn 0.35622773 -0.93439919 0.00000000
vn 0.35623604 -0.93439597 0.00000000
vn 0.35623074 -0.93439806 0.00000000
vn -1.00000000 -0.00001000 0.00000018
vn -1.00000000 0.00000000 0.00000000
vn -1.00000000 0.00000000 0.00000000
vn -1.00000000 0.00000000 0.00000000
vn -1.00000000 0.00000000 0.00000000
vn -1.00000000 0.00000000 0.00000000
vn 1.00000000 0.00000000 0.00000000
vn 1.00000000 0.00000000 0.00000000
vn 1.00000000 0.00000000 0.00000000
vn 1.00000000 0.00000000 0.00000000
vn 1.00000000 0.00000000 0.00000000
vn 1.00000000 0.00000000 0.00000000
vn 0.28486365 -0.93080646 0.22902417
vn 0.00000000 -0.95265359 0.30405790
vn 0.00000000 -0.95265394 0.30405676
vn -0.28488159 0.93079674 0.22904137
vn 0.00000000 0.95264685 0.30407885
vn 0.00000000 0.95264721 0.30407771
vn 1.00000000 0.00000000 0.00000000
vn 1.00000000 0.00000000 0.00000000
vn 1.00000000 0.00000000 0.00000000
vn 1.00000000 0.00000000 0.00000000
vn 1.00000000 0.00000000 0.00000000
vn 1.00000000 0.00000000 0.00000000
vn 1.00000000 0.00000000 0.00000000
vn 1.00000000 0.00000000 0.00000000
vn 1.00000000 0.00000000 0.00000000
vn 1.00000000 0.00000000 0.00000000
vn 1.00000000 0.00000000 0.00000000
vn 1.00000000 0.00000000 0.00000000
vn 1.00000000 0.00000000 0.00000000
vn 1.00000000 0.00000000 0.00000000
vn 1.00000000 0.00000000 0.00000000
vn 1.00000000 0.00000000 0.00000000
vn 1.00000000 0.00000000 0.00000000
vn 1.00000000 0.00000000 0.00000000
vn 0.35623109 -0.93439788 0.00000000
vn 0.35622773 -0.93439919 0.00000000
vn -0.70710629 -0.70710725 0.00000000
vn -1.00000000 0.00000000 0.00000000
vn -1.00000000 0.00000000 0.00000000
vn -1.00000000 0.00000000 0.00000000
vn -1.00000000 0.00000000 0.00000000
vn -1.00000000 0.00000000 0.00000000
vn -1.00000000 0.00000000 0.00000000
vn -1.00000000 0.00000000 0.00000000
vn -1.00000000 0.00000000 0.00000000
vn -1.00000000 0.00000000 0.00000000
vn -1.00000000 0.00000000 0.00000000
vn -1.00000000 0.00000000 0.00000000
vn -1.00000000 0.00000000 0.00000000
vn -1.00000000 0.00000000 0.00000000
vn -1.00000000 0.00000000 0.00000000
vn -1.00000000 0.00000000 0.00000000
vn -1.00000000 0.00000000 0.00000000
vn -1.00000000 0.00000000 0.00000000
vn -1.00000000 0.00000000 0.00000000
vn -0.35623112 0.93439788 0.00000000
vn -0.35622773 0.93439919 0.00000000
vn 0.70710641 0.70710719 0.00000000
vn 0.00000000 -0.95265454 0.30405489
vn 0.00000000 -0.70710468 -0.70710891
vn 0.00000000 -0.70710671 -0.70710683
vn 0.00000000 0.95265454 0.30405489
vn 0.00000000 0.70710492 -0.70710862
vn 0.00000000 0.70710665 -0.70710695
vn 0.00000000 -0.95265484 0.30405381
vn 0.28486100 -0.93080789 0.22902164
vn 0.00000000 -0.95265454 0.30405489
vn 0.00000000 -0.95265454 0.30405489
vn -0.28486094 -0.93080789 0.22902158
vn 0.00000000 -0.95265508 0.30405319
vn 0.00000000 0.95265484 0.30405387
vn -0.28486100 0.93080789 0.22902164
vn 0.00000000 0.95265454 0.30405489
vn 0.00000000 0.95265454 0.30405489
vn 0.28486091 0.93080789 0.22902158
vn 0.00000000 0.95265508 0.30405319
vn 0.34602576 0.00000000 0.93822503
vn 0.34602791 0.00000000 0.93822420
vn 0.34602359 0.00000000 0.93822581
vn -0.34602425 0.00000000 0.93822557
vn -0.34602797 0.00000000 0.93822420
vn -0.34602356 0.00000000 0.93822581
vn 0.35622853 0.93439889 0.00000000
vn 0.35623384 0.93439686 0.00000000
vn 0.35623533 0.93439627 0.00000000
vn -0.35623115 0.93439788 0.00000000
vn -0.35623530 0.93439627 0.00000000
vn -0.35623810 0.93439519 0.00000000
vn -0.35622853 -0.93439889 0.00000000
vn -0.35623384 -0.93439686 0.00000000
vn -0.35623530 -0.93439627 0.00000000
vn 0.35622936 -0.93439853 0.00000000
vn 0.35623530 -0.93439627 0.00000000
vn 0.35623810 -0.93439519 0.00000000
vn -1.00000000 0.00000000 0.00000000
vn -1.00000000 0.00000000 0.00000000
vn -1.00000000 0.00000000 0.00000000
vn -1.00000000 -0.00001160 0.00000711
vn -1.00000000 -0.00000985 -0.00000035
vn -1.00000000 -0.00000964 -0.00000023
vn -1.00000000 -0.00000906 0.00000013
vn -1.00000000 -0.00000986 0.00000017
vn -1.00000000 -0.00000941 0.00000017
vn -1.00000000 0.00000000 0.00000000
vn -1.00000000 0.00000000 0.00000000
vn -1.00000000 0.00000000 0.00000000
vn -1.00000000 -0.00000738 -0.00000246
vn -1.00000000 0.00000000 0.00000000
vn -1.00000000 0.00000000 0.00000000
vn -1.00000000 0.00000000 0.00000000
vn -1.00000000 0.00000000 0.00000000
vn -1.00000000 0.00000000 0.00000000
vn 1.00000000 0.00000000 0.00000000
vn 1.00000000 0.00000000 0.00000000
vn 1.00000000 0.00000000 0.00000000
vn 1.00000000 0.00000000 0.00000000
vn 1.00000000 0.00000000 0.00000000
vn 1.00000000 0.00000000 0.00000000
vn 1.00000000 0.00000000 0.00000000
vn 1.00000000 0.00000000 0.00000000
vn 1.00000000 0.00000000 0.00000000
vn 1.00000000 0.00000000 0.00000000
vn 1.00000000 0.00000000 0.00000000
vn 1.00000000 0.00000000 0.00000000
vn 1.00000000 0.00000000 0.00000000
vn 1.00000000 0.00000000 0.00000000
vn 1.00000000 0.00000000 0.00000000
vn 1.00000000 0.00000000 0.00000000
vn 1.00000000 0.00000000 0.00000000
vn 1.00000000 0.00000000 0.00000000
vn 0.00000000 0.00000000 1.00000000
vn 0.00000000 0.00000000 1.00000000
vn 0.00000886 -0.00000415 1.00000000
vn 0.00000000 -0.70710391 -0.70710969
vn 0.00000000 -0.95265359 0.30405790
vn 0.00000000 -0.70710617 -0.70710737
vn 0.00000000 -0.95265359 0.30405787
vn 0.00000000 -0.70710391 -0.70710969
vn 0.00000000 -0.70710510 -0.70710844
vn 0.00000000 0.70710379 -0.70710981
vn 0.00000000 0.95264685 0.30407885
vn 0.00000000 0.70710617 -0.70710737
vn 0.00000000 0.95264685 0.30407882
vn 0.00000000 0.70710379 -0.70710981
vn 0.00000000 0.70710456 -0.70710903
vn 0.35625243 0.93438977 0.00000000
vn 0.35625583 0.93438846 0.00000000
vn -0.70710635 0.70710725 0.00000000
vn -0.35623083 -0.93439800 0.00000000
vn -0.35623422 -0.93439668 0.00000000
vn 0.70710635 -0.70710725 0.00000000
vn 0.00000000 -0.95265359 0.30405787
vn -0.28486353 -0.93080652 0.22902405
vn 0.00000000 -0.95265388 0.30405694
vn 0.00000000 0.95264685 0.30407882
vn 0.28488147 0.93079680 0.22904126
vn 0.00000000 0.95264715 0.30407789
vn -0.34602511 0.00000000 0.93822527
vn -0.34602681 0.00000000 0.93822461
vn -0.34603471 0.00000000 0.93822169
vn 0.34601858 -0.00000624 0.93822765
vn 0.34602129 -0.00000312 0.93822664
vn 0.34602892 0.00000000 0.93822384
vn -0.35625812 0.93438756 0.00000000
vn -0.35625243 0.93438977 0.00000000
vn -0.35625586 0.93438846 0.00000000
vn -0.35626024 0.93438679 0.00000000
vn -0.35625812 0.93438756 0.00000000
vn -0.35625857 0.93438739 0.00000000
vn 0.35626051 0.93438667 0.00000000
vn 0.35625243 0.93438977 0.00000000
vn 0.35625273 0.93438965 0.00000000
vn 0.35624829 0.93439132 0.00000000
vn 0.35625273 0.93438965 0.00000000
vn 0.35625792 0.93438768 0.00000000
vn 0.35623655 -0.93439579 0.00000000
vn 0.35623083 -0.93439800 0.00000000
vn 0.35623422 -0.93439668 0.00000000
vn 0.35623866 -0.93439502 0.00000000
vn 0.35623655 -0.93439579 0.00000000
vn 0.35623696 -0.93439567 0.00000000
vn -0.35623893 -0.93439490 0.00000000
vn -0.35623083 -0.93439800 0.00000000
vn -0.35623112 -0.93439788 0.00000000
vn -0.35622668 -0.93439955 0.00000000
vn -0.35623112 -0.93439788 0.00000000
vn -0.35623634 -0.93439591 0.00000000
vn 1.00000000 0.00000000 0.00000000
vn 1.00000000 0.00000000 0.00000000
vn 1.00000000 0.00000000 0.00000000
vn 1.00000000 0.00000000 0.00000000
vn 1.00000000 0.00000000 0.00000000
vn 1.00000000 0.00000000 0.00000000
vn 1.00000000 0.00000000 0.00000000
vn 1.00000000 0.00000000 0.00000000
vn 1.00000000 0.00000000 0.00000000
vn 1.00000000 0.00000000 0.00000000
vn 1.00000000 0.00000000 0.00000000
vn 1.00000000 0.00000000 0.00000000
vn 1.00000000 0.00000000 0.00000000
vn 1.00000000 0.00000000 0.00000000
vn 1.00000000 0.00000000 0.00000000
vn 1.00000000 0.00000000 0.00000000
vn 1.00000000 0.00000000 0.00000000
vn 1.00000000 0.00000000 0.00000000
vn -1.00000000 0.00000000 0.00000000
vn -1.00000000 0.00000000 0.00000000
vn -1.00000000 0.00000000 0.00000000
vn -1.00000000 0.00000000 0.00000000
vn -1.00000000 0.00000000 0.00000000
vn -1.00000000 0.00000000 0.00000000
vn -1.00000000 0.00000000 0.00000000
vn -1.00000000 0.00000000 0.00000000
vn -1.00000000 0.00000000 0.00000000
vn -1.00000000 0.00000000 0.00000000
vn -1.00000000 0.00000000 0.00000000
vn -1.00000000 0.00000000 0.00000000
vn -1.00000000 0.00000000 0.00000000
vn -1.00000000 0.00000000 0.00000000
vn -1.00000000 0.00000000 0.00000000
vn -1.00000000 0.00000000 0.00000000
vn -1.00000000 0.00000000 0.00000000
vn -1.00000000 0.00000000 0.00000000
vn 0.00000000 0.00000000 1.00000000
vn 0.00000000 0.00000000 1.00000000
vn 0.00000000 0.00000000 1.00000000
vn 0.00000000 0.00000000 1.00000000
vn 0.00000000 0.00000000 1.00000000
vn 0.00000000 0.00000000 1.00000000
vn 0.00000000 0.00000000 -1.00000000
vn 0.00000000 0.00000000 -1.00000000
vn 0.00000000 0.00000000 -1.00000000
vn 0.00000000 0.00000000 -1.00000000
vn 0.00000000 0.00000000 -1.00000000
vn 0.00000000 0.00000000 -1.00000000
vn 0.00000000 0.00000000 -1.00000000
vn 0.00000000 0.00000000 -1.00000000
vn 0.00000000 0.00000000 -1.00000000
vn 0.00000000 0.00000000 -1.00000000
vn 0.00000000 0.00000000 -1.00000000
vn 0.00000000 0.00000000 -1.00000000
vn 0.00000000 1.00000000 0.00000000
vn 0.00000000 1.00000000 0.00000000
vn 0.00000000 1.00000000 0.00000000
vn 0.00000000 1.00000000 0.00000000
vn 0.00000000 1.00000000 0.00000000
vn 0.00000000 1.00000000 0.00000000
vn 0.00000000 1.00000000 0.00000000
vn 0.00000000 1.00000000 0.00000000
vn 0.00000000 1.00000000 0.00000000
vn 0.00000000 -1.00000000 0.00000000
vn 0.00000000 -1.00000000 0.00000000
vn 0.00000000 -1.00000000 0.00000000
vn 0.00000000 -1.00000000 0.00000000
vn 0.00000000 -1.00000000 0.00000000
vn 0.00000000 -1.00000000 0.00000000
vn 0.00000000 -1.00000000 0.00000000
vn 0.00000000 -1.00000000 0.00000000
vn 0.00000000 -1.00000000 0.00000000
vn 0.00000000 -0.70710599 -0.70710754
vn 0.00000000 -0.70710468 -0.70710891
vn 0.00000000 -0.95265454 0.30405489
vn 0.00000000 0.70708764 -0.70712590
vn 0.00000000 0.70710492 -0.70710862
vn 0.00000000 0.95265454 0.30405489
vn 0.35623112 0.93439788 0.00000000
vn 0.35623384 0.93439686 0.00000000
vn -0.70710760 0.70710593 0.00000000
vn -0.35623112 -0.93439788 0.00000000
vn -0.35623384 -0.93439686 0.00000000
vn 0.70710760 -0.70710599 0.00000000
vn 0.34602791 0.00000000 0.93822420
vn 0.34602657 0.00000000 0.93822473
vn 0.34602508 0.00000000 0.93822527
vn -0.34602797 0.00000000 0.93822420
vn -0.34602726 0.00000000 0.93822443
vn -0.34602502 0.00000000 0.93822527
vn 0.35623384 0.93439686 0.00000000
vn 0.35623112 0.93439788 0.00000000
vn 0.35623336 0.93439704 0.00000000
vn -0.35623074 0.93439800 0.00000000
vn -0.35623810 0.93439519 0.00000000
vn -0.35623530 0.93439627 0.00000000
vn -0.35623384 -0.93439686 0.00000000
vn -0.35623112 -0.93439788 0.00000000
vn -0.35623342 -0.93439698 0.00000000
vn 0.35623074 -0.93439806 0.00000000
vn 0.35623810 -0.93439519 0.00000000
vn 0.35623530 -0.93439627 0.00000000
vn -1.00000000 0.00000000 0.00000000
vn -1.00000000 0.00000000 0.00000000
vn -1.00000000 0.00000000 0.00000000
vn -1.00000000 -0.00000895 0.00000014
vn -1.00000000 -0.00001022 0.00000025
vn -1.00000000 -0.00001000 0.00000018
vn -1.00000000 0.00000000 0.00000000
vn -1.00000000 0.00000000 0.00000000
vn -1.00000000 0.00000000 0.00000000
vn -1.00000000 0.00000000 0.00000000
vn -1.00000000 0.00000000 0.00000000
vn -1.00000000 0.00000000 0.00000000
vn -1.00000000 0.00000000 0.00000000
vn -1.00000000 0.00000000 0.00000000
vn -1.00000000 0.00000000 0.00000000
vn -1.00000000 0.00000000 0.00000000
vn -1.00000000 0.00000000 0.00000000
vn -1.00000000 0.00000000 0.00000000
vn 1.00000000 0.00000000 0.00000000
vn 1.00000000 0.00000000 0.00000000
vn 1.00000000 0.00000000 0.00000000
vn 1.00000000 0.00000000 0.00000000
vn 1.00000000 0.00000000 0.00000000
vn 1.00000000 0.00000000 0.00000000
vn 1.00000000 0.00000000 0.00000000
vn 1.00000000 0.00000000 0.00000000
vn 1.00000000 0.00000000 0.00000000
vn 1.00000000 0.00000000 0.00000000
vn 1.00000000 0.00000000 0.00000000
vn 1.00000000 0.00000000 0.00000000
vn 1.00000000 0.00000000 0.00000000
vn 1.00000000 0.00000000 0.00000000
vn 1.00000000 0.00000000 0.00000000
vn 1.00000000 0.00000000 0.00000000
vn 1.00000000 0.00000000 0.00000000
vn 1.00000000 0.00000000 0.00000000
vn -0.70711082 0.00000000 0.70710278
vn -0.70711088 0.00000000 0.70710272
vn 0.00000000 0.00000000 1.00000000
vn 0.00000000 0.00000000 1.00000000
vn -0.34602505 0.00000000 0.93822527
vn 0.70712680 0.00000000 0.70708680
vn -0.34601820 0.00000000 0.93822783
vn 0.00000000 0.00000000 1.00000000
vn 0.00000000 0.00000000 1.00000000
vn 0.00000000 0.00000000 1.00000000
vn 0.00000000 0.00000000 1.00000000
vn 0.00000000 0.00000000 1.00000000
vn 0.00000000 0.00000000 -1.00000000
vn 0.00000000 0.00000000 -1.00000000
vn 0.00000000 0.00000000 -1.00000000
vn 0.00000000 0.00000000 -1.00000000
vn 0.00000000 0.00000000 -1.00000000
vn 0.00000000 0.00000000 -1.00000000
vn 0.00000000 0.00000000 -1.00000000
vn 0.00000000 0.00000000 -1.00000000
vn 0.00000000 0.00000000 -1.00000000
vn 0.00000000 0.00000000 -1.00000000
vn 0.00000000 0.00000000 -1.00000000
vn 0.00000000 0.00000000 -1.00000000
vn 0.00000000 1.00000000 0.00000000
vn 0.00000000 1.00000000 0.00000000
vn 0.00000000 1.00000000 0.00000000
vn 0.00000000 1.00000000 0.00000000
vn 0.00000000 1.00000000 0.00000000
vn 0.00000000 1.00000000 0.00000000
vn 0.00000000 1.00000000 0.00000000
vn 0.00000000 1.00000000 0.00000000
vn 0.00000000 1.00000000 0.00000000
vn 0.00000000 -1.00000000 0.00000000
vn 0.00000000 -1.00000000 0.00000000
vn 0.00000000 -1.00000000 0.00000000
vn 0.00000000 -1.00000000 0.00000000
vn 0.00000000 -1.00000000 0.00000000
vn 0.00000000 -1.00000000 0.00000000
vn 0.00000000 -1.00000000 0.00000000
vn 0.00000000 -1.00000000 0.00000000
vn 0.00000000 -1.00000000 0.00000000
vn 0.00000000 -0.95265508 0.30405307
vn 0.00000000 -0.95265359 0.30405790
vn 0.00000000 -0.70710391 -0.70710969
vn 0.00000000 0.95264840 0.30407408
vn 0.00000000 0.95264685 0.30407885
vn 0.00000000 0.70710379 -0.70710981
vn 0.34602129 -0.00000312 0.93822664
vn 0.34600925 0.00000000 0.93823111
vn 0.00000000 0.00000000 1.00000000
vn 0.00000000 -0.95265359 0.30405790
vn 0.00000000 -0.95265508 0.30405307
vn 0.00000000 -0.95265394 0.30405676
vn 0.00000000 -0.95265210 0.30406249
vn 0.00000000 -0.95265394 0.30405676
vn 0.00000000 -0.95265508 0.30405307
vn 0.00000000 0.95264685 0.30407885
vn 0.00000000 0.95264840 0.30407408
vn 0.00000000 0.95264721 0.30407771
vn 0.00000000 0.95264542 0.30408341
vn 0.00000000 0.95264721 0.30407771
vn 0.00000000 0.95264840 0.30407408
vn -0.34602576 0.00000000 0.93822503
vn -0.36917263 0.65823990 0.65607297
vn -0.53114772 0.59414178 0.60405099
vn 0.34602574 0.00000000 0.93822503
vn 0.36916456 -0.65823990 0.65607756
vn 0.53113586 -0.59416223 0.60404128
vn 0.34602296 -0.00000588 0.93822604
vn 0.34600490 0.00000543 0.93823272
vn 0.34600925 0.00000000 0.93823111
vn -0.35625321 0.93438947 0.00000000
vn -0.35626024 0.93438679 0.00000000
vn -0.35625857 0.93438739 0.00000000
vn 0.35625425 0.93438905 0.00000000
vn 0.35624829 0.93439132 0.00000000
vn 0.35625792 0.93438768 0.00000000
vn 0.35625106 0.93439025 0.00000000
vn 0.35626626 0.93438447 0.00000000
vn 0.35625857 0.93438739 0.00000000
vn 0.35623157 -0.93439770 0.00000000
vn 0.35623866 -0.93439502 0.00000000
vn 0.35623696 -0.93439567 0.00000000
vn -0.35623264 -0.93439728 0.00000000
vn -0.35622668 -0.93439955 0.00000000
vn -0.35623634 -0.93439591 0.00000000
vn -0.35622945 -0.93439853 0.00000000
vn -0.35624468 -0.93439269 0.00000000
vn -0.35623696 -0.93439567 0.00000000
vn 0.70711023 0.70710331 0.00000000
vn 1.00000000 0.00000000 0.00000000
vn 1.00000000 0.00000000 0.00000000
vn 0.70710766 0.70710593 0.00000000
vn 1.00000000 0.00000000 0.00000000
vn 1.00000000 0.00000000 0.00000000
vn 1.00000000 0.00000000 0.00000000
vn 1.00000000 0.00000000 0.00000000
vn 1.00000000 0.00000000 0.00000000
vn 0.70710558 0.70710802 0.00000000
vn 1.00000000 0.00000000 0.00000000
vn 1.00000000 0.00000000 0.00000000
vn 0.70710504 0.70710850 0.00000000
vn 0.57733387 0.57735741 0.57735962
vn 0.70711386 0.00000000 0.70709968
vn 1.00000000 0.00000000 0.00000000
vn 0.70711732 0.00000000 0.70709628
vn 1.00000000 0.00000000 0.00000000
vn 1.00000000 0.00000000 0.00000000
vn 1.00000000 0.00000000 0.00000000
vn 1.00000000 0.00000000 0.00000000
vn 1.00000000 0.00000000 0.00000000
vn 0.70711553 0.00000000 0.70709807
vn 1.00000000 0.00000000 0.00000000
vn 1.00000000 0.00000000 0.00000000
vn 1.00000000 0.00000000 0.00000000
vn 0.70711678 0.00000000 -0.70709676
vn 1.00000000 0.00000000 0.00000000
vn 1.00000000 0.00000000 0.00000000
vn 1.00000000 0.00000000 0.00000000
vn 1.00000000 0.00000000 0.00000000
vn 1.00000000 0.00000000 0.00000000
vn 0.70711678 0.00000000 -0.70709676
vn 1.00000000 0.00000000 0.00000000
vn 1.00000000 0.00000000 0.00000000
vn 1.00000000 0.00000000 0.00000000
vn 1.00000000 0.00000000 0.00000000
vn 1.00000000 0.00000000 0.00000000
vn 1.00000000 0.00000000 0.00000000
vn 1.00000000 0.00000000 0.00000000
vn 0.70711541 -0.70709813 0.00000000
vn 1.00000000 0.00000000 0.00000000
vn 1.00000000 0.00000000 0.00000000
vn 1.00000000 0.00000000 0.00000000
vn 0.70710784 0.00000000 -0.70710570
vn 1.00000000 0.00000000 0.00000000
vn 0.70710760 -0.70710599 0.00000000
vn 1.00000000 0.00000000 0.00000000
vn 1.00000000 0.00000000 0.00000000
vn 0.70710021 -0.70711333 0.00000000
vn 0.57735556 -0.57733196 -0.57736337
vn 0.35623074 -0.93439806 0.00000000
vn -0.70710748 -0.70710611 0.00000000
vn -0.70710552 -0.70710808 0.00000000
vn -0.70710951 -0.70710403 0.00000000
vn -0.70711261 -0.70710099 0.00000000
vn 0.35622853 -0.93439889 0.00000000
vn -0.70711261 -0.70710099 0.00000000
vn -1.00000000 0.00000000 0.00000000
vn -1.00000000 0.00000000 0.00000000
vn -0.70710766 -0.70710593 0.00000000
vn -1.00000000 0.00000000 0.00000000
vn -1.00000000 0.00000000 0.00000000
vn -1.00000000 0.00000000 0.00000000
vn -1.00000000 0.00000000 0.00000000
vn -1.00000000 0.00000000 0.00000000
vn -0.70710552 -0.70710808 0.00000000
vn -1.00000000 0.00000000 0.00000000
vn -1.00000000 0.00000000 0.00000000
vn -1.00000000 0.00000000 0.00000000
vn -0.70710790 0.00000000 0.70710564
vn -1.00000000 0.00000000 0.00000000
vn -1.00000000 0.00000000 0.00000000
vn -1.00000000 0.00000000 0.00000000
vn -1.00000000 0.00000000 0.00000000
vn -1.00000000 0.00000000 0.00000000
vn -0.70711678 0.00000000 0.70709676
vn -1.00000000 0.00000000 0.00000000
vn -1.00000000 0.00000000 0.00000000
vn -0.70710874 0.00000000 0.70710480
vn -1.00000000 0.00000000 0.00000000
vn -1.00000000 0.00000000 0.00000000
vn -1.00000000 0.00000000 0.00000000
vn -0.70711255 0.00000000 -0.70710105
vn -1.00000000 0.00000000 0.00000000
vn -1.00000000 0.00000000 0.00000000
vn -1.00000000 0.00000000 0.00000000
vn -1.00000000 0.00000000 0.00000000
vn -1.00000000 0.00000000 0.00000000
vn -0.70712328 0.00000000 -0.70709032
vn -1.00000000 0.00000000 0.00000000
vn -1.00000000 0.00000000 0.00000000
vn -1.00000000 0.00000000 0.00000000
vn -1.00000000 0.00000000 0.00000000
vn -0.70711678 0.70709676 0.00000000
vn -1.00000000 0.00000000 0.00000000
vn -1.00000000 0.00000000 0.00000000
vn -0.70710564 0.70710796 0.00000000
vn -1.00000000 0.00000000 0.00000000
vn -1.00000000 0.00000000 0.00000000
vn -1.00000000 0.00000000 0.00000000
vn -0.70712590 0.00000000 -0.70708764
vn -1.00000000 0.00000000 0.00000000
vn -0.70710760 0.70710593 0.00000000
vn -1.00000000 0.00000000 0.00000000
vn -1.00000000 0.00000000 0.00000000
vn -0.70710021 0.70711339 0.00000000
vn -0.57735592 0.57733238 -0.57736254
vn 0.00000000 1.00000000 0.00000000
vn 0.70710784 0.70710576 0.00000000
vn -0.35623074 0.93439800 0.00000000
vn 0.70711023 0.70710331 0.00000000
vn 0.00000000 0.70712072 -0.70709288
vn -0.08806338 0.99174619 0.09318992
vn -0.35623112 0.93439788 0.00000000
vn 0.70710641 0.70710719 0.00000000
vn 0.70710766 0.70710593 0.00000000
vn -0.70709258 0.00000000 -0.70712101
vn 0.00000000 0.00000000 -1.00000000
vn -0.70711255 0.00000000 -0.70710105
vn -0.70710325 0.00000000 -0.70711035
vn 0.00000000 0.00000000 -1.00000000
vn -0.70712328 0.00000000 -0.70709032
vn 0.00000000 0.00000000 -1.00000000
vn 0.00000000 0.00000000 -1.00000000
vn -0.70710325 0.00000000 -0.70711035
vn -0.57735592 0.57733238 -0.57736254
vn 0.00000000 0.70710629 -0.70710731
vn 0.00000000 0.00000000 -1.00000000
vn 0.70711732 0.00000000 0.70709628
vn 0.00000000 0.00000000 1.00000000
vn -0.34602654 0.00000000 0.93822473
vn 0.00000000 0.00000000 1.00000000
vn 0.00000000 0.00000000 1.00000000
vn 0.00000000 0.00000000 1.00000000
vn 0.00000000 0.00000000 1.00000000
vn 0.00000000 0.00000000 1.00000000
vn 0.00000000 0.00000000 1.00000000
vn 0.00000000 0.00000000 1.00000000
vn 0.00000000 0.00000000 1.00000000
vn 0.00000000 0.00000000 1.00000000
vn -0.34602356 0.00000000 0.93822581
vn 0.00000000 0.00000000 1.00000000
vn -0.34602425 0.00000000 0.93822557
vn 0.00000000 0.00000000 1.00000000
vn 0.00000000 0.00000000 1.00000000
vn 0.00000000 0.00000000 1.00000000
vn -0.34602329 0.00000000 0.93822592
vn 0.00000000 0.00000000 1.00000000
vn -0.34602508 0.00000000 0.93822527
vn -0.53113663 0.59416252 0.60404044
vn 0.00000000 0.00000000 1.00000000
vn -0.34602576 0.00000000 0.93822503
vn 0.53113323 -0.59416199 0.60404390
vn 0.00000000 0.00000000 1.00000000
vn 0.34602425 0.00000000 0.93822557
vn 0.00000000 0.00000000 1.00000000
vn 0.00000000 0.00000000 1.00000000
vn 0.00000000 0.00000000 1.00000000
vn 0.34601936 0.00000000 0.93822736
vn 0.00000000 0.00000000 1.00000000
vn 0.34603047 0.00000000 0.93822324
vn 0.00000000 0.00000000 1.00000000
vn 0.00000000 0.00000000 1.00000000
vn 0.00000000 0.00000000 1.00000000
vn 0.00000000 0.00000000 1.00000000
vn 0.00000000 0.00000000 1.00000000
vn 0.00000000 0.00000000 1.00000000
vn 0.00000000 0.00000000 1.00000000
vn 0.00000000 0.00000000 1.00000000
vn 0.00000000 0.00000000 1.00000000
vn 0.34602359 0.00000000 0.93822581
vn 0.00000000 0.00000000 1.00000000
vn 0.34602576 0.00000000 0.93822503
vn 0.00000000 -0.70710492 -0.70710862
vn 0.00000000 0.00000000 -1.00000000
vn 0.57735556 -0.57733196 -0.57736337
vn 0.00000000 0.00000000 -1.00000000
vn 0.57736969 0.57733697 -0.57734424
vn 0.70711678 0.00000000 -0.70709676
vn 0.00000000 0.00000000 -1.00000000
vn 0.00000000 -0.70710671 -0.70710683
vn 0.00000000 0.00000000 -1.00000000
vn 0.00000000 0.00000000 -1.00000000
vn 0.00000000 0.00000000 -1.00000000
vn 0.00000000 0.00000000 -1.00000000
vn 0.00000000 0.00000000 -1.00000000
vn 0.00000000 0.00000000 -1.00000000
vn 0.00000000 0.00000000 -1.00000000
vn 0.00000000 0.00000000 -1.00000000
vn 0.00000000 0.00000000 -1.00000000
vn 0.00000000 0.00000000 -1.00000000
vn 0.00000000 0.00000000 -1.00000000
vn 0.00000000 0.00000000 -1.00000000
vn 0.00000000 0.00000000 -1.00000000
vn 0.00000000 0.00000000 -1.00000000
vn 0.00000000 0.00000000 -1.00000000
vn 0.00000000 0.00000000 -1.00000000
vn 0.00000000 0.70710665 -0.70710695
vn 0.00000000 0.00000000 -1.00000000
vn 0.00000000 0.00000000 -1.00000000
vn 0.00000000 0.00000000 -1.00000000
vn 0.00000000 0.00000000 -1.00000000
vn 0.00000000 0.00000000 -1.00000000
vn 0.00000000 0.00000000 -1.00000000
vn 0.00000000 0.00000000 -1.00000000
vn 0.00000000 0.00000000 -1.00000000
vn 0.00000000 0.00000000 -1.00000000
vn 0.00000000 0.00000000 -1.00000000
vn 0.00000000 0.00000000 -1.00000000
vn 0.35623384 0.93439686 0.00000000
vn 0.35622853 0.93439889 0.00000000
vn -0.70710659 0.70710695 0.00000000
vn 0.00000000 0.95265299 0.30405959
vn 0.00000000 1.00000000 0.00000000
vn 0.00000000 1.00000000 0.00000000
vn 0.00000000 1.00000000 0.00000000
vn 0.00000000 1.00000000 0.00000000
vn 0.00000000 1.00000000 0.00000000
vn 0.35623151 0.93439776 0.00000000
vn 0.35622895 0.93439871 0.00000000
vn 0.00000000 1.00000000 0.00000000
vn 0.00000000 1.00000000 0.00000000
vn 0.00000000 1.00000000 0.00000000
vn 0.00000000 1.00000000 0.00000000
vn 0.00000000 1.00000000 0.00000000
vn 0.00000000 1.00000000 0.00000000
vn 0.00000000 1.00000000 0.00000000
vn 0.00000000 1.00000000 0.00000000
vn 0.00000000 1.00000000 0.00000000
vn 0.00000000 1.00000000 0.00000000
vn 0.00000000 1.00000000 0.00000000
vn 0.00000000 1.00000000 0.00000000
vn 0.00000000 1.00000000 0.00000000
vn 0.00000000 1.00000000 0.00000000
vn -0.53113663 0.59416252 0.60404044
vn -0.35623115 0.93439788 0.00000000
vn 0.00000000 1.00000000 0.00000000
vn -0.35623810 0.93439519 0.00000000
vn -0.35623607 0.93439597 0.00000000
vn 0.00000000 1.00000000 0.00000000
vn 0.00000000 1.00000000 0.00000000
vn 0.00000000 1.00000000 0.00000000
vn 0.00000000 1.00000000 0.00000000
vn -0.35623607 0.93439597 0.00000000
vn -0.35623345 0.93439698 0.00000000
vn -0.35623384 -0.93439686 0.00000000
vn -0.35622853 -0.93439889 0.00000000
vn 0.70710665 -0.70710695 0.00000000
vn 0.00000000 -0.95265299 0.30405959
vn 0.00000000 -1.00000000 0.00000000
vn 0.00000000 -1.00000000 0.00000000
vn 0.00000000 -1.00000000 0.00000000
vn 0.00000000 -1.00000000 0.00000000
vn 0.00000000 -1.00000000 0.00000000
vn -0.35623151 -0.93439776 0.00000000
vn -0.35622898 -0.93439871 0.00000000
vn 0.00000000 -1.00000000 0.00000000
vn 0.00000000 -1.00000000 0.00000000
vn 0.00000000 -1.00000000 0.00000000
vn 0.00000000 -1.00000000 0.00000000
vn 0.00000000 -1.00000000 0.00000000
vn 0.00000000 -1.00000000 0.00000000
vn 0.00000000 -1.00000000 0.00000000
vn 0.00000000 -1.00000000 0.00000000
vn 0.00000000 -1.00000000 0.00000000
vn 0.00000000 -1.00000000 0.00000000
vn 0.00000000 -1.00000000 0.00000000
vn 0.00000000 -1.00000000 0.00000000
vn 0.00000000 -1.00000000 0.00000000
vn 0.00000000 -1.00000000 0.00000000
vn 0.53113323 -0.59416199 0.60404390
vn 0.35622936 -0.93439853 0.00000000
vn 0.00000000 -1.00000000 0.00000000
vn 0.35623810 -0.93439519 0.00000000
vn 0.35623604 -0.93439597 0.00000000
vn 0.00000000 -1.00000000 0.00000000
vn 0.00000000 -1.00000000 0.00000000
vn 0.00000000 -1.00000000 0.00000000
vn 0.00000000 -1.00000000 0.00000000
vn 0.35623604 -0.93439597 0.00000000
vn 0.35623342 -0.93439698 0.00000000
vn 0.00000000 -0.95265603 0.30405009
vn 0.00000000 -0.95265454 0.30405489
vn 0.00000000 -0.70710468 -0.70710891
vn -0.57736868 -0.57732189 -0.57736027
vn 0.00000000 -0.70711166 -0.70710194
vn 0.08806239 -0.99174637 0.09318887
vn 0.00000000 -0.95265454 0.30405489
vn 0.08806239 -0.99174637 0.09318887
vn 0.00000000 -0.70710599 -0.70710754
vn -0.08806338 -0.99174619 0.09318992
vn 0.00000000 -0.70710671 -0.70710683
vn 0.00000000 -0.70710492 -0.70710862
vn 0.00000000 -0.70710671 -0.70710683
vn -0.08806338 -0.99174619 0.09318992
vn 0.00000000 -0.95265454 0.30405489
vn 0.00000000 -0.70710468 -0.70710891
vn 0.00000000 -0.95265454 0.30405489
vn 0.00000000 -0.95265603 0.30405009
vn 0.00000000 0.95265603 0.30405015
vn 0.00000000 0.95265454 0.30405489
vn 0.00000000 0.70710492 -0.70710862
vn 0.00000000 0.70712072 -0.70709288
vn 0.00000000 0.70708764 -0.70712590
vn -0.08806338 0.99174619 0.09318992
vn 0.00000000 0.95265454 0.30405489
vn -0.08806338 0.99174619 0.09318992
vn 0.00000000 0.70708764 -0.70712590
vn 0.08806339 0.99174619 0.09318992
vn 0.00000000 0.70710665 -0.70710695
vn 0.00000000 0.70710629 -0.70710731
vn 0.00000000 0.70710665 -0.70710695
vn 0.08806339 0.99174619 0.09318992
vn 0.00000000 0.95265454 0.30405489
vn 0.00000000 0.70710492 -0.70710862
vn 0.00000000 0.95265454 0.30405489
vn 0.00000000 0.95265603 0.30405015
vn 0.00000000 0.00000000 1.00000000
vn 0.34602657 0.00000000 0.93822473
vn 0.34602791 0.00000000 0.93822420
vn 0.00000000 0.00000000 1.00000000
vn -0.34602726 0.00000000 0.93822443
vn -0.34602797 0.00000000 0.93822420
vn 0.00000000 0.70710629 -0.70710731
vn -0.70710021 0.70711339 0.00000000
vn 0.08806339 0.99174619 0.09318992
vn -0.70710564 0.70710796 0.00000000
vn -0.70710903 0.70710456 0.00000000
vn 0.35622302 0.93440098 0.00000000
vn 0.00000000 1.00000000 0.00000000
vn -0.35623339 0.93439698 0.00000000
vn 0.70710504 0.70710850 0.00000000
vn 0.00000000 -0.70710492 -0.70710862
vn 0.70710021 -0.70711333 0.00000000
vn -0.08806338 -0.99174619 0.09318992
vn 0.00000000 -0.95265299 0.30405959
vn 0.00000000 -0.95265484 0.30405381
vn 0.00000000 -0.95265603 0.30405009
vn 0.00000000 -0.95265454 0.30405489
vn 0.00000000 -0.95265603 0.30405009
vn 0.00000000 -0.95265484 0.30405381
vn 0.08806239 -0.99174637 0.09318887
vn 0.00000000 -0.95265454 0.30405489
vn 0.28486100 -0.93080789 0.22902164
vn -0.28486094 -0.93080789 0.22902158
vn 0.00000000 -0.95265454 0.30405489
vn -0.08806338 -0.99174619 0.09318992
vn 0.00000000 -0.95265603 0.30405009
vn 0.00000000 -0.95265454 0.30405489
vn 0.00000000 -0.95265508 0.30405319
vn 0.00000000 -0.95265508 0.30405319
vn 0.00000000 -0.95265299 0.30405959
vn 0.00000000 -0.95265603 0.30405009
vn 0.00000000 0.95265299 0.30405959
vn 0.00000000 0.95265484 0.30405387
vn 0.00000000 0.95265603 0.30405015
vn 0.00000000 0.95265454 0.30405489
vn 0.00000000 0.95265603 0.30405015
vn 0.00000000 0.95265484 0.30405387
vn -0.08806338 0.99174619 0.09318992
vn 0.00000000 0.95265454 0.30405489
vn -0.28486100 0.93080789 0.22902164
vn 0.28486091 0.93080789 0.22902158
vn 0.00000000 0.95265454 0.30405489
vn 0.08806339 0.99174619 0.09318992
vn 0.00000000 0.95265603 0.30405015
vn 0.00000000 0.95265454 0.30405489
vn 0.00000000 0.95265508 0.30405319
vn 0.00000000 0.95265508 0.30405319
vn 0.00000000 0.95265299 0.30405959
vn 0.00000000 0.95265603 0.30405015
vn 0.34602132 0.00000000 0.93822664
vn 0.34602508 0.00000000 0.93822527
vn 0.34602657 0.00000000 0.93822473
vn 0.34602576 0.00000000 0.93822503
vn 0.53113115 0.59416097 0.60404670
vn 0.36916324 0.65824026 0.65607792
vn 0.53113323 -0.59416199 0.60404390
vn 0.34602636 0.00000000 0.93822479
vn 0.36915946 -0.65824997 0.65607035
vn 0.34603047 0.00000000 0.93822324
vn 0.34602281 0.00000000 0.93822610
vn 0.34602132 0.00000000 0.93822664
vn -0.34602132 0.00000000 0.93822664
vn -0.34602502 0.00000000 0.93822527
vn -0.34602726 0.00000000 0.93822443
vn -0.53113014 -0.59416312 0.60404551
vn -0.36916041 -0.65822792 0.65609193
vn -0.34602439 0.00000000 0.93822551
vn -0.53113663 0.59416252 0.60404044
vn -0.34602576 0.00000000 0.93822503
vn -0.36916363 0.65824008 0.65607786
vn -0.34602508 0.00000000 0.93822527
vn -0.34602281 0.00000000 0.93822610
vn -0.34602132 0.00000000 0.93822664
vn 0.35622993 0.93439835 0.00000000
vn 0.35623336 0.93439704 0.00000000
vn 0.35623112 0.93439788 0.00000000
vn 0.08806339 0.99174619 0.09318992
vn 0.35622853 0.93439889 0.00000000
vn 0.28486091 0.93080789 0.22902158
vn 0.35622895 0.93439871 0.00000000
vn 0.35623151 0.93439776 0.00000000
vn 0.35622302 0.93440098 0.00000000
vn -0.35623115 0.93439788 0.00000000
vn -0.53113663 0.59416252 0.60404044
vn -0.36916363 0.65824008 0.65607786
vn -0.35623688 0.93439567 0.00000000
vn -0.35623381 0.93439686 0.00000000
vn -0.35622856 0.93439883 0.00000000
vn -0.35623345 0.93439698 0.00000000
vn -0.35622773 0.93439919 0.00000000
vn -0.35623112 0.93439788 0.00000000
vn -0.35622993 -0.93439835 0.00000000
vn -0.35623342 -0.93439698 0.00000000
vn -0.35623112 -0.93439788 0.00000000
vn -0.08806338 -0.99174619 0.09318992
vn -0.35622853 -0.93439889 0.00000000
vn -0.28486094 -0.93080789 0.22902158
vn -0.35622898 -0.93439871 0.00000000
vn -0.35623151 -0.93439776 0.00000000
vn -0.35622302 -0.93440098 0.00000000
vn 0.35622936 -0.93439853 0.00000000
vn 0.53113323 -0.59416199 0.60404390
vn 0.35623294 -0.93439716 0.00000000
vn 0.35623693 -0.93439567 0.00000000
vn 0.35623381 -0.93439686 0.00000000
vn 0.35622853 -0.93439889 0.00000000
vn 0.35623342 -0.93439698 0.00000000
vn 0.35622773 -0.93439919 0.00000000
vn 0.35623109 -0.93439788 0.00000000
vn -0.70711666 0.00000000 -0.70709693
vn -1.00000000 0.00000000 0.00000000
vn -1.00000000 0.00000000 0.00000000
vn -0.70712602 0.00000000 -0.70708752
vn -1.00000000 0.00000000 0.00000000
vn -1.00000000 0.00000000 0.00000000
vn -1.00000000 0.00000000 0.00000000
vn -1.00000000 0.00000000 0.00000000
vn -1.00000000 0.00000000 0.00000000
vn -0.70712411 0.00000000 -0.70708942
vn -1.00000000 -0.00000655 0.00000264
vn -1.00000000 0.00000000 0.00000000
vn -1.00000000 -0.00000985 -0.00000035
vn -0.70711344 -0.70710009 0.00000000
vn -1.00000000 -0.00000895 0.00000014
vn -1.00000000 0.00000000 0.00000000
vn -1.00000000 -0.00000941 0.00000017
vn -1.00000000 0.00000000 0.00000000
vn -1.00000000 -0.00001022 0.00000025
vn -0.70710540 -0.70710814 0.00000000
vn -1.00000000 -0.00000906 0.00000013
vn -1.00000000 -0.00000986 0.00000017
vn -0.70711225 -0.70710129 0.00000000
vn -1.00000000 -0.00001231 -0.00000738
vn -1.00000000 0.00000000 0.00000000
vn -1.00000000 0.00000000 0.00000000
vn -0.70711029 0.70710331 0.00000000
vn -1.00000000 0.00000000 0.00000000
vn -1.00000000 0.00000000 0.00000000
vn -1.00000000 0.00000000 0.00000000
vn -1.00000000 0.00000000 0.00000000
vn -1.00000000 0.00000000 0.00000000
vn -0.70710766 0.70710593 0.00000000
vn -1.00000000 0.00000000 0.00000000
vn -1.00000000 0.00000000 0.00000000
vn -1.00000000 0.00000000 0.00000000
vn -1.00000000 -0.00001231 -0.00000738
vn -0.70712101 -0.00001044 0.70709258
vn -1.00000000 -0.00000738 -0.00000246
vn -1.00000000 0.00000000 0.00000000
vn -0.70711410 0.00000000 0.70709944
vn -1.00000000 0.00000000 0.00000000
vn -1.00000000 0.00000000 0.00000000
vn -1.00000000 0.00000000 0.00000000
vn -0.70710558 0.70710796 0.00000000
vn -1.00000000 0.00000000 0.00000000
vn -0.70711088 0.00000000 0.70710272
vn -0.70711082 0.00000000 0.70710278
vn -1.00000000 0.00000000 0.00000000
vn -0.70712274 0.00000000 0.70709085
vn -0.70711017 0.70710337 0.00000000
vn -0.35623160 -0.93439770 0.00000000
vn 0.70710945 -0.70710415 0.00000000
vn -0.35623696 -0.93439567 0.00000000
vn -0.35623083 -0.93439800 0.00000000
vn 0.70710564 -0.70710796 0.00000000
vn -0.35623112 -0.93439788 0.00000000
vn 0.70711309 0.00000000 -0.70710045
vn 1.00000000 0.00000000 0.00000000
vn 1.00000000 0.00000000 0.00000000
vn 0.70712286 0.00000000 -0.70709074
vn 1.00000000 0.00000000 0.00000000
vn 1.00000000 0.00000000 0.00000000
vn 1.00000000 0.00000000 0.00000000
vn 1.00000000 0.00000000 0.00000000
vn 1.00000000 0.00000000 0.00000000
vn 0.70711279 0.00000000 -0.70710075
vn 1.00000000 0.00000000 0.00000000
vn 1.00000000 0.00000000 0.00000000
vn 1.00000000 0.00000000 0.00000000
vn 0.70711344 0.70710009 0.00000000
vn 1.00000000 0.00000000 0.00000000
vn 1.00000000 0.00000000 0.00000000
vn 1.00000000 0.00000000 0.00000000
vn 1.00000000 0.00000000 0.00000000
vn 1.00000000 0.00000000 0.00000000
vn 0.70710540 0.70710814 0.00000000
vn 1.00000000 0.00000000 0.00000000
vn 1.00000000 0.00000000 0.00000000
vn 0.70711225 0.70710135 0.00000000
vn 1.00000000 0.00000000 0.00000000
vn 1.00000000 0.00000000 0.00000000
vn 1.00000000 0.00000000 0.00000000
vn 0.70711136 -0.70710224 0.00000000
vn 1.00000000 0.00000000 0.00000000
vn 1.00000000 0.00000000 0.00000000
vn 1.00000000 0.00000000 0.00000000
vn 1.00000000 0.00000000 0.00000000
vn 1.00000000 0.00000000 0.00000000
vn 0.70710760 -0.70710593 0.00000000
vn 1.00000000 0.00000000 0.00000000
vn 1.00000000 0.00000000 0.00000000
vn 1.00000000 0.00000000 0.00000000
vn 1.00000000 0.00000000 0.00000000
vn 0.70711064 0.00000000 0.70710295
vn 1.00000000 0.00000000 0.00000000
vn 1.00000000 0.00000000 0.00000000
vn 0.70711845 0.00000000 0.70709509
vn 1.00000000 0.00000000 0.00000000
vn 1.00000000 0.00000000 0.00000000
vn 1.00000000 0.00000000 0.00000000
vn 0.70710564 -0.70710796 0.00000000
vn 1.00000000 0.00000000 0.00000000
vn 0.70712680 0.00000000 0.70708680
vn 1.00000000 0.00000000 0.00000000
vn 1.00000000 0.00000000 0.00000000
vn 0.70712107 0.00000000 0.70709246
vn 0.70711219 -0.70710140 0.00000000
vn 0.35625324 0.93438947 0.00000000
vn -0.70710933 0.70710421 0.00000000
vn 0.35625857 0.93438739 0.00000000
vn 0.35625243 0.93438977 0.00000000
vn -0.70710558 0.70710796 0.00000000
vn 0.35625273 0.93438965 0.00000000
vn 0.00000000 0.00000000 -1.00000000
vn 0.70709020 0.00000000 -0.70712334
vn 0.70711279 0.00000000 -0.70710075
vn 0.00000000 0.00000000 -1.00000000
vn 0.70709509 0.00000000 -0.70711845
vn 0.70711309 0.00000000 -0.70710045
vn 0.00000000 0.00000000 -1.00000000
vn 0.70710212 0.00000000 -0.70711142
vn 0.70712286 0.00000000 -0.70709074
vn -0.70712274 0.00000000 0.70709085
vn -0.70711082 0.00000000 0.70710278
vn 0.00000000 0.00000000 1.00000000
vn 0.00000000 0.00000000 1.00000000
vn 0.34601012 0.00000384 0.93823075
vn -0.70711082 0.00000000 0.70710278
vn 0.00000000 0.00000000 1.00000000
vn 0.00000000 0.00000000 1.00000000
vn 0.70711845 0.00000000 0.70709509
vn 0.70712107 0.00000000 0.70709246
vn 0.00000000 0.00000000 1.00000000
vn 0.00000000 0.00000000 1.00000000
vn -0.34602505 0.00000000 0.93822527
vn -0.34602842 0.00000000 0.93822402
vn 0.00000000 0.00000000 1.00000000
vn 0.00000000 -0.70710874 0.70710486
vn 0.00000000 0.00000000 1.00000000
vn 0.00000000 0.00000000 1.00000000
vn 0.00000000 0.00000000 1.00000000
vn 0.00000000 0.00000000 1.00000000
vn 0.00000000 0.00000000 1.00000000
vn -0.34602207 0.00000000 0.93822634
vn -0.34602576 0.00000000 0.93822503
vn 0.00000000 0.00000000 1.00000000
vn 0.00000000 0.00000000 1.00000000
vn 0.00000000 0.00000000 1.00000000
vn 0.00000000 0.00000000 1.00000000
vn 0.34601858 -0.00000624 0.93822765
vn 0.00000886 -0.00000415 1.00000000
vn 0.34602296 -0.00000588 0.93822604
vn 0.00000465 0.00000000 1.00000000
vn 0.00000000 0.00000000 1.00000000
vn 0.00000267 0.00000420 1.00000000
vn 0.34600490 0.00000543 0.93823272
vn 0.00000267 0.00000420 1.00000000
vn 0.34602144 0.00000602 0.93822658
vn -0.34603149 0.00000000 0.93822289
vn -0.34601820 0.00000000 0.93822783
vn 0.00000000 0.00000000 1.00000000
vn 0.00000000 0.00000000 1.00000000
vn 0.00000000 0.00000000 1.00000000
vn 0.00000000 0.00000000 1.00000000
vn 0.00000000 0.00000000 1.00000000
vn 0.00000000 0.00000000 1.00000000
vn 0.00000000 0.00000000 1.00000000
vn 0.00000000 0.00000000 1.00000000
vn 0.00000000 0.70710880 0.70710474
vn 0.00000000 0.00000000 1.00000000
vn 0.00000000 0.00000000 1.00000000
vn 0.00000000 0.00000000 1.00000000
vn 0.00000000 0.00000000 1.00000000
vn 0.00000000 0.00000000 1.00000000
vn 0.00000000 0.00000000 1.00000000
vn 0.00000000 0.00000000 1.00000000
vn -0.70712602 0.00000000 -0.70708752
vn -0.70710164 0.00000000 -0.70711195
vn 0.00000000 0.00000000 -1.00000000
vn -0.70711666 0.00000000 -0.70709693
vn -0.57736808 0.57733536 -0.57734734
vn 0.00000000 0.00000000 -1.00000000
vn 0.00000000 0.00000000 -1.00000000
vn -0.70709014 0.00000000 -0.70712346
vn -0.70712411 0.00000000 -0.70708942
vn 0.00000000 -0.70710617 -0.70710737
vn 0.00000000 0.00000000 -1.00000000
vn 0.00000000 0.00000000 -1.00000000
vn 0.00000000 0.00000000 -1.00000000
vn 0.00000000 0.00000000 -1.00000000
vn 0.00000000 0.00000000 -1.00000000
vn 0.00000000 0.00000000 -1.00000000
vn 0.00000000 0.00000000 -1.00000000
vn 0.00000000 0.00000000 -1.00000000
vn 0.00000000 0.00000000 -1.00000000
vn 0.00000000 0.00000000 -1.00000000
vn 0.00000000 0.00000000 -1.00000000
vn 0.00000000 0.00000000 -1.00000000
vn 0.00000000 0.00000000 -1.00000000
vn 0.00000000 0.00000000 -1.00000000
vn 0.00000000 0.00000000 -1.00000000
vn 0.00000000 0.00000000 -1.00000000
vn 0.00000000 0.00000000 -1.00000000
vn 0.00000000 0.00000000 -1.00000000
vn 0.00000000 0.00000000 -1.00000000
vn 0.00000000 0.00000000 -1.00000000
vn 0.00000000 0.00000000 -1.00000000
vn 0.00000000 0.00000000 -1.00000000
vn 0.00000000 0.00000000 -1.00000000
vn 0.00000000 0.00000000 -1.00000000
vn 0.00000000 0.00000000 -1.00000000
vn 0.00000000 0.00000000 -1.00000000
vn 0.00000000 0.00000000 -1.00000000
vn 0.00000000 0.70710617 -0.70710737
vn 0.00000000 0.00000000 -1.00000000
vn 0.00000000 0.00000000 -1.00000000
vn 0.00000000 0.00000000 -1.00000000
vn 0.00000000 0.00000000 -1.00000000
vn 0.00000000 0.00000000 -1.00000000
vn 0.00000000 0.00000000 -1.00000000
vn 0.00000000 0.00000000 -1.00000000
vn 0.00000000 0.00000000 -1.00000000
vn 0.00000000 0.00000000 -1.00000000
vn 0.00000000 0.00000000 -1.00000000
vn 0.00000000 0.00000000 -1.00000000
vn 0.00000000 0.00000000 -1.00000000
vn 0.00000000 0.00000000 -1.00000000
vn 0.70711440 0.70709914 0.00000000
vn 0.00000000 0.70710397 -0.70710957
vn -0.08807139 0.99174470 0.09319831
vn 0.00000000 1.00000000 0.00000000
vn 0.00000000 0.95264542 0.30408341
vn 0.00000000 1.00000000 0.00000000
vn 0.00000000 1.00000000 0.00000000
vn 0.00000000 1.00000000 0.00000000
vn 0.00000000 1.00000000 0.00000000
vn 0.00000000 1.00000000 0.00000000
vn 0.00000000 1.00000000 0.00000000
vn 0.00000000 1.00000000 0.00000000
vn 0.35626051 0.93438667 0.00000000
vn 0.00000000 1.00000000 0.00000000
vn 0.35625106 0.93439025 0.00000000
vn 0.00000000 1.00000000 0.00000000
vn 0.00000000 1.00000000 0.00000000
vn 0.00000000 1.00000000 0.00000000
vn 0.35624829 0.93439132 0.00000000
vn 0.00000000 1.00000000 0.00000000
vn 0.35626051 0.93438667 0.00000000
vn 0.00000000 1.00000000 0.00000000
vn 0.00000000 1.00000000 0.00000000
vn 0.00000000 1.00000000 0.00000000
vn 0.00000000 1.00000000 0.00000000
vn 0.00000000 1.00000000 0.00000000
vn 0.00000000 1.00000000 0.00000000
vn 0.00000000 1.00000000 0.00000000
vn 0.00000000 1.00000000 0.00000000
vn 0.00000000 1.00000000 0.00000000
vn 0.00000000 1.00000000 0.00000000
vn 0.00000000 1.00000000 0.00000000
vn 0.00000000 1.00000000 0.00000000
vn -0.35625049 0.93439049 0.00000000
vn 0.00000000 1.00000000 0.00000000
vn -0.35625410 0.93438911 0.00000000
vn -0.70711440 -0.70709914 0.00000000
vn 0.00000000 -0.70710397 -0.70710963
vn 0.08806439 -0.99174601 0.09319095
vn 0.00000000 -1.00000000 0.00000000
vn 0.00000000 -0.95265210 0.30406249
vn 0.00000000 -1.00000000 0.00000000
vn 0.00000000 -1.00000000 0.00000000
vn 0.00000000 -1.00000000 0.00000000
vn 0.00000000 -1.00000000 0.00000000
vn 0.00000000 -1.00000000 0.00000000
vn 0.00000000 -1.00000000 0.00000000
vn 0.00000000 -1.00000000 0.00000000
vn -0.35623893 -0.93439490 0.00000000
vn 0.00000000 -1.00000000 0.00000000
vn -0.35622945 -0.93439853 0.00000000
vn 0.00000000 -1.00000000 0.00000000
vn 0.00000000 -1.00000000 0.00000000
vn 0.00000000 -1.00000000 0.00000000
vn -0.35622668 -0.93439955 0.00000000
vn 0.00000000 -1.00000000 0.00000000
vn -0.35623893 -0.93439490 0.00000000
vn 0.00000000 -1.00000000 0.00000000
vn 0.00000000 -1.00000000 0.00000000
vn 0.00000000 -1.00000000 0.00000000
vn 0.00000000 -1.00000000 0.00000000
vn 0.00000000 -1.00000000 0.00000000
vn 0.00000000 -1.00000000 0.00000000
vn 0.00000000 -1.00000000 0.00000000
vn 0.00000000 -1.00000000 0.00000000
vn 0.00000000 -1.00000000 0.00000000
vn 0.00000000 -1.00000000 0.00000000
vn 0.00000000 -1.00000000 0.00000000
vn 0.00000000 -1.00000000 0.00000000
vn 0.35622886 -0.93439871 0.00000000
vn 0.00000000 -1.00000000 0.00000000
vn 0.35623249 -0.93439734 0.00000000
vn 0.00000000 -0.95265359 0.30405790
vn 0.08806439 -0.99174601 0.09319095
vn 0.00000000 -0.70710617 -0.70710737
vn 0.00000000 -0.70710397 -0.70710963
vn 0.00000000 -0.70710617 -0.70710737
vn 0.08806439 -0.99174601 0.09319095
vn 0.00000000 -0.70710391 -0.70710969
vn 0.00000000 -0.95265359 0.30405787
vn 0.00000000 -0.95265508 0.30405307
vn -0.08806439 -0.99174601 0.09319095
vn 0.00000000 -0.70710510 -0.70710844
vn 0.00000000 -0.70711547 -0.70709807
vn 0.00000000 -0.70710510 -0.70710844
vn -0.08806439 -0.99174601 0.09319095
vn 0.00000000 -0.95265359 0.30405787
vn 0.00000000 0.95264685 0.30407885
vn -0.08807139 0.99174470 0.09319831
vn 0.00000000 0.70710617 -0.70710737
vn 0.00000000 0.70710397 -0.70710957
vn 0.00000000 0.70710617 -0.70710737
vn -0.08807139 0.99174470 0.09319831
vn 0.00000000 0.70710379 -0.70710981
vn 0.00000000 0.95264685 0.30407882
vn 0.00000000 0.95264840 0.30407408
vn 0.08807138 0.99174470 0.09319830
vn 0.00000000 0.70710456 -0.70710903
vn 0.00000000 0.70711923 -0.70709437
vn 0.00000000 0.70710456 -0.70710903
vn 0.08807138 0.99174470 0.09319830
vn 0.00000000 0.95264685 0.30407882
vn -0.36916927 -0.65823948 0.65607536
vn 0.00000000 0.00000000 1.00000000
vn -0.34602422 0.00000000 0.93822557
vn -0.34602505 0.00000000 0.93822527
vn 0.00000000 0.00000000 1.00000000
vn -0.34602681 0.00000000 0.93822461
vn 0.00000000 0.00000000 1.00000000
vn -0.34603471 0.00000000 0.93822169
vn 0.00000000 0.00000000 1.00000000
vn 0.36917546 0.65823621 0.65607512
vn 0.00000000 0.00000000 1.00000000
vn 0.34602422 0.00000000 0.93822557
vn 0.00000000 0.00000000 1.00000000
vn 0.34602892 0.00000000 0.93822384
vn 0.00000000 0.00000000 1.00000000
vn -0.35625762 0.93438780 0.00000000
vn 0.00000000 1.00000000 0.00000000
vn 0.70709604 0.70711750 0.00000000
vn -0.35625586 0.93438846 0.00000000
vn 0.70710540 0.70710814 0.00000000
vn 0.70710969 0.70710385 0.00000000
vn 0.00000000 0.70711923 -0.70709437
vn -0.70711029 0.70710331 0.00000000
vn 0.08807138 0.99174470 0.09319830
vn 0.35625425 0.93438905 0.00000000
vn 0.35625792 0.93438768 0.00000000
vn 0.00000000 1.00000000 0.00000000
vn -0.70711017 0.70710337 0.00000000
vn -0.57733911 0.57737064 0.57734114
vn 0.00000000 1.00000000 0.00000000
vn 0.35623595 -0.93439603 0.00000000
vn 0.00000000 -1.00000000 0.00000000
vn -0.70709604 -0.70711750 0.00000000
vn 0.35623422 -0.93439668 0.00000000
vn -0.70710540 -0.70710814 0.00000000
vn -0.70710975 -0.70710379 0.00000000
vn 0.00000000 -0.70711547 -0.70709807
vn 0.70711136 -0.70710224 0.00000000
vn -0.08806439 -0.99174601 0.09319095
vn -0.35623264 -0.93439728 0.00000000
vn -0.35623634 -0.93439591 0.00000000
vn 0.00000000 -1.00000000 0.00000000
vn 0.70711219 -0.70710140 0.00000000
vn 0.57733583 -0.57736742 0.57734764
vn 0.00000000 -1.00000000 0.00000000
vn 0.08806439 -0.99174601 0.09319095
vn 0.00000000 -0.95265359 0.30405790
vn 0.28486365 -0.93080646 0.22902417
vn 0.00000000 -0.95265508 0.30405307
vn 0.00000000 -0.95265388 0.30405694
vn 0.00000000 -0.95265210 0.30406249
vn 0.00000000 -0.95265388 0.30405694
vn 0.00000000 -0.95265508 0.30405307
vn 0.00000000 -0.95265359 0.30405787
vn -0.28486353 -0.93080652 0.22902405
vn 0.00000000 -0.95265359 0.30405787
vn -0.08806439 -0.99174601 0.09319095
vn -0.08807139 0.99174470 0.09319831
vn 0.00000000 0.95264685 0.30407885
vn -0.28488159 0.93079674 0.22904137
vn 0.00000000 0.95264840 0.30407408
vn 0.00000000 0.95264715 0.30407789
vn 0.00000000 0.95264542 0.30408341
vn 0.00000000 0.95264715 0.30407789
vn 0.00000000 0.95264840 0.30407408
vn 0.00000000 0.95264685 0.30407882
vn 0.28488147 0.93079680 0.22904126
vn 0.00000000 0.95264685 0.30407882
vn 0.08807138 0.99174470 0.09319830
vn -0.34602422 0.00000000 0.93822557
vn -0.34602842 0.00000000 0.93822402
vn -0.34602427 0.00000000 0.93822557
vn -0.34603471 0.00000000 0.93822169
vn -0.34602797 0.00000000 0.93822420
vn -0.34602511 0.00000000 0.93822527
vn -0.34602207 0.00000000 0.93822634
vn -0.34602511 0.00000000 0.93822527
vn -0.34602797 0.00000000 0.93822420
vn 0.34602422 0.00000000 0.93822557
vn 0.34601012 0.00000384 0.93823075
vn 0.34602144 0.00000602 0.93822658
vn 0.34602904 0.00000000 0.93822378
vn 0.34602892 0.00000000 0.93822384
vn 0.34602568 0.00000000 0.93822503
vn -0.35625762 0.93438780 0.00000000
vn -0.35625049 0.93439049 0.00000000
vn -0.35625997 0.93438685 0.00000000
vn -0.35625270 0.93438965 0.00000000
vn -0.35625997 0.93438685 0.00000000
vn -0.35625410 0.93438911 0.00000000
vn -0.35625586 0.93438846 0.00000000
vn -0.35625857 0.93438739 0.00000000
vn -0.35625812 0.93438756 0.00000000
vn -0.35625321 0.93438947 0.00000000
vn -0.28488159 0.93079674 0.22904137
vn -0.35626024 0.93438679 0.00000000
vn 0.35625324 0.93438947 0.00000000
vn 0.35625857 0.93438739 0.00000000
vn 0.35626626 0.93438447 0.00000000
vn 0.35625273 0.93438965 0.00000000
vn 0.35624829 0.93439132 0.00000000
vn 0.35626051 0.93438667 0.00000000
vn 0.35623595 -0.93439603 0.00000000
vn 0.35622886 -0.93439871 0.00000000
vn 0.35623839 -0.93439513 0.00000000
vn 0.35623106 -0.93439788 0.00000000
vn 0.35623839 -0.93439513 0.00000000
vn 0.35623249 -0.93439734 0.00000000
vn 0.35623422 -0.93439668 0.00000000
vn 0.35623696 -0.93439567 0.00000000
vn 0.35623655 -0.93439579 0.00000000
vn 0.35623157 -0.93439770 0.00000000
vn 0.28486365 -0.93080646 0.22902417
vn 0.35623866 -0.93439502 0.00000000
vn -0.35623160 -0.93439770 0.00000000
vn -0.35623696 -0.93439567 0.00000000
vn -0.35624468 -0.93439269 0.00000000
vn -0.35623112 -0.93439788 0.00000000
vn -0.35622668 -0.93439955 0.00000000
vn -0.35623893 -0.93439490 0.00000000
vn 1.00000000 0.00000000 0.00000000
vn 1.00000000 0.00000000 0.00000000
vn 1.00000000 0.00000000 0.00000000
vn 1.00000000 0.00000000 0.00000000
vn 1.00000000 0.00000000 0.00000000
vn 1.00000000 0.00000000 0.00000000
vn 1.00000000 0.00000000 0.00000000
vn 1.00000000 0.00000000 0.00000000
vn 1.00000000 0.00000000 0.00000000
vn 1.00000000 0.00000000 0.00000000
vn 1.00000000 0.00000000 0.00000000
vn 1.00000000 0.00000000 0.00000000
vn 1.00000000 0.00000000 0.00000000
vn 1.00000000 0.00000000 0.00000000
vn 1.00000000 0.00000000 0.00000000
vn 1.00000000 0.00000000 0.00000000
vn 1.00000000 0.00000000 0.00000000
vn 1.00000000 0.00000000 0.00000000
vn -1.00000000 0.00000000 0.00000000
vn -1.00000000 0.00000000 0.00000000
vn -1.00000000 0.00000000 0.00000000
vn -1.00000000 0.00000000 0.00000000
vn -1.00000000 0.00000000 0.00000000
vn -1.00000000 0.00000000 0.00000000
vn -1.00000000 0.00000000 0.00000000
vn -1.00000000 0.00000000 0.00000000
vn -1.00000000 0.00000000 0.00000000
vn -1.00000000 0.00000000 0.00000000
vn -1.00000000 0.00000000 0.00000000
vn -1.00000000 0.00000000 0.00000000
vn -1.00000000 0.00000000 0.00000000
vn -1.00000000 0.00000000 0.00000000
vn -1.00000000 0.00000000 0.00000000
vn -1.00000000 0.00000000 0.00000000
vn -1.00000000 0.00000000 0.00000000
vn -1.00000000 0.00000000 0.00000000
vn 0.00000000 0.00000000 -1.00000000
vn 0.00000000 0.00000000 -1.00000000
vn -0.70709258 0.00000000 -0.70712101
vn 0.00000000 0.00000000 1.00000000
vn 0.00000000 0.00000000 1.00000000
vn 0.00000000 0.00000000 1.00000000
vn 0.00000000 0.00000000 1.00000000
vn 0.00000000 0.00000000 1.00000000
vn 0.00000000 0.00000000 1.00000000
vn 0.00000000 0.00000000 -1.00000000
vn 0.00000000 0.00000000 -1.00000000
vn 0.70711422 0.00000000 -0.70709938
vn 0.00000000 0.00000000 -1.00000000
vn 0.00000000 0.00000000 -1.00000000
vn 0.00000000 0.00000000 -1.00000000
vn 0.00000000 0.00000000 -1.00000000
vn 0.00000000 0.00000000 -1.00000000
vn 0.00000000 0.00000000 -1.00000000
vn 0.00000000 1.00000000 0.00000000
vn 0.00000000 1.00000000 0.00000000
vn 0.00000000 1.00000000 0.00000000
vn 0.00000000 -1.00000000 0.00000000
vn 0.00000000 -1.00000000 0.00000000
vn 0.00000000 -1.00000000 0.00000000
vn 0.35622853 0.93439889 0.00000000
vn -0.70710021 0.70711339 0.00000000
vn -0.70710659 0.70710695 0.00000000
vn -0.35622853 -0.93439889 0.00000000
vn 0.70710021 -0.70711333 0.00000000
vn 0.70710665 -0.70710695 0.00000000
vn 0.34602576 0.00000000 0.93822503
vn 0.34602535 0.00000000 0.93822515
vn 0.34602791 0.00000000 0.93822420
vn -0.34602425 0.00000000 0.93822557
vn -0.34602439 0.00000000 0.93822551
vn -0.34602797 0.00000000 0.93822420
vn -0.35623115 0.93439788 0.00000000
vn -0.35623339 0.93439698 0.00000000
vn -0.35623530 0.93439627 0.00000000
vn 0.35622936 -0.93439853 0.00000000
vn 0.35623294 -0.93439716 0.00000000
vn 0.35623530 -0.93439627 0.00000000
vn -1.00000000 -0.00000964 -0.00000023
vn -1.00000000 -0.00001000 0.00000018
vn -1.00000000 0.00000000 0.00000000
vn -1.00000000 -0.00001000 0.00000018
vn -1.00000000 -0.00000948 0.00000015
vn -1.00000000 0.00000000 0.00000000
vn -1.00000000 0.00000000 0.00000000
vn -1.00000000 0.00000000 0.00000000
vn -1.00000000 0.00000000 0.00000000
vn -1.00000000 0.00000000 0.00000000
vn -1.00000000 0.00000000 0.00000000
vn -1.00000000 0.00000000 0.00000000
vn -1.00000000 0.00000000 0.00000000
vn -1.00000000 0.00000000 0.00000000
vn -1.00000000 0.00000000 0.00000000
vn -1.00000000 0.00000000 0.00000000
vn -1.00000000 0.00000000 0.00000000
vn -1.00000000 0.00000000 0.00000000
vn -0.35623160 -0.93439770 0.00000000
vn 0.70711136 -0.70710224 0.00000000
vn 0.70710945 -0.70710415 0.00000000
vn 1.00000000 0.00000000 0.00000000
vn 1.00000000 0.00000000 0.00000000
vn 1.00000000 0.00000000 0.00000000
vn 1.00000000 0.00000000 0.00000000
vn 1.00000000 0.00000000 0.00000000
vn 1.00000000 0.00000000 0.00000000
vn 1.00000000 0.00000000 0.00000000
vn 1.00000000 0.00000000 0.00000000
vn 1.00000000 0.00000000 0.00000000
vn 1.00000000 0.00000000 0.00000000
vn 1.00000000 0.00000000 0.00000000
vn 1.00000000 0.00000000 0.00000000
vn 1.00000000 0.00000000 0.00000000
vn 1.00000000 0.00000000 0.00000000
vn 1.00000000 0.00000000 0.00000000
vn 1.00000000 0.00000000 0.00000000
vn 1.00000000 0.00000000 0.00000000
vn 1.00000000 0.00000000 0.00000000
vn 0.35625324 0.93438947 0.00000000
vn -0.70711029 0.70710331 0.00000000
vn -0.70710933 0.70710421 0.00000000
vn 0.70709509 0.00000000 -0.70711845
vn 0.00000000 0.00000000 -1.00000000
vn 0.00000000 0.00000000 -1.00000000
vn 0.00000000 0.00000000 1.00000000
vn 0.70712107 0.00000000 0.70709246
vn 0.70711684 0.00000000 0.70709676
vn 0.00000000 0.00000000 1.00000000
vn 0.00000000 0.00000000 1.00000000
vn 0.00000000 0.00000000 1.00000000
vn 0.00000000 0.00000000 1.00000000
vn 0.00000000 0.00000000 1.00000000
vn 0.00000000 0.00000000 1.00000000
vn -0.70710164 0.00000000 -0.70711195
vn 0.00000000 0.00000000 -1.00000000
vn 0.00000000 0.00000000 -1.00000000
vn 0.00000000 0.00000000 -1.00000000
vn 0.00000000 0.00000000 -1.00000000
vn 0.00000000 0.00000000 -1.00000000
vn 0.00000000 0.00000000 -1.00000000
vn 0.00000000 0.00000000 -1.00000000
vn 0.00000000 0.00000000 -1.00000000
vn 0.00000000 1.00000000 0.00000000
vn 0.00000000 1.00000000 0.00000000
vn 0.00000000 1.00000000 0.00000000
vn 0.00000000 -1.00000000 0.00000000
vn 0.00000000 -1.00000000 0.00000000
vn 0.00000000 -1.00000000 0.00000000
vn -0.70710635 0.70710725 0.00000000
vn -0.70710558 0.70710796 0.00000000
vn 0.35625243 0.93438977 0.00000000
vn 0.70710635 -0.70710725 0.00000000
vn 0.70710564 -0.70710796 0.00000000
vn -0.35623083 -0.93439800 0.00000000
vn -0.34602576 0.00000000 0.93822503
vn -0.34602961 0.00000000 0.93822360
vn -0.36917263 0.65823990 0.65607297
vn -0.34603149 0.00000000 0.93822289
vn -0.34602427 0.00000000 0.93822557
vn -0.34602842 0.00000000 0.93822402
vn 0.34602574 0.00000000 0.93822503
vn 0.34602851 0.00000000 0.93822402
vn 0.36916456 -0.65823990 0.65607756
vn 0.34600490 0.00000543 0.93823272
vn 0.34602144 0.00000602 0.93822658
vn 0.34601012 0.00000384 0.93823075
vn -0.35625049 0.93439049 0.00000000
vn -0.35625410 0.93438911 0.00000000
vn -0.35625997 0.93438685 0.00000000
vn 0.35622886 -0.93439871 0.00000000
vn 0.35623249 -0.93439734 0.00000000
vn 0.35623839 -0.93439513 0.00000000
vn 0.70710933 0.70710421 0.00000000
vn 1.00000000 0.00000000 0.00000000
vn 1.00000000 0.00000000 0.00000000
vn 1.00000000 0.00000000 0.00000000
vn 1.00000000 0.00000000 0.00000000
vn 1.00000000 0.00000000 0.00000000
vn 1.00000000 0.00000000 0.00000000
vn 1.00000000 0.00000000 0.00000000
vn 1.00000000 0.00000000 0.00000000
vn 0.70710784 0.70710576 0.00000000
vn 1.00000000 0.00000000 0.00000000
vn 1.00000000 0.00000000 0.00000000
vn 1.00000000 0.00000000 0.00000000
vn 0.70711589 0.00000000 0.70709771
vn 1.00000000 0.00000000 0.00000000
vn 1.00000000 0.00000000 0.00000000
vn 1.00000000 0.00000000 0.00000000
vn 1.00000000 0.00000000 0.00000000
vn 1.00000000 0.00000000 0.00000000
vn 1.00000000 0.00000000 0.00000000
vn 1.00000000 0.00000000 0.00000000
vn 1.00000000 0.00000000 0.00000000
vn 0.70712501 0.00000000 0.70708859
vn 1.00000000 0.00000000 0.00000000
vn 1.00000000 0.00000000 0.00000000
vn 1.00000000 0.00000000 0.00000000
vn 1.00000000 0.00000000 0.00000000
vn 1.00000000 0.00000000 0.00000000
vn 1.00000000 0.00000000 0.00000000
vn 1.00000000 0.00000000 0.00000000
vn 1.00000000 0.00000000 0.00000000
vn 1.00000000 0.00000000 0.00000000
vn 1.00000000 0.00000000 0.00000000
vn 1.00000000 0.00000000 0.00000000
vn 1.00000000 0.00000000 0.00000000
vn 0.70711422 0.00000000 -0.70709938
vn 1.00000000 0.00000000 0.00000000
vn 1.00000000 0.00000000 0.00000000
vn 1.00000000 0.00000000 0.00000000
vn 1.00000000 0.00000000 0.00000000
vn 1.00000000 0.00000000 0.00000000
vn 1.00000000 0.00000000 0.00000000
vn 1.00000000 0.00000000 0.00000000
vn 1.00000000 0.00000000 0.00000000
vn 1.00000000 0.00000000 0.00000000
vn 1.00000000 0.00000000 0.00000000
vn 0.70710665 -0.70710695 0.00000000
vn 1.00000000 0.00000000 0.00000000
vn 1.00000000 0.00000000 0.00000000
vn 1.00000000 0.00000000 0.00000000
vn 0.70710814 0.00000000 -0.70710546
vn 0.35623381 -0.93439686 0.00000000
vn -0.70710766 -0.70710593 0.00000000
vn -0.70710951 -0.70710403 0.00000000
vn -0.70710951 -0.70710403 0.00000000
vn -1.00000000 0.00000000 0.00000000
vn -1.00000000 0.00000000 0.00000000
vn -1.00000000 0.00000000 0.00000000
vn -1.00000000 0.00000000 0.00000000
vn -1.00000000 0.00000000 0.00000000
vn -1.00000000 0.00000000 0.00000000
vn -1.00000000 0.00000000 0.00000000
vn -1.00000000 0.00000000 0.00000000
vn -0.70710748 -0.70710611 0.00000000
vn -1.00000000 0.00000000 0.00000000
vn -1.00000000 0.00000000 0.00000000
vn -1.00000000 0.00000000 0.00000000
vn -0.70710671 0.00000000 0.70710683
vn -1.00000000 0.00000000 0.00000000
vn -1.00000000 0.00000000 0.00000000
vn -1.00000000 0.00000000 0.00000000
vn -1.00000000 0.00000000 0.00000000
vn -1.00000000 0.00000000 0.00000000
vn -1.00000000 0.00000000 0.00000000
vn -1.00000000 0.00000000 0.00000000
vn -1.00000000 0.00000000 0.00000000
vn -0.70711386 0.00000000 0.70709968
vn -1.00000000 0.00000000 0.00000000
vn -1.00000000 0.00000000 0.00000000
vn -1.00000000 0.00000000 0.00000000
vn -1.00000000 0.00000000 0.00000000
vn -1.00000000 0.00000000 0.00000000
vn -1.00000000 0.00000000 0.00000000
vn -1.00000000 0.00000000 0.00000000
vn -1.00000000 0.00000000 0.00000000
vn -1.00000000 0.00000000 0.00000000
vn -1.00000000 0.00000000 0.00000000
vn -1.00000000 0.00000000 0.00000000
vn -1.00000000 0.00000000 0.00000000
vn -0.70712328 0.00000000 -0.70709032
vn -1.00000000 0.00000000 0.00000000
vn -1.00000000 0.00000000 0.00000000
vn -1.00000000 0.00000000 0.00000000
vn -1.00000000 0.00000000 0.00000000
vn -0.70710903 0.70710456 0.00000000
vn -1.00000000 0.00000000 0.00000000
vn -1.00000000 0.00000000 0.00000000
vn -1.00000000 0.00000000 0.00000000
vn -1.00000000 0.00000000 0.00000000
vn -1.00000000 0.00000000 0.00000000
vn -1.00000000 0.00000000 0.00000000
vn -1.00000000 0.00000000 0.00000000
vn -1.00000000 0.00000000 0.00000000
vn -0.70710659 0.70710695 0.00000000
vn -1.00000000 0.00000000 0.00000000
vn -1.00000000 0.00000000 0.00000000
vn -1.00000000 0.00000000 0.00000000
vn -0.70710135 0.00000000 -0.70711225
vn 0.00000000 1.00000000 0.00000000
vn 0.70710504 0.70710850 0.00000000
vn 0.70710784 0.70710576 0.00000000
vn -0.35623381 0.93439686 0.00000000
vn -0.35623112 0.93439788 0.00000000
vn 0.70710766 0.70710593 0.00000000
vn 0.00000000 0.00000000 1.00000000
vn 0.70711553 0.00000000 0.70709807
vn -0.34602726 0.00000000 0.93822443
vn 0.00000000 0.00000000 1.00000000
vn 0.00000000 0.00000000 1.00000000
vn 0.00000000 0.00000000 1.00000000
vn 0.00000000 0.00000000 1.00000000
vn 0.00000000 0.00000000 1.00000000
vn -0.34602356 0.00000000 0.93822581
vn 0.00000000 0.00000000 1.00000000
vn 0.00000000 0.00000000 1.00000000
vn -0.34602329 0.00000000 0.93822592
vn 0.00000000 0.00000000 1.00000000
vn 0.00000000 0.00000000 1.00000000
vn 0.34601936 0.00000000 0.93822736
vn 0.00000000 0.00000000 1.00000000
vn 0.00000000 0.00000000 1.00000000
vn 0.00000000 0.00000000 1.00000000
vn 0.00000000 0.00000000 1.00000000
vn 0.00000000 0.00000000 1.00000000
vn 0.34602359 0.00000000 0.93822581
vn 0.70710814 0.00000000 -0.70710546
vn 0.00000000 0.00000000 -1.00000000
vn 0.70710784 0.00000000 -0.70710570
vn 0.00000000 0.00000000 -1.00000000
vn 0.70711422 0.00000000 -0.70709938
vn 0.70711678 0.00000000 -0.70709676
vn 0.00000000 0.00000000 -1.00000000
vn 0.00000000 0.00000000 -1.00000000
vn 0.00000000 0.00000000 -1.00000000
vn 0.00000000 0.00000000 -1.00000000
vn 0.00000000 0.00000000 -1.00000000
vn 0.00000000 0.00000000 -1.00000000
vn 0.35623112 0.93439788 0.00000000
vn -0.70710760 0.70710593 0.00000000
vn -0.70710635 0.70710719 0.00000000
vn 0.35623667 0.93439573 0.00000000
vn 0.00000000 1.00000000 0.00000000
vn 0.00000000 1.00000000 0.00000000
vn 0.00000000 1.00000000 0.00000000
vn 0.00000000 1.00000000 0.00000000
vn 0.00000000 1.00000000 0.00000000
vn 0.00000000 1.00000000 0.00000000
vn 0.00000000 1.00000000 0.00000000
vn -0.35623688 0.93439567 0.00000000
vn -0.35623112 -0.93439788 0.00000000
vn 0.70710760 -0.70710599 0.00000000
vn 0.70710611 -0.70710748 0.00000000
vn -0.35623667 -0.93439573 0.00000000
vn 0.00000000 -1.00000000 0.00000000
vn 0.00000000 -1.00000000 0.00000000
vn 0.00000000 -1.00000000 0.00000000
vn 0.00000000 -1.00000000 0.00000000
vn 0.00000000 -1.00000000 0.00000000
vn 0.00000000 -1.00000000 0.00000000
vn 0.00000000 -1.00000000 0.00000000
vn 0.35623693 -0.93439567 0.00000000
vn 0.34602791 0.00000000 0.93822420
vn 0.34602535 0.00000000 0.93822515
vn 0.00000000 0.00000000 1.00000000
vn 0.34602973 0.00000000 0.93822354
vn 0.34602633 0.00000000 0.93822479
vn -0.70710790 0.00000000 0.70710564
vn -0.34602797 0.00000000 0.93822420
vn -0.34602439 0.00000000 0.93822551
vn 0.00000000 0.00000000 1.00000000
vn -0.34602794 0.00000000 0.93822420
vn -0.34602654 0.00000000 0.93822473
vn 0.00000000 0.00000000 1.00000000
vn 0.35623443 0.93439662 0.00000000
vn 0.35622302 0.93440098 0.00000000
vn -0.70710903 0.70710456 0.00000000
vn -0.35623530 0.93439627 0.00000000
vn -0.35623339 0.93439698 0.00000000
vn 0.00000000 1.00000000 0.00000000
vn 0.00000000 1.00000000 0.00000000
vn -0.35623074 0.93439800 0.00000000
vn -0.35623530 0.93439627 0.00000000
vn 0.35623530 -0.93439627 0.00000000
vn 0.35623294 -0.93439716 0.00000000
vn 0.00000000 -1.00000000 0.00000000
vn 0.00000000 -1.00000000 0.00000000
vn 0.35623074 -0.93439806 0.00000000
vn 0.35623530 -0.93439627 0.00000000
vn -0.70710164 0.00000000 -0.70711195
vn -0.70712602 0.00000000 -0.70708752
vn -1.00000000 0.00000000 0.00000000
vn -1.00000000 0.00000000 0.00000000
vn -1.00000000 0.00000000 0.00000000
vn -1.00000000 0.00000000 0.00000000
vn -1.00000000 0.00000000 0.00000000
vn -1.00000000 0.00000000 0.00000000
vn -1.00000000 0.00000000 0.00000000
vn -0.70709014 0.00000000 -0.70712346
vn -0.70712191 -0.00001023 -0.70709163
vn -1.00000000 -0.00000655 0.00000264
vn -1.00000000 -0.00001160 0.00000711
vn -0.70711440 -0.70709914 0.00000000
vn -1.00000000 -0.00000985 -0.00000035
vn -1.00000000 -0.00000655 0.00000264
vn -1.00000000 -0.00001160 0.00000711
vn -1.00000000 -0.00000964 -0.00000023
vn -1.00000000 -0.00000948 0.00000015
vn -1.00000000 -0.00000906 0.00000013
vn -1.00000000 -0.00000941 0.00000017
vn -1.00000000 -0.00000906 0.00000013
vn -0.70711553 -0.70709801 0.00000000
vn -1.00000000 -0.00000986 0.00000017
vn -1.00000000 -0.00000941 0.00000017
vn -1.00000000 -0.00000986 0.00000017
vn -1.00000000 -0.00000983 0.00000002
vn -1.00000000 0.00000000 0.00000000
vn -1.00000000 0.00000000 0.00000000
vn -1.00000000 0.00000000 0.00000000
vn -1.00000000 0.00000000 0.00000000
vn -1.00000000 0.00000000 0.00000000
vn -1.00000000 0.00000000 0.00000000
vn -1.00000000 0.00000000 0.00000000
vn -1.00000000 0.00000000 0.00000000
vn -0.70710933 0.70710421 0.00000000
vn -1.00000000 -0.00000983 0.00000002
vn -1.00000000 -0.00000738 -0.00000246
vn -1.00000000 0.00000000 0.00000000
vn -1.00000000 -0.00000738 -0.00000246
vn -0.70712322 0.00000000 0.70709032
vn -1.00000000 0.00000000 0.00000000
vn -1.00000000 0.00000000 0.00000000
vn -1.00000000 0.00000000 0.00000000
vn -1.00000000 0.00000000 0.00000000
vn -1.00000000 0.00000000 0.00000000
vn -1.00000000 0.00000000 0.00000000
vn -1.00000000 0.00000000 0.00000000
vn -1.00000000 0.00000000 0.00000000
vn -0.70711082 0.00000000 0.70710278
vn -0.70712274 0.00000000 0.70709085
vn -1.00000000 0.00000000 0.00000000
vn -1.00000000 0.00000000 0.00000000
vn -0.70710665 0.70710689 0.00000000
vn 0.70710945 -0.70710415 0.00000000
vn 0.70710760 -0.70710593 0.00000000
vn -0.35623696 -0.93439567 0.00000000
vn 0.70709509 0.00000000 -0.70711845
vn 0.70712286 0.00000000 -0.70709074
vn 1.00000000 0.00000000 0.00000000
vn 1.00000000 0.00000000 0.00000000
vn 1.00000000 0.00000000 0.00000000
vn 1.00000000 0.00000000 0.00000000
vn 1.00000000 0.00000000 0.00000000
vn 1.00000000 0.00000000 0.00000000
vn 1.00000000 0.00000000 0.00000000
vn 0.70709020 0.00000000 -0.70712334
vn 0.70711404 0.00000000 -0.70709956
vn 1.00000000 0.00000000 0.00000000
vn 1.00000000 0.00000000 0.00000000
vn 0.70711440 0.70709914 0.00000000
vn 1.00000000 0.00000000 0.00000000
vn 1.00000000 0.00000000 0.00000000
vn 1.00000000 0.00000000 0.00000000
vn 1.00000000 0.00000000 0.00000000
vn 1.00000000 0.00000000 0.00000000
vn 1.00000000 0.00000000 0.00000000
vn 1.00000000 0.00000000 0.00000000
vn 1.00000000 0.00000000 0.00000000
vn 0.70711559 0.70709801 0.00000000
vn 1.00000000 0.00000000 0.00000000
vn 1.00000000 0.00000000 0.00000000
vn 1.00000000 0.00000000 0.00000000
vn 1.00000000 0.00000000 0.00000000
vn 1.00000000 0.00000000 0.00000000
vn 1.00000000 0.00000000 0.00000000
vn 1.00000000 0.00000000 0.00000000
vn 1.00000000 0.00000000 0.00000000
vn 1.00000000 0.00000000 0.00000000
vn 1.00000000 0.00000000 0.00000000
vn 1.00000000 0.00000000 0.00000000
vn 1.00000000 0.00000000 0.00000000
vn 0.70710945 -0.70710415 0.00000000
vn 1.00000000 0.00000000 0.00000000
vn 1.00000000 0.00000000 0.00000000
vn 1.00000000 0.00000000 0.00000000
vn 1.00000000 0.00000000 0.00000000
vn 0.70711493 0.00000000 0.70709866
vn 1.00000000 0.00000000 0.00000000
vn 1.00000000 0.00000000 0.00000000
vn 1.00000000 0.00000000 0.00000000
vn 1.00000000 0.00000000 0.00000000
vn 1.00000000 0.00000000 0.00000000
vn 1.00000000 0.00000000 0.00000000
vn 1.00000000 0.00000000 0.00000000
vn 1.00000000 0.00000000 0.00000000
vn 0.70711684 0.00000000 0.70709676
vn 1.00000000 0.00000000 0.00000000
vn 1.00000000 0.00000000 0.00000000
vn 1.00000000 0.00000000 0.00000000
vn 0.70710570 -0.70710784 0.00000000
vn -0.70710933 0.70710421 0.00000000
vn -0.70710766 0.70710593 0.00000000
vn 0.35625857 0.93438739 0.00000000
vn 0.70709020 0.00000000 -0.70712334
vn 0.00000000 0.00000000 -1.00000000
vn 0.00000000 0.00000000 -1.00000000
vn -0.70712322 0.00000000 0.70709032
vn -0.70712101 -0.00001044 0.70709258
vn 0.00000000 0.00000000 1.00000000
vn 0.00000000 0.00000000 1.00000000
vn 0.00000000 0.00000000 1.00000000
vn 0.70711493 0.00000000 0.70709866
vn 0.00000000 0.00000000 1.00000000
vn 0.00000000 0.00000000 1.00000000
vn 0.00000000 0.00000000 1.00000000
vn -0.34602207 0.00000000 0.93822634
vn 0.00000000 0.00000000 1.00000000
vn 0.00000000 0.00000000 1.00000000
vn 0.00000465 0.00000000 1.00000000
vn 0.00000267 0.00000420 1.00000000
vn 0.34600490 0.00000543 0.93823272
vn -0.34603149 0.00000000 0.93822289
vn 0.00000000 0.00000000 1.00000000
vn 0.00000000 0.00000000 1.00000000
vn 0.00000000 0.00000000 1.00000000
vn 0.00000465 0.00000000 1.00000000
vn 0.00000000 0.00000000 1.00000000
vn 0.00000886 -0.00000415 1.00000000
vn 0.00000000 0.00000000 1.00000000
vn 0.00000465 0.00000000 1.00000000
vn -0.70709014 0.00000000 -0.70712346
vn 0.00000000 0.00000000 -1.00000000
vn 0.00000000 0.00000000 -1.00000000
vn 0.00000000 0.00000000 -1.00000000
vn 0.00000000 0.00000000 -1.00000000
vn 0.00000000 0.00000000 -1.00000000
vn 0.00000000 0.00000000 -1.00000000
vn 0.00000000 0.00000000 -1.00000000
vn 0.00000000 0.00000000 -1.00000000
vn 0.00000000 0.00000000 -1.00000000
vn 0.00000000 0.00000000 -1.00000000
vn 0.00000000 0.00000000 -1.00000000
vn 0.00000000 0.00000000 -1.00000000
vn 0.00000000 0.00000000 -1.00000000
vn 0.00000000 0.00000000 -1.00000000
vn 0.00000000 0.00000000 -1.00000000
vn 0.00000000 0.00000000 -1.00000000
vn 0.00000000 0.00000000 -1.00000000
vn 0.00000000 0.00000000 -1.00000000
vn 0.00000000 0.00000000 -1.00000000
vn 0.00000000 0.00000000 -1.00000000
vn 0.70711559 0.70709801 0.00000000
vn 0.70709604 0.70711750 0.00000000
vn 0.00000000 1.00000000 0.00000000
vn 0.00000000 1.00000000 0.00000000
vn 0.00000000 1.00000000 0.00000000
vn 0.00000000 1.00000000 0.00000000
vn 0.00000000 1.00000000 0.00000000
vn 0.00000000 1.00000000 0.00000000
vn 0.35626626 0.93438447 0.00000000
vn 0.00000000 1.00000000 0.00000000
vn 0.00000000 1.00000000 0.00000000
vn 0.35624829 0.93439132 0.00000000
vn -0.35626024 0.93438679 0.00000000
vn 0.00000000 1.00000000 0.00000000
vn 0.00000000 1.00000000 0.00000000
vn 0.00000000 1.00000000 0.00000000
vn 0.00000000 1.00000000 0.00000000
vn 0.00000000 1.00000000 0.00000000
vn 0.00000000 1.00000000 0.00000000
vn 0.00000000 1.00000000 0.00000000
vn -0.35625049 0.93439049 0.00000000
vn -0.70711553 -0.70709801 0.00000000
vn -0.70709604 -0.70711750 0.00000000
vn 0.00000000 -1.00000000 0.00000000
vn 0.00000000 -1.00000000 0.00000000
vn 0.00000000 -1.00000000 0.00000000
vn 0.00000000 -1.00000000 0.00000000
vn 0.00000000 -1.00000000 0.00000000
vn 0.00000000 -1.00000000 0.00000000
vn -0.35624468 -0.93439269 0.00000000
vn 0.00000000 -1.00000000 0.00000000
vn 0.00000000 -1.00000000 0.00000000
vn -0.35622668 -0.93439955 0.00000000
vn 0.35623866 -0.93439502 0.00000000
vn 0.00000000 -1.00000000 0.00000000
vn 0.00000000 -1.00000000 0.00000000
vn 0.00000000 -1.00000000 0.00000000
vn 0.00000000 -1.00000000 0.00000000
vn 0.00000000 -1.00000000 0.00000000
vn 0.00000000 -1.00000000 0.00000000
vn 0.00000000 -1.00000000 0.00000000
vn 0.35622886 -0.93439871 0.00000000
vn -0.35625997 0.93438685 0.00000000
vn -0.35625270 0.93438965 0.00000000
vn 0.00000000 1.00000000 0.00000000
vn 0.35623839 -0.93439513 0.00000000
vn 0.35623106 -0.93439788 0.00000000
vn 0.00000000 -1.00000000 0.00000000
vn -0.34602842 0.00000000 0.93822402
vn -0.34602505 0.00000000 0.93822527
vn -0.34603149 0.00000000 0.93822289
vn 0.34601012 0.00000384 0.93823075
vn 0.34600925 0.00000000 0.93823111
vn 0.34600490 0.00000543 0.93823272
vn 0.35625857 0.93438739 0.00000000
vn 0.35625583 0.93438846 0.00000000
vn 0.35625106 0.93439025 0.00000000
vn -0.35623696 -0.93439567 0.00000000
vn -0.35623422 -0.93439668 0.00000000
vn -0.35622945 -0.93439853 0.00000000
vn 0.70710641 0.70710719 0.00000000
vn 1.00000000 0.00000000 0.00000000
vn 1.00000000 0.00000000 0.00000000
vn 1.00000000 0.00000000 0.00000000
vn 1.00000000 0.00000000 0.00000000
vn 1.00000000 0.00000000 0.00000000
vn 1.00000000 0.00000000 0.00000000
vn 1.00000000 0.00000000 0.00000000
vn 1.00000000 0.00000000 0.00000000
vn 1.00000000 0.00000000 0.00000000
vn 1.00000000 0.00000000 0.00000000
vn 1.00000000 0.00000000 0.00000000
vn 1.00000000 0.00000000 0.00000000
vn 0.70710081 0.00000000 0.70711273
vn 1.00000000 0.00000000 0.00000000
vn 1.00000000 0.00000000 0.00000000
vn 1.00000000 0.00000000 0.00000000
vn 1.00000000 0.00000000 0.00000000
vn 1.00000000 0.00000000 0.00000000
vn 1.00000000 0.00000000 0.00000000
vn 1.00000000 0.00000000 0.00000000
vn 1.00000000 0.00000000 0.00000000
vn 1.00000000 0.00000000 0.00000000
vn 1.00000000 0.00000000 0.00000000
vn 1.00000000 0.00000000 0.00000000
vn 1.00000000 0.00000000 0.00000000
vn 1.00000000 0.00000000 0.00000000
vn 1.00000000 0.00000000 0.00000000
vn 1.00000000 0.00000000 0.00000000
vn 1.00000000 0.00000000 0.00000000
vn 1.00000000 0.00000000 0.00000000
vn 1.00000000 0.00000000 0.00000000
vn 1.00000000 0.00000000 0.00000000
vn 1.00000000 0.00000000 0.00000000
vn 1.00000000 0.00000000 0.00000000
vn 1.00000000 0.00000000 0.00000000
vn 1.00000000 0.00000000 0.00000000
vn 1.00000000 0.00000000 0.00000000
vn 1.00000000 0.00000000 0.00000000
vn 1.00000000 0.00000000 0.00000000
vn 0.70710611 -0.70710748 0.00000000
vn 1.00000000 0.00000000 0.00000000
vn 1.00000000 0.00000000 0.00000000
vn 1.00000000 0.00000000 0.00000000
vn 1.00000000 0.00000000 0.00000000
vn 1.00000000 0.00000000 0.00000000
vn 1.00000000 0.00000000 0.00000000
vn 1.00000000 0.00000000 0.00000000
vn 1.00000000 0.00000000 0.00000000
vn 1.00000000 0.00000000 0.00000000
vn 1.00000000 0.00000000 0.00000000
vn 1.00000000 0.00000000 0.00000000
vn 1.00000000 0.00000000 0.00000000
vn 0.70710224 0.00000000 -0.70711130
vn -0.70710951 -0.70710403 0.00000000
vn 0.35622853 -0.93439889 0.00000000
vn 0.35623381 -0.93439686 0.00000000
vn -0.70710629 -0.70710725 0.00000000
vn -0.70710766 -0.70710593 0.00000000
vn 0.35623109 -0.93439788 0.00000000
vn 0.35623381 -0.93439686 0.00000000
vn 0.35623109 -0.93439788 0.00000000
vn -0.70710766 -0.70710593 0.00000000
vn -0.70710629 -0.70710725 0.00000000
vn -1.00000000 0.00000000 0.00000000
vn -1.00000000 0.00000000 0.00000000
vn -1.00000000 0.00000000 0.00000000
vn -1.00000000 0.00000000 0.00000000
vn -1.00000000 0.00000000 0.00000000
vn -1.00000000 0.00000000 0.00000000
vn -1.00000000 0.00000000 0.00000000
vn -1.00000000 0.00000000 0.00000000
vn -1.00000000 0.00000000 0.00000000
vn -1.00000000 0.00000000 0.00000000
vn -1.00000000 0.00000000 0.00000000
vn -1.00000000 0.00000000 0.00000000
vn -0.70710105 0.00000000 0.70711249
vn -1.00000000 0.00000000 0.00000000
vn -1.00000000 0.00000000 0.00000000
vn -1.00000000 0.00000000 0.00000000
vn -1.00000000 0.00000000 0.00000000
vn -1.00000000 0.00000000 0.00000000
vn -1.00000000 0.00000000 0.00000000
vn -1.00000000 0.00000000 0.00000000
vn -1.00000000 0.00000000 0.00000000
vn -1.00000000 0.00000000 0.00000000
vn -1.00000000 0.00000000 0.00000000
vn -1.00000000 0.00000000 0.00000000
vn -1.00000000 0.00000000 0.00000000
vn -1.00000000 0.00000000 0.00000000
vn -1.00000000 0.00000000 0.00000000
vn -1.00000000 0.00000000 0.00000000
vn -1.00000000 0.00000000 0.00000000
vn -1.00000000 0.00000000 0.00000000
vn -1.00000000 0.00000000 0.00000000
vn -1.00000000 0.00000000 0.00000000
vn -1.00000000 0.00000000 0.00000000
vn -1.00000000 0.00000000 0.00000000
vn -1.00000000 0.00000000 0.00000000
vn -1.00000000 0.00000000 0.00000000
vn -1.00000000 0.00000000 0.00000000
vn -1.00000000 0.00000000 0.00000000
vn -1.00000000 0.00000000 0.00000000
vn -0.70710635 0.70710719 0.00000000
vn -1.00000000 0.00000000 0.00000000
vn -1.00000000 0.00000000 0.00000000
vn -1.00000000 0.00000000 0.00000000
vn -1.00000000 0.00000000 0.00000000
vn -1.00000000 0.00000000 0.00000000
vn -1.00000000 0.00000000 0.00000000
vn -1.00000000 0.00000000 0.00000000
vn -1.00000000 0.00000000 0.00000000
vn -1.00000000 0.00000000 0.00000000
vn -1.00000000 0.00000000 0.00000000
vn -0.70710325 0.00000000 -0.70711035
vn -1.00000000 0.00000000 0.00000000
vn -0.70712590 0.00000000 -0.70708764
vn -0.70709258 0.00000000 -0.70712101
vn 0.00000000 0.00000000 -1.00000000
vn 0.00000000 0.00000000 -1.00000000
vn 0.00000000 0.00000000 -1.00000000
vn 0.00000000 0.00000000 -1.00000000
vn -0.70710325 0.00000000 -0.70711035
vn 0.00000000 0.00000000 1.00000000
vn 0.70711732 0.00000000 0.70709628
vn 0.70711589 0.00000000 0.70709771
vn 0.00000000 0.00000000 1.00000000
vn 0.00000000 0.00000000 1.00000000
vn 0.00000000 0.00000000 1.00000000
vn 0.00000000 0.00000000 1.00000000
vn 0.00000000 0.00000000 1.00000000
vn -0.34602281 0.00000000 0.93822610
vn 0.00000000 0.00000000 1.00000000
vn 0.00000000 0.00000000 1.00000000
vn 0.00000000 0.00000000 1.00000000
vn 0.00000000 0.00000000 1.00000000
vn 0.00000000 0.00000000 1.00000000
vn 0.00000000 0.00000000 1.00000000
vn 0.00000000 0.00000000 1.00000000
vn 0.00000000 0.00000000 1.00000000
vn 0.00000000 0.00000000 1.00000000
vn 0.00000000 0.00000000 1.00000000
vn 0.00000000 0.00000000 1.00000000
vn 0.00000000 0.00000000 1.00000000
vn 0.00000000 0.00000000 1.00000000
vn 0.00000000 0.00000000 1.00000000
vn 0.00000000 0.00000000 1.00000000
vn 0.00000000 0.00000000 1.00000000
vn 0.00000000 0.00000000 1.00000000
vn 0.34602281 0.00000000 0.93822610
vn 0.70711422 0.00000000 -0.70709938
vn 0.00000000 0.00000000 -1.00000000
vn 0.00000000 0.00000000 -1.00000000
vn 0.70710224 0.00000000 -0.70711130
vn 0.70710784 0.00000000 -0.70710570
vn 0.00000000 0.00000000 -1.00000000
vn 0.00000000 0.00000000 -1.00000000
vn 0.00000000 0.00000000 -1.00000000
vn 0.00000000 0.00000000 -1.00000000
vn 0.00000000 0.00000000 -1.00000000
vn 0.00000000 0.00000000 -1.00000000
vn 0.00000000 0.00000000 -1.00000000
vn 0.00000000 0.00000000 -1.00000000
vn 0.00000000 0.00000000 -1.00000000
vn 0.00000000 0.00000000 -1.00000000
vn 0.00000000 0.00000000 -1.00000000
vn 0.00000000 0.00000000 -1.00000000
vn 0.00000000 0.00000000 -1.00000000
vn 0.00000000 0.00000000 -1.00000000
vn 0.00000000 0.00000000 -1.00000000
vn 0.00000000 0.00000000 -1.00000000
vn 0.00000000 0.00000000 -1.00000000
vn 0.00000000 0.00000000 -1.00000000
vn 0.00000000 0.00000000 -1.00000000
vn 0.00000000 0.00000000 -1.00000000
vn 0.00000000 0.00000000 -1.00000000
vn 0.00000000 0.00000000 -1.00000000
vn 0.00000000 0.00000000 -1.00000000
vn 0.00000000 0.00000000 -1.00000000
vn 0.00000000 0.00000000 -1.00000000
vn 0.00000000 0.00000000 -1.00000000
vn 0.00000000 0.00000000 -1.00000000
vn 0.00000000 0.00000000 -1.00000000
vn 0.00000000 0.00000000 -1.00000000
vn 0.00000000 0.00000000 -1.00000000
vn 0.00000000 0.00000000 -1.00000000
vn 0.35623151 0.93439776 0.00000000
vn 0.00000000 1.00000000 0.00000000
vn 0.00000000 1.00000000 0.00000000
vn 0.00000000 1.00000000 0.00000000
vn 0.00000000 1.00000000 0.00000000
vn 0.00000000 1.00000000 0.00000000
vn 0.00000000 1.00000000 0.00000000
vn 0.00000000 1.00000000 0.00000000
vn 0.00000000 1.00000000 0.00000000
vn 0.00000000 1.00000000 0.00000000
vn 0.00000000 1.00000000 0.00000000
vn 0.00000000 1.00000000 0.00000000
vn 0.00000000 1.00000000 0.00000000
vn 0.00000000 1.00000000 0.00000000
vn 0.00000000 1.00000000 0.00000000
vn 0.00000000 1.00000000 0.00000000
vn 0.00000000 1.00000000 0.00000000
vn 0.00000000 1.00000000 0.00000000
vn 0.00000000 1.00000000 0.00000000
vn 0.00000000 1.00000000 0.00000000
vn 0.00000000 1.00000000 0.00000000
vn 0.00000000 1.00000000 0.00000000
vn 0.00000000 1.00000000 0.00000000
vn -0.35623607 0.93439597 0.00000000
vn -0.35623151 -0.93439776 0.00000000
vn 0.00000000 -1.00000000 0.00000000
vn 0.00000000 -1.00000000 0.00000000
vn 0.00000000 -1.00000000 0.00000000
vn 0.00000000 -1.00000000 0.00000000
vn 0.00000000 -1.00000000 0.00000000
vn 0.00000000 -1.00000000 0.00000000
vn 0.00000000 -1.00000000 0.00000000
vn 0.00000000 -1.00000000 0.00000000
vn 0.00000000 -1.00000000 0.00000000
vn 0.00000000 -1.00000000 0.00000000
vn 0.00000000 -1.00000000 0.00000000
vn 0.00000000 -1.00000000 0.00000000
vn 0.00000000 -1.00000000 0.00000000
vn 0.00000000 -1.00000000 0.00000000
vn 0.00000000 -1.00000000 0.00000000
vn 0.00000000 -1.00000000 0.00000000
vn 0.00000000 -1.00000000 0.00000000
vn 0.00000000 -1.00000000 0.00000000
vn 0.00000000 -1.00000000 0.00000000
vn 0.00000000 -1.00000000 0.00000000
vn 0.00000000 -1.00000000 0.00000000
vn 0.00000000 -1.00000000 0.00000000
vn 0.35623604 -0.93439597 0.00000000
vn -0.70710760 0.70710593 0.00000000
vn 0.35623384 0.93439686 0.00000000
vn -0.70710659 0.70710695 0.00000000
vn 0.70710760 -0.70710599 0.00000000
vn -0.35623384 -0.93439686 0.00000000
vn 0.70710665 -0.70710695 0.00000000
vn -0.70709586 0.00000000 -0.70711774
vn -0.70712411 0.00000000 -0.70708942
vn -1.00000000 0.00000000 0.00000000
vn -1.00000000 0.00000000 0.00000000
vn -1.00000000 -0.00000964 -0.00000023
vn -1.00000000 0.00000000 0.00000000
vn -1.00000000 0.00000000 0.00000000
vn -1.00000000 0.00000000 0.00000000
vn -1.00000000 0.00000000 0.00000000
vn -1.00000000 -0.00000964 -0.00000023
vn -1.00000000 -0.00000985 -0.00000035
vn -1.00000000 -0.00001000 0.00000018
vn -1.00000000 -0.00000895 0.00000014
vn -0.70710975 -0.70710379 0.00000000
vn -1.00000000 -0.00001022 0.00000025
vn -1.00000000 -0.00001000 0.00000018
vn -1.00000000 -0.00001022 0.00000025
vn -1.00000000 -0.00000948 0.00000015
vn -1.00000000 0.00000000 0.00000000
vn -1.00000000 0.00000000 0.00000000
vn -1.00000000 0.00000000 0.00000000
vn -1.00000000 0.00000000 0.00000000
vn -1.00000000 -0.00000948 0.00000015
vn -1.00000000 0.00000000 0.00000000
vn -1.00000000 0.00000000 0.00000000
vn -1.00000000 0.00000000 0.00000000
vn -1.00000000 0.00000000 0.00000000
vn -1.00000000 0.00000000 0.00000000
vn -1.00000000 0.00000000 0.00000000
vn -1.00000000 0.00000000 0.00000000
vn -1.00000000 0.00000000 0.00000000
vn -1.00000000 0.00000000 0.00000000
vn -1.00000000 0.00000000 0.00000000
vn -1.00000000 0.00000000 0.00000000
vn -1.00000000 0.00000000 0.00000000
vn -1.00000000 0.00000000 0.00000000
vn -1.00000000 0.00000000 0.00000000
vn -1.00000000 0.00000000 0.00000000
vn -1.00000000 0.00000000 0.00000000
vn -1.00000000 0.00000000 0.00000000
vn -0.70711088 0.00000000 0.70710266
vn -0.70711088 0.00000000 0.70710272
vn -1.00000000 0.00000000 0.00000000
vn -1.00000000 0.00000000 0.00000000
vn -1.00000000 0.00000000 0.00000000
vn -1.00000000 0.00000000 0.00000000
vn -1.00000000 0.00000000 0.00000000
vn -1.00000000 0.00000000 0.00000000
vn -1.00000000 0.00000000 0.00000000
vn -1.00000000 0.00000000 0.00000000
vn -1.00000000 0.00000000 0.00000000
vn -1.00000000 0.00000000 0.00000000
vn -1.00000000 0.00000000 0.00000000
vn -0.70710635 0.70710725 0.00000000
vn -0.35623422 -0.93439668 0.00000000
vn 0.70710760 -0.70710593 0.00000000
vn 0.70710635 -0.70710725 0.00000000
vn 0.70710760 -0.70710593 0.00000000
vn -0.35623422 -0.93439668 0.00000000
vn -0.35623696 -0.93439567 0.00000000
vn 0.70710212 0.00000000 -0.70711142
vn 1.00000000 0.00000000 0.00000000
vn 1.00000000 0.00000000 0.00000000
vn 1.00000000 0.00000000 0.00000000
vn 1.00000000 0.00000000 0.00000000
vn 1.00000000 0.00000000 0.00000000
vn 1.00000000 0.00000000 0.00000000
vn 1.00000000 0.00000000 0.00000000
vn 1.00000000 0.00000000 0.00000000
vn 1.00000000 0.00000000 0.00000000
vn 1.00000000 0.00000000 0.00000000
vn 1.00000000 0.00000000 0.00000000
vn 1.00000000 0.00000000 0.00000000
vn 0.70710969 0.70710385 0.00000000
vn 1.00000000 0.00000000 0.00000000
vn 1.00000000 0.00000000 0.00000000
vn 1.00000000 0.00000000 0.00000000
vn 1.00000000 0.00000000 0.00000000
vn 1.00000000 0.00000000 0.00000000
vn 1.00000000 0.00000000 0.00000000
vn 1.00000000 0.00000000 0.00000000
vn 1.00000000 0.00000000 0.00000000
vn 1.00000000 0.00000000 0.00000000
vn 1.00000000 0.00000000 0.00000000
vn 1.00000000 0.00000000 0.00000000
vn 1.00000000 0.00000000 0.00000000
vn 1.00000000 0.00000000 0.00000000
vn 1.00000000 0.00000000 0.00000000
vn 1.00000000 0.00000000 0.00000000
vn 1.00000000 0.00000000 0.00000000
vn 1.00000000 0.00000000 0.00000000
vn 1.00000000 0.00000000 0.00000000
vn 1.00000000 0.00000000 0.00000000
vn 1.00000000 0.00000000 0.00000000
vn 1.00000000 0.00000000 0.00000000
vn 1.00000000 0.00000000 0.00000000
vn 1.00000000 0.00000000 0.00000000
vn 1.00000000 0.00000000 0.00000000
vn 1.00000000 0.00000000 0.00000000
vn 1.00000000 0.00000000 0.00000000
vn 0.70711684 0.00000000 0.70709676
vn 1.00000000 0.00000000 0.00000000
vn 1.00000000 0.00000000 0.00000000
vn 1.00000000 0.00000000 0.00000000
vn 1.00000000 0.00000000 0.00000000
vn 1.00000000 0.00000000 0.00000000
vn 1.00000000 0.00000000 0.00000000
vn 1.00000000 0.00000000 0.00000000
vn 1.00000000 0.00000000 0.00000000
vn 1.00000000 0.00000000 0.00000000
vn 1.00000000 0.00000000 0.00000000
vn 1.00000000 0.00000000 0.00000000
vn 1.00000000 0.00000000 0.00000000
vn 0.70710635 -0.70710725 0.00000000
vn 0.35625583 0.93438846 0.00000000
vn -0.70710766 0.70710593 0.00000000
vn -0.70710635 0.70710725 0.00000000
vn -0.70710766 0.70710593 0.00000000
vn 0.35625583 0.93438846 0.00000000
vn 0.35625857 0.93438739 0.00000000
vn 0.00000000 0.00000000 -1.00000000
vn 0.00000000 0.00000000 -1.00000000
vn 0.70709509 0.00000000 -0.70711845
vn 0.70710212 0.00000000 -0.70711142
vn 0.00000000 0.00000000 -1.00000000
vn 0.00000000 0.00000000 -1.00000000
vn -0.70711088 0.00000000 0.70710272
vn -0.70711088 0.00000000 0.70710266
vn 0.00000000 0.00000000 1.00000000
vn 0.34602129 -0.00000312 0.93822664
vn 0.00000000 0.00000000 1.00000000
vn -0.70711088 0.00000000 0.70710266
vn 0.00000000 0.00000000 1.00000000
vn 0.70712680 0.00000000 0.70708680
vn 0.70711684 0.00000000 0.70709676
vn -0.34602505 0.00000000 0.93822527
vn 0.00000000 0.00000000 1.00000000
vn 0.70712680 0.00000000 0.70708680
vn 0.70711684 0.00000000 0.70709676
vn 0.70712680 0.00000000 0.70708680
vn 0.00000000 0.00000000 1.00000000
vn -0.34601820 0.00000000 0.93822783
vn -0.34602511 0.00000000 0.93822527
vn 0.00000000 0.00000000 1.00000000
vn 0.00000000 0.00000000 1.00000000
vn 0.00000000 0.00000000 1.00000000
vn 0.00000000 0.00000000 1.00000000
vn 0.00000000 0.00000000 1.00000000
vn 0.00000000 0.00000000 1.00000000
vn 0.00000000 0.00000000 1.00000000
vn 0.00000000 0.00000000 1.00000000
vn 0.00000000 0.00000000 1.00000000
vn 0.00000000 0.00000000 1.00000000
vn 0.00000000 0.00000000 1.00000000
vn 0.00000000 0.00000000 1.00000000
vn 0.00000000 0.00000000 1.00000000
vn 0.00000000 0.00000000 1.00000000
vn 0.34601858 -0.00000624 0.93822765
vn 0.00000000 0.00000000 1.00000000
vn 0.34602904 0.00000000 0.93822378
vn 0.00000000 0.00000000 1.00000000
vn 0.34601858 -0.00000624 0.93822765
vn 0.00000000 0.00000000 1.00000000
vn 0.00000000 0.00000000 1.00000000
vn 0.00000000 0.00000000 1.00000000
vn 0.00000000 0.00000000 -1.00000000
vn 0.00000000 0.00000000 -1.00000000
vn -0.70709586 0.00000000 -0.70711774
vn 0.00000000 0.00000000 -1.00000000
vn 0.00000000 0.00000000 -1.00000000
vn -0.70710164 0.00000000 -0.70711195
vn 0.00000000 0.00000000 -1.00000000
vn 0.00000000 0.00000000 -1.00000000
vn 0.00000000 0.00000000 -1.00000000
vn 0.00000000 0.00000000 -1.00000000
vn 0.00000000 0.00000000 -1.00000000
vn 0.00000000 0.00000000 -1.00000000
vn 0.00000000 0.00000000 -1.00000000
vn 0.00000000 0.00000000 -1.00000000
vn 0.00000000 0.00000000 -1.00000000
vn 0.00000000 0.00000000 -1.00000000
vn 0.00000000 0.00000000 -1.00000000
vn 0.00000000 0.00000000 -1.00000000
vn 0.00000000 0.00000000 -1.00000000
vn 0.00000000 0.00000000 -1.00000000
vn 0.00000000 0.00000000 -1.00000000
vn 0.00000000 0.00000000 -1.00000000
vn 0.00000000 0.00000000 -1.00000000
vn 0.00000000 0.00000000 -1.00000000
vn 0.00000000 0.00000000 -1.00000000
vn 0.00000000 0.00000000 -1.00000000
vn 0.00000000 0.00000000 -1.00000000
vn 0.00000000 0.00000000 -1.00000000
vn 0.00000000 0.00000000 -1.00000000
vn 0.00000000 0.00000000 -1.00000000
vn 0.00000000 0.00000000 -1.00000000
vn 0.00000000 0.00000000 -1.00000000
vn 0.00000000 0.00000000 -1.00000000
vn 0.00000000 0.00000000 -1.00000000
vn 0.00000000 0.00000000 -1.00000000
vn 0.00000000 0.00000000 -1.00000000
vn 0.00000000 1.00000000 0.00000000
vn 0.00000000 1.00000000 0.00000000
vn 0.00000000 1.00000000 0.00000000
vn 0.00000000 1.00000000 0.00000000
vn 0.00000000 1.00000000 0.00000000
vn 0.00000000 1.00000000 0.00000000
vn 0.00000000 1.00000000 0.00000000
vn 0.00000000 1.00000000 0.00000000
vn 0.35626051 0.93438667 0.00000000
vn 0.00000000 1.00000000 0.00000000
vn 0.00000000 1.00000000 0.00000000
vn 0.00000000 1.00000000 0.00000000
vn 0.00000000 1.00000000 0.00000000
vn 0.00000000 1.00000000 0.00000000
vn 0.00000000 1.00000000 0.00000000
vn 0.00000000 1.00000000 0.00000000
vn 0.00000000 1.00000000 0.00000000
vn 0.00000000 1.00000000 0.00000000
vn 0.00000000 1.00000000 0.00000000
vn 0.00000000 1.00000000 0.00000000
vn -0.35626268 0.93438584 0.00000000
vn 0.00000000 1.00000000 0.00000000
vn 0.00000000 1.00000000 0.00000000
vn 0.00000000 1.00000000 0.00000000
vn 0.00000000 -1.00000000 0.00000000
vn 0.00000000 -1.00000000 0.00000000
vn 0.00000000 -1.00000000 0.00000000
vn 0.00000000 -1.00000000 0.00000000
vn 0.00000000 -1.00000000 0.00000000
vn 0.00000000 -1.00000000 0.00000000
vn 0.00000000 -1.00000000 0.00000000
vn 0.00000000 -1.00000000 0.00000000
vn -0.35623893 -0.93439490 0.00000000
vn 0.00000000 -1.00000000 0.00000000
vn 0.00000000 -1.00000000 0.00000000
vn 0.00000000 -1.00000000 0.00000000
vn 0.00000000 -1.00000000 0.00000000
vn 0.00000000 -1.00000000 0.00000000
vn 0.00000000 -1.00000000 0.00000000
vn 0.00000000 -1.00000000 0.00000000
vn 0.00000000 -1.00000000 0.00000000
vn 0.00000000 -1.00000000 0.00000000
vn 0.00000000 -1.00000000 0.00000000
vn 0.00000000 -1.00000000 0.00000000
vn 0.35624105 -0.93439406 0.00000000
vn 0.00000000 -1.00000000 0.00000000
vn 0.00000000 -1.00000000 0.00000000
vn 0.00000000 -1.00000000 0.00000000
vn -0.34602797 0.00000000 0.93822420
vn -0.34603471 0.00000000 0.93822169
vn 0.00000000 0.00000000 1.00000000
vn 0.34602568 0.00000000 0.93822503
vn 0.34602892 0.00000000 0.93822384
vn 0.00000000 0.00000000 1.00000000
vn 0.34600925 0.00000000 0.93823111
vn 0.34601012 0.00000384 0.93823075
vn 0.00000000 0.00000000 1.00000000
vn -0.34602576 0.00000000 0.93822503
vn -0.34602797 0.00000000 0.93822420
vn -0.34602961 0.00000000 0.93822360
vn -0.34602797 0.00000000 0.93822420
vn -0.34602576 0.00000000 0.93822503
vn -0.34602207 0.00000000 0.93822634
vn -0.34601820 0.00000000 0.93822783
vn -0.34603149 0.00000000 0.93822289
vn -0.34602505 0.00000000 0.93822527
vn -0.34602505 0.00000000 0.93822527
vn -0.34602681 0.00000000 0.93822461
vn -0.34601820 0.00000000 0.93822783
vn 0.34602574 0.00000000 0.93822503
vn 0.34602568 0.00000000 0.93822503
vn 0.34602851 0.00000000 0.93822402
vn 0.34602568 0.00000000 0.93822503
vn 0.34602574 0.00000000 0.93822503
vn 0.34602904 0.00000000 0.93822378
vn 0.34601858 -0.00000624 0.93822765
vn 0.34602296 -0.00000588 0.93822604
vn 0.34602129 -0.00000312 0.93822664
vn 0.34600925 0.00000000 0.93823111
vn 0.34602129 -0.00000312 0.93822664
vn 0.34602296 -0.00000588 0.93822604
vn -0.35625762 0.93438780 0.00000000
vn -0.35626268 0.93438584 0.00000000
vn -0.35625049 0.93439049 0.00000000
vn -0.35626268 0.93438584 0.00000000
vn -0.35625762 0.93438780 0.00000000
vn -0.35625243 0.93438977 0.00000000
vn 0.35626051 0.93438667 0.00000000
vn 0.35625106 0.93439025 0.00000000
vn 0.35625243 0.93438977 0.00000000
vn 0.35625583 0.93438846 0.00000000
vn 0.35625243 0.93438977 0.00000000
vn 0.35625106 0.93439025 0.00000000
vn 0.35623595 -0.93439603 0.00000000
vn 0.35624105 -0.93439406 0.00000000
vn 0.35622886 -0.93439871 0.00000000
vn 0.35624105 -0.93439406 0.00000000
vn 0.35623595 -0.93439603 0.00000000
vn 0.35623083 -0.93439800 0.00000000
vn -0.35623893 -0.93439490 0.00000000
vn -0.35622945 -0.93439853 0.00000000
vn -0.35623083 -0.93439800 0.00000000
vn -0.35623422 -0.93439668 0.00000000
vn -0.35623083 -0.93439800 0.00000000
vn -0.35622945 -0.93439853 0.00000000
vn 0.57736969 0.57733697 -0.57734424
vn 0.70711023 0.70710331 0.00000000
vn 1.00000000 0.00000000 0.00000000
vn 0.70711023 0.70710331 0.00000000
vn 0.70710933 0.70710421 0.00000000
vn 1.00000000 0.00000000 0.00000000
vn 1.00000000 0.00000000 0.00000000
vn 1.00000000 0.00000000 0.00000000
vn 1.00000000 0.00000000 0.00000000
vn 0.70710933 0.70710421 0.00000000
vn 0.70710766 0.70710593 0.00000000
vn 1.00000000 0.00000000 0.00000000
vn 0.70710766 0.70710593 0.00000000
vn 0.70710641 0.70710719 0.00000000
vn 1.00000000 0.00000000 0.00000000
vn 1.00000000 0.00000000 0.00000000
vn 1.00000000 0.00000000 0.00000000
vn 1.00000000 0.00000000 0.00000000
vn 1.00000000 0.00000000 0.00000000
vn 1.00000000 0.00000000 0.00000000
vn 1.00000000 0.00000000 0.00000000
vn 1.00000000 0.00000000 0.00000000
vn 1.00000000 0.00000000 0.00000000
vn 1.00000000 0.00000000 0.00000000
vn 1.00000000 0.00000000 0.00000000
vn 1.00000000 0.00000000 0.00000000
vn 1.00000000 0.00000000 0.00000000
vn 0.70710641 0.70710719 0.00000000
vn 0.70710558 0.70710802 0.00000000
vn 1.00000000 0.00000000 0.00000000
vn 0.70710558 0.70710802 0.00000000
vn 0.70710784 0.70710576 0.00000000
vn 1.00000000 0.00000000 0.00000000
vn 1.00000000 0.00000000 0.00000000
vn 1.00000000 0.00000000 0.00000000
vn 1.00000000 0.00000000 0.00000000
vn 0.70710784 0.70710576 0.00000000
vn 0.70710504 0.70710850 0.00000000
vn 1.00000000 0.00000000 0.00000000
vn 1.00000000 0.00000000 0.00000000
vn 1.00000000 0.00000000 0.00000000
vn 1.00000000 0.00000000 0.00000000
vn 1.00000000 0.00000000 0.00000000
vn 0.70711589 0.00000000 0.70709771
vn 0.70711732 0.00000000 0.70709628
vn 1.00000000 0.00000000 0.00000000
vn 0.70711732 0.00000000 0.70709628
vn 0.70710081 0.00000000 0.70711273
vn 1.00000000 0.00000000 0.00000000
vn 1.00000000 0.00000000 0.00000000
vn 1.00000000 0.00000000 0.00000000
vn 1.00000000 0.00000000 0.00000000
vn 1.00000000 0.00000000 0.00000000
vn 1.00000000 0.00000000 0.00000000
vn 1.00000000 0.00000000 0.00000000
vn 1.00000000 0.00000000 0.00000000
vn 1.00000000 0.00000000 0.00000000
vn 1.00000000 0.00000000 0.00000000
vn 1.00000000 0.00000000 0.00000000
vn 1.00000000 0.00000000 0.00000000
vn 1.00000000 0.00000000 0.00000000
vn 0.70710081 0.00000000 0.70711273
vn 0.70711553 0.00000000 0.70709807
vn 1.00000000 0.00000000 0.00000000
vn 0.70711553 0.00000000 0.70709807
vn 0.70712501 0.00000000 0.70708859
vn 1.00000000 0.00000000 0.00000000
vn 0.70712501 0.00000000 0.70708859
vn 0.70709765 0.00000000 0.70711589
vn 0.57736969 0.57733697 -0.57734424
vn 1.00000000 0.00000000 0.00000000
vn 0.70711678 0.00000000 -0.70709676
vn 1.00000000 0.00000000 0.00000000
vn 1.00000000 0.00000000 0.00000000
vn 1.00000000 0.00000000 0.00000000
vn 0.70711678 0.00000000 -0.70709676
vn 1.00000000 0.00000000 0.00000000
vn 0.70711422 0.00000000 -0.70709938
vn 1.00000000 0.00000000 0.00000000
vn 1.00000000 0.00000000 0.00000000
vn 1.00000000 0.00000000 0.00000000
vn 1.00000000 0.00000000 0.00000000
vn 1.00000000 0.00000000 0.00000000
vn 1.00000000 0.00000000 0.00000000
vn 1.00000000 0.00000000 0.00000000
vn 1.00000000 0.00000000 0.00000000
vn 1.00000000 0.00000000 0.00000000
vn 0.70711422 0.00000000 -0.70709938
vn 1.00000000 0.00000000 0.00000000
vn 0.70711678 0.00000000 -0.70709676
vn 1.00000000 0.00000000 0.00000000
vn 1.00000000 0.00000000 0.00000000
vn 1.00000000 0.00000000 0.00000000
vn 0.70711678 0.00000000 -0.70709676
vn 1.00000000 0.00000000 0.00000000
vn 0.70710224 0.00000000 -0.70711130
vn 1.00000000 0.00000000 0.00000000
vn 1.00000000 0.00000000 0.00000000
vn 1.00000000 0.00000000 0.00000000
vn 1.00000000 0.00000000 0.00000000
vn 1.00000000 0.00000000 0.00000000
vn 1.00000000 0.00000000 0.00000000
vn 1.00000000 0.00000000 0.00000000
vn 1.00000000 0.00000000 0.00000000
vn 1.00000000 0.00000000 0.00000000
vn 1.00000000 0.00000000 0.00000000
vn 1.00000000 0.00000000 0.00000000
vn 1.00000000 0.00000000 0.00000000
vn 1.00000000 0.00000000 0.00000000
vn 0.70712501 0.00000000 0.70708859
vn 1.00000000 0.00000000 0.00000000
vn 1.00000000 0.00000000 0.00000000
vn 1.00000000 0.00000000 0.00000000
vn 0.70709455 -0.70711905 0.00000000
vn 1.00000000 0.00000000 0.00000000
vn 1.00000000 0.00000000 0.00000000
vn 1.00000000 0.00000000 0.00000000
vn 1.00000000 0.00000000 0.00000000
vn 1.00000000 0.00000000 0.00000000
vn 0.70711541 -0.70709813 0.00000000
vn 1.00000000 0.00000000 0.00000000
vn 0.70711541 -0.70709813 0.00000000
vn 0.70710611 -0.70710748 0.00000000
vn 0.70710224 0.00000000 -0.70711130
vn 1.00000000 0.00000000 0.00000000
vn 0.70710784 0.00000000 -0.70710570
vn 1.00000000 0.00000000 0.00000000
vn 1.00000000 0.00000000 0.00000000
vn 1.00000000 0.00000000 0.00000000
vn 0.70710784 0.00000000 -0.70710570
vn 1.00000000 0.00000000 0.00000000
vn 0.70710814 0.00000000 -0.70710546
vn 1.00000000 0.00000000 0.00000000
vn 1.00000000 0.00000000 0.00000000
vn 1.00000000 0.00000000 0.00000000
vn 1.00000000 0.00000000 0.00000000
vn 0.70710611 -0.70710748 0.00000000
vn 0.70710760 -0.70710599 0.00000000
vn 1.00000000 0.00000000 0.00000000
vn 0.70710760 -0.70710599 0.00000000
vn 0.70710665 -0.70710695 0.00000000
vn 1.00000000 0.00000000 0.00000000
vn 0.70710665 -0.70710695 0.00000000
vn 0.70710021 -0.70711333 0.00000000
vn 0.35622773 -0.93439919 0.00000000
vn -0.70710552 -0.70710808 0.00000000
vn -0.70710629 -0.70710725 0.00000000
vn -0.70711261 -0.70710099 0.00000000
vn 0.08806239 -0.99174637 0.09318887
vn 0.35622853 -0.93439889 0.00000000
vn 0.08806239 -0.99174637 0.09318887
vn -0.70711261 -0.70710099 0.00000000
vn -0.57736868 -0.57732189 -0.57736027
vn -0.57736868 -0.57732189 -0.57736027
vn -0.70711261 -0.70710099 0.00000000
vn -1.00000000 0.00000000 0.00000000
vn -0.70711261 -0.70710099 0.00000000
vn -0.70710951 -0.70710403 0.00000000
vn -1.00000000 0.00000000 0.00000000
vn -1.00000000 0.00000000 0.00000000
vn -1.00000000 0.00000000 0.00000000
vn -1.00000000 0.00000000 0.00000000
vn -0.70710951 -0.70710403 0.00000000
vn -0.70710766 -0.70710593 0.00000000
vn -1.00000000 0.00000000 0.00000000
vn -0.70710766 -0.70710593 0.00000000
vn -0.70710629 -0.70710725 0.00000000
vn -1.00000000 0.00000000 0.00000000
vn -1.00000000 0.00000000 0.00000000
vn -1.00000000 0.00000000 0.00000000
vn -1.00000000 0.00000000 0.00000000
vn -1.00000000 0.00000000 0.00000000
vn -1.00000000 0.00000000 0.00000000
vn -1.00000000 0.00000000 0.00000000
vn -1.00000000 0.00000000 0.00000000
vn -1.00000000 0.00000000 0.00000000
vn -1.00000000 0.00000000 0.00000000
vn -1.00000000 0.00000000 0.00000000
vn -1.00000000 0.00000000 0.00000000
vn -1.00000000 0.00000000 0.00000000
vn -0.70710629 -0.70710725 0.00000000
vn -0.70710552 -0.70710808 0.00000000
vn -1.00000000 0.00000000 0.00000000
vn -0.70710552 -0.70710808 0.00000000
vn -0.70710748 -0.70710611 0.00000000
vn -1.00000000 0.00000000 0.00000000
vn -1.00000000 0.00000000 0.00000000
vn -1.00000000 0.00000000 0.00000000
vn -1.00000000 0.00000000 0.00000000
vn -0.70710748 -0.70710611 0.00000000
vn -0.70709109 -0.70712245 0.00000000
vn -1.00000000 0.00000000 0.00000000
vn -1.00000000 0.00000000 0.00000000
vn -1.00000000 0.00000000 0.00000000
vn -1.00000000 0.00000000 0.00000000
vn -1.00000000 0.00000000 0.00000000
vn -0.70710671 0.00000000 0.70710683
vn -0.70710790 0.00000000 0.70710564
vn -1.00000000 0.00000000 0.00000000
vn -0.70710790 0.00000000 0.70710564
vn -0.70710105 0.00000000 0.70711249
vn -1.00000000 0.00000000 0.00000000
vn -1.00000000 0.00000000 0.00000000
vn -1.00000000 0.00000000 0.00000000
vn -1.00000000 0.00000000 0.00000000
vn -1.00000000 0.00000000 0.00000000
vn -1.00000000 0.00000000 0.00000000
vn -1.00000000 0.00000000 0.00000000
vn -1.00000000 0.00000000 0.00000000
vn -1.00000000 0.00000000 0.00000000
vn -1.00000000 0.00000000 0.00000000
vn -1.00000000 0.00000000 0.00000000
vn -1.00000000 0.00000000 0.00000000
vn -1.00000000 0.00000000 0.00000000
vn -0.70710105 0.00000000 0.70711249
vn -0.70711678 0.00000000 0.70709676
vn -1.00000000 0.00000000 0.00000000
vn -0.70711678 0.00000000 0.70709676
vn -0.70711386 0.00000000 0.70709968
vn -1.00000000 0.00000000 0.00000000
vn -1.00000000 0.00000000 0.00000000
vn -1.00000000 0.00000000 0.00000000
vn -1.00000000 0.00000000 0.00000000
vn -0.70711386 0.00000000 0.70709968
vn -0.70710874 0.00000000 0.70710480
vn -1.00000000 0.00000000 0.00000000
vn -0.70710874 0.00000000 0.70710480
vn -0.57736319 0.57733136 0.57735634
vn -0.57736868 -0.57732189 -0.57736027
vn -1.00000000 0.00000000 0.00000000
vn -0.70711255 0.00000000 -0.70710105
vn -1.00000000 0.00000000 0.00000000
vn -1.00000000 0.00000000 0.00000000
vn -1.00000000 0.00000000 0.00000000
vn -0.70711255 0.00000000 -0.70710105
vn -1.00000000 0.00000000 0.00000000
vn -0.70709258 0.00000000 -0.70712101
vn -1.00000000 0.00000000 0.00000000
vn -1.00000000 0.00000000 0.00000000
vn -1.00000000 0.00000000 0.00000000
vn -1.00000000 0.00000000 0.00000000
vn -1.00000000 0.00000000 0.00000000
vn -1.00000000 0.00000000 0.00000000
vn -1.00000000 0.00000000 0.00000000
vn -1.00000000 0.00000000 0.00000000
vn -1.00000000 0.00000000 0.00000000
vn -0.70709258 0.00000000 -0.70712101
vn -1.00000000 0.00000000 0.00000000
vn -0.70712328 0.00000000 -0.70709032
vn -1.00000000 0.00000000 0.00000000
vn -1.00000000 0.00000000 0.00000000
vn -1.00000000 0.00000000 0.00000000
vn -0.70712328 0.00000000 -0.70709032
vn -1.00000000 0.00000000 0.00000000
vn -0.70710325 0.00000000 -0.70711035
vn -1.00000000 0.00000000 0.00000000
vn -1.00000000 0.00000000 0.00000000
vn -1.00000000 0.00000000 0.00000000
vn -1.00000000 0.00000000 0.00000000
vn -1.00000000 0.00000000 0.00000000
vn -1.00000000 0.00000000 0.00000000
vn -1.00000000 0.00000000 0.00000000
vn -1.00000000 0.00000000 0.00000000
vn -1.00000000 0.00000000 0.00000000
vn -1.00000000 0.00000000 0.00000000
vn -1.00000000 0.00000000 0.00000000
vn -1.00000000 0.00000000 0.00000000
vn -1.00000000 0.00000000 0.00000000
vn -0.57736319 0.57733136 0.57735634
vn -0.70711678 0.70709676 0.00000000
vn -1.00000000 0.00000000 0.00000000
vn -0.70711678 0.70709676 0.00000000
vn -0.70710903 0.70710456 0.00000000
vn -1.00000000 0.00000000 0.00000000
vn -1.00000000 0.00000000 0.00000000
vn -1.00000000 0.00000000 0.00000000
vn -1.00000000 0.00000000 0.00000000
vn -0.70710903 0.70710456 0.00000000
vn -0.70710564 0.70710796 0.00000000
vn -1.00000000 0.00000000 0.00000000
vn -0.70710564 0.70710796 0.00000000
vn -0.70710635 0.70710719 0.00000000
vn -0.70712590 0.00000000 -0.70708764
vn -1.00000000 0.00000000 0.00000000
vn -1.00000000 0.00000000 0.00000000
vn -1.00000000 0.00000000 0.00000000
vn -1.00000000 0.00000000 0.00000000
vn -1.00000000 0.00000000 0.00000000
vn -0.70712590 0.00000000 -0.70708764
vn -1.00000000 0.00000000 0.00000000
vn -0.70710135 0.00000000 -0.70711225
vn -1.00000000 0.00000000 0.00000000
vn -1.00000000 0.00000000 0.00000000
vn -1.00000000 0.00000000 0.00000000
vn -1.00000000 0.00000000 0.00000000
vn -0.70710635 0.70710719 0.00000000
vn -0.70710760 0.70710593 0.00000000
vn -1.00000000 0.00000000 0.00000000
vn -0.70710760 0.70710593 0.00000000
vn -0.70710659 0.70710695 0.00000000
vn -1.00000000 0.00000000 0.00000000
vn -0.70710659 0.70710695 0.00000000
vn -0.70710021 0.70711339 0.00000000
vn -0.35622773 0.93439919 0.00000000
vn 0.70710558 0.70710802 0.00000000
vn 0.70710641 0.70710719 0.00000000
vn 0.00000000 0.70712072 -0.70709288
vn 0.70711023 0.70710331 0.00000000
vn 0.57736969 0.57733697 -0.57734424
vn -0.35623381 0.93439686 0.00000000
vn 0.70710933 0.70710421 0.00000000
vn -0.35622856 0.93439883 0.00000000
vn 0.70710766 0.70710593 0.00000000
vn 0.70710933 0.70710421 0.00000000
vn -0.35623381 0.93439686 0.00000000
vn -0.70711255 0.00000000 -0.70710105
vn 0.00000000 0.00000000 -1.00000000
vn -0.57736868 -0.57732189 -0.57736027
vn -0.70712328 0.00000000 -0.70709032
vn 0.00000000 0.00000000 -1.00000000
vn -0.70709258 0.00000000 -0.70712101
vn -0.70710325 0.00000000 -0.70711035
vn -0.70712590 0.00000000 -0.70708764
vn 0.00000000 0.00000000 -1.00000000
vn -0.70710135 0.00000000 -0.70711225
vn 0.00000000 0.00000000 -1.00000000
vn 0.00000000 0.00000000 -1.00000000
vn 0.70712501 0.00000000 0.70708859
vn 0.70711553 0.00000000 0.70709807
vn 0.00000000 0.00000000 1.00000000
vn 0.53113323 -0.59416199 0.60404390
vn 0.00000000 -0.70710713 0.70710641
vn 0.00000000 0.00000000 1.00000000
vn 0.00000000 0.00000000 1.00000000
vn 0.00000000 0.00000000 1.00000000
vn 0.00000000 -0.70710713 0.70710641
vn 0.00000000 -0.70710713 0.70710641
vn 0.00000000 -0.70710808 0.70710546
vn 0.00000000 0.00000000 1.00000000
vn 0.00000000 0.00000000 1.00000000
vn 0.00000000 0.00000000 1.00000000
vn 0.00000000 -0.70710808 0.70710546
vn 0.00000000 0.00000000 1.00000000
vn 0.00000000 0.00000000 1.00000000
vn 0.00000000 0.00000000 1.00000000
vn 0.00000000 -0.70710808 0.70710546
vn 0.00000000 -0.70710754 0.70710605
vn 0.00000000 0.00000000 1.00000000
vn 0.00000000 0.00000000 1.00000000
vn 0.00000000 0.00000000 1.00000000
vn 0.00000000 -0.70710754 0.70710605
vn 0.00000000 -0.70710754 0.70710605
vn -0.53113014 -0.59416312 0.60404551
vn 0.00000000 0.00000000 1.00000000
vn -0.34602425 0.00000000 0.93822557
vn 0.00000000 0.00000000 1.00000000
vn -0.53113014 -0.59416312 0.60404551
vn 0.00000000 0.00000000 1.00000000
vn -0.34602356 0.00000000 0.93822581
vn 0.00000000 0.00000000 1.00000000
vn 0.00000000 0.00000000 1.00000000
vn 0.00000000 0.00000000 1.00000000
vn 0.00000000 0.00000000 1.00000000
vn 0.00000000 0.00000000 1.00000000
vn 0.00000000 0.00000000 1.00000000
vn 0.00000000 0.00000000 1.00000000
vn 0.00000000 0.00000000 1.00000000
vn -0.34602281 0.00000000 0.93822610
vn 0.00000000 0.00000000 1.00000000
vn -0.34602508 0.00000000 0.93822527
vn 0.00000000 0.00000000 1.00000000
vn -0.34602281 0.00000000 0.93822610
vn 0.00000000 0.00000000 1.00000000
vn -0.34602329 0.00000000 0.93822592
vn 0.00000000 0.00000000 1.00000000
vn -0.34602576 0.00000000 0.93822503
vn 0.00000000 0.00000000 1.00000000
vn -0.34602329 0.00000000 0.93822592
vn 0.00000000 0.00000000 1.00000000
vn 0.34601936 0.00000000 0.93822736
vn 0.34602425 0.00000000 0.93822557
vn 0.34601936 0.00000000 0.93822736
vn 0.00000000 0.00000000 1.00000000
vn 0.00000000 0.00000000 1.00000000
vn 0.00000000 0.00000000 1.00000000
vn 0.00000000 0.00000000 1.00000000
vn 0.00000000 0.00000000 1.00000000
vn 0.00000000 0.00000000 1.00000000
vn 0.00000000 0.00000000 1.00000000
vn 0.00000000 0.00000000 1.00000000
vn 0.00000000 0.00000000 1.00000000
vn 0.34602281 0.00000000 0.93822610
vn 0.34603047 0.00000000 0.93822324
vn 0.34602281 0.00000000 0.93822610
vn 0.00000000 0.00000000 1.00000000
vn 0.00000000 0.00000000 1.00000000
vn 0.00000000 0.00000000 1.00000000
vn 0.00000000 0.00000000 1.00000000
vn 0.00000000 0.00000000 1.00000000
vn 0.00000000 0.00000000 1.00000000
vn 0.00000000 0.70710707 0.70710647
vn 0.00000000 0.00000000 1.00000000
vn 0.00000000 0.70710707 0.70710647
vn 0.00000000 0.00000000 1.00000000
vn -0.53113663 0.59416252 0.60404044
vn 0.00000000 0.00000000 1.00000000
vn 0.00000000 0.70710808 0.70710546
vn 0.00000000 0.00000000 1.00000000
vn 0.00000000 0.70710808 0.70710546
vn 0.00000000 0.00000000 1.00000000
vn 0.00000000 0.70710707 0.70710647
vn 0.34602359 0.00000000 0.93822581
vn 0.34602508 0.00000000 0.93822527
vn 0.00000000 0.00000000 1.00000000
vn 0.00000000 0.00000000 1.00000000
vn 0.00000000 0.70710748 0.70710605
vn 0.00000000 0.00000000 1.00000000
vn 0.00000000 0.70710748 0.70710605
vn 0.00000000 0.00000000 1.00000000
vn 0.00000000 0.70710808 0.70710546
vn 0.00000000 0.00000000 1.00000000
vn 0.53113115 0.59416097 0.60404670
vn 0.34602576 0.00000000 0.93822503
vn 0.53113115 0.59416097 0.60404670
vn 0.00000000 0.00000000 1.00000000
vn 0.00000000 0.70710748 0.70710605
vn 0.00000000 0.00000000 -1.00000000
vn 0.70710814 0.00000000 -0.70710546
vn 0.00000000 0.00000000 -1.00000000
vn 0.57735556 -0.57733196 -0.57736337
vn 0.00000000 0.00000000 -1.00000000
vn 0.70710814 0.00000000 -0.70710546
vn 0.00000000 0.00000000 -1.00000000
vn 0.00000000 0.00000000 -1.00000000
vn 0.70710224 0.00000000 -0.70711130
vn 0.00000000 0.00000000 -1.00000000
vn 0.70710224 0.00000000 -0.70711130
vn 0.00000000 0.00000000 -1.00000000
vn 0.00000000 0.00000000 -1.00000000
vn 0.70711678 0.00000000 -0.70709676
vn 0.70710224 0.00000000 -0.70711130
vn 0.57736969 0.57733697 -0.57734424
vn 0.00000000 0.00000000 -1.00000000
vn 0.00000000 0.70712072 -0.70709288
vn 0.70711678 0.00000000 -0.70709676
vn 0.70711422 0.00000000 -0.70709938
vn 0.00000000 0.00000000 -1.00000000
vn 0.00000000 0.00000000 -1.00000000
vn 0.00000000 0.00000000 -1.00000000
vn 0.00000000 0.00000000 -1.00000000
vn 0.00000000 0.00000000 -1.00000000
vn 0.00000000 0.00000000 -1.00000000
vn 0.00000000 0.00000000 -1.00000000
vn 0.00000000 -0.70710671 -0.70710683
vn 0.00000000 -0.70710468 -0.70710891
vn 0.00000000 0.00000000 -1.00000000
vn 0.00000000 0.00000000 -1.00000000
vn 0.00000000 0.00000000 -1.00000000
vn 0.00000000 -0.70710468 -0.70710891
vn 0.00000000 -0.70710468 -0.70710891
vn 0.00000000 -0.70710599 -0.70710754
vn 0.00000000 0.00000000 -1.00000000
vn 0.00000000 0.00000000 -1.00000000
vn 0.00000000 0.00000000 -1.00000000
vn 0.00000000 0.00000000 -1.00000000
vn 0.00000000 0.00000000 -1.00000000
vn 0.00000000 0.00000000 -1.00000000
vn 0.00000000 0.00000000 -1.00000000
vn 0.00000000 0.00000000 -1.00000000
vn 0.00000000 0.00000000 -1.00000000
vn 0.00000000 0.00000000 -1.00000000
vn 0.00000000 0.00000000 -1.00000000
vn 0.00000000 0.00000000 -1.00000000
vn 0.00000000 0.00000000 -1.00000000
vn 0.00000000 0.00000000 -1.00000000
vn 0.00000000 0.00000000 -1.00000000
vn 0.00000000 0.00000000 -1.00000000
vn 0.00000000 0.00000000 -1.00000000
vn 0.00000000 0.00000000 -1.00000000
vn 0.00000000 0.00000000 -1.00000000
vn 0.00000000 0.70710665 -0.70710695
vn 0.00000000 0.00000000 -1.00000000
vn 0.00000000 0.70710629 -0.70710731
vn 0.00000000 0.00000000 -1.00000000
vn 0.00000000 0.70710629 -0.70710731
vn 0.00000000 0.00000000 -1.00000000
vn 0.00000000 -0.70710492 -0.70710862
vn 0.00000000 0.00000000 -1.00000000
vn 0.00000000 0.00000000 -1.00000000
vn 0.00000000 0.00000000 -1.00000000
vn 0.00000000 -0.70710492 -0.70710862
vn 0.00000000 -0.70710671 -0.70710683
vn 0.00000000 0.00000000 -1.00000000
vn 0.00000000 0.00000000 -1.00000000
vn 0.00000000 0.00000000 -1.00000000
vn 0.00000000 0.00000000 -1.00000000
vn 0.00000000 0.00000000 -1.00000000
vn 0.00000000 0.00000000 -1.00000000
vn 0.00000000 0.00000000 -1.00000000
vn 0.00000000 0.00000000 -1.00000000
vn 0.00000000 0.00000000 -1.00000000
vn 0.00000000 0.00000000 -1.00000000
vn 0.00000000 0.00000000 -1.00000000
vn 0.00000000 0.00000000 -1.00000000
vn 0.00000000 0.00000000 -1.00000000
vn 0.00000000 0.00000000 -1.00000000
vn 0.00000000 0.00000000 -1.00000000
vn 0.00000000 0.00000000 -1.00000000
vn 0.00000000 0.70710492 -0.70710862
vn 0.00000000 0.00000000 -1.00000000
vn 0.00000000 0.70710492 -0.70710862
vn 0.00000000 0.00000000 -1.00000000
vn 0.00000000 0.70710665 -0.70710695
vn 0.00000000 0.00000000 -1.00000000
vn 0.00000000 0.00000000 -1.00000000
vn 0.00000000 0.00000000 -1.00000000
vn 0.00000000 0.00000000 -1.00000000
vn 0.00000000 0.00000000 -1.00000000
vn 0.00000000 0.00000000 -1.00000000
vn 0.00000000 0.70708764 -0.70712590
vn 0.00000000 0.00000000 -1.00000000
vn 0.00000000 0.70710492 -0.70710862
vn 0.00000000 0.70712072 -0.70709288
vn 0.00000000 0.00000000 -1.00000000
vn 0.00000000 0.70708764 -0.70712590
vn -0.57735592 0.57733238 -0.57736254
vn -0.70710021 0.70711339 0.00000000
vn 0.00000000 0.70710629 -0.70710731
vn 0.00000000 1.00000000 0.00000000
vn 0.00000000 1.00000000 0.00000000
vn 0.00000000 1.00000000 0.00000000
vn 0.00000000 1.00000000 0.00000000
vn 0.00000000 1.00000000 0.00000000
vn 0.00000000 1.00000000 0.00000000
vn 0.35623336 0.93439704 0.00000000
vn 0.35623151 0.93439776 0.00000000
vn 0.00000000 1.00000000 0.00000000
vn 0.00000000 1.00000000 0.00000000
vn 0.00000000 1.00000000 0.00000000
vn 0.00000000 1.00000000 0.00000000
vn 0.00000000 1.00000000 0.00000000
vn 0.00000000 1.00000000 0.00000000
vn 0.00000000 1.00000000 0.00000000
vn 0.35622895 0.93439871 0.00000000
vn 0.35623667 0.93439573 0.00000000
vn 0.00000000 1.00000000 0.00000000
vn 0.00000000 1.00000000 0.00000000
vn 0.00000000 1.00000000 0.00000000
vn 0.35623667 0.93439573 0.00000000
vn 0.35623667 0.93439573 0.00000000
vn 0.53113115 0.59416097 0.60404670
vn 0.00000000 1.00000000 0.00000000
vn 0.00000000 0.70710748 0.70710605
vn 0.00000000 1.00000000 0.00000000
vn 0.53113115 0.59416097 0.60404670
vn 0.00000000 1.00000000 0.00000000
vn 0.00000000 0.70710748 0.70710605
vn 0.00000000 1.00000000 0.00000000
vn 0.00000000 0.70710808 0.70710546
vn 0.00000000 1.00000000 0.00000000
vn 0.00000000 0.70710748 0.70710605
vn 0.00000000 1.00000000 0.00000000
vn 0.00000000 1.00000000 0.00000000
vn 0.00000000 1.00000000 0.00000000
vn 0.00000000 1.00000000 0.00000000
vn 0.00000000 0.70710808 0.70710546
vn 0.00000000 1.00000000 0.00000000
vn 0.00000000 0.70710707 0.70710647
vn 0.00000000 1.00000000 0.00000000
vn 0.00000000 0.70710808 0.70710546
vn 0.00000000 1.00000000 0.00000000
vn 0.00000000 0.70710707 0.70710647
vn 0.00000000 1.00000000 0.00000000
vn -0.53113663 0.59416252 0.60404044
vn 0.00000000 1.00000000 0.00000000
vn 0.00000000 0.70710707 0.70710647
vn 0.28486091 0.93080789 0.22902158
vn 0.00000000 1.00000000 0.00000000
vn 0.00000000 0.95265508 0.30405319
vn 0.00000000 1.00000000 0.00000000
vn 0.28486091 0.93080789 0.22902158
vn 0.35623533 0.93439627 0.00000000
vn 0.35623533 0.93439627 0.00000000
vn 0.35623336 0.93439704 0.00000000
vn 0.00000000 1.00000000 0.00000000
vn 0.00000000 0.95265508 0.30405319
vn 0.00000000 1.00000000 0.00000000
vn 0.00000000 0.95265299 0.30405959
vn 0.00000000 1.00000000 0.00000000
vn 0.00000000 0.95265508 0.30405319
vn 0.00000000 1.00000000 0.00000000
vn 0.00000000 1.00000000 0.00000000
vn 0.00000000 1.00000000 0.00000000
vn 0.00000000 1.00000000 0.00000000
vn 0.00000000 1.00000000 0.00000000
vn 0.00000000 1.00000000 0.00000000
vn 0.00000000 1.00000000 0.00000000
vn 0.00000000 1.00000000 0.00000000
vn 0.00000000 1.00000000 0.00000000
vn -0.35623810 0.93439519 0.00000000
vn -0.35623115 0.93439788 0.00000000
vn -0.35623810 0.93439519 0.00000000
vn 0.00000000 1.00000000 0.00000000
vn 0.00000000 1.00000000 0.00000000
vn 0.00000000 1.00000000 0.00000000
vn -0.35623607 0.93439597 0.00000000
vn 0.00000000 0.95265299 0.30405959
vn 0.00000000 1.00000000 0.00000000
vn 0.00000000 0.95265484 0.30405387
vn 0.00000000 1.00000000 0.00000000
vn 0.00000000 0.95265484 0.30405387
vn 0.00000000 1.00000000 0.00000000
vn 0.00000000 0.95265484 0.30405387
vn 0.00000000 1.00000000 0.00000000
vn -0.28486100 0.93080789 0.22902164
vn -0.35623688 0.93439567 0.00000000
vn -0.28486100 0.93080789 0.22902164
vn 0.00000000 1.00000000 0.00000000
vn 0.57735556 -0.57733196 -0.57736337
vn 0.70710021 -0.70711333 0.00000000
vn 0.00000000 -0.70710492 -0.70710862
vn 0.00000000 -1.00000000 0.00000000
vn 0.00000000 -1.00000000 0.00000000
vn 0.00000000 -1.00000000 0.00000000
vn 0.00000000 -1.00000000 0.00000000
vn 0.00000000 -1.00000000 0.00000000
vn 0.00000000 -1.00000000 0.00000000
vn -0.35623342 -0.93439698 0.00000000
vn -0.35623151 -0.93439776 0.00000000
vn 0.00000000 -1.00000000 0.00000000
vn 0.00000000 -1.00000000 0.00000000
vn 0.00000000 -1.00000000 0.00000000
vn 0.00000000 -1.00000000 0.00000000
vn 0.00000000 -1.00000000 0.00000000
vn 0.00000000 -1.00000000 0.00000000
vn 0.00000000 -1.00000000 0.00000000
vn -0.35622898 -0.93439871 0.00000000
vn -0.35623667 -0.93439573 0.00000000
vn 0.00000000 -1.00000000 0.00000000
vn 0.00000000 -1.00000000 0.00000000
vn 0.00000000 -1.00000000 0.00000000
vn -0.35623667 -0.93439573 0.00000000
vn -0.35623667 -0.93439573 0.00000000
vn -0.53113014 -0.59416312 0.60404551
vn 0.00000000 -1.00000000 0.00000000
vn 0.00000000 -0.70710754 0.70710605
vn 0.00000000 -1.00000000 0.00000000
vn -0.53113014 -0.59416312 0.60404551
vn 0.00000000 -1.00000000 0.00000000
vn 0.00000000 -0.70710754 0.70710605
vn 0.00000000 -1.00000000 0.00000000
vn 0.00000000 -0.70710808 0.70710546
vn 0.00000000 -1.00000000 0.00000000
vn 0.00000000 -0.70710754 0.70710605
vn 0.00000000 -1.00000000 0.00000000
vn 0.00000000 -1.00000000 0.00000000
vn 0.00000000 -1.00000000 0.00000000
vn 0.00000000 -1.00000000 0.00000000
vn 0.00000000 -0.70710808 0.70710546
vn 0.00000000 -1.00000000 0.00000000
vn 0.00000000 -0.70710713 0.70710641
vn 0.00000000 -1.00000000 0.00000000
vn 0.00000000 -0.70710808 0.70710546
vn 0.00000000 -1.00000000 0.00000000
vn 0.00000000 -0.70710713 0.70710641
vn 0.00000000 -1.00000000 0.00000000
vn 0.53113323 -0.59416199 0.60404390
vn 0.00000000 -1.00000000 0.00000000
vn 0.00000000 -0.70710713 0.70710641
vn -0.28486094 -0.93080789 0.22902158
vn 0.00000000 -1.00000000 0.00000000
vn 0.00000000 -0.95265508 0.30405319
vn 0.00000000 -1.00000000 0.00000000
vn -0.28486094 -0.93080789 0.22902158
vn -0.35623530 -0.93439627 0.00000000
vn -0.35623530 -0.93439627 0.00000000
vn -0.35623342 -0.93439698 0.00000000
vn 0.00000000 -1.00000000 0.00000000
vn 0.00000000 -0.95265508 0.30405319
vn 0.00000000 -1.00000000 0.00000000
vn 0.00000000 -0.95265299 0.30405959
vn 0.00000000 -1.00000000 0.00000000
vn 0.00000000 -0.95265508 0.30405319
vn 0.00000000 -1.00000000 0.00000000
vn 0.00000000 -1.00000000 0.00000000
vn 0.00000000 -1.00000000 0.00000000
vn 0.00000000 -1.00000000 0.00000000
vn 0.00000000 -1.00000000 0.00000000
vn 0.00000000 -1.00000000 0.00000000
vn 0.00000000 -1.00000000 0.00000000
vn 0.00000000 -1.00000000 0.00000000
vn 0.00000000 -1.00000000 0.00000000
vn 0.35623810 -0.93439519 0.00000000
vn 0.35622936 -0.93439853 0.00000000
vn 0.35623810 -0.93439519 0.00000000
vn 0.00000000 -1.00000000 0.00000000
vn 0.00000000 -1.00000000 0.00000000
vn 0.00000000 -1.00000000 0.00000000
vn 0.35623604 -0.93439597 0.00000000
vn 0.00000000 -0.95265299 0.30405959
vn 0.00000000 -1.00000000 0.00000000
vn 0.00000000 -0.95265484 0.30405381
vn 0.00000000 -1.00000000 0.00000000
vn 0.00000000 -0.95265484 0.30405381
vn 0.00000000 -1.00000000 0.00000000
vn 0.00000000 -0.95265484 0.30405381
vn 0.00000000 -1.00000000 0.00000000
vn 0.28486100 -0.93080789 0.22902164
vn 0.35623693 -0.93439567 0.00000000
vn 0.28486100 -0.93080789 0.22902164
vn 0.00000000 -1.00000000 0.00000000
vn -0.70710874 0.00000000 0.70710480
vn -0.70711386 0.00000000 0.70709968
vn 0.00000000 0.00000000 1.00000000
vn 0.00000000 0.00000000 1.00000000
vn -0.34602630 0.00000000 0.93822479
vn -0.34602794 0.00000000 0.93822420
vn -0.70710021 0.70711339 0.00000000
vn 0.35622853 0.93439889 0.00000000
vn 0.08806339 0.99174619 0.09318992
vn -0.70710635 0.70710719 0.00000000
vn -0.70710564 0.70710796 0.00000000
vn 0.35622993 0.93439835 0.00000000
vn 0.35622302 0.93440098 0.00000000
vn 0.35622993 0.93439835 0.00000000
vn -0.70710564 0.70710796 0.00000000
vn -0.08806338 0.99174619 0.09318992
vn -0.35622856 0.93439883 0.00000000
vn 0.70711023 0.70710331 0.00000000
vn 0.70710021 -0.70711333 0.00000000
vn -0.35622853 -0.93439889 0.00000000
vn -0.08806338 -0.99174619 0.09318992
vn 0.70709455 -0.70711905 0.00000000
vn 0.57736325 -0.57735342 0.57733411
vn 0.00000000 -1.00000000 0.00000000
vn -0.35623211 -0.93439752 0.00000000
vn -0.35623205 -0.93439752 0.00000000
vn 0.00000000 -1.00000000 0.00000000
vn 0.70710611 -0.70710748 0.00000000
vn 0.70711541 -0.70709813 0.00000000
vn -0.35622993 -0.93439835 0.00000000
vn -0.35622302 -0.93440098 0.00000000
vn -0.35622993 -0.93439835 0.00000000
vn 0.70711541 -0.70709813 0.00000000
vn 0.34602508 0.00000000 0.93822527
vn 0.34602359 0.00000000 0.93822581
vn 0.34602791 0.00000000 0.93822420
vn 0.34602576 0.00000000 0.93822503
vn 0.36916324 0.65824026 0.65607792
vn 0.34602535 0.00000000 0.93822515
vn 0.34602636 0.00000000 0.93822479
vn 0.53113323 -0.59416199 0.60404390
vn 0.34602425 0.00000000 0.93822557
vn 0.34602973 0.00000000 0.93822354
vn 0.34602425 0.00000000 0.93822557
vn 0.34601936 0.00000000 0.93822736
vn 0.34602425 0.00000000 0.93822557
vn 0.34602973 0.00000000 0.93822354
vn 0.34602636 0.00000000 0.93822479
vn 0.34602132 0.00000000 0.93822664
vn 0.34602633 0.00000000 0.93822479
vn 0.34603047 0.00000000 0.93822324
vn 0.34601936 0.00000000 0.93822736
vn 0.34603047 0.00000000 0.93822324
vn 0.34602633 0.00000000 0.93822479
vn 0.34602633 0.00000000 0.93822479
vn 0.34602973 0.00000000 0.93822354
vn 0.34601936 0.00000000 0.93822736
vn -0.34602502 0.00000000 0.93822527
vn -0.34602356 0.00000000 0.93822581
vn -0.34602797 0.00000000 0.93822420
vn -0.53113014 -0.59416312 0.60404551
vn -0.34602439 0.00000000 0.93822551
vn -0.34602425 0.00000000 0.93822557
vn -0.34602630 0.00000000 0.93822479
vn -0.36916363 0.65824008 0.65607786
vn -0.34602576 0.00000000 0.93822503
vn -0.34602794 0.00000000 0.93822420
vn -0.34602576 0.00000000 0.93822503
vn -0.34602329 0.00000000 0.93822592
vn -0.34602576 0.00000000 0.93822503
vn -0.34602794 0.00000000 0.93822420
vn -0.34602630 0.00000000 0.93822479
vn -0.34602132 0.00000000 0.93822664
vn -0.34602654 0.00000000 0.93822473
vn -0.34602508 0.00000000 0.93822527
vn -0.34602329 0.00000000 0.93822592
vn -0.34602508 0.00000000 0.93822527
vn -0.34602794 0.00000000 0.93822420
vn -0.34602654 0.00000000 0.93822473
vn -0.34602794 0.00000000 0.93822420
vn -0.34602508 0.00000000 0.93822527
vn 0.35623336 0.93439704 0.00000000
vn 0.35623533 0.93439627 0.00000000
vn 0.35623384 0.93439686 0.00000000
vn 0.35623533 0.93439627 0.00000000
vn 0.28486091 0.93080789 0.22902158
vn 0.35622853 0.93439889 0.00000000
vn 0.36916324 0.65824026 0.65607792
vn 0.53113115 0.59416097 0.60404670
vn 0.35623208 0.93439752 0.00000000
vn 0.35622993 0.93439835 0.00000000
vn 0.35622302 0.93440098 0.00000000
vn 0.35623151 0.93439776 0.00000000
vn 0.35623667 0.93439573 0.00000000
vn 0.35622895 0.93439871 0.00000000
vn 0.35623443 0.93439662 0.00000000
vn 0.35622302 0.93440098 0.00000000
vn 0.35623443 0.93439662 0.00000000
vn 0.35622895 0.93439871 0.00000000
vn -0.35623810 0.93439519 0.00000000
vn -0.35623074 0.93439800 0.00000000
vn -0.35623607 0.93439597 0.00000000
vn -0.35623115 0.93439788 0.00000000
vn -0.36916363 0.65824008 0.65607786
vn -0.35623339 0.93439698 0.00000000
vn -0.28486100 0.93080789 0.22902164
vn -0.35622856 0.93439883 0.00000000
vn -0.08806338 0.99174619 0.09318992
vn -0.35622856 0.93439883 0.00000000
vn -0.28486100 0.93080789 0.22902164
vn -0.35623688 0.93439567 0.00000000
vn -0.35622773 0.93439919 0.00000000
vn -0.35623345 0.93439698 0.00000000
vn -0.35623607 0.93439597 0.00000000
vn -0.35623688 0.93439567 0.00000000
vn -0.35623345 0.93439698 0.00000000
vn -0.35623381 0.93439686 0.00000000
vn -0.35623112 0.93439788 0.00000000
vn -0.35623381 0.93439686 0.00000000
vn -0.35623345 0.93439698 0.00000000
vn -0.35623342 -0.93439698 0.00000000
vn -0.35623530 -0.93439627 0.00000000
vn -0.35623384 -0.93439686 0.00000000
vn -0.35623530 -0.93439627 0.00000000
vn -0.28486094 -0.93080789 0.22902158
vn -0.35622853 -0.93439889 0.00000000
vn -0.36916041 -0.65822792 0.65609193
vn -0.53113014 -0.59416312 0.60404551
vn -0.35623211 -0.93439752 0.00000000
vn -0.35622993 -0.93439835 0.00000000
vn -0.35622302 -0.93440098 0.00000000
vn -0.35623151 -0.93439776 0.00000000
vn -0.35623667 -0.93439573 0.00000000
vn -0.35622898 -0.93439871 0.00000000
vn -0.35623205 -0.93439752 0.00000000
vn -0.35622302 -0.93440098 0.00000000
vn -0.35623205 -0.93439752 0.00000000
vn -0.35622898 -0.93439871 0.00000000
vn 0.35623810 -0.93439519 0.00000000
vn 0.35623074 -0.93439806 0.00000000
vn 0.35623604 -0.93439597 0.00000000
vn 0.53113323 -0.59416199 0.60404390
vn 0.36915946 -0.65824997 0.65607035
vn 0.35623294 -0.93439716 0.00000000
vn 0.28486100 -0.93080789 0.22902164
vn 0.35622853 -0.93439889 0.00000000
vn 0.08806239 -0.99174637 0.09318887
vn 0.35622853 -0.93439889 0.00000000
vn 0.28486100 -0.93080789 0.22902164
vn 0.35623693 -0.93439567 0.00000000
vn 0.35622773 -0.93439919 0.00000000
vn 0.35623342 -0.93439698 0.00000000
vn 0.35623604 -0.93439597 0.00000000
vn 0.35623693 -0.93439567 0.00000000
vn 0.35623342 -0.93439698 0.00000000
vn 0.35623381 -0.93439686 0.00000000
vn 0.35623109 -0.93439788 0.00000000
vn 0.35623381 -0.93439686 0.00000000
vn 0.35623342 -0.93439698 0.00000000
vn -0.57736808 0.57733536 -0.57734734
vn -0.70711666 0.00000000 -0.70709693
vn -1.00000000 0.00000000 0.00000000
vn -0.70711666 0.00000000 -0.70709693
vn -0.70710164 0.00000000 -0.70711195
vn -1.00000000 0.00000000 0.00000000
vn -1.00000000 0.00000000 0.00000000
vn -1.00000000 0.00000000 0.00000000
vn -1.00000000 0.00000000 0.00000000
vn -1.00000000 0.00000000 0.00000000
vn -0.70712602 0.00000000 -0.70708752
vn -1.00000000 0.00000000 0.00000000
vn -0.70712602 0.00000000 -0.70708752
vn -0.70709586 0.00000000 -0.70711774
vn -1.00000000 0.00000000 0.00000000
vn -1.00000000 0.00000000 0.00000000
vn -1.00000000 0.00000000 0.00000000
vn -1.00000000 0.00000000 0.00000000
vn -1.00000000 0.00000000 0.00000000
vn -1.00000000 0.00000000 0.00000000
vn -1.00000000 0.00000000 0.00000000
vn -1.00000000 0.00000000 0.00000000
vn -1.00000000 0.00000000 0.00000000
vn -1.00000000 0.00000000 0.00000000
vn -1.00000000 0.00000000 0.00000000
vn -1.00000000 0.00000000 0.00000000
vn -1.00000000 0.00000000 0.00000000
vn -1.00000000 0.00000000 0.00000000
vn -0.70712411 0.00000000 -0.70708942
vn -1.00000000 0.00000000 0.00000000
vn -0.70712411 0.00000000 -0.70708942
vn -0.70709014 0.00000000 -0.70712346
vn -1.00000000 -0.00000655 0.00000264
vn -1.00000000 0.00000000 0.00000000
vn -1.00000000 -0.00000655 0.00000264
vn -1.00000000 -0.00000964 -0.00000023
vn -1.00000000 -0.00000655 0.00000264
vn -0.70712191 -0.00001023 -0.70709163
vn -1.00000000 -0.00001160 0.00000711
vn -1.00000000 -0.00001000 0.00000018
vn -1.00000000 -0.00000985 -0.00000035
vn -1.00000000 -0.00000895 0.00000014
vn -1.00000000 -0.00000895 0.00000014
vn -0.70711344 -0.70710009 0.00000000
vn -0.70710975 -0.70710379 0.00000000
vn -1.00000000 -0.00001022 0.00000025
vn -0.70710975 -0.70710379 0.00000000
vn -0.70710540 -0.70710814 0.00000000
vn -1.00000000 0.00000000 0.00000000
vn -1.00000000 0.00000000 0.00000000
vn -1.00000000 0.00000000 0.00000000
vn -1.00000000 0.00000000 0.00000000
vn -1.00000000 -0.00000948 0.00000015
vn -1.00000000 -0.00000941 0.00000017
vn -1.00000000 0.00000000 0.00000000
vn -1.00000000 -0.00000941 0.00000017
vn -1.00000000 -0.00000983 0.00000002
vn -1.00000000 -0.00000948 0.00000015
vn -1.00000000 -0.00001022 0.00000025
vn -1.00000000 -0.00000906 0.00000013
vn -1.00000000 -0.00000906 0.00000013
vn -0.70710540 -0.70710814 0.00000000
vn -0.70709604 -0.70711750 0.00000000
vn -1.00000000 -0.00000906 0.00000013
vn -0.70709604 -0.70711750 0.00000000
vn -0.70711553 -0.70709801 0.00000000
vn -1.00000000 -0.00000983 0.00000002
vn -1.00000000 -0.00000986 0.00000017
vn -1.00000000 -0.00001231 -0.00000738
vn -1.00000000 -0.00000986 0.00000017
vn -0.70711553 -0.70709801 0.00000000
vn -0.70711225 -0.70710129 0.00000000
vn -1.00000000 -0.00001231 -0.00000738
vn -0.70711225 -0.70710129 0.00000000
vn -0.57735324 -0.57734978 0.57734776
vn -0.57736808 0.57733536 -0.57734734
vn -1.00000000 0.00000000 0.00000000
vn -0.70711029 0.70710331 0.00000000
vn -1.00000000 0.00000000 0.00000000
vn -1.00000000 0.00000000 0.00000000
vn -1.00000000 0.00000000 0.00000000
vn -0.70711029 0.70710331 0.00000000
vn -1.00000000 0.00000000 0.00000000
vn -0.70710933 0.70710421 0.00000000
vn -1.00000000 0.00000000 0.00000000
vn -1.00000000 0.00000000 0.00000000
vn -1.00000000 0.00000000 0.00000000
vn -1.00000000 0.00000000 0.00000000
vn -1.00000000 0.00000000 0.00000000
vn -1.00000000 0.00000000 0.00000000
vn -1.00000000 0.00000000 0.00000000
vn -1.00000000 0.00000000 0.00000000
vn -1.00000000 0.00000000 0.00000000
vn -0.70710933 0.70710421 0.00000000
vn -1.00000000 0.00000000 0.00000000
vn -0.70710766 0.70710593 0.00000000
vn -1.00000000 0.00000000 0.00000000
vn -1.00000000 0.00000000 0.00000000
vn -1.00000000 0.00000000 0.00000000
vn -0.70710766 0.70710593 0.00000000
vn -1.00000000 0.00000000 0.00000000
vn -0.70710635 0.70710725 0.00000000
vn -1.00000000 0.00000000 0.00000000
vn -1.00000000 0.00000000 0.00000000
vn -1.00000000 0.00000000 0.00000000
vn -1.00000000 0.00000000 0.00000000
vn -1.00000000 -0.00000983 0.00000002
vn -1.00000000 0.00000000 0.00000000
vn -1.00000000 0.00000000 0.00000000
vn -1.00000000 0.00000000 0.00000000
vn -1.00000000 0.00000000 0.00000000
vn -1.00000000 -0.00000983 0.00000002
vn -1.00000000 -0.00001231 -0.00000738
vn -1.00000000 -0.00000738 -0.00000246
vn -1.00000000 -0.00001231 -0.00000738
vn -0.57735324 -0.57734978 0.57734776
vn -0.70712101 -0.00001044 0.70709258
vn -1.00000000 -0.00000738 -0.00000246
vn -0.70712101 -0.00001044 0.70709258
vn -0.70712322 0.00000000 0.70709032
vn -1.00000000 0.00000000 0.00000000
vn -1.00000000 0.00000000 0.00000000
vn -1.00000000 0.00000000 0.00000000
vn -1.00000000 0.00000000 0.00000000
vn -0.70712322 0.00000000 0.70709032
vn -0.70711410 0.00000000 0.70709944
vn -1.00000000 0.00000000 0.00000000
vn -0.70711410 0.00000000 0.70709944
vn -0.70711088 0.00000000 0.70710266
vn -0.70710635 0.70710725 0.00000000
vn -1.00000000 0.00000000 0.00000000
vn -0.70710558 0.70710796 0.00000000
vn -1.00000000 0.00000000 0.00000000
vn -1.00000000 0.00000000 0.00000000
vn -1.00000000 0.00000000 0.00000000
vn -0.70710558 0.70710796 0.00000000
vn -1.00000000 0.00000000 0.00000000
vn -0.70710665 0.70710689 0.00000000
vn -1.00000000 0.00000000 0.00000000
vn -1.00000000 0.00000000 0.00000000
vn -1.00000000 0.00000000 0.00000000
vn -1.00000000 0.00000000 0.00000000
vn -1.00000000 0.00000000 0.00000000
vn -0.70711088 0.00000000 0.70710272
vn -1.00000000 0.00000000 0.00000000
vn -1.00000000 0.00000000 0.00000000
vn -0.70711082 0.00000000 0.70710278
vn -0.70710665 0.70710689 0.00000000
vn -1.00000000 0.00000000 0.00000000
vn -0.70711017 0.70710337 0.00000000
vn -1.00000000 0.00000000 0.00000000
vn -1.00000000 0.00000000 0.00000000
vn -0.70712274 0.00000000 0.70709085
vn -0.70711017 0.70710337 0.00000000
vn -0.70712274 0.00000000 0.70709085
vn -0.57733911 0.57737064 0.57734114
vn 0.57736582 -0.57733321 -0.57735187
vn 0.70711136 -0.70710224 0.00000000
vn 0.00000000 -0.70711547 -0.70709807
vn 0.70710564 -0.70710796 0.00000000
vn 0.70710570 -0.70710784 0.00000000
vn -0.35623112 -0.93439788 0.00000000
vn -0.36916927 -0.65823948 0.65607536
vn 0.00000000 -1.00000000 0.00000000
vn 0.57733583 -0.57736742 0.57734764
vn 0.57736582 -0.57733321 -0.57735187
vn 0.70711309 0.00000000 -0.70710045
vn 1.00000000 0.00000000 0.00000000
vn 0.70711309 0.00000000 -0.70710045
vn 0.70709509 0.00000000 -0.70711845
vn 1.00000000 0.00000000 0.00000000
vn 1.00000000 0.00000000 0.00000000
vn 1.00000000 0.00000000 0.00000000
vn 1.00000000 0.00000000 0.00000000
vn 1.00000000 0.00000000 0.00000000
vn 0.70712286 0.00000000 -0.70709074
vn 1.00000000 0.00000000 0.00000000
vn 0.70712286 0.00000000 -0.70709074
vn 0.70710212 0.00000000 -0.70711142
vn 1.00000000 0.00000000 0.00000000
vn 1.00000000 0.00000000 0.00000000
vn 1.00000000 0.00000000 0.00000000
vn 1.00000000 0.00000000 0.00000000
vn 1.00000000 0.00000000 0.00000000
vn 1.00000000 0.00000000 0.00000000
vn 1.00000000 0.00000000 0.00000000
vn 1.00000000 0.00000000 0.00000000
vn 1.00000000 0.00000000 0.00000000
vn 1.00000000 0.00000000 0.00000000
vn 1.00000000 0.00000000 0.00000000
vn 1.00000000 0.00000000 0.00000000
vn 1.00000000 0.00000000 0.00000000
vn 0.70710212 0.00000000 -0.70711142
vn 0.70711279 0.00000000 -0.70710075
vn 1.00000000 0.00000000 0.00000000
vn 0.70711279 0.00000000 -0.70710075
vn 0.70709020 0.00000000 -0.70712334
vn 1.00000000 0.00000000 0.00000000
vn 1.00000000 0.00000000 0.00000000
vn 1.00000000 0.00000000 0.00000000
vn 1.00000000 0.00000000 0.00000000
vn 1.00000000 0.00000000 0.00000000
vn 0.70711404 0.00000000 -0.70709956
vn 1.00000000 0.00000000 0.00000000
vn 1.00000000 0.00000000 0.00000000
vn 1.00000000 0.00000000 0.00000000
vn 1.00000000 0.00000000 0.00000000
vn 1.00000000 0.00000000 0.00000000
vn 0.70711344 0.70710009 0.00000000
vn 0.70710969 0.70710385 0.00000000
vn 1.00000000 0.00000000 0.00000000
vn 0.70710969 0.70710385 0.00000000
vn 0.70710540 0.70710814 0.00000000
vn 1.00000000 0.00000000 0.00000000
vn 1.00000000 0.00000000 0.00000000
vn 1.00000000 0.00000000 0.00000000
vn 1.00000000 0.00000000 0.00000000
vn 1.00000000 0.00000000 0.00000000
vn 1.00000000 0.00000000 0.00000000
vn 1.00000000 0.00000000 0.00000000
vn 1.00000000 0.00000000 0.00000000
vn 1.00000000 0.00000000 0.00000000
vn 1.00000000 0.00000000 0.00000000
vn 1.00000000 0.00000000 0.00000000
vn 1.00000000 0.00000000 0.00000000
vn 1.00000000 0.00000000 0.00000000
vn 0.70710540 0.70710814 0.00000000
vn 0.70709604 0.70711750 0.00000000
vn 1.00000000 0.00000000 0.00000000
vn 0.70709604 0.70711750 0.00000000
vn 0.70711559 0.70709801 0.00000000
vn 1.00000000 0.00000000 0.00000000
vn 1.00000000 0.00000000 0.00000000
vn 1.00000000 0.00000000 0.00000000
vn 1.00000000 0.00000000 0.00000000
vn 0.70711559 0.70709801 0.00000000
vn 0.70711225 0.70710135 0.00000000
vn 1.00000000 0.00000000 0.00000000
vn 0.70711225 0.70710135 0.00000000
vn 0.57735568 0.57734656 0.57734859
vn 0.57736582 -0.57733321 -0.57735187
vn 1.00000000 0.00000000 0.00000000
vn 0.70711136 -0.70710224 0.00000000
vn 1.00000000 0.00000000 0.00000000
vn 1.00000000 0.00000000 0.00000000
vn 1.00000000 0.00000000 0.00000000
vn 0.70711136 -0.70710224 0.00000000
vn 1.00000000 0.00000000 0.00000000
vn 0.70710945 -0.70710415 0.00000000
vn 1.00000000 0.00000000 0.00000000
vn 1.00000000 0.00000000 0.00000000
vn 1.00000000 0.00000000 0.00000000
vn 1.00000000 0.00000000 0.00000000
vn 1.00000000 0.00000000 0.00000000
vn 1.00000000 0.00000000 0.00000000
vn 1.00000000 0.00000000 0.00000000
vn 1.00000000 0.00000000 0.00000000
vn 1.00000000 0.00000000 0.00000000
vn 0.70710945 -0.70710415 0.00000000
vn 1.00000000 0.00000000 0.00000000
vn 0.70710760 -0.70710593 0.00000000
vn 1.00000000 0.00000000 0.00000000
vn 1.00000000 0.00000000 0.00000000
vn 1.00000000 0.00000000 0.00000000
vn 0.70710760 -0.70710593 0.00000000
vn 1.00000000 0.00000000 0.00000000
vn 0.70710635 -0.70710725 0.00000000
vn 1.00000000 0.00000000 0.00000000
vn 1.00000000 0.00000000 0.00000000
vn 1.00000000 0.00000000 0.00000000
vn 1.00000000 0.00000000 0.00000000
vn 1.00000000 0.00000000 0.00000000
vn 1.00000000 0.00000000 0.00000000
vn 1.00000000 0.00000000 0.00000000
vn 1.00000000 0.00000000 0.00000000
vn 1.00000000 0.00000000 0.00000000
vn 1.00000000 0.00000000 0.00000000
vn 1.00000000 0.00000000 0.00000000
vn 1.00000000 0.00000000 0.00000000
vn 1.00000000 0.00000000 0.00000000
vn 0.57735568 0.57734656 0.57734859
vn 0.70711064 0.00000000 0.70710295
vn 1.00000000 0.00000000 0.00000000
vn 0.70711064 0.00000000 0.70710295
vn 0.70711493 0.00000000 0.70709866
vn 1.00000000 0.00000000 0.00000000
vn 1.00000000 0.00000000 0.00000000
vn 1.00000000 0.00000000 0.00000000
vn 1.00000000 0.00000000 0.00000000
vn 0.70711493 0.00000000 0.70709866
vn 0.70711845 0.00000000 0.70709509
vn 1.00000000 0.00000000 0.00000000
vn 0.70711845 0.00000000 0.70709509
vn 0.70711684 0.00000000 0.70709676
vn 0.70710635 -0.70710725 0.00000000
vn 1.00000000 0.00000000 0.00000000
vn 0.70710564 -0.70710796 0.00000000
vn 1.00000000 0.00000000 0.00000000
vn 1.00000000 0.00000000 0.00000000
vn 1.00000000 0.00000000 0.00000000
vn 0.70710564 -0.70710796 0.00000000
vn 1.00000000 0.00000000 0.00000000
vn 0.70710570 -0.70710784 0.00000000
vn 1.00000000 0.00000000 0.00000000
vn 1.00000000 0.00000000 0.00000000
vn 1.00000000 0.00000000 0.00000000
vn 1.00000000 0.00000000 0.00000000
vn 0.70711684 0.00000000 0.70709676
vn 0.70712680 0.00000000 0.70708680
vn 1.00000000 0.00000000 0.00000000
vn 0.70712680 0.00000000 0.70708680
vn 0.70711684 0.00000000 0.70709676
vn 0.70710570 -0.70710784 0.00000000
vn 1.00000000 0.00000000 0.00000000
vn 0.70711219 -0.70710140 0.00000000
vn 1.00000000 0.00000000 0.00000000
vn 0.70711684 0.00000000 0.70709676
vn 0.70712107 0.00000000 0.70709246
vn 0.70711219 -0.70710140 0.00000000
vn 0.70712107 0.00000000 0.70709246
vn 0.57733583 -0.57736742 0.57734764
vn -0.57736808 0.57733536 -0.57734734
vn -0.70711029 0.70710331 0.00000000
vn 0.00000000 0.70711923 -0.70709437
vn -0.70710558 0.70710796 0.00000000
vn -0.70710665 0.70710689 0.00000000
vn 0.35625273 0.93438965 0.00000000
vn 0.36917546 0.65823621 0.65607512
vn 0.00000000 1.00000000 0.00000000
vn -0.57733911 0.57737064 0.57734114
vn 0.00000000 0.00000000 -1.00000000
vn 0.00000000 0.00000000 -1.00000000
vn 0.70709020 0.00000000 -0.70712334
vn 0.57737201 0.57733941 -0.57733941
vn 0.70711404 0.00000000 -0.70709956
vn 0.00000000 0.70710397 -0.70710957
vn 0.00000000 0.00000000 -1.00000000
vn 0.00000000 0.00000000 -1.00000000
vn 0.70710212 0.00000000 -0.70711142
vn 0.70711279 0.00000000 -0.70710075
vn 0.70710212 0.00000000 -0.70711142
vn 0.00000000 0.00000000 -1.00000000
vn 0.00000000 -0.70711547 -0.70709807
vn 0.00000000 0.00000000 -1.00000000
vn 0.57736582 -0.57733321 -0.57735187
vn 0.70711309 0.00000000 -0.70710045
vn 0.57736582 -0.57733321 -0.57735187
vn 0.00000000 0.00000000 -1.00000000
vn 0.70712286 0.00000000 -0.70709074
vn 0.70709509 0.00000000 -0.70711845
vn 0.00000000 0.00000000 -1.00000000
vn -0.57733911 0.57737064 0.57734114
vn 0.00000000 0.00000000 1.00000000
vn 0.36917546 0.65823621 0.65607512
vn 0.00000000 0.00000000 1.00000000
vn -0.57733911 0.57737064 0.57734114
vn -0.70712274 0.00000000 0.70709085
vn 0.34602851 0.00000000 0.93822402
vn 0.00000000 0.00000000 1.00000000
vn -0.70712101 -0.00001044 0.70709258
vn -0.70711088 0.00000000 0.70710266
vn -0.70711410 0.00000000 0.70709944
vn 0.00000000 0.00000000 1.00000000
vn 0.00000000 0.00000000 1.00000000
vn 0.00000000 0.00000000 1.00000000
vn -0.70712322 0.00000000 0.70709032
vn -0.70711410 0.00000000 0.70709944
vn -0.70712322 0.00000000 0.70709032
vn 0.00000000 0.00000000 1.00000000
vn 0.70711684 0.00000000 0.70709676
vn 0.70711845 0.00000000 0.70709509
vn 0.00000000 0.00000000 1.00000000
vn 0.70711845 0.00000000 0.70709509
vn 0.70711493 0.00000000 0.70709866
vn 0.00000000 0.00000000 1.00000000
vn 0.70711493 0.00000000 0.70709866
vn 0.70711064 0.00000000 0.70710295
vn 0.00000000 0.00000000 1.00000000
vn -0.34602961 0.00000000 0.93822360
vn 0.00000000 0.00000000 1.00000000
vn 0.70711064 0.00000000 0.70710295
vn 0.57733583 -0.57736742 0.57734764
vn 0.00000000 0.00000000 1.00000000
vn -0.36916927 -0.65823948 0.65607536
vn 0.00000000 0.00000000 1.00000000
vn 0.57733583 -0.57736742 0.57734764
vn 0.70712107 0.00000000 0.70709246
vn 0.00000000 0.00000000 1.00000000
vn 0.00000000 0.00000000 1.00000000
vn 0.00000000 0.00000000 1.00000000
vn 0.00000000 0.00000000 1.00000000
vn 0.00000000 0.00000000 1.00000000
vn 0.00000000 0.00000000 1.00000000
vn 0.00000000 0.00000000 1.00000000
vn 0.00000000 0.00000000 1.00000000
vn 0.00000000 0.00000000 1.00000000
vn 0.00000000 0.00000000 1.00000000
vn -0.34601820 0.00000000 0.93822783
vn 0.00000000 0.00000000 1.00000000
vn 0.00000000 0.00000000 1.00000000
vn 0.00000000 0.00000000 1.00000000
vn 0.00000000 0.00000000 1.00000000
vn 0.00000000 0.00000000 1.00000000
vn 0.00000000 0.00000000 1.00000000
vn -0.34602207 0.00000000 0.93822634
vn -0.34602576 0.00000000 0.93822503
vn -0.53114772 0.59414178 0.60405099
vn 0.00000000 0.00000000 1.00000000
vn 0.00000000 0.70710742 0.70710617
vn 0.00000000 0.00000000 1.00000000
vn -0.53114772 0.59414178 0.60405099
vn 0.00000000 0.00000000 1.00000000
vn 0.00000000 0.70710742 0.70710617
vn 0.00000000 0.00000000 1.00000000
vn 0.00000000 0.70710880 0.70710474
vn 0.00000000 0.00000000 1.00000000
vn 0.00000000 0.70710742 0.70710617
vn 0.00000886 -0.00000415 1.00000000
vn 0.34600490 0.00000543 0.93823272
vn 0.34602296 -0.00000588 0.93822604
vn 0.34600490 0.00000543 0.93823272
vn 0.00000886 -0.00000415 1.00000000
vn 0.00000465 0.00000000 1.00000000
vn 0.00000000 0.00000000 1.00000000
vn 0.00000000 0.70710659 0.70710695
vn 0.00000267 0.00000420 1.00000000
vn 0.00000000 0.70710659 0.70710695
vn 0.00000000 0.00000000 1.00000000
vn 0.00000000 0.70710880 0.70710474
vn 0.00000267 0.00000420 1.00000000
vn 0.53114706 0.59414434 0.60404915
vn 0.34602144 0.00000602 0.93822658
vn 0.53114706 0.59414434 0.60404915
vn 0.00000267 0.00000420 1.00000000
vn 0.00000000 0.70710659 0.70710695
vn -0.34603149 0.00000000 0.93822289
vn 0.00000000 0.00000000 1.00000000
vn 0.00000000 0.00000000 1.00000000
vn 0.00000000 -0.70710516 0.70710838
vn 0.00000000 0.00000000 1.00000000
vn 0.00000000 -0.70710874 0.70710486
vn 0.00000000 0.00000000 1.00000000
vn 0.00000000 -0.70710516 0.70710838
vn 0.00000000 0.00000000 1.00000000
vn 0.00000000 0.00000000 1.00000000
vn 0.00000000 0.00000000 1.00000000
vn 0.00000000 0.00000000 1.00000000
vn 0.00000000 0.00000000 1.00000000
vn 0.00000000 0.00000000 1.00000000
vn 0.00000000 0.00000000 1.00000000
vn 0.00000000 0.00000000 1.00000000
vn 0.00000000 0.00000000 1.00000000
vn 0.00000465 0.00000000 1.00000000
vn 0.00000000 0.00000000 1.00000000
vn 0.00000000 0.00000000 1.00000000
vn 0.00000000 0.00000000 1.00000000
vn 0.00000000 0.00000000 1.00000000
vn 0.00000886 -0.00000415 1.00000000
vn 0.34601858 -0.00000624 0.93822765
vn 0.00000000 -0.70710874 0.70710486
vn 0.00000000 0.00000000 1.00000000
vn 0.00000000 -0.70710737 0.70710617
vn 0.00000000 0.00000000 1.00000000
vn 0.00000000 -0.70710737 0.70710617
vn 0.00000000 0.00000000 1.00000000
vn 0.00000000 0.00000000 1.00000000
vn 0.00000000 0.00000000 1.00000000
vn 0.34602904 0.00000000 0.93822378
vn 0.00000000 0.00000000 1.00000000
vn 0.00000000 0.00000000 1.00000000
vn 0.00000000 0.00000000 1.00000000
vn 0.00000000 -0.70710737 0.70710617
vn 0.00000000 0.00000000 1.00000000
vn 0.53113586 -0.59416223 0.60404128
vn 0.34602574 0.00000000 0.93822503
vn 0.53113586 -0.59416223 0.60404128
vn 0.00000000 0.00000000 1.00000000
vn -0.70709586 0.00000000 -0.70711774
vn -0.70712602 0.00000000 -0.70708752
vn 0.00000000 0.00000000 -1.00000000
vn 0.00000000 0.70711923 -0.70709437
vn 0.00000000 0.00000000 -1.00000000
vn -0.57736808 0.57733536 -0.57734734
vn 0.00000000 0.00000000 -1.00000000
vn -0.70710164 0.00000000 -0.70711195
vn -0.70711666 0.00000000 -0.70709693
vn 0.00000000 0.00000000 -1.00000000
vn 0.00000000 0.00000000 -1.00000000
vn -0.70709586 0.00000000 -0.70711774
vn -0.70712411 0.00000000 -0.70708942
vn -0.70709586 0.00000000 -0.70711774
vn 0.00000000 0.00000000 -1.00000000
vn 0.00000000 0.00000000 -1.00000000
vn 0.00000000 0.00000000 -1.00000000
vn -0.70709014 0.00000000 -0.70712346
vn -0.57736957 -0.57734269 -0.57733852
vn -0.70712191 -0.00001023 -0.70709163
vn 0.00000000 -0.70710397 -0.70710963
vn 0.00000000 0.00000000 -1.00000000
vn 0.00000000 0.00000000 -1.00000000
vn 0.00000000 0.00000000 -1.00000000
vn 0.00000000 0.00000000 -1.00000000
vn 0.00000000 0.00000000 -1.00000000
vn 0.00000000 0.00000000 -1.00000000
vn 0.00000000 0.00000000 -1.00000000
vn 0.00000000 0.00000000 -1.00000000
vn 0.00000000 0.00000000 -1.00000000
vn 0.00000000 0.00000000 -1.00000000
vn 0.00000000 0.00000000 -1.00000000
vn 0.00000000 0.00000000 -1.00000000
vn 0.00000000 0.00000000 -1.00000000
vn 0.00000000 0.00000000 -1.00000000
vn 0.00000000 0.00000000 -1.00000000
vn 0.00000000 0.00000000 -1.00000000
vn 0.00000000 0.00000000 -1.00000000
vn 0.00000000 0.00000000 -1.00000000
vn 0.00000000 0.00000000 -1.00000000
vn 0.00000000 0.00000000 -1.00000000
vn 0.00000000 0.00000000 -1.00000000
vn 0.00000000 0.00000000 -1.00000000
vn 0.00000000 0.00000000 -1.00000000
vn 0.00000000 0.00000000 -1.00000000
vn 0.00000000 0.00000000 -1.00000000
vn 0.00000000 0.70711923 -0.70709437
vn 0.00000000 0.00000000 -1.00000000
vn 0.00000000 0.70710456 -0.70710903
vn 0.00000000 0.00000000 -1.00000000
vn 0.00000000 0.70711923 -0.70709437
vn 0.00000000 0.00000000 -1.00000000
vn 0.00000000 0.70710456 -0.70710903
vn 0.00000000 0.00000000 -1.00000000
vn 0.00000000 0.70710379 -0.70710981
vn 0.00000000 0.00000000 -1.00000000
vn 0.00000000 0.70710456 -0.70710903
vn 0.00000000 0.00000000 -1.00000000
vn 0.00000000 0.00000000 -1.00000000
vn 0.00000000 0.00000000 -1.00000000
vn 0.00000000 0.00000000 -1.00000000
vn 0.00000000 0.70710379 -0.70710981
vn 0.00000000 0.00000000 -1.00000000
vn 0.00000000 0.70710617 -0.70710737
vn 0.00000000 0.00000000 -1.00000000
vn 0.00000000 0.70710379 -0.70710981
vn 0.00000000 0.00000000 -1.00000000
vn 0.00000000 0.70710397 -0.70710957
vn 0.00000000 0.00000000 -1.00000000
vn 0.00000000 0.70710397 -0.70710957
vn 0.00000000 0.00000000 -1.00000000
vn 0.00000000 0.70710617 -0.70710737
vn 0.00000000 -0.70710397 -0.70710963
vn 0.00000000 0.00000000 -1.00000000
vn 0.00000000 -0.70710617 -0.70710737
vn 0.00000000 0.00000000 -1.00000000
vn 0.00000000 -0.70710397 -0.70710963
vn 0.00000000 0.00000000 -1.00000000
vn 0.00000000 0.00000000 -1.00000000
vn 0.00000000 0.00000000 -1.00000000
vn 0.00000000 0.00000000 -1.00000000
vn 0.00000000 -0.70710617 -0.70710737
vn 0.00000000 0.00000000 -1.00000000
vn 0.00000000 -0.70710391 -0.70710969
vn 0.00000000 0.00000000 -1.00000000
vn 0.00000000 -0.70710391 -0.70710969
vn 0.00000000 0.00000000 -1.00000000
vn 0.00000000 0.00000000 -1.00000000
vn 0.00000000 0.00000000 -1.00000000
vn 0.00000000 0.00000000 -1.00000000
vn 0.00000000 0.00000000 -1.00000000
vn 0.00000000 0.00000000 -1.00000000
vn 0.00000000 0.00000000 -1.00000000
vn 0.00000000 0.00000000 -1.00000000
vn 0.00000000 0.00000000 -1.00000000
vn 0.00000000 0.00000000 -1.00000000
vn 0.00000000 0.00000000 -1.00000000
vn 0.00000000 0.00000000 -1.00000000
vn 0.00000000 0.00000000 -1.00000000
vn 0.00000000 0.00000000 -1.00000000
vn 0.00000000 0.00000000 -1.00000000
vn 0.00000000 0.00000000 -1.00000000
vn 0.00000000 0.00000000 -1.00000000
vn 0.00000000 0.00000000 -1.00000000
vn 0.00000000 0.00000000 -1.00000000
vn 0.00000000 -0.70710391 -0.70710969
vn 0.00000000 0.00000000 -1.00000000
vn 0.00000000 -0.70710510 -0.70710844
vn 0.00000000 0.00000000 -1.00000000
vn 0.00000000 -0.70710510 -0.70710844
vn 0.00000000 0.00000000 -1.00000000
vn 0.00000000 0.00000000 -1.00000000
vn 0.00000000 0.00000000 -1.00000000
vn 0.00000000 0.00000000 -1.00000000
vn 0.00000000 0.00000000 -1.00000000
vn 0.00000000 0.00000000 -1.00000000
vn 0.00000000 0.00000000 -1.00000000
vn 0.00000000 -0.70710510 -0.70710844
vn 0.00000000 0.00000000 -1.00000000
vn 0.00000000 -0.70711547 -0.70709807
vn 0.00000000 0.00000000 -1.00000000
vn 0.00000000 -0.70711547 -0.70709807
vn 0.00000000 0.00000000 -1.00000000
vn -0.35625857 0.93438739 0.00000000
vn 0.70711344 0.70710009 0.00000000
vn -0.35625321 0.93438947 0.00000000
vn 0.00000000 1.00000000 0.00000000
vn 0.70711225 0.70710135 0.00000000
vn 0.70711559 0.70709801 0.00000000
vn 0.70711225 0.70710135 0.00000000
vn 0.00000000 1.00000000 0.00000000
vn -0.35625270 0.93438965 0.00000000
vn 0.00000000 1.00000000 0.00000000
vn 0.00000000 1.00000000 0.00000000
vn 0.00000000 1.00000000 0.00000000
vn 0.00000000 1.00000000 0.00000000
vn 0.00000000 1.00000000 0.00000000
vn 0.00000000 1.00000000 0.00000000
vn 0.00000000 1.00000000 0.00000000
vn 0.00000000 1.00000000 0.00000000
vn 0.00000000 1.00000000 0.00000000
vn 0.00000000 0.95264542 0.30408341
vn 0.00000000 0.95264715 0.30407789
vn 0.00000000 1.00000000 0.00000000
vn 0.00000000 1.00000000 0.00000000
vn 0.00000000 1.00000000 0.00000000
vn 0.00000000 0.95264715 0.30407789
vn 0.00000000 0.95264715 0.30407789
vn 0.28488147 0.93079680 0.22904126
vn 0.00000000 1.00000000 0.00000000
vn 0.35626626 0.93438447 0.00000000
vn 0.00000000 1.00000000 0.00000000
vn 0.28488147 0.93079680 0.22904126
vn 0.00000000 1.00000000 0.00000000
vn 0.00000000 1.00000000 0.00000000
vn 0.00000000 1.00000000 0.00000000
vn 0.00000000 1.00000000 0.00000000
vn 0.35626051 0.93438667 0.00000000
vn 0.00000000 1.00000000 0.00000000
vn 0.00000000 1.00000000 0.00000000
vn 0.35624829 0.93439132 0.00000000
vn 0.00000000 1.00000000 0.00000000
vn -0.28488159 0.93079674 0.22904137
vn 0.00000000 1.00000000 0.00000000
vn -0.35626024 0.93438679 0.00000000
vn 0.00000000 1.00000000 0.00000000
vn -0.28488159 0.93079674 0.22904137
vn 0.00000000 0.95264721 0.30407771
vn 0.00000000 0.95264721 0.30407771
vn 0.00000000 1.00000000 0.00000000
vn 0.00000000 1.00000000 0.00000000
vn 0.00000000 1.00000000 0.00000000
vn 0.00000000 0.95264721 0.30407771
vn 0.00000000 0.95264542 0.30408341
vn -0.35625812 0.93438756 0.00000000
vn -0.35626024 0.93438679 0.00000000
vn 0.00000000 1.00000000 0.00000000
vn 0.00000000 1.00000000 0.00000000
vn 0.00000000 1.00000000 0.00000000
vn 0.00000000 1.00000000 0.00000000
vn 0.00000000 1.00000000 0.00000000
vn 0.00000000 0.70710659 0.70710695
vn 0.00000000 1.00000000 0.00000000
vn 0.00000000 0.70710659 0.70710695
vn 0.00000000 1.00000000 0.00000000
vn 0.53114706 0.59414434 0.60404915
vn 0.00000000 1.00000000 0.00000000
vn 0.00000000 0.70710880 0.70710474
vn 0.00000000 1.00000000 0.00000000
vn 0.00000000 0.70710880 0.70710474
vn 0.00000000 1.00000000 0.00000000
vn 0.00000000 0.70710659 0.70710695
vn 0.00000000 1.00000000 0.00000000
vn -0.35625049 0.93439049 0.00000000
vn -0.35626268 0.93438584 0.00000000
vn -0.35625049 0.93439049 0.00000000
vn 0.00000000 1.00000000 0.00000000
vn 0.00000000 1.00000000 0.00000000
vn 0.00000000 1.00000000 0.00000000
vn 0.00000000 0.70710742 0.70710617
vn 0.00000000 1.00000000 0.00000000
vn 0.00000000 0.70710742 0.70710617
vn 0.00000000 1.00000000 0.00000000
vn 0.00000000 0.70710880 0.70710474
vn 0.00000000 1.00000000 0.00000000
vn -0.53114772 0.59414178 0.60405099
vn -0.35625410 0.93438911 0.00000000
vn -0.53114772 0.59414178 0.60405099
vn 0.00000000 1.00000000 0.00000000
vn 0.00000000 0.70710742 0.70710617
vn 0.35623696 -0.93439567 0.00000000
vn -0.70711344 -0.70710009 0.00000000
vn 0.35623157 -0.93439770 0.00000000
vn 0.00000000 -1.00000000 0.00000000
vn -0.70711225 -0.70710129 0.00000000
vn -0.70711553 -0.70709801 0.00000000
vn -0.70711225 -0.70710129 0.00000000
vn 0.00000000 -1.00000000 0.00000000
vn 0.35623106 -0.93439788 0.00000000
vn 0.00000000 -1.00000000 0.00000000
vn 0.00000000 -1.00000000 0.00000000
vn 0.00000000 -1.00000000 0.00000000
vn 0.00000000 -1.00000000 0.00000000
vn 0.00000000 -1.00000000 0.00000000
vn 0.00000000 -1.00000000 0.00000000
vn 0.00000000 -1.00000000 0.00000000
vn 0.00000000 -1.00000000 0.00000000
vn 0.00000000 -1.00000000 0.00000000
vn 0.00000000 -0.95265210 0.30406249
vn 0.00000000 -0.95265388 0.30405694
vn 0.00000000 -1.00000000 0.00000000
vn 0.00000000 -1.00000000 0.00000000
vn 0.00000000 -1.00000000 0.00000000
vn 0.00000000 -0.95265388 0.30405694
vn 0.00000000 -0.95265388 0.30405694
vn -0.28486353 -0.93080652 0.22902405
vn 0.00000000 -1.00000000 0.00000000
vn -0.35624468 -0.93439269 0.00000000
vn 0.00000000 -1.00000000 0.00000000
vn -0.28486353 -0.93080652 0.22902405
vn 0.00000000 -1.00000000 0.00000000
vn 0.00000000 -1.00000000 0.00000000
vn 0.00000000 -1.00000000 0.00000000
vn 0.00000000 -1.00000000 0.00000000
vn -0.35623893 -0.93439490 0.00000000
vn 0.00000000 -1.00000000 0.00000000
vn 0.00000000 -1.00000000 0.00000000
vn -0.35622668 -0.93439955 0.00000000
vn 0.00000000 -1.00000000 0.00000000
vn 0.28486365 -0.93080646 0.22902417
vn 0.00000000 -1.00000000 0.00000000
vn 0.35623866 -0.93439502 0.00000000
vn 0.00000000 -1.00000000 0.00000000
vn 0.28486365 -0.93080646 0.22902417
vn 0.00000000 -0.95265394 0.30405676
vn 0.00000000 -0.95265394 0.30405676
vn 0.00000000 -1.00000000 0.00000000
vn 0.00000000 -1.00000000 0.00000000
vn 0.00000000 -1.00000000 0.00000000
vn 0.00000000 -0.95265394 0.30405676
vn 0.00000000 -0.95265210 0.30406249
vn 0.35623655 -0.93439579 0.00000000
vn 0.35623866 -0.93439502 0.00000000
vn 0.00000000 -1.00000000 0.00000000
vn 0.00000000 -1.00000000 0.00000000
vn 0.00000000 -1.00000000 0.00000000
vn 0.00000000 -1.00000000 0.00000000
vn 0.00000000 -1.00000000 0.00000000
vn 0.00000000 -0.70710516 0.70710838
vn 0.00000000 -1.00000000 0.00000000
vn 0.00000000 -0.70710516 0.70710838
vn 0.00000000 -1.00000000 0.00000000
vn -0.53113484 -0.59416443 0.60404015
vn 0.00000000 -1.00000000 0.00000000
vn 0.00000000 -0.70710874 0.70710486
vn 0.00000000 -1.00000000 0.00000000
vn 0.00000000 -0.70710874 0.70710486
vn 0.00000000 -1.00000000 0.00000000
vn 0.00000000 -0.70710516 0.70710838
vn 0.00000000 -1.00000000 0.00000000
vn 0.35622886 -0.93439871 0.00000000
vn 0.35624105 -0.93439406 0.00000000
vn 0.35622886 -0.93439871 0.00000000
vn 0.00000000 -1.00000000 0.00000000
vn 0.00000000 -1.00000000 0.00000000
vn 0.00000000 -1.00000000 0.00000000
vn 0.00000000 -0.70710737 0.70710617
vn 0.00000000 -1.00000000 0.00000000
vn 0.00000000 -0.70710737 0.70710617
vn 0.00000000 -1.00000000 0.00000000
vn 0.00000000 -0.70710874 0.70710486
vn 0.00000000 -1.00000000 0.00000000
vn 0.53113586 -0.59416223 0.60404128
vn 0.35623249 -0.93439734 0.00000000
vn 0.53113586 -0.59416223 0.60404128
vn 0.00000000 -1.00000000 0.00000000
vn 0.00000000 -0.70710737 0.70710617
vn 0.00000000 0.00000000 1.00000000
vn -0.34602842 0.00000000 0.93822402
vn 0.00000000 0.00000000 1.00000000
vn -0.34602422 0.00000000 0.93822557
vn 0.00000000 0.00000000 1.00000000
vn -0.34602842 0.00000000 0.93822402
vn -0.34603471 0.00000000 0.93822169
vn -0.34602681 0.00000000 0.93822461
vn 0.00000000 0.00000000 1.00000000
vn 0.00000000 0.00000000 1.00000000
vn 0.00000000 0.00000000 1.00000000
vn -0.34602681 0.00000000 0.93822461
vn 0.00000000 0.00000000 1.00000000
vn -0.34602961 0.00000000 0.93822360
vn -0.34602797 0.00000000 0.93822420
vn -0.70711082 0.00000000 0.70710278
vn 0.34601012 0.00000384 0.93823075
vn 0.00000000 0.00000000 1.00000000
vn 0.34602422 0.00000000 0.93822557
vn 0.00000000 0.00000000 1.00000000
vn 0.34601012 0.00000384 0.93823075
vn 0.34602892 0.00000000 0.93822384
vn 0.34602129 -0.00000312 0.93822664
vn 0.00000000 0.00000000 1.00000000
vn 0.00000000 0.00000000 1.00000000
vn 0.34602851 0.00000000 0.93822402
vn 0.34602568 0.00000000 0.93822503
vn -0.35625243 0.93438977 0.00000000
vn 0.70709604 0.70711750 0.00000000
vn 0.70710540 0.70710814 0.00000000
vn 0.70709604 0.70711750 0.00000000
vn -0.35625243 0.93438977 0.00000000
vn -0.35625762 0.93438780 0.00000000
vn 0.00000000 1.00000000 0.00000000
vn -0.35625762 0.93438780 0.00000000
vn -0.35625997 0.93438685 0.00000000
vn 0.70710540 0.70710814 0.00000000
vn -0.35625586 0.93438846 0.00000000
vn -0.35625243 0.93438977 0.00000000
vn -0.35625857 0.93438739 0.00000000
vn 0.70710969 0.70710385 0.00000000
vn 0.70711344 0.70710009 0.00000000
vn 0.70710969 0.70710385 0.00000000
vn -0.35625857 0.93438739 0.00000000
vn -0.35625586 0.93438846 0.00000000
vn -0.70711029 0.70710331 0.00000000
vn 0.35625324 0.93438947 0.00000000
vn 0.08807138 0.99174470 0.09319830
vn 0.35625273 0.93438965 0.00000000
vn -0.70710665 0.70710689 0.00000000
vn 0.35625792 0.93438768 0.00000000
vn 0.00000000 1.00000000 0.00000000
vn 0.36917546 0.65823621 0.65607512
vn 0.35625425 0.93438905 0.00000000
vn 0.35623083 -0.93439800 0.00000000
vn -0.70709604 -0.70711750 0.00000000
vn -0.70710540 -0.70710814 0.00000000
vn -0.70709604 -0.70711750 0.00000000
vn 0.35623083 -0.93439800 0.00000000
vn 0.35623595 -0.93439603 0.00000000
vn 0.00000000 -1.00000000 0.00000000
vn 0.35623595 -0.93439603 0.00000000
vn 0.35623839 -0.93439513 0.00000000
vn -0.70710540 -0.70710814 0.00000000
vn 0.35623422 -0.93439668 0.00000000
vn 0.35623083 -0.93439800 0.00000000
vn 0.35623696 -0.93439567 0.00000000
vn -0.70710975 -0.70710379 0.00000000
vn -0.70711344 -0.70710009 0.00000000
vn -0.70710975 -0.70710379 0.00000000
vn 0.35623696 -0.93439567 0.00000000
vn 0.35623422 -0.93439668 0.00000000
vn 0.70711136 -0.70710224 0.00000000
vn -0.35623160 -0.93439770 0.00000000
vn -0.08806439 -0.99174601 0.09319095
vn -0.35623112 -0.93439788 0.00000000
vn 0.70710570 -0.70710784 0.00000000
vn -0.35623634 -0.93439591 0.00000000
vn 0.00000000 -1.00000000 0.00000000
vn -0.36916927 -0.65823948 0.65607536
vn -0.35623264 -0.93439728 0.00000000
vn -0.36916927 -0.65823948 0.65607536
vn -0.34602422 0.00000000 0.93822557
vn -0.53113484 -0.59416443 0.60404015
vn -0.34602427 0.00000000 0.93822557
vn -0.53113484 -0.59416443 0.60404015
vn -0.34602422 0.00000000 0.93822557
vn -0.34602681 0.00000000 0.93822461
vn -0.34602511 0.00000000 0.93822527
vn -0.34601820 0.00000000 0.93822783
vn 0.36917546 0.65823621 0.65607512
vn 0.34602422 0.00000000 0.93822557
vn 0.53114706 0.59414434 0.60404915
vn 0.34602144 0.00000602 0.93822658
vn 0.53114706 0.59414434 0.60404915
vn 0.34602422 0.00000000 0.93822557
vn 0.34602892 0.00000000 0.93822384
vn 0.34602904 0.00000000 0.93822378
vn 0.34601858 -0.00000624 0.93822765
vn -0.35625270 0.93438965 0.00000000
vn -0.53114772 0.59414178 0.60405099
vn -0.36917263 0.65823990 0.65607297
vn -0.53114772 0.59414178 0.60405099
vn -0.35625270 0.93438965 0.00000000
vn -0.35625410 0.93438911 0.00000000
vn -0.35625243 0.93438977 0.00000000
vn -0.35625812 0.93438756 0.00000000
vn -0.35626268 0.93438584 0.00000000
vn -0.28488159 0.93079674 0.22904137
vn -0.35625321 0.93438947 0.00000000
vn -0.08807139 0.99174470 0.09319831
vn 0.08807138 0.99174470 0.09319830
vn 0.35625324 0.93438947 0.00000000
vn 0.28488147 0.93079680 0.22904126
vn 0.35626626 0.93438447 0.00000000
vn 0.28488147 0.93079680 0.22904126
vn 0.35625324 0.93438947 0.00000000
vn 0.53114706 0.59414434 0.60404915
vn 0.35625425 0.93438905 0.00000000
vn 0.36917546 0.65823621 0.65607512
vn 0.35623106 -0.93439788 0.00000000
vn 0.53113586 -0.59416223 0.60404128
vn 0.36916456 -0.65823990 0.65607756
vn 0.53113586 -0.59416223 0.60404128
vn 0.35623106 -0.93439788 0.00000000
vn 0.35623249 -0.93439734 0.00000000
vn 0.35623083 -0.93439800 0.00000000
vn 0.35623655 -0.93439579 0.00000000
vn 0.35624105 -0.93439406 0.00000000
vn 0.28486365 -0.93080646 0.22902417
vn 0.35623157 -0.93439770 0.00000000
vn 0.08806439 -0.99174601 0.09319095
vn -0.08806439 -0.99174601 0.09319095
vn -0.35623160 -0.93439770 0.00000000
vn -0.28486353 -0.93080652 0.22902405
vn -0.35624468 -0.93439269 0.00000000
vn -0.28486353 -0.93080652 0.22902405
vn -0.35623160 -0.93439770 0.00000000
vn -0.53113484 -0.59416443 0.60404015
vn -0.35623264 -0.93439728 0.00000000
vn -0.36916927 -0.65823948 0.65607536
vn 0.00000000 0.00000000 1.00000000
vn 0.00000000 0.00000000 1.00000000
vn 0.00000000 0.00000000 1.00000000
vn 0.00000000 0.00000000 1.00000000
vn 0.00000000 0.00000000 1.00000000
vn 0.00000000 0.00000000 1.00000000
vn 0.00000000 0.00000000 1.00000000
vn 0.00000000 0.00000000 1.00000000
vn 0.00000000 0.00000000 1.00000000
vn 0.00000000 1.00000000 0.00000000
vn 0.00000000 1.00000000 0.00000000
vn 0.00000000 1.00000000 0.00000000
vn 0.00000000 -1.00000000 0.00000000
vn 0.00000000 -1.00000000 0.00000000
vn 0.00000000 -1.00000000 0.00000000
vn 0.00000000 0.00000000 1.00000000
vn 0.34602904 0.00000000 0.93822378
vn 0.34602574 0.00000000 0.93822503
vn 0.00000000 1.00000000 0.00000000
vn 0.00000000 1.00000000 0.00000000
vn 0.00000000 1.00000000 0.00000000
vn 0.00000000 -1.00000000 0.00000000
vn 0.00000000 -1.00000000 0.00000000
vn 0.00000000 -1.00000000 0.00000000
vn 0.70711589 0.00000000 0.70709771
vn 0.70711386 0.00000000 0.70709968
vn 0.00000000 0.00000000 1.00000000
vn 0.00000000 0.00000000 1.00000000
vn 0.00000000 0.00000000 1.00000000
vn 0.34602904 0.00000000 0.93822378
vn 0.00000000 0.00000000 1.00000000
vn 0.00000000 0.00000000 1.00000000
vn 0.00000000 0.00000000 1.00000000
vn 0.00000000 0.00000000 1.00000000
vn -0.34602502 0.00000000 0.93822527
vn -0.34602281 0.00000000 0.93822610
vn 0.00000000 0.00000000 1.00000000
vn 0.34602508 0.00000000 0.93822527
vn 0.34602281 0.00000000 0.93822610
vn 0.00000000 0.00000000 1.00000000
vn 0.00000000 0.00000000 1.00000000
vn 0.00000000 0.00000000 1.00000000
vn 0.00000000 0.00000000 1.00000000
vn 0.00000000 0.00000000 1.00000000
vn 0.00000000 0.00000000 1.00000000
vn 1.00000000 0.00000000 0.00000000
vn 0.70710504 0.70710850 0.00000000
vn 0.70711386 0.00000000 0.70709968
vn 0.70710814 0.00000000 -0.70710546
vn 1.00000000 0.00000000 0.00000000
vn 0.57735556 -0.57733196 -0.57736337
vn -1.00000000 0.00000000 0.00000000
vn -0.57736075 -0.57733220 0.57735783
vn -0.70710671 0.00000000 0.70710683
vn -0.70710135 0.00000000 -0.70711225
vn -1.00000000 0.00000000 0.00000000
vn -0.57735592 0.57733238 -0.57736254
vn 0.70710933 0.70710421 0.00000000
vn 0.70711023 0.70710331 0.00000000
vn -0.35622856 0.93439883 0.00000000
vn 0.00000000 0.00000000 -1.00000000
vn -0.70710135 0.00000000 -0.70711225
vn -0.57735592 0.57733238 -0.57736254
vn 0.70711386 0.00000000 0.70709968
vn -0.34602630 0.00000000 0.93822479
vn 0.00000000 0.00000000 1.00000000
vn 0.00000000 0.00000000 1.00000000
vn -0.34602356 0.00000000 0.93822581
vn -0.34602502 0.00000000 0.93822527
vn 0.34602359 0.00000000 0.93822581
vn 0.00000000 0.00000000 1.00000000
vn 0.00000000 0.00000000 1.00000000
vn 0.35623151 0.93439776 0.00000000
vn 0.00000000 1.00000000 0.00000000
vn 0.00000000 1.00000000 0.00000000
vn 0.00000000 1.00000000 0.00000000
vn 0.00000000 1.00000000 0.00000000
vn 0.00000000 1.00000000 0.00000000
vn 0.00000000 1.00000000 0.00000000
vn 0.35623533 0.93439627 0.00000000
vn 0.00000000 1.00000000 0.00000000
vn -0.35623151 -0.93439776 0.00000000
vn 0.00000000 -1.00000000 0.00000000
vn 0.00000000 -1.00000000 0.00000000
vn 0.00000000 -1.00000000 0.00000000
vn 0.00000000 -1.00000000 0.00000000
vn 0.00000000 -1.00000000 0.00000000
vn 0.00000000 -1.00000000 0.00000000
vn -0.35623530 -0.93439627 0.00000000
vn 0.00000000 -1.00000000 0.00000000
vn -1.00000000 -0.00001160 0.00000711
vn -0.57736957 -0.57734269 -0.57733852
vn -0.70711440 -0.70709914 0.00000000
vn 1.00000000 0.00000000 0.00000000
vn 0.57737201 0.57733941 -0.57733941
vn 0.70711440 0.70709914 0.00000000
vn -0.70711088 0.00000000 0.70710266
vn 0.00000000 0.00000000 1.00000000
vn 0.34602129 -0.00000312 0.93822664
vn 0.00000000 0.00000000 1.00000000
vn -0.34602511 0.00000000 0.93822527
vn -0.34602207 0.00000000 0.93822634
vn -0.08807139 0.99174470 0.09319831
vn -0.35625321 0.93438947 0.00000000
vn 0.70711440 0.70709914 0.00000000
vn 0.00000000 1.00000000 0.00000000
vn 0.00000000 1.00000000 0.00000000
vn 0.00000000 1.00000000 0.00000000
vn 0.00000000 1.00000000 0.00000000
vn -0.35626024 0.93438679 0.00000000
vn 0.00000000 1.00000000 0.00000000
vn 0.08806439 -0.99174601 0.09319095
vn 0.35623157 -0.93439770 0.00000000
vn -0.70711440 -0.70709914 0.00000000
vn 0.00000000 -1.00000000 0.00000000
vn 0.00000000 -1.00000000 0.00000000
vn 0.00000000 -1.00000000 0.00000000
vn 0.00000000 -1.00000000 0.00000000
vn 0.35623866 -0.93439502 0.00000000
vn 0.00000000 -1.00000000 0.00000000
vn 0.00000000 0.00000000 1.00000000
vn 0.70709765 0.00000000 0.70711589
vn 0.70712501 0.00000000 0.70708859
vn 0.00000000 0.00000000 -1.00000000
vn 0.00000000 0.00000000 -1.00000000
vn 0.00000000 0.00000000 -1.00000000
vn 0.00000000 0.00000000 -1.00000000
vn 0.00000000 0.00000000 -1.00000000
vn 0.00000000 0.00000000 -1.00000000
vn 1.00000000 0.00000000 0.00000000
vn 0.70709765 0.00000000 0.70711589
vn 0.57736325 -0.57735342 0.57733411
vn -0.70712590 0.00000000 -0.70708764
vn -0.70710135 0.00000000 -0.70711225
vn 0.00000000 0.00000000 -1.00000000
vn -0.34602439 0.00000000 0.93822551
vn 0.70709765 0.00000000 0.70711589
vn 0.00000000 0.00000000 1.00000000
vn -0.70712191 -0.00001023 -0.70709163
vn -0.57736957 -0.57734269 -0.57733852
vn -1.00000000 -0.00001160 0.00000711
vn 0.70711404 0.00000000 -0.70709956
vn 0.57737201 0.57733941 -0.57733941
vn 1.00000000 0.00000000 0.00000000
vn 0.00000000 -0.70710599 -0.70710754
vn 0.00000000 0.00000000 -1.00000000
vn 0.00000000 0.00000000 -1.00000000
vn 0.00000000 0.70708764 -0.70712590
vn 0.00000000 0.00000000 -1.00000000
vn 0.00000000 0.00000000 -1.00000000
vn 1.00000000 0.00000000 0.00000000
vn 0.70711386 0.00000000 0.70709968
vn 0.70711589 0.00000000 0.70709771
vn 0.00000000 0.00000000 -1.00000000
vn 0.00000000 0.00000000 -1.00000000
vn 0.00000000 0.00000000 -1.00000000
vn 0.00000000 0.00000000 -1.00000000
vn 0.00000000 0.00000000 -1.00000000
vn 0.00000000 0.00000000 -1.00000000
vn 0.00000000 0.00000000 -1.00000000
vn 0.00000000 0.00000000 -1.00000000
vn 0.00000000 0.00000000 -1.00000000
vn 0.00000000 0.00000000 -1.00000000
vn 0.00000000 0.00000000 -1.00000000
vn 0.70710784 0.00000000 -0.70710570
vn 0.00000000 0.00000000 -1.00000000
vn 0.00000000 0.00000000 -1.00000000
vn 0.00000000 0.00000000 -1.00000000
vn 0.70709455 -0.70711905 0.00000000
vn 1.00000000 0.00000000 0.00000000
vn 0.57736325 -0.57735342 0.57733411
vn 0.00000000 0.00000000 -1.00000000
vn 0.00000000 0.00000000 -1.00000000
vn 0.00000000 -0.70711166 -0.70710194
vn 0.00000000 0.00000000 -1.00000000
vn 0.00000000 0.00000000 -1.00000000
vn 0.00000000 0.00000000 -1.00000000
vn 0.00000000 0.00000000 -1.00000000
vn 0.00000000 0.00000000 -1.00000000
vn 0.00000000 0.70712072 -0.70709288
vn 0.00000000 0.00000000 -1.00000000
vn 0.00000000 0.00000000 -1.00000000
vn 0.00000000 0.70708764 -0.70712590
vn 0.35623443 0.93439662 0.00000000
vn -0.70710903 0.70710456 0.00000000
vn 0.00000000 1.00000000 0.00000000
vn 0.36916324 0.65824026 0.65607792
vn 0.00000000 1.00000000 0.00000000
vn -0.57736319 0.57733136 0.57735634
vn 0.70709455 -0.70711905 0.00000000
vn 0.00000000 -1.00000000 0.00000000
vn -0.35623205 -0.93439752 0.00000000
vn -0.36916041 -0.65822792 0.65609193
vn 0.00000000 -1.00000000 0.00000000
vn 0.57736325 -0.57735342 0.57733411
vn 0.00000000 -1.00000000 0.00000000
vn -0.36916041 -0.65822792 0.65609193
vn -0.35623211 -0.93439752 0.00000000
vn -0.35623667 -0.93439573 0.00000000
vn -0.35623211 -0.93439752 0.00000000
vn -0.53113014 -0.59416312 0.60404551
vn -0.35623211 -0.93439752 0.00000000
vn -0.35623667 -0.93439573 0.00000000
vn -0.35623205 -0.93439752 0.00000000
vn 0.00000000 0.00000000 -1.00000000
vn 0.70711404 0.00000000 -0.70709956
vn 0.70709020 0.00000000 -0.70712334
vn 0.00000000 0.00000000 -1.00000000
vn -0.70712191 -0.00001023 -0.70709163
vn -0.70709014 0.00000000 -0.70712346
vn 0.70711404 0.00000000 -0.70709956
vn 0.00000000 0.00000000 -1.00000000
vn 0.00000000 0.70710397 -0.70710957
vn -0.70712191 -0.00001023 -0.70709163
vn 0.00000000 0.00000000 -1.00000000
vn 0.00000000 -0.70710397 -0.70710963
vn -1.00000000 -0.00000985 -0.00000035
vn -0.70711440 -0.70709914 0.00000000
vn -0.70711344 -0.70710009 0.00000000
vn 1.00000000 0.00000000 0.00000000
vn 0.70711440 0.70709914 0.00000000
vn 0.70711344 0.70710009 0.00000000
vn 0.70711344 0.70710009 0.00000000
vn 0.70711440 0.70709914 0.00000000
vn -0.35625321 0.93438947 0.00000000
vn 0.57737201 0.57733941 -0.57733941
vn 0.00000000 0.70710397 -0.70710957
vn 0.70711440 0.70709914 0.00000000
vn -0.70711344 -0.70710009 0.00000000
vn -0.70711440 -0.70709914 0.00000000
vn 0.35623157 -0.93439770 0.00000000
vn -0.57736957 -0.57734269 -0.57733852
vn 0.00000000 -0.70710397 -0.70710963
vn -0.70711440 -0.70709914 0.00000000
vn 0.00000000 0.00000000 -1.00000000
vn 0.00000000 0.00000000 -1.00000000
vn 0.00000000 0.00000000 -1.00000000
vn 0.00000000 1.00000000 0.00000000
vn 0.00000000 1.00000000 0.00000000
vn 0.00000000 1.00000000 0.00000000
vn 0.00000000 -1.00000000 0.00000000
vn 0.00000000 -1.00000000 0.00000000
vn 0.00000000 -1.00000000 0.00000000
vn 0.00000000 0.00000000 -1.00000000
vn 0.00000000 0.00000000 -1.00000000
vn 0.00000000 0.00000000 -1.00000000
vn 0.00000000 0.00000000 -1.00000000
vn 0.00000000 0.00000000 -1.00000000
vn 0.00000000 0.00000000 -1.00000000
vn 0.00000000 1.00000000 0.00000000
vn 0.00000000 1.00000000 0.00000000
vn 0.00000000 1.00000000 0.00000000
vn 0.00000000 -1.00000000 0.00000000
vn 0.00000000 -1.00000000 0.00000000
vn 0.00000000 -1.00000000 0.00000000
vn 1.00000000 0.00000000 0.00000000
vn 0.70709455 -0.70711905 0.00000000
vn 0.70711541 -0.70709813 0.00000000
vn 0.00000000 0.00000000 -1.00000000
vn 0.00000000 0.00000000 -1.00000000
vn 0.00000000 0.00000000 -1.00000000
vn 0.35623667 0.93439573 0.00000000
vn 0.35623208 0.93439752 0.00000000
vn 0.53113115 0.59416097 0.60404670
vn 0.35623208 0.93439752 0.00000000
vn 0.35623667 0.93439573 0.00000000
vn 0.35623443 0.93439662 0.00000000
vn -0.53113484 -0.59416443 0.60404015
vn -0.34602427 0.00000000 0.93822557
vn 0.00000000 0.00000000 1.00000000
vn 0.00000000 1.00000000 0.00000000
vn -0.70710903 0.70710456 0.00000000
vn -0.70711678 0.70709676 0.00000000
vn 0.00000000 1.00000000 0.00000000
vn -0.70711678 0.70709676 0.00000000
vn -0.57736319 0.57733136 0.57735634
vn 0.36916324 0.65824026 0.65607792
vn 0.35623208 0.93439752 0.00000000
vn 0.00000000 1.00000000 0.00000000
vn 0.35623208 0.93439752 0.00000000
vn 0.35623443 0.93439662 0.00000000
vn 0.00000000 1.00000000 0.00000000
vn 0.00000000 0.00000000 -1.00000000
vn 0.00000000 0.00000000 -1.00000000
vn 0.00000000 0.00000000 -1.00000000
vn 0.00000000 -0.70711166 -0.70710194
vn 0.00000000 -0.70710599 -0.70710754
vn 0.08806239 -0.99174637 0.09318887
vn 0.00000000 -1.00000000 0.00000000
vn 0.35623294 -0.93439716 0.00000000
vn -0.70709109 -0.70712245 0.00000000
vn 0.00000000 -1.00000000 0.00000000
vn -0.70709109 -0.70712245 0.00000000
vn -0.70710748 -0.70710611 0.00000000
vn 0.00000000 0.00000000 -1.00000000
vn 0.00000000 0.00000000 -1.00000000
vn 0.00000000 0.00000000 -1.00000000
vn 0.00000000 1.00000000 0.00000000
vn 0.00000000 1.00000000 0.00000000
vn 0.00000000 1.00000000 0.00000000
vn 0.00000000 -1.00000000 0.00000000
vn 0.00000000 -1.00000000 0.00000000
vn 0.00000000 -1.00000000 0.00000000
vn -0.34602427 0.00000000 0.93822557
vn -0.34603149 0.00000000 0.93822289
vn 0.00000000 0.00000000 1.00000000
vn -0.70709109 -0.70712245 0.00000000
vn -0.57736075 -0.57733220 0.57735783
vn -1.00000000 0.00000000 0.00000000
vn 0.00000000 0.00000000 -1.00000000
vn 0.00000000 0.00000000 -1.00000000
vn 0.00000000 0.00000000 -1.00000000
vn -0.70710874 0.00000000 0.70710480
vn 0.00000000 0.00000000 1.00000000
vn 0.34602535 0.00000000 0.93822515
vn 0.00000000 0.00000000 -1.00000000
vn 0.00000000 0.00000000 -1.00000000
vn 0.00000000 0.00000000 -1.00000000
vn 0.00000000 -0.70711166 -0.70710194
vn 0.00000000 0.00000000 -1.00000000
vn 0.00000000 -0.70710599 -0.70710754
vn 0.00000000 0.00000000 -1.00000000
vn 0.00000000 -0.70711166 -0.70710194
vn -0.57736868 -0.57732189 -0.57736027
vn 0.00000000 0.00000000 -1.00000000
vn 0.00000000 0.00000000 -1.00000000
vn 0.00000000 0.00000000 -1.00000000
vn 0.00000000 1.00000000 0.00000000
vn 0.00000000 1.00000000 0.00000000
vn 0.00000000 1.00000000 0.00000000
vn 0.00000000 -1.00000000 0.00000000
vn 0.00000000 -1.00000000 0.00000000
vn 0.00000000 -1.00000000 0.00000000
vn 0.00000000 0.00000000 -1.00000000
vn -0.70710135 0.00000000 -0.70711225
vn 0.00000000 0.00000000 -1.00000000
vn 0.34602657 0.00000000 0.93822473
vn -0.70711386 0.00000000 0.70709968
vn -0.70711678 0.00000000 0.70709676
vn 0.00000000 0.00000000 -1.00000000
vn 0.00000000 0.00000000 -1.00000000
vn 0.00000000 0.00000000 -1.00000000
vn 0.00000000 1.00000000 0.00000000
vn 0.00000000 1.00000000 0.00000000
vn 0.00000000 1.00000000 0.00000000
vn 0.00000000 -1.00000000 0.00000000
vn 0.00000000 -1.00000000 0.00000000
vn 0.00000000 -1.00000000 0.00000000
vn 0.34602633 0.00000000 0.93822479
vn 0.34602132 0.00000000 0.93822664
vn -0.70710105 0.00000000 0.70711249
vn 0.57735568 0.57734656 0.57734859
vn 0.70711225 0.70710135 0.00000000
vn -0.35625270 0.93438965 0.00000000
vn -0.57735324 -0.57734978 0.57734776
vn -0.70711225 -0.70710129 0.00000000
vn 0.35623106 -0.93439788 0.00000000
vn 0.00000000 1.00000000 0.00000000
vn -0.35626268 0.93438584 0.00000000
vn -0.35625812 0.93438756 0.00000000
vn 0.00000000 -1.00000000 0.00000000
vn 0.35624105 -0.93439406 0.00000000
vn 0.35623655 -0.93439579 0.00000000
vn 0.70709455 -0.70711905 0.00000000
vn -0.35622302 -0.93440098 0.00000000
vn 0.70711541 -0.70709813 0.00000000
vn 0.00000000 1.00000000 0.00000000
vn -0.35623345 0.93439698 0.00000000
vn -0.35623688 0.93439567 0.00000000
vn 0.00000000 -1.00000000 0.00000000
vn 0.35623342 -0.93439698 0.00000000
vn 0.35623693 -0.93439567 0.00000000
vn 0.35625106 0.93439025 0.00000000
vn 0.00000000 1.00000000 0.00000000
vn 0.00000000 1.00000000 0.00000000
vn -0.35622945 -0.93439853 0.00000000
vn 0.00000000 -1.00000000 0.00000000
vn 0.00000000 -1.00000000 0.00000000
vn 0.36915946 -0.65824997 0.65607035
vn 0.34602636 0.00000000 0.93822479
vn -0.57736075 -0.57733220 0.57735783
vn 0.70710081 0.00000000 0.70711273
vn -0.34602726 0.00000000 0.93822443
vn 0.70711553 0.00000000 0.70709807
vn -0.70710105 0.00000000 0.70711249
vn 0.34602657 0.00000000 0.93822473
vn -0.70711678 0.00000000 0.70709676
vn -0.57736075 -0.57733220 0.57735783
vn -0.70709109 -0.70712245 0.00000000
vn 0.36915946 -0.65824997 0.65607035
vn -0.70711017 0.70710337 0.00000000
vn 0.35625792 0.93438768 0.00000000
vn -0.70710665 0.70710689 0.00000000
vn 0.70711219 -0.70710140 0.00000000
vn -0.35623634 -0.93439591 0.00000000
vn 0.70710570 -0.70710784 0.00000000
vn 0.34602973 0.00000000 0.93822354
vn -0.70710790 0.00000000 0.70710564
vn -0.70710671 0.00000000 0.70710683
vn 0.00000000 1.00000000 0.00000000
vn 0.00000000 1.00000000 0.00000000
vn 0.00000000 1.00000000 0.00000000
vn 0.00000000 -1.00000000 0.00000000
vn 0.00000000 -1.00000000 0.00000000
vn 0.00000000 -1.00000000 0.00000000
vn 0.00000000 0.00000000 -1.00000000
vn 0.00000000 0.00000000 -1.00000000
vn 0.00000000 0.00000000 -1.00000000
vn 0.34602973 0.00000000 0.93822354
vn -0.70710671 0.00000000 0.70710683
vn 0.34602636 0.00000000 0.93822479
vn 0.00000000 1.00000000 0.00000000
vn 0.35623533 0.93439627 0.00000000
vn 0.00000000 1.00000000 0.00000000
vn 0.00000000 -1.00000000 0.00000000
vn -0.35623530 -0.93439627 0.00000000
vn 0.00000000 -1.00000000 0.00000000
vn -0.53113484 -0.59416443 0.60404015
vn 0.00000000 0.00000000 1.00000000
vn 0.00000000 -0.70710516 0.70710838
vn -0.35625270 0.93438965 0.00000000
vn -0.36917263 0.65823990 0.65607297
vn 0.57735568 0.57734656 0.57734859
vn 0.35623106 -0.93439788 0.00000000
vn 0.36916456 -0.65823990 0.65607756
vn -0.57735324 -0.57734978 0.57734776
vn -0.70710105 0.00000000 0.70711249
vn -0.70710790 0.00000000 0.70710564
vn 0.34602633 0.00000000 0.93822479
vn 0.00000000 0.00000000 1.00000000
vn -0.70711386 0.00000000 0.70709968
vn 0.34602657 0.00000000 0.93822473
vn 0.00000000 1.00000000 0.00000000
vn -0.35626268 0.93438584 0.00000000
vn 0.00000000 1.00000000 0.00000000
vn 0.00000000 -1.00000000 0.00000000
vn 0.35624105 -0.93439406 0.00000000
vn 0.00000000 -1.00000000 0.00000000
vn -0.57736319 0.57733136 0.57735634
vn -0.70710874 0.00000000 0.70710480
vn 0.34602535 0.00000000 0.93822515
vn 0.00000000 1.00000000 0.00000000
vn 0.00000000 1.00000000 0.00000000
vn 0.00000000 1.00000000 0.00000000
vn 0.00000000 -1.00000000 0.00000000
vn 0.00000000 -1.00000000 0.00000000
vn 0.00000000 -1.00000000 0.00000000
vn -0.35623205 -0.93439752 0.00000000
vn -0.35622302 -0.93440098 0.00000000
vn 0.70709455 -0.70711905 0.00000000
vn 0.00000000 1.00000000 0.00000000
vn -0.35623688 0.93439567 0.00000000
vn 0.00000000 1.00000000 0.00000000
vn 0.00000000 -1.00000000 0.00000000
vn 0.35623693 -0.93439567 0.00000000
vn 0.00000000 -1.00000000 0.00000000
vn -0.34602630 0.00000000 0.93822479
vn 0.70711386 0.00000000 0.70709968
vn 0.57733387 0.57735741 0.57735962
vn 0.70709765 0.00000000 0.70711589
vn -0.34602439 0.00000000 0.93822551
vn -0.36916041 -0.65822792 0.65609193
vn 0.35625106 0.93439025 0.00000000
vn 0.00000000 1.00000000 0.00000000
vn 0.35626626 0.93438447 0.00000000
vn -0.35622945 -0.93439853 0.00000000
vn 0.00000000 -1.00000000 0.00000000
vn -0.35624468 -0.93439269 0.00000000
vn -0.34602630 0.00000000 0.93822479
vn 0.57733387 0.57735741 0.57735962
vn -0.36916363 0.65824008 0.65607786
vn -0.57736075 -0.57733220 0.57735783
vn 0.34602636 0.00000000 0.93822479
vn -0.70710671 0.00000000 0.70710683
vn 0.34602851 0.00000000 0.93822402
vn -0.70712101 -0.00001044 0.70709258
vn -0.57735324 -0.57734978 0.57734776
vn -0.34602961 0.00000000 0.93822360
vn 0.70711064 0.00000000 0.70710295
vn 0.57735568 0.57734656 0.57734859
vn -0.34602654 0.00000000 0.93822473
vn -0.34602132 0.00000000 0.93822664
vn 0.70710081 0.00000000 0.70711273
vn -0.57736319 0.57733136 0.57735634
vn 0.34602535 0.00000000 0.93822515
vn 0.36916324 0.65824026 0.65607792
vn 0.57736325 -0.57735342 0.57733411
vn 0.70709765 0.00000000 0.70711589
vn -0.36916041 -0.65822792 0.65609193
vn 0.57733387 0.57735741 0.57735962
vn 0.70710504 0.70710850 0.00000000
vn -0.35623339 0.93439698 0.00000000
vn -0.34602132 0.00000000 0.93822664
vn -0.34602726 0.00000000 0.93822443
vn 0.70710081 0.00000000 0.70711273
vn -0.34602654 0.00000000 0.93822473
vn 0.70710081 0.00000000 0.70711273
vn 0.70711732 0.00000000 0.70709628
vn 0.34602132 0.00000000 0.93822664
vn 0.34602657 0.00000000 0.93822473
vn -0.70710105 0.00000000 0.70711249
vn 0.57733387 0.57735741 0.57735962
vn -0.35623339 0.93439698 0.00000000
vn -0.36916363 0.65824008 0.65607786
vn -0.70709109 -0.70712245 0.00000000
vn 0.35623294 -0.93439716 0.00000000
vn 0.36915946 -0.65824997 0.65607035
vn 0.36916456 -0.65823990 0.65607756
vn 0.34602851 0.00000000 0.93822402
vn -0.57735324 -0.57734978 0.57734776
vn -0.36917263 0.65823990 0.65607297
vn -0.34602961 0.00000000 0.93822360
vn 0.57735568 0.57734656 0.57734859
vn 0.53114706 0.59414434 0.60404915
vn 0.00000000 1.00000000 0.00000000
vn 0.35624829 0.93439132 0.00000000
vn -0.53113484 -0.59416443 0.60404015
vn 0.00000000 -1.00000000 0.00000000
vn -0.35622668 -0.93439955 0.00000000
vn 0.00000000 1.00000000 0.00000000
vn 0.35625792 0.93438768 0.00000000
vn -0.70711017 0.70710337 0.00000000
vn 0.00000000 -1.00000000 0.00000000
vn -0.35623634 -0.93439591 0.00000000
vn 0.70711219 -0.70710140 0.00000000
vn 0.35625425 0.93438905 0.00000000
vn 0.53114706 0.59414434 0.60404915
vn 0.35624829 0.93439132 0.00000000
vn -0.35623264 -0.93439728 0.00000000
vn -0.53113484 -0.59416443 0.60404015
vn -0.35622668 -0.93439955 0.00000000
vt 0.15625000 0.81250000
vt 0.15625000 0.84375000
vt 0.18750000 0.84375000
vt 0.06250000 0.90625000
vt 0.09375000 0.93750000
vt 0.09375000 0.90625000
vt 0.25759250 0.31250009
vt 0.25000000 0.25000009
vt 0.25000000 0.31250009
vt 0.15625000 0.56250000
vt 0.15625000 0.59375000
vt 0.18750000 0.59375000
vt 0.06250000 0.65625000
vt 0.09375000 0.68750000
vt 0.09375000 0.65625000
vt 0.25759250 0.56250000
vt 0.25000000 0.50000000
vt 0.25000000 0.56250000
vt 0.46182501 0.50000000
vt 0.46182501 0.62109739
vt 0.46572760 0.62500000
vt 0.28817531 0.74219489
vt 0.28817531 0.62109739
vt 0.28427270 0.62109739
vt 0.46182469 0.25000000
vt 0.46182469 0.37109739
vt 0.46572730 0.37500000
vt 0.28817499 0.49219489
vt 0.28817499 0.37109751
vt 0.28427240 0.37109751
vt 0.79557937 0.74339378
vt 0.79557937 0.62500000
vt 0.79187721 0.62169689
vt 0.95442021 0.50660622
vt 0.95442021 0.62500000
vt 0.95812237 0.62830311
vt 0.45442060 0.50632137
vt 0.45442060 0.61961102
vt 0.45812279 0.62425822
vt 0.29557979 0.73290062
vt 0.29557979 0.61961102
vt 0.29187760 0.61645031
vt 0.45442021 0.25632140
vt 0.45442021 0.36961100
vt 0.45812240 0.37425810
vt 0.29557940 0.48290059
vt 0.29557940 0.36961100
vt 0.29187721 0.36645031
vt 0.18750000 0.40625000
vt 0.15625000 0.40625000
vt 0.15625000 0.43750000
vt 0.09375000 0.31250000
vt 0.06250000 0.34375000
vt 0.09375000 0.34375000
vt 0.43750000 0.90625000
vt 0.40625000 0.90625000
vt 0.40625000 0.93750000
vt 0.34375000 0.81250000
vt 0.31250000 0.84375000
vt 0.34375000 0.84375000
vt 0.54557979 0.98290062
vt 0.58714110 0.98522413
vt 0.58529001 0.98290062
vt 0.54557937 0.48290059
vt 0.58714068 0.48522410
vt 0.58528960 0.48290059
vt 0.21875000 0.90625000
vt 0.18750000 0.90625000
vt 0.21875000 0.93750000
vt 0.21875000 0.78125000
vt 0.18750000 0.78125000
vt 0.21875000 0.81250000
vt 0.09375000 0.78125000
vt 0.06250000 0.78125000
vt 0.09375000 0.81250000
vt 0.15625000 0.93750000
vt 0.15625000 0.96875000
vt 0.18750000 0.96875000
vt 0.03125000 0.81250000
vt 0.03125000 0.84375000
vt 0.06250000 0.84375000
vt 0.03125000 0.93750000
vt 0.03125000 0.96875000
vt 0.06250000 0.96875000
vt 0.28036991 0.37500000
vt 0.28036991 0.25000009
vt 0.26518491 0.37500000
vt 0.21875000 0.65625000
vt 0.18750000 0.65625000
vt 0.21875000 0.68750000
vt 0.21875000 0.53125000
vt 0.18750000 0.53125000
vt 0.21875000 0.56250000
vt 0.09375000 0.53125000
vt 0.06250000 0.53125000
vt 0.09375000 0.56250000
vt 0.15625000 0.68750000
vt 0.15625000 0.71875000
vt 0.18750000 0.71875000
vt 0.03125000 0.56250000
vt 0.03125000 0.59375000
vt 0.06250000 0.59375000
vt 0.03125000 0.68750000
vt 0.03125000 0.71875000
vt 0.06250000 0.71875000
vt 0.28037009 0.62500000
vt 0.28037009 0.50000000
vt 0.26518509 0.62500000
vt 0.41841230 0.49609739
vt 0.37499991 0.50000000
vt 0.42231491 0.50000000
vt 0.41841260 0.74609739
vt 0.37500009 0.75000000
vt 0.42231509 0.75000000
vt 0.33528960 0.48290059
vt 0.29557940 0.48290059
vt 0.33343849 0.48522410
vt 0.41470999 0.48754770
vt 0.45442021 0.48290059
vt 0.41285890 0.48522410
vt 0.33529001 0.73290050
vt 0.29557979 0.73290062
vt 0.33343890 0.73522413
vt 0.41471040 0.73754770
vt 0.45442060 0.73290050
vt 0.41285929 0.73522413
vt 0.79002613 0.56084847
vt 0.79187721 0.62169689
vt 0.79372841 0.56415153
vt 0.95997357 0.68915153
vt 0.95812237 0.62830311
vt 0.95627129 0.68584847
vt 0.45997390 0.68322653
vt 0.45812279 0.62425822
vt 0.45627171 0.67857927
vt 0.29002649 0.55822521
vt 0.29187760 0.61645031
vt 0.29372871 0.56138593
vt 0.45997351 0.43322650
vt 0.45812240 0.37425810
vt 0.45627129 0.42857930
vt 0.29002610 0.30822521
vt 0.29187721 0.36645031
vt 0.29372829 0.31138590
vt 0.09375000 0.46875000
vt 0.09375000 0.43750000
vt 0.06250000 0.46875000
vt 0.21875000 0.46875000
vt 0.21875000 0.43750000
vt 0.18750000 0.46875000
vt 0.21875000 0.34375000
vt 0.21875000 0.31250000
vt 0.18750000 0.34375000
vt 0.06250000 0.40625000
vt 0.03125000 0.40625000
vt 0.03125000 0.43750000
vt 0.18750000 0.28125000
vt 0.15625000 0.28125000
vt 0.15625000 0.31250000
vt 0.06250000 0.28125000
vt 0.03125000 0.28125000
vt 0.03125000 0.31250000
vt 0.34375000 0.96875000
vt 0.34375000 0.93750000
vt 0.31250000 0.96875000
vt 0.46875000 0.96875000
vt 0.46875000 0.93750000
vt 0.43750000 0.96875000
vt 0.46875000 0.84375000
vt 0.46875000 0.81250000
vt 0.43750000 0.84375000
vt 0.31250000 0.90625000
vt 0.28125000 0.90625000
vt 0.28125000 0.93750000
vt 0.43750000 0.78125000
vt 0.40625000 0.78125000
vt 0.40625000 0.81250000
vt 0.31250000 0.78125000
vt 0.28125000 0.78125000
vt 0.28125000 0.81250000
vt 0.08529000 0.12500000
vt 0.08529000 0.09540150
vt 0.06543490 0.09540150
vt 0.62500012 1.00000000
vt 0.58158767 0.99609739
vt 0.57768512 1.00000000
vt 0.67036390 0.99414611
vt 0.62890267 0.99609739
vt 0.67426652 0.99804872
vt 0.62499988 0.50000000
vt 0.58158737 0.49609739
vt 0.57768488 0.50000000
vt 0.67036349 0.49414611
vt 0.62890238 0.49609739
vt 0.67426622 0.49804869
vt 0.71182472 0.49219480
vt 0.71962988 0.37500000
vt 0.71572733 0.37109739
vt 0.71182501 0.99219477
vt 0.71963012 0.87500000
vt 0.71572763 0.87109739
vt 0.66656148 0.98522413
vt 0.70442063 0.98290062
vt 0.66471040 0.98290062
vt 0.66656113 0.48522410
vt 0.70442021 0.48290059
vt 0.66470999 0.48290059
vt 0.20442060 0.24339370
vt 0.21182500 0.12500000
vt 0.20812280 0.12169690
vt 0.04557980 0.00660620
vt 0.03817530 0.12500000
vt 0.04187760 0.12830310
vt 0.54557937 0.25632149
vt 0.53817499 0.37109751
vt 0.54187721 0.37425819
vt 0.54372841 0.42857939
vt 0.54187721 0.37425819
vt 0.54002613 0.43322650
vt 0.70442021 0.48290059
vt 0.71182472 0.37109739
vt 0.70812237 0.36645031
vt 0.70627129 0.31138590
vt 0.70812237 0.36645031
vt 0.70997357 0.30822521
vt 0.54557979 0.75632137
vt 0.53817528 0.87109739
vt 0.54187763 0.87425822
vt 0.54372871 0.92857927
vt 0.54187763 0.87425822
vt 0.54002643 0.93322653
vt 0.70442063 0.98290062
vt 0.71182501 0.87109739
vt 0.70812279 0.86645031
vt 0.70627159 0.81138593
vt 0.70812279 0.86645031
vt 0.70997387 0.80822521
vt 0.21875000 0.84375000
vt 0.18750000 0.84375000
vt 0.21875000 0.87500000
vt 0.15625000 0.78125000
vt 0.12500000 0.78125000
vt 0.15625000 0.81250000
vt 0.15625000 0.84375000
vt 0.12500000 0.84375000
vt 0.15625000 0.87500000
vt 0.09375000 0.87500000
vt 0.09375000 0.90625000
vt 0.12500000 0.90625000
vt 0.03125000 0.87500000
vt 0.03125000 0.90625000
vt 0.06250000 0.90625000
vt 0.09375000 0.93750000
vt 0.09375000 0.96875000
vt 0.12500000 0.96875000
vt 0.21875000 0.59375000
vt 0.18750000 0.59375000
vt 0.21875000 0.62500000
vt 0.15625000 0.53125000
vt 0.12500000 0.53125000
vt 0.15625000 0.56250000
vt 0.15625000 0.59375000
vt 0.12500000 0.59375000
vt 0.15625000 0.62500000
vt 0.09375000 0.62500000
vt 0.09375000 0.65625000
vt 0.12500000 0.65625000
vt 0.03125000 0.62500000
vt 0.03125000 0.65625000
vt 0.06250000 0.65625000
vt 0.09375000 0.68750000
vt 0.09375000 0.71875000
vt 0.12500000 0.71875000
vt 0.87499982 0.68419689
vt 0.89485490 0.65459847
vt 0.87499982 0.65459847
vt 0.87499982 0.59540153
vt 0.87499982 0.56580311
vt 0.85514468 0.59540153
vt 0.67231512 0.68750000
vt 0.69597262 0.65625000
vt 0.67231512 0.65625000
vt 0.62500012 0.68750000
vt 0.64865762 0.65625000
vt 0.62500012 0.65625000
vt 0.62500012 0.59375000
vt 0.62500012 0.56250000
vt 0.60134262 0.59375000
vt 0.57768512 0.59375000
vt 0.57768512 0.56250000
vt 0.55402762 0.59375000
vt 0.43456551 0.59128863
vt 0.41471040 0.56296623
vt 0.41471040 0.59128863
vt 0.39485529 0.59128863
vt 0.37500021 0.56296623
vt 0.37500021 0.59128863
vt 0.33529001 0.67625582
vt 0.33529001 0.64793342
vt 0.31543490 0.64793342
vt 0.43456510 0.34128860
vt 0.41470999 0.31296620
vt 0.41470999 0.34128860
vt 0.39485490 0.34128860
vt 0.37499979 0.31296620
vt 0.37499979 0.34128860
vt 0.33528960 0.42625579
vt 0.33528960 0.39793339
vt 0.31543449 0.39793339
vt 0.32768491 0.50000000
vt 0.37109730 0.49609739
vt 0.32573360 0.49804869
vt 0.32768509 0.75000000
vt 0.37109759 0.74609739
vt 0.32573381 0.74804872
vt 0.46572760 0.62500000
vt 0.46963009 0.68750000
vt 0.46767879 0.62500000
vt 0.46572730 0.37500000
vt 0.46962991 0.43750000
vt 0.46767861 0.37500000
vt 0.78817499 0.56250000
vt 0.79187721 0.62169689
vt 0.79002613 0.56084847
vt 0.96182472 0.68750000
vt 0.95812237 0.62830311
vt 0.95997357 0.68915153
vt 0.46182501 0.68164611
vt 0.45812279 0.62425822
vt 0.45997390 0.68322653
vt 0.28817531 0.56054872
vt 0.29187760 0.61645031
vt 0.29002649 0.55822521
vt 0.46182469 0.43164611
vt 0.45812240 0.37425810
vt 0.45997351 0.43322650
vt 0.28817499 0.31054881
vt 0.29187721 0.36645031
vt 0.29002610 0.30822521
vt 0.15625000 0.46875000
vt 0.15625000 0.43750000
vt 0.12500000 0.46875000
vt 0.21875000 0.40625000
vt 0.21875000 0.37500000
vt 0.18750000 0.40625000
vt 0.15625000 0.40625000
vt 0.15625000 0.37500000
vt 0.12500000 0.40625000
vt 0.12500000 0.34375000
vt 0.09375000 0.34375000
vt 0.09375000 0.37500000
vt 0.12500000 0.28125000
vt 0.09375000 0.28125000
vt 0.09375000 0.31250000
vt 0.06250000 0.34375000
vt 0.03125000 0.34375000
vt 0.03125000 0.37500000
vt 0.40625000 0.96875000
vt 0.40625000 0.93750000
vt 0.37500000 0.96875000
vt 0.46875000 0.90625000
vt 0.46875000 0.87500000
vt 0.43750000 0.90625000
vt 0.40625000 0.90625000
vt 0.40625000 0.87500000
vt 0.37500000 0.90625000
vt 0.37500000 0.84375000
vt 0.34375000 0.84375000
vt 0.34375000 0.87500000
vt 0.37500000 0.78125000
vt 0.34375000 0.78125000
vt 0.34375000 0.81250000
vt 0.31250000 0.84375000
vt 0.28125000 0.84375000
vt 0.28125000 0.87500000
vt 0.00000000 0.06250000
vt 0.00000000 0.09375000
vt 0.00379630 0.06250000
vt 0.23481511 0.12500000
vt 0.23861130 0.15625000
vt 0.24240750 0.12500000
vt 0.18456550 0.09540150
vt 0.17463790 0.09540150
vt 0.18456550 0.12500000
vt 0.10514510 0.12500000
vt 0.10514510 0.15459840
vt 0.12500019 0.15459840
vt 0.94597238 0.84375000
vt 0.92231488 0.81250000
vt 0.92231488 0.84375000
vt 0.89865738 0.84375000
vt 0.87499988 0.81250000
vt 0.87499988 0.84375000
vt 0.87499988 0.93750000
vt 0.87499988 0.90625000
vt 0.85134238 0.90625000
vt 0.82768488 0.93750000
vt 0.82768488 0.90625000
vt 0.80402738 0.90625000
vt 0.66470999 0.42625579
vt 0.68456513 0.39793339
vt 0.66470999 0.39793339
vt 0.62499982 0.34128860
vt 0.62499982 0.31296620
vt 0.60514468 0.34128860
vt 0.58528960 0.34128860
vt 0.58528960 0.31296620
vt 0.56543452 0.34128860
vt 0.66471040 0.92625582
vt 0.68456548 0.89793342
vt 0.66471040 0.89793342
vt 0.62500018 0.84128863
vt 0.62500018 0.81296623
vt 0.60514510 0.84128863
vt 0.58529001 0.84128863
vt 0.58529001 0.81296623
vt 0.56543487 0.84128863
vt 0.62500018 0.99219489
vt 0.58353901 0.99414623
vt 0.62890267 0.99609739
vt 0.62499982 0.49219489
vt 0.58353871 0.49414620
vt 0.62890238 0.49609739
vt 0.03817530 0.12500000
vt 0.03719970 0.09375000
vt 0.03427270 0.12500000
vt 0.58714110 0.98522413
vt 0.62500018 0.98290062
vt 0.58529001 0.98290062
vt 0.62500018 0.98290062
vt 0.58714110 0.98522413
vt 0.62870240 0.98754770
vt 0.58714068 0.48522410
vt 0.62499982 0.48290059
vt 0.58528960 0.48290059
vt 0.62499982 0.48290059
vt 0.58714068 0.48522410
vt 0.62870198 0.48754770
vt 0.20997390 0.06084840
vt 0.20904830 0.09127260
vt 0.21089950 0.06167420
vt 0.04002650 0.18915160
vt 0.04095200 0.15872730
vt 0.03910090 0.18832579
vt 0.04465420 0.09622730
vt 0.04372870 0.06745470
vt 0.04280310 0.09787890
vt 0.54002613 0.43322650
vt 0.54187721 0.37425819
vt 0.53817499 0.43164620
vt 0.70997357 0.30822521
vt 0.70812237 0.36645031
vt 0.71182472 0.31054869
vt 0.70442021 0.39793339
vt 0.70442021 0.42625579
vt 0.70627129 0.39635301
vt 0.54002643 0.93322653
vt 0.54187763 0.87425822
vt 0.53817528 0.93164623
vt 0.70997387 0.80822521
vt 0.70812279 0.86645031
vt 0.71182501 0.81054872
vt 0.70442063 0.89793342
vt 0.70442063 0.92625582
vt 0.70627159 0.89635313
vt 0.25000000 0.96875000
vt 0.21875000 0.93750000
vt 0.21875000 0.96875000
vt 0.25000000 0.90625000
vt 0.21875000 0.87500000
vt 0.21875000 0.90625000
vt 0.18750000 0.90625000
vt 0.15625000 0.87500000
vt 0.15625000 0.90625000
vt 0.25000000 0.84375000
vt 0.21875000 0.81250000
vt 0.21875000 0.84375000
vt 0.25000000 0.78125000
vt 0.21875000 0.75000000
vt 0.21875000 0.78125000
vt 0.18750000 0.78125000
vt 0.15625000 0.75000000
vt 0.15625000 0.78125000
vt 0.12500000 0.84375000
vt 0.09375000 0.81250000
vt 0.09375000 0.84375000
vt 0.12500000 0.78125000
vt 0.09375000 0.75000000
vt 0.09375000 0.78125000
vt 0.21875000 0.96875000
vt 0.18750000 0.96875000
vt 0.21875000 1.00000000
vt 0.15625000 0.90625000
vt 0.12500000 0.90625000
vt 0.15625000 0.93750000
vt 0.15625000 0.96875000
vt 0.12500000 0.96875000
vt 0.15625000 1.00000000
vt 0.09375000 0.84375000
vt 0.06250000 0.84375000
vt 0.09375000 0.87500000
vt 0.03125000 0.78125000
vt 0.00000000 0.78125000
vt 0.03125000 0.81250000
vt 0.03125000 0.84375000
vt 0.00000000 0.84375000
vt 0.03125000 0.87500000
vt 0.09375000 0.96875000
vt 0.06250000 0.96875000
vt 0.09375000 1.00000000
vt 0.03125000 0.90625000
vt 0.00000000 0.90625000
vt 0.03125000 0.93750000
vt 0.03125000 0.96875000
vt 0.00000000 0.96875000
vt 0.03125000 1.00000000
vt 0.25759250 0.31250009
vt 0.28036991 0.25000009
vt 0.27277741 0.25000009
vt 0.25759250 0.43750000
vt 0.26898119 0.46875000
vt 0.26518491 0.43750000
vt 0.25000000 0.71875000
vt 0.21875000 0.68750000
vt 0.21875000 0.71875000
vt 0.25000000 0.65625000
vt 0.21875000 0.62500000
vt 0.21875000 0.65625000
vt 0.18750000 0.65625000
vt 0.15625000 0.62500000
vt 0.15625000 0.65625000
vt 0.25000000 0.59375000
vt 0.21875000 0.56250000
vt 0.21875000 0.59375000
vt 0.18750000 0.53125000
vt 0.15625000 0.50000000
vt 0.15625000 0.53125000
vt 0.12500000 0.59375000
vt 0.09375000 0.56250000
vt 0.09375000 0.59375000
vt 0.12500000 0.53125000
vt 0.09375000 0.50000000
vt 0.09375000 0.53125000
vt 0.06250000 0.53125000
vt 0.03125000 0.50000000
vt 0.03125000 0.53125000
vt 0.21875000 0.71875000
vt 0.18750000 0.71875000
vt 0.21875000 0.75000000
vt 0.15625000 0.65625000
vt 0.12500000 0.65625000
vt 0.15625000 0.68750000
vt 0.15625000 0.71875000
vt 0.12500000 0.71875000
vt 0.15625000 0.75000000
vt 0.09375000 0.59375000
vt 0.06250000 0.59375000
vt 0.09375000 0.62500000
vt 0.03125000 0.53125000
vt 0.00000000 0.53125000
vt 0.03125000 0.56250000
vt 0.03125000 0.59375000
vt 0.00000000 0.59375000
vt 0.03125000 0.62500000
vt 0.09375000 0.71875000
vt 0.06250000 0.71875000
vt 0.09375000 0.75000000
vt 0.03125000 0.65625000
vt 0.00000000 0.65625000
vt 0.03125000 0.68750000
vt 0.03125000 0.71875000
vt 0.00000000 0.71875000
vt 0.03125000 0.75000000
vt 0.25759250 0.56250000
vt 0.28037009 0.50000000
vt 0.27277759 0.50000000
vt 0.26898131 0.71875000
vt 0.28037009 0.75000000
vt 0.27657381 0.71875000
vt 0.26138881 0.65625000
vt 0.26518509 0.62500000
vt 0.25759250 0.65625000
vt 0.72722262 0.68750000
vt 0.72342628 0.71875000
vt 0.73861122 0.71875000
vt 0.73481500 0.62500000
vt 0.73861122 0.65625000
vt 0.74240738 0.65625000
vt 0.71963012 0.59375000
vt 0.71963012 0.62500000
vt 0.72342628 0.59375000
vt 0.73101878 0.53125000
vt 0.71963012 0.50000000
vt 0.72342628 0.53125000
vt 0.98101872 0.59375000
vt 0.97722238 0.56250000
vt 0.97342622 0.59375000
vt 0.83528960 0.68419689
vt 0.81543452 0.71379530
vt 0.83528960 0.71379530
vt 0.87499982 0.68419689
vt 0.85514468 0.71379530
vt 0.87499982 0.71379530
vt 0.91470999 0.68419689
vt 0.89485490 0.71379530
vt 0.91470999 0.71379530
vt 0.95442021 0.68419689
vt 0.93456513 0.71379530
vt 0.95442021 0.71379530
vt 0.91470999 0.56580311
vt 0.89485490 0.59540153
vt 0.91470999 0.59540153
vt 0.95442021 0.56580311
vt 0.93456513 0.59540153
vt 0.95442021 0.59540153
vt 0.95442021 0.50660622
vt 0.93456513 0.53620470
vt 0.95442021 0.53620470
vt 0.79557937 0.74339378
vt 0.81543452 0.71379530
vt 0.79557937 0.71379530
vt 0.83528960 0.68419689
vt 0.85514468 0.65459847
vt 0.83528960 0.65459847
vt 0.79557937 0.68419689
vt 0.81543452 0.65459847
vt 0.79557937 0.65459847
vt 0.91470999 0.56580311
vt 0.93456513 0.53620470
vt 0.91470999 0.53620470
vt 0.87499982 0.56580311
vt 0.89485490 0.53620470
vt 0.87499982 0.53620470
vt 0.83528960 0.56580311
vt 0.85514468 0.53620470
vt 0.83528960 0.53620470
vt 0.79557937 0.56580311
vt 0.81543452 0.53620470
vt 0.79557937 0.53620470
vt 0.53037012 0.75000000
vt 0.52657378 0.71875000
vt 0.51898128 0.71875000
vt 0.51138878 0.53125000
vt 0.50000000 0.50000012
vt 0.50379628 0.53125000
vt 0.55402762 0.75000000
vt 0.57768512 0.75000000
vt 0.57768512 0.71875000
vt 0.62500012 0.68750000
vt 0.60134262 0.71875000
vt 0.62500012 0.71875000
vt 0.71963012 0.68750000
vt 0.69597262 0.71875000
vt 0.71963012 0.71875000
vt 0.71963012 0.62500000
vt 0.69597262 0.65625000
vt 0.71963012 0.65625000
vt 0.69597262 0.56250000
vt 0.71963012 0.56250000
vt 0.71963012 0.53125000
vt 0.57768512 0.68750000
vt 0.58951390 0.67187500
vt 0.57768512 0.65625000
vt 0.67231512 0.50000000
vt 0.67231512 0.53125000
vt 0.69597262 0.50000000
vt 0.62500012 0.56250000
vt 0.64865762 0.53125000
vt 0.62500012 0.53125000
vt 0.53037012 0.62500000
vt 0.55402762 0.59375000
vt 0.53037012 0.59375000
vt 0.53037012 0.56250000
vt 0.55402762 0.53125000
vt 0.54219890 0.53125000
vt 0.47722259 0.68750000
vt 0.46963009 0.75000000
vt 0.49240750 0.68750000
vt 0.45442060 0.73290050
vt 0.45442060 0.70457810
vt 0.43456551 0.70457810
vt 0.41471040 0.67625570
vt 0.41471040 0.64793342
vt 0.39485529 0.64793342
vt 0.45442060 0.61961102
vt 0.45442060 0.59128863
vt 0.43456551 0.59128863
vt 0.41471040 0.56296623
vt 0.41471040 0.53464383
vt 0.39485529 0.53464383
vt 0.37500021 0.56296623
vt 0.37500021 0.53464383
vt 0.35514510 0.53464383
vt 0.33529001 0.56296623
vt 0.33529001 0.53464383
vt 0.31543490 0.53464383
vt 0.39485529 0.70457810
vt 0.37500021 0.67625570
vt 0.37500021 0.70457810
vt 0.31543490 0.53464383
vt 0.29557979 0.50632137
vt 0.29557979 0.53464383
vt 0.31543490 0.59128863
vt 0.29557979 0.56296623
vt 0.29557979 0.59128863
vt 0.35514510 0.70457822
vt 0.33529001 0.67625582
vt 0.33529001 0.70457822
vt 0.31543490 0.64793342
vt 0.29557979 0.61961102
vt 0.29557979 0.64793342
vt 0.47722241 0.43750000
vt 0.46962991 0.50000000
vt 0.49240750 0.43750000
vt 0.45442021 0.48290059
vt 0.45442021 0.45457819
vt 0.43456510 0.45457819
vt 0.41470999 0.42625579
vt 0.41470999 0.39793339
vt 0.39485490 0.39793339
vt 0.45442021 0.36961100
vt 0.45442021 0.34128860
vt 0.43456510 0.34128860
vt 0.41470999 0.31296620
vt 0.41470999 0.28464380
vt 0.39485490 0.28464380
vt 0.37499979 0.31296620
vt 0.37499979 0.28464380
vt 0.35514471 0.28464389
vt 0.33528960 0.31296629
vt 0.33528960 0.28464389
vt 0.31543449 0.28464389
vt 0.39485490 0.45457819
vt 0.37499979 0.42625579
vt 0.37499979 0.45457819
vt 0.31543449 0.28464389
vt 0.29557940 0.25632149
vt 0.29557940 0.28464389
vt 0.31543449 0.34128860
vt 0.29557940 0.31296629
vt 0.29557940 0.34128860
vt 0.35514471 0.45457819
vt 0.33528960 0.42625579
vt 0.33528960 0.45457819
vt 0.31543449 0.39793339
vt 0.29557940 0.36961100
vt 0.29557940 0.39793339
vt 0.37499979 0.49219489
vt 0.33158740 0.49219489
vt 0.37109730 0.49609739
vt 0.28036991 0.50000000
vt 0.30305171 0.49902439
vt 0.28817499 0.49219489
vt 0.32963610 0.49414620
vt 0.28817499 0.49219489
vt 0.32573360 0.49804869
vt 0.46182469 0.49219480
vt 0.42231491 0.50000000
vt 0.46962991 0.50000000
vt 0.42231491 0.50000000
vt 0.46182469 0.49219480
vt 0.41841230 0.49609739
vt 0.37499991 0.50000000
vt 0.41841230 0.49609739
vt 0.37109730 0.49609739
vt 0.37500021 0.74219489
vt 0.33158779 0.74219489
vt 0.37109759 0.74609739
vt 0.28037009 0.75000000
vt 0.32573381 0.74804872
vt 0.28817531 0.74219489
vt 0.32963651 0.74414623
vt 0.28817531 0.74219489
vt 0.32573381 0.74804872
vt 0.46182501 0.74219477
vt 0.42231509 0.75000000
vt 0.46963009 0.75000000
vt 0.42231509 0.75000000
vt 0.46182501 0.74219477
vt 0.41841260 0.74609739
vt 0.37500009 0.75000000
vt 0.41841260 0.74609739
vt 0.37109759 0.74609739
vt 0.78622371 0.56250000
vt 0.78817499 0.62500000
vt 0.78817499 0.56250000
vt 0.96377599 0.68750000
vt 0.96182472 0.62500000
vt 0.96182472 0.68750000
vt 0.46963009 0.75000000
vt 0.46865451 0.71875000
vt 0.46182501 0.74219477
vt 0.46963009 0.59375000
vt 0.46963009 0.56250000
vt 0.46767879 0.59375000
vt 0.28622401 0.56054872
vt 0.28329709 0.53027439
vt 0.28427270 0.56054872
vt 0.46962991 0.50000000
vt 0.46865419 0.46875000
vt 0.46182469 0.49219480
vt 0.37499979 0.48290059
vt 0.33528960 0.48290059
vt 0.37129760 0.48754770
vt 0.33343849 0.48522410
vt 0.37129760 0.48754770
vt 0.33528960 0.48290059
vt 0.28817499 0.49219489
vt 0.32973629 0.48987129
vt 0.29557940 0.48290059
vt 0.45442021 0.48290059
vt 0.41841221 0.49219480
vt 0.46182469 0.49219480
vt 0.37499979 0.49219489
vt 0.41470999 0.48754770
vt 0.37129760 0.48754770
vt 0.41285890 0.48522410
vt 0.37129760 0.48754770
vt 0.41470999 0.48754770
vt 0.37500021 0.73290050
vt 0.33529001 0.73290050
vt 0.37129799 0.73754770
vt 0.33343890 0.73522413
vt 0.37129799 0.73754770
vt 0.33529001 0.73290050
vt 0.28817531 0.74219489
vt 0.32973659 0.73987132
vt 0.29557979 0.73290062
vt 0.45442060 0.73290050
vt 0.41841260 0.74219489
vt 0.46182501 0.74219477
vt 0.37500021 0.74219489
vt 0.41471040 0.73754770
vt 0.37129799 0.73754770
vt 0.41285929 0.73522413
vt 0.37129799 0.73754770
vt 0.41471040 0.73754770
vt 0.79557937 0.62500000
vt 0.79557937 0.59540153
vt 0.79187721 0.62169689
vt 0.78817499 0.50000000
vt 0.78910053 0.53042418
vt 0.79557937 0.50660622
vt 0.79187721 0.71544689
vt 0.79557937 0.74339378
vt 0.79372841 0.71379530
vt 0.79280281 0.65212113
vt 0.79187721 0.62169689
vt 0.79187721 0.65294689
vt 0.95442021 0.62500000
vt 0.95442021 0.65459847
vt 0.95812237 0.62830311
vt 0.96182472 0.75000000
vt 0.96089911 0.71957582
vt 0.95442021 0.74339378
vt 0.95812237 0.53455311
vt 0.95442021 0.50660622
vt 0.95627129 0.53620470
vt 0.95719677 0.59787887
vt 0.95812237 0.62830311
vt 0.95812237 0.59705311
vt 0.45442060 0.61961102
vt 0.45442060 0.64793342
vt 0.45812279 0.62425822
vt 0.46182501 0.74219477
vt 0.46089950 0.71271062
vt 0.45442060 0.73290050
vt 0.45719719 0.59477401
vt 0.45812279 0.62425822
vt 0.45812279 0.59398383
vt 0.28817531 0.50000000
vt 0.28910089 0.52911258
vt 0.29557979 0.50632137
vt 0.29187760 0.70727342
vt 0.28817531 0.68164623
vt 0.28817531 0.71192050
vt 0.29095200 0.64788651
vt 0.28817531 0.62109739
vt 0.29002649 0.64904821
vt 0.45442021 0.36961100
vt 0.45442021 0.39793339
vt 0.45812240 0.37425810
vt 0.46182469 0.49219480
vt 0.46089911 0.46271059
vt 0.45442021 0.48290059
vt 0.45719689 0.34477389
vt 0.45812240 0.37425810
vt 0.45812240 0.34398380
vt 0.28817499 0.25000009
vt 0.28910050 0.27911261
vt 0.29557940 0.25632149
vt 0.29187721 0.45727339
vt 0.28817499 0.43164620
vt 0.28817499 0.46192050
vt 0.29095170 0.39788651
vt 0.28817499 0.37109751
vt 0.29002610 0.39904830
vt 0.03125000 0.50000000
vt 0.06250000 0.46875000
vt 0.03125000 0.46875000
vt 0.09375000 0.50000000
vt 0.12500000 0.46875000
vt 0.09375000 0.46875000
vt 0.09375000 0.43750000
vt 0.12500000 0.40625000
vt 0.09375000 0.40625000
vt 0.15625000 0.50000000
vt 0.18750000 0.46875000
vt 0.15625000 0.46875000
vt 0.21875000 0.43750000
vt 0.25000000 0.40625000
vt 0.21875000 0.40625000
vt 0.15625000 0.37500000
vt 0.18750000 0.34375000
vt 0.15625000 0.34375000
vt 0.21875000 0.37500000
vt 0.25000000 0.34375000
vt 0.21875000 0.34375000
vt 0.21875000 0.31250000
vt 0.25000000 0.28125000
vt 0.21875000 0.28125000
vt 0.03125000 0.46875000
vt 0.03125000 0.43750000
vt 0.00000000 0.46875000
vt 0.09375000 0.40625000
vt 0.09375000 0.37500000
vt 0.06250000 0.40625000
vt 0.03125000 0.40625000
vt 0.03125000 0.37500000
vt 0.00000000 0.40625000
vt 0.15625000 0.34375000
vt 0.15625000 0.31250000
vt 0.12500000 0.34375000
vt 0.21875000 0.28125000
vt 0.21875000 0.25000000
vt 0.18750000 0.28125000
vt 0.15625000 0.28125000
vt 0.15625000 0.25000000
vt 0.12500000 0.28125000
vt 0.03125000 0.34375000
vt 0.03125000 0.31250000
vt 0.00000000 0.34375000
vt 0.09375000 0.28125000
vt 0.09375000 0.25000000
vt 0.06250000 0.28125000
vt 0.03125000 0.28125000
vt 0.03125000 0.25000000
vt 0.00000000 0.28125000
vt 0.71963012 1.00000000
vt 0.74240738 0.93750000
vt 0.72722262 0.93750000
vt 0.73481500 0.87500000
vt 0.73101878 0.84375000
vt 0.72722262 0.87500000
vt 0.28125000 1.00000000
vt 0.31250000 0.96875000
vt 0.28125000 0.96875000
vt 0.34375000 1.00000000
vt 0.37500000 0.96875000
vt 0.34375000 0.96875000
vt 0.34375000 0.93750000
vt 0.37500000 0.90625000
vt 0.34375000 0.90625000
vt 0.40625000 1.00000000
vt 0.43750000 0.96875000
vt 0.40625000 0.96875000
vt 0.46875000 0.93750000
vt 0.50000000 0.90625000
vt 0.46875000 0.90625000
vt 0.40625000 0.87500000
vt 0.43750000 0.84375000
vt 0.40625000 0.84375000
vt 0.46875000 0.87500000
vt 0.50000000 0.84375000
vt 0.46875000 0.84375000
vt 0.46875000 0.81250000
vt 0.50000000 0.78125000
vt 0.46875000 0.78125000
vt 0.28125000 0.96875000
vt 0.28125000 0.93750000
vt 0.25000000 0.96875000
vt 0.34375000 0.90625000
vt 0.34375000 0.87500000
vt 0.31250000 0.90625000
vt 0.28125000 0.90625000
vt 0.28125000 0.87500000
vt 0.25000000 0.90625000
vt 0.40625000 0.84375000
vt 0.40625000 0.81250000
vt 0.37500000 0.84375000
vt 0.46875000 0.78125000
vt 0.46875000 0.75000000
vt 0.43750000 0.78125000
vt 0.40625000 0.78125000
vt 0.40625000 0.75000000
vt 0.37500000 0.78125000
vt 0.28125000 0.84375000
vt 0.28125000 0.81250000
vt 0.25000000 0.84375000
vt 0.34375000 0.78125000
vt 0.34375000 0.75000000
vt 0.31250000 0.78125000
vt 0.28125000 0.78125000
vt 0.28125000 0.75000000
vt 0.25000000 0.78125000
vt 0.71962988 0.50000000
vt 0.74240738 0.43750000
vt 0.72722238 0.43750000
vt 0.73481488 0.37500000
vt 0.73101872 0.34375000
vt 0.72722238 0.37500000
vt 0.76898122 0.78125000
vt 0.75759238 0.81250000
vt 0.76138872 0.84375000
vt 0.77657372 0.96875000
vt 0.77277738 0.93750000
vt 0.76138872 0.96875000
vt 0.76138872 0.90625000
vt 0.76518488 0.87500000
vt 0.75759238 0.90625000
vt 0.00379630 0.03125000
vt 0.00759250 0.06250000
vt 0.01898130 0.03125000
vt 0.02277760 0.06250000
vt 0.03037010 0.00000000
vt 0.00759250 0.06250000
vt 0.24620380 0.09375000
vt 0.25000000 0.12500000
vt 0.25000000 0.09375000
vt 0.24620380 0.21874990
vt 0.24240750 0.18750000
vt 0.23101880 0.21874990
vt 0.22722261 0.18750000
vt 0.21963011 0.24999990
vt 0.24240750 0.18750000
vt 0.20442060 0.24339370
vt 0.20442060 0.21379530
vt 0.18456550 0.21379530
vt 0.20442060 0.15459840
vt 0.18456550 0.12500000
vt 0.18456550 0.15459840
vt 0.20442060 0.06580310
vt 0.20442060 0.03620470
vt 0.18456550 0.03620470
vt 0.16471040 0.06580310
vt 0.16471040 0.03620470
vt 0.14485531 0.03620470
vt 0.12500019 0.12500000
vt 0.12500019 0.09540150
vt 0.10514510 0.09540150
vt 0.12500019 0.06580310
vt 0.12500019 0.03620470
vt 0.10514510 0.03620470
vt 0.08529000 0.06580310
vt 0.08529000 0.03620470
vt 0.06543490 0.03620470
vt 0.14485531 0.15459840
vt 0.12500019 0.12500000
vt 0.12500019 0.15459840
vt 0.14485531 0.21379530
vt 0.12500019 0.18419680
vt 0.12500019 0.21379530
vt 0.10514510 0.09540150
vt 0.08529000 0.09540150
vt 0.10514510 0.12500000
vt 0.06543490 0.03620470
vt 0.04557980 0.00660620
vt 0.04557980 0.03620470
vt 0.10514510 0.21379530
vt 0.08529000 0.18419680
vt 0.08529000 0.21379530
vt 0.06543490 0.15459840
vt 0.04557980 0.12500000
vt 0.04557980 0.15459840
vt 1.00000000 0.84375000
vt 1.00000000 0.81250000
vt 0.99240738 0.84375000
vt 0.99620372 0.78125000
vt 1.00000000 0.75000000
vt 0.98861122 0.78125000
vt 0.98101872 0.96875000
vt 0.99240738 0.93750000
vt 0.98861122 0.90625000
vt 0.96962988 1.00000000
vt 0.96962988 0.96875000
vt 0.94597238 0.96875000
vt 0.96962988 0.93750000
vt 0.96962988 0.90625000
vt 0.94597238 0.90625000
vt 0.92231488 0.93750000
vt 0.92231488 0.90625000
vt 0.89865738 0.90625000
vt 0.96962988 0.87500000
vt 0.96962988 0.84375000
vt 0.94597238 0.84375000
vt 0.96962988 0.81250000
vt 0.96962988 0.78125000
vt 0.94597238 0.78125000
vt 0.92231488 0.81250000
vt 0.92231488 0.78125000
vt 0.89865738 0.78125000
vt 0.87499988 0.81250000
vt 0.87499988 0.78125000
vt 0.85134238 0.78125000
vt 0.89865738 0.96875000
vt 0.87499988 0.93750000
vt 0.87499988 0.96875000
vt 0.85134238 0.84375000
vt 0.82768488 0.81250000
vt 0.82768488 0.84375000
vt 0.80402738 0.78125000
vt 0.78036988 0.75000000
vt 0.78036988 0.78125000
vt 0.80402738 0.84375000
vt 0.78036988 0.81250000
vt 0.78036988 0.84375000
vt 0.85134238 0.96875000
vt 0.82768488 0.93750000
vt 0.82768488 0.96875000
vt 0.80402738 0.90625000
vt 0.78036988 0.87500000
vt 0.78036988 0.90625000
vt 0.80402738 0.96875000
vt 0.78036988 0.93750000
vt 0.78036988 0.96875000
vt 0.53036988 0.50000000
vt 0.52657372 0.46875000
vt 0.51898122 0.46875000
vt 0.60514468 0.48290059
vt 0.62499982 0.48290059
vt 0.62499982 0.45457819
vt 0.60514468 0.42625579
vt 0.62499982 0.42625579
vt 0.62499982 0.39793339
vt 0.66470999 0.42625579
vt 0.64485490 0.45457819
vt 0.66470999 0.45457819
vt 0.70442021 0.36961100
vt 0.68456513 0.39793339
vt 0.70442021 0.39793339
vt 0.66470999 0.31296620
vt 0.64485490 0.34128860
vt 0.66470999 0.34128860
vt 0.70442021 0.31296620
vt 0.68456513 0.34128860
vt 0.70442021 0.34128860
vt 0.58528960 0.36961100
vt 0.58528960 0.39793339
vt 0.60514468 0.36961100
vt 0.66470999 0.31296620
vt 0.68456513 0.28464380
vt 0.66470999 0.28464380
vt 0.62499982 0.31296620
vt 0.64485490 0.28464380
vt 0.62499982 0.28464380
vt 0.58528960 0.31296620
vt 0.60514468 0.28464380
vt 0.58528960 0.28464389
vt 0.54557937 0.31296629
vt 0.56543452 0.28464389
vt 0.54557937 0.28464389
vt 0.53037012 1.00000000
vt 0.52657378 0.96875000
vt 0.51898128 0.96875000
vt 0.60514510 0.98290062
vt 0.62500018 0.98290062
vt 0.62500018 0.95457822
vt 0.60514510 0.92625582
vt 0.62500018 0.92625582
vt 0.62500018 0.89793342
vt 0.66471040 0.92625582
vt 0.64485532 0.95457822
vt 0.66471040 0.95457822
vt 0.70442063 0.86961102
vt 0.68456548 0.89793342
vt 0.70442063 0.89793342
vt 0.66471040 0.81296623
vt 0.64485532 0.84128863
vt 0.66471040 0.84128863
vt 0.70442063 0.81296623
vt 0.68456548 0.84128863
vt 0.70442063 0.84128863
vt 0.58529001 0.86961102
vt 0.58529001 0.89793342
vt 0.60514510 0.86961102
vt 0.66471040 0.81296623
vt 0.68456548 0.78464383
vt 0.66471040 0.78464383
vt 0.62500018 0.81296623
vt 0.64485532 0.78464383
vt 0.62500018 0.78464383
vt 0.58529001 0.81296623
vt 0.60514510 0.78464383
vt 0.58529001 0.78464383
vt 0.54557979 0.81296623
vt 0.56543487 0.78464383
vt 0.54557979 0.78464383
vt 0.58158767 0.99609739
vt 0.53817528 0.99219489
vt 0.57768512 1.00000000
vt 0.53037012 1.00000000
vt 0.57768512 1.00000000
vt 0.53817528 0.99219489
vt 0.62890267 0.99609739
vt 0.66841263 0.99219489
vt 0.62500018 0.99219489
vt 0.71182501 0.99219477
vt 0.67426652 0.99804872
vt 0.71963012 1.00000000
vt 0.67426652 0.99804872
vt 0.71182501 0.99219477
vt 0.67036390 0.99414611
vt 0.58158737 0.49609739
vt 0.53817499 0.49219489
vt 0.57768488 0.50000000
vt 0.53036988 0.50000000
vt 0.57768488 0.50000000
vt 0.53817499 0.49219489
vt 0.62890238 0.49609739
vt 0.66841221 0.49219480
vt 0.62499982 0.49219489
vt 0.71182472 0.49219480
vt 0.67426622 0.49804869
vt 0.71962988 0.50000000
vt 0.67426622 0.49804869
vt 0.71182472 0.49219480
vt 0.67036349 0.49414611
vt 0.21963011 0.24999990
vt 0.21865450 0.21874990
vt 0.21670321 0.21874990
vt 0.21572760 0.12500000
vt 0.21377631 0.06250000
vt 0.21182500 0.12500000
vt 0.21182500 0.06250000
vt 0.21182500 0.09375000
vt 0.21280070 0.06250000
vt 0.03037010 0.00000000
vt 0.03134580 0.03125000
vt 0.03329710 0.03125000
vt 0.03817530 0.18750000
vt 0.03817530 0.15625000
vt 0.03719970 0.18750000
vt 0.53524798 0.28125009
vt 0.53232121 0.31250009
vt 0.53329682 0.34375009
vt 0.53622371 0.40332311
vt 0.53427237 0.37500000
vt 0.53524798 0.40429869
vt 0.71962988 0.50000000
vt 0.71962988 0.46875000
vt 0.71182472 0.49219480
vt 0.71280032 0.28027439
vt 0.71377599 0.31054869
vt 0.71670288 0.28027439
vt 0.71865422 0.28027439
vt 0.71962988 0.25000000
vt 0.71670288 0.28027439
vt 0.53524840 0.78125000
vt 0.53232151 0.81250000
vt 0.53329712 0.84375000
vt 0.53622401 0.90332311
vt 0.53427267 0.87500000
vt 0.53524840 0.90429872
vt 0.71963012 1.00000000
vt 0.71963012 0.96875000
vt 0.71182501 0.99219477
vt 0.71280062 0.78027439
vt 0.71377629 0.81054872
vt 0.71670318 0.78027439
vt 0.71865451 0.78027439
vt 0.71963012 0.75000000
vt 0.71670318 0.78027439
vt 0.53817528 0.99219489
vt 0.58158779 0.99219489
vt 0.54557979 0.98290062
vt 0.62870240 0.98754770
vt 0.66471040 0.98290062
vt 0.62500018 0.98290062
vt 0.66471040 0.98290062
vt 0.62870240 0.98754770
vt 0.66656148 0.98522413
vt 0.70442063 0.98290062
vt 0.67026371 0.98987132
vt 0.71182501 0.99219477
vt 0.53817499 0.49219489
vt 0.58158737 0.49219489
vt 0.54557937 0.48290059
vt 0.62870198 0.48754770
vt 0.66470999 0.48290059
vt 0.62499982 0.48290059
vt 0.66470999 0.48290059
vt 0.62870198 0.48754770
vt 0.66656113 0.48522410
vt 0.70442021 0.48290059
vt 0.67026341 0.48987129
vt 0.71182472 0.49219480
vt 0.21182500 0.21874990
vt 0.21182500 0.18750000
vt 0.20812280 0.21544680
vt 0.20812280 0.12169690
vt 0.20442060 0.06580310
vt 0.20442060 0.09540150
vt 0.20442060 0.06580310
vt 0.20812280 0.12169690
vt 0.20627169 0.06415150
vt 0.03817530 0.03125000
vt 0.03817530 0.06250000
vt 0.04187760 0.03455310
vt 0.04557980 0.18419680
vt 0.04187760 0.12830310
vt 0.04372870 0.18584840
vt 0.54187721 0.31370950
vt 0.54557937 0.25632149
vt 0.53817499 0.31054881
vt 0.53817499 0.28027439
vt 0.53817499 0.31054881
vt 0.54187721 0.28343511
vt 0.54187721 0.37425819
vt 0.54557937 0.42625579
vt 0.54557937 0.39793339
vt 0.54002613 0.43322650
vt 0.54557937 0.48290059
vt 0.54465389 0.45574000
vt 0.71182472 0.46192050
vt 0.71182472 0.43164611
vt 0.70812237 0.45727330
vt 0.70812237 0.36645031
vt 0.70442021 0.31296620
vt 0.70442021 0.34128860
vt 0.54187763 0.81370938
vt 0.54557979 0.75632137
vt 0.53817528 0.81054872
vt 0.53817528 0.78027439
vt 0.53817528 0.81054872
vt 0.54187763 0.78343511
vt 0.54187763 0.87425822
vt 0.54557979 0.92625582
vt 0.54557979 0.89793342
vt 0.54002643 0.93322653
vt 0.54557979 0.98290062
vt 0.54465431 0.95573997
vt 0.71182501 0.96192050
vt 0.71182501 0.93164611
vt 0.70812279 0.95727342
vt 0.70812279 0.86645031
vt 0.70442063 0.81296623
vt 0.70442063 0.84128863
vt 0.18750000 0.81250000
vt 0.15625000 0.81250000
vt 0.18750000 0.84375000
vt 0.15625000 0.81250000
vt 0.12500000 0.81250000
vt 0.15625000 0.84375000
vt 0.18750000 0.84375000
vt 0.15625000 0.84375000
vt 0.18750000 0.87500000
vt 0.06250000 0.87500000
vt 0.06250000 0.90625000
vt 0.09375000 0.90625000
vt 0.06250000 0.90625000
vt 0.06250000 0.93750000
vt 0.09375000 0.93750000
vt 0.09375000 0.90625000
vt 0.09375000 0.93750000
vt 0.12500000 0.93750000
vt 0.18750000 0.56250000
vt 0.15625000 0.56250000
vt 0.18750000 0.59375000
vt 0.15625000 0.56250000
vt 0.12500000 0.56250000
vt 0.15625000 0.59375000
vt 0.18750000 0.59375000
vt 0.15625000 0.59375000
vt 0.18750000 0.62500000
vt 0.06250000 0.62500000
vt 0.06250000 0.65625000
vt 0.09375000 0.65625000
vt 0.06250000 0.65625000
vt 0.06250000 0.68750000
vt 0.09375000 0.68750000
vt 0.09375000 0.65625000
vt 0.09375000 0.68750000
vt 0.12500000 0.68750000
vt 0.71963012 0.68750000
vt 0.71963012 0.71875000
vt 0.72722262 0.68750000
vt 0.91470999 0.68419689
vt 0.89485490 0.65459847
vt 0.87499982 0.68419689
vt 0.87499982 0.56580311
vt 0.83528960 0.56580311
vt 0.85514468 0.59540153
vt 0.53037012 0.56250000
vt 0.53037012 0.53125000
vt 0.52277762 0.56250000
vt 0.67231512 0.68750000
vt 0.64865762 0.65625000
vt 0.62500012 0.68750000
vt 0.62500012 0.56250000
vt 0.57768512 0.56250000
vt 0.60134262 0.59375000
vt 0.39485529 0.59128863
vt 0.41471040 0.56296623
vt 0.37500021 0.56296623
vt 0.39485490 0.34128860
vt 0.41470999 0.31296620
vt 0.37499979 0.31296620
vt 0.46767879 0.68750000
vt 0.46963009 0.71875000
vt 0.46963009 0.68750000
vt 0.46767861 0.43750000
vt 0.46962991 0.46875000
vt 0.46962991 0.43750000
vt 0.79002613 0.56084847
vt 0.78817499 0.53125000
vt 0.78817499 0.56250000
vt 0.95997357 0.68915153
vt 0.96182472 0.71875000
vt 0.96182472 0.68750000
vt 0.29002649 0.55822521
vt 0.28817531 0.53027439
vt 0.28817531 0.56054872
vt 0.29002610 0.30822521
vt 0.28817499 0.28027439
vt 0.28817499 0.31054881
vt 0.18750000 0.43750000
vt 0.18750000 0.40625000
vt 0.15625000 0.43750000
vt 0.18750000 0.40625000
vt 0.18750000 0.37500000
vt 0.15625000 0.40625000
vt 0.15625000 0.43750000
vt 0.15625000 0.40625000
vt 0.12500000 0.43750000
vt 0.12500000 0.31250000
vt 0.09375000 0.31250000
vt 0.09375000 0.34375000
vt 0.09375000 0.31250000
vt 0.06250000 0.31250000
vt 0.06250000 0.34375000
vt 0.09375000 0.34375000
vt 0.06250000 0.34375000
vt 0.06250000 0.37500000
vt 0.71963012 0.93750000
vt 0.72342628 0.96875000
vt 0.72722262 0.93750000
vt 0.43750000 0.93750000
vt 0.43750000 0.90625000
vt 0.40625000 0.93750000
vt 0.43750000 0.90625000
vt 0.43750000 0.87500000
vt 0.40625000 0.90625000
vt 0.40625000 0.93750000
vt 0.40625000 0.90625000
vt 0.37500000 0.93750000
vt 0.37500000 0.81250000
vt 0.34375000 0.81250000
vt 0.34375000 0.84375000
vt 0.34375000 0.81250000
vt 0.31250000 0.81250000
vt 0.31250000 0.84375000
vt 0.34375000 0.84375000
vt 0.31250000 0.84375000
vt 0.31250000 0.87500000
vt 0.71962988 0.43750000
vt 0.72342610 0.46875000
vt 0.72722238 0.43750000
vt 0.77277738 0.93750000
vt 0.78036988 0.96875000
vt 0.78036988 0.93750000
vt 0.24240750 0.18750000
vt 0.25000000 0.21874990
vt 0.25000000 0.18750000
vt 0.16471040 0.06580310
vt 0.12500019 0.06580310
vt 0.16471040 0.09540150
vt 0.12500019 0.18419680
vt 0.10514510 0.15459840
vt 0.08529000 0.18419680
vt 0.97722238 0.81250000
vt 0.96962988 0.78125000
vt 0.96962988 0.81250000
vt 0.89865738 0.84375000
vt 0.92231488 0.81250000
vt 0.87499988 0.81250000
vt 0.87499988 0.93750000
vt 0.85134238 0.90625000
vt 0.82768488 0.93750000
vt 0.62499982 0.31296620
vt 0.58528960 0.31296620
vt 0.60514468 0.34128860
vt 0.62500018 0.81296623
vt 0.58529001 0.81296623
vt 0.60514510 0.84128863
vt 0.71962988 0.25000000
vt 0.71767849 0.31054869
vt 0.71962988 0.37500000
vt 0.71963012 0.75000000
vt 0.71767879 0.81054872
vt 0.71963012 0.87500000
vt 0.21182500 0.00000000
vt 0.20997390 0.06084840
vt 0.21182500 0.03125000
vt 0.20442060 0.18419680
vt 0.20442060 0.21379530
vt 0.20627169 0.18254530
vt 0.03817530 0.25000000
vt 0.04002650 0.18915160
vt 0.03817530 0.21875000
vt 0.04557980 0.06580310
vt 0.04557980 0.03620470
vt 0.04372870 0.06745470
vt 0.54557937 0.31296629
vt 0.54557937 0.28464389
vt 0.54372841 0.31528991
vt 0.54557979 0.81296623
vt 0.54557979 0.78464383
vt 0.54372871 0.81528980
vt 0.25000000 0.93750000
vt 0.21875000 0.90625000
vt 0.21875000 0.93750000
vt 0.21875000 0.90625000
vt 0.18750000 0.87500000
vt 0.18750000 0.90625000
vt 0.21875000 0.93750000
vt 0.18750000 0.90625000
vt 0.18750000 0.93750000
vt 0.25000000 0.81250000
vt 0.21875000 0.78125000
vt 0.21875000 0.81250000
vt 0.21875000 0.78125000
vt 0.18750000 0.75000000
vt 0.18750000 0.78125000
vt 0.21875000 0.81250000
vt 0.18750000 0.78125000
vt 0.18750000 0.81250000
vt 0.12500000 0.81250000
vt 0.09375000 0.78125000
vt 0.09375000 0.81250000
vt 0.09375000 0.78125000
vt 0.06250000 0.75000000
vt 0.06250000 0.78125000
vt 0.09375000 0.81250000
vt 0.06250000 0.78125000
vt 0.06250000 0.81250000
vt 0.18750000 0.93750000
vt 0.15625000 0.93750000
vt 0.18750000 0.96875000
vt 0.15625000 0.93750000
vt 0.12500000 0.93750000
vt 0.15625000 0.96875000
vt 0.18750000 0.96875000
vt 0.15625000 0.96875000
vt 0.18750000 1.00000000
vt 0.06250000 0.81250000
vt 0.03125000 0.81250000
vt 0.06250000 0.84375000
vt 0.06250000 0.84375000
vt 0.03125000 0.84375000
vt 0.06250000 0.87500000
vt 0.06250000 0.93750000
vt 0.03125000 0.93750000
vt 0.06250000 0.96875000
vt 0.03125000 0.93750000
vt 0.00000000 0.93750000
vt 0.03125000 0.96875000
vt 0.06250000 0.96875000
vt 0.03125000 0.96875000
vt 0.06250000 1.00000000
vt 0.27277741 0.43750000
vt 0.26138869 0.40625000
vt 0.25759250 0.43750000
vt 0.25000000 0.68750000
vt 0.21875000 0.65625000
vt 0.21875000 0.68750000
vt 0.21875000 0.65625000
vt 0.18750000 0.62500000
vt 0.18750000 0.65625000
vt 0.21875000 0.68750000
vt 0.18750000 0.65625000
vt 0.18750000 0.68750000
vt 0.25000000 0.56250000
vt 0.21875000 0.53125000
vt 0.21875000 0.56250000
vt 0.21875000 0.53125000
vt 0.18750000 0.50000000
vt 0.18750000 0.53125000
vt 0.21875000 0.56250000
vt 0.18750000 0.53125000
vt 0.18750000 0.56250000
vt 0.12500000 0.56250000
vt 0.09375000 0.53125000
vt 0.09375000 0.56250000
vt 0.09375000 0.53125000
vt 0.06250000 0.50000000
vt 0.06250000 0.53125000
vt 0.09375000 0.56250000
vt 0.06250000 0.53125000
vt 0.06250000 0.56250000
vt 0.18750000 0.68750000
vt 0.15625000 0.68750000
vt 0.18750000 0.71875000
vt 0.15625000 0.68750000
vt 0.12500000 0.68750000
vt 0.15625000 0.71875000
vt 0.18750000 0.71875000
vt 0.15625000 0.71875000
vt 0.18750000 0.75000000
vt 0.06250000 0.56250000
vt 0.03125000 0.56250000
vt 0.06250000 0.59375000
vt 0.03125000 0.56250000
vt 0.00000000 0.56250000
vt 0.03125000 0.59375000
vt 0.06250000 0.59375000
vt 0.03125000 0.59375000
vt 0.06250000 0.62500000
vt 0.06250000 0.68750000
vt 0.03125000 0.68750000
vt 0.06250000 0.71875000
vt 0.03125000 0.68750000
vt 0.00000000 0.68750000
vt 0.03125000 0.71875000
vt 0.06250000 0.71875000
vt 0.03125000 0.71875000
vt 0.06250000 0.75000000
vt 0.26518509 0.50000000
vt 0.25379631 0.53125000
vt 0.25759250 0.56250000
vt 0.27277759 0.68750000
vt 0.26138881 0.65625000
vt 0.25759250 0.68750000
vt 0.99240738 0.68750000
vt 0.98861122 0.65625000
vt 0.97722238 0.68750000
vt 0.83528960 0.68419689
vt 0.85514468 0.71379530
vt 0.87499982 0.68419689
vt 0.91470999 0.68419689
vt 0.93456513 0.71379530
vt 0.95442021 0.68419689
vt 0.91470999 0.56580311
vt 0.93456513 0.59540153
vt 0.95442021 0.56580311
vt 0.83528960 0.68419689
vt 0.81543452 0.65459847
vt 0.79557937 0.68419689
vt 0.91470999 0.56580311
vt 0.89485490 0.53620470
vt 0.87499982 0.56580311
vt 0.83528960 0.56580311
vt 0.81543452 0.53620470
vt 0.79557937 0.56580311
vt 0.52277762 0.68750000
vt 0.51708323 0.67187500
vt 0.50949073 0.67187500
vt 0.51898128 0.59375000
vt 0.50759262 0.56250000
vt 0.51138878 0.59375000
vt 0.67231512 0.68750000
vt 0.69597262 0.71875000
vt 0.71963012 0.68750000
vt 0.57768512 0.56250000
vt 0.55402762 0.53125000
vt 0.53037012 0.56250000
vt 0.47722259 0.68750000
vt 0.48861131 0.65625000
vt 0.48481509 0.62500000
vt 0.45442060 0.56296623
vt 0.43456551 0.53464383
vt 0.41471040 0.56296623
vt 0.37500021 0.56296623
vt 0.35514510 0.53464383
vt 0.33529001 0.56296623
vt 0.31543490 0.70457822
vt 0.33529001 0.67625582
vt 0.29557979 0.67625582
vt 0.47722241 0.43750000
vt 0.48861119 0.40625000
vt 0.48481491 0.37500000
vt 0.45442021 0.31296620
vt 0.43456510 0.28464380
vt 0.41470999 0.31296620
vt 0.37499979 0.31296620
vt 0.35514471 0.28464389
vt 0.33528960 0.31296629
vt 0.31543449 0.45457819
vt 0.33528960 0.42625579
vt 0.29557940 0.42625579
vt 0.78817499 0.56250000
vt 0.78817499 0.53125000
vt 0.78622371 0.56250000
vt 0.78622371 0.68750000
vt 0.78524798 0.65625000
vt 0.78378463 0.67187500
vt 0.96182472 0.68750000
vt 0.96182472 0.71875000
vt 0.96377599 0.68750000
vt 0.96377599 0.56250000
vt 0.96475160 0.59375000
vt 0.96767849 0.56250000
vt 0.46377629 0.56250000
vt 0.46475190 0.59375000
vt 0.46767879 0.56250000
vt 0.28817531 0.56054872
vt 0.28817531 0.53027439
vt 0.28622401 0.56054872
vt 0.28329709 0.59082311
vt 0.28427270 0.62109739
vt 0.28622401 0.56054872
vt 0.28817499 0.31054881
vt 0.28817499 0.28027439
vt 0.28622371 0.31054881
vt 0.28329679 0.34082311
vt 0.28427240 0.37109751
vt 0.28622371 0.31054881
vt 0.06250000 0.50000000
vt 0.09375000 0.46875000
vt 0.06250000 0.46875000
vt 0.09375000 0.46875000
vt 0.12500000 0.43750000
vt 0.09375000 0.43750000
vt 0.06250000 0.46875000
vt 0.09375000 0.43750000
vt 0.06250000 0.43750000
vt 0.18750000 0.50000000
vt 0.21875000 0.46875000
vt 0.18750000 0.46875000
vt 0.21875000 0.46875000
vt 0.25000000 0.43750000
vt 0.21875000 0.43750000
vt 0.18750000 0.46875000
vt 0.21875000 0.43750000
vt 0.18750000 0.43750000
vt 0.18750000 0.37500000
vt 0.21875000 0.34375000
vt 0.18750000 0.34375000
vt 0.21875000 0.34375000
vt 0.25000000 0.31250000
vt 0.21875000 0.31250000
vt 0.18750000 0.34375000
vt 0.21875000 0.31250000
vt 0.18750000 0.31250000
vt 0.06250000 0.43750000
vt 0.06250000 0.40625000
vt 0.03125000 0.43750000
vt 0.06250000 0.40625000
vt 0.06250000 0.37500000
vt 0.03125000 0.40625000
vt 0.03125000 0.43750000
vt 0.03125000 0.40625000
vt 0.00000000 0.43750000
vt 0.18750000 0.31250000
vt 0.18750000 0.28125000
vt 0.15625000 0.31250000
vt 0.18750000 0.28125000
vt 0.18750000 0.25000000
vt 0.15625000 0.28125000
vt 0.15625000 0.31250000
vt 0.15625000 0.28125000
vt 0.12500000 0.31250000
vt 0.06250000 0.31250000
vt 0.06250000 0.28125000
vt 0.03125000 0.31250000
vt 0.06250000 0.28125000
vt 0.06250000 0.25000000
vt 0.03125000 0.28125000
vt 0.03125000 0.31250000
vt 0.03125000 0.28125000
vt 0.00000000 0.31250000
vt 0.74240738 0.93750000
vt 0.73861122 0.90625000
vt 0.72722262 0.93750000
vt 0.31250000 1.00000000
vt 0.34375000 0.96875000
vt 0.31250000 0.96875000
vt 0.34375000 0.96875000
vt 0.37500000 0.93750000
vt 0.34375000 0.93750000
vt 0.31250000 0.96875000
vt 0.34375000 0.93750000
vt 0.31250000 0.93750000
vt 0.43750000 1.00000000
vt 0.46875000 0.96875000
vt 0.43750000 0.96875000
vt 0.46875000 0.96875000
vt 0.50000000 0.93750000
vt 0.46875000 0.93750000
vt 0.43750000 0.96875000
vt 0.46875000 0.93750000
vt 0.43750000 0.93750000
vt 0.43750000 0.87500000
vt 0.46875000 0.84375000
vt 0.43750000 0.84375000
vt 0.46875000 0.84375000
vt 0.50000000 0.81250000
vt 0.46875000 0.81250000
vt 0.43750000 0.84375000
vt 0.46875000 0.81250000
vt 0.43750000 0.81250000
vt 0.31250000 0.93750000
vt 0.31250000 0.90625000
vt 0.28125000 0.93750000
vt 0.31250000 0.90625000
vt 0.31250000 0.87500000
vt 0.28125000 0.90625000
vt 0.28125000 0.93750000
vt 0.28125000 0.90625000
vt 0.25000000 0.93750000
vt 0.43750000 0.81250000
vt 0.43750000 0.78125000
vt 0.40625000 0.81250000
vt 0.43750000 0.78125000
vt 0.43750000 0.75000000
vt 0.40625000 0.78125000
vt 0.40625000 0.81250000
vt 0.40625000 0.78125000
vt 0.37500000 0.81250000
vt 0.31250000 0.81250000
vt 0.31250000 0.78125000
vt 0.28125000 0.81250000
vt 0.31250000 0.78125000
vt 0.31250000 0.75000000
vt 0.28125000 0.78125000
vt 0.28125000 0.81250000
vt 0.28125000 0.78125000
vt 0.25000000 0.81250000
vt 0.74240738 0.43750000
vt 0.73861122 0.40625000
vt 0.72722238 0.43750000
vt 0.77277738 0.87500000
vt 0.77657372 0.87500000
vt 0.78036988 0.81250000
vt 0.00000000 0.18750000
vt 0.00379630 0.21875000
vt 0.00759250 0.18750000
vt 0.22722261 0.06250000
vt 0.23101880 0.09375000
vt 0.24240750 0.06250000
vt 0.20442060 0.18419680
vt 0.18456550 0.15459840
vt 0.16471040 0.18419680
vt 0.20442060 0.06580310
vt 0.18456550 0.03620470
vt 0.16471040 0.06580310
vt 0.12500019 0.06580310
vt 0.08529000 0.03620470
vt 0.08529000 0.06580310
vt 0.16471040 0.18419680
vt 0.12500019 0.18419680
vt 0.16471040 0.18604670
vt 0.08529000 0.06580310
vt 0.04557980 0.06580310
vt 0.08529000 0.09540150
vt 0.06543490 0.09540150
vt 0.08529000 0.09540150
vt 0.04557980 0.06580310
vt 0.97722238 0.87500000
vt 0.97342622 0.87500000
vt 0.96962988 0.93750000
vt 0.96962988 0.93750000
vt 0.94597238 0.90625000
vt 0.92231488 0.93750000
vt 0.96962988 0.81250000
vt 0.94597238 0.78125000
vt 0.92231488 0.81250000
vt 0.87499988 0.81250000
vt 0.85134238 0.78125000
vt 0.82768488 0.81250000
vt 0.89865738 0.96875000
vt 0.92231488 0.93750000
vt 0.87499988 0.93750000
vt 0.80402738 0.84375000
vt 0.82768488 0.81250000
vt 0.78036988 0.81250000
vt 0.80402738 0.96875000
vt 0.82768488 0.93750000
vt 0.78036988 0.93750000
vt 0.50759238 0.31250009
vt 0.51138872 0.34375009
vt 0.52277738 0.31250009
vt 0.60514468 0.42625579
vt 0.58528960 0.48290059
vt 0.62499982 0.42625579
vt 0.66470999 0.42625579
vt 0.68456513 0.45457819
vt 0.70442021 0.42625579
vt 0.66470999 0.31296620
vt 0.68456513 0.34128860
vt 0.70442021 0.31296620
vt 0.54557937 0.42625579
vt 0.56543452 0.42625579
vt 0.58528960 0.36961100
vt 0.66470999 0.31296620
vt 0.64485490 0.28464380
vt 0.62499982 0.31296620
vt 0.58528960 0.31296620
vt 0.56543452 0.28464389
vt 0.54557937 0.31296629
vt 0.50759262 0.81250000
vt 0.51138878 0.84375000
vt 0.52277762 0.81250000
vt 0.60514510 0.92625582
vt 0.58529001 0.98290062
vt 0.62500018 0.92625582
vt 0.66471040 0.92625582
vt 0.68456548 0.95457822
vt 0.70442063 0.92625582
vt 0.66471040 0.81296623
vt 0.68456548 0.84128863
vt 0.70442063 0.81296623
vt 0.54557979 0.92625582
vt 0.56543487 0.92625582
vt 0.58529001 0.86961102
vt 0.66471040 0.81296623
vt 0.64485532 0.78464383
vt 0.62500018 0.81296623
vt 0.58529001 0.81296623
vt 0.56543487 0.78464383
vt 0.54557979 0.81296623
vt 0.53427237 0.25000009
vt 0.53134549 0.28125009
vt 0.53232121 0.31250009
vt 0.53427267 0.75000000
vt 0.53134578 0.78125000
vt 0.53232151 0.81250000
vt 0.21182500 0.18750000
vt 0.21182500 0.15625000
vt 0.20812280 0.18419680
vt 0.03817530 0.06250000
vt 0.03817530 0.09375000
vt 0.04187760 0.06580310
vt 0.71182472 0.43164611
vt 0.71182472 0.40137181
vt 0.70812237 0.42699900
vt 0.71182501 0.93164611
vt 0.71182501 0.90137178
vt 0.70812279 0.92699897
vt 0.25000000 0.87500000
vt 0.21875000 0.84375000
vt 0.21875000 0.87500000
vt 0.21875000 0.84375000
vt 0.18750000 0.81250000
vt 0.18750000 0.84375000
vt 0.21875000 0.87500000
vt 0.18750000 0.84375000
vt 0.18750000 0.87500000
vt 0.18750000 0.81250000
vt 0.15625000 0.78125000
vt 0.15625000 0.81250000
vt 0.15625000 0.78125000
vt 0.12500000 0.75000000
vt 0.12500000 0.78125000
vt 0.15625000 0.81250000
vt 0.12500000 0.78125000
vt 0.12500000 0.81250000
vt 0.18750000 0.87500000
vt 0.15625000 0.84375000
vt 0.15625000 0.87500000
vt 0.15625000 0.84375000
vt 0.12500000 0.81250000
vt 0.12500000 0.84375000
vt 0.15625000 0.87500000
vt 0.12500000 0.84375000
vt 0.12500000 0.87500000
vt 0.12500000 0.87500000
vt 0.09375000 0.87500000
vt 0.12500000 0.90625000
vt 0.09375000 0.87500000
vt 0.06250000 0.87500000
vt 0.09375000 0.90625000
vt 0.12500000 0.90625000
vt 0.09375000 0.90625000
vt 0.12500000 0.93750000
vt 0.06250000 0.87500000
vt 0.03125000 0.87500000
vt 0.06250000 0.90625000
vt 0.03125000 0.87500000
vt 0.00000000 0.87500000
vt 0.03125000 0.90625000
vt 0.06250000 0.90625000
vt 0.03125000 0.90625000
vt 0.06250000 0.93750000
vt 0.12500000 0.93750000
vt 0.09375000 0.93750000
vt 0.12500000 0.96875000
vt 0.09375000 0.93750000
vt 0.06250000 0.93750000
vt 0.09375000 0.96875000
vt 0.12500000 0.96875000
vt 0.09375000 0.96875000
vt 0.12500000 1.00000000
vt 0.28036991 0.43750000
vt 0.27657369 0.40625000
vt 0.27277741 0.43750000
vt 0.26518491 0.37500000
vt 0.26898119 0.40625000
vt 0.28036991 0.37500000
vt 0.27657369 0.40625000
vt 0.28036991 0.37500000
vt 0.26898119 0.40625000
vt 0.25000000 0.62500000
vt 0.21875000 0.59375000
vt 0.21875000 0.62500000
vt 0.21875000 0.59375000
vt 0.18750000 0.56250000
vt 0.18750000 0.59375000
vt 0.21875000 0.62500000
vt 0.18750000 0.59375000
vt 0.18750000 0.62500000
vt 0.18750000 0.56250000
vt 0.15625000 0.53125000
vt 0.15625000 0.56250000
vt 0.15625000 0.53125000
vt 0.12500000 0.50000000
vt 0.12500000 0.53125000
vt 0.15625000 0.56250000
vt 0.12500000 0.53125000
vt 0.12500000 0.56250000
vt 0.18750000 0.62500000
vt 0.15625000 0.59375000
vt 0.15625000 0.62500000
vt 0.15625000 0.59375000
vt 0.12500000 0.56250000
vt 0.12500000 0.59375000
vt 0.15625000 0.62500000
vt 0.12500000 0.59375000
vt 0.12500000 0.62500000
vt 0.12500000 0.62500000
vt 0.09375000 0.62500000
vt 0.12500000 0.65625000
vt 0.09375000 0.62500000
vt 0.06250000 0.62500000
vt 0.09375000 0.65625000
vt 0.12500000 0.65625000
vt 0.09375000 0.65625000
vt 0.12500000 0.68750000
vt 0.06250000 0.62500000
vt 0.03125000 0.62500000
vt 0.06250000 0.65625000
vt 0.03125000 0.62500000
vt 0.00000000 0.62500000
vt 0.03125000 0.65625000
vt 0.06250000 0.65625000
vt 0.03125000 0.65625000
vt 0.06250000 0.68750000
vt 0.12500000 0.68750000
vt 0.09375000 0.68750000
vt 0.12500000 0.71875000
vt 0.09375000 0.68750000
vt 0.06250000 0.68750000
vt 0.09375000 0.71875000
vt 0.12500000 0.71875000
vt 0.09375000 0.71875000
vt 0.12500000 0.75000000
vt 0.72722262 0.68750000
vt 0.73101878 0.65625000
vt 0.71963012 0.68750000
vt 0.71963012 0.62500000
vt 0.71963012 0.65625000
vt 0.73481500 0.62500000
vt 0.99240738 0.56250000
vt 0.99620372 0.59375000
vt 1.00000000 0.56250000
vt 0.87499982 0.68419689
vt 0.89485490 0.71379530
vt 0.91470999 0.68419689
vt 0.91470999 0.62500000
vt 0.92463762 0.63979918
vt 0.95442021 0.62500000
vt 0.89485490 0.65459847
vt 0.87499982 0.62500000
vt 0.87499982 0.65459847
vt 0.87499982 0.62500000
vt 0.89485490 0.65459847
vt 0.91470999 0.62500000
vt 0.87499982 0.62500000
vt 0.85514468 0.59540153
vt 0.83528960 0.62500000
vt 0.85514468 0.59540153
vt 0.87499982 0.62500000
vt 0.87499982 0.59540153
vt 0.87499982 0.56580311
vt 0.85514468 0.53620470
vt 0.83528960 0.56580311
vt 0.83528960 0.62500000
vt 0.82536209 0.61020082
vt 0.79557937 0.62500000
vt 0.52277762 0.56250000
vt 0.51898128 0.59375000
vt 0.53037012 0.56250000
vt 0.50000000 0.62500000
vt 0.51138878 0.65625000
vt 0.51518512 0.62500000
vt 0.62500012 0.68750000
vt 0.64865762 0.71875000
vt 0.67231512 0.68750000
vt 0.69597262 0.65625000
vt 0.67231512 0.62500000
vt 0.67231512 0.65625000
vt 0.67231512 0.62500000
vt 0.69597262 0.65625000
vt 0.71963012 0.62500000
vt 0.64865762 0.65625000
vt 0.62500012 0.62500000
vt 0.62500012 0.65625000
vt 0.62500012 0.62500000
vt 0.64865762 0.65625000
vt 0.67231512 0.62500000
vt 0.62500012 0.62500000
vt 0.60134262 0.59375000
vt 0.57768512 0.62500000
vt 0.60134262 0.59375000
vt 0.62500012 0.62500000
vt 0.62500012 0.59375000
vt 0.62500012 0.56250000
vt 0.60134262 0.53125000
vt 0.57768512 0.56250000
vt 0.57768512 0.62500000
vt 0.55402762 0.59375000
vt 0.53037012 0.62500000
vt 0.55402762 0.59375000
vt 0.57768512 0.62500000
vt 0.57768512 0.59375000
vt 0.45442060 0.61961102
vt 0.43456551 0.59128863
vt 0.41471040 0.61961102
vt 0.41471040 0.59128863
vt 0.41471040 0.61961102
vt 0.43456551 0.59128863
vt 0.41471040 0.56296623
vt 0.39485529 0.53464383
vt 0.37500021 0.56296623
vt 0.41471040 0.61961102
vt 0.39485529 0.59128863
vt 0.37500021 0.61961102
vt 0.37500021 0.59128863
vt 0.37500021 0.61961102
vt 0.39485529 0.59128863
vt 0.35514510 0.64793342
vt 0.37500021 0.61961102
vt 0.33529001 0.61961102
vt 0.33529001 0.61961102
vt 0.31543490 0.64793342
vt 0.33529001 0.64793342
vt 0.31543490 0.64793342
vt 0.33529001 0.61961102
vt 0.29557979 0.61961102
vt 0.45442021 0.36961100
vt 0.43456510 0.34128860
vt 0.41470999 0.36961100
vt 0.41470999 0.34128860
vt 0.41470999 0.36961100
vt 0.43456510 0.34128860
vt 0.41470999 0.31296620
vt 0.39485490 0.28464380
vt 0.37499979 0.31296620
vt 0.41470999 0.36961100
vt 0.39485490 0.34128860
vt 0.37499979 0.36961100
vt 0.37499979 0.34128860
vt 0.37499979 0.36961100
vt 0.39485490 0.34128860
vt 0.35514471 0.39793339
vt 0.37499979 0.36961100
vt 0.33528960 0.36961100
vt 0.33528960 0.36961100
vt 0.31543449 0.39793339
vt 0.33528960 0.39793339
vt 0.31543449 0.39793339
vt 0.33528960 0.36961100
vt 0.29557940 0.36961100
vt 0.46767879 0.62500000
vt 0.46963009 0.68750000
vt 0.46963009 0.62500000
vt 0.46767861 0.37500000
vt 0.46962991 0.43750000
vt 0.46962991 0.37500000
vt 0.12500000 0.50000000
vt 0.15625000 0.46875000
vt 0.12500000 0.46875000
vt 0.15625000 0.46875000
vt 0.18750000 0.43750000
vt 0.15625000 0.43750000
vt 0.12500000 0.46875000
vt 0.15625000 0.43750000
vt 0.12500000 0.43750000
vt 0.18750000 0.43750000
vt 0.21875000 0.40625000
vt 0.18750000 0.40625000
vt 0.21875000 0.40625000
vt 0.25000000 0.37500000
vt 0.21875000 0.37500000
vt 0.18750000 0.40625000
vt 0.21875000 0.37500000
vt 0.18750000 0.37500000
vt 0.12500000 0.43750000
vt 0.15625000 0.40625000
vt 0.12500000 0.40625000
vt 0.15625000 0.40625000
vt 0.18750000 0.37500000
vt 0.15625000 0.37500000
vt 0.12500000 0.40625000
vt 0.15625000 0.37500000
vt 0.12500000 0.37500000
vt 0.12500000 0.37500000
vt 0.12500000 0.34375000
vt 0.09375000 0.37500000
vt 0.12500000 0.34375000
vt 0.12500000 0.31250000
vt 0.09375000 0.34375000
vt 0.09375000 0.37500000
vt 0.09375000 0.34375000
vt 0.06250000 0.37500000
vt 0.12500000 0.31250000
vt 0.12500000 0.28125000
vt 0.09375000 0.31250000
vt 0.12500000 0.28125000
vt 0.12500000 0.25000000
vt 0.09375000 0.28125000
vt 0.09375000 0.31250000
vt 0.09375000 0.28125000
vt 0.06250000 0.31250000
vt 0.06250000 0.37500000
vt 0.06250000 0.34375000
vt 0.03125000 0.37500000
vt 0.06250000 0.34375000
vt 0.06250000 0.31250000
vt 0.03125000 0.34375000
vt 0.03125000 0.37500000
vt 0.03125000 0.34375000
vt 0.00000000 0.37500000
vt 0.71963012 0.87500000
vt 0.73101878 0.90625000
vt 0.73481500 0.87500000
vt 0.73101878 0.90625000
vt 0.71963012 0.87500000
vt 0.72342628 0.90625000
vt 0.37500000 1.00000000
vt 0.40625000 0.96875000
vt 0.37500000 0.96875000
vt 0.40625000 0.96875000
vt 0.43750000 0.93750000
vt 0.40625000 0.93750000
vt 0.37500000 0.96875000
vt 0.40625000 0.93750000
vt 0.37500000 0.93750000
vt 0.43750000 0.93750000
vt 0.46875000 0.90625000
vt 0.43750000 0.90625000
vt 0.46875000 0.90625000
vt 0.50000000 0.87500000
vt 0.46875000 0.87500000
vt 0.43750000 0.90625000
vt 0.46875000 0.87500000
vt 0.43750000 0.87500000
vt 0.37500000 0.93750000
vt 0.40625000 0.90625000
vt 0.37500000 0.90625000
vt 0.40625000 0.90625000
vt 0.43750000 0.87500000
vt 0.40625000 0.87500000
vt 0.37500000 0.90625000
vt 0.40625000 0.87500000
vt 0.37500000 0.87500000
vt 0.37500000 0.87500000
vt 0.37500000 0.84375000
vt 0.34375000 0.87500000
vt 0.37500000 0.84375000
vt 0.37500000 0.81250000
vt 0.34375000 0.84375000
vt 0.34375000 0.87500000
vt 0.34375000 0.84375000
vt 0.31250000 0.87500000
vt 0.37500000 0.81250000
vt 0.37500000 0.78125000
vt 0.34375000 0.81250000
vt 0.37500000 0.78125000
vt 0.37500000 0.75000000
vt 0.34375000 0.78125000
vt 0.34375000 0.81250000
vt 0.34375000 0.78125000
vt 0.31250000 0.81250000
vt 0.31250000 0.87500000
vt 0.31250000 0.84375000
vt 0.28125000 0.87500000
vt 0.31250000 0.84375000
vt 0.31250000 0.81250000
vt 0.28125000 0.84375000
vt 0.28125000 0.87500000
vt 0.28125000 0.84375000
vt 0.25000000 0.87500000
vt 0.71962988 0.37500000
vt 0.73101872 0.40625000
vt 0.73481488 0.37500000
vt 0.73101872 0.40625000
vt 0.71962988 0.37500000
vt 0.72342610 0.40625000
vt 0.78036988 0.93750000
vt 0.76898110 0.90625000
vt 0.77277738 0.93750000
vt 0.76518488 0.87500000
vt 0.78036988 0.90625000
vt 0.78036988 0.87500000
vt 0.00000000 0.09375000
vt 0.00000000 0.12500000
vt 0.00379630 0.06250000
vt 0.00759250 0.06250000
vt 0.00379630 0.06250000
vt 0.00000000 0.12500000
vt 0.24240750 0.18750000
vt 0.24620380 0.18750000
vt 0.25000000 0.12500000
vt 0.23861130 0.15625000
vt 0.24240750 0.18750000
vt 0.24240750 0.12500000
vt 0.25000000 0.12500000
vt 0.24240750 0.12500000
vt 0.24240750 0.18750000
vt 0.20442060 0.12500000
vt 0.18456550 0.09540150
vt 0.18456550 0.12500000
vt 0.18456550 0.12500000
vt 0.16471040 0.09540150
vt 0.16471040 0.12500000
vt 0.16471040 0.06580310
vt 0.14485531 0.03620470
vt 0.12500019 0.06580310
vt 0.10514510 0.12500000
vt 0.08529000 0.12500000
vt 0.10514510 0.15459840
vt 0.12500019 0.15459840
vt 0.10514510 0.15459840
vt 0.12500019 0.18419680
vt 0.08529000 0.12500000
vt 0.04557980 0.12500000
vt 0.08529000 0.15459840
vt 0.06543490 0.15459840
vt 0.08529000 0.15459840
vt 0.04557980 0.12500000
vt 0.10514510 0.21379530
vt 0.12500019 0.18419680
vt 0.08529000 0.18419680
vt 0.98481488 0.87500000
vt 0.98861122 0.90625000
vt 1.00000000 0.87500000
vt 0.96962988 0.81250000
vt 0.98101872 0.84375000
vt 0.97722238 0.81250000
vt 0.96962988 0.87500000
vt 0.94597238 0.84375000
vt 0.92231488 0.87500000
vt 0.92231488 0.84375000
vt 0.92231488 0.87500000
vt 0.94597238 0.84375000
vt 0.92231488 0.81250000
vt 0.89865738 0.78125000
vt 0.87499988 0.81250000
vt 0.92231488 0.87500000
vt 0.89865738 0.84375000
vt 0.87499988 0.87500000
vt 0.87499988 0.84375000
vt 0.87499988 0.87500000
vt 0.89865738 0.84375000
vt 0.87499988 0.87500000
vt 0.85134238 0.90625000
vt 0.87499988 0.90625000
vt 0.85134238 0.90625000
vt 0.87499988 0.87500000
vt 0.82768488 0.87500000
vt 0.82768488 0.87500000
vt 0.80402738 0.90625000
vt 0.82768488 0.90625000
vt 0.80402738 0.90625000
vt 0.82768488 0.87500000
vt 0.78036988 0.87500000
vt 0.85134238 0.96875000
vt 0.87499988 0.93750000
vt 0.82768488 0.93750000
vt 0.62499982 0.42625579
vt 0.64485490 0.45457819
vt 0.62748170 0.42625579
vt 0.68456513 0.39793339
vt 0.66470999 0.36961100
vt 0.66470999 0.39793339
vt 0.66470999 0.36961100
vt 0.68456513 0.39793339
vt 0.70442021 0.36961100
vt 0.62499982 0.36961100
vt 0.64485490 0.39793339
vt 0.64485490 0.36961100
vt 0.60514468 0.34128860
vt 0.62499982 0.36961100
vt 0.62499982 0.34128860
vt 0.62499982 0.31296620
vt 0.60514468 0.28464380
vt 0.58528960 0.31296620
vt 0.58528960 0.36961100
vt 0.56543452 0.34128860
vt 0.54557937 0.36961100
vt 0.56543452 0.34128860
vt 0.58528960 0.36961100
vt 0.58528960 0.34128860
vt 0.62500018 0.92625582
vt 0.64485532 0.95457822
vt 0.62748212 0.92625582
vt 0.68456548 0.89793342
vt 0.66471040 0.86961102
vt 0.66471040 0.89793342
vt 0.66471040 0.86961102
vt 0.68456548 0.89793342
vt 0.70442063 0.86961102
vt 0.62500018 0.86961102
vt 0.64485532 0.89793342
vt 0.64485532 0.86961102
vt 0.60514510 0.84128863
vt 0.62500018 0.86961102
vt 0.62500018 0.84128863
vt 0.62500018 0.81296623
vt 0.60514510 0.78464383
vt 0.58529001 0.81296623
vt 0.58529001 0.86961102
vt 0.56543487 0.84128863
vt 0.54557979 0.86961102
vt 0.56543487 0.84128863
vt 0.58529001 0.86961102
vt 0.58529001 0.84128863
vt 0.21572760 0.12500000
vt 0.21963011 0.09375000
vt 0.21963011 0.06250000
vt 0.03427270 0.12500000
vt 0.03037010 0.15625000
vt 0.03037010 0.18750000
vt 0.03719970 0.09375000
vt 0.03622400 0.06250000
vt 0.03427270 0.12500000
vt 0.20904830 0.09127260
vt 0.21182500 0.06250000
vt 0.21089950 0.06167420
vt 0.21182500 0.06250000
vt 0.20904830 0.09127260
vt 0.20812280 0.12169690
vt 0.20442060 0.12500000
vt 0.20719720 0.15212110
vt 0.20812280 0.12169690
vt 0.20719720 0.15212110
vt 0.20442060 0.12500000
vt 0.20534609 0.15377261
vt 0.04095200 0.15872730
vt 0.03817530 0.18750000
vt 0.03910090 0.18832579
vt 0.03817530 0.18750000
vt 0.04095200 0.15872730
vt 0.04187760 0.12830310
vt 0.04557980 0.12500000
vt 0.04465420 0.09622730
vt 0.04187760 0.12830310
vt 0.04280310 0.09787890
vt 0.04187760 0.12830310
vt 0.04465420 0.09622730
vt 0.54372841 0.31528991
vt 0.54557937 0.34128860
vt 0.54557937 0.31296629
vt 0.54557937 0.36961100
vt 0.54280281 0.34477401
vt 0.54187721 0.37425819
vt 0.70442021 0.36961100
vt 0.70442021 0.39793339
vt 0.70812237 0.36645031
vt 0.70627129 0.39635301
vt 0.70812237 0.36645031
vt 0.70442021 0.39793339
vt 0.54372871 0.81528980
vt 0.54557979 0.84128863
vt 0.54557979 0.81296623
vt 0.54557979 0.86961102
vt 0.54280323 0.84477401
vt 0.54187763 0.87425822
vt 0.70442063 0.86961102
vt 0.70442063 0.89793342
vt 0.70812279 0.86645031
vt 0.70627159 0.89635313
vt 0.70812279 0.86645031
vt 0.70442063 0.89793342
vt 0.25000000 1.00000000
vt 0.25000000 0.96875000
vt 0.21875000 0.96875000
vt 0.25000000 0.96875000
vt 0.25000000 0.93750000
vt 0.21875000 0.93750000
vt 0.21875000 0.96875000
vt 0.21875000 0.93750000
vt 0.18750000 0.93750000
vt 0.25000000 0.93750000
vt 0.25000000 0.90625000
vt 0.21875000 0.90625000
vt 0.25000000 0.90625000
vt 0.25000000 0.87500000
vt 0.21875000 0.87500000
vt 0.21875000 0.90625000
vt 0.21875000 0.87500000
vt 0.18750000 0.87500000
vt 0.18750000 0.93750000
vt 0.18750000 0.90625000
vt 0.15625000 0.90625000
vt 0.18750000 0.90625000
vt 0.18750000 0.87500000
vt 0.15625000 0.87500000
vt 0.15625000 0.90625000
vt 0.15625000 0.87500000
vt 0.12500000 0.87500000
vt 0.25000000 0.87500000
vt 0.25000000 0.84375000
vt 0.21875000 0.84375000
vt 0.25000000 0.84375000
vt 0.25000000 0.81250000
vt 0.21875000 0.81250000
vt 0.21875000 0.84375000
vt 0.21875000 0.81250000
vt 0.18750000 0.81250000
vt 0.25000000 0.81250000
vt 0.25000000 0.78125000
vt 0.21875000 0.78125000
vt 0.18750000 0.81250000
vt 0.18750000 0.78125000
vt 0.15625000 0.78125000
vt 0.18750000 0.78125000
vt 0.18750000 0.75000000
vt 0.15625000 0.75000000
vt 0.15625000 0.78125000
vt 0.15625000 0.75000000
vt 0.12500000 0.75000000
vt 0.12500000 0.87500000
vt 0.12500000 0.84375000
vt 0.09375000 0.84375000
vt 0.12500000 0.84375000
vt 0.12500000 0.81250000
vt 0.09375000 0.81250000
vt 0.09375000 0.84375000
vt 0.09375000 0.81250000
vt 0.06250000 0.81250000
vt 0.12500000 0.81250000
vt 0.12500000 0.78125000
vt 0.09375000 0.78125000
vt 0.12500000 0.78125000
vt 0.12500000 0.75000000
vt 0.09375000 0.75000000
vt 0.09375000 0.78125000
vt 0.09375000 0.75000000
vt 0.06250000 0.75000000
vt 0.06250000 0.78125000
vt 0.06250000 0.75000000
vt 0.04687500 0.75000000
vt 0.25000000 1.00000000
vt 0.21875000 0.96875000
vt 0.21875000 1.00000000
vt 0.21875000 0.96875000
vt 0.18750000 0.93750000
vt 0.18750000 0.96875000
vt 0.21875000 1.00000000
vt 0.18750000 0.96875000
vt 0.18750000 1.00000000
vt 0.18750000 0.93750000
vt 0.15625000 0.90625000
vt 0.15625000 0.93750000
vt 0.15625000 0.90625000
vt 0.12500000 0.87500000
vt 0.12500000 0.90625000
vt 0.15625000 0.93750000
vt 0.12500000 0.90625000
vt 0.12500000 0.93750000
vt 0.18750000 1.00000000
vt 0.15625000 0.96875000
vt 0.15625000 1.00000000
vt 0.15625000 0.96875000
vt 0.12500000 0.93750000
vt 0.12500000 0.96875000
vt 0.15625000 1.00000000
vt 0.12500000 0.96875000
vt 0.12500000 1.00000000
vt 0.12500000 0.87500000
vt 0.09375000 0.84375000
vt 0.09375000 0.87500000
vt 0.09375000 0.84375000
vt 0.06250000 0.81250000
vt 0.06250000 0.84375000
vt 0.09375000 0.87500000
vt 0.06250000 0.84375000
vt 0.06250000 0.87500000
vt 0.06250000 0.81250000
vt 0.03125000 0.78125000
vt 0.03125000 0.81250000
vt 0.03125000 0.78125000
vt 0.00000000 0.75000000
vt 0.00000000 0.78125000
vt 0.03125000 0.81250000
vt 0.00000000 0.78125000
vt 0.00000000 0.81250000
vt 0.06250000 0.87500000
vt 0.03125000 0.84375000
vt 0.03125000 0.87500000
vt 0.03125000 0.84375000
vt 0.01562500 0.82812500
vt 0.00000000 0.84375000
vt 0.03125000 0.87500000
vt 0.00000000 0.84375000
vt 0.00000000 0.87500000
vt 0.12500000 1.00000000
vt 0.09375000 0.96875000
vt 0.09375000 1.00000000
vt 0.09375000 0.96875000
vt 0.06250000 0.93750000
vt 0.06250000 0.96875000
vt 0.09375000 1.00000000
vt 0.06250000 0.96875000
vt 0.06250000 1.00000000
vt 0.06250000 0.93750000
vt 0.03125000 0.90625000
vt 0.03125000 0.93750000
vt 0.03125000 0.90625000
vt 0.00000000 0.87500000
vt 0.00000000 0.90625000
vt 0.03125000 0.93750000
vt 0.00000000 0.90625000
vt 0.00000000 0.93750000
vt 0.03125000 0.96875000
vt 0.00000000 0.93750000
vt 0.00000000 0.96875000
vt 0.28036991 0.25000009
vt 0.26138869 0.34375009
vt 0.26518491 0.37500000
vt 0.26898119 0.46875000
vt 0.27277741 0.43750000
vt 0.26518491 0.43750000
vt 0.27277741 0.43750000
vt 0.26898119 0.46875000
vt 0.28036991 0.50000000
vt 0.25000000 0.75000000
vt 0.25000000 0.71875000
vt 0.21875000 0.71875000
vt 0.25000000 0.71875000
vt 0.25000000 0.68750000
vt 0.21875000 0.68750000
vt 0.21875000 0.71875000
vt 0.21875000 0.68750000
vt 0.18750000 0.68750000
vt 0.25000000 0.68750000
vt 0.25000000 0.65625000
vt 0.21875000 0.65625000
vt 0.25000000 0.65625000
vt 0.25000000 0.62500000
vt 0.21875000 0.62500000
vt 0.21875000 0.65625000
vt 0.21875000 0.62500000
vt 0.18750000 0.62500000
vt 0.18750000 0.68750000
vt 0.18750000 0.65625000
vt 0.15625000 0.65625000
vt 0.18750000 0.65625000
vt 0.18750000 0.62500000
vt 0.15625000 0.62500000
vt 0.15625000 0.65625000
vt 0.15625000 0.62500000
vt 0.12500000 0.62500000
vt 0.25000000 0.62500000
vt 0.25000000 0.59375000
vt 0.21875000 0.59375000
vt 0.25000000 0.59375000
vt 0.25000000 0.56250000
vt 0.21875000 0.56250000
vt 0.21875000 0.59375000
vt 0.21875000 0.56250000
vt 0.18750000 0.56250000
vt 0.25000000 0.56250000
vt 0.25000000 0.54687500
vt 0.21875000 0.53125000
vt 0.18750000 0.56250000
vt 0.18750000 0.53125000
vt 0.15625000 0.53125000
vt 0.18750000 0.53125000
vt 0.18750000 0.50000000
vt 0.15625000 0.50000000
vt 0.15625000 0.53125000
vt 0.15625000 0.50000000
vt 0.12500000 0.50000000
vt 0.12500000 0.62500000
vt 0.12500000 0.59375000
vt 0.09375000 0.59375000
vt 0.12500000 0.59375000
vt 0.12500000 0.56250000
vt 0.09375000 0.56250000
vt 0.09375000 0.59375000
vt 0.09375000 0.56250000
vt 0.06250000 0.56250000
vt 0.12500000 0.56250000
vt 0.12500000 0.53125000
vt 0.09375000 0.53125000
vt 0.12500000 0.53125000
vt 0.12500000 0.50000000
vt 0.09375000 0.50000000
vt 0.09375000 0.53125000
vt 0.09375000 0.50000000
vt 0.06250000 0.50000000
vt 0.06250000 0.56250000
vt 0.06250000 0.53125000
vt 0.03125000 0.53125000
vt 0.06250000 0.53125000
vt 0.06250000 0.50000000
vt 0.03125000 0.50000000
vt 0.03125000 0.53125000
vt 0.03125000 0.50000000
vt 0.00000000 0.50000012
vt 0.25000000 0.75000000
vt 0.21875000 0.71875000
vt 0.21875000 0.75000000
vt 0.21875000 0.71875000
vt 0.18750000 0.68750000
vt 0.18750000 0.71875000
vt 0.21875000 0.75000000
vt 0.18750000 0.71875000
vt 0.18750000 0.75000000
vt 0.18750000 0.68750000
vt 0.15625000 0.65625000
vt 0.15625000 0.68750000
vt 0.15625000 0.65625000
vt 0.12500000 0.62500000
vt 0.12500000 0.65625000
vt 0.15625000 0.68750000
vt 0.12500000 0.65625000
vt 0.12500000 0.68750000
vt 0.18750000 0.75000000
vt 0.15625000 0.71875000
vt 0.15625000 0.75000000
vt 0.15625000 0.71875000
vt 0.12500000 0.68750000
vt 0.12500000 0.71875000
vt 0.15625000 0.75000000
vt 0.12500000 0.71875000
vt 0.12500000 0.75000000
vt 0.12500000 0.62500000
vt 0.09375000 0.59375000
vt 0.09375000 0.62500000
vt 0.09375000 0.59375000
vt 0.06250000 0.56250000
vt 0.06250000 0.59375000
vt 0.09375000 0.62500000
vt 0.06250000 0.59375000
vt 0.06250000 0.62500000
vt 0.06250000 0.56250000
vt 0.03125000 0.53125000
vt 0.03125000 0.56250000
vt 0.03125000 0.53125000
vt 0.00000000 0.50000012
vt 0.00000000 0.53125000
vt 0.03125000 0.56250000
vt 0.00000000 0.53125000
vt 0.00000000 0.56250000
vt 0.06250000 0.62500000
vt 0.03125000 0.59375000
vt 0.03125000 0.62500000
vt 0.03125000 0.59375000
vt 0.00000000 0.56250000
vt 0.00000000 0.59375000
vt 0.03125000 0.62500000
vt 0.00000000 0.59375000
vt 0.00000000 0.62500000
vt 0.12500000 0.75000000
vt 0.09375000 0.71875000
vt 0.09375000 0.75000000
vt 0.09375000 0.71875000
vt 0.06250000 0.68750000
vt 0.06250000 0.71875000
vt 0.09375000 0.75000000
vt 0.06250000 0.71875000
vt 0.06250000 0.75000000
vt 0.06250000 0.68750000
vt 0.03125000 0.65625000
vt 0.03125000 0.68750000
vt 0.03125000 0.65625000
vt 0.00000000 0.62500000
vt 0.00000000 0.65625000
vt 0.03125000 0.68750000
vt 0.00000000 0.65625000
vt 0.00000000 0.68750000
vt 0.03125000 0.71875000
vt 0.00000000 0.68750000
vt 0.00000000 0.71875000
vt 0.28037009 0.50000000
vt 0.26138881 0.59375000
vt 0.26518509 0.62500000
vt 0.28037009 0.75000000
vt 0.26898131 0.71875000
vt 0.25000000 0.75000000
vt 0.25759250 0.68750000
vt 0.26328689 0.70312500
vt 0.27277759 0.68750000
vt 0.25759250 0.65625000
vt 0.25000000 0.68750000
vt 0.26138881 0.65625000
vt 0.73861122 0.71875000
vt 0.72342628 0.71875000
vt 0.74999988 0.75000000
vt 0.74240738 0.65625000
vt 0.73861122 0.65625000
vt 0.74999988 0.68750000
vt 0.73481500 0.62500000
vt 0.73101878 0.59375000
vt 0.71963012 0.62500000
vt 0.74240738 0.56250000
vt 0.72342628 0.53125000
vt 0.72722262 0.56250000
vt 1.00000000 0.68750000
vt 0.99620372 0.65625000
vt 0.99240738 0.68750000
vt 0.79557937 0.74339378
vt 0.83528960 0.74339378
vt 0.81543452 0.71379530
vt 0.83528960 0.71379530
vt 0.81543452 0.71379530
vt 0.83528960 0.74339378
vt 0.83528960 0.74339378
vt 0.87499982 0.74339378
vt 0.85514468 0.71379530
vt 0.87499982 0.71379530
vt 0.85514468 0.71379530
vt 0.87499982 0.74339378
vt 0.83528960 0.68419689
vt 0.87499982 0.68419689
vt 0.85514468 0.65459847
vt 0.87499982 0.74339378
vt 0.91470999 0.74339378
vt 0.89485490 0.71379530
vt 0.91470999 0.71379530
vt 0.89485490 0.71379530
vt 0.91470999 0.74339378
vt 0.91470999 0.74339378
vt 0.95442021 0.74339378
vt 0.93456513 0.71379530
vt 0.95442021 0.71379530
vt 0.93456513 0.71379530
vt 0.95442021 0.74339378
vt 0.91470999 0.68419689
vt 0.95442021 0.68419689
vt 0.92463762 0.66939771
vt 0.87499982 0.62500000
vt 0.91470999 0.62500000
vt 0.89485490 0.59540153
vt 0.91470999 0.59540153
vt 0.89485490 0.59540153
vt 0.91470999 0.62500000
vt 0.91470999 0.62500000
vt 0.95442021 0.62500000
vt 0.93456513 0.59540153
vt 0.95442021 0.59540153
vt 0.93456513 0.59540153
vt 0.95442021 0.62500000
vt 0.91470999 0.56580311
vt 0.95442021 0.56580311
vt 0.93456513 0.53620470
vt 0.95442021 0.53620470
vt 0.93456513 0.53620470
vt 0.95442021 0.56580311
vt 0.81543452 0.71379530
vt 0.79557937 0.68419689
vt 0.79557937 0.71379530
vt 0.79557937 0.68419689
vt 0.81543452 0.71379530
vt 0.83528960 0.68419689
vt 0.85514468 0.65459847
vt 0.83528960 0.62500000
vt 0.83528960 0.65459847
vt 0.83528960 0.62500000
vt 0.85514468 0.65459847
vt 0.87499982 0.62500000
vt 0.81543452 0.65459847
vt 0.79557937 0.62500000
vt 0.79557937 0.65459847
vt 0.79557937 0.62500000
vt 0.81543452 0.65459847
vt 0.83528960 0.62500000
vt 0.87499982 0.56580311
vt 0.89485490 0.59540153
vt 0.91470999 0.56580311
vt 0.93456513 0.53620470
vt 0.91470999 0.50660622
vt 0.91470999 0.53620470
vt 0.91470999 0.50660622
vt 0.93456513 0.53620470
vt 0.95442021 0.50660622
vt 0.89485490 0.53620470
vt 0.87499982 0.50660622
vt 0.87499982 0.53620470
vt 0.87499982 0.50660622
vt 0.89485490 0.53620470
vt 0.91470999 0.50660622
vt 0.79557937 0.56580311
vt 0.81543452 0.59540153
vt 0.82536209 0.58060229
vt 0.85514468 0.53620470
vt 0.83528960 0.50660622
vt 0.83528960 0.53620470
vt 0.83528960 0.50660622
vt 0.85514468 0.53620470
vt 0.87499982 0.50660622
vt 0.81543452 0.53620470
vt 0.79557937 0.50660622
vt 0.79557937 0.53620470
vt 0.79557937 0.50660622
vt 0.81543452 0.53620470
vt 0.83528960 0.50660622
vt 0.52277762 0.68750000
vt 0.50759262 0.68750000
vt 0.52657378 0.71875000
vt 0.51898128 0.71875000
vt 0.52657378 0.71875000
vt 0.51328689 0.70312500
vt 0.52657378 0.65625000
vt 0.53037012 0.62500000
vt 0.51898128 0.65625000
vt 0.51518512 0.62500000
vt 0.51898128 0.65625000
vt 0.53037012 0.62500000
vt 0.51518512 0.62500000
vt 0.50000000 0.59375000
vt 0.50000000 0.62500000
vt 0.50000000 0.50000012
vt 0.51138878 0.53125000
vt 0.53037012 0.50000012
vt 0.50379628 0.53125000
vt 0.52277762 0.56250000
vt 0.51138878 0.53125000
vt 0.53037012 0.75000000
vt 0.55402762 0.75000000
vt 0.55402762 0.73437500
vt 0.57768512 0.71875000
vt 0.57768512 0.68750000
vt 0.56585628 0.71875000
vt 0.57768512 0.75000000
vt 0.62500012 0.75000000
vt 0.60134262 0.71875000
vt 0.62500012 0.71875000
vt 0.60134262 0.71875000
vt 0.62500012 0.75000000
vt 0.62500012 0.75000000
vt 0.67231512 0.75000000
vt 0.64865762 0.71875000
vt 0.67231512 0.68750000
vt 0.71963012 0.68750000
vt 0.69597262 0.65625000
vt 0.71963012 0.65625000
vt 0.69597262 0.65625000
vt 0.71963012 0.68750000
vt 0.62500012 0.62500000
vt 0.67231512 0.62500000
vt 0.64865762 0.59375000
vt 0.67231512 0.59375000
vt 0.64865762 0.59375000
vt 0.67231512 0.62500000
vt 0.67231512 0.62500000
vt 0.71963012 0.62500000
vt 0.69597262 0.59375000
vt 0.71963012 0.59375000
vt 0.69597262 0.59375000
vt 0.71963012 0.62500000
vt 0.67231512 0.56250000
vt 0.69597262 0.56250000
vt 0.71963012 0.50000000
vt 0.71963012 0.53125000
vt 0.71963012 0.50000000
vt 0.69597262 0.56250000
vt 0.53037012 0.75000000
vt 0.55402762 0.68750000
vt 0.53037012 0.71875000
vt 0.55402762 0.68750000
vt 0.53037012 0.75000000
vt 0.57768512 0.68750000
vt 0.60134262 0.65625000
vt 0.57768512 0.62500000
vt 0.57768512 0.65625000
vt 0.57768512 0.62500000
vt 0.60134262 0.65625000
vt 0.62500012 0.62500000
vt 0.55402762 0.65625000
vt 0.53037012 0.62500000
vt 0.53037012 0.65625000
vt 0.53037012 0.62500000
vt 0.55402762 0.65625000
vt 0.57768512 0.62500000
vt 0.67231512 0.56250000
vt 0.69597262 0.50000000
vt 0.67231512 0.53125000
vt 0.64865762 0.53125000
vt 0.62500012 0.50000000
vt 0.62500012 0.53125000
vt 0.62500012 0.50000000
vt 0.64865762 0.53125000
vt 0.67231512 0.50000000
vt 0.55402762 0.59375000
vt 0.53037012 0.56250000
vt 0.53037012 0.59375000
vt 0.53037012 0.56250000
vt 0.55402762 0.59375000
vt 0.57768512 0.56250000
vt 0.57768512 0.50000000
vt 0.60134262 0.53125000
vt 0.62500012 0.50000000
vt 0.53037012 0.50000012
vt 0.54219890 0.51562500
vt 0.57768512 0.50000000
vt 0.50000000 0.75000000
vt 0.48101881 0.71875000
vt 0.46963009 0.75000000
vt 0.45442060 0.70457810
vt 0.41471040 0.67625570
vt 0.43456551 0.70457810
vt 0.41471040 0.67625570
vt 0.45442060 0.70457810
vt 0.43456551 0.67625570
vt 0.45442060 0.64793342
vt 0.43456551 0.63377208
vt 0.44449300 0.64793342
vt 0.41471040 0.64793342
vt 0.37500021 0.61961102
vt 0.39485529 0.64793342
vt 0.37500021 0.61961102
vt 0.41471040 0.64793342
vt 0.41471040 0.61961102
vt 0.45442060 0.59128863
vt 0.45442060 0.56296623
vt 0.43456551 0.59128863
vt 0.41471040 0.56296623
vt 0.43456551 0.59128863
vt 0.45442060 0.56296623
vt 0.45442060 0.53464383
vt 0.45442060 0.50632137
vt 0.43456551 0.53464383
vt 0.41471040 0.50632137
vt 0.43456551 0.53464383
vt 0.45442060 0.50632137
vt 0.41471040 0.53464383
vt 0.41471040 0.50632137
vt 0.39485529 0.53464383
vt 0.37500021 0.50632137
vt 0.39485529 0.53464383
vt 0.41471040 0.50632137
vt 0.33529001 0.56296623
vt 0.35514510 0.59128863
vt 0.37500021 0.56296623
vt 0.37500021 0.53464383
vt 0.37500021 0.50632137
vt 0.35514510 0.53464383
vt 0.33529001 0.50632137
vt 0.35514510 0.53464383
vt 0.37500021 0.50632137
vt 0.33529001 0.53464383
vt 0.33529001 0.50632137
vt 0.31543490 0.53464383
vt 0.29557979 0.50632137
vt 0.31543490 0.53464383
vt 0.33529001 0.50632137
vt 0.45442060 0.73290050
vt 0.41471040 0.70457810
vt 0.41471040 0.73290050
vt 0.41471040 0.70457810
vt 0.45442060 0.73290050
vt 0.43456551 0.70457810
vt 0.41471040 0.67625570
vt 0.37500021 0.64793342
vt 0.37500021 0.66209447
vt 0.41471040 0.73290050
vt 0.37500021 0.70457810
vt 0.37500021 0.73290050
vt 0.37500021 0.70457810
vt 0.41471040 0.73290050
vt 0.39485529 0.70457810
vt 0.37500021 0.61961102
vt 0.35514510 0.59128863
vt 0.33529001 0.61961102
vt 0.33529001 0.59128863
vt 0.33529001 0.61961102
vt 0.35514510 0.59128863
vt 0.33529001 0.56296623
vt 0.31543490 0.53464383
vt 0.29557979 0.56296623
vt 0.29557979 0.53464383
vt 0.29557979 0.56296623
vt 0.31543490 0.53464383
vt 0.33529001 0.61961102
vt 0.31543490 0.59128863
vt 0.29557979 0.61961102
vt 0.37500021 0.73290050
vt 0.35514510 0.70457822
vt 0.33529001 0.73290050
vt 0.33529001 0.70457822
vt 0.33529001 0.73290050
vt 0.35514510 0.70457822
vt 0.33529001 0.73290050
vt 0.31543490 0.70457822
vt 0.29557979 0.73290062
vt 0.29557979 0.70457822
vt 0.29557979 0.73290062
vt 0.31543490 0.70457822
vt 0.50000000 0.50000000
vt 0.48101869 0.46875000
vt 0.46962991 0.50000000
vt 0.45442021 0.45457819
vt 0.41470999 0.42625579
vt 0.43456510 0.45457819
vt 0.41470999 0.42625579
vt 0.45442021 0.45457819
vt 0.43456510 0.42625579
vt 0.45442021 0.39793339
vt 0.43456510 0.38377219
vt 0.44449270 0.39793339
vt 0.41470999 0.39793339
vt 0.37499979 0.36961100
vt 0.39485490 0.39793339
vt 0.37499979 0.36961100
vt 0.41470999 0.39793339
vt 0.41470999 0.36961100
vt 0.45442021 0.34128860
vt 0.45442021 0.31296620
vt 0.43456510 0.34128860
vt 0.41470999 0.31296620
vt 0.43456510 0.34128860
vt 0.45442021 0.31296620
vt 0.45442021 0.28464380
vt 0.45442021 0.25632140
vt 0.43456510 0.28464380
vt 0.41470999 0.25632140
vt 0.43456510 0.28464380
vt 0.45442021 0.25632140
vt 0.41470999 0.28464380
vt 0.41470999 0.25632140
vt 0.39485490 0.28464380
vt 0.37499979 0.25632149
vt 0.39485490 0.28464380
vt 0.41470999 0.25632140
vt 0.33528960 0.31296629
vt 0.35514471 0.34128860
vt 0.37499979 0.31296620
vt 0.37499979 0.28464380
vt 0.37499979 0.25632149
vt 0.35514471 0.28464389
vt 0.33528960 0.25632149
vt 0.35514471 0.28464389
vt 0.37499979 0.25632149
vt 0.33528960 0.28464389
vt 0.33528960 0.25632149
vt 0.31543449 0.28464389
vt 0.29557940 0.25632149
vt 0.31543449 0.28464389
vt 0.33528960 0.25632149
vt 0.45442021 0.48290059
vt 0.41470999 0.45457819
vt 0.41470999 0.48290059
vt 0.41470999 0.45457819
vt 0.45442021 0.48290059
vt 0.43456510 0.45457819
vt 0.41470999 0.42625579
vt 0.37499979 0.39793339
vt 0.37499979 0.41209459
vt 0.41470999 0.48290059
vt 0.37499979 0.45457819
vt 0.37499979 0.48290059
vt 0.37499979 0.45457819
vt 0.41470999 0.48290059
vt 0.39485490 0.45457819
vt 0.37499979 0.36961100
vt 0.35514471 0.34128860
vt 0.33528960 0.36961100
vt 0.33528960 0.34128860
vt 0.33528960 0.36961100
vt 0.35514471 0.34128860
vt 0.33528960 0.31296629
vt 0.31543449 0.28464389
vt 0.29557940 0.31296629
vt 0.29557940 0.28464389
vt 0.29557940 0.31296629
vt 0.31543449 0.28464389
vt 0.33528960 0.36961100
vt 0.31543449 0.34128860
vt 0.29557940 0.36961100
vt 0.37499979 0.48290059
vt 0.35514471 0.45457819
vt 0.33528960 0.48290059
vt 0.33528960 0.45457819
vt 0.33528960 0.48290059
vt 0.35514471 0.45457819
vt 0.33528960 0.48290059
vt 0.31543449 0.45457819
vt 0.29557940 0.48290059
vt 0.29557940 0.45457819
vt 0.29557940 0.48290059
vt 0.31543449 0.45457819
vt 0.78134549 0.53125000
vt 0.78622371 0.56250000
vt 0.78476018 0.54687500
vt 0.96767849 0.56250000
vt 0.96865422 0.53125000
vt 0.96377599 0.56250000
vt 0.46865451 0.71875000
vt 0.46767879 0.68750000
vt 0.46182501 0.74219477
vt 0.46963009 0.62500000
vt 0.46963009 0.59375000
vt 0.46572760 0.62500000
vt 0.46767879 0.59375000
vt 0.46572760 0.62500000
vt 0.46963009 0.59375000
vt 0.28817531 0.74219489
vt 0.28037009 0.71875000
vt 0.28037009 0.75000000
vt 0.46865419 0.46875000
vt 0.46767861 0.43750000
vt 0.46182469 0.49219480
vt 0.46523950 0.29687500
vt 0.46280029 0.28125000
vt 0.46328810 0.29687500
vt 0.46523950 0.29687500
vt 0.46767861 0.31250000
vt 0.46621510 0.29687500
vt 0.46962991 0.37500000
vt 0.46962991 0.34375000
vt 0.46572730 0.37500000
vt 0.46767861 0.34375000
vt 0.46572730 0.37500000
vt 0.46962991 0.34375000
vt 0.79557937 0.59540153
vt 0.79557937 0.56580311
vt 0.79187721 0.62169689
vt 0.78910053 0.53042418
vt 0.79002613 0.56084847
vt 0.79557937 0.50660622
vt 0.79557937 0.74339378
vt 0.78817499 0.71875000
vt 0.78817499 0.75000000
vt 0.78817499 0.68750000
vt 0.79372841 0.71379530
vt 0.79187721 0.68419689
vt 0.79372841 0.71379530
vt 0.78817499 0.68750000
vt 0.79187721 0.71544689
vt 0.78817499 0.62500000
vt 0.79002613 0.65459847
vt 0.79187721 0.62169689
vt 0.79372841 0.68254530
vt 0.79280281 0.65212113
vt 0.79187721 0.68419689
vt 0.79187721 0.65294689
vt 0.79187721 0.68419689
vt 0.79280281 0.65212113
vt 0.95442021 0.65459847
vt 0.95442021 0.68419689
vt 0.95812237 0.62830311
vt 0.96089911 0.71957582
vt 0.95997357 0.68915153
vt 0.95442021 0.74339378
vt 0.95442021 0.50660622
vt 0.96182472 0.53125000
vt 0.96182472 0.50000000
vt 0.96182472 0.56250000
vt 0.95627129 0.53620470
vt 0.95812237 0.56580311
vt 0.95627129 0.53620470
vt 0.96182472 0.56250000
vt 0.95812237 0.53455311
vt 0.96182472 0.62500000
vt 0.95812237 0.59705311
vt 0.95812237 0.62830311
vt 0.95627129 0.56745470
vt 0.95719677 0.59787887
vt 0.95812237 0.56580311
vt 0.95812237 0.59705311
vt 0.95812237 0.56580311
vt 0.95719677 0.59787887
vt 0.45442060 0.64793342
vt 0.45442060 0.67625570
vt 0.45812279 0.62425822
vt 0.45534611 0.70573992
vt 0.45442060 0.73290050
vt 0.45997390 0.68322653
vt 0.45812279 0.53343511
vt 0.45719719 0.53422529
vt 0.45997390 0.54699188
vt 0.46182501 0.62109739
vt 0.45997390 0.59240341
vt 0.45812279 0.62425822
vt 0.45627171 0.56528980
vt 0.45719719 0.59477401
vt 0.45812279 0.56370938
vt 0.45812279 0.59398383
vt 0.45812279 0.56370938
vt 0.45719719 0.59477401
vt 0.29557979 0.59128863
vt 0.29557979 0.56296623
vt 0.29187760 0.61645031
vt 0.28910089 0.52911258
vt 0.29002649 0.55822521
vt 0.29557979 0.50632137
vt 0.29557979 0.73290062
vt 0.28817531 0.71192050
vt 0.28817531 0.74219489
vt 0.28817531 0.71192050
vt 0.29557979 0.73290062
vt 0.29187760 0.70727342
vt 0.28817531 0.62109739
vt 0.29280311 0.64556289
vt 0.29187760 0.61645031
vt 0.29372871 0.67467552
vt 0.29002649 0.64904821
vt 0.29187760 0.67699897
vt 0.29002649 0.64904821
vt 0.29372871 0.67467552
vt 0.29095200 0.64788651
vt 0.45442021 0.39793339
vt 0.45442021 0.42625579
vt 0.45812240 0.37425810
vt 0.45534569 0.45573989
vt 0.45442021 0.48290059
vt 0.45997351 0.43322650
vt 0.45812240 0.28343511
vt 0.45719689 0.28422531
vt 0.45997351 0.29699191
vt 0.46182469 0.37109739
vt 0.45997351 0.34240341
vt 0.45812240 0.37425810
vt 0.45627129 0.31528980
vt 0.45719689 0.34477389
vt 0.45812240 0.31370941
vt 0.45812240 0.34398380
vt 0.45812240 0.31370941
vt 0.45719689 0.34477389
vt 0.29557940 0.34128860
vt 0.29557940 0.31296629
vt 0.29187721 0.36645031
vt 0.28910050 0.27911261
vt 0.29002610 0.30822521
vt 0.29557940 0.25632149
vt 0.29557940 0.48290059
vt 0.28817499 0.46192050
vt 0.28817499 0.49219489
vt 0.28817499 0.46192050
vt 0.29557940 0.48290059
vt 0.29187721 0.45727339
vt 0.28817499 0.37109751
vt 0.29280281 0.39556289
vt 0.29187721 0.36645031
vt 0.29372829 0.42467541
vt 0.29002610 0.39904830
vt 0.29187721 0.42699900
vt 0.29002610 0.39904830
vt 0.29372829 0.42467541
vt 0.29095170 0.39788651
vt 0.00000000 0.50000000
vt 0.03125000 0.50000000
vt 0.03125000 0.46875000
vt 0.03125000 0.50000000
vt 0.06250000 0.50000000
vt 0.06250000 0.46875000
vt 0.03125000 0.46875000
vt 0.06250000 0.46875000
vt 0.06250000 0.43750000
vt 0.06250000 0.50000000
vt 0.09375000 0.50000000
vt 0.09375000 0.46875000
vt 0.09375000 0.50000000
vt 0.12500000 0.50000000
vt 0.12500000 0.46875000
vt 0.09375000 0.46875000
vt 0.12500000 0.46875000
vt 0.12500000 0.43750000
vt 0.06250000 0.43750000
vt 0.09375000 0.43750000
vt 0.09375000 0.40625000
vt 0.09375000 0.43750000
vt 0.12500000 0.43750000
vt 0.12500000 0.40625000
vt 0.09375000 0.40625000
vt 0.12500000 0.40625000
vt 0.12500000 0.37500000
vt 0.12500000 0.50000000
vt 0.15625000 0.50000000
vt 0.15625000 0.46875000
vt 0.15625000 0.50000000
vt 0.18750000 0.50000000
vt 0.18750000 0.46875000
vt 0.15625000 0.46875000
vt 0.18750000 0.46875000
vt 0.18750000 0.43750000
vt 0.18750000 0.50000000
vt 0.20312500 0.50000000
vt 0.21875000 0.46875000
vt 0.18750000 0.43750000
vt 0.21875000 0.43750000
vt 0.21875000 0.40625000
vt 0.21875000 0.43750000
vt 0.25000000 0.43750000
vt 0.25000000 0.40625000
vt 0.21875000 0.40625000
vt 0.25000000 0.40625000
vt 0.25000000 0.37500000
vt 0.12500000 0.37500000
vt 0.15625000 0.37500000
vt 0.15625000 0.34375000
vt 0.15625000 0.37500000
vt 0.18750000 0.37500000
vt 0.18750000 0.34375000
vt 0.15625000 0.34375000
vt 0.18750000 0.34375000
vt 0.18750000 0.31250000
vt 0.18750000 0.37500000
vt 0.21875000 0.37500000
vt 0.21875000 0.34375000
vt 0.21875000 0.37500000
vt 0.25000000 0.37500000
vt 0.25000000 0.34375000
vt 0.21875000 0.34375000
vt 0.25000000 0.34375000
vt 0.25000000 0.31250000
vt 0.18750000 0.31250000
vt 0.21875000 0.31250000
vt 0.21875000 0.28125000
vt 0.21875000 0.31250000
vt 0.25000000 0.31250000
vt 0.25000000 0.28125000
vt 0.21875000 0.28125000
vt 0.25000000 0.28125000
vt 0.25000000 0.25000000
vt 0.00000000 0.50000000
vt 0.03125000 0.46875000
vt 0.00000000 0.46875000
vt 0.03125000 0.46875000
vt 0.06250000 0.43750000
vt 0.03125000 0.43750000
vt 0.00000000 0.46875000
vt 0.03125000 0.43750000
vt 0.00000000 0.43750000
vt 0.06250000 0.43750000
vt 0.09375000 0.40625000
vt 0.06250000 0.40625000
vt 0.09375000 0.40625000
vt 0.12500000 0.37500000
vt 0.09375000 0.37500000
vt 0.06250000 0.40625000
vt 0.09375000 0.37500000
vt 0.06250000 0.37500000
vt 0.00000000 0.43750000
vt 0.03125000 0.40625000
vt 0.00000000 0.40625000
vt 0.03125000 0.40625000
vt 0.06250000 0.37500000
vt 0.03125000 0.37500000
vt 0.00000000 0.40625000
vt 0.03125000 0.37500000
vt 0.00000000 0.37500000
vt 0.12500000 0.37500000
vt 0.15625000 0.34375000
vt 0.12500000 0.34375000
vt 0.15625000 0.34375000
vt 0.18750000 0.31250000
vt 0.15625000 0.31250000
vt 0.12500000 0.34375000
vt 0.15625000 0.31250000
vt 0.12500000 0.31250000
vt 0.18750000 0.31250000
vt 0.21875000 0.28125000
vt 0.18750000 0.28125000
vt 0.21875000 0.28125000
vt 0.25000000 0.25000000
vt 0.21875000 0.25000000
vt 0.18750000 0.28125000
vt 0.21875000 0.25000000
vt 0.18750000 0.25000000
vt 0.12500000 0.31250000
vt 0.15625000 0.28125000
vt 0.12500000 0.28125000
vt 0.15625000 0.28125000
vt 0.18750000 0.25000000
vt 0.15625000 0.25000000
vt 0.12500000 0.28125000
vt 0.15625000 0.25000000
vt 0.12500000 0.25000000
vt 0.00000000 0.37500000
vt 0.03125000 0.34375000
vt 0.00000000 0.34375000
vt 0.03125000 0.34375000
vt 0.06250000 0.31250000
vt 0.03125000 0.31250000
vt 0.00000000 0.34375000
vt 0.03125000 0.31250000
vt 0.00000000 0.31250000
vt 0.06250000 0.31250000
vt 0.09375000 0.28125000
vt 0.06250000 0.28125000
vt 0.09375000 0.28125000
vt 0.12500000 0.25000000
vt 0.09375000 0.25000000
vt 0.06250000 0.28125000
vt 0.09375000 0.25000000
vt 0.06250000 0.25000000
vt 0.00000000 0.31250000
vt 0.03125000 0.28125000
vt 0.00000000 0.28125000
vt 0.03125000 0.28125000
vt 0.06250000 0.25000000
vt 0.03125000 0.25000000
vt 0.00000000 0.28125000
vt 0.03125000 0.25000000
vt 0.00000000 0.25000000
vt 0.74999988 1.00000000
vt 0.73101878 0.96875000
vt 0.71963012 1.00000000
vt 0.73101878 0.84375000
vt 0.71963012 0.87500000
vt 0.72722262 0.87500000
vt 0.71963012 0.75000000
vt 0.74620372 0.78125000
vt 0.74999988 0.75000000
vt 0.25000000 1.00000000
vt 0.28125000 1.00000000
vt 0.28125000 0.96875000
vt 0.28125000 1.00000000
vt 0.31250000 1.00000000
vt 0.31250000 0.96875000
vt 0.28125000 0.96875000
vt 0.31250000 0.96875000
vt 0.31250000 0.93750000
vt 0.31250000 1.00000000
vt 0.34375000 1.00000000
vt 0.34375000 0.96875000
vt 0.34375000 1.00000000
vt 0.37500000 1.00000000
vt 0.37500000 0.96875000
vt 0.34375000 0.96875000
vt 0.37500000 0.96875000
vt 0.37500000 0.93750000
vt 0.31250000 0.93750000
vt 0.34375000 0.93750000
vt 0.34375000 0.90625000
vt 0.34375000 0.93750000
vt 0.37500000 0.93750000
vt 0.37500000 0.90625000
vt 0.34375000 0.90625000
vt 0.37500000 0.90625000
vt 0.37500000 0.87500000
vt 0.37500000 1.00000000
vt 0.40625000 1.00000000
vt 0.40625000 0.96875000
vt 0.40625000 1.00000000
vt 0.43750000 1.00000000
vt 0.43750000 0.96875000
vt 0.40625000 0.96875000
vt 0.43750000 0.96875000
vt 0.43750000 0.93750000
vt 0.43750000 1.00000000
vt 0.45312500 1.00000000
vt 0.46875000 0.96875000
vt 0.43750000 0.93750000
vt 0.46875000 0.93750000
vt 0.46875000 0.90625000
vt 0.46875000 0.93750000
vt 0.50000000 0.93750000
vt 0.50000000 0.90625000
vt 0.46875000 0.90625000
vt 0.50000000 0.90625000
vt 0.50000000 0.87500000
vt 0.37500000 0.87500000
vt 0.40625000 0.87500000
vt 0.40625000 0.84375000
vt 0.40625000 0.87500000
vt 0.43750000 0.87500000
vt 0.43750000 0.84375000
vt 0.40625000 0.84375000
vt 0.43750000 0.84375000
vt 0.43750000 0.81250000
vt 0.43750000 0.87500000
vt 0.46875000 0.87500000
vt 0.46875000 0.84375000
vt 0.46875000 0.87500000
vt 0.50000000 0.87500000
vt 0.50000000 0.84375000
vt 0.46875000 0.84375000
vt 0.50000000 0.84375000
vt 0.50000000 0.81250000
vt 0.43750000 0.81250000
vt 0.46875000 0.81250000
vt 0.46875000 0.78125000
vt 0.46875000 0.81250000
vt 0.50000000 0.81250000
vt 0.50000000 0.78125000
vt 0.46875000 0.78125000
vt 0.50000000 0.78125000
vt 0.50000000 0.75000000
vt 0.25000000 1.00000000
vt 0.28125000 0.96875000
vt 0.25000000 0.96875000
vt 0.28125000 0.96875000
vt 0.31250000 0.93750000
vt 0.28125000 0.93750000
vt 0.25000000 0.96875000
vt 0.28125000 0.93750000
vt 0.25000000 0.93750000
vt 0.31250000 0.93750000
vt 0.34375000 0.90625000
vt 0.31250000 0.90625000
vt 0.34375000 0.90625000
vt 0.37500000 0.87500000
vt 0.34375000 0.87500000
vt 0.31250000 0.90625000
vt 0.34375000 0.87500000
vt 0.31250000 0.87500000
vt 0.25000000 0.93750000
vt 0.28125000 0.90625000
vt 0.25000000 0.90625000
vt 0.28125000 0.90625000
vt 0.31250000 0.87500000
vt 0.28125000 0.87500000
vt 0.25000000 0.90625000
vt 0.28125000 0.87500000
vt 0.25000000 0.87500000
vt 0.37500000 0.87500000
vt 0.40625000 0.84375000
vt 0.37500000 0.84375000
vt 0.40625000 0.84375000
vt 0.43750000 0.81250000
vt 0.40625000 0.81250000
vt 0.37500000 0.84375000
vt 0.40625000 0.81250000
vt 0.37500000 0.81250000
vt 0.43750000 0.81250000
vt 0.46875000 0.78125000
vt 0.43750000 0.78125000
vt 0.46875000 0.78125000
vt 0.50000000 0.75000000
vt 0.46875000 0.75000000
vt 0.43750000 0.78125000
vt 0.46875000 0.75000000
vt 0.43750000 0.75000000
vt 0.37500000 0.81250000
vt 0.40625000 0.78125000
vt 0.37500000 0.78125000
vt 0.40625000 0.78125000
vt 0.43750000 0.75000000
vt 0.40625000 0.75000000
vt 0.37500000 0.78125000
vt 0.40625000 0.75000000
vt 0.37500000 0.75000000
vt 0.25000000 0.87500000
vt 0.28125000 0.84375000
vt 0.25000000 0.84375000
vt 0.28125000 0.84375000
vt 0.31250000 0.81250000
vt 0.28125000 0.81250000
vt 0.25000000 0.84375000
vt 0.28125000 0.81250000
vt 0.25000000 0.81250000
vt 0.31250000 0.81250000
vt 0.34375000 0.78125000
vt 0.31250000 0.78125000
vt 0.34375000 0.78125000
vt 0.37500000 0.75000000
vt 0.34375000 0.75000000
vt 0.31250000 0.78125000
vt 0.34375000 0.75000000
vt 0.31250000 0.75000000
vt 0.25000000 0.81250000
vt 0.28125000 0.78125000
vt 0.25000000 0.78125000
vt 0.28125000 0.78125000
vt 0.31250000 0.75000000
vt 0.28125000 0.75000000
vt 0.25000000 0.78125000
vt 0.28125000 0.75000000
vt 0.25000000 0.75000000
vt 0.74999988 0.50000000
vt 0.73101872 0.46875000
vt 0.71962988 0.50000000
vt 0.73101872 0.34375000
vt 0.71962988 0.37500000
vt 0.72722238 0.37500000
vt 0.71962988 0.25000000
vt 0.74620372 0.28125000
vt 0.74999988 0.25000000
vt 0.78036988 0.81250000
vt 0.78036988 0.79687500
vt 0.77277738 0.87500000
vt 0.77657372 0.81250000
vt 0.78036988 0.75000000
vt 0.76898110 0.87500000
vt 0.78036988 0.75000000
vt 0.76138872 0.84375000
vt 0.76518488 0.87500000
vt 0.76138872 0.84375000
vt 0.78036988 0.75000000
vt 0.76898122 0.78125000
vt 0.78036988 1.00000000
vt 0.77657372 0.96875000
vt 0.74999988 1.00000000
vt 0.76138872 0.96875000
vt 0.74999988 1.00000000
vt 0.77657372 0.96875000
vt 0.75759238 0.90625000
vt 0.74999988 0.93750000
vt 0.76138872 0.90625000
vt 0.00000000 0.00000000
vt 0.01898130 0.03125000
vt 0.03037010 0.00000000
vt 0.01898130 0.03125000
vt 0.00000000 0.00000000
vt 0.00379630 0.03125000
vt 0.02657390 0.21875000
vt 0.02277760 0.18750000
vt 0.01898130 0.21875000
vt 0.00000000 0.12500000
vt 0.00379630 0.15625000
vt 0.00949070 0.14062500
vt 0.00759250 0.18750000
vt 0.00379630 0.15625000
vt 0.00000000 0.18750000
vt 0.00000000 0.15625000
vt 0.00000000 0.18750000
vt 0.00379630 0.15625000
vt 0.25000000 0.12500000
vt 0.24620380 0.09375000
vt 0.23481511 0.12500000
vt 0.25000000 0.09375000
vt 0.25000000 0.06250000
vt 0.24620380 0.09375000
vt 0.24240750 0.06250000
vt 0.23101880 0.03125000
vt 0.22722261 0.06250000
vt 0.22342640 0.03125000
vt 0.22722261 0.06250000
vt 0.23101880 0.03125000
vt 0.25000000 0.24999990
vt 0.23101880 0.21874990
vt 0.21963011 0.24999990
vt 0.23101880 0.21874990
vt 0.25000000 0.24999990
vt 0.24620380 0.21874990
vt 0.20442060 0.21379530
vt 0.16471040 0.18419680
vt 0.18456550 0.21379530
vt 0.16471040 0.18419680
vt 0.20442060 0.21379530
vt 0.20442060 0.18419680
vt 0.20442060 0.18419680
vt 0.20442060 0.15459840
vt 0.18456550 0.15459840
vt 0.20442060 0.15459840
vt 0.20442060 0.12500000
vt 0.18456550 0.12500000
vt 0.18456550 0.15459840
vt 0.18456550 0.12500000
vt 0.16471040 0.12500000
vt 0.16471040 0.06580310
vt 0.17463790 0.08060230
vt 0.20442060 0.06580310
vt 0.20442060 0.03620470
vt 0.20442060 0.00660620
vt 0.18456550 0.03620470
vt 0.16471040 0.00660620
vt 0.18456550 0.03620470
vt 0.20442060 0.00660620
vt 0.16471040 0.03620470
vt 0.16471040 0.00660620
vt 0.14485531 0.03620470
vt 0.12500019 0.00660620
vt 0.14485531 0.03620470
vt 0.16471040 0.00660620
vt 0.12500019 0.09540150
vt 0.08529000 0.06580310
vt 0.10514510 0.09540150
vt 0.08529000 0.06580310
vt 0.12500019 0.09540150
vt 0.12500019 0.06580310
vt 0.12500019 0.03620470
vt 0.08529000 0.00660620
vt 0.10514510 0.03620470
vt 0.08529000 0.00660620
vt 0.12500019 0.03620470
vt 0.12500019 0.00660620
vt 0.08529000 0.03620470
vt 0.04557980 0.00660620
vt 0.06543490 0.03620470
vt 0.04557980 0.00660620
vt 0.08529000 0.03620470
vt 0.08529000 0.00660620
vt 0.16471040 0.18419680
vt 0.12500019 0.15459840
vt 0.12500019 0.18419680
vt 0.16471040 0.24339370
vt 0.12500019 0.21379530
vt 0.12500019 0.24339370
vt 0.12500019 0.21379530
vt 0.16471040 0.24339370
vt 0.14485531 0.21379530
vt 0.10514510 0.09540150
vt 0.08529000 0.06580310
vt 0.08529000 0.09540150
vt 0.10514510 0.12500000
vt 0.08529000 0.09540150
vt 0.08529000 0.12500000
vt 0.08529000 0.06580310
vt 0.04557980 0.03620470
vt 0.04557980 0.06580310
vt 0.04557980 0.03620470
vt 0.08529000 0.06580310
vt 0.06543490 0.03620470
vt 0.08529000 0.12500000
vt 0.04557980 0.09540150
vt 0.04557980 0.12500000
vt 0.12500019 0.24339370
vt 0.10514510 0.21379530
vt 0.08529000 0.24339370
vt 0.08529000 0.21379530
vt 0.08529000 0.24339370
vt 0.10514510 0.21379530
vt 0.08529000 0.18419680
vt 0.04557980 0.15459840
vt 0.04557980 0.18419680
vt 0.04557980 0.15459840
vt 0.08529000 0.18419680
vt 0.06543490 0.15459840
vt 0.08529000 0.24339370
vt 0.06543490 0.21379530
vt 0.04557980 0.24339370
vt 0.04557980 0.21379530
vt 0.04557980 0.24339370
vt 0.06543490 0.21379530
vt 1.00000000 0.87500000
vt 1.00000000 0.84375000
vt 0.98481488 0.87500000
vt 0.96962988 0.75000000
vt 0.98861122 0.78125000
vt 1.00000000 0.75000000
vt 0.98861122 0.78125000
vt 0.97722238 0.81250000
vt 0.99620372 0.78125000
vt 0.96962988 1.00000000
vt 0.98861122 0.90625000
vt 0.98481488 0.87500000
vt 0.98861122 0.90625000
vt 0.96962988 1.00000000
vt 0.98101872 0.96875000
vt 0.96962988 0.93750000
vt 0.96962988 0.95312500
vt 0.97722238 0.87500000
vt 0.97342622 0.93750000
vt 0.96962988 1.00000000
vt 0.98101872 0.87500000
vt 0.96962988 0.96875000
vt 0.92231488 0.93750000
vt 0.94597238 0.96875000
vt 0.92231488 0.93750000
vt 0.96962988 0.96875000
vt 0.96962988 0.93750000
vt 0.96962988 0.90625000
vt 0.96962988 0.87500000
vt 0.94597238 0.90625000
vt 0.92231488 0.87500000
vt 0.94597238 0.90625000
vt 0.96962988 0.87500000
vt 0.92231488 0.90625000
vt 0.92231488 0.87500000
vt 0.89865738 0.90625000
vt 0.87499988 0.87500000
vt 0.89865738 0.90625000
vt 0.92231488 0.87500000
vt 0.96962988 0.84375000
vt 0.96962988 0.81250000
vt 0.94597238 0.84375000
vt 0.92231488 0.81250000
vt 0.94597238 0.84375000
vt 0.96962988 0.81250000
vt 0.96962988 0.78125000
vt 0.96962988 0.75000000
vt 0.94597238 0.78125000
vt 0.92231488 0.75000000
vt 0.94597238 0.78125000
vt 0.96962988 0.75000000
vt 0.92231488 0.78125000
vt 0.92231488 0.75000000
vt 0.89865738 0.78125000
vt 0.87499988 0.75000000
vt 0.89865738 0.78125000
vt 0.92231488 0.75000000
vt 0.82768488 0.81250000
vt 0.85134238 0.84375000
vt 0.87499988 0.81250000
vt 0.87499988 0.78125000
vt 0.87499988 0.75000000
vt 0.85134238 0.78125000
vt 0.82768488 0.75000000
vt 0.85134238 0.78125000
vt 0.87499988 0.75000000
vt 0.82768488 0.78125000
vt 0.78036988 0.75000000
vt 0.81585610 0.78125000
vt 0.78036988 0.75000000
vt 0.82768488 0.78125000
vt 0.82768488 0.75000000
vt 0.96962988 1.00000000
vt 0.92231488 0.96875000
vt 0.92231488 1.00000000
vt 0.92231488 0.96875000
vt 0.96962988 1.00000000
vt 0.93414372 0.96875000
vt 0.92231488 0.93750000
vt 0.89865738 0.90625000
vt 0.87499988 0.93750000
vt 0.92231488 1.00000000
vt 0.89865738 0.96875000
vt 0.87499988 1.00000000
vt 0.87499988 0.96875000
vt 0.87499988 1.00000000
vt 0.89865738 0.96875000
vt 0.87499988 0.87500000
vt 0.85134238 0.84375000
vt 0.82768488 0.87500000
vt 0.82768488 0.84375000
vt 0.82768488 0.87500000
vt 0.85134238 0.84375000
vt 0.82768488 0.81250000
vt 0.78036988 0.78125000
vt 0.78036988 0.81250000
vt 0.78036988 0.78125000
vt 0.82768488 0.81250000
vt 0.80402738 0.78125000
vt 0.82768488 0.87500000
vt 0.80402738 0.84375000
vt 0.78036988 0.87500000
vt 0.78036988 0.84375000
vt 0.78036988 0.87500000
vt 0.80402738 0.84375000
vt 0.87499988 1.00000000
vt 0.85134238 0.96875000
vt 0.82768488 1.00000000
vt 0.82768488 0.96875000
vt 0.82768488 1.00000000
vt 0.85134238 0.96875000
vt 0.82768488 0.93750000
vt 0.80402738 0.90625000
vt 0.78036988 0.93750000
vt 0.78036988 0.90625000
vt 0.78036988 0.93750000
vt 0.80402738 0.90625000
vt 0.82768488 1.00000000
vt 0.80402738 0.96875000
vt 0.78036988 1.00000000
vt 0.78036988 0.96875000
vt 0.78036988 1.00000000
vt 0.80402738 0.96875000
vt 0.53036988 0.37500000
vt 0.52277738 0.43750000
vt 0.53036988 0.40625000
vt 0.52277738 0.31250009
vt 0.51898122 0.28125009
vt 0.50759238 0.31250009
vt 0.51898122 0.28125009
vt 0.52277738 0.31250009
vt 0.52657372 0.28125009
vt 0.58528960 0.48290059
vt 0.60514468 0.48290059
vt 0.62499982 0.42625579
vt 0.62499982 0.45457819
vt 0.62499982 0.42625579
vt 0.60514468 0.48290059
vt 0.62499982 0.39793339
vt 0.62499982 0.36961100
vt 0.60514468 0.42625579
vt 0.62499982 0.48290059
vt 0.66470999 0.48290059
vt 0.64485490 0.45457819
vt 0.66470999 0.45457819
vt 0.64485490 0.45457819
vt 0.66470999 0.48290059
vt 0.66470999 0.48290059
vt 0.70442021 0.48290059
vt 0.68456513 0.45457819
vt 0.70442021 0.45457819
vt 0.68456513 0.45457819
vt 0.70442021 0.48290059
vt 0.66470999 0.34128860
vt 0.64485490 0.34128860
vt 0.66470999 0.36961100
vt 0.66470999 0.36961100
vt 0.70442021 0.36961100
vt 0.68456513 0.34128860
vt 0.66470999 0.31296620
vt 0.70442021 0.31296620
vt 0.68456513 0.28464380
vt 0.54557937 0.48290059
vt 0.56543452 0.42625579
vt 0.54557937 0.45457819
vt 0.56543452 0.42625579
vt 0.54557937 0.48290059
vt 0.58528960 0.42625579
vt 0.58528960 0.42625579
vt 0.60514468 0.36961100
vt 0.58528960 0.39793339
vt 0.60514468 0.36961100
vt 0.58528960 0.42625579
vt 0.62499982 0.36961100
vt 0.56543452 0.36961100
vt 0.54557937 0.42625579
vt 0.57536209 0.36961100
vt 0.62499982 0.31296620
vt 0.64485490 0.34128860
vt 0.66470999 0.31296620
vt 0.68456513 0.28464380
vt 0.66470999 0.25632140
vt 0.66470999 0.28464380
vt 0.66470999 0.25632140
vt 0.68456513 0.28464380
vt 0.70442021 0.25632140
vt 0.64485490 0.28464380
vt 0.62499982 0.25632149
vt 0.62499982 0.28464380
vt 0.62499982 0.25632149
vt 0.64485490 0.28464380
vt 0.66470999 0.25632140
vt 0.56543452 0.34128860
vt 0.54557937 0.31296629
vt 0.54557937 0.34128860
vt 0.54557937 0.31296629
vt 0.56543452 0.34128860
vt 0.58528960 0.31296620
vt 0.60514468 0.28464380
vt 0.58528960 0.25632149
vt 0.58528960 0.28464389
vt 0.58528960 0.25632149
vt 0.60514468 0.28464380
vt 0.62499982 0.25632149
vt 0.56543452 0.28464389
vt 0.54557937 0.25632149
vt 0.54557937 0.28464389
vt 0.54557937 0.25632149
vt 0.56543452 0.28464389
vt 0.58528960 0.25632149
vt 0.53037012 0.87500000
vt 0.52277762 0.93750000
vt 0.53037012 0.90625000
vt 0.52277762 0.81250000
vt 0.51898128 0.78125000
vt 0.50759262 0.81250000
vt 0.51898128 0.78125000
vt 0.52277762 0.81250000
vt 0.52657378 0.78125000
vt 0.58529001 0.98290062
vt 0.60514510 0.98290062
vt 0.62500018 0.92625582
vt 0.62500018 0.95457822
vt 0.62500018 0.92625582
vt 0.60514510 0.98290062
vt 0.62500018 0.89793342
vt 0.62500018 0.86961102
vt 0.60514510 0.92625582
vt 0.62500018 0.98290062
vt 0.66471040 0.98290062
vt 0.64485532 0.95457822
vt 0.66471040 0.95457822
vt 0.64485532 0.95457822
vt 0.66471040 0.98290062
vt 0.66471040 0.98290062
vt 0.70442063 0.98290062
vt 0.68456548 0.95457822
vt 0.70442063 0.95457822
vt 0.68456548 0.95457822
vt 0.70442063 0.98290062
vt 0.66471040 0.84128863
vt 0.64485532 0.84128863
vt 0.66471040 0.86961102
vt 0.66471040 0.86961102
vt 0.70442063 0.86961102
vt 0.68456548 0.84128863
vt 0.66471040 0.81296623
vt 0.70442063 0.81296623
vt 0.68456548 0.78464383
vt 0.54557979 0.98290062
vt 0.56543487 0.92625582
vt 0.54557979 0.95457822
vt 0.56543487 0.92625582
vt 0.54557979 0.98290062
vt 0.58529001 0.92625582
vt 0.58529001 0.92625582
vt 0.60514510 0.86961102
vt 0.58529001 0.89793342
vt 0.60514510 0.86961102
vt 0.58529001 0.92625582
vt 0.62500018 0.86961102
vt 0.56543487 0.86961102
vt 0.54557979 0.92625582
vt 0.57536238 0.86961102
vt 0.62500018 0.81296623
vt 0.64485532 0.84128863
vt 0.66471040 0.81296623
vt 0.68456548 0.78464383
vt 0.66471040 0.75632137
vt 0.66471040 0.78464383
vt 0.66471040 0.75632137
vt 0.68456548 0.78464383
vt 0.70442063 0.75632137
vt 0.64485532 0.78464383
vt 0.62500018 0.75632137
vt 0.62500018 0.78464383
vt 0.62500018 0.75632137
vt 0.64485532 0.78464383
vt 0.66471040 0.75632137
vt 0.56543487 0.84128863
vt 0.54557979 0.81296623
vt 0.54557979 0.84128863
vt 0.54557979 0.81296623
vt 0.56543487 0.84128863
vt 0.58529001 0.81296623
vt 0.60514510 0.78464383
vt 0.58529001 0.75632137
vt 0.58529001 0.78464383
vt 0.58529001 0.75632137
vt 0.60514510 0.78464383
vt 0.62500018 0.75632137
vt 0.56543487 0.78464383
vt 0.54557979 0.75632137
vt 0.54557979 0.78464383
vt 0.54557979 0.75632137
vt 0.56543487 0.78464383
vt 0.58529001 0.75632137
vt 0.21767880 0.18750000
vt 0.21377631 0.18750000
vt 0.21865450 0.21874990
vt 0.21670321 0.21874990
vt 0.21865450 0.21874990
vt 0.21377631 0.18750000
vt 0.21182500 0.09375000
vt 0.21182500 0.12500000
vt 0.21280070 0.06250000
vt 0.21377631 0.06250000
vt 0.21280070 0.06250000
vt 0.21182500 0.12500000
vt 0.21963011 0.00000000
vt 0.21280070 0.03125000
vt 0.21377631 0.06250000
vt 0.03232140 0.06250000
vt 0.03622400 0.06250000
vt 0.03134580 0.03125000
vt 0.03329710 0.03125000
vt 0.03134580 0.03125000
vt 0.03622400 0.06250000
vt 0.03817530 0.15625000
vt 0.03817530 0.12500000
vt 0.03719970 0.18750000
vt 0.03037010 0.25000000
vt 0.03719970 0.21875000
vt 0.03622400 0.18750000
vt 0.53817499 0.25000009
vt 0.53329682 0.34375009
vt 0.53427237 0.37500000
vt 0.53329682 0.34375009
vt 0.53817499 0.25000009
vt 0.53524798 0.28125009
vt 0.53232121 0.31250009
vt 0.53622371 0.25000009
vt 0.53427237 0.25000009
vt 0.53427237 0.37500000
vt 0.53817499 0.40137181
vt 0.53817499 0.37109751
vt 0.53817499 0.43164620
vt 0.53524798 0.40429869
vt 0.53622371 0.43359739
vt 0.53524798 0.40429869
vt 0.53817499 0.43164620
vt 0.53622371 0.40332311
vt 0.71962988 0.46875000
vt 0.71962988 0.43750000
vt 0.71182472 0.49219480
vt 0.71182472 0.34082311
vt 0.71572733 0.37109739
vt 0.71182472 0.31054869
vt 0.71670288 0.28027439
vt 0.71182472 0.25000000
vt 0.71280032 0.28027439
vt 0.53817528 0.75000000
vt 0.53329712 0.84375000
vt 0.53427267 0.87500000
vt 0.53329712 0.84375000
vt 0.53817528 0.75000000
vt 0.53524840 0.78125000
vt 0.53232151 0.81250000
vt 0.53622401 0.75000000
vt 0.53427267 0.75000000
vt 0.53427267 0.87500000
vt 0.53817528 0.90137178
vt 0.53817528 0.87109739
vt 0.53817528 0.93164623
vt 0.53524840 0.90429872
vt 0.53622401 0.93359739
vt 0.53524840 0.90429872
vt 0.53817528 0.93164623
vt 0.53622401 0.90332311
vt 0.71963012 0.96875000
vt 0.71963012 0.93750000
vt 0.71182501 0.99219477
vt 0.71182501 0.84082311
vt 0.71572763 0.87109739
vt 0.71182501 0.81054872
vt 0.71670318 0.78027439
vt 0.71182501 0.75000000
vt 0.71280062 0.78027439
vt 0.21182500 0.24999990
vt 0.21182500 0.21874990
vt 0.20442060 0.24339370
vt 0.20812280 0.21544680
vt 0.20442060 0.24339370
vt 0.21182500 0.21874990
vt 0.20812280 0.12169690
vt 0.20442060 0.09540150
vt 0.20442060 0.12500000
vt 0.03817530 0.00000000
vt 0.03817530 0.03125000
vt 0.04557980 0.00660620
vt 0.04187760 0.03455310
vt 0.04557980 0.00660620
vt 0.03817530 0.03125000
vt 0.04187760 0.12830310
vt 0.04557980 0.15459840
vt 0.04557980 0.12500000
vt 0.53817499 0.25000009
vt 0.53817499 0.28027439
vt 0.54557937 0.25632149
vt 0.54187721 0.28343511
vt 0.54557937 0.25632149
vt 0.53817499 0.28027439
vt 0.54187721 0.37425819
vt 0.54557937 0.39793339
vt 0.54557937 0.36961100
vt 0.54557937 0.48290059
vt 0.53910053 0.46271071
vt 0.53817499 0.49219489
vt 0.71182472 0.49219480
vt 0.71182472 0.46192050
vt 0.70442021 0.48290059
vt 0.70812237 0.45727330
vt 0.70442021 0.48290059
vt 0.71182472 0.46192050
vt 0.70442021 0.25632140
vt 0.71089911 0.27911261
vt 0.71182472 0.25000000
vt 0.53817528 0.75000000
vt 0.53817528 0.78027439
vt 0.54557979 0.75632137
vt 0.54187763 0.78343511
vt 0.54557979 0.75632137
vt 0.53817528 0.78027439
vt 0.54187763 0.87425822
vt 0.54557979 0.89793342
vt 0.54557979 0.86961102
vt 0.54557979 0.98290062
vt 0.53910089 0.96271068
vt 0.53817528 0.99219489
vt 0.71182501 0.99219477
vt 0.71182501 0.96192050
vt 0.70442063 0.98290062
vt 0.70812279 0.95727342
vt 0.70442063 0.98290062
vt 0.71182501 0.96192050
vt 0.70442063 0.75632137
vt 0.71089947 0.77911258
vt 0.71182501 0.75000000
vt 0.91470999 0.68419689
vt 0.92463762 0.65459847
vt 0.91470999 0.65459847
vt 0.83528960 0.59540153
vt 0.83528960 0.56580311
vt 0.82536209 0.59540153
vt 0.17463790 0.09540150
vt 0.16471040 0.09540150
vt 0.18456550 0.12500000
vt 0.45442060 0.67625570
vt 0.44449300 0.64793342
vt 0.43456551 0.64793342
vt 0.45442021 0.42625579
vt 0.44449270 0.39793339
vt 0.43456510 0.39793339
vt 0.05550730 0.19899610
vt 0.04557980 0.18419680
vt 0.04557980 0.21379530
vt 0.58528960 0.45457819
vt 0.57536209 0.46873939
vt 0.58528960 0.48290059
vt 0.58529001 0.95457822
vt 0.57536238 0.96873939
vt 0.58529001 0.98290062
vt 1.00000000 0.56250000
vt 0.99620372 0.54687500
vt 0.99240738 0.56250000
vt 0.05550730 0.19899610
vt 0.08529000 0.18419680
vt 0.04557980 0.18419680
vt 0.91470999 0.65459847
vt 0.92463762 0.65459847
vt 0.91470999 0.62500000
vt 0.92463762 0.63979918
vt 0.93456513 0.65459847
vt 0.95442021 0.62500000
vt 0.82536209 0.61020082
vt 0.81543452 0.59540153
vt 0.79557937 0.62500000
vt 0.83528960 0.59540153
vt 0.82536209 0.59540153
vt 0.83528960 0.62500000
vt 0.16471040 0.09540150
vt 0.17463790 0.09540150
vt 0.16471040 0.06580310
vt 0.21875000 0.78125000
vt 0.20312500 0.75000000
vt 0.19531250 0.75000000
vt 0.04687500 1.00000000
vt 0.03125000 0.96875000
vt 0.03125000 1.00000000
vt 0.21875000 0.53125000
vt 0.20312500 0.50000000
vt 0.19531250 0.50000000
vt 0.04687500 0.75000000
vt 0.03125000 0.71875000
vt 0.03125000 0.75000000
vt 0.26328689 0.70312500
vt 0.26898131 0.71875000
vt 0.27277759 0.68750000
vt 0.72342628 0.53125000
vt 0.73671311 0.54687500
vt 0.73101878 0.53125000
vt 0.98671311 0.54687500
vt 0.97342622 0.53125000
vt 0.99240738 0.56250000
vt 0.92463762 0.66939771
vt 0.95442021 0.68419689
vt 0.93456513 0.65459847
vt 0.79557937 0.56580311
vt 0.82536209 0.58060229
vt 0.83528960 0.56580311
vt 0.43456551 0.63377208
vt 0.41471040 0.61961102
vt 0.44449300 0.64793342
vt 0.43456551 0.64793342
vt 0.44449300 0.64793342
vt 0.41471040 0.61961102
vt 0.41471040 0.67625570
vt 0.39485529 0.66917509
vt 0.39485529 0.67625570
vt 0.43456510 0.38377219
vt 0.41470999 0.36961100
vt 0.44449270 0.39793339
vt 0.43456510 0.39793339
vt 0.44449270 0.39793339
vt 0.41470999 0.36961100
vt 0.41470999 0.42625579
vt 0.39485490 0.41917521
vt 0.39485490 0.42625579
vt 0.21875000 0.46875000
vt 0.25000000 0.45312500
vt 0.25000000 0.44531250
vt 0.46875000 0.96875000
vt 0.50000000 0.95312500
vt 0.50000000 0.94531250
vt 0.00000000 0.12500000
vt 0.00949070 0.14062500
vt 0.01518510 0.12500000
vt 0.17463790 0.08060230
vt 0.18456550 0.09540150
vt 0.20442060 0.06580310
vt 0.52277738 0.46875000
vt 0.52657372 0.46875000
vt 0.52372652 0.46093750
vt 0.58528960 0.45457819
vt 0.58528960 0.42625579
vt 0.57536209 0.46873939
vt 0.57536209 0.36961100
vt 0.54557937 0.42625579
vt 0.58528960 0.36961100
vt 0.52277762 0.96875000
vt 0.52657378 0.96875000
vt 0.52372658 0.96093750
vt 0.58529001 0.95457822
vt 0.58529001 0.92625582
vt 0.57536238 0.96873939
vt 0.57536238 0.86961102
vt 0.54557979 0.92625582
vt 0.58529001 0.86961102
vt 0.99240738 0.68750000
vt 0.99430561 0.70312500
vt 1.00000000 0.68750000
vt 0.69005817 0.71875000
vt 0.67231512 0.68750000
vt 0.68414390 0.71875000
vt 0.55994201 0.53125000
vt 0.57768512 0.56250000
vt 0.56585628 0.53125000
vt 0.06250000 0.78125000
vt 0.04687500 0.75000000
vt 0.03125000 0.75000000
vt 0.72342628 0.59375000
vt 0.72342628 0.57812500
vt 0.72152817 0.58593750
vt 0.96670288 0.71875000
vt 0.96621507 0.70312500
vt 0.96377599 0.68750000
vt 0.20312500 0.50000000
vt 0.21875000 0.50000000
vt 0.21875000 0.46875000
vt 0.45312500 1.00000000
vt 0.46875000 1.00000000
vt 0.46875000 0.96875000
vt 0.68414390 0.71875000
vt 0.67231512 0.70312500
vt 0.67231512 0.71875000
vt 0.56585628 0.53125000
vt 0.57768512 0.54687500
vt 0.57768512 0.53125000
vt 0.21875000 0.78125000
vt 0.19531250 0.75000000
vt 0.18750000 0.75000000
vt 0.53037012 0.56250000
vt 0.54219890 0.53125000
vt 0.53037012 0.53125000
vt 0.81585610 0.78125000
vt 0.82768488 0.81250000
vt 0.82768488 0.78125000
vt 0.92231488 0.96875000
vt 0.93414372 0.96875000
vt 0.92231488 0.93750000
vt 0.51708323 0.67187500
vt 0.51138878 0.65625000
vt 0.50949073 0.67187500
vt 0.69597262 0.56250000
vt 0.69597262 0.59375000
vt 0.70780128 0.56250000
vt 0.05468750 0.80468750
vt 0.06250000 0.78125000
vt 0.04687500 0.79687500
vt 0.71963012 0.71875000
vt 0.70780128 0.73437500
vt 0.71667290 0.73046881
vt 0.69597262 0.50000000
vt 0.69597262 0.53125000
vt 0.71963012 0.50000000
vt 0.53037012 0.53125000
vt 0.54219890 0.51562500
vt 0.53037012 0.50000012
vt 0.54219890 0.51562500
vt 0.55402762 0.53125000
vt 0.57768512 0.50000000
vt 0.47722259 0.53125000
vt 0.47722259 0.56250000
vt 0.47912070 0.53125000
vt 0.46670321 0.53125000
vt 0.46792269 0.52343750
vt 0.46475190 0.53125000
vt 0.46767861 0.31250000
vt 0.46328810 0.29687500
vt 0.46377599 0.31250000
vt 0.46280029 0.28125000
vt 0.46621510 0.29687500
vt 0.46475160 0.28125000
vt 0.46621510 0.29687500
vt 0.46280029 0.28125000
vt 0.46523950 0.29687500
vt 0.45627129 0.28501540
vt 0.45997351 0.29699191
vt 0.45719689 0.28422531
vt 0.45997351 0.29699191
vt 0.45627129 0.28501540
vt 0.46182469 0.31054869
vt 0.78036988 0.79687500
vt 0.78036988 0.78125000
vt 0.77277738 0.87500000
vt 0.96962988 0.95312500
vt 0.96962988 0.96875000
vt 0.97722238 0.87500000
vt 0.81585610 0.78125000
vt 0.78036988 0.75000000
vt 0.80402738 0.78125000
vt 0.93414372 0.96875000
vt 0.96962988 1.00000000
vt 0.94597238 0.96875000
vt 0.21875000 0.46875000
vt 0.25000000 0.44531250
vt 0.25000000 0.43750000
vt 0.46875000 0.96875000
vt 0.50000000 0.94531250
vt 0.50000000 0.93750000
vt 0.52277738 0.43750000
vt 0.52182841 0.44531250
vt 0.52657372 0.46875000
vt 0.52277738 0.46875000
vt 0.52372652 0.46093750
vt 0.52087933 0.45312500
vt 0.52277762 0.93750000
vt 0.52182847 0.94531250
vt 0.52657378 0.96875000
vt 0.52277762 0.96875000
vt 0.52372658 0.96093750
vt 0.52087939 0.95312500
vt 0.66048628 0.57812500
vt 0.64865762 0.59375000
vt 0.67231512 0.59375000
vt 0.35514510 0.67625570
vt 0.35514510 0.64793342
vt 0.33529001 0.67625582
vt 0.35514471 0.42625579
vt 0.35514471 0.39793339
vt 0.33528960 0.42625579
vt 0.55402762 0.68750000
vt 0.55402762 0.65625000
vt 0.54219890 0.68750000
vt 0.64865762 0.56250000
vt 0.64865762 0.53125000
vt 0.62500012 0.56250000
vt 0.35514510 0.70457822
vt 0.35514510 0.67625570
vt 0.33529001 0.67625582
vt 0.35514471 0.45457819
vt 0.35514471 0.42625579
vt 0.33528960 0.42625579
vt 0.01562500 0.82812500
vt 0.00000000 0.81250000
vt 0.00000000 0.84375000
vt 0.62500012 0.56250000
vt 0.64865762 0.59375000
vt 0.64865762 0.56250000
vt 0.45627171 0.53501552
vt 0.45997390 0.54699188
vt 0.45719719 0.53422529
vt 0.45997390 0.54699188
vt 0.45627171 0.53501552
vt 0.46182501 0.56054872
vt 0.20442060 0.24339370
vt 0.16471040 0.23599410
vt 0.16471040 0.23969389
vt 0.47912070 0.53125000
vt 0.47722259 0.56250000
vt 0.48101881 0.53125000
vt 0.46792269 0.52343750
vt 0.46914229 0.51562500
vt 0.46475190 0.53125000
vt 0.46280071 0.53125000
vt 0.46450800 0.53906250
vt 0.46377629 0.53125000
vt 0.46450800 0.53906250
vt 0.46621540 0.54687500
vt 0.46548370 0.53906250
vt 0.58951390 0.67187500
vt 0.60134262 0.65625000
vt 0.57768512 0.65625000
vt 0.30305171 0.49902439
vt 0.32573360 0.49804869
vt 0.28817499 0.49219489
vt 0.28622371 0.31054881
vt 0.28329679 0.28027439
vt 0.28524810 0.31054881
vt 0.26518491 0.25000009
vt 0.25949061 0.26562509
vt 0.25759250 0.31250009
vt 0.60134262 0.68750000
vt 0.60134262 0.71875000
vt 0.62500012 0.68750000
vt 0.43456551 0.67625570
vt 0.41471040 0.64793342
vt 0.41471040 0.67625570
vt 0.43456510 0.42625579
vt 0.41470999 0.39793339
vt 0.41470999 0.42625579
vt 0.16471040 0.18789659
vt 0.12500019 0.18419680
vt 0.14485531 0.18789659
vt 0.25000000 0.54687500
vt 0.25000000 0.53125000
vt 0.21875000 0.53125000
vt 0.60134262 0.65625000
vt 0.60134262 0.68750000
vt 0.62500012 0.68750000
vt 0.78134549 0.53125000
vt 0.78476018 0.54687500
vt 0.78329682 0.53125000
vt 0.70780128 0.56250000
vt 0.69597262 0.59375000
vt 0.71963012 0.56250000
vt 0.71667290 0.73046881
vt 0.70780128 0.73437500
vt 0.71371567 0.74218750
vt 0.71963012 0.71875000
vt 0.71667290 0.74609381
vt 0.71963012 0.75000000
vt 0.53037012 0.70312500
vt 0.53037012 0.71875000
vt 0.55402762 0.68750000
vt 0.61507231 0.36961100
vt 0.60514468 0.34128860
vt 0.60514468 0.36961100
vt 0.61507261 0.86961102
vt 0.60514510 0.84128863
vt 0.60514510 0.86961102
vt 0.72532451 0.57812500
vt 0.72722262 0.56250000
vt 0.72342628 0.57812500
vt 0.75379622 0.56250000
vt 0.75569433 0.57812500
vt 0.75664341 0.57031250
vt 0.54219890 0.68750000
vt 0.55402762 0.65625000
vt 0.53037012 0.68750000
vt 0.60514468 0.36961100
vt 0.59521723 0.35544980
vt 0.58528960 0.36961100
vt 0.60514510 0.86961102
vt 0.59521753 0.85544980
vt 0.58529001 0.86961102
vt 0.77408230 0.65625000
vt 0.76518488 0.62500000
vt 0.77402300 0.65625000
vt 0.50996512 0.25000009
vt 0.51898122 0.28125009
vt 0.51020229 0.25000009
vt 0.50996518 0.75000000
vt 0.51898128 0.78125000
vt 0.51020253 0.75000000
vt 0.57536209 0.44041699
vt 0.58280772 0.43333641
vt 0.58404863 0.42979610
vt 0.57536238 0.94041699
vt 0.58280808 0.93333638
vt 0.58404899 0.92979610
vt 0.46377599 0.31250000
vt 0.46731269 0.31640619
vt 0.46749559 0.31445310
vt 0.29557979 0.67271549
vt 0.29557979 0.67448568
vt 0.30550730 0.66209459
vt 0.29557940 0.42271551
vt 0.29557940 0.42448559
vt 0.30550700 0.41209459
vt 0.70442021 0.39793339
vt 0.70317918 0.42448559
vt 0.70379972 0.42537069
vt 0.70442063 0.89793342
vt 0.70317960 0.92448568
vt 0.70380008 0.92537081
vt 0.77218431 0.71386719
vt 0.77657372 0.71875000
vt 0.76773548 0.70849609
vt 0.98956019 0.63281250
vt 0.99964410 0.62597662
vt 0.99982202 0.62548828
vt 0.76518488 0.62500000
vt 0.75017792 0.62451172
vt 0.75008887 0.62475592
vt 0.28134549 0.26608330
vt 0.28183341 0.27317891
vt 0.28036991 0.25000009
vt 0.71670288 0.28027439
vt 0.71863902 0.28074741
vt 0.71864659 0.28051090
vt 0.71670318 0.78027439
vt 0.71863931 0.78074741
vt 0.71864688 0.78051090
vt 0.78622371 0.68750000
vt 0.78378463 0.67187500
vt 0.78232121 0.68750000
vt 0.64485490 0.36961100
vt 0.64485490 0.39793339
vt 0.66470999 0.36961100
vt 0.64485532 0.86961102
vt 0.64485532 0.89793342
vt 0.66471040 0.86961102
vt 0.57768512 0.71875000
vt 0.56585628 0.71875000
vt 0.55402762 0.75000000
vt 0.76708299 0.70312500
vt 0.76328683 0.70312500
vt 0.77657372 0.71875000
vt 0.39485529 0.67625570
vt 0.39485529 0.66917509
vt 0.37500021 0.67625570
vt 0.39485490 0.42625579
vt 0.39485490 0.41917521
vt 0.37499979 0.42625579
vt 0.20442060 0.24339370
vt 0.16471040 0.23969389
vt 0.16471040 0.24339370
vt 0.52153182 0.28125009
vt 0.53036988 0.25000009
vt 0.52147251 0.28125009
vt 0.52153188 0.78125000
vt 0.53037012 0.75000000
vt 0.52147257 0.78125000
vt 0.76008368 0.62500000
vt 0.75379622 0.65625000
vt 0.76020229 0.62500000
vt 0.75379622 0.56250000
vt 0.75664341 0.57031250
vt 0.75759238 0.56250000
vt 0.57536209 0.44041699
vt 0.58404863 0.42979610
vt 0.58528960 0.42625579
vt 0.57536238 0.94041699
vt 0.58404899 0.92979610
vt 0.58529001 0.92625582
vt 0.78777862 0.50097662
vt 0.78415048 0.51953119
vt 0.78817499 0.50000000
vt 0.62748170 0.42625579
vt 0.64485490 0.39793339
vt 0.62499982 0.42625579
vt 0.62748212 0.92625582
vt 0.64485532 0.89793342
vt 0.62500018 0.92625582
vt 0.46377599 0.31250000
vt 0.46749559 0.31445310
vt 0.46767861 0.31250000
vt 0.29557979 0.67448568
vt 0.29557979 0.67625582
vt 0.30550730 0.66209459
vt 0.29557940 0.42448559
vt 0.29557940 0.42625579
vt 0.30550700 0.41209459
vt 0.98143393 0.53857422
vt 0.98671311 0.54687500
vt 0.98196769 0.53906250
vt 0.96690112 0.71044922
vt 0.96670288 0.71875000
vt 0.96694678 0.71093750
vt 0.70442021 0.39793339
vt 0.70379972 0.42537069
vt 0.70442021 0.42625579
vt 0.70442063 0.89793342
vt 0.70380008 0.92537081
vt 0.70442063 0.92625582
vt 0.98143393 0.53857422
vt 0.98196769 0.53906250
vt 0.97722238 0.53125000
vt 0.76773548 0.70849609
vt 0.77657372 0.71875000
vt 0.76328683 0.70312500
vt 0.01272340 0.24194340
vt 0.01898130 0.21875000
vt 0.01233790 0.24218750
vt 0.23727670 0.00805660
vt 0.23101880 0.03125000
vt 0.23766220 0.00781250
vt 0.98276848 0.60913092
vt 0.98481488 0.62500000
vt 0.98291677 0.60937500
vt 0.78340352 0.52978522
vt 0.78329682 0.53125000
vt 0.78817499 0.50000000
vt 0.96694678 0.71093750
vt 0.96761757 0.71875000
vt 0.96767849 0.71875000
vt 0.28232139 0.53074741
vt 0.28427270 0.56054872
vt 0.28232139 0.53027439
vt 0.98956019 0.63281250
vt 0.99982202 0.62548828
vt 1.00000000 0.62500000
vt 0.98276848 0.60913092
vt 0.98291677 0.60937500
vt 0.98101872 0.59375000
vt 0.76518488 0.62500000
vt 0.75008887 0.62475592
vt 0.74999988 0.62500000
vt 0.28232139 0.53074741
vt 0.28232139 0.53027439
vt 0.28037009 0.50000000
vt 0.28183341 0.27317891
vt 0.28232121 0.28027439
vt 0.28036991 0.25000009
vt 0.01233790 0.24218750
vt 0.00059320 0.24902339
vt 0.00000000 0.25000000
vt 0.23766220 0.00781250
vt 0.24940680 0.00097660
vt 0.25000000 0.00000000
vt 0.70442021 0.31274500
vt 0.68456513 0.28464380
vt 0.70442021 0.31296620
vt 0.70442063 0.81274498
vt 0.68456548 0.78464383
vt 0.70442063 0.81296623
vt 0.71670288 0.28027439
vt 0.71864659 0.28051090
vt 0.71865422 0.28027439
vt 0.71670318 0.78027439
vt 0.71864688 0.78051090
vt 0.71865451 0.78027439
vt 0.70997357 0.30822521
vt 0.70626408 0.31117079
vt 0.70627129 0.31138590
vt 0.70997387 0.80822521
vt 0.70626438 0.81117082
vt 0.70627159 0.81138593
f 1/1/1 2/2/2 3/3/3
f 4/4/4 5/5/5 6/6/6
f 7/7/7 8/8/8 9/9/9
f 10/10/10 11/11/11 12/12/12
f 13/13/13 14/14/14 15/15/15
f 16/16/16 17/17/17 18/18/18
f 19/19/19 20/20/20 21/21/21
f 22/22/22 23/23/23 24/24/24
f 25/25/25 26/26/26 27/27/27
f 28/28/28 29/29/29 30/30/30
f 31/31/31 32/32/32 33/33/33
f 34/34/34 35/35/35 36/36/36
f 37/37/37 38/38/38 39/39/39
f 40/40/40 41/41/41 42/42/42
f 43/43/43 44/44/44 45/45/45
f 46/46/46 47/47/47 48/48/48
f 49/49/49 50/50/50 51/51/51
f 52/52/52 53/53/53 54/54/54
f 55/55/55 56/56/56 57/57/57
f 58/58/58 59/59/59 60/60/60
f 61/61/61 62/62/62 63/63/63
f 64/64/64 65/65/65 66/66/66
f 67/67/67 68/68/68 69/69/69
f 70/70/70 71/71/71 72/72/72
f 73/73/73 74/74/74 75/75/75
f 76/76/76 77/77/77 78/78/78
f 79/79/79 80/80/80 81/81/81
f 82/82/82 83/83/83 84/84/84
f 85/85/85 86/86/86 87/87/87
f 88/88/88 89/89/89 90/90/90
f 91/91/91 92/92/92 93/93/93
f 94/94/94 95/95/95 96/96/96
f 97/97/97 98/98/98 99/99/99
f 100/100/100 101/101/101 102/102/102
f 103/103/103 104/104/104 105/105/105
f 106/106/106 107/107/107 108/108/108
f 109/109/109 110/110/110 111/111/111
f 112/112/112 113/113/113 114/114/114
f 115/115/115 116/116/116 117/117/117
f 118/118/118 119/119/119 120/120/120
f 121/121/121 122/122/122 123/123/123
f 124/124/124 125/125/125 126/126/126
f 127/127/127 128/128/128 129/129/129
f 130/130/130 131/131/131 132/132/132
f 133/133/133 134/134/134 135/135/135
f 136/136/136 137/137/137 138/138/138
f 139/139/139 140/140/140 141/141/141
f 142/142/142 143/143/143 144/144/144
f 145/145/145 146/146/146 147/147/147
f 148/148/148 149/149/149 150/150/150
f 151/151/151 152/152/152 153/153/153
f 154/154/154 155/155/155 156/156/156
f 157/157/157 158/158/158 159/159/159
f 160/160/160 161/161/161 162/162/162
f 163/163/163 164/164/164 165/165/165
f 166/166/166 167/167/167 168/168/168
f 169/169/169 170/170/170 171/171/171
f 172/172/172 173/173/173 174/174/174
f 175/175/175 176/176/176 177/177/177
f 178/178/178 179/179/179 180/180/180
f 181/181/181 182/182/182 183/183/183
f 184/184/184 185/185/185 186/186/186
f 187/187/187 188/188/188 189/189/189
f 190/190/190 191/191/191 192/192/192
f 193/193/193 194/194/194 195/195/195
f 196/196/196 197/197/197 198/198/198
f 199/199/199 200/200/200 201/201/201
f 202/202/202 203/203/203 204/204/204
f 205/205/205 206/206/206 207/207/207
f 208/208/208 209/209/209 210/210/210
f 211/211/211 212/212/212 213/213/213
f 214/214/214 215/215/215 216/216/216
f 217/217/217 218/218/218 219/219/219
f 220/220/220 221/221/221 222/222/222
f 223/223/223 224/224/224 225/225/225
f 226/226/226 227/227/227 228/228/228
f 229/229/229 230/230/230 231/231/231
f 232/232/232 233/233/233 234/234/234
f 235/235/235 236/236/236 237/237/237
f 238/238/238 239/239/239 240/240/240
f 241/241/241 242/242/242 243/243/243
f 244/244/244 245/245/245 246/246/246
f 247/247/247 248/248/248 249/249/249
f 250/250/250 251/251/251 252/252/252
f 253/253/253 254/254/254 255/255/255
f 256/256/256 257/257/257 258/258/258
f 259/259/259 260/260/260 261/261/261
f 262/262/262 263/263/263 264/264/264
f 265/265/265 266/266/266 267/267/267
f 268/268/268 269/269/269 270/270/270
f 271/271/271 272/272/272 273/273/273
f 274/274/274 275/275/275 276/276/276
f 277/277/277 278/278/278 279/279/279
f 280/280/280 281/281/281 282/282/282
f 283/283/283 284/284/284 285/285/285
f 286/286/286 287/287/287 288/288/288
f 289/289/289 290/290/290 291/291/291
f 292/292/292 293/293/293 294/294/294
f 295/295/295 296/296/296 297/297/297
f 298/298/298 299/299/299 300/300/300
f 301/301/301 302/302/302 303/303/303
f 304/304/304 305/305/305 306/306/306
f 307/307/307 308/308/308 309/309/309
f 310/310/310 311/311/311 312/312/312
f 313/313/313 314/314/314 315/315/315
f 316/316/316 317/317/317 318/318/318
f 319/319/319 320/320/320 321/321/321
f 322/322/322 323/323/323 324/324/324
f 325/325/325 326/326/326 327/327/327
f 328/328/328 329/329/329 330/330/330
f 331/331/331 332/332/332 333/333/333
f 334/334/334 335/335/335 336/336/336
f 337/337/337 338/338/338 339/339/339
f 340/340/340 341/341/341 342/342/342
f 343/343/343 344/344/344 345/345/345
f 346/346/346 347/347/347 348/348/348
f 349/349/349 350/350/350 351/351/351
f 352/352/352 353/353/353 354/354/354
f 355/355/355 356/356/356 357/357/357
f 358/358/358 359/359/359 360/360/360
f 361/361/361 362/362/362 363/363/363
f 364/364/364 365/365/365 366/366/366
f 367/367/367 368/368/368 369/369/369
f 370/370/370 371/371/371 372/372/372
f 373/373/373 374/374/374 375/375/375
f 376/376/376 377/377/377 378/378/378
f 379/379/379 380/380/380 381/381/381
f 382/382/382 383/383/383 384/384/384
f 385/385/385 386/386/386 387/387/387
f 388/388/388 389/389/389 390/390/390
f 391/391/391 392/392/392 393/393/393
f 394/394/394 395/395/395 396/396/396
f 397/397/397 398/398/398 399/399/399
f 400/400/400 401/401/401 402/402/402
f 403/403/403 404/404/404 405/405/405
f 406/406/406 407/407/407 408/408/408
f 409/409/409 410/410/410 411/411/411
f 412/412/412 413/413/413 414/414/414
f 415/415/415 416/416/416 417/417/417
f 418/418/418 419/419/419 420/420/420
f 421/421/421 422/422/422 423/423/423
f 424/424/424 425/425/425 426/426/426
f 427/427/427 428/428/428 429/429/429
f 430/430/430 431/431/431 432/432/432
f 433/433/433 434/434/434 435/435/435
f 436/436/436 437/437/437 438/438/438
f 439/439/439 440/440/440 441/441/441
f 442/442/442 443/443/443 444/444/444
f 445/445/445 446/446/446 447/447/447
f 448/448/448 449/449/449 450/450/450
f 451/451/451 452/452/452 453/453/453
f 454/454/454 455/455/455 456/456/456
f 457/457/457 458/458/458 459/459/459
f 460/460/460 461/461/461 462/462/462
f 463/463/463 464/464/464 465/465/465
f 466/466/466 467/467/467 468/468/468
f 469/469/469 470/470/470 471/471/471
f 472/472/472 473/473/473 474/474/474
f 475/475/475 476/476/476 477/477/477
f 478/478/478 479/479/479 480/480/480
f 481/481/481 482/482/482 483/483/483
f 484/484/484 485/485/485 486/486/486
f 487/487/487 488/488/488 489/489/489
f 490/490/490 491/491/491 492/492/492
f 493/493/493 494/494/494 495/495/495
f 496/496/496 497/497/497 498/498/498
f 499/499/499 500/500/500 501/501/501
f 502/502/502 503/503/503 504/504/504
f 505/505/505 506/506/506 507/507/507
f 508/508/508 509/509/509 510/510/510
f 511/511/511 512/512/512 513/513/513
f 514/514/514 515/515/515 516/516/516
f 517/517/517 518/518/518 519/519/519
f 520/520/520 521/521/521 522/522/522
f 523/523/523 524/524/524 525/525/525
f 526/526/526 527/527/527 528/528/528
f 529/529/529 530/530/530 531/531/531
f 532/532/532 533/533/533 534/534/534
f 535/535/535 536/536/536 537/537/537
f 538/538/538 539/539/539 540/540/540
f 541/541/541 542/542/542 543/543/543
f 544/544/544 545/545/545 546/546/546
f 547/547/547 548/548/548 549/549/549
f 550/550/550 551/551/551 552/552/552
f 553/553/553 554/554/554 555/555/555
f 556/556/556 557/557/557 558/558/558
f 559/559/559 560/560/560 561/561/561
f 562/562/562 563/563/563 564/564/564
f 565/565/565 566/566/566 567/567/567
f 568/568/568 569/569/569 570/570/570
f 571/571/571 572/572/572 573/573/573
f 574/574/574 575/575/575 576/576/576
f 577/577/577 578/578/578 579/579/579
f 580/580/580 581/581/581 582/582/582
f 583/583/583 584/584/584 585/585/585
f 586/586/586 587/587/587 588/588/588
f 589/589/589 590/590/590 591/591/591
f 592/592/592 593/593/593 594/594/594
f 595/595/595 596/596/596 597/597/597
f 598/598/598 599/599/599 600/600/600
f 601/601/601 602/602/602 603/603/603
f 604/604/604 605/605/605 606/606/606
f 607/607/607 608/608/608 609/609/609
f 610/610/610 611/611/611 612/612/612
f 613/613/613 614/614/614 615/615/615
f 616/616/616 617/617/617 618/618/618
f 619/619/619 620/620/620 621/621/621
f 622/622/622 623/623/623 624/624/624
f 625/625/625 626/626/626 627/627/627
f 628/628/628 629/629/629 630/630/630
f 631/631/631 632/632/632 633/633/633
f 634/634/634 635/635/635 636/636/636
f 637/637/637 638/638/638 639/639/639
f 640/640/640 641/641/641 642/642/642
f 643/643/643 644/644/644 645/645/645
f 646/646/646 647/647/647 648/648/648
f 649/649/649 650/650/650 651/651/651
f 652/652/652 653/653/653 654/654/654
f 655/655/655 656/656/656 657/657/657
f 658/658/658 659/659/659 660/660/660
f 661/661/661 662/662/662 663/663/663
f 664/664/664 665/665/665 666/666/666
f 667/667/667 668/668/668 669/669/669
f 670/670/670 671/671/671 672/672/672
f 673/673/673 674/674/674 675/675/675
f 676/676/676 677/677/677 678/678/678
f 679/679/679 680/680/680 681/681/681
f 682/682/682 683/683/683 684/684/684
f 685/685/685 686/686/686 687/687/687
f 688/688/688 689/689/689 690/690/690
f 691/691/691 692/692/692 693/693/693
f 694/694/694 695/695/695 696/696/696
f 697/697/697 698/698/698 699/699/699
f 700/700/700 701/701/701 702/702/702
f 703/703/703 704/704/704 705/705/705
f 706/706/706 707/707/707 708/708/708
f 709/709/709 710/710/710 711/711/711
f 712/712/712 713/713/713 714/714/714
f 715/715/715 716/716/716 717/717/717
f 718/718/718 719/719/719 720/720/720
f 721/721/721 722/722/722 723/723/723
f 724/724/724 725/725/725 726/726/726
f 727/727/727 728/728/728 729/729/729
f 730/730/730 731/731/731 732/732/732
f 733/733/733 734/734/734 735/735/735
f 736/736/736 737/737/737 738/738/738
f 739/739/739 740/740/740 741/741/741
f 742/742/742 743/743/743 744/744/744
f 745/745/745 746/746/746 747/747/747
f 748/748/748 749/749/749 750/750/750
f 751/751/751 752/752/752 753/753/753
f 754/754/754 755/755/755 756/756/756
f 757/757/757 758/758/758 759/759/759
f 760/760/760 761/761/761 762/762/762
f 763/763/763 764/764/764 765/765/765
f 766/766/766 767/767/767 768/768/768
f 769/769/769 770/770/770 771/771/771
f 772/772/772 773/773/773 774/774/774
f 775/775/775 776/776/776 777/777/777
f 778/778/778 779/779/779 780/780/780
f 781/781/781 782/782/782 783/783/783
f 784/784/784 785/785/785 786/786/786
f 787/787/787 788/788/788 789/789/789
f 790/790/790 791/791/791 792/792/792
f 793/793/793 794/794/794 795/795/795
f 796/796/796 797/797/797 798/798/798
f 799/799/799 800/800/800 801/801/801
f 802/802/802 803/803/803 804/804/804
f 805/805/805 806/806/806 807/807/807
f 808/808/808 809/809/809 810/810/810
f 811/811/811 812/812/812 813/813/813
f 814/814/814 815/815/815 816/816/816
f 817/817/817 818/818/818 819/819/819
f 820/820/820 821/821/821 822/822/822
f 823/823/823 824/824/824 825/825/825
f 826/826/826 827/827/827 828/828/828
f 829/829/829 830/830/830 831/831/831
f 832/832/832 833/833/833 834/834/834
f 835/835/835 836/836/836 837/837/837
f 838/838/838 839/839/839 840/840/840
f 841/841/841 842/842/842 843/843/843
f 844/844/844 845/845/845 846/846/846
f 847/847/847 848/848/848 849/849/849
f 850/850/850 851/851/851 852/852/852
f 853/853/853 854/854/854 855/855/855
f 856/856/856 857/857/857 858/858/858
f 859/859/859 860/860/860 861/861/861
f 862/862/862 863/863/863 864/864/864
f 865/865/865 866/866/866 867/867/867
f 868/868/868 869/869/869 870/870/870
f 871/871/871 872/872/872 873/873/873
f 874/874/874 875/875/875 876/876/876
f 877/877/877 878/878/878 879/879/879
f 880/880/880 881/881/881 882/882/882
f 883/883/883 884/884/884 885/885/885
f 886/886/886 887/887/887 888/888/888
f 889/889/889 890/890/890 891/891/891
f 892/892/892 893/893/893 894/894/894
f 895/895/895 896/896/896 897/897/897
f 898/898/898 899/899/899 900/900/900
f 901/901/901 902/902/902 903/903/903
f 904/904/904 905/905/905 906/906/906
f 907/907/907 908/908/908 909/909/909
f 910/910/910 911/911/911 912/912/912
f 913/913/913 914/914/914 915/915/915
f 916/916/916 917/917/917 918/918/918
f 919/919/919 920/920/920 921/921/921
f 922/922/922 923/923/923 924/924/924
f 925/925/925 926/926/926 927/927/927
f 928/928/928 929/929/929 930/930/930
f 931/931/931 932/932/932 933/933/933
f 934/934/934 935/935/935 936/936/936
f 937/937/937 938/938/938 939/939/939
f 940/940/940 941/941/941 942/942/942
f 943/943/943 944/944/944 945/945/945
f 946/946/946 947/947/947 948/948/948
f 949/949/949 950/950/950 951/951/951
f 952/952/952 953/953/953 954/954/954
f 955/955/955 956/956/956 957/957/957
f 958/958/958 959/959/959 960/960/960
f 961/961/961 962/962/962 963/963/963
f 964/964/964 965/965/965 966/966/966
f 967/967/967 968/968/968 969/969/969
f 970/970/970 971/971/971 972/972/972
f 973/973/973 974/974/974 975/975/975
f 976/976/976 977/977/977 978/978/978
f 979/979/979 980/980/980 981/981/981
f 982/982/982 983/983/983 984/984/984
f 985/985/985 986/986/986 987/987/987
f 988/988/988 989/989/989 990/990/990
f 991/991/991 992/992/992 993/993/993
f 994/994/994 995/995/995 996/996/996
f 997/997/997 998/998/998 999/999/999
f 1000/1000/1000 1001/1001/1001 1002/1002/1002
f 1003/1003/1003 1004/1004/1004 1005/1005/1005
f 1006/1006/1006 1007/1007/1007 1008/1008/1008
f 1009/1009/1009 1010/1010/1010 1011/1011/1011
f 1012/1012/1012 1013/1013/1013 1014/1014/1014
f 1015/1015/1015 1016/1016/1016 1017/1017/1017
f 1018/1018/1018 1019/1019/1019 1020/1020/1020
f 1021/1021/1021 1022/1022/1022 1023/1023/1023
f 1024/1024/1024 1025/1025/1025 1026/1026/1026
f 1027/1027/1027 1028/1028/1028 1029/1029/1029
f 1030/1030/1030 1031/1031/1031 1032/1032/1032
f 1033/1033/1033 1034/1034/1034 1035/1035/1035
f 1036/1036/1036 1037/1037/1037 1038/1038/1038
f 1039/1039/1039 1040/1040/1040 1041/1041/1041
f 1042/1042/1042 1043/1043/1043 1044/1044/1044
f 1045/1045/1045 1046/1046/1046 1047/1047/1047
f 1048/1048/1048 1049/1049/1049 1050/1050/1050
f 1051/1051/1051 1052/1052/1052 1053/1053/1053
f 1054/1054/1054 1055/1055/1055 1056/1056/1056
f 1057/1057/1057 1058/1058/1058 1059/1059/1059
f 1060/1060/1060 1061/1061/1061 1062/1062/1062
f 1063/1063/1063 1064/1064/1064 1065/1065/1065
f 1066/1066/1066 1067/1067/1067 1068/1068/1068
f 1069/1069/1069 1070/1070/1070 1071/1071/1071
f 1072/1072/1072 1073/1073/1073 1074/1074/1074
f 1075/1075/1075 1076/1076/1076 1077/1077/1077
f 1078/1078/1078 1079/1079/1079 1080/1080/1080
f 1081/1081/1081 1082/1082/1082 1083/1083/1083
f 1084/1084/1084 1085/1085/1085 1086/1086/1086
f 1087/1087/1087 1088/1088/1088 1089/1089/1089
f 1090/1090/1090 1091/1091/1091 1092/1092/1092
f 1093/1093/1093 1094/1094/1094 1095/1095/1095
f 1096/1096/1096 1097/1097/1097 1098/1098/1098
f 1099/1099/1099 1100/1100/1100 1101/1101/1101
f 1102/1102/1102 1103/1103/1103 1104/1104/1104
f 1105/1105/1105 1106/1106/1106 1107/1107/1107
f 1108/1108/1108 1109/1109/1109 1110/1110/1110
f 1111/1111/1111 1112/1112/1112 1113/1113/1113
f 1114/1114/1114 1115/1115/1115 1116/1116/1116
f 1117/1117/1117 1118/1118/1118 1119/1119/1119
f 1120/1120/1120 1121/1121/1121 1122/1122/1122
f 1123/1123/1123 1124/1124/1124 1125/1125/1125
f 1126/1126/1126 1127/1127/1127 1128/1128/1128
f 1129/1129/1129 1130/1130/1130 1131/1131/1131
f 1132/1132/1132 1133/1133/1133 1134/1134/1134
f 1135/1135/1135 1136/1136/1136 1137/1137/1137
f 1138/1138/1138 1139/1139/1139 1140/1140/1140
f 1141/1141/1141 1142/1142/1142 1143/1143/1143
f 1144/1144/1144 1145/1145/1145 1146/1146/1146
f 1147/1147/1147 1148/1148/1148 1149/1149/1149
f 1150/1150/1150 1151/1151/1151 1152/1152/1152
f 1153/1153/1153 1154/1154/1154 1155/1155/1155
f 1156/1156/1156 1157/1157/1157 1158/1158/1158
f 1159/1159/1159 1160/1160/1160 1161/1161/1161
f 1162/1162/1162 1163/1163/1163 1164/1164/1164
f 1165/1165/1165 1166/1166/1166 1167/1167/1167
f 1168/1168/1168 1169/1169/1169 1170/1170/1170
f 1171/1171/1171 1172/1172/1172 1173/1173/1173
f 1174/1174/1174 1175/1175/1175 1176/1176/1176
f 1177/1177/1177 1178/1178/1178 1179/1179/1179
f 1180/1180/1180 1181/1181/1181 1182/1182/1182
f 1183/1183/1183 1184/1184/1184 1185/1185/1185
f 1186/1186/1186 1187/1187/1187 1188/1188/1188
f 1189/1189/1189 1190/1190/1190 1191/1191/1191
f 1192/1192/1192 1193/1193/1193 1194/1194/1194
f 1195/1195/1195 1196/1196/1196 1197/1197/1197
f 1198/1198/1198 1199/1199/1199 1200/1200/1200
f 1201/1201/1201 1202/1202/1202 1203/1203/1203
f 1204/1204/1204 1205/1205/1205 1206/1206/1206
f 1207/1207/1207 1208/1208/1208 1209/1209/1209
f 1210/1210/1210 1211/1211/1211 1212/1212/1212
f 1213/1213/1213 1214/1214/1214 1215/1215/1215
f 1216/1216/1216 1217/1217/1217 1218/1218/1218
f 1219/1219/1219 1220/1220/1220 1221/1221/1221
f 1222/1222/1222 1223/1223/1223 1224/1224/1224
f 1225/1225/1225 1226/1226/1226 1227/1227/1227
f 1228/1228/1228 1229/1229/1229 1230/1230/1230
f 1231/1231/1231 1232/1232/1232 1233/1233/1233
f 1234/1234/1234 1235/1235/1235 1236/1236/1236
f 1237/1237/1237 1238/1238/1238 1239/1239/1239
f 1240/1240/1240 1241/1241/1241 1242/1242/1242
f 1243/1243/1243 1244/1244/1244 1245/1245/1245
f 1246/1246/1246 1247/1247/1247 1248/1248/1248
f 1249/1249/1249 1250/1250/1250 1251/1251/1251
f 1252/1252/1252 1253/1253/1253 1254/1254/1254
f 1255/1255/1255 1256/1256/1256 1257/1257/1257
f 1258/1258/1258 1259/1259/1259 1260/1260/1260
f 1261/1261/1261 1262/1262/1262 1263/1263/1263
f 1264/1264/1264 1265/1265/1265 1266/1266/1266
f 1267/1267/1267 1268/1268/1268 1269/1269/1269
f 1270/1270/1270 1271/1271/1271 1272/1272/1272
f 1273/1273/1273 1274/1274/1274 1275/1275/1275
f 1276/1276/1276 1277/1277/1277 1278/1278/1278
f 1279/1279/1279 1280/1280/1280 1281/1281/1281
f 1282/1282/1282 1283/1283/1283 1284/1284/1284
f 1285/1285/1285 1286/1286/1286 1287/1287/1287
f 1288/1288/1288 1289/1289/1289 1290/1290/1290
f 1291/1291/1291 1292/1292/1292 1293/1293/1293
f 1294/1294/1294 1295/1295/1295 1296/1296/1296
f 1297/1297/1297 1298/1298/1298 1299/1299/1299
f 1300/1300/1300 1301/1301/1301 1302/1302/1302
f 1303/1303/1303 1304/1304/1304 1305/1305/1305
f 1306/1306/1306 1307/1307/1307 1308/1308/1308
f 1309/1309/1309 1310/1310/1310 1311/1311/1311
f 1312/1312/1312 1313/1313/1313 1314/1314/1314
f 1315/1315/1315 1316/1316/1316 1317/1317/1317
f 1318/1318/1318 1319/1319/1319 1320/1320/1320
f 1321/1321/1321 1322/1322/1322 1323/1323/1323
f 1324/1324/1324 1325/1325/1325 1326/1326/1326
f 1327/1327/1327 1328/1328/1328 1329/1329/1329
f 1330/1330/1330 1331/1331/1331 1332/1332/1332
f 1333/1333/1333 1334/1334/1334 1335/1335/1335
f 1336/1336/1336 1337/1337/1337 1338/1338/1338
f 1339/1339/1339 1340/1340/1340 1341/1341/1341
f 1342/1342/1342 1343/1343/1343 1344/1344/1344
f 1345/1345/1345 1346/1346/1346 1347/1347/1347
f 1348/1348/1348 1349/1349/1349 1350/1350/1350
f 1351/1351/1351 1352/1352/1352 1353/1353/1353
f 1354/1354/1354 1355/1355/1355 1356/1356/1356
f 1357/1357/1357 1358/1358/1358 1359/1359/1359
f 1360/1360/1360 1361/1361/1361 1362/1362/1362
f 1363/1363/1363 1364/1364/1364 1365/1365/1365
f 1366/1366/1366 1367/1367/1367 1368/1368/1368
f 1369/1369/1369 1370/1370/1370 1371/1371/1371
f 1372/1372/1372 1373/1373/1373 1374/1374/1374
f 1375/1375/1375 1376/1376/1376 1377/1377/1377
f 1378/1378/1378 1379/1379/1379 1380/1380/1380
f 1381/1381/1381 1382/1382/1382 1383/1383/1383
f 1384/1384/1384 1385/1385/1385 1386/1386/1386
f 1387/1387/1387 1388/1388/1388 1389/1389/1389
f 1390/1390/1390 1391/1391/1391 1392/1392/1392
f 1393/1393/1393 1394/1394/1394 1395/1395/1395
f 1396/1396/1396 1397/1397/1397 1398/1398/1398
f 1399/1399/1399 1400/1400/1400 1401/1401/1401
f 1402/1402/1402 1403/1403/1403 1404/1404/1404
f 1405/1405/1405 1406/1406/1406 1407/1407/1407
f 1408/1408/1408 1409/1409/1409 1410/1410/1410
f 1411/1411/1411 1412/1412/1412 1413/1413/1413
f 1414/1414/1414 1415/1415/1415 1416/1416/1416
f 1417/1417/1417 1418/1418/1418 1419/1419/1419
f 1420/1420/1420 1421/1421/1421 1422/1422/1422
f 1423/1423/1423 1424/1424/1424 1425/1425/1425
f 1426/1426/1426 1427/1427/1427 1428/1428/1428
f 1429/1429/1429 1430/1430/1430 1431/1431/1431
f 1432/1432/1432 1433/1433/1433 1434/1434/1434
f 1435/1435/1435 1436/1436/1436 1437/1437/1437
f 1438/1438/1438 1439/1439/1439 1440/1440/1440
f 1441/1441/1441 1442/1442/1442 1443/1443/1443
f 1444/1444/1444 1445/1445/1445 1446/1446/1446
f 1447/1447/1447 1448/1448/1448 1449/1449/1449
f 1450/1450/1450 1451/1451/1451 1452/1452/1452
f 1453/1453/1453 1454/1454/1454 1455/1455/1455
f 1456/1456/1456 1457/1457/1457 1458/1458/1458
f 1459/1459/1459 1460/1460/1460 1461/1461/1461
f 1462/1462/1462 1463/1463/1463 1464/1464/1464
f 1465/1465/1465 1466/1466/1466 1467/1467/1467
f 1468/1468/1468 1469/1469/1469 1470/1470/1470
f 1471/1471/1471 1472/1472/1472 1473/1473/1473
f 1474/1474/1474 1475/1475/1475 1476/1476/1476
f 1477/1477/1477 1478/1478/1478 1479/1479/1479
f 1480/1480/1480 1481/1481/1481 1482/1482/1482
f 1483/1483/1483 1484/1484/1484 1485/1485/1485
f 1486/1486/1486 1487/1487/1487 1488/1488/1488
f 1489/1489/1489 1490/1490/1490 1491/1491/1491
f 1492/1492/1492 1493/1493/1493 1494/1494/1494
f 1495/1495/1495 1496/1496/1496 1497/1497/1497
f 1498/1498/1498 1499/1499/1499 1500/1500/1500
f 1501/1501/1501 1502/1502/1502 1503/1503/1503
f 1504/1504/1504 1505/1505/1505 1506/1506/1506
f 1507/1507/1507 1508/1508/1508 1509/1509/1509
f 1510/1510/1510 1511/1511/1511 1512/1512/1512
f 1513/1513/1513 1514/1514/1514 1515/1515/1515
f 1516/1516/1516 1517/1517/1517 1518/1518/1518
f 1519/1519/1519 1520/1520/1520 1521/1521/1521
f 1522/1522/1522 1523/1523/1523 1524/1524/1524
f 1525/1525/1525 1526/1526/1526 1527/1527/1527
f 1528/1528/1528 1529/1529/1529 1530/1530/1530
f 1531/1531/1531 1532/1532/1532 1533/1533/1533
f 1534/1534/1534 1535/1535/1535 1536/1536/1536
f 1537/1537/1537 1538/1538/1538 1539/1539/1539
f 1540/1540/1540 1541/1541/1541 1542/1542/1542
f 1543/1543/1543 1544/1544/1544 1545/1545/1545
f 1546/1546/1546 1547/1547/1547 1548/1548/1548
f 1549/1549/1549 1550/1550/1550 1551/1551/1551
f 1552/1552/1552 1553/1553/1553 1554/1554/1554
f 1555/1555/1555 1556/1556/1556 1557/1557/1557
f 1558/1558/1558 1559/1559/1559 1560/1560/1560
f 1561/1561/1561 1562/1562/1562 1563/1563/1563
f 1564/1564/1564 1565/1565/1565 1566/1566/1566
f 1567/1567/1567 1568/1568/1568 1569/1569/1569
f 1570/1570/1570 1571/1571/1571 1572/1572/1572
f 1573/1573/1573 1574/1574/1574 1575/1575/1575
f 1576/1576/1576 1577/1577/1577 1578/1578/1578
f 1579/1579/1579 1580/1580/1580 1581/1581/1581
f 1582/1582/1582 1583/1583/1583 1584/1584/1584
f 1585/1585/1585 1586/1586/1586 1587/1587/1587
f 1588/1588/1588 1589/1589/1589 1590/1590/1590
f 1591/1591/1591 1592/1592/1592 1593/1593/1593
f 1594/1594/1594 1595/1595/1595 1596/1596/1596
f 1597/1597/1597 1598/1598/1598 1599/1599/1599
f 1600/1600/1600 1601/1601/1601 1602/1602/1602
f 1603/1603/1603 1604/1604/1604 1605/1605/1605
f 1606/1606/1606 1607/1607/1607 1608/1608/1608
f 1609/1609/1609 1610/1610/1610 1611/1611/1611
f 1612/1612/1612 1613/1613/1613 1614/1614/1614
f 1615/1615/1615 1616/1616/1616 1617/1617/1617
f 1618/1618/1618 1619/1619/1619 1620/1620/1620
f 1621/1621/1621 1622/1622/1622 1623/1623/1623
f 1624/1624/1624 1625/1625/1625 1626/1626/1626
f 1627/1627/1627 1628/1628/1628 1629/1629/1629
f 1630/1630/1630 1631/1631/1631 1632/1632/1632
f 1633/1633/1633 1634/1634/1634 1635/1635/1635
f 1636/1636/1636 1637/1637/1637 1638/1638/1638
f 1639/1639/1639 1640/1640/1640 1641/1641/1641
f 1642/1642/1642 1643/1643/1643 1644/1644/1644
f 1645/1645/1645 1646/1646/1646 1647/1647/1647
f 1648/1648/1648 1649/1649/1649 1650/1650/1650
f 1651/1651/1651 1652/1652/1652 1653/1653/1653
f 1654/1654/1654 1655/1655/1655 1656/1656/1656
f 1657/1657/1657 1658/1658/1658 1659/1659/1659
f 1660/1660/1660 1661/1661/1661 1662/1662/1662
f 1663/1663/1663 1664/1664/1664 1665/1665/1665
f 1666/1666/1666 1667/1667/1667 1668/1668/1668
f 1669/1669/1669 1670/1670/1670 1671/1671/1671
f 1672/1672/1672 1673/1673/1673 1674/1674/1674
f 1675/1675/1675 1676/1676/1676 1677/1677/1677
f 1678/1678/1678 1679/1679/1679 1680/1680/1680
f 1681/1681/1681 1682/1682/1682 1683/1683/1683
f 1684/1684/1684 1685/1685/1685 1686/1686/1686
f 1687/1687/1687 1688/1688/1688 1689/1689/1689
f 1690/1690/1690 1691/1691/1691 1692/1692/1692
f 1693/1693/1693 1694/1694/1694 1695/1695/1695
f 1696/1696/1696 1697/1697/1697 1698/1698/1698
f 1699/1699/1699 1700/1700/1700 1701/1701/1701
f 1702/1702/1702 1703/1703/1703 1704/1704/1704
f 1705/1705/1705 1706/1706/1706 1707/1707/1707
f 1708/1708/1708 1709/1709/1709 1710/1710/1710
f 1711/1711/1711 1712/1712/1712 1713/1713/1713
f 1714/1714/1714 1715/1715/1715 1716/1716/1716
f 1717/1717/1717 1718/1718/1718 1719/1719/1719
f 1720/1720/1720 1721/1721/1721 1722/1722/1722
f 1723/1723/1723 1724/1724/1724 1725/1725/1725
f 1726/1726/1726 1727/1727/1727 1728/1728/1728
f 1729/1729/1729 1730/1730/1730 1731/1731/1731
f 1732/1732/1732 1733/1733/1733 1734/1734/1734
f 1735/1735/1735 1736/1736/1736 1737/1737/1737
f 1738/1738/1738 1739/1739/1739 1740/1740/1740
f 1741/1741/1741 1742/1742/1742 1743/1743/1743
f 1744/1744/1744 1745/1745/1745 1746/1746/1746
f 1747/1747/1747 1748/1748/1748 1749/1749/1749
f 1750/1750/1750 1751/1751/1751 1752/1752/1752
f 1753/1753/1753 1754/1754/1754 1755/1755/1755
f 1756/1756/1756 1757/1757/1757 1758/1758/1758
f 1759/1759/1759 1760/1760/1760 1761/1761/1761
f 1762/1762/1762 1763/1763/1763 1764/1764/1764
f 1765/1765/1765 1766/1766/1766 1767/1767/1767
f 1768/1768/1768 1769/1769/1769 1770/1770/1770
f 1771/1771/1771 1772/1772/1772 1773/1773/1773
f 1774/1774/1774 1775/1775/1775 1776/1776/1776
f 1777/1777/1777 1778/1778/1778 1779/1779/1779
f 1780/1780/1780 1781/1781/1781 1782/1782/1782
f 1783/1783/1783 1784/1784/1784 1785/1785/1785
f 1786/1786/1786 1787/1787/1787 1788/1788/1788
f 1789/1789/1789 1790/1790/1790 1791/1791/1791
f 1792/1792/1792 1793/1793/1793 1794/1794/1794
f 1795/1795/1795 1796/1796/1796 1797/1797/1797
f 1798/1798/1798 1799/1799/1799 1800/1800/1800
f 1801/1801/1801 1802/1802/1802 1803/1803/1803
f 1804/1804/1804 1805/1805/1805 1806/1806/1806
f 1807/1807/1807 1808/1808/1808 1809/1809/1809
f 1810/1810/1810 1811/1811/1811 1812/1812/1812
f 1813/1813/1813 1814/1814/1814 1815/1815/1815
f 1816/1816/1816 1817/1817/1817 1818/1818/1818
f 1819/1819/1819 1820/1820/1820 1821/1821/1821
f 1822/1822/1822 1823/1823/1823 1824/1824/1824
f 1825/1825/1825 1826/1826/1826 1827/1827/1827
f 1828/1828/1828 1829/1829/1829 1830/1830/1830
f 1831/1831/1831 1832/1832/1832 1833/1833/1833
f 1834/1834/1834 1835/1835/1835 1836/1836/1836
f 1837/1837/1837 1838/1838/1838 1839/1839/1839
f 1840/1840/1840 1841/1841/1841 1842/1842/1842
f 1843/1843/1843 1844/1844/1844 1845/1845/1845
f 1846/1846/1846 1847/1847/1847 1848/1848/1848
f 1849/1849/1849 1850/1850/1850 1851/1851/1851
f 1852/1852/1852 1853/1853/1853 1854/1854/1854
f 1855/1855/1855 1856/1856/1856 1857/1857/1857
f 1858/1858/1858 1859/1859/1859 1860/1860/1860
f 1861/1861/1861 1862/1862/1862 1863/1863/1863
f 1864/1864/1864 1865/1865/1865 1866/1866/1866
f 1867/1867/1867 1868/1868/1868 1869/1869/1869
f 1870/1870/1870 1871/1871/1871 1872/1872/1872
f 1873/1873/1873 1874/1874/1874 1875/1875/1875
f 1876/1876/1876 1877/1877/1877 1878/1878/1878
f 1879/1879/1879 1880/1880/1880 1881/1881/1881
f 1882/1882/1882 1883/1883/1883 1884/1884/1884
f 1885/1885/1885 1886/1886/1886 1887/1887/1887
f 1888/1888/1888 1889/1889/1889 1890/1890/1890
f 1891/1891/1891 1892/1892/1892 1893/1893/1893
f 1894/1894/1894 1895/1895/1895 1896/1896/1896
f 1897/1897/1897 1898/1898/1898 1899/1899/1899
f 1900/1900/1900 1901/1901/1901 1902/1902/1902
f 1903/1903/1903 1904/1904/1904 1905/1905/1905
f 1906/1906/1906 1907/1907/1907 1908/1908/1908
f 1909/1909/1909 1910/1910/1910 1911/1911/1911
f 1912/1912/1912 1913/1913/1913 1914/1914/1914
f 1915/1915/1915 1916/1916/1916 1917/1917/1917
f 1918/1918/1918 1919/1919/1919 1920/1920/1920
f 1921/1921/1921 1922/1922/1922 1923/1923/1923
f 1924/1924/1924 1925/1925/1925 1926/1926/1926
f 1927/1927/1927 1928/1928/1928 1929/1929/1929
f 1930/1930/1930 1931/1931/1931 1932/1932/1932
f 1933/1933/1933 1934/1934/1934 1935/1935/1935
f 1936/1936/1936 1937/1937/1937 1938/1938/1938
f 1939/1939/1939 1940/1940/1940 1941/1941/1941
f 1942/1942/1942 1943/1943/1943 1944/1944/1944
f 1945/1945/1945 1946/1946/1946 1947/1947/1947
f 1948/1948/1948 1949/1949/1949 1950/1950/1950
f 1951/1951/1951 1952/1952/1952 1953/1953/1953
f 1954/1954/1954 1955/1955/1955 1956/1956/1956
f 1957/1957/1957 1958/1958/1958 1959/1959/1959
f 1960/1960/1960 1961/1961/1961 1962/1962/1962
f 1963/1963/1963 1964/1964/1964 1965/1965/1965
f 1966/1966/1966 1967/1967/1967 1968/1968/1968
f 1969/1969/1969 1970/1970/1970 1971/1971/1971
f 1972/1972/1972 1973/1973/1973 1974/1974/1974
f 1975/1975/1975 1976/1976/1976 1977/1977/1977
f 1978/1978/1978 1979/1979/1979 1980/1980/1980
f 1981/1981/1981 1982/1982/1982 1983/1983/1983
f 1984/1984/1984 1985/1985/1985 1986/1986/1986
f 1987/1987/1987 1988/1988/1988 1989/1989/1989
f 1990/1990/1990 1991/1991/1991 1992/1992/1992
f 1993/1993/1993 1994/1994/1994 1995/1995/1995
f 1996/1996/1996 1997/1997/1997 1998/1998/1998
f 1999/1999/1999 2000/2000/2000 2001/2001/2001
f 2002/2002/2002 2003/2003/2003 2004/2004/2004
f 2005/2005/2005 2006/2006/2006 2007/2007/2007
f 2008/2008/2008 2009/2009/2009 2010/2010/2010
f 2011/2011/2011 2012/2012/2012 2013/2013/2013
f 2014/2014/2014 2015/2015/2015 2016/2016/2016
f 2017/2017/2017 2018/2018/2018 2019/2019/2019
f 2020/2020/2020 2021/2021/2021 2022/2022/2022
f 2023/2023/2023 2024/2024/2024 2025/2025/2025
f 2026/2026/2026 2027/2027/2027 2028/2028/2028
f 2029/2029/2029 2030/2030/2030 2031/2031/2031
f 2032/2032/2032 2033/2033/2033 2034/2034/2034
f 2035/2035/2035 2036/2036/2036 2037/2037/2037
f 2038/2038/2038 2039/2039/2039 2040/2040/2040
f 2041/2041/2041 2042/2042/2042 2043/2043/2043
f 2044/2044/2044 2045/2045/2045 2046/2046/2046
f 2047/2047/2047 2048/2048/2048 2049/2049/2049
f 2050/2050/2050 2051/2051/2051 2052/2052/2052
f 2053/2053/2053 2054/2054/2054 2055/2055/2055
f 2056/2056/2056 2057/2057/2057 2058/2058/2058
f 2059/2059/2059 2060/2060/2060 2061/2061/2061
f 2062/2062/2062 2063/2063/2063 2064/2064/2064
f 2065/2065/2065 2066/2066/2066 2067/2067/2067
f 2068/2068/2068 2069/2069/2069 2070/2070/2070
f 2071/2071/2071 2072/2072/2072 2073/2073/2073
f 2074/2074/2074 2075/2075/2075 2076/2076/2076
f 2077/2077/2077 2078/2078/2078 2079/2079/2079
f 2080/2080/2080 2081/2081/2081 2082/2082/2082
f 2083/2083/2083 2084/2084/2084 2085/2085/2085
f 2086/2086/2086 2087/2087/2087 2088/2088/2088
f 2089/2089/2089 2090/2090/2090 2091/2091/2091
f 2092/2092/2092 2093/2093/2093 2094/2094/2094
f 2095/2095/2095 2096/2096/2096 2097/2097/2097
f 2098/2098/2098 2099/2099/2099 2100/2100/2100
f 2101/2101/2101 2102/2102/2102 2103/2103/2103
f 2104/2104/2104 2105/2105/2105 2106/2106/2106
f 2107/2107/2107 2108/2108/2108 2109/2109/2109
f 2110/2110/2110 2111/2111/2111 2112/2112/2112
f 2113/2113/2113 2114/2114/2114 2115/2115/2115
f 2116/2116/2116 2117/2117/2117 2118/2118/2118
f 2119/2119/2119 2120/2120/2120 2121/2121/2121
f 2122/2122/2122 2123/2123/2123 2124/2124/2124
f 2125/2125/2125 2126/2126/2126 2127/2127/2127
f 2128/2128/2128 2129/2129/2129 2130/2130/2130
f 2131/2131/2131 2132/2132/2132 2133/2133/2133
f 2134/2134/2134 2135/2135/2135 2136/2136/2136
f 2137/2137/2137 2138/2138/2138 2139/2139/2139
f 2140/2140/2140 2141/2141/2141 2142/2142/2142
f 2143/2143/2143 2144/2144/2144 2145/2145/2145
f 2146/2146/2146 2147/2147/2147 2148/2148/2148
f 2149/2149/2149 2150/2150/2150 2151/2151/2151
f 2152/2152/2152 2153/2153/2153 2154/2154/2154
f 2155/2155/2155 2156/2156/2156 2157/2157/2157
f 2158/2158/2158 2159/2159/2159 2160/2160/2160
f 2161/2161/2161 2162/2162/2162 2163/2163/2163
f 2164/2164/2164 2165/2165/2165 2166/2166/2166
f 2167/2167/2167 2168/2168/2168 2169/2169/2169
f 2170/2170/2170 2171/2171/2171 2172/2172/2172
f 2173/2173/2173 2174/2174/2174 2175/2175/2175
f 2176/2176/2176 2177/2177/2177 2178/2178/2178
f 2179/2179/2179 2180/2180/2180 2181/2181/2181
f 2182/2182/2182 2183/2183/2183 2184/2184/2184
f 2185/2185/2185 2186/2186/2186 2187/2187/2187
f 2188/2188/2188 2189/2189/2189 2190/2190/2190
f 2191/2191/2191 2192/2192/2192 2193/2193/2193
f 2194/2194/2194 2195/2195/2195 2196/2196/2196
f 2197/2197/2197 2198/2198/2198 2199/2199/2199
f 2200/2200/2200 2201/2201/2201 2202/2202/2202
f 2203/2203/2203 2204/2204/2204 2205/2205/2205
f 2206/2206/2206 2207/2207/2207 2208/2208/2208
f 2209/2209/2209 2210/2210/2210 2211/2211/2211
f 2212/2212/2212 2213/2213/2213 2214/2214/2214
f 2215/2215/2215 2216/2216/2216 2217/2217/2217
f 2218/2218/2218 2219/2219/2219 2220/2220/2220
f 2221/2221/2221 2222/2222/2222 2223/2223/2223
f 2224/2224/2224 2225/2225/2225 2226/2226/2226
f 2227/2227/2227 2228/2228/2228 2229/2229/2229
f 2230/2230/2230 2231/2231/2231 2232/2232/2232
f 2233/2233/2233 2234/2234/2234 2235/2235/2235
f 2236/2236/2236 2237/2237/2237 2238/2238/2238
f 2239/2239/2239 2240/2240/2240 2241/2241/2241
f 2242/2242/2242 2243/2243/2243 2244/2244/2244
f 2245/2245/2245 2246/2246/2246 2247/2247/2247
f 2248/2248/2248 2249/2249/2249 2250/2250/2250
f 2251/2251/2251 2252/2252/2252 2253/2253/2253
f 2254/2254/2254 2255/2255/2255 2256/2256/2256
f 2257/2257/2257 2258/2258/2258 2259/2259/2259
f 2260/2260/2260 2261/2261/2261 2262/2262/2262
f 2263/2263/2263 2264/2264/2264 2265/2265/2265
f 2266/2266/2266 2267/2267/2267 2268/2268/2268
f 2269/2269/2269 2270/2270/2270 2271/2271/2271
f 2272/2272/2272 2273/2273/2273 2274/2274/2274
f 2275/2275/2275 2276/2276/2276 2277/2277/2277
f 2278/2278/2278 2279/2279/2279 2280/2280/2280
f 2281/2281/2281 2282/2282/2282 2283/2283/2283
f 2284/2284/2284 2285/2285/2285 2286/2286/2286
f 2287/2287/2287 2288/2288/2288 2289/2289/2289
f 2290/2290/2290 2291/2291/2291 2292/2292/2292
f 2293/2293/2293 2294/2294/2294 2295/2295/2295
f 2296/2296/2296 2297/2297/2297 2298/2298/2298
f 2299/2299/2299 2300/2300/2300 2301/2301/2301
f 2302/2302/2302 2303/2303/2303 2304/2304/2304
f 2305/2305/2305 2306/2306/2306 2307/2307/2307
f 2308/2308/2308 2309/2309/2309 2310/2310/2310
f 2311/2311/2311 2312/2312/2312 2313/2313/2313
f 2314/2314/2314 2315/2315/2315 2316/2316/2316
f 2317/2317/2317 2318/2318/2318 2319/2319/2319
f 2320/2320/2320 2321/2321/2321 2322/2322/2322
f 2323/2323/2323 2324/2324/2324 2325/2325/2325
f 2326/2326/2326 2327/2327/2327 2328/2328/2328
f 2329/2329/2329 2330/2330/2330 2331/2331/2331
f 2332/2332/2332 2333/2333/2333 2334/2334/2334
f 2335/2335/2335 2336/2336/2336 2337/2337/2337
f 2338/2338/2338 2339/2339/2339 2340/2340/2340
f 2341/2341/2341 2342/2342/2342 2343/2343/2343
f 2344/2344/2344 2345/2345/2345 2346/2346/2346
f 2347/2347/2347 2348/2348/2348 2349/2349/2349
f 2350/2350/2350 2351/2351/2351 2352/2352/2352
f 2353/2353/2353 2354/2354/2354 2355/2355/2355
f 2356/2356/2356 2357/2357/2357 2358/2358/2358
f 2359/2359/2359 2360/2360/2360 2361/2361/2361
f 2362/2362/2362 2363/2363/2363 2364/2364/2364
f 2365/2365/2365 2366/2366/2366 2367/2367/2367
f 2368/2368/2368 2369/2369/2369 2370/2370/2370
f 2371/2371/2371 2372/2372/2372 2373/2373/2373
f 2374/2374/2374 2375/2375/2375 2376/2376/2376
f 2377/2377/2377 2378/2378/2378 2379/2379/2379
f 2380/2380/2380 2381/2381/2381 2382/2382/2382
f 2383/2383/2383 2384/2384/2384 2385/2385/2385
f 2386/2386/2386 2387/2387/2387 2388/2388/2388
f 2389/2389/2389 2390/2390/2390 2391/2391/2391
f 2392/2392/2392 2393/2393/2393 2394/2394/2394
f 2395/2395/2395 2396/2396/2396 2397/2397/2397
f 2398/2398/2398 2399/2399/2399 2400/2400/2400
f 2401/2401/2401 2402/2402/2402 2403/2403/2403
f 2404/2404/2404 2405/2405/2405 2406/2406/2406
f 2407/2407/2407 2408/2408/2408 2409/2409/2409
f 2410/2410/2410 2411/2411/2411 2412/2412/2412
f 2413/2413/2413 2414/2414/2414 2415/2415/2415
f 2416/2416/2416 2417/2417/2417 2418/2418/2418
f 2419/2419/2419 2420/2420/2420 2421/2421/2421
f 2422/2422/2422 2423/2423/2423 2424/2424/2424
f 2425/2425/2425 2426/2426/2426 2427/2427/2427
f 2428/2428/2428 2429/2429/2429 2430/2430/2430
f 2431/2431/2431 2432/2432/2432 2433/2433/2433
f 2434/2434/2434 2435/2435/2435 2436/2436/2436
f 2437/2437/2437 2438/2438/2438 2439/2439/2439
f 2440/2440/2440 2441/2441/2441 2442/2442/2442
f 2443/2443/2443 2444/2444/2444 2445/2445/2445
f 2446/2446/2446 2447/2447/2447 2448/2448/2448
f 2449/2449/2449 2450/2450/2450 2451/2451/2451
f 2452/2452/2452 2453/2453/2453 2454/2454/2454
f 2455/2455/2455 2456/2456/2456 2457/2457/2457
f 2458/2458/2458 2459/2459/2459 2460/2460/2460
f 2461/2461/2461 2462/2462/2462 2463/2463/2463
f 2464/2464/2464 2465/2465/2465 2466/2466/2466
f 2467/2467/2467 2468/2468/2468 2469/2469/2469
f 2470/2470/2470 2471/2471/2471 2472/2472/2472
f 2473/2473/2473 2474/2474/2474 2475/2475/2475
f 2476/2476/2476 2477/2477/2477 2478/2478/2478
f 2479/2479/2479 2480/2480/2480 2481/2481/2481
f 2482/2482/2482 2483/2483/2483 2484/2484/2484
f 2485/2485/2485 2486/2486/2486 2487/2487/2487
f 2488/2488/2488 2489/2489/2489 2490/2490/2490
f 2491/2491/2491 2492/2492/2492 2493/2493/2493
f 2494/2494/2494 2495/2495/2495 2496/2496/2496
f 2497/2497/2497 2498/2498/2498 2499/2499/2499
f 2500/2500/2500 2501/2501/2501 2502/2502/2502
f 2503/2503/2503 2504/2504/2504 2505/2505/2505
f 2506/2506/2506 2507/2507/2507 2508/2508/2508
f 2509/2509/2509 2510/2510/2510 2511/2511/2511
f 2512/2512/2512 2513/2513/2513 2514/2514/2514
f 2515/2515/2515 2516/2516/2516 2517/2517/2517
f 2518/2518/2518 2519/2519/2519 2520/2520/2520
f 2521/2521/2521 2522/2522/2522 2523/2523/2523
f 2524/2524/2524 2525/2525/2525 2526/2526/2526
f 2527/2527/2527 2528/2528/2528 2529/2529/2529
f 2530/2530/2530 2531/2531/2531 2532/2532/2532
f 2533/2533/2533 2534/2534/2534 2535/2535/2535
f 2536/2536/2536 2537/2537/2537 2538/2538/2538
f 2539/2539/2539 2540/2540/2540 2541/2541/2541
f 2542/2542/2542 2543/2543/2543 2544/2544/2544
f 2545/2545/2545 2546/2546/2546 2547/2547/2547
f 2548/2548/2548 2549/2549/2549 2550/2550/2550
f 2551/2551/2551 2552/2552/2552 2553/2553/2553
f 2554/2554/2554 2555/2555/2555 2556/2556/2556
f 2557/2557/2557 2558/2558/2558 2559/2559/2559
f 2560/2560/2560 2561/2561/2561 2562/2562/2562
f 2563/2563/2563 2564/2564/2564 2565/2565/2565
f 2566/2566/2566 2567/2567/2567 2568/2568/2568
f 2569/2569/2569 2570/2570/2570 2571/2571/2571
f 2572/2572/2572 2573/2573/2573 2574/2574/2574
f 2575/2575/2575 2576/2576/2576 2577/2577/2577
f 2578/2578/2578 2579/2579/2579 2580/2580/2580
f 2581/2581/2581 2582/2582/2582 2583/2583/2583
f 2584/2584/2584 2585/2585/2585 2586/2586/2586
f 2587/2587/2587 2588/2588/2588 2589/2589/2589
f 2590/2590/2590 2591/2591/2591 2592/2592/2592
f 2593/2593/2593 2594/2594/2594 2595/2595/2595
f 2596/2596/2596 2597/2597/2597 2598/2598/2598
f 2599/2599/2599 2600/2600/2600 2601/2601/2601
f 2602/2602/2602 2603/2603/2603 2604/2604/2604
f 2605/2605/2605 2606/2606/2606 2607/2607/2607
f 2608/2608/2608 2609/2609/2609 2610/2610/2610
f 2611/2611/2611 2612/2612/2612 2613/2613/2613
f 2614/2614/2614 2615/2615/2615 2616/2616/2616
f 2617/2617/2617 2618/2618/2618 2619/2619/2619
f 2620/2620/2620 2621/2621/2621 2622/2622/2622
f 2623/2623/2623 2624/2624/2624 2625/2625/2625
f 2626/2626/2626 2627/2627/2627 2628/2628/2628
f 2629/2629/2629 2630/2630/2630 2631/2631/2631
f 2632/2632/2632 2633/2633/2633 2634/2634/2634
f 2635/2635/2635 2636/2636/2636 2637/2637/2637
f 2638/2638/2638 2639/2639/2639 2640/2640/2640
f 2641/2641/2641 2642/2642/2642 2643/2643/2643
f 2644/2644/2644 2645/2645/2645 2646/2646/2646
f 2647/2647/2647 2648/2648/2648 2649/2649/2649
f 2650/2650/2650 2651/2651/2651 2652/2652/2652
f 2653/2653/2653 2654/2654/2654 2655/2655/2655
f 2656/2656/2656 2657/2657/2657 2658/2658/2658
f 2659/2659/2659 2660/2660/2660 2661/2661/2661
f 2662/2662/2662 2663/2663/2663 2664/2664/2664
f 2665/2665/2665 2666/2666/2666 2667/2667/2667
f 2668/2668/2668 2669/2669/2669 2670/2670/2670
f 2671/2671/2671 2672/2672/2672 2673/2673/2673
f 2674/2674/2674 2675/2675/2675 2676/2676/2676
f 2677/2677/2677 2678/2678/2678 2679/2679/2679
f 2680/2680/2680 2681/2681/2681 2682/2682/2682
f 2683/2683/2683 2684/2684/2684 2685/2685/2685
f 2686/2686/2686 2687/2687/2687 2688/2688/2688
f 2689/2689/2689 2690/2690/2690 2691/2691/2691
f 2692/2692/2692 2693/2693/2693 2694/2694/2694
f 2695/2695/2695 2696/2696/2696 2697/2697/2697
f 2698/2698/2698 2699/2699/2699 2700/2700/2700
f 2701/2701/2701 2702/2702/2702 2703/2703/2703
f 2704/2704/2704 2705/2705/2705 2706/2706/2706
f 2707/2707/2707 2708/2708/2708 2709/2709/2709
f 2710/2710/2710 2711/2711/2711 2712/2712/2712
f 2713/2713/2713 2714/2714/2714 2715/2715/2715
f 2716/2716/2716 2717/2717/2717 2718/2718/2718
f 2719/2719/2719 2720/2720/2720 2721/2721/2721
f 2722/2722/2722 2723/2723/2723 2724/2724/2724
f 2725/2725/2725 2726/2726/2726 2727/2727/2727
f 2728/2728/2728 2729/2729/2729 2730/2730/2730
f 2731/2731/2731 2732/2732/2732 2733/2733/2733
f 2734/2734/2734 2735/2735/2735 2736/2736/2736
f 2737/2737/2737 2738/2738/2738 2739/2739/2739
f 2740/2740/2740 2741/2741/2741 2742/2742/2742
f 2743/2743/2743 2744/2744/2744 2745/2745/2745
f 2746/2746/2746 2747/2747/2747 2748/2748/2748
f 2749/2749/2749 2750/2750/2750 2751/2751/2751
f 2752/2752/2752 2753/2753/2753 2754/2754/2754
f 2755/2755/2755 2756/2756/2756 2757/2757/2757
f 2758/2758/2758 2759/2759/2759 2760/2760/2760
f 2761/2761/2761 2762/2762/2762 2763/2763/2763
f 2764/2764/2764 2765/2765/2765 2766/2766/2766
f 2767/2767/2767 2768/2768/2768 2769/2769/2769
f 2770/2770/2770 2771/2771/2771 2772/2772/2772
f 2773/2773/2773 2774/2774/2774 2775/2775/2775
f 2776/2776/2776 2777/2777/2777 2778/2778/2778
f 2779/2779/2779 2780/2780/2780 2781/2781/2781
f 2782/2782/2782 2783/2783/2783 2784/2784/2784
f 2785/2785/2785 2786/2786/2786 2787/2787/2787
f 2788/2788/2788 2789/2789/2789 2790/2790/2790
f 2791/2791/2791 2792/2792/2792 2793/2793/2793
f 2794/2794/2794 2795/2795/2795 2796/2796/2796
f 2797/2797/2797 2798/2798/2798 2799/2799/2799
f 2800/2800/2800 2801/2801/2801 2802/2802/2802
f 2803/2803/2803 2804/2804/2804 2805/2805/2805
f 2806/2806/2806 2807/2807/2807 2808/2808/2808
f 2809/2809/2809 2810/2810/2810 2811/2811/2811
f 2812/2812/2812 2813/2813/2813 2814/2814/2814
f 2815/2815/2815 2816/2816/2816 2817/2817/2817
f 2818/2818/2818 2819/2819/2819 2820/2820/2820
f 2821/2821/2821 2822/2822/2822 2823/2823/2823
f 2824/2824/2824 2825/2825/2825 2826/2826/2826
f 2827/2827/2827 2828/2828/2828 2829/2829/2829
f 2830/2830/2830 2831/2831/2831 2832/2832/2832
f 2833/2833/2833 2834/2834/2834 2835/2835/2835
f 2836/2836/2836 2837/2837/2837 2838/2838/2838
f 2839/2839/2839 2840/2840/2840 2841/2841/2841
f 2842/2842/2842 2843/2843/2843 2844/2844/2844
f 2845/2845/2845 2846/2846/2846 2847/2847/2847
f 2848/2848/2848 2849/2849/2849 2850/2850/2850
f 2851/2851/2851 2852/2852/2852 2853/2853/2853
f 2854/2854/2854 2855/2855/2855 2856/2856/2856
f 2857/2857/2857 2858/2858/2858 2859/2859/2859
f 2860/2860/2860 2861/2861/2861 2862/2862/2862
f 2863/2863/2863 2864/2864/2864 2865/2865/2865
f 2866/2866/2866 2867/2867/2867 2868/2868/2868
f 2869/2869/2869 2870/2870/2870 2871/2871/2871
f 2872/2872/2872 2873/2873/2873 2874/2874/2874
f 2875/2875/2875 2876/2876/2876 2877/2877/2877
f 2878/2878/2878 2879/2879/2879 2880/2880/2880
f 2881/2881/2881 2882/2882/2882 2883/2883/2883
f 2884/2884/2884 2885/2885/2885 2886/2886/2886
f 2887/2887/2887 2888/2888/2888 2889/2889/2889
f 2890/2890/2890 2891/2891/2891 2892/2892/2892
f 2893/2893/2893 2894/2894/2894 2895/2895/2895
f 2896/2896/2896 2897/2897/2897 2898/2898/2898
f 2899/2899/2899 2900/2900/2900 2901/2901/2901
f 2902/2902/2902 2903/2903/2903 2904/2904/2904
f 2905/2905/2905 2906/2906/2906 2907/2907/2907
f 2908/2908/2908 2909/2909/2909 2910/2910/2910
f 2911/2911/2911 2912/2912/2912 2913/2913/2913
f 2914/2914/2914 2915/2915/2915 2916/2916/2916
f 2917/2917/2917 2918/2918/2918 2919/2919/2919
f 2920/2920/2920 2921/2921/2921 2922/2922/2922
f 2923/2923/2923 2924/2924/2924 2925/2925/2925
f 2926/2926/2926 2927/2927/2927 2928/2928/2928
f 2929/2929/2929 2930/2930/2930 2931/2931/2931
f 2932/2932/2932 2933/2933/2933 2934/2934/2934
f 2935/2935/2935 2936/2936/2936 2937/2937/2937
f 2938/2938/2938 2939/2939/2939 2940/2940/2940
f 2941/2941/2941 2942/2942/2942 2943/2943/2943
f 2944/2944/2944 2945/2945/2945 2946/2946/2946
f 2947/2947/2947 2948/2948/2948 2949/2949/2949
f 2950/2950/2950 2951/2951/2951 2952/2952/2952
f 2953/2953/2953 2954/2954/2954 2955/2955/2955
f 2956/2956/2956 2957/2957/2957 2958/2958/2958
f 2959/2959/2959 2960/2960/2960 2961/2961/2961
f 2962/2962/2962 2963/2963/2963 2964/2964/2964
f 2965/2965/2965 2966/2966/2966 2967/2967/2967
f 2968/2968/2968 2969/2969/2969 2970/2970/2970
f 2971/2971/2971 2972/2972/2972 2973/2973/2973
f 2974/2974/2974 2975/2975/2975 2976/2976/2976
f 2977/2977/2977 2978/2978/2978 2979/2979/2979
f 2980/2980/2980 2981/2981/2981 2982/2982/2982
f 2983/2983/2983 2984/2984/2984 2985/2985/2985
f 2986/2986/2986 2987/2987/2987 2988/2988/2988
f 2989/2989/2989 2990/2990/2990 2991/2991/2991
f 2992/2992/2992 2993/2993/2993 2994/2994/2994
f 2995/2995/2995 2996/2996/2996 2997/2997/2997
f 2998/2998/2998 2999/2999/2999 3000/3000/3000
f 3001/3001/3001 3002/3002/3002 3003/3003/3003
f 3004/3004/3004 3005/3005/3005 3006/3006/3006
f 3007/3007/3007 3008/3008/3008 3009/3009/3009
f 3010/3010/3010 3011/3011/3011 3012/3012/3012
f 3013/3013/3013 3014/3014/3014 3015/3015/3015
f 3016/3016/3016 3017/3017/3017 3018/3018/3018
f 3019/3019/3019 3020/3020/3020 3021/3021/3021
f 3022/3022/3022 3023/3023/3023 3024/3024/3024
f 3025/3025/3025 3026/3026/3026 3027/3027/3027
f 3028/3028/3028 3029/3029/3029 3030/3030/3030
f 3031/3031/3031 3032/3032/3032 3033/3033/3033
f 3034/3034/3034 3035/3035/3035 3036/3036/3036
f 3037/3037/3037 3038/3038/3038 3039/3039/3039
f 3040/3040/3040 3041/3041/3041 3042/3042/3042
f 3043/3043/3043 3044/3044/3044 3045/3045/3045
f 3046/3046/3046 3047/3047/3047 3048/3048/3048
f 3049/3049/3049 3050/3050/3050 3051/3051/3051
f 3052/3052/3052 3053/3053/3053 3054/3054/3054
f 3055/3055/3055 3056/3056/3056 3057/3057/3057
f 3058/3058/3058 3059/3059/3059 3060/3060/3060
f 3061/3061/3061 3062/3062/3062 3063/3063/3063
f 3064/3064/3064 3065/3065/3065 3066/3066/3066
f 3067/3067/3067 3068/3068/3068 3069/3069/3069
f 3070/3070/3070 3071/3071/3071 3072/3072/3072
f 3073/3073/3073 3074/3074/3074 3075/3075/3075
f 3076/3076/3076 3077/3077/3077 3078/3078/3078
f 3079/3079/3079 3080/3080/3080 3081/3081/3081
f 3082/3082/3082 3083/3083/3083 3084/3084/3084
f 3085/3085/3085 3086/3086/3086 3087/3087/3087
f 3088/3088/3088 3089/3089/3089 3090/3090/3090
f 3091/3091/3091 3092/3092/3092 3093/3093/3093
f 3094/3094/3094 3095/3095/3095 3096/3096/3096
f 3097/3097/3097 3098/3098/3098 3099/3099/3099
f 3100/3100/3100 3101/3101/3101 3102/3102/3102
f 3103/3103/3103 3104/3104/3104 3105/3105/3105
f 3106/3106/3106 3107/3107/3107 3108/3108/3108
f 3109/3109/3109 3110/3110/3110 3111/3111/3111
f 3112/3112/3112 3113/3113/3113 3114/3114/3114
f 3115/3115/3115 3116/3116/3116 3117/3117/3117
f 3118/3118/3118 3119/3119/3119 3120/3120/3120
f 3121/3121/3121 3122/3122/3122 3123/3123/3123
f 3124/3124/3124 3125/3125/3125 3126/3126/3126
f 3127/3127/3127 3128/3128/3128 3129/3129/3129
f 3130/3130/3130 3131/3131/3131 3132/3132/3132
f 3133/3133/3133 3134/3134/3134 3135/3135/3135
f 3136/3136/3136 3137/3137/3137 3138/3138/3138
f 3139/3139/3139 3140/3140/3140 3141/3141/3141
f 3142/3142/3142 3143/3143/3143 3144/3144/3144
f 3145/3145/3145 3146/3146/3146 3147/3147/3147
f 3148/3148/3148 3149/3149/3149 3150/3150/3150
f 3151/3151/3151 3152/3152/3152 3153/3153/3153
f 3154/3154/3154 3155/3155/3155 3156/3156/3156
f 3157/3157/3157 3158/3158/3158 3159/3159/3159
f 3160/3160/3160 3161/3161/3161 3162/3162/3162
f 3163/3163/3163 3164/3164/3164 3165/3165/3165
f 3166/3166/3166 3167/3167/3167 3168/3168/3168
f 3169/3169/3169 3170/3170/3170 3171/3171/3171
f 3172/3172/3172 3173/3173/3173 3174/3174/3174
f 3175/3175/3175 3176/3176/3176 3177/3177/3177
f 3178/3178/3178 3179/3179/3179 3180/3180/3180
f 3181/3181/3181 3182/3182/3182 3183/3183/3183
f 3184/3184/3184 3185/3185/3185 3186/3186/3186
f 3187/3187/3187 3188/3188/3188 3189/3189/3189
f 3190/3190/3190 3191/3191/3191 3192/3192/3192
f 3193/3193/3193 3194/3194/3194 3195/3195/3195
f 3196/3196/3196 3197/3197/3197 3198/3198/3198
f 3199/3199/3199 3200/3200/3200 3201/3201/3201
f 3202/3202/3202 3203/3203/3203 3204/3204/3204
f 3205/3205/3205 3206/3206/3206 3207/3207/3207
f 3208/3208/3208 3209/3209/3209 3210/3210/3210
f 3211/3211/3211 3212/3212/3212 3213/3213/3213
f 3214/3214/3214 3215/3215/3215 3216/3216/3216
f 3217/3217/3217 3218/3218/3218 3219/3219/3219
f 3220/3220/3220 3221/3221/3221 3222/3222/3222
f 3223/3223/3223 3224/3224/3224 3225/3225/3225
f 3226/3226/3226 3227/3227/3227 3228/3228/3228
f 3229/3229/3229 3230/3230/3230 3231/3231/3231
f 3232/3232/3232 3233/3233/3233 3234/3234/3234
f 3235/3235/3235 3236/3236/3236 3237/3237/3237
f 3238/3238/3238 3239/3239/3239 3240/3240/3240
f 3241/3241/3241 3242/3242/3242 3243/3243/3243
f 3244/3244/3244 3245/3245/3245 3246/3246/3246
f 3247/3247/3247 3248/3248/3248 3249/3249/3249
f 3250/3250/3250 3251/3251/3251 3252/3252/3252
f 3253/3253/3253 3254/3254/3254 3255/3255/3255
f 3256/3256/3256 3257/3257/3257 3258/3258/3258
f 3259/3259/3259 3260/3260/3260 3261/3261/3261
f 3262/3262/3262 3263/3263/3263 3264/3264/3264
f 3265/3265/3265 3266/3266/3266 3267/3267/3267
f 3268/3268/3268 3269/3269/3269 3270/3270/3270
f 3271/3271/3271 3272/3272/3272 3273/3273/3273
f 3274/3274/3274 3275/3275/3275 3276/3276/3276
f 3277/3277/3277 3278/3278/3278 3279/3279/3279
f 3280/3280/3280 3281/3281/3281 3282/3282/3282
f 3283/3283/3283 3284/3284/3284 3285/3285/3285
f 3286/3286/3286 3287/3287/3287 3288/3288/3288
f 3289/3289/3289 3290/3290/3290 3291/3291/3291
f 3292/3292/3292 3293/3293/3293 3294/3294/3294
f 3295/3295/3295 3296/3296/3296 3297/3297/3297
f 3298/3298/3298 3299/3299/3299 3300/3300/3300
f 3301/3301/3301 3302/3302/3302 3303/3303/3303
f 3304/3304/3304 3305/3305/3305 3306/3306/3306
f 3307/3307/3307 3308/3308/3308 3309/3309/3309
f 3310/3310/3310 3311/3311/3311 3312/3312/3312
f 3313/3313/3313 3314/3314/3314 3315/3315/3315
f 3316/3316/3316 3317/3317/3317 3318/3318/3318
f 3319/3319/3319 3320/3320/3320 3321/3321/3321
f 3322/3322/3322 3323/3323/3323 3324/3324/3324
f 3325/3325/3325 3326/3326/3326 3327/3327/3327
f 3328/3328/3328 3329/3329/3329 3330/3330/3330
f 3331/3331/3331 3332/3332/3332 3333/3333/3333
f 3334/3334/3334 3335/3335/3335 3336/3336/3336
f 3337/3337/3337 3338/3338/3338 3339/3339/3339
f 3340/3340/3340 3341/3341/3341 3342/3342/3342
f 3343/3343/3343 3344/3344/3344 3345/3345/3345
f 3346/3346/3346 3347/3347/3347 3348/3348/3348
f 3349/3349/3349 3350/3350/3350 3351/3351/3351
f 3352/3352/3352 3353/3353/3353 3354/3354/3354
f 3355/3355/3355 3356/3356/3356 3357/3357/3357
f 3358/3358/3358 3359/3359/3359 3360/3360/3360
f 3361/3361/3361 3362/3362/3362 3363/3363/3363
f 3364/3364/3364 3365/3365/3365 3366/3366/3366
f 3367/3367/3367 3368/3368/3368 3369/3369/3369
f 3370/3370/3370 3371/3371/3371 3372/3372/3372
f 3373/3373/3373 3374/3374/3374 3375/3375/3375
f 3376/3376/3376 3377/3377/3377 3378/3378/3378
f 3379/3379/3379 3380/3380/3380 3381/3381/3381
f 3382/3382/3382 3383/3383/3383 3384/3384/3384
f 3385/3385/3385 3386/3386/3386 3387/3387/3387
f 3388/3388/3388 3389/3389/3389 3390/3390/3390
f 3391/3391/3391 3392/3392/3392 3393/3393/3393
f 3394/3394/3394 3395/3395/3395 3396/3396/3396
f 3397/3397/3397 3398/3398/3398 3399/3399/3399
f 3400/3400/3400 3401/3401/3401 3402/3402/3402
f 3403/3403/3403 3404/3404/3404 3405/3405/3405
f 3406/3406/3406 3407/3407/3407 3408/3408/3408
f 3409/3409/3409 3410/3410/3410 3411/3411/3411
f 3412/3412/3412 3413/3413/3413 3414/3414/3414
f 3415/3415/3415 3416/3416/3416 3417/3417/3417
f 3418/3418/3418 3419/3419/3419 3420/3420/3420
f 3421/3421/3421 3422/3422/3422 3423/3423/3423
f 3424/3424/3424 3425/3425/3425 3426/3426/3426
f 3427/3427/3427 3428/3428/3428 3429/3429/3429
f 3430/3430/3430 3431/3431/3431 3432/3432/3432
f 3433/3433/3433 3434/3434/3434 3435/3435/3435
f 3436/3436/3436 3437/3437/3437 3438/3438/3438
f 3439/3439/3439 3440/3440/3440 3441/3441/3441
f 3442/3442/3442 3443/3443/3443 3444/3444/3444
f 3445/3445/3445 3446/3446/3446 3447/3447/3447
f 3448/3448/3448 3449/3449/3449 3450/3450/3450
f 3451/3451/3451 3452/3452/3452 3453/3453/3453
f 3454/3454/3454 3455/3455/3455 3456/3456/3456
f 3457/3457/3457 3458/3458/3458 3459/3459/3459
f 3460/3460/3460 3461/3461/3461 3462/3462/3462
f 3463/3463/3463 3464/3464/3464 3465/3465/3465
f 3466/3466/3466 3467/3467/3467 3468/3468/3468
f 3469/3469/3469 3470/3470/3470 3471/3471/3471
f 3472/3472/3472 3473/3473/3473 3474/3474/3474
f 3475/3475/3475 3476/3476/3476 3477/3477/3477
f 3478/3478/3478 3479/3479/3479 3480/3480/3480
f 3481/3481/3481 3482/3482/3482 3483/3483/3483
f 3484/3484/3484 3485/3485/3485 3486/3486/3486
f 3487/3487/3487 3488/3488/3488 3489/3489/3489
f 3490/3490/3490 3491/3491/3491 3492/3492/3492
f 3493/3493/3493 3494/3494/3494 3495/3495/3495
f 3496/3496/3496 3497/3497/3497 3498/3498/3498
f 3499/3499/3499 3500/3500/3500 3501/3501/3501
f 3502/3502/3502 3503/3503/3503 3504/3504/3504
f 3505/3505/3505 3506/3506/3506 3507/3507/3507
f 3508/3508/3508 3509/3509/3509 3510/3510/3510
f 3511/3511/3511 3512/3512/3512 3513/3513/3513
f 3514/3514/3514 3515/3515/3515 3516/3516/3516
f 3517/3517/3517 3518/3518/3518 3519/3519/3519
f 3520/3520/3520 3521/3521/3521 3522/3522/3522
f 3523/3523/3523 3524/3524/3524 3525/3525/3525
f 3526/3526/3526 3527/3527/3527 3528/3528/3528
f 3529/3529/3529 3530/3530/3530 3531/3531/3531
f 3532/3532/3532 3533/3533/3533 3534/3534/3534
f 3535/3535/3535 3536/3536/3536 3537/3537/3537
f 3538/3538/3538 3539/3539/3539 3540/3540/3540
f 3541/3541/3541 3542/3542/3542 3543/3543/3543
f 3544/3544/3544 3545/3545/3545 3546/3546/3546
f 3547/3547/3547 3548/3548/3548 3549/3549/3549
f 3550/3550/3550 3551/3551/3551 3552/3552/3552
f 3553/3553/3553 3554/3554/3554 3555/3555/3555
f 3556/3556/3556 3557/3557/3557 3558/3558/3558
f 3559/3559/3559 3560/3560/3560 3561/3561/3561
f 3562/3562/3562 3563/3563/3563 3564/3564/3564
f 3565/3565/3565 3566/3566/3566 3567/3567/3567
f 3568/3568/3568 3569/3569/3569 3570/3570/3570
f 3571/3571/3571 3572/3572/3572 3573/3573/3573
f 3574/3574/3574 3575/3575/3575 3576/3576/3576
f 3577/3577/3577 3578/3578/3578 3579/3579/3579
f 3580/3580/3580 3581/3581/3581 3582/3582/3582
f 3583/3583/3583 3584/3584/3584 3585/3585/3585
f 3586/3586/3586 3587/3587/3587 3588/3588/3588
f 3589/3589/3589 3590/3590/3590 3591/3591/3591
f 3592/3592/3592 3593/3593/3593 3594/3594/3594
f 3595/3595/3595 3596/3596/3596 3597/3597/3597
f 3598/3598/3598 3599/3599/3599 3600/3600/3600
f 3601/3601/3601 3602/3602/3602 3603/3603/3603
f 3604/3604/3604 3605/3605/3605 3606/3606/3606
f 3607/3607/3607 3608/3608/3608 3609/3609/3609
f 3610/3610/3610 3611/3611/3611 3612/3612/3612
f 3613/3613/3613 3614/3614/3614 3615/3615/3615
f 3616/3616/3616 3617/3617/3617 3618/3618/3618
f 3619/3619/3619 3620/3620/3620 3621/3621/3621
f 3622/3622/3622 3623/3623/3623 3624/3624/3624
f 3625/3625/3625 3626/3626/3626 3627/3627/3627
f 3628/3628/3628 3629/3629/3629 3630/3630/3630
f 3631/3631/3631 3632/3632/3632 3633/3633/3633
f 3634/3634/3634 3635/3635/3635 3636/3636/3636
f 3637/3637/3637 3638/3638/3638 3639/3639/3639
f 3640/3640/3640 3641/3641/3641 3642/3642/3642
f 3643/3643/3643 3644/3644/3644 3645/3645/3645
f 3646/3646/3646 3647/3647/3647 3648/3648/3648
f 3649/3649/3649 3650/3650/3650 3651/3651/3651
f 3652/3652/3652 3653/3653/3653 3654/3654/3654
f 3655/3655/3655 3656/3656/3656 3657/3657/3657
f 3658/3658/3658 3659/3659/3659 3660/3660/3660
f 3661/3661/3661 3662/3662/3662 3663/3663/3663
f 3664/3664/3664 3665/3665/3665 3666/3666/3666
f 3667/3667/3667 3668/3668/3668 3669/3669/3669
f 3670/3670/3670 3671/3671/3671 3672/3672/3672
f 3673/3673/3673 3674/3674/3674 3675/3675/3675
f 3676/3676/3676 3677/3677/3677 3678/3678/3678
f 3679/3679/3679 3680/3680/3680 3681/3681/3681
f 3682/3682/3682 3683/3683/3683 3684/3684/3684
f 3685/3685/3685 3686/3686/3686 3687/3687/3687
f 3688/3688/3688 3689/3689/3689 3690/3690/3690
f 3691/3691/3691 3692/3692/3692 3693/3693/3693
f 3694/3694/3694 3695/3695/3695 3696/3696/3696
f 3697/3697/3697 3698/3698/3698 3699/3699/3699
f 3700/3700/3700 3701/3701/3701 3702/3702/3702
f 3703/3703/3703 3704/3704/3704 3705/3705/3705
f 3706/3706/3706 3707/3707/3707 3708/3708/3708
f 3709/3709/3709 3710/3710/3710 3711/3711/3711
f 3712/3712/3712 3713/3713/3713 3714/3714/3714
f 3715/3715/3715 3716/3716/3716 3717/3717/3717
f 3718/3718/3718 3719/3719/3719 3720/3720/3720
f 3721/3721/3721 3722/3722/3722 3723/3723/3723
f 3724/3724/3724 3725/3725/3725 3726/3726/3726
f 3727/3727/3727 3728/3728/3728 3729/3729/3729
f 3730/3730/3730 3731/3731/3731 3732/3732/3732
f 3733/3733/3733 3734/3734/3734 3735/3735/3735
f 3736/3736/3736 3737/3737/3737 3738/3738/3738
f 3739/3739/3739 3740/3740/3740 3741/3741/3741
f 3742/3742/3742 3743/3743/3743 3744/3744/3744
f 3745/3745/3745 3746/3746/3746 3747/3747/3747
f 3748/3748/3748 3749/3749/3749 3750/3750/3750
f 3751/3751/3751 3752/3752/3752 3753/3753/3753
f 3754/3754/3754 3755/3755/3755 3756/3756/3756
f 3757/3757/3757 3758/3758/3758 3759/3759/3759
f 3760/3760/3760 3761/3761/3761 3762/3762/3762
f 3763/3763/3763 3764/3764/3764 3765/3765/3765
f 3766/3766/3766 3767/3767/3767 3768/3768/3768
f 3769/3769/3769 3770/3770/3770 3771/3771/3771
f 3772/3772/3772 3773/3773/3773 3774/3774/3774
f 3775/3775/3775 3776/3776/3776 3777/3777/3777
f 3778/3778/3778 3779/3779/3779 3780/3780/3780
f 3781/3781/3781 3782/3782/3782 3783/3783/3783
f 3784/3784/3784 3785/3785/3785 3786/3786/3786
f 3787/3787/3787 3788/3788/3788 3789/3789/3789
f 3790/3790/3790 3791/3791/3791 3792/3792/3792
f 3793/3793/3793 3794/3794/3794 3795/3795/3795
f 3796/3796/3796 3797/3797/3797 3798/3798/3798
f 3799/3799/3799 3800/3800/3800 3801/3801/3801
f 3802/3802/3802 3803/3803/3803 3804/3804/3804
f 3805/3805/3805 3806/3806/3806 3807/3807/3807
f 3808/3808/3808 3809/3809/3809 3810/3810/3810
f 3811/3811/3811 3812/3812/3812 3813/3813/3813
f 3814/3814/3814 3815/3815/3815 3816/3816/3816
f 3817/3817/3817 3818/3818/3818 3819/3819/3819
f 3820/3820/3820 3821/3821/3821 3822/3822/3822
f 3823/3823/3823 3824/3824/3824 3825/3825/3825
f 3826/3826/3826 3827/3827/3827 3828/3828/3828
f 3829/3829/3829 3830/3830/3830 3831/3831/3831
f 3832/3832/3832 3833/3833/3833 3834/3834/3834
f 3835/3835/3835 3836/3836/3836 3837/3837/3837
f 3838/3838/3838 3839/3839/3839 3840/3840/3840
f 3841/3841/3841 3842/3842/3842 3843/3843/3843
f 3844/3844/3844 3845/3845/3845 3846/3846/3846
f 3847/3847/3847 3848/3848/3848 3849/3849/3849
f 3850/3850/3850 3851/3851/3851 3852/3852/3852
f 3853/3853/3853 3854/3854/3854 3855/3855/3855
f 3856/3856/3856 3857/3857/3857 3858/3858/3858
f 3859/3859/3859 3860/3860/3860 3861/3861/3861
f 3862/3862/3862 3863/3863/3863 3864/3864/3864
f 3865/3865/3865 3866/3866/3866 3867/3867/3867
f 3868/3868/3868 3869/3869/3869 3870/3870/3870
f 3871/3871/3871 3872/3872/3872 3873/3873/3873
f 3874/3874/3874 3875/3875/3875 3876/3876/3876
f 3877/3877/3877 3878/3878/3878 3879/3879/3879
f 3880/3880/3880 3881/3881/3881 3882/3882/3882
f 3883/3883/3883 3884/3884/3884 3885/3885/3885
f 3886/3886/3886 3887/3887/3887 3888/3888/3888
f 3889/3889/3889 3890/3890/3890 3891/3891/3891
f 3892/3892/3892 3893/3893/3893 3894/3894/3894
f 3895/3895/3895 3896/3896/3896 3897/3897/3897
f 3898/3898/3898 3899/3899/3899 3900/3900/3900
f 3901/3901/3901 3902/3902/3902 3903/3903/3903
f 3904/3904/3904 3905/3905/3905 3906/3906/3906
f 3907/3907/3907 3908/3908/3908 3909/3909/3909
f 3910/3910/3910 3911/3911/3911 3912/3912/3912
f 3913/3913/3913 3914/3914/3914 3915/3915/3915
f 3916/3916/3916 3917/3917/3917 3918/3918/3918
f 3919/3919/3919 3920/3920/3920 3921/3921/3921
f 3922/3922/3922 3923/3923/3923 3924/3924/3924
f 3925/3925/3925 3926/3926/3926 3927/3927/3927
f 3928/3928/3928 3929/3929/3929 3930/3930/3930
f 3931/3931/3931 3932/3932/3932 3933/3933/3933
f 3934/3934/3934 3935/3935/3935 3936/3936/3936
f 3937/3937/3937 3938/3938/3938 3939/3939/3939
f 3940/3940/3940 3941/3941/3941 3942/3942/3942
f 3943/3943/3943 3944/3944/3944 3945/3945/3945
f 3946/3946/3946 3947/3947/3947 3948/3948/3948
f 3949/3949/3949 3950/3950/3950 3951/3951/3951
f 3952/3952/3952 3953/3953/3953 3954/3954/3954
f 3955/3955/3955 3956/3956/3956 3957/3957/3957
f 3958/3958/3958 3959/3959/3959 3960/3960/3960
f 3961/3961/3961 3962/3962/3962 3963/3963/3963
f 3964/3964/3964 3965/3965/3965 3966/3966/3966
f 3967/3967/3967 3968/3968/3968 3969/3969/3969
f 3970/3970/3970 3971/3971/3971 3972/3972/3972
f 3973/3973/3973 3974/3974/3974 3975/3975/3975
f 3976/3976/3976 3977/3977/3977 3978/3978/3978
f 3979/3979/3979 3980/3980/3980 3981/3981/3981
f 3982/3982/3982 3983/3983/3983 3984/3984/3984
f 3985/3985/3985 3986/3986/3986 3987/3987/3987
f 3988/3988/3988 3989/3989/3989 3990/3990/3990
f 3991/3991/3991 3992/3992/3992 3993/3993/3993
f 3994/3994/3994 3995/3995/3995 3996/3996/3996
f 3997/3997/3997 3998/3998/3998 3999/3999/3999
f 4000/4000/4000 4001/4001/4001 4002/4002/4002
f 4003/4003/4003 4004/4004/4004 4005/4005/4005
f 4006/4006/4006 4007/4007/4007 4008/4008/4008
f 4009/4009/4009 4010/4010/4010 4011/4011/4011
f 4012/4012/4012 4013/4013/4013 4014/4014/4014
f 4015/4015/4015 4016/4016/4016 4017/4017/4017
f 4018/4018/4018 4019/4019/4019 4020/4020/4020
f 4021/4021/4021 4022/4022/4022 4023/4023/4023
f 4024/4024/4024 4025/4025/4025 4026/4026/4026
f 4027/4027/4027 4028/4028/4028 4029/4029/4029
f 4030/4030/4030 4031/4031/4031 4032/4032/4032
f 4033/4033/4033 4034/4034/4034 4035/4035/4035
f 4036/4036/4036 4037/4037/4037 4038/4038/4038
f 4039/4039/4039 4040/4040/4040 4041/4041/4041
f 4042/4042/4042 4043/4043/4043 4044/4044/4044
f 4045/4045/4045 4046/4046/4046 4047/4047/4047
f 4048/4048/4048 4049/4049/4049 4050/4050/4050
f 4051/4051/4051 4052/4052/4052 4053/4053/4053
f 4054/4054/4054 4055/4055/4055 4056/4056/4056
f 4057/4057/4057 4058/4058/4058 4059/4059/4059
f 4060/4060/4060 4061/4061/4061 4062/4062/4062
f 4063/4063/4063 4064/4064/4064 4065/4065/4065
f 4066/4066/4066 4067/4067/4067 4068/4068/4068
f 4069/4069/4069 4070/4070/4070 4071/4071/4071
f 4072/4072/4072 4073/4073/4073 4074/4074/4074
f 4075/4075/4075 4076/4076/4076 4077/4077/4077
f 4078/4078/4078 4079/4079/4079 4080/4080/4080
f 4081/4081/4081 4082/4082/4082 4083/4083/4083
f 4084/4084/4084 4085/4085/4085 4086/4086/4086
f 4087/4087/4087 4088/4088/4088 4089/4089/4089
f 4090/4090/4090 4091/4091/4091 4092/4092/4092
f 4093/4093/4093 4094/4094/4094 4095/4095/4095
f 4096/4096/4096 4097/4097/4097 4098/4098/4098
f 4099/4099/4099 4100/4100/4100 4101/4101/4101
f 4102/4102/4102 4103/4103/4103 4104/4104/4104
f 4105/4105/4105 4106/4106/4106 4107/4107/4107
f 4108/4108/4108 4109/4109/4109 4110/4110/4110
f 4111/4111/4111 4112/4112/4112 4113/4113/4113
f 4114/4114/4114 4115/4115/4115 4116/4116/4116
f 4117/4117/4117 4118/4118/4118 4119/4119/4119
f 4120/4120/4120 4121/4121/4121 4122/4122/4122
f 4123/4123/4123 4124/4124/4124 4125/4125/4125
f 4126/4126/4126 4127/4127/4127 4128/4128/4128
f 4129/4129/4129 4130/4130/4130 4131/4131/4131
f 4132/4132/4132 4133/4133/4133 4134/4134/4134
f 4135/4135/4135 4136/4136/4136 4137/4137/4137
f 4138/4138/4138 4139/4139/4139 4140/4140/4140
f 4141/4141/4141 4142/4142/4142 4143/4143/4143
f 4144/4144/4144 4145/4145/4145 4146/4146/4146
f 4147/4147/4147 4148/4148/4148 4149/4149/4149
f 4150/4150/4150 4151/4151/4151 4152/4152/4152
f 4153/4153/4153 4154/4154/4154 4155/4155/4155
f 4156/4156/4156 4157/4157/4157 4158/4158/4158
f 4159/4159/4159 4160/4160/4160 4161/4161/4161
f 4162/4162/4162 4163/4163/4163 4164/4164/4164
f 4165/4165/4165 4166/4166/4166 4167/4167/4167
f 4168/4168/4168 4169/4169/4169 4170/4170/4170
f 4171/4171/4171 4172/4172/4172 4173/4173/4173
f 4174/4174/4174 4175/4175/4175 4176/4176/4176
f 4177/4177/4177 4178/4178/4178 4179/4179/4179
f 4180/4180/4180 4181/4181/4181 4182/4182/4182
f 4183/4183/4183 4184/4184/4184 4185/4185/4185
f 4186/4186/4186 4187/4187/4187 4188/4188/4188
f 4189/4189/4189 4190/4190/4190 4191/4191/4191
f 4192/4192/4192 4193/4193/4193 4194/4194/4194
f 4195/4195/4195 4196/4196/4196 4197/4197/4197
f 4198/4198/4198 4199/4199/4199 4200/4200/4200
f 4201/4201/4201 4202/4202/4202 4203/4203/4203
f 4204/4204/4204 4205/4205/4205 4206/4206/4206
f 4207/4207/4207 4208/4208/4208 4209/4209/4209
f 4210/4210/4210 4211/4211/4211 4212/4212/4212
f 4213/4213/4213 4214/4214/4214 4215/4215/4215
f 4216/4216/4216 4217/4217/4217 4218/4218/4218
f 4219/4219/4219 4220/4220/4220 4221/4221/4221
f 4222/4222/4222 4223/4223/4223 4224/4224/4224
f 4225/4225/4225 4226/4226/4226 4227/4227/4227
f 4228/4228/4228 4229/4229/4229 4230/4230/4230
f 4231/4231/4231 4232/4232/4232 4233/4233/4233
f 4234/4234/4234 4235/4235/4235 4236/4236/4236
f 4237/4237/4237 4238/4238/4238 4239/4239/4239
f 4240/4240/4240 4241/4241/4241 4242/4242/4242
f 4243/4243/4243 4244/4244/4244 4245/4245/4245
f 4246/4246/4246 4247/4247/4247 4248/4248/4248
f 4249/4249/4249 4250/4250/4250 4251/4251/4251
f 4252/4252/4252 4253/4253/4253 4254/4254/4254
f 4255/4255/4255 4256/4256/4256 4257/4257/4257
f 4258/4258/4258 4259/4259/4259 4260/4260/4260
f 4261/4261/4261 4262/4262/4262 4263/4263/4263
f 4264/4264/4264 4265/4265/4265 4266/4266/4266
f 4267/4267/4267 4268/4268/4268 4269/4269/4269
f 4270/4270/4270 4271/4271/4271 4272/4272/4272
f 4273/4273/4273 4274/4274/4274 4275/4275/4275
f 4276/4276/4276 4277/4277/4277 4278/4278/4278
f 4279/4279/4279 4280/4280/4280 4281/4281/4281
f 4282/4282/4282 4283/4283/4283 4284/4284/4284
f 4285/4285/4285 4286/4286/4286 4287/4287/4287
f 4288/4288/4288 4289/4289/4289 4290/4290/4290
f 4291/4291/4291 4292/4292/4292 4293/4293/4293
f 4294/4294/4294 4295/4295/4295 4296/4296/4296
f 4297/4297/4297 4298/4298/4298 4299/4299/4299
f 4300/4300/4300 4301/4301/4301 4302/4302/4302
f 4303/4303/4303 4304/4304/4304 4305/4305/4305
f 4306/4306/4306 4307/4307/4307 4308/4308/4308
f 4309/4309/4309 4310/4310/4310 4311/4311/4311
f 4312/4312/4312 4313/4313/4313 4314/4314/4314
f 4315/4315/4315 4316/4316/4316 4317/4317/4317
f 4318/4318/4318 4319/4319/4319 4320/4320/4320
f 4321/4321/4321 4322/4322/4322 4323/4323/4323
f 4324/4324/4324 4325/4325/4325 4326/4326/4326
f 4327/4327/4327 4328/4328/4328 4329/4329/4329
f 4330/4330/4330 4331/4331/4331 4332/4332/4332
f 4333/4333/4333 4334/4334/4334 4335/4335/4335
f 4336/4336/4336 4337/4337/4337 4338/4338/4338
f 4339/4339/4339 4340/4340/4340 4341/4341/4341
f 4342/4342/4342 4343/4343/4343 4344/4344/4344
f 4345/4345/4345 4346/4346/4346 4347/4347/4347
f 4348/4348/4348 4349/4349/4349 4350/4350/4350
f 4351/4351/4351 4352/4352/4352 4353/4353/4353
f 4354/4354/4354 4355/4355/4355 4356/4356/4356
f 4357/4357/4357 4358/4358/4358 4359/4359/4359
f 4360/4360/4360 4361/4361/4361 4362/4362/4362
f 4363/4363/4363 4364/4364/4364 4365/4365/4365
f 4366/4366/4366 4367/4367/4367 4368/4368/4368
f 4369/4369/4369 4370/4370/4370 4371/4371/4371
f 4372/4372/4372 4373/4373/4373 4374/4374/4374
f 4375/4375/4375 4376/4376/4376 4377/4377/4377
f 4378/4378/4378 4379/4379/4379 4380/4380/4380
f 4381/4381/4381 4382/4382/4382 4383/4383/4383
f 4384/4384/4384 4385/4385/4385 4386/4386/4386
f 4387/4387/4387 4388/4388/4388 4389/4389/4389
f 4390/4390/4390 4391/4391/4391 4392/4392/4392
f 4393/4393/4393 4394/4394/4394 4395/4395/4395
f 4396/4396/4396 4397/4397/4397 4398/4398/4398
f 4399/4399/4399 4400/4400/4400 4401/4401/4401
f 4402/4402/4402 4403/4403/4403 4404/4404/4404
f 4405/4405/4405 4406/4406/4406 4407/4407/4407
f 4408/4408/4408 4409/4409/4409 4410/4410/4410
f 4411/4411/4411 4412/4412/4412 4413/4413/4413
f 4414/4414/4414 4415/4415/4415 4416/4416/4416
f 4417/4417/4417 4418/4418/4418 4419/4419/4419
f 4420/4420/4420 4421/4421/4421 4422/4422/4422
f 4423/4423/4423 4424/4424/4424 4425/4425/4425
f 4426/4426/4426 4427/4427/4427 4428/4428/4428
f 4429/4429/4429 4430/4430/4430 4431/4431/4431
f 4432/4432/4432 4433/4433/4433 4434/4434/4434
f 4435/4435/4435 4436/4436/4436 4437/4437/4437
f 4438/4438/4438 4439/4439/4439 4440/4440/4440
f 4441/4441/4441 4442/4442/4442 4443/4443/4443
f 4444/4444/4444 4445/4445/4445 4446/4446/4446
f 4447/4447/4447 4448/4448/4448 4449/4449/4449
f 4450/4450/4450 4451/4451/4451 4452/4452/4452
f 4453/4453/4453 4454/4454/4454 4455/4455/4455
f 4456/4456/4456 4457/4457/4457 4458/4458/4458
f 4459/4459/4459 4460/4460/4460 4461/4461/4461
f 4462/4462/4462 4463/4463/4463 4464/4464/4464
f 4465/4465/4465 4466/4466/4466 4467/4467/4467
f 4468/4468/4468 4469/4469/4469 4470/4470/4470
f 4471/4471/4471 4472/4472/4472 4473/4473/4473
f 4474/4474/4474 4475/4475/4475 4476/4476/4476
f 4477/4477/4477 4478/4478/4478 4479/4479/4479
f 4480/4480/4480 4481/4481/4481 4482/4482/4482
f 4483/4483/4483 4484/4484/4484 4485/4485/4485
f 4486/4486/4486 4487/4487/4487 4488/4488/4488
f 4489/4489/4489 4490/4490/4490 4491/4491/4491
f 4492/4492/4492 4493/4493/4493 4494/4494/4494
f 4495/4495/4495 4496/4496/4496 4497/4497/4497
f 4498/4498/4498 4499/4499/4499 4500/4500/4500
f 4501/4501/4501 4502/4502/4502 4503/4503/4503
f 4504/4504/4504 4505/4505/4505 4506/4506/4506
f 4507/4507/4507 4508/4508/4508 4509/4509/4509
f 4510/4510/4510 4511/4511/4511 4512/4512/4512
f 4513/4513/4513 4514/4514/4514 4515/4515/4515
f 4516/4516/4516 4517/4517/4517 4518/4518/4518
f 4519/4519/4519 4520/4520/4520 4521/4521/4521
f 4522/4522/4522 4523/4523/4523 4524/4524/4524
f 4525/4525/4525 4526/4526/4526 4527/4527/4527
f 4528/4528/4528 4529/4529/4529 4530/4530/4530
f 4531/4531/4531 4532/4532/4532 4533/4533/4533
f 4534/4534/4534 4535/4535/4535 4536/4536/4536
f 4537/4537/4537 4538/4538/4538 4539/4539/4539
f 4540/4540/4540 4541/4541/4541 4542/4542/4542
f 4543/4543/4543 4544/4544/4544 4545/4545/4545
f 4546/4546/4546 4547/4547/4547 4548/4548/4548
f 4549/4549/4549 4550/4550/4550 4551/4551/4551
f 4552/4552/4552 4553/4553/4553 4554/4554/4554
f 4555/4555/4555 4556/4556/4556 4557/4557/4557
f 4558/4558/4558 4559/4559/4559 4560/4560/4560
f 4561/4561/4561 4562/4562/4562 4563/4563/4563
f 4564/4564/4564 4565/4565/4565 4566/4566/4566
f 4567/4567/4567 4568/4568/4568 4569/4569/4569
f 4570/4570/4570 4571/4571/4571 4572/4572/4572
f 4573/4573/4573 4574/4574/4574 4575/4575/4575
f 4576/4576/4576 4577/4577/4577 4578/4578/4578
f 4579/4579/4579 4580/4580/4580 4581/4581/4581
f 4582/4582/4582 4583/4583/4583 4584/4584/4584
f 4585/4585/4585 4586/4586/4586 4587/4587/4587
f 4588/4588/4588 4589/4589/4589 4590/4590/4590
f 4591/4591/4591 4592/4592/4592 4593/4593/4593
f 4594/4594/4594 4595/4595/4595 4596/4596/4596
f 4597/4597/4597 4598/4598/4598 4599/4599/4599
f 4600/4600/4600 4601/4601/4601 4602/4602/4602
f 4603/4603/4603 4604/4604/4604 4605/4605/4605
f 4606/4606/4606 4607/4607/4607 4608/4608/4608
f 4609/4609/4609 4610/4610/4610 4611/4611/4611
f 4612/4612/4612 4613/4613/4613 4614/4614/4614
f 4615/4615/4615 4616/4616/4616 4617/4617/4617
f 4618/4618/4618 4619/4619/4619 4620/4620/4620
f 4621/4621/4621 4622/4622/4622 4623/4623/4623
f 4624/4624/4624 4625/4625/4625 4626/4626/4626
f 4627/4627/4627 4628/4628/4628 4629/4629/4629
f 4630/4630/4630 4631/4631/4631 4632/4632/4632
f 4633/4633/4633 4634/4634/4634 4635/4635/4635
f 4636/4636/4636 4637/4637/4637 4638/4638/4638
f 4639/4639/4639 4640/4640/4640 4641/4641/4641
f 4642/4642/4642 4643/4643/4643 4644/4644/4644
f 4645/4645/4645 4646/4646/4646 4647/4647/4647
f 4648/4648/4648 4649/4649/4649 4650/4650/4650
f 4651/4651/4651 4652/4652/4652 4653/4653/4653
f 4654/4654/4654 4655/4655/4655 4656/4656/4656
f 4657/4657/4657 4658/4658/4658 4659/4659/4659
f 4660/4660/4660 4661/4661/4661 4662/4662/4662
f 4663/4663/4663 4664/4664/4664 4665/4665/4665
f 4666/4666/4666 4667/4667/4667 4668/4668/4668
f 4669/4669/4669 4670/4670/4670 4671/4671/4671
f 4672/4672/4672 4673/4673/4673 4674/4674/4674
f 4675/4675/4675 4676/4676/4676 4677/4677/4677
f 4678/4678/4678 4679/4679/4679 4680/4680/4680
f 4681/4681/4681 4682/4682/4682 4683/4683/4683
f 4684/4684/4684 4685/4685/4685 4686/4686/4686
f 4687/4687/4687 4688/4688/4688 4689/4689/4689
f 4690/4690/4690 4691/4691/4691 4692/4692/4692
f 4693/4693/4693 4694/4694/4694 4695/4695/4695
f 4696/4696/4696 4697/4697/4697 4698/4698/4698
f 4699/4699/4699 4700/4700/4700 4701/4701/4701
f 4702/4702/4702 4703/4703/4703 4704/4704/4704
f 4705/4705/4705 4706/4706/4706 4707/4707/4707
f 4708/4708/4708 4709/4709/4709 4710/4710/4710
f 4711/4711/4711 4712/4712/4712 4713/4713/4713
f 4714/4714/4714 4715/4715/4715 4716/4716/4716
f 4717/4717/4717 4718/4718/4718 4719/4719/4719
f 4720/4720/4720 4721/4721/4721 4722/4722/4722
f 4723/4723/4723 4724/4724/4724 4725/4725/4725
f 4726/4726/4726 4727/4727/4727 4728/4728/4728
f 4729/4729/4729 4730/4730/4730 4731/4731/4731
f 4732/4732/4732 4733/4733/4733 4734/4734/4734
f 4735/4735/4735 4736/4736/4736 4737/4737/4737
f 4738/4738/4738 4739/4739/4739 4740/4740/4740
f 4741/4741/4741 4742/4742/4742 4743/4743/4743
f 4744/4744/4744 4745/4745/4745 4746/4746/4746
f 4747/4747/4747 4748/4748/4748 4749/4749/4749
f 4750/4750/4750 4751/4751/4751 4752/4752/4752
f 4753/4753/4753 4754/4754/4754 4755/4755/4755
f 4756/4756/4756 4757/4757/4757 4758/4758/4758
f 4759/4759/4759 4760/4760/4760 4761/4761/4761
f 4762/4762/4762 4763/4763/4763 4764/4764/4764
f 4765/4765/4765 4766/4766/4766 4767/4767/4767
f 4768/4768/4768 4769/4769/4769 4770/4770/4770
f 4771/4771/4771 4772/4772/4772 4773/4773/4773
f 4774/4774/4774 4775/4775/4775 4776/4776/4776
f 4777/4777/4777 4778/4778/4778 4779/4779/4779
f 4780/4780/4780 4781/4781/4781 4782/4782/4782
f 4783/4783/4783 4784/4784/4784 4785/4785/4785
f 4786/4786/4786 4787/4787/4787 4788/4788/4788
f 4789/4789/4789 4790/4790/4790 4791/4791/4791
f 4792/4792/4792 4793/4793/4793 4794/4794/4794
f 4795/4795/4795 4796/4796/4796 4797/4797/4797
f 4798/4798/4798 4799/4799/4799 4800/4800/4800

