# https://github.com/mikedh/trimesh
mtllib material.mtl
usemtl material_0
v -0.16059090 0.42381731 -0.42514199
v -0.16056220 0.42494440 -0.41612750
v -0.17291000 0.42465121 -0.41608900
v -0.16059090 0.42381731 -0.42514199
v -0.17291000 0.42465121 -0.41608900
v -0.17292790 0.42352930 -0.42513731
v -0.17292790 0.42352930 -0.42513731
v -0.17291000 0.42465121 -0.41608900
v -0.18715370 0.42456210 -0.41607732
v -0.17292790 0.42352930 -0.42513731
v -0.18715370 0.42456210 -0.41607732
v -0.18715580 0.42344150 -0.42513382
v -0.16056220 0.42494440 -0.41612750
v -0.16058470 0.42622280 -0.40696812
v -0.17291860 0.42594492 -0.40689641
v -0.16056220 0.42494440 -0.41612750
v -0.17291860 0.42594492 -0.40689641
v -0.17291000 0.42465121 -0.41608900
v -0.16058470 0.42622280 -0.40696812
v -0.16065679 0.42752880 -0.39894313
v -0.17294210 0.42729300 -0.39881691
v -0.16058470 0.42622280 -0.40696812
v -0.17294210 0.42729300 -0.39881691
v -0.17291860 0.42594492 -0.40689641
v -0.17291860 0.42594492 -0.40689641
v -0.17294210 0.42729300 -0.39881691
v -0.18715370 0.42722261 -0.39877442
v -0.17291860 0.42594492 -0.40689641
v -0.18715370 0.42722261 -0.39877442
v -0.18715370 0.42586121 -0.40687191
v -0.17291000 0.42465121 -0.41608900
v -0.17291860 0.42594492 -0.40689641
v -0.18715370 0.42586121 -0.40687191
v -0.17291000 0.42465121 -0.41608900
v -0.18715370 0.42586121 -0.40687191
v -0.18715370 0.42456210 -0.41607732
v -0.18715370 0.42456210 -0.41607732
v -0.18715370 0.42586121 -0.40687191
v -0.20138890 0.42594492 -0.40689641
v -0.18715370 0.42456210 -0.41607732
v -0.20138890 0.42594492 -0.40689641
v -0.20139740 0.42465121 -0.41608900
v -0.18715370 0.42586121 -0.40687191
v -0.18715370 0.42722261 -0.39877442
v -0.20136540 0.42729300 -0.39881691
v -0.18715370 0.42586121 -0.40687191
v -0.20136540 0.42729300 -0.39881691
v -0.20138890 0.42594492 -0.40689641
v -0.20138890 0.42594492 -0.40689641
v -0.20136540 0.42729300 -0.39881691
v -0.21365070 0.42752880 -0.39894313
v -0.20138890 0.42594492 -0.40689641
v -0.21365070 0.42752880 -0.39894313
v -0.21372280 0.42622292 -0.40696812
v -0.20139740 0.42465121 -0.41608900
v -0.20138890 0.42594492 -0.40689641
v -0.21372280 0.42622292 -0.40696812
v -0.20139740 0.42465121 -0.41608900
v -0.21372280 0.42622292 -0.40696812
v -0.21374530 0.42494440 -0.41612750
v -0.18715580 0.42344150 -0.42513382
v -0.18715370 0.42456210 -0.41607732
v -0.20139740 0.42465121 -0.41608900
v -0.18715580 0.42344150 -0.42513382
v -0.20139740 0.42465121 -0.41608900
v -0.20138469 0.42352900 -0.42513672
v -0.20138469 0.42352900 -0.42513672
v -0.20139740 0.42465121 -0.41608900
v -0.21374530 0.42494440 -0.41612750
v -0.20138469 0.42352900 -0.42513672
v -0.21374530 0.42494440 -0.41612750
v -0.21372020 0.42381740 -0.42514169
v -0.14135870 0.44157189 -0.43306342
v -0.14136080 0.44222629 -0.42863870
v -0.14081390 0.43918410 -0.43012291
v -0.14135870 0.44157189 -0.43306342
v -0.14081390 0.43918410 -0.43012291
v -0.14118910 0.44037691 -0.43417361
v -0.14128630 0.44340840 -0.41917193
v -0.14064150 0.44039890 -0.41891313
v -0.14081390 0.43918410 -0.43012291
v -0.14128630 0.44340840 -0.41917193
v -0.14081390 0.43918410 -0.43012291
v -0.14136080 0.44222629 -0.42863870
v -0.14045610 0.43699670 -0.41834891
v -0.14057700 0.43596521 -0.42797303
v -0.14081390 0.43918410 -0.43012291
v -0.14045610 0.43699670 -0.41834891
v -0.14081390 0.43918410 -0.43012291
v -0.14064150 0.44039890 -0.41891313
v -0.14075200 0.43537721 -0.43267989
v -0.14081390 0.43918410 -0.43012291
v -0.14057700 0.43596521 -0.42797303
v -0.14128630 0.44340840 -0.41917193
v -0.14141390 0.44463211 -0.40946251
v -0.14078400 0.44159809 -0.40904599
v -0.14128630 0.44340840 -0.41917193
v -0.14078400 0.44159809 -0.40904599
v -0.14064150 0.44039890 -0.41891313
v -0.14141390 0.44463211 -0.40946251
v -0.14197271 0.44565940 -0.40132332
v -0.14141120 0.44265011 -0.40083313
v -0.14141390 0.44463211 -0.40946251
v -0.14141120 0.44265011 -0.40083313
v -0.14078400 0.44159809 -0.40904599
v -0.14078400 0.44159809 -0.40904599
v -0.14141120 0.44265011 -0.40083313
v -0.14126509 0.43921599 -0.40034890
v -0.14078400 0.44159809 -0.40904599
v -0.14126509 0.43921599 -0.40034890
v -0.14061640 0.43815520 -0.40856582
v -0.14064150 0.44039890 -0.41891313
v -0.14078400 0.44159809 -0.40904599
v -0.14061640 0.43815520 -0.40856582
v -0.14064150 0.44039890 -0.41891313
v -0.14061640 0.43815520 -0.40856582
v -0.14045610 0.43699670 -0.41834891
v -0.14045610 0.43699670 -0.41834891
v -0.14061640 0.43815520 -0.40856582
v -0.14078160 0.43471068 -0.40814930
v -0.14045610 0.43699670 -0.41834891
v -0.14078160 0.43471068 -0.40814930
v -0.14062220 0.43360978 -0.41808182
v -0.14061640 0.43815520 -0.40856582
v -0.14126509 0.43921599 -0.40034890
v -0.14141120 0.43577319 -0.39993021
v -0.14061640 0.43815520 -0.40856582
v -0.14141120 0.43577319 -0.39993021
v -0.14078160 0.43471068 -0.40814930
v -0.14078160 0.43471068 -0.40814930
v -0.14141120 0.43577319 -0.39993021
v -0.14197271 0.43273932 -0.39962712
v -0.14078160 0.43471068 -0.40814930
v -0.14197271 0.43273932 -0.39962712
v -0.14141160 0.43165350 -0.40772450
v -0.14062220 0.43360978 -0.41808182
v -0.14078160 0.43471068 -0.40814930
v -0.14141160 0.43165350 -0.40772450
v -0.14062220 0.43360978 -0.41808182
v -0.14141160 0.43165350 -0.40772450
v -0.14126781 0.43048730 -0.41720262
v -0.14075200 0.43537721 -0.43267989
v -0.14057700 0.43596521 -0.42797303
v -0.14073010 0.43274552 -0.42961821
v -0.14045610 0.43699670 -0.41834891
v -0.14062220 0.43360978 -0.41808182
v -0.14073010 0.43274552 -0.42961821
v -0.14045610 0.43699670 -0.41834891
v -0.14073010 0.43274552 -0.42961821
v -0.14057700 0.43596521 -0.42797303
v -0.14126781 0.43048730 -0.41720262
v -0.14136320 0.42935282 -0.42662731
v -0.14073010 0.43274552 -0.42961821
v -0.14126781 0.43048730 -0.41720262
v -0.14073010 0.43274552 -0.42961821
v -0.14062220 0.43360978 -0.41808182
v -0.16065679 0.44748351 -0.38742870
v -0.17294210 0.44760549 -0.38677162
v -0.17291860 0.44466069 -0.38561872
v -0.16065679 0.44748351 -0.38742870
v -0.17291860 0.44466069 -0.38561872
v -0.16058470 0.44454882 -0.38637030
v -0.17294210 0.44760549 -0.38677162
v -0.18715370 0.44764391 -0.38657412
v -0.18715370 0.44469559 -0.38539150
v -0.17294210 0.44760549 -0.38677162
v -0.18715370 0.44469559 -0.38539150
v -0.17291860 0.44466069 -0.38561872
v -0.17291860 0.44466069 -0.38561872
v -0.18715370 0.44469559 -0.38539150
v -0.18715370 0.44127029 -0.38470012
v -0.17291860 0.44466069 -0.38561872
v -0.18715370 0.44127029 -0.38470012
v -0.17291000 0.44123921 -0.38493770
v -0.16058470 0.44454882 -0.38637030
v -0.17291860 0.44466069 -0.38561872
v -0.17291000 0.44123921 -0.38493770
v -0.16058470 0.44454882 -0.38637030
v -0.17291000 0.44123921 -0.38493770
v -0.16056220 0.44113651 -0.38571981
v -0.18715370 0.44764391 -0.38657412
v -0.20136540 0.44760549 -0.38677162
v -0.20138890 0.44466069 -0.38561872
v -0.18715370 0.44764391 -0.38657412
v -0.20138890 0.44466069 -0.38561872
v -0.18715370 0.44469559 -0.38539150
v -0.20136540 0.44760549 -0.38677162
v -0.21365070 0.44748351 -0.38742870
v -0.21372280 0.44454882 -0.38637030
v -0.20136540 0.44760549 -0.38677162
v -0.21372280 0.44454882 -0.38637030
v -0.20138890 0.44466069 -0.38561872
v -0.20138890 0.44466069 -0.38561872
v -0.21372280 0.44454882 -0.38637030
v -0.21374530 0.44113651 -0.38571981
v -0.20138890 0.44466069 -0.38561872
v -0.21374530 0.44113651 -0.38571981
v -0.20139749 0.44123921 -0.38493770
v -0.18715370 0.44469559 -0.38539150
v -0.20138890 0.44466069 -0.38561872
v -0.20139749 0.44123921 -0.38493770
v -0.18715370 0.44469559 -0.38539150
v -0.20139749 0.44123921 -0.38493770
v -0.18715370 0.44127029 -0.38470012
v -0.18715370 0.44127029 -0.38470012
v -0.20139749 0.44123921 -0.38493770
v -0.20138890 0.43775779 -0.38471252
v -0.18715370 0.44127029 -0.38470012
v -0.20138890 0.43775779 -0.38471252
v -0.18715370 0.43778279 -0.38448402
v -0.20139749 0.44123921 -0.38493770
v -0.21374530 0.44113651 -0.38571981
v -0.21372280 0.43767199 -0.38546753
v -0.20139749 0.44123921 -0.38493770
v -0.21372280 0.43767199 -0.38546753
v -0.20138890 0.43775779 -0.38471252
v -0.20138890 0.43775779 -0.38471252
v -0.21372280 0.43767199 -0.38546753
v -0.21365070 0.43456340 -0.38573250
v -0.20138890 0.43775779 -0.38471252
v -0.21365070 0.43456340 -0.38573250
v -0.20136540 0.43461519 -0.38506621
v -0.18715370 0.43778279 -0.38448402
v -0.20138890 0.43775779 -0.38471252
v -0.20136540 0.43461519 -0.38506621
v -0.18715370 0.43778279 -0.38448402
v -0.20136540 0.43461519 -0.38506621
v -0.18715370 0.43462908 -0.38486552
v -0.16056220 0.44113651 -0.38571981
v -0.17291000 0.44123921 -0.38493770
v -0.17291860 0.43775779 -0.38471252
v -0.16056220 0.44113651 -0.38571981
v -0.17291860 0.43775779 -0.38471252
v -0.16058470 0.43767190 -0.38546753
v -0.17291000 0.44123921 -0.38493770
v -0.18715370 0.44127029 -0.38470012
v -0.18715370 0.43778279 -0.38448402
v -0.17291000 0.44123921 -0.38493770
v -0.18715370 0.43778279 -0.38448402
v -0.17291860 0.43775779 -0.38471252
v -0.17291860 0.43775779 -0.38471252
v -0.18715370 0.43778279 -0.38448402
v -0.18715370 0.43462908 -0.38486552
v -0.17291860 0.43775779 -0.38471252
v -0.18715370 0.43462908 -0.38486552
v -0.17294210 0.43461519 -0.38506621
v -0.16058470 0.43767190 -0.38546753
v -0.17291860 0.43775779 -0.38471252
v -0.17294210 0.43461519 -0.38506621
v -0.16058470 0.43767190 -0.38546753
v -0.17294210 0.43461519 -0.38506621
v -0.16065679 0.43456340 -0.38573250
v -0.23384750 0.43694979 -0.41832453
v -0.23373170 0.43582529 -0.42790261
v -0.23356090 0.43224192 -0.42956302
v -0.23384750 0.43694979 -0.41832453
v -0.23356090 0.43224192 -0.42956302
v -0.23367681 0.43348780 -0.41806161
v -0.23361801 0.43518230 -0.43257621
v -0.23356090 0.43224192 -0.42956302
v -0.23373170 0.43582529 -0.42790261
v -0.23303580 0.43043262 -0.41719502
v -0.23367681 0.43348780 -0.41806161
v -0.23356090 0.43224192 -0.42956302
v -0.23303580 0.43043262 -0.41719502
v -0.23356090 0.43224192 -0.42956302
v -0.23293529 0.42920360 -0.42660421
v -0.23303580 0.43043262 -0.41719502
v -0.23289540 0.43164670 -0.40772352
v -0.23352480 0.43469548 -0.40814671
v -0.23303580 0.43043262 -0.41719502
v -0.23352480 0.43469548 -0.40814671
v -0.23367681 0.43348780 -0.41806161
v -0.23289540 0.43164670 -0.40772352
v -0.23233479 0.43273932 -0.39962712
v -0.23289619 0.43577319 -0.39993021
v -0.23289540 0.43164670 -0.40772352
v -0.23289619 0.43577319 -0.39993021
v -0.23352480 0.43469548 -0.40814671
v -0.23352480 0.43469548 -0.40814671
v -0.23289619 0.43577319 -0.39993021
v -0.23304230 0.43921599 -0.40034890
v -0.23352480 0.43469548 -0.40814671
v -0.23304230 0.43921599 -0.40034890
v -0.23369050 0.43814930 -0.40856272
v -0.23367681 0.43348780 -0.41806161
v -0.23352480 0.43469548 -0.40814671
v -0.23369050 0.43814930 -0.40856272
v -0.23367681 0.43348780 -0.41806161
v -0.23369050 0.43814930 -0.40856272
v -0.23384750 0.43694979 -0.41832453
v -0.23384750 0.43694979 -0.41832453
v -0.23369050 0.43814930 -0.40856272
v -0.23352429 0.44159842 -0.40904123
v -0.23384750 0.43694979 -0.41832453
v -0.23352429 0.44159842 -0.40904123
v -0.23367231 0.44040099 -0.41887492
v -0.23369050 0.43814930 -0.40856272
v -0.23304230 0.43921599 -0.40034890
v -0.23289619 0.44265011 -0.40083313
v -0.23369050 0.43814930 -0.40856272
v -0.23289619 0.44265011 -0.40083313
v -0.23352429 0.44159842 -0.40904123
v -0.23352429 0.44159842 -0.40904123
v -0.23289619 0.44265011 -0.40083313
v -0.23233470 0.44565940 -0.40132332
v -0.23352429 0.44159842 -0.40904123
v -0.23233470 0.44565940 -0.40132332
v -0.23290080 0.44462621 -0.40944731
v -0.23367231 0.44040099 -0.41887492
v -0.23352429 0.44159842 -0.40904123
v -0.23290080 0.44462621 -0.40944731
v -0.23367231 0.44040099 -0.41887492
v -0.23290080 0.44462621 -0.40944731
v -0.23307940 0.44336089 -0.41905069
v -0.23361801 0.43518230 -0.43257621
v -0.23373170 0.43582529 -0.42790261
v -0.23353280 0.43925190 -0.43003821
v -0.23384750 0.43694979 -0.41832453
v -0.23367231 0.44040099 -0.41887492
v -0.23353280 0.43925190 -0.43003821
v -0.23384750 0.43694979 -0.41832453
v -0.23353280 0.43925190 -0.43003821
v -0.23373170 0.43582529 -0.42790261
v -0.23307940 0.44336089 -0.41905069
v -0.23309331 0.44216910 -0.42834860
v -0.23353280 0.43925190 -0.43003821
v -0.23307940 0.44336089 -0.41905069
v -0.23353280 0.43925190 -0.43003821
v -0.23367231 0.44040099 -0.41887492
v -0.23312110 0.44181171 -0.43282872
v -0.23353280 0.43925190 -0.43003821
v -0.23309331 0.44216910 -0.42834860
v -0.21373791 0.44877920 -0.42031351
v -0.20136669 0.44901410 -0.42073610
v -0.20151021 0.44716430 -0.43392682
v -0.21373791 0.44877920 -0.42031351
v -0.20151021 0.44716430 -0.43392682
v -0.21390679 0.44741070 -0.43029311
v -0.18717720 0.44914740 -0.42044842
v -0.18726480 0.44773641 -0.43057090
v -0.20151021 0.44716430 -0.43392682
v -0.18717720 0.44914740 -0.42044842
v -0.20151021 0.44716430 -0.43392682
v -0.20136669 0.44901410 -0.42073610
v -0.18747680 0.44714591 -0.43447500
v -0.20151021 0.44716430 -0.43392682
v -0.18726480 0.44773641 -0.43057090
v -0.21455140 0.44686350 -0.43426481
v -0.21390679 0.44741070 -0.43029311
v -0.20151021 0.44716430 -0.43392682
v -0.21373791 0.44877920 -0.42031351
v -0.21372190 0.45004120 -0.41022721
v -0.20138501 0.45032099 -0.41027761
v -0.21373791 0.44877920 -0.42031351
v -0.20138501 0.45032099 -0.41027761
v -0.20136669 0.44901410 -0.42073610
v -0.21372190 0.45004120 -0.41022721
v -0.21365070 0.45086989 -0.40200740
v -0.20136540 0.45113030 -0.40194631
v -0.21372190 0.45004120 -0.41022721
v -0.20136540 0.45113030 -0.40194631
v -0.20138501 0.45032099 -0.41027761
v -0.20138501 0.45032099 -0.41027761
v -0.20136540 0.45113030 -0.40194631
v -0.18715370 0.45120931 -0.40192351
v -0.20138501 0.45032099 -0.41027761
v -0.18715370 0.45120931 -0.40192351
v -0.18715660 0.45041370 -0.41023812
v -0.20136669 0.44901410 -0.42073610
v -0.20138501 0.45032099 -0.41027761
v -0.18715660 0.45041370 -0.41023812
v -0.20136669 0.44901410 -0.42073610
v -0.18715660 0.45041370 -0.41023812
v -0.18717720 0.44914740 -0.42044842
v -0.18717720 0.44914740 -0.42044842
v -0.18715660 0.45041370 -0.41023812
v -0.17292960 0.45032009 -0.41028312
v -0.18717720 0.44914740 -0.42044842
v -0.17292960 0.45032009 -0.41028312
v -0.17299829 0.44900760 -0.42077971
v -0.18715660 0.45041370 -0.41023812
v -0.18715370 0.45120931 -0.40192351
v -0.17294210 0.45113030 -0.40194631
v -0.18715660 0.45041370 -0.41023812
v -0.17294210 0.45113030 -0.40194631
v -0.17292960 0.45032009 -0.41028312
v -0.17292960 0.45032009 -0.41028312
v -0.17294210 0.45113030 -0.40194631
v -0.16065679 0.45086989 -0.40200740
v -0.17292960 0.45032009 -0.41028312
v -0.16065679 0.45086989 -0.40200740
v -0.16059040 0.45004159 -0.41022491
v -0.17299829 0.44900760 -0.42077971
v -0.17292960 0.45032009 -0.41028312
v -0.16059040 0.45004159 -0.41022491
v -0.17299829 0.44900760 -0.42077971
v -0.16059040 0.45004159 -0.41022491
v -0.16060831 0.44878250 -0.42029551
v -0.18717720 0.44914740 -0.42044842
v -0.17299829 0.44900760 -0.42077971
v -0.17300379 0.44713491 -0.43413371
v -0.18717720 0.44914740 -0.42044842
v -0.17300379 0.44713491 -0.43413371
v -0.18726480 0.44773641 -0.43057090
v -0.16060831 0.44878250 -0.42029551
v -0.16040860 0.44741499 -0.43025121
v -0.17300379 0.44713491 -0.43413371
v -0.16060831 0.44878250 -0.42029551
v -0.17300379 0.44713491 -0.43413371
v -0.17299829 0.44900760 -0.42077971
v -0.15940490 0.44685242 -0.43423581
v -0.17300379 0.44713491 -0.43413371
v -0.16040860 0.44741499 -0.43025121
v -0.18747680 0.44714591 -0.43447500
v -0.18726480 0.44773641 -0.43057090
v -0.17300379 0.44713491 -0.43413371
v -0.21365070 0.42752880 -0.39894313
v -0.21354090 0.42881262 -0.39294481
v -0.22219750 0.42915511 -0.39330742
v -0.21365070 0.42752880 -0.39894313
v -0.22219750 0.42915511 -0.39330742
v -0.22250050 0.42799971 -0.39913672
v -0.21354090 0.42881262 -0.39294481
v -0.21348070 0.43026382 -0.38896981
v -0.22194870 0.43042210 -0.38965100
v -0.21354090 0.42881262 -0.39294481
v -0.22194870 0.43042210 -0.38965100
v -0.22219750 0.42915511 -0.39330742
v -0.22219750 0.42915511 -0.39330742
v -0.22194870 0.43042210 -0.38965100
v -0.22619110 0.43065301 -0.39064533
v -0.22219750 0.42915511 -0.39330742
v -0.22619110 0.43065301 -0.39064533
v -0.22739540 0.42989931 -0.39363271
v -0.22250050 0.42799971 -0.39913672
v -0.22219750 0.42915511 -0.39330742
v -0.22739540 0.42989931 -0.39363271
v -0.22250050 0.42799971 -0.39913672
v -0.22739540 0.42989931 -0.39363271
v -0.22807480 0.42890429 -0.39932543
v -0.21365070 0.43456340 -0.38573250
v -0.22250050 0.43444130 -0.38703981
v -0.22219750 0.43210208 -0.38777301
v -0.21365070 0.43456340 -0.38573250
v -0.22219750 0.43210208 -0.38777301
v -0.21354090 0.43211931 -0.38673502
v -0.22250050 0.43444130 -0.38703981
v -0.22807480 0.43414721 -0.38947961
v -0.22739540 0.43191522 -0.38984710
v -0.22250050 0.43444130 -0.38703981
v -0.22739540 0.43191522 -0.38984710
v -0.22219750 0.43210208 -0.38777301
v -0.22219750 0.43210208 -0.38777301
v -0.22739540 0.43191522 -0.38984710
v -0.22619110 0.43065301 -0.39064533
v -0.22219750 0.43210208 -0.38777301
v -0.22619110 0.43065301 -0.39064533
v -0.22194870 0.43042210 -0.38965100
v -0.21354090 0.43211931 -0.38673502
v -0.22219750 0.43210208 -0.38777301
v -0.22194870 0.43042210 -0.38965100
v -0.21354090 0.43211931 -0.38673502
v -0.22194870 0.43042210 -0.38965100
v -0.21348070 0.43026382 -0.38896981
v -0.23233479 0.43273932 -0.39962712
v -0.23102930 0.43044889 -0.39945823
v -0.22997490 0.43133789 -0.39359391
v -0.23233479 0.43273932 -0.39962712
v -0.22997490 0.43133789 -0.39359391
v -0.23102930 0.43358380 -0.39357111
v -0.23102930 0.43044889 -0.39945823
v -0.22807480 0.42890429 -0.39932543
v -0.22739540 0.42989931 -0.39363271
v -0.23102930 0.43044889 -0.39945823
v -0.22739540 0.42989931 -0.39363271
v -0.22997490 0.43133789 -0.39359391
v -0.22997490 0.43133789 -0.39359391
v -0.22739540 0.42989931 -0.39363271
v -0.22619110 0.43065301 -0.39064533
v -0.22997490 0.43133789 -0.39359391
v -0.22619110 0.43065301 -0.39064533
v -0.22739540 0.43191522 -0.38984710
v -0.23102930 0.43358380 -0.39357111
v -0.22997490 0.43133789 -0.39359391
v -0.22739540 0.43191522 -0.38984710
v -0.23102930 0.43358380 -0.39357111
v -0.22739540 0.43191522 -0.38984710
v -0.22807480 0.43414721 -0.38947961
v -0.21365070 0.44748351 -0.38742870
v -0.21354090 0.44958621 -0.38902810
v -0.22219750 0.44933471 -0.39003542
v -0.21365070 0.44748351 -0.38742870
v -0.22219750 0.44933471 -0.39003542
v -0.22250050 0.44726411 -0.38872319
v -0.21354090 0.44958621 -0.38902810
v -0.21348070 0.45080179 -0.39166611
v -0.22194870 0.45047310 -0.39228341
v -0.21354090 0.44958621 -0.38902810
v -0.22194870 0.45047310 -0.39228341
v -0.22219750 0.44933471 -0.39003542
v -0.22219750 0.44933471 -0.39003542
v -0.22194870 0.45047310 -0.39228341
v -0.22619110 0.44999340 -0.39318430
v -0.22219750 0.44933471 -0.39003542
v -0.22619110 0.44999340 -0.39318430
v -0.22739540 0.44898000 -0.39208740
v -0.22250050 0.44726411 -0.38872319
v -0.22219750 0.44933471 -0.39003542
v -0.22739540 0.44898000 -0.39208740
v -0.22250050 0.44726411 -0.38872319
v -0.22739540 0.44898000 -0.39208740
v -0.22807480 0.44691849 -0.39115632
v -0.21365070 0.45086989 -0.40200740
v -0.22250050 0.45036510 -0.40207291
v -0.22219750 0.45075339 -0.39614281
v -0.21365070 0.45086989 -0.40200740
v -0.22219750 0.45075339 -0.39614281
v -0.21354090 0.45117801 -0.39588091
v -0.22250050 0.45036510 -0.40207291
v -0.22807480 0.44944230 -0.40202171
v -0.22739540 0.44995052 -0.39626512
v -0.22250050 0.45036510 -0.40207291
v -0.22739540 0.44995052 -0.39626512
v -0.22219750 0.45075339 -0.39614281
v -0.22219750 0.45075339 -0.39614281
v -0.22739540 0.44995052 -0.39626512
v -0.22619110 0.44999340 -0.39318430
v -0.22219750 0.45075339 -0.39614281
v -0.22619110 0.44999340 -0.39318430
v -0.22194870 0.45047310 -0.39228341
v -0.21354090 0.45117801 -0.39588091
v -0.22219750 0.45075339 -0.39614281
v -0.22194870 0.45047310 -0.39228341
v -0.21354090 0.45117801 -0.39588091
v -0.22194870 0.45047310 -0.39228341
v -0.21348070 0.45080179 -0.39166611
v -0.23233470 0.44565940 -0.40132332
v -0.23102930 0.44640669 -0.39525461
v -0.22997490 0.44857061 -0.39585632
v -0.23233470 0.44565940 -0.40132332
v -0.22997490 0.44857061 -0.39585632
v -0.23102930 0.44791579 -0.40175131
v -0.23102930 0.44640669 -0.39525461
v -0.22807480 0.44691849 -0.39115632
v -0.22739540 0.44898000 -0.39208740
v -0.23102930 0.44640669 -0.39525461
v -0.22739540 0.44898000 -0.39208740
v -0.22997490 0.44857061 -0.39585632
v -0.22997490 0.44857061 -0.39585632
v -0.22739540 0.44898000 -0.39208740
v -0.22619110 0.44999340 -0.39318430
v -0.22997490 0.44857061 -0.39585632
v -0.22619110 0.44999340 -0.39318430
v -0.22739540 0.44995052 -0.39626512
v -0.23102930 0.44791579 -0.40175131
v -0.22997490 0.44857061 -0.39585632
v -0.22739540 0.44995052 -0.39626512
v -0.23102930 0.44791579 -0.40175131
v -0.22739540 0.44995052 -0.39626512
v -0.22807480 0.44944230 -0.40202171
v -0.16065679 0.43456340 -0.38573250
v -0.16076660 0.43211931 -0.38673502
v -0.15211000 0.43210208 -0.38777301
v -0.16065679 0.43456340 -0.38573250
v -0.15211000 0.43210208 -0.38777301
v -0.15180700 0.43444130 -0.38703981
v -0.16076660 0.43211931 -0.38673502
v -0.16082670 0.43026382 -0.38896981
v -0.15235870 0.43042210 -0.38965100
v -0.16076660 0.43211931 -0.38673502
v -0.15235870 0.43042210 -0.38965100
v -0.15211000 0.43210208 -0.38777301
v -0.15211000 0.43210208 -0.38777301
v -0.15235870 0.43042210 -0.38965100
v -0.14811639 0.43065301 -0.39064533
v -0.15211000 0.43210208 -0.38777301
v -0.14811639 0.43065301 -0.39064533
v -0.14691199 0.43191522 -0.38984701
v -0.15180700 0.43444130 -0.38703981
v -0.15211000 0.43210208 -0.38777301
v -0.14691199 0.43191522 -0.38984701
v -0.15180700 0.43444130 -0.38703981
v -0.14691199 0.43191522 -0.38984701
v -0.14623269 0.43414721 -0.38947961
v -0.16065679 0.42752880 -0.39894313
v -0.15180700 0.42799971 -0.39913672
v -0.15211000 0.42915511 -0.39330742
v -0.16065679 0.42752880 -0.39894313
v -0.15211000 0.42915511 -0.39330742
v -0.16076660 0.42881262 -0.39294481
v -0.15180700 0.42799971 -0.39913672
v -0.14623269 0.42890429 -0.39932543
v -0.14691199 0.42989931 -0.39363271
v -0.15180700 0.42799971 -0.39913672
v -0.14691199 0.42989931 -0.39363271
v -0.15211000 0.42915511 -0.39330742
v -0.15211000 0.42915511 -0.39330742
v -0.14691199 0.42989931 -0.39363271
v -0.14811639 0.43065301 -0.39064533
v -0.15211000 0.42915511 -0.39330742
v -0.14811639 0.43065301 -0.39064533
v -0.15235870 0.43042210 -0.38965100
v -0.16076660 0.42881262 -0.39294481
v -0.15211000 0.42915511 -0.39330742
v -0.15235870 0.43042210 -0.38965100
v -0.16076660 0.42881262 -0.39294481
v -0.15235870 0.43042210 -0.38965100
v -0.16082670 0.43026382 -0.38896981
v -0.14197271 0.43273932 -0.39962712
v -0.14327811 0.43358380 -0.39357111
v -0.14433260 0.43133789 -0.39359391
v -0.14197271 0.43273932 -0.39962712
v -0.14433260 0.43133789 -0.39359391
v -0.14327811 0.43044889 -0.39945823
v -0.14327811 0.43358380 -0.39357111
v -0.14623269 0.43414721 -0.38947961
v -0.14691199 0.43191522 -0.38984701
v -0.14327811 0.43358380 -0.39357111
v -0.14691199 0.43191522 -0.38984701
v -0.14433260 0.43133789 -0.39359391
v -0.14433260 0.43133789 -0.39359391
v -0.14691199 0.43191522 -0.38984701
v -0.14811639 0.43065301 -0.39064533
v -0.14433260 0.43133789 -0.39359391
v -0.14811639 0.43065301 -0.39064533
v -0.14691199 0.42989931 -0.39363271
v -0.14327811 0.43044889 -0.39945823
v -0.14433260 0.43133789 -0.39359391
v -0.14691199 0.42989931 -0.39363271
v -0.14327811 0.43044889 -0.39945823
v -0.14691199 0.42989931 -0.39363271
v -0.14623269 0.42890429 -0.39932543
v -0.16065679 0.44748351 -0.38742870
v -0.15180700 0.44726411 -0.38872319
v -0.15211000 0.44933471 -0.39003542
v -0.16065679 0.44748351 -0.38742870
v -0.15211000 0.44933471 -0.39003542
v -0.16076660 0.44958609 -0.38902810
v -0.15180700 0.44726411 -0.38872319
v -0.14623269 0.44691849 -0.39115632
v -0.14691199 0.44898000 -0.39208740
v -0.15180700 0.44726411 -0.38872319
v -0.14691199 0.44898000 -0.39208740
v -0.15211000 0.44933471 -0.39003542
v -0.15211000 0.44933471 -0.39003542
v -0.14691199 0.44898000 -0.39208740
v -0.14811639 0.44999340 -0.39318430
v -0.15211000 0.44933471 -0.39003542
v -0.14811639 0.44999340 -0.39318430
v -0.15235870 0.45047310 -0.39228341
v -0.16076660 0.44958609 -0.38902810
v -0.15211000 0.44933471 -0.39003542
v -0.15235870 0.45047310 -0.39228341
v -0.16076660 0.44958609 -0.38902810
v -0.15235870 0.45047310 -0.39228341
v -0.16082670 0.45080179 -0.39166611
v -0.14197271 0.44565940 -0.40132332
v -0.14327811 0.44791579 -0.40175131
v -0.14433260 0.44857061 -0.39585632
v -0.14197271 0.44565940 -0.40132332
v -0.14433260 0.44857061 -0.39585632
v -0.14327811 0.44640669 -0.39525461
v -0.14327811 0.44791579 -0.40175131
v -0.14623269 0.44944230 -0.40202171
v -0.14691199 0.44995040 -0.39626512
v -0.14327811 0.44791579 -0.40175131
v -0.14691199 0.44995040 -0.39626512
v -0.14433260 0.44857061 -0.39585632
v -0.14433260 0.44857061 -0.39585632
v -0.14691199 0.44995040 -0.39626512
v -0.14811639 0.44999340 -0.39318430
v -0.14433260 0.44857061 -0.39585632
v -0.14811639 0.44999340 -0.39318430
v -0.14691199 0.44898000 -0.39208740
v -0.14327811 0.44640669 -0.39525461
v -0.14433260 0.44857061 -0.39585632
v -0.14691199 0.44898000 -0.39208740
v -0.14327811 0.44640669 -0.39525461
v -0.14691199 0.44898000 -0.39208740
v -0.14623269 0.44691849 -0.39115632
v -0.16065679 0.45086989 -0.40200740
v -0.16076660 0.45117790 -0.39588091
v -0.15211000 0.45075339 -0.39614281
v -0.16065679 0.45086989 -0.40200740
v -0.15211000 0.45075339 -0.39614281
v -0.15180700 0.45036501 -0.40207291
v -0.16076660 0.45117790 -0.39588091
v -0.16082670 0.45080179 -0.39166611
v -0.15235870 0.45047310 -0.39228341
v -0.16076660 0.45117790 -0.39588091
v -0.15235870 0.45047310 -0.39228341
v -0.15211000 0.45075339 -0.39614281
v -0.15211000 0.45075339 -0.39614281
v -0.15235870 0.45047310 -0.39228341
v -0.14811639 0.44999340 -0.39318430
v -0.15211000 0.45075339 -0.39614281
v -0.14811639 0.44999340 -0.39318430
v -0.14691199 0.44995040 -0.39626512
v -0.15180700 0.45036501 -0.40207291
v -0.15211000 0.45075339 -0.39614281
v -0.14691199 0.44995040 -0.39626512
v -0.15180700 0.45036501 -0.40207291
v -0.14691199 0.44995040 -0.39626512
v -0.14623269 0.44944230 -0.40202171
v -0.21372020 0.42381740 -0.42514169
v -0.21374530 0.42494440 -0.41612750
v -0.22271059 0.42550620 -0.41620120
v -0.21372020 0.42381740 -0.42514169
v -0.22271059 0.42550620 -0.41620120
v -0.22266640 0.42437112 -0.42518079
v -0.22266640 0.42437112 -0.42518079
v -0.22271059 0.42550620 -0.41620120
v -0.22844480 0.42650220 -0.41633201
v -0.22266640 0.42437112 -0.42518079
v -0.22844480 0.42650220 -0.41633201
v -0.22839209 0.42536151 -0.42528221
v -0.21374530 0.42494440 -0.41612750
v -0.21372280 0.42622292 -0.40696812
v -0.22266489 0.42676198 -0.40708342
v -0.21374530 0.42494440 -0.41612750
v -0.22266489 0.42676198 -0.40708342
v -0.22271059 0.42550620 -0.41620120
v -0.21372280 0.42622292 -0.40696812
v -0.21365070 0.42752880 -0.39894313
v -0.22250050 0.42799971 -0.39913672
v -0.21372280 0.42622292 -0.40696812
v -0.22250050 0.42799971 -0.39913672
v -0.22266489 0.42676198 -0.40708342
v -0.22266489 0.42676198 -0.40708342
v -0.22250050 0.42799971 -0.39913672
v -0.22807480 0.42890429 -0.39932543
v -0.22266489 0.42676198 -0.40708342
v -0.22807480 0.42890429 -0.39932543
v -0.22836740 0.42773658 -0.40723410
v -0.22271059 0.42550620 -0.41620120
v -0.22266489 0.42676198 -0.40708342
v -0.22836740 0.42773658 -0.40723410
v -0.22271059 0.42550620 -0.41620120
v -0.22836740 0.42773658 -0.40723410
v -0.22844480 0.42650220 -0.41633201
v -0.22844480 0.42650220 -0.41633201
v -0.22836740 0.42773658 -0.40723410
v -0.23146690 0.42932901 -0.40742582
v -0.22844480 0.42650220 -0.41633201
v -0.23146690 0.42932901 -0.40742582
v -0.23158000 0.42810750 -0.41658610
v -0.22836740 0.42773658 -0.40723410
v -0.22807480 0.42890429 -0.39932543
v -0.23102930 0.43044889 -0.39945823
v -0.22836740 0.42773658 -0.40723410
v -0.23102930 0.43044889 -0.39945823
v -0.23146690 0.42932901 -0.40742582
v -0.23146690 0.42932901 -0.40742582
v -0.23102930 0.43044889 -0.39945823
v -0.23233479 0.43273932 -0.39962712
v -0.23146690 0.42932901 -0.40742582
v -0.23233479 0.43273932 -0.39962712
v -0.23289540 0.43164670 -0.40772352
v -0.23158000 0.42810750 -0.41658610
v -0.23146690 0.42932901 -0.40742582
v -0.23289540 0.43164670 -0.40772352
v -0.23158000 0.42810750 -0.41658610
v -0.23289540 0.43164670 -0.40772352
v -0.23303580 0.43043262 -0.41719502
v -0.22839209 0.42536151 -0.42528221
v -0.22844480 0.42650220 -0.41633201
v -0.23158000 0.42810750 -0.41658610
v -0.22839209 0.42536151 -0.42528221
v -0.23158000 0.42810750 -0.41658610
v -0.23151390 0.42695218 -0.42559671
v -0.23151390 0.42695218 -0.42559671
v -0.23158000 0.42810750 -0.41658610
v -0.23303580 0.43043262 -0.41719502
v -0.23151390 0.42695218 -0.42559671
v -0.23303580 0.43043262 -0.41719502
v -0.23293529 0.42920360 -0.42660421
v -0.21365070 0.43456340 -0.38573250
v -0.21372280 0.43767199 -0.38546753
v -0.22266489 0.43749762 -0.38692260
v -0.21365070 0.43456340 -0.38573250
v -0.22266489 0.43749762 -0.38692260
v -0.22250050 0.43444130 -0.38703981
v -0.21372280 0.43767199 -0.38546753
v -0.21374530 0.44113651 -0.38571981
v -0.22271059 0.44093981 -0.38721770
v -0.21372280 0.43767199 -0.38546753
v -0.22271059 0.44093981 -0.38721770
v -0.22266489 0.43749762 -0.38692260
v -0.22266489 0.43749762 -0.38692260
v -0.22271059 0.44093981 -0.38721770
v -0.22844480 0.44059122 -0.38987371
v -0.22266489 0.43749762 -0.38692260
v -0.22844480 0.44059122 -0.38987371
v -0.22836740 0.43716380 -0.38953042
v -0.22250050 0.43444130 -0.38703981
v -0.22266489 0.43749762 -0.38692260
v -0.22836740 0.43716380 -0.38953042
v -0.22250050 0.43444130 -0.38703981
v -0.22836740 0.43716380 -0.38953042
v -0.22807480 0.43414721 -0.38947961
v -0.21374530 0.44113651 -0.38571981
v -0.21372280 0.44454882 -0.38637030
v -0.22266489 0.44434169 -0.38782111
v -0.21374530 0.44113651 -0.38571981
v -0.22266489 0.44434169 -0.38782111
v -0.22271059 0.44093981 -0.38721770
v -0.21372280 0.44454882 -0.38637030
v -0.21365070 0.44748351 -0.38742870
v -0.22250050 0.44726411 -0.38872319
v -0.21372280 0.44454882 -0.38637030
v -0.22250050 0.44726411 -0.38872319
v -0.22266489 0.44434169 -0.38782111
v -0.22266489 0.44434169 -0.38782111
v -0.22250050 0.44726411 -0.38872319
v -0.22807480 0.44691849 -0.39115632
v -0.22266489 0.44434169 -0.38782111
v -0.22807480 0.44691849 -0.39115632
v -0.22836740 0.44399109 -0.39042670
v -0.22271059 0.44093981 -0.38721770
v -0.22266489 0.44434169 -0.38782111
v -0.22836740 0.44399109 -0.39042670
v -0.22271059 0.44093981 -0.38721770
v -0.22836740 0.44399109 -0.39042670
v -0.22844480 0.44059122 -0.38987371
v -0.22844480 0.44059122 -0.38987371
v -0.22836740 0.44399109 -0.39042670
v -0.23146699 0.44344300 -0.39466631
v -0.22844480 0.44059122 -0.38987371
v -0.23146699 0.44344300 -0.39466631
v -0.23158079 0.44002929 -0.39415380
v -0.22836740 0.44399109 -0.39042670
v -0.22807480 0.44691849 -0.39115632
v -0.23102930 0.44640669 -0.39525461
v -0.22836740 0.44399109 -0.39042670
v -0.23102930 0.44640669 -0.39525461
v -0.23146699 0.44344300 -0.39466631
v -0.23146699 0.44344300 -0.39466631
v -0.23102930 0.44640669 -0.39525461
v -0.23233470 0.44565940 -0.40132332
v -0.23146699 0.44344300 -0.39466631
v -0.23233470 0.44565940 -0.40132332
v -0.23289619 0.44265011 -0.40083313
v -0.23158079 0.44002929 -0.39415380
v -0.23146699 0.44344300 -0.39466631
v -0.23289619 0.44265011 -0.40083313
v -0.23158079 0.44002929 -0.39415380
v -0.23289619 0.44265011 -0.40083313
v -0.23304230 0.43921599 -0.40034890
v -0.22807480 0.43414721 -0.38947961
v -0.22836740 0.43716380 -0.38953042
v -0.23146699 0.43659902 -0.39376780
v -0.22807480 0.43414721 -0.38947961
v -0.23146699 0.43659902 -0.39376780
v -0.23102930 0.43358380 -0.39357111
v -0.22836740 0.43716380 -0.38953042
v -0.22844480 0.44059122 -0.38987371
v -0.23158079 0.44002929 -0.39415380
v -0.22836740 0.43716380 -0.38953042
v -0.23158079 0.44002929 -0.39415380
v -0.23146699 0.43659902 -0.39376780
v -0.23146699 0.43659902 -0.39376780
v -0.23158079 0.44002929 -0.39415380
v -0.23304230 0.43921599 -0.40034890
v -0.23146699 0.43659902 -0.39376780
v -0.23304230 0.43921599 -0.40034890
v -0.23289619 0.43577319 -0.39993021
v -0.23102930 0.43358380 -0.39357111
v -0.23146699 0.43659902 -0.39376780
v -0.23289619 0.43577319 -0.39993021
v -0.23102930 0.43358380 -0.39357111
v -0.23289619 0.43577319 -0.39993021
v -0.23233479 0.43273932 -0.39962712
v -0.21365070 0.45086989 -0.40200740
v -0.21372190 0.45004120 -0.41022721
v -0.22266790 0.44948611 -0.41022491
v -0.21365070 0.45086989 -0.40200740
v -0.22266790 0.44948611 -0.41022491
v -0.22250050 0.45036510 -0.40207291
v -0.21372190 0.45004120 -0.41022721
v -0.21373791 0.44877920 -0.42031351
v -0.22273450 0.44818160 -0.42044422
v -0.21372190 0.45004120 -0.41022721
v -0.22273450 0.44818160 -0.42044422
v -0.22266790 0.44948611 -0.41022491
v -0.22266790 0.44948611 -0.41022491
v -0.22273450 0.44818160 -0.42044422
v -0.22850139 0.44720691 -0.41979140
v -0.22266790 0.44948611 -0.41022491
v -0.22850139 0.44720691 -0.41979140
v -0.22837450 0.44850841 -0.41005373
v -0.22250050 0.45036510 -0.40207291
v -0.22266790 0.44948611 -0.41022491
v -0.22837450 0.44850841 -0.41005373
v -0.22250050 0.45036510 -0.40207291
v -0.22837450 0.44850841 -0.41005373
v -0.22807480 0.44944230 -0.40202171
v -0.22850139 0.44720691 -0.41979140
v -0.22273450 0.44818160 -0.42044422
v -0.22318070 0.44642732 -0.43313241
v -0.22850139 0.44720691 -0.41979140
v -0.22318070 0.44642732 -0.43313241
v -0.22881439 0.44575131 -0.42930871
v -0.21373791 0.44877920 -0.42031351
v -0.21390679 0.44741070 -0.43029311
v -0.22318070 0.44642732 -0.43313241
v -0.21373791 0.44877920 -0.42031351
v -0.22318070 0.44642732 -0.43313241
v -0.22273450 0.44818160 -0.42044422
v -0.21455140 0.44686350 -0.43426481
v -0.22318070 0.44642732 -0.43313241
v -0.21390679 0.44741070 -0.43029311
v -0.22977880 0.44481799 -0.43349820
v -0.22881439 0.44575131 -0.42930871
v -0.22318070 0.44642732 -0.43313241
v -0.23312110 0.44181171 -0.43282872
v -0.23309331 0.44216910 -0.42834860
v -0.23204200 0.44373539 -0.43039241
v -0.23312110 0.44181171 -0.43282872
v -0.23204200 0.44373539 -0.43039241
v -0.23288170 0.44224200 -0.43427381
v -0.23307940 0.44336089 -0.41905069
v -0.23168710 0.44553989 -0.41951770
v -0.23204200 0.44373539 -0.43039241
v -0.23307940 0.44336089 -0.41905069
v -0.23204200 0.44373539 -0.43039241
v -0.23309331 0.44216910 -0.42834860
v -0.22850139 0.44720691 -0.41979140
v -0.22881439 0.44575131 -0.42930871
v -0.23204200 0.44373539 -0.43039241
v -0.22850139 0.44720691 -0.41979140
v -0.23204200 0.44373539 -0.43039241
v -0.23168710 0.44553989 -0.41951770
v -0.22977880 0.44481799 -0.43349820
v -0.23143031 0.44368431 -0.43433332
v -0.23204200 0.44373539 -0.43039241
v -0.22977880 0.44481799 -0.43349820
v -0.23204200 0.44373539 -0.43039241
v -0.22881439 0.44575131 -0.42930871
v -0.22807480 0.44944230 -0.40202171
v -0.22837450 0.44850841 -0.41005373
v -0.23148030 0.44691411 -0.40981480
v -0.22807480 0.44944230 -0.40202171
v -0.23148030 0.44691411 -0.40981480
v -0.23102930 0.44791579 -0.40175131
v -0.22837450 0.44850841 -0.41005373
v -0.22850139 0.44720691 -0.41979140
v -0.23168710 0.44553989 -0.41951770
v -0.22837450 0.44850841 -0.41005373
v -0.23168710 0.44553989 -0.41951770
v -0.23148030 0.44691411 -0.40981480
v -0.23148030 0.44691411 -0.40981480
v -0.23168710 0.44553989 -0.41951770
v -0.23307940 0.44336089 -0.41905069
v -0.23148030 0.44691411 -0.40981480
v -0.23307940 0.44336089 -0.41905069
v -0.23290080 0.44462621 -0.40944731
v -0.23102930 0.44791579 -0.40175131
v -0.23148030 0.44691411 -0.40981480
v -0.23290080 0.44462621 -0.40944731
v -0.23102930 0.44791579 -0.40175131
v -0.23290080 0.44462621 -0.40944731
v -0.23233470 0.44565940 -0.40132332
v -0.21365070 0.44748351 -0.38742870
v -0.20136540 0.44760549 -0.38677162
v -0.20133430 0.44972649 -0.38852802
v -0.21365070 0.44748351 -0.38742870
v -0.20133430 0.44972649 -0.38852802
v -0.21354090 0.44958621 -0.38902810
v -0.20136540 0.44760549 -0.38677162
v -0.18715370 0.44764391 -0.38657412
v -0.18715370 0.44977039 -0.38837701
v -0.20136540 0.44760549 -0.38677162
v -0.18715370 0.44977039 -0.38837701
v -0.20133430 0.44972649 -0.38852802
v -0.20133430 0.44972649 -0.38852802
v -0.18715370 0.44977039 -0.38837701
v -0.18715370 0.45102680 -0.39124370
v -0.20133430 0.44972649 -0.38852802
v -0.18715370 0.45102680 -0.39124370
v -0.20131810 0.45097369 -0.39134341
v -0.21354090 0.44958621 -0.38902810
v -0.20133430 0.44972649 -0.38852802
v -0.20131810 0.45097369 -0.39134341
v -0.21354090 0.44958621 -0.38902810
v -0.20131810 0.45097369 -0.39134341
v -0.21348070 0.45080179 -0.39166611
v -0.18715370 0.44764391 -0.38657412
v -0.17294210 0.44760549 -0.38677162
v -0.17297310 0.44972649 -0.38852811
v -0.18715370 0.44764391 -0.38657412
v -0.17297310 0.44972649 -0.38852811
v -0.18715370 0.44977039 -0.38837701
v -0.17294210 0.44760549 -0.38677162
v -0.16065679 0.44748351 -0.38742870
v -0.16076660 0.44958609 -0.38902810
v -0.17294210 0.44760549 -0.38677162
v -0.16076660 0.44958609 -0.38902810
v -0.17297310 0.44972649 -0.38852811
v -0.17297310 0.44972649 -0.38852811
v -0.16076660 0.44958609 -0.38902810
v -0.16082670 0.45080179 -0.39166611
v -0.17297310 0.44972649 -0.38852811
v -0.16082670 0.45080179 -0.39166611
v -0.17298929 0.45097369 -0.39134341
v -0.18715370 0.44977039 -0.38837701
v -0.17297310 0.44972649 -0.38852811
v -0.17298929 0.45097369 -0.39134341
v -0.18715370 0.44977039 -0.38837701
v -0.17298929 0.45097369 -0.39134341
v -0.18715370 0.45102680 -0.39124370
v -0.18715370 0.45102680 -0.39124370
v -0.17298929 0.45097369 -0.39134341
v -0.17297310 0.45139471 -0.39571023
v -0.18715370 0.45102680 -0.39124370
v -0.17297310 0.45139471 -0.39571023
v -0.18715370 0.45146090 -0.39565462
v -0.17298929 0.45097369 -0.39134341
v -0.16082670 0.45080179 -0.39166611
v -0.16076660 0.45117790 -0.39588091
v -0.17298929 0.45097369 -0.39134341
v -0.16076660 0.45117790 -0.39588091
v -0.17297310 0.45139471 -0.39571023
v -0.17297310 0.45139471 -0.39571023
v -0.16076660 0.45117790 -0.39588091
v -0.16065679 0.45086989 -0.40200740
v -0.17297310 0.45139471 -0.39571023
v -0.16065679 0.45086989 -0.40200740
v -0.17294210 0.45113030 -0.40194631
v -0.18715370 0.45146090 -0.39565462
v -0.17297310 0.45139471 -0.39571023
v -0.17294210 0.45113030 -0.40194631
v -0.18715370 0.45146090 -0.39565462
v -0.17294210 0.45113030 -0.40194631
v -0.18715370 0.45120931 -0.40192351
v -0.21348070 0.45080179 -0.39166611
v -0.20131810 0.45097369 -0.39134341
v -0.20133430 0.45139480 -0.39571023
v -0.21348070 0.45080179 -0.39166611
v -0.20133430 0.45139480 -0.39571023
v -0.21354090 0.45117801 -0.39588091
v -0.20131810 0.45097369 -0.39134341
v -0.18715370 0.45102680 -0.39124370
v -0.18715370 0.45146090 -0.39565462
v -0.20131810 0.45097369 -0.39134341
v -0.18715370 0.45146090 -0.39565462
v -0.20133430 0.45139480 -0.39571023
v -0.20133430 0.45139480 -0.39571023
v -0.18715370 0.45146090 -0.39565462
v -0.18715370 0.45120931 -0.40192351
v -0.20133430 0.45139480 -0.39571023
v -0.18715370 0.45120931 -0.40192351
v -0.20136540 0.45113030 -0.40194631
v -0.21354090 0.45117801 -0.39588091
v -0.20133430 0.45139480 -0.39571023
v -0.20136540 0.45113030 -0.40194631
v -0.21354090 0.45117801 -0.39588091
v -0.20136540 0.45113030 -0.40194631
v -0.21365070 0.45086989 -0.40200740
v -0.14197271 0.44565940 -0.40132332
v -0.14141390 0.44463211 -0.40946251
v -0.14284380 0.44692960 -0.40984440
v -0.14197271 0.44565940 -0.40132332
v -0.14284380 0.44692960 -0.40984440
v -0.14327811 0.44791579 -0.40175131
v -0.14141390 0.44463211 -0.40946251
v -0.14128630 0.44340840 -0.41917193
v -0.14275360 0.44566369 -0.41975412
v -0.14141390 0.44463211 -0.40946251
v -0.14275360 0.44566369 -0.41975412
v -0.14284380 0.44692960 -0.40984440
v -0.14284380 0.44692960 -0.40984440
v -0.14275360 0.44566369 -0.41975412
v -0.14587981 0.44726840 -0.41985932
v -0.14284380 0.44692960 -0.40984440
v -0.14587981 0.44726840 -0.41985932
v -0.14594220 0.44851601 -0.41006219
v -0.14327811 0.44791579 -0.40175131
v -0.14284380 0.44692960 -0.40984440
v -0.14594220 0.44851601 -0.41006219
v -0.14327811 0.44791579 -0.40175131
v -0.14594220 0.44851601 -0.41006219
v -0.14623269 0.44944230 -0.40202171
v -0.14531480 0.44536021 -0.43367082
v -0.14579770 0.44598490 -0.42947942
v -0.14275810 0.44415441 -0.43136281
v -0.14531480 0.44536021 -0.43367082
v -0.14275810 0.44415441 -0.43136281
v -0.14400961 0.44465339 -0.43471062
v -0.14587981 0.44726840 -0.41985932
v -0.14275360 0.44566369 -0.41975412
v -0.14275810 0.44415441 -0.43136281
v -0.14587981 0.44726840 -0.41985932
v -0.14275810 0.44415441 -0.43136281
v -0.14579770 0.44598490 -0.42947942
v -0.14128630 0.44340840 -0.41917193
v -0.14136080 0.44222629 -0.42863870
v -0.14275810 0.44415441 -0.43136281
v -0.14128630 0.44340840 -0.41917193
v -0.14275810 0.44415441 -0.43136281
v -0.14275360 0.44566369 -0.41975412
v -0.14135870 0.44157189 -0.43306342
v -0.14175500 0.44194719 -0.43459773
v -0.14275810 0.44415441 -0.43136281
v -0.14135870 0.44157189 -0.43306342
v -0.14275810 0.44415441 -0.43136281
v -0.14136080 0.44222629 -0.42863870
v -0.14367150 0.44442680 -0.43512571
v -0.14400961 0.44465339 -0.43471062
v -0.14275810 0.44415441 -0.43136281
v -0.15940490 0.44685242 -0.43423581
v -0.16040860 0.44741499 -0.43025121
v -0.15130810 0.44649029 -0.43276232
v -0.15940490 0.44685242 -0.43423581
v -0.15130810 0.44649029 -0.43276232
v -0.15619710 0.44652909 -0.43533510
v -0.16060831 0.44878250 -0.42029551
v -0.15161771 0.44820330 -0.42036831
v -0.15130810 0.44649029 -0.43276232
v -0.16060831 0.44878250 -0.42029551
v -0.15130810 0.44649029 -0.43276232
v -0.16040860 0.44741499 -0.43025121
v -0.14587981 0.44726840 -0.41985932
v -0.14579770 0.44598490 -0.42947942
v -0.15130810 0.44649029 -0.43276232
v -0.14587981 0.44726840 -0.41985932
v -0.15130810 0.44649029 -0.43276232
v -0.15161771 0.44820330 -0.42036831
v -0.14531480 0.44536021 -0.43367082
v -0.14670201 0.44525960 -0.43514043
v -0.15130810 0.44649029 -0.43276232
v -0.14531480 0.44536021 -0.43367082
v -0.15130810 0.44649029 -0.43276232
v -0.14579770 0.44598490 -0.42947942
v -0.14623269 0.44944230 -0.40202171
v -0.14594220 0.44851601 -0.41006219
v -0.15164509 0.44948879 -0.41021541
v -0.14623269 0.44944230 -0.40202171
v -0.15164509 0.44948879 -0.41021541
v -0.15180700 0.45036501 -0.40207291
v -0.14594220 0.44851601 -0.41006219
v -0.14587981 0.44726840 -0.41985932
v -0.15161771 0.44820330 -0.42036831
v -0.14594220 0.44851601 -0.41006219
v -0.15161771 0.44820330 -0.42036831
v -0.15164509 0.44948879 -0.41021541
v -0.15164509 0.44948879 -0.41021541
v -0.15161771 0.44820330 -0.42036831
v -0.16060831 0.44878250 -0.42029551
v -0.15164509 0.44948879 -0.41021541
v -0.16060831 0.44878250 -0.42029551
v -0.16059040 0.45004159 -0.41022491
v -0.15180700 0.45036501 -0.40207291
v -0.15164509 0.44948879 -0.41021541
v -0.16059040 0.45004159 -0.41022491
v -0.15180700 0.45036501 -0.40207291
v -0.16059040 0.45004159 -0.41022491
v -0.16065679 0.45086989 -0.40200740
v -0.16065679 0.44748351 -0.38742870
v -0.16058470 0.44454882 -0.38637030
v -0.15164250 0.44434169 -0.38782111
v -0.16065679 0.44748351 -0.38742870
v -0.15164250 0.44434169 -0.38782111
v -0.15180700 0.44726411 -0.38872319
v -0.16058470 0.44454882 -0.38637030
v -0.16056220 0.44113651 -0.38571981
v -0.15159680 0.44093981 -0.38721770
v -0.16058470 0.44454882 -0.38637030
v -0.15159680 0.44093981 -0.38721770
v -0.15164250 0.44434169 -0.38782111
v -0.15164250 0.44434169 -0.38782111
v -0.15159680 0.44093981 -0.38721770
v -0.14586270 0.44059122 -0.38987371
v -0.15164250 0.44434169 -0.38782111
v -0.14586270 0.44059122 -0.38987371
v -0.14594001 0.44399101 -0.39042670
v -0.15180700 0.44726411 -0.38872319
v -0.15164250 0.44434169 -0.38782111
v -0.14594001 0.44399101 -0.39042670
v -0.15180700 0.44726411 -0.38872319
v -0.14594001 0.44399101 -0.39042670
v -0.14623269 0.44691849 -0.39115632
v -0.16056220 0.44113651 -0.38571981
v -0.16058470 0.43767190 -0.38546753
v -0.15164250 0.43749762 -0.38692260
v -0.16056220 0.44113651 -0.38571981
v -0.15164250 0.43749762 -0.38692260
v -0.15159680 0.44093981 -0.38721770
v -0.16058470 0.43767190 -0.38546753
v -0.16065679 0.43456340 -0.38573250
v -0.15180700 0.43444130 -0.38703981
v -0.16058470 0.43767190 -0.38546753
v -0.15180700 0.43444130 -0.38703981
v -0.15164250 0.43749762 -0.38692260
v -0.15164250 0.43749762 -0.38692260
v -0.15180700 0.43444130 -0.38703981
v -0.14623269 0.43414721 -0.38947961
v -0.15164250 0.43749762 -0.38692260
v -0.14623269 0.43414721 -0.38947961
v -0.14594001 0.43716371 -0.38953042
v -0.15159680 0.44093981 -0.38721770
v -0.15164250 0.43749762 -0.38692260
v -0.14594001 0.43716371 -0.38953042
v -0.15159680 0.44093981 -0.38721770
v -0.14594001 0.43716371 -0.38953042
v -0.14586270 0.44059122 -0.38987371
v -0.14586270 0.44059122 -0.38987371
v -0.14594001 0.43716371 -0.38953042
v -0.14284040 0.43659890 -0.39376780
v -0.14586270 0.44059122 -0.38987371
v -0.14284040 0.43659890 -0.39376780
v -0.14272660 0.44002929 -0.39415380
v -0.14594001 0.43716371 -0.38953042
v -0.14623269 0.43414721 -0.38947961
v -0.14327811 0.43358380 -0.39357111
v -0.14594001 0.43716371 -0.38953042
v -0.14327811 0.43358380 -0.39357111
v -0.14284040 0.43659890 -0.39376780
v -0.14284040 0.43659890 -0.39376780
v -0.14327811 0.43358380 -0.39357111
v -0.14197271 0.43273932 -0.39962712
v -0.14284040 0.43659890 -0.39376780
v -0.14197271 0.43273932 -0.39962712
v -0.14141120 0.43577319 -0.39993021
v -0.14272660 0.44002929 -0.39415380
v -0.14284040 0.43659890 -0.39376780
v -0.14141120 0.43577319 -0.39993021
v -0.14272660 0.44002929 -0.39415380
v -0.14141120 0.43577319 -0.39993021
v -0.14126509 0.43921599 -0.40034890
v -0.14623269 0.44691849 -0.39115632
v -0.14594001 0.44399101 -0.39042670
v -0.14284040 0.44344300 -0.39466631
v -0.14623269 0.44691849 -0.39115632
v -0.14284040 0.44344300 -0.39466631
v -0.14327811 0.44640669 -0.39525461
v -0.14594001 0.44399101 -0.39042670
v -0.14586270 0.44059122 -0.38987371
v -0.14272660 0.44002929 -0.39415380
v -0.14594001 0.44399101 -0.39042670
v -0.14272660 0.44002929 -0.39415380
v -0.14284040 0.44344300 -0.39466631
v -0.14284040 0.44344300 -0.39466631
v -0.14272660 0.44002929 -0.39415380
v -0.14126509 0.43921599 -0.40034890
v -0.14284040 0.44344300 -0.39466631
v -0.14126509 0.43921599 -0.40034890
v -0.14141120 0.44265011 -0.40083313
v -0.14327811 0.44640669 -0.39525461
v -0.14284040 0.44344300 -0.39466631
v -0.14141120 0.44265011 -0.40083313
v -0.14327811 0.44640669 -0.39525461
v -0.14141120 0.44265011 -0.40083313
v -0.14197271 0.44565940 -0.40132332
v -0.16065679 0.42752880 -0.39894313
v -0.16058470 0.42622280 -0.40696812
v -0.15164250 0.42676198 -0.40708342
v -0.16065679 0.42752880 -0.39894313
v -0.15164250 0.42676198 -0.40708342
v -0.15180700 0.42799971 -0.39913672
v -0.16058470 0.42622280 -0.40696812
v -0.16056220 0.42494440 -0.41612750
v -0.15159680 0.42550620 -0.41620120
v -0.16058470 0.42622280 -0.40696812
v -0.15159680 0.42550620 -0.41620120
v -0.15164250 0.42676198 -0.40708342
v -0.15164250 0.42676198 -0.40708342
v -0.15159680 0.42550620 -0.41620120
v -0.14586270 0.42650220 -0.41633201
v -0.15164250 0.42676198 -0.40708342
v -0.14586270 0.42650220 -0.41633201
v -0.14594001 0.42773658 -0.40723410
v -0.15180700 0.42799971 -0.39913672
v -0.15164250 0.42676198 -0.40708342
v -0.14594001 0.42773658 -0.40723410
v -0.15180700 0.42799971 -0.39913672
v -0.14594001 0.42773658 -0.40723410
v -0.14623269 0.42890429 -0.39932543
v -0.16056220 0.42494440 -0.41612750
v -0.16059090 0.42381731 -0.42514199
v -0.15164490 0.42437050 -0.42518121
v -0.16056220 0.42494440 -0.41612750
v -0.15164490 0.42437050 -0.42518121
v -0.15159680 0.42550620 -0.41620120
v -0.15159680 0.42550620 -0.41620120
v -0.15164490 0.42437050 -0.42518121
v -0.14591850 0.42535970 -0.42528480
v -0.15159680 0.42550620 -0.41620120
v -0.14591850 0.42535970 -0.42528480
v -0.14586270 0.42650220 -0.41633201
v -0.14586270 0.42650220 -0.41633201
v -0.14591850 0.42535970 -0.42528480
v -0.14279599 0.42696732 -0.42560402
v -0.14586270 0.42650220 -0.41633201
v -0.14279599 0.42696732 -0.42560402
v -0.14272690 0.42811430 -0.41658711
v -0.14272690 0.42811430 -0.41658711
v -0.14279599 0.42696732 -0.42560402
v -0.14136320 0.42935282 -0.42662731
v -0.14272690 0.42811430 -0.41658711
v -0.14136320 0.42935282 -0.42662731
v -0.14126781 0.43048730 -0.41720262
v -0.14623269 0.42890429 -0.39932543
v -0.14594001 0.42773658 -0.40723410
v -0.14284050 0.42932981 -0.40742591
v -0.14623269 0.42890429 -0.39932543
v -0.14284050 0.42932981 -0.40742591
v -0.14327811 0.43044889 -0.39945823
v -0.14594001 0.42773658 -0.40723410
v -0.14586270 0.42650220 -0.41633201
v -0.14272690 0.42811430 -0.41658711
v -0.14594001 0.42773658 -0.40723410
v -0.14272690 0.42811430 -0.41658711
v -0.14284050 0.42932981 -0.40742591
v -0.14284050 0.42932981 -0.40742591
v -0.14272690 0.42811430 -0.41658711
v -0.14126781 0.43048730 -0.41720262
v -0.14284050 0.42932981 -0.40742591
v -0.14126781 0.43048730 -0.41720262
v -0.14141160 0.43165350 -0.40772450
v -0.14327811 0.43044889 -0.39945823
v -0.14284050 0.42932981 -0.40742591
v -0.14141160 0.43165350 -0.40772450
v -0.14327811 0.43044889 -0.39945823
v -0.14141160 0.43165350 -0.40772450
v -0.14197271 0.43273932 -0.39962712
v -0.16065679 0.43456340 -0.38573250
v -0.17294210 0.43461519 -0.38506621
v -0.17297310 0.43211281 -0.38621572
v -0.16065679 0.43456340 -0.38573250
v -0.17297310 0.43211281 -0.38621572
v -0.16076660 0.43211931 -0.38673502
v -0.17294210 0.43461519 -0.38506621
v -0.18715370 0.43462908 -0.38486552
v -0.18715370 0.43210930 -0.38605842
v -0.17294210 0.43461519 -0.38506621
v -0.18715370 0.43210930 -0.38605842
v -0.17297310 0.43211281 -0.38621572
v -0.17297310 0.43211281 -0.38621572
v -0.18715370 0.43210930 -0.38605842
v -0.18715370 0.43015561 -0.38850373
v -0.17297310 0.43211281 -0.38621572
v -0.18715370 0.43015561 -0.38850373
v -0.17298929 0.43018109 -0.38861370
v -0.16076660 0.43211931 -0.38673502
v -0.17297310 0.43211281 -0.38621572
v -0.17298929 0.43018109 -0.38861370
v -0.16076660 0.43211931 -0.38673502
v -0.17298929 0.43018109 -0.38861370
v -0.16082670 0.43026382 -0.38896981
v -0.18715370 0.43462908 -0.38486552
v -0.20136540 0.43461519 -0.38506621
v -0.20133430 0.43211281 -0.38621572
v -0.18715370 0.43462908 -0.38486552
v -0.20133430 0.43211281 -0.38621572
v -0.18715370 0.43210930 -0.38605842
v -0.20136540 0.43461519 -0.38506621
v -0.21365070 0.43456340 -0.38573250
v -0.21354090 0.43211931 -0.38673502
v -0.20136540 0.43461519 -0.38506621
v -0.21354090 0.43211931 -0.38673502
v -0.20133430 0.43211281 -0.38621572
v -0.20133430 0.43211281 -0.38621572
v -0.21354090 0.43211931 -0.38673502
v -0.21348070 0.43026382 -0.38896981
v -0.20133430 0.43211281 -0.38621572
v -0.21348070 0.43026382 -0.38896981
v -0.20131810 0.43018109 -0.38861370
v -0.18715370 0.43210930 -0.38605842
v -0.20133430 0.43211281 -0.38621572
v -0.20131810 0.43018109 -0.38861370
v -0.18715370 0.43210930 -0.38605842
v -0.20131810 0.43018109 -0.38861370
v -0.18715370 0.43015561 -0.38850373
v -0.18715370 0.43015561 -0.38850373
v -0.20131810 0.43018109 -0.38861370
v -0.20133430 0.42864722 -0.39272392
v -0.18715370 0.43015561 -0.38850373
v -0.20133430 0.42864722 -0.39272392
v -0.18715370 0.42859760 -0.39265302
v -0.20131810 0.43018109 -0.38861370
v -0.21348070 0.43026382 -0.38896981
v -0.21354090 0.42881262 -0.39294481
v -0.20131810 0.43018109 -0.38861370
v -0.21354090 0.42881262 -0.39294481
v -0.20133430 0.42864722 -0.39272392
v -0.20133430 0.42864722 -0.39272392
v -0.21354090 0.42881262 -0.39294481
v -0.21365070 0.42752880 -0.39894313
v -0.20133430 0.42864722 -0.39272392
v -0.21365070 0.42752880 -0.39894313
v -0.20136540 0.42729300 -0.39881691
v -0.18715370 0.42859760 -0.39265302
v -0.20133430 0.42864722 -0.39272392
v -0.20136540 0.42729300 -0.39881691
v -0.18715370 0.42859760 -0.39265302
v -0.20136540 0.42729300 -0.39881691
v -0.18715370 0.42722261 -0.39877442
v -0.16082670 0.43026382 -0.38896981
v -0.17298929 0.43018109 -0.38861370
v -0.17297310 0.42864710 -0.39272392
v -0.16082670 0.43026382 -0.38896981
v -0.17297310 0.42864710 -0.39272392
v -0.16076660 0.42881262 -0.39294481
v -0.17298929 0.43018109 -0.38861370
v -0.18715370 0.43015561 -0.38850373
v -0.18715370 0.42859760 -0.39265302
v -0.17298929 0.43018109 -0.38861370
v -0.18715370 0.42859760 -0.39265302
v -0.17297310 0.42864710 -0.39272392
v -0.17297310 0.42864710 -0.39272392
v -0.18715370 0.42859760 -0.39265302
v -0.18715370 0.42722261 -0.39877442
v -0.17297310 0.42864710 -0.39272392
v -0.18715370 0.42722261 -0.39877442
v -0.17294210 0.42729300 -0.39881691
v -0.16076660 0.42881262 -0.39294481
v -0.17297310 0.42864710 -0.39272392
v -0.17294210 0.42729300 -0.39881691
v -0.16076660 0.42881262 -0.39294481
v -0.17294210 0.42729300 -0.39881691
v -0.16065679 0.42752880 -0.39894313
v -0.06568700 0.42381752 -0.42514181
v -0.06566060 0.42494452 -0.41612750
v -0.07800840 0.42465121 -0.41608900
v -0.06568700 0.42381752 -0.42514181
v -0.07800840 0.42465121 -0.41608900
v -0.07802380 0.42352930 -0.42513680
v -0.07802380 0.42352930 -0.42513680
v -0.07800840 0.42465121 -0.41608900
v -0.09225220 0.42456210 -0.41607732
v -0.07802380 0.42352930 -0.42513680
v -0.09225220 0.42456210 -0.41607732
v -0.09225230 0.42344150 -0.42513382
v -0.06566060 0.42494452 -0.41612750
v -0.06568310 0.42622292 -0.40696812
v -0.07801700 0.42594498 -0.40689641
v -0.06566060 0.42494452 -0.41612750
v -0.07801700 0.42594498 -0.40689641
v -0.07800840 0.42465121 -0.41608900
v -0.06568310 0.42622292 -0.40696812
v -0.06575520 0.42752892 -0.39894313
v -0.07804050 0.42729300 -0.39881691
v -0.06568310 0.42622292 -0.40696812
v -0.07804050 0.42729300 -0.39881691
v -0.07801700 0.42594498 -0.40689641
v -0.07801700 0.42594498 -0.40689641
v -0.07804050 0.42729300 -0.39881691
v -0.09225220 0.42722261 -0.39877442
v -0.07801700 0.42594498 -0.40689641
v -0.09225220 0.42722261 -0.39877442
v -0.09225220 0.42586130 -0.40687191
v -0.07800840 0.42465121 -0.41608900
v -0.07801700 0.42594498 -0.40689641
v -0.09225220 0.42586130 -0.40687191
v -0.07800840 0.42465121 -0.41608900
v -0.09225220 0.42586130 -0.40687191
v -0.09225220 0.42456210 -0.41607732
v -0.09225220 0.42456210 -0.41607732
v -0.09225220 0.42586130 -0.40687191
v -0.10648730 0.42594498 -0.40689641
v -0.09225220 0.42456210 -0.41607732
v -0.10648730 0.42594498 -0.40689641
v -0.10649590 0.42465121 -0.41608900
v -0.09225220 0.42586130 -0.40687191
v -0.09225220 0.42722261 -0.39877442
v -0.10646380 0.42729300 -0.39881691
v -0.09225220 0.42586130 -0.40687191
v -0.10646380 0.42729300 -0.39881691
v -0.10648730 0.42594498 -0.40689641
v -0.10648730 0.42594498 -0.40689641
v -0.10646380 0.42729300 -0.39881691
v -0.11874910 0.42752880 -0.39894301
v -0.10648730 0.42594498 -0.40689641
v -0.11874910 0.42752880 -0.39894301
v -0.11882120 0.42622280 -0.40696812
v -0.10649590 0.42465121 -0.41608900
v -0.10648730 0.42594498 -0.40689641
v -0.11882120 0.42622280 -0.40696812
v -0.10649590 0.42465121 -0.41608900
v -0.11882120 0.42622280 -0.40696812
v -0.11884370 0.42494440 -0.41612750
v -0.09225230 0.42344150 -0.42513382
v -0.09225220 0.42456210 -0.41607732
v -0.10649590 0.42465121 -0.41608900
v -0.09225230 0.42344150 -0.42513382
v -0.10649590 0.42465121 -0.41608900
v -0.10648070 0.42352900 -0.42513731
v -0.10648070 0.42352900 -0.42513731
v -0.10649590 0.42465121 -0.41608900
v -0.11884370 0.42494440 -0.41612750
v -0.10648070 0.42352900 -0.42513731
v -0.11884370 0.42494440 -0.41612750
v -0.11881690 0.42381722 -0.42514199
v -0.04631620 0.44152799 -0.43298912
v -0.04637830 0.44215330 -0.42858332
v -0.04587250 0.43918529 -0.43007350
v -0.04631620 0.44152799 -0.43298912
v -0.04587250 0.43918529 -0.43007350
v -0.04611270 0.44037491 -0.43409261
v -0.04635630 0.44337630 -0.41915190
v -0.04573620 0.44039419 -0.41890490
v -0.04587250 0.43918529 -0.43007350
v -0.04635630 0.44337630 -0.41915190
v -0.04587250 0.43918529 -0.43007350
v -0.04637830 0.44215330 -0.42858332
v -0.04555720 0.43698081 -0.41843110
v -0.04566870 0.43593562 -0.42815021
v -0.04587250 0.43918529 -0.43007350
v -0.04555720 0.43698081 -0.41843110
v -0.04587250 0.43918529 -0.43007350
v -0.04573620 0.44039419 -0.41890490
v -0.04577310 0.43539649 -0.43274802
v -0.04587250 0.43918529 -0.43007350
v -0.04566870 0.43593562 -0.42815021
v -0.04635630 0.44337630 -0.41915190
v -0.04650880 0.44462809 -0.40946001
v -0.04588200 0.44159749 -0.40904492
v -0.04635630 0.44337630 -0.41915190
v -0.04588200 0.44159749 -0.40904492
v -0.04573620 0.44039419 -0.41890490
v -0.04650880 0.44462809 -0.40946001
v -0.04707120 0.44565940 -0.40132332
v -0.04650970 0.44265011 -0.40083301
v -0.04650880 0.44462809 -0.40946001
v -0.04650970 0.44265011 -0.40083301
v -0.04588200 0.44159749 -0.40904492
v -0.04588200 0.44159749 -0.40904492
v -0.04650970 0.44265011 -0.40083301
v -0.04636360 0.43921599 -0.40034890
v -0.04588200 0.44159749 -0.40904492
v -0.04636360 0.43921599 -0.40034890
v -0.04571520 0.43815321 -0.40857610
v -0.04573620 0.44039419 -0.41890490
v -0.04588200 0.44159749 -0.40904492
v -0.04571520 0.43815321 -0.40857610
v -0.04573620 0.44039419 -0.41890490
v -0.04571520 0.43815321 -0.40857610
v -0.04555720 0.43698081 -0.41843110
v -0.04555720 0.43698081 -0.41843110
v -0.04571520 0.43815321 -0.40857610
v -0.04588090 0.43470591 -0.40817592
v -0.04555720 0.43698081 -0.41843110
v -0.04588090 0.43470591 -0.40817592
v -0.04572750 0.43357131 -0.41829491
v -0.04571520 0.43815321 -0.40857610
v -0.04636360 0.43921599 -0.40034890
v -0.04650970 0.43577331 -0.39993021
v -0.04571520 0.43815321 -0.40857610
v -0.04650970 0.43577331 -0.39993021
v -0.04588090 0.43470591 -0.40817592
v -0.04588090 0.43470591 -0.40817592
v -0.04650970 0.43577331 -0.39993021
v -0.04707120 0.43273932 -0.39962712
v -0.04588090 0.43470591 -0.40817592
v -0.04707120 0.43273932 -0.39962712
v -0.04651040 0.43165141 -0.40773651
v -0.04572750 0.43357131 -0.41829491
v -0.04588090 0.43470591 -0.40817592
v -0.04651040 0.43165141 -0.40773651
v -0.04572750 0.43357131 -0.41829491
v -0.04651040 0.43165141 -0.40773651
v -0.04636940 0.43046999 -0.41729841
v -0.04577310 0.43539649 -0.43274802
v -0.04566870 0.43593562 -0.42815021
v -0.04583140 0.43255019 -0.43052381
v -0.04555720 0.43698081 -0.41843110
v -0.04572750 0.43357131 -0.41829491
v -0.04583140 0.43255019 -0.43052381
v -0.04555720 0.43698081 -0.41843110
v -0.04583140 0.43255019 -0.43052381
v -0.04566870 0.43593562 -0.42815021
v -0.04636940 0.43046999 -0.41729841
v -0.04646900 0.42928910 -0.42683733
v -0.04583140 0.43255019 -0.43052381
v -0.04636940 0.43046999 -0.41729841
v -0.04583140 0.43255019 -0.43052381
v -0.04572750 0.43357131 -0.41829491
v -0.06575520 0.44748351 -0.38742870
v -0.07804050 0.44760549 -0.38677162
v -0.07801710 0.44466069 -0.38561872
v -0.06575520 0.44748351 -0.38742870
v -0.07801710 0.44466069 -0.38561872
v -0.06568310 0.44454882 -0.38637030
v -0.07804050 0.44760549 -0.38677162
v -0.09225220 0.44764391 -0.38657412
v -0.09225220 0.44469559 -0.38539150
v -0.07804050 0.44760549 -0.38677162
v -0.09225220 0.44469559 -0.38539150
v -0.07801710 0.44466069 -0.38561872
v -0.07801710 0.44466069 -0.38561872
v -0.09225220 0.44469559 -0.38539150
v -0.09225220 0.44127029 -0.38470012
v -0.07801710 0.44466069 -0.38561872
v -0.09225220 0.44127029 -0.38470012
v -0.07800850 0.44123921 -0.38493770
v -0.06568310 0.44454882 -0.38637030
v -0.07801710 0.44466069 -0.38561872
v -0.07800850 0.44123921 -0.38493770
v -0.06568310 0.44454882 -0.38637030
v -0.07800850 0.44123921 -0.38493770
v -0.06566060 0.44113651 -0.38571981
v -0.09225220 0.44764391 -0.38657412
v -0.10646390 0.44760549 -0.38677162
v -0.10648730 0.44466069 -0.38561872
v -0.09225220 0.44764391 -0.38657412
v -0.10648730 0.44466069 -0.38561872
v -0.09225220 0.44469559 -0.38539150
v -0.10646390 0.44760549 -0.38677162
v -0.11874910 0.44748351 -0.38742870
v -0.11882120 0.44454882 -0.38637030
v -0.10646390 0.44760549 -0.38677162
v -0.11882120 0.44454882 -0.38637030
v -0.10648730 0.44466069 -0.38561872
v -0.10648730 0.44466069 -0.38561872
v -0.11882120 0.44454882 -0.38637030
v -0.11884370 0.44113651 -0.38571981
v -0.10648730 0.44466069 -0.38561872
v -0.11884370 0.44113651 -0.38571981
v -0.10649590 0.44123921 -0.38493770
v -0.09225220 0.44469559 -0.38539150
v -0.10648730 0.44466069 -0.38561872
v -0.10649590 0.44123921 -0.38493770
v -0.09225220 0.44469559 -0.38539150
v -0.10649590 0.44123921 -0.38493770
v -0.09225220 0.44127029 -0.38470012
v -0.09225220 0.44127029 -0.38470012
v -0.10649590 0.44123921 -0.38493770
v -0.10648730 0.43775779 -0.38471252
v -0.09225220 0.44127029 -0.38470012
v -0.10648730 0.43775779 -0.38471252
v -0.09225220 0.43778279 -0.38448402
v -0.10649590 0.44123921 -0.38493770
v -0.11884370 0.44113651 -0.38571981
v -0.11882120 0.43767190 -0.38546753
v -0.10649590 0.44123921 -0.38493770
v -0.11882120 0.43767190 -0.38546753
v -0.10648730 0.43775779 -0.38471252
v -0.10648730 0.43775779 -0.38471252
v -0.11882120 0.43767190 -0.38546753
v -0.11874910 0.43456340 -0.38573250
v -0.10648730 0.43775779 -0.38471252
v -0.11874910 0.43456340 -0.38573250
v -0.10646390 0.43461519 -0.38506621
v -0.09225220 0.43778279 -0.38448402
v -0.10648730 0.43775779 -0.38471252
v -0.10646390 0.43461519 -0.38506621
v -0.09225220 0.43778279 -0.38448402
v -0.10646390 0.43461519 -0.38506621
v -0.09225220 0.43462908 -0.38486552
v -0.06566060 0.44113651 -0.38571981
v -0.07800850 0.44123921 -0.38493770
v -0.07801710 0.43775779 -0.38471252
v -0.06566060 0.44113651 -0.38571981
v -0.07801710 0.43775779 -0.38471252
v -0.06568310 0.43767199 -0.38546753
v -0.07800850 0.44123921 -0.38493770
v -0.09225220 0.44127029 -0.38470012
v -0.09225220 0.43778279 -0.38448402
v -0.07800850 0.44123921 -0.38493770
v -0.09225220 0.43778279 -0.38448402
v -0.07801710 0.43775779 -0.38471252
v -0.07801710 0.43775779 -0.38471252
v -0.09225220 0.43778279 -0.38448402
v -0.09225220 0.43462908 -0.38486552
v -0.07801710 0.43775779 -0.38471252
v -0.09225220 0.43462908 -0.38486552
v -0.07804050 0.43461519 -0.38506621
v -0.06568310 0.43767199 -0.38546753
v -0.07801710 0.43775779 -0.38471252
v -0.07804050 0.43461519 -0.38506621
v -0.06568310 0.43767199 -0.38546753
v -0.07804050 0.43461519 -0.38506621
v -0.06575520 0.43456340 -0.38573250
v -0.13813810 0.43044910 -0.41705823
v -0.13878480 0.43351820 -0.41774011
v -0.13866800 0.43241090 -0.42824739
v -0.13813810 0.43044910 -0.41705823
v -0.13866800 0.43241090 -0.42824739
v -0.13804249 0.42926320 -0.42630279
v -0.13895769 0.43691310 -0.41806930
v -0.13884281 0.43574551 -0.42733020
v -0.13866800 0.43241090 -0.42824739
v -0.13895769 0.43691310 -0.41806930
v -0.13866800 0.43241090 -0.42824739
v -0.13878480 0.43351820 -0.41774011
v -0.13864259 0.43513310 -0.43226030
v -0.13866800 0.43241090 -0.42824739
v -0.13884281 0.43574551 -0.42733020
v -0.13813810 0.43044910 -0.41705823
v -0.13799430 0.43164870 -0.40770641
v -0.13862450 0.43469921 -0.40810651
v -0.13813810 0.43044910 -0.41705823
v -0.13862450 0.43469921 -0.40810651
v -0.13878480 0.43351820 -0.41774011
v -0.13799430 0.43164870 -0.40770641
v -0.13743320 0.43273932 -0.39962712
v -0.13799471 0.43577319 -0.39993021
v -0.13799430 0.43164870 -0.40770641
v -0.13799471 0.43577319 -0.39993021
v -0.13862450 0.43469921 -0.40810651
v -0.13862450 0.43469921 -0.40810651
v -0.13799471 0.43577319 -0.39993021
v -0.13814080 0.43921599 -0.40034890
v -0.13862450 0.43469921 -0.40810651
v -0.13814080 0.43921599 -0.40034890
v -0.13879050 0.43814471 -0.40853080
v -0.13878480 0.43351820 -0.41774011
v -0.13862450 0.43469921 -0.40810651
v -0.13879050 0.43814471 -0.40853080
v -0.13878480 0.43351820 -0.41774011
v -0.13879050 0.43814471 -0.40853080
v -0.13895769 0.43691310 -0.41806930
v -0.13895769 0.43691310 -0.41806930
v -0.13879050 0.43814471 -0.40853080
v -0.13862491 0.44158390 -0.40900561
v -0.13895769 0.43691310 -0.41806930
v -0.13862491 0.44158390 -0.40900561
v -0.13878790 0.44028500 -0.41859031
v -0.13879050 0.43814471 -0.40853080
v -0.13814080 0.43921599 -0.40034890
v -0.13799471 0.44265011 -0.40083301
v -0.13879050 0.43814471 -0.40853080
v -0.13799471 0.44265011 -0.40083301
v -0.13862491 0.44158390 -0.40900561
v -0.13862491 0.44158390 -0.40900561
v -0.13799471 0.44265011 -0.40083301
v -0.13743320 0.44565940 -0.40132332
v -0.13862491 0.44158390 -0.40900561
v -0.13743320 0.44565940 -0.40132332
v -0.13799870 0.44461942 -0.40944502
v -0.13878790 0.44028500 -0.41859031
v -0.13862491 0.44158390 -0.40900561
v -0.13799870 0.44461942 -0.40944502
v -0.13878790 0.44028500 -0.41859031
v -0.13799870 0.44461942 -0.40944502
v -0.13817319 0.44330710 -0.41903260
v -0.13864259 0.43513310 -0.43226030
v -0.13884281 0.43574551 -0.42733020
v -0.13865469 0.43877941 -0.42884153
v -0.13895769 0.43691310 -0.41806930
v -0.13878790 0.44028500 -0.41859031
v -0.13865469 0.43877941 -0.42884153
v -0.13895769 0.43691310 -0.41806930
v -0.13865469 0.43877941 -0.42884153
v -0.13884281 0.43574551 -0.42733020
v -0.13817319 0.44330710 -0.41903260
v -0.13817149 0.44190529 -0.42831743
v -0.13865469 0.43877941 -0.42884153
v -0.13817319 0.44330710 -0.41903260
v -0.13865469 0.43877941 -0.42884153
v -0.13878790 0.44028500 -0.41859031
v -0.13813689 0.44102660 -0.43284971
v -0.13822910 0.43930671 -0.43398091
v -0.13865469 0.43877941 -0.42884153
v -0.13813689 0.44102660 -0.43284971
v -0.13865469 0.43877941 -0.42884153
v -0.13817149 0.44190529 -0.42831743
v -0.11881370 0.44878259 -0.42029551
v -0.10643090 0.44900799 -0.42077953
v -0.10648890 0.44713700 -0.43413261
v -0.11881370 0.44878259 -0.42029551
v -0.10648890 0.44713700 -0.43413261
v -0.11904170 0.44741520 -0.43025151
v -0.09224750 0.44914749 -0.42044821
v -0.09219150 0.44773659 -0.43057042
v -0.10648890 0.44713700 -0.43413261
v -0.09224750 0.44914749 -0.42044821
v -0.10648890 0.44713700 -0.43413261
v -0.10643090 0.44900799 -0.42077953
v -0.09199420 0.44714701 -0.43447453
v -0.09568340 0.44689450 -0.43573540
v -0.10648890 0.44713700 -0.43413261
v -0.09199420 0.44714701 -0.43447453
v -0.10648890 0.44713700 -0.43413261
v -0.09219150 0.44773659 -0.43057042
v -0.12006220 0.44685289 -0.43423653
v -0.11904170 0.44741520 -0.43025151
v -0.10648890 0.44713700 -0.43413261
v -0.12006220 0.44685289 -0.43423653
v -0.10648890 0.44713700 -0.43413261
v -0.11722420 0.44670901 -0.43566340
v -0.11881370 0.44878259 -0.42029551
v -0.11881750 0.45004159 -0.41022491
v -0.10647920 0.45032021 -0.41028303
v -0.11881370 0.44878259 -0.42029551
v -0.10647920 0.45032021 -0.41028303
v -0.10643090 0.44900799 -0.42077953
v -0.11881750 0.45004159 -0.41022491
v -0.11874910 0.45086989 -0.40200731
v -0.10646390 0.45113030 -0.40194631
v -0.11881750 0.45004159 -0.41022491
v -0.10646390 0.45113030 -0.40194631
v -0.10647920 0.45032021 -0.41028303
v -0.10647920 0.45032021 -0.41028303
v -0.10646390 0.45113030 -0.40194631
v -0.09225220 0.45120931 -0.40192342
v -0.10647920 0.45032021 -0.41028303
v -0.09225220 0.45120931 -0.40192342
v -0.09225160 0.45041370 -0.41023812
v -0.10643090 0.44900799 -0.42077953
v -0.10647920 0.45032021 -0.41028303
v -0.09225160 0.45041370 -0.41023812
v -0.10643090 0.44900799 -0.42077953
v -0.09225160 0.45041370 -0.41023812
v -0.09224750 0.44914749 -0.42044821
v -0.09224750 0.44914749 -0.42044821
v -0.09225160 0.45041370 -0.41023812
v -0.07802380 0.45032099 -0.41027752
v -0.09224750 0.44914749 -0.42044821
v -0.07802380 0.45032099 -0.41027752
v -0.07806270 0.44901389 -0.42073512
v -0.09225160 0.45041370 -0.41023812
v -0.09225220 0.45120931 -0.40192342
v -0.07804050 0.45113030 -0.40194631
v -0.09225160 0.45041370 -0.41023812
v -0.07804050 0.45113030 -0.40194631
v -0.07802380 0.45032099 -0.41027752
v -0.07802380 0.45032099 -0.41027752
v -0.07804050 0.45113030 -0.40194631
v -0.06575520 0.45086989 -0.40200731
v -0.07802380 0.45032099 -0.41027752
v -0.06575520 0.45086989 -0.40200731
v -0.06568680 0.45004129 -0.41022712
v -0.07806270 0.44901389 -0.42073512
v -0.07802380 0.45032099 -0.41027752
v -0.06568680 0.45004129 -0.41022712
v -0.07806270 0.44901389 -0.42073512
v -0.06568680 0.45004129 -0.41022712
v -0.06568990 0.44877979 -0.42031312
v -0.09224750 0.44914749 -0.42044821
v -0.07806270 0.44901389 -0.42073512
v -0.07798000 0.44716409 -0.43392301
v -0.09224750 0.44914749 -0.42044821
v -0.07798000 0.44716409 -0.43392301
v -0.09219150 0.44773659 -0.43057042
v -0.06568990 0.44877979 -0.42031312
v -0.06555680 0.44741270 -0.43029159
v -0.07798000 0.44716409 -0.43392301
v -0.06568990 0.44877979 -0.42031312
v -0.07798000 0.44716409 -0.43392301
v -0.07806270 0.44901389 -0.42073512
v -0.06492470 0.44686779 -0.43426171
v -0.06802320 0.44673061 -0.43561560
v -0.07798000 0.44716409 -0.43392301
v -0.06492470 0.44686779 -0.43426171
v -0.07798000 0.44716409 -0.43392301
v -0.06555680 0.44741270 -0.43029159
v -0.09199420 0.44714701 -0.43447453
v -0.09219150 0.44773659 -0.43057042
v -0.07798000 0.44716409 -0.43392301
v -0.09199420 0.44714701 -0.43447453
v -0.07798000 0.44716409 -0.43392301
v -0.08802780 0.44689640 -0.43569219
v -0.11874910 0.42752880 -0.39894301
v -0.11863930 0.42881262 -0.39294481
v -0.12729600 0.42915511 -0.39330733
v -0.11874910 0.42752880 -0.39894301
v -0.12729600 0.42915511 -0.39330733
v -0.12759900 0.42799971 -0.39913672
v -0.11863930 0.42881262 -0.39294481
v -0.11857920 0.43026382 -0.38896981
v -0.12704720 0.43042210 -0.38965100
v -0.11863930 0.42881262 -0.39294481
v -0.12704720 0.43042210 -0.38965100
v -0.12729600 0.42915511 -0.39330733
v -0.12729600 0.42915511 -0.39330733
v -0.12704720 0.43042210 -0.38965100
v -0.13128950 0.43065301 -0.39064521
v -0.12729600 0.42915511 -0.39330733
v -0.13128950 0.43065301 -0.39064521
v -0.13249390 0.42989931 -0.39363271
v -0.12759900 0.42799971 -0.39913672
v -0.12729600 0.42915511 -0.39330733
v -0.13249390 0.42989931 -0.39363271
v -0.12759900 0.42799971 -0.39913672
v -0.13249390 0.42989931 -0.39363271
v -0.13317320 0.42890429 -0.39932543
v -0.11874910 0.43456340 -0.38573250
v -0.12759900 0.43444130 -0.38703981
v -0.12729600 0.43210208 -0.38777301
v -0.11874910 0.43456340 -0.38573250
v -0.12729600 0.43210208 -0.38777301
v -0.11863930 0.43211931 -0.38673502
v -0.12759900 0.43444130 -0.38703981
v -0.13317320 0.43414721 -0.38947961
v -0.13249390 0.43191522 -0.38984701
v -0.12759900 0.43444130 -0.38703981
v -0.13249390 0.43191522 -0.38984701
v -0.12729600 0.43210208 -0.38777301
v -0.12729600 0.43210208 -0.38777301
v -0.13249390 0.43191522 -0.38984701
v -0.13128950 0.43065301 -0.39064521
v -0.12729600 0.43210208 -0.38777301
v -0.13128950 0.43065301 -0.39064521
v -0.12704720 0.43042210 -0.38965100
v -0.11863930 0.43211931 -0.38673502
v -0.12729600 0.43210208 -0.38777301
v -0.12704720 0.43042210 -0.38965100
v -0.11863930 0.43211931 -0.38673502
v -0.12704720 0.43042210 -0.38965100
v -0.11857920 0.43026382 -0.38896981
v -0.13743320 0.43273932 -0.39962712
v -0.13612780 0.43044889 -0.39945823
v -0.13507330 0.43133789 -0.39359391
v -0.13743320 0.43273932 -0.39962712
v -0.13507330 0.43133789 -0.39359391
v -0.13612780 0.43358380 -0.39357111
v -0.13612780 0.43044889 -0.39945823
v -0.13317320 0.42890429 -0.39932543
v -0.13249390 0.42989931 -0.39363271
v -0.13612780 0.43044889 -0.39945823
v -0.13249390 0.42989931 -0.39363271
v -0.13507330 0.43133789 -0.39359391
v -0.13507330 0.43133789 -0.39359391
v -0.13249390 0.42989931 -0.39363271
v -0.13128950 0.43065301 -0.39064521
v -0.13507330 0.43133789 -0.39359391
v -0.13128950 0.43065301 -0.39064521
v -0.13249390 0.43191522 -0.38984701
v -0.13612780 0.43358380 -0.39357111
v -0.13507330 0.43133789 -0.39359391
v -0.13249390 0.43191522 -0.38984701
v -0.13612780 0.43358380 -0.39357111
v -0.13249390 0.43191522 -0.38984701
v -0.13317320 0.43414721 -0.38947961
v -0.11874910 0.44748351 -0.38742870
v -0.11863930 0.44958609 -0.38902810
v -0.12729600 0.44933471 -0.39003542
v -0.11874910 0.44748351 -0.38742870
v -0.12729600 0.44933471 -0.39003542
v -0.12759900 0.44726411 -0.38872319
v -0.11863930 0.44958609 -0.38902810
v -0.11857920 0.45080179 -0.39166611
v -0.12704720 0.45047310 -0.39228341
v -0.11863930 0.44958609 -0.38902810
v -0.12704720 0.45047310 -0.39228341
v -0.12729600 0.44933471 -0.39003542
v -0.12729600 0.44933471 -0.39003542
v -0.12704720 0.45047310 -0.39228341
v -0.13128950 0.44999340 -0.39318430
v -0.12729600 0.44933471 -0.39003542
v -0.13128950 0.44999340 -0.39318430
v -0.13249390 0.44898000 -0.39208731
v -0.12759900 0.44726411 -0.38872319
v -0.12729600 0.44933471 -0.39003542
v -0.13249390 0.44898000 -0.39208731
v -0.12759900 0.44726411 -0.38872319
v -0.13249390 0.44898000 -0.39208731
v -0.13317320 0.44691849 -0.39115632
v -0.11874910 0.45086989 -0.40200731
v -0.12759900 0.45036501 -0.40207291
v -0.12729600 0.45075339 -0.39614281
v -0.11874910 0.45086989 -0.40200731
v -0.12729600 0.45075339 -0.39614281
v -0.11863930 0.45117790 -0.39588091
v -0.12759900 0.45036501 -0.40207291
v -0.13317320 0.44944230 -0.40202162
v -0.13249390 0.44995040 -0.39626512
v -0.12759900 0.45036501 -0.40207291
v -0.13249390 0.44995040 -0.39626512
v -0.12729600 0.45075339 -0.39614281
v -0.12729600 0.45075339 -0.39614281
v -0.13249390 0.44995040 -0.39626512
v -0.13128950 0.44999340 -0.39318430
v -0.12729600 0.45075339 -0.39614281
v -0.13128950 0.44999340 -0.39318430
v -0.12704720 0.45047310 -0.39228341
v -0.11863930 0.45117790 -0.39588091
v -0.12729600 0.45075339 -0.39614281
v -0.12704720 0.45047310 -0.39228341
v -0.11863930 0.45117790 -0.39588091
v -0.12704720 0.45047310 -0.39228341
v -0.11857920 0.45080179 -0.39166611
v -0.13743320 0.44565940 -0.40132332
v -0.13612780 0.44640669 -0.39525452
v -0.13507330 0.44857061 -0.39585632
v -0.13743320 0.44565940 -0.40132332
v -0.13507330 0.44857061 -0.39585632
v -0.13612780 0.44791579 -0.40175131
v -0.13612780 0.44640669 -0.39525452
v -0.13317320 0.44691849 -0.39115632
v -0.13249390 0.44898000 -0.39208731
v -0.13612780 0.44640669 -0.39525452
v -0.13249390 0.44898000 -0.39208731
v -0.13507330 0.44857061 -0.39585632
v -0.13507330 0.44857061 -0.39585632
v -0.13249390 0.44898000 -0.39208731
v -0.13128950 0.44999340 -0.39318430
v -0.13507330 0.44857061 -0.39585632
v -0.13128950 0.44999340 -0.39318430
v -0.13249390 0.44995040 -0.39626512
v -0.13612780 0.44791579 -0.40175131
v -0.13507330 0.44857061 -0.39585632
v -0.13249390 0.44995040 -0.39626512
v -0.13612780 0.44791579 -0.40175131
v -0.13249390 0.44995040 -0.39626512
v -0.13317320 0.44944230 -0.40202162
v -0.06575520 0.43456340 -0.38573250
v -0.06586500 0.43211931 -0.38673502
v -0.05720840 0.43210208 -0.38777301
v -0.06575520 0.43456340 -0.38573250
v -0.05720840 0.43210208 -0.38777301
v -0.05690540 0.43444130 -0.38703981
v -0.06586500 0.43211931 -0.38673502
v -0.06592520 0.43026382 -0.38896981
v -0.05745720 0.43042210 -0.38965100
v -0.06586500 0.43211931 -0.38673502
v -0.05745720 0.43042210 -0.38965100
v -0.05720840 0.43210208 -0.38777301
v -0.05720840 0.43210208 -0.38777301
v -0.05745720 0.43042210 -0.38965100
v -0.05321480 0.43065301 -0.39064521
v -0.05720840 0.43210208 -0.38777301
v -0.05321480 0.43065301 -0.39064521
v -0.05201050 0.43191522 -0.38984701
v -0.05690540 0.43444130 -0.38703981
v -0.05720840 0.43210208 -0.38777301
v -0.05201050 0.43191522 -0.38984701
v -0.05690540 0.43444130 -0.38703981
v -0.05201050 0.43191522 -0.38984701
v -0.05133120 0.43414721 -0.38947961
v -0.06575520 0.42752892 -0.39894313
v -0.05690540 0.42799971 -0.39913672
v -0.05720840 0.42915511 -0.39330733
v -0.06575520 0.42752892 -0.39894313
v -0.05720840 0.42915511 -0.39330733
v -0.06586500 0.42881262 -0.39294469
v -0.05690540 0.42799971 -0.39913672
v -0.05133120 0.42890429 -0.39932543
v -0.05201050 0.42989931 -0.39363271
v -0.05690540 0.42799971 -0.39913672
v -0.05201050 0.42989931 -0.39363271
v -0.05720840 0.42915511 -0.39330733
v -0.05720840 0.42915511 -0.39330733
v -0.05201050 0.42989931 -0.39363271
v -0.05321480 0.43065301 -0.39064521
v -0.05720840 0.42915511 -0.39330733
v -0.05321480 0.43065301 -0.39064521
v -0.05745720 0.43042210 -0.38965100
v -0.06586500 0.42881262 -0.39294469
v -0.05720840 0.42915511 -0.39330733
v -0.05745720 0.43042210 -0.38965100
v -0.06586500 0.42881262 -0.39294469
v -0.05745720 0.43042210 -0.38965100
v -0.06592520 0.43026382 -0.38896981
v -0.04707120 0.43273932 -0.39962712
v -0.04837660 0.43358380 -0.39357111
v -0.04943110 0.43133789 -0.39359391
v -0.04707120 0.43273932 -0.39962712
v -0.04943110 0.43133789 -0.39359391
v -0.04837660 0.43044889 -0.39945823
v -0.04837660 0.43358380 -0.39357111
v -0.05133120 0.43414721 -0.38947961
v -0.05201050 0.43191522 -0.38984701
v -0.04837660 0.43358380 -0.39357111
v -0.05201050 0.43191522 -0.38984701
v -0.04943110 0.43133789 -0.39359391
v -0.04943110 0.43133789 -0.39359391
v -0.05201050 0.43191522 -0.38984701
v -0.05321480 0.43065301 -0.39064521
v -0.04943110 0.43133789 -0.39359391
v -0.05321480 0.43065301 -0.39064521
v -0.05201050 0.42989931 -0.39363271
v -0.04837660 0.43044889 -0.39945823
v -0.04943110 0.43133789 -0.39359391
v -0.05201050 0.42989931 -0.39363271
v -0.04837660 0.43044889 -0.39945823
v -0.05201050 0.42989931 -0.39363271
v -0.05133120 0.42890429 -0.39932543
v -0.06575520 0.44748351 -0.38742870
v -0.05690540 0.44726411 -0.38872319
v -0.05720840 0.44933480 -0.39003542
v -0.06575520 0.44748351 -0.38742870
v -0.05720840 0.44933480 -0.39003542
v -0.06586500 0.44958621 -0.38902810
v -0.05690540 0.44726411 -0.38872319
v -0.05133120 0.44691849 -0.39115632
v -0.05201050 0.44898000 -0.39208731
v -0.05690540 0.44726411 -0.38872319
v -0.05201050 0.44898000 -0.39208731
v -0.05720840 0.44933480 -0.39003542
v -0.05720840 0.44933480 -0.39003542
v -0.05201050 0.44898000 -0.39208731
v -0.05321480 0.44999340 -0.39318430
v -0.05720840 0.44933480 -0.39003542
v -0.05321480 0.44999340 -0.39318430
v -0.05745720 0.45047310 -0.39228341
v -0.06586500 0.44958621 -0.38902810
v -0.05720840 0.44933480 -0.39003542
v -0.05745720 0.45047310 -0.39228341
v -0.06586500 0.44958621 -0.38902810
v -0.05745720 0.45047310 -0.39228341
v -0.06592520 0.45080179 -0.39166611
v -0.04707120 0.44565940 -0.40132332
v -0.04837660 0.44791579 -0.40175131
v -0.04943110 0.44857061 -0.39585632
v -0.04707120 0.44565940 -0.40132332
v -0.04943110 0.44857061 -0.39585632
v -0.04837660 0.44640669 -0.39525452
v -0.04837660 0.44791579 -0.40175131
v -0.05133120 0.44944230 -0.40202162
v -0.05201050 0.44995040 -0.39626512
v -0.04837660 0.44791579 -0.40175131
v -0.05201050 0.44995040 -0.39626512
v -0.04943110 0.44857061 -0.39585632
v -0.04943110 0.44857061 -0.39585632
v -0.05201050 0.44995040 -0.39626512
v -0.05321480 0.44999340 -0.39318430
v -0.04943110 0.44857061 -0.39585632
v -0.05321480 0.44999340 -0.39318430
v -0.05201050 0.44898000 -0.39208731
v -0.04837660 0.44640669 -0.39525452
v -0.04943110 0.44857061 -0.39585632
v -0.05201050 0.44898000 -0.39208731
v -0.04837660 0.44640669 -0.39525452
v -0.05201050 0.44898000 -0.39208731
v -0.05133120 0.44691849 -0.39115632
v -0.06575520 0.45086989 -0.40200731
v -0.06586500 0.45117801 -0.39588091
v -0.05720840 0.45075339 -0.39614281
v -0.06575520 0.45086989 -0.40200731
v -0.05720840 0.45075339 -0.39614281
v -0.05690540 0.45036501 -0.40207291
v -0.06586500 0.45117801 -0.39588091
v -0.06592520 0.45080179 -0.39166611
v -0.05745720 0.45047310 -0.39228341
v -0.06586500 0.45117801 -0.39588091
v -0.05745720 0.45047310 -0.39228341
v -0.05720840 0.45075339 -0.39614281
v -0.05720840 0.45075339 -0.39614281
v -0.05745720 0.45047310 -0.39228341
v -0.05321480 0.44999340 -0.39318430
v -0.05720840 0.45075339 -0.39614281
v -0.05321480 0.44999340 -0.39318430
v -0.05201050 0.44995040 -0.39626512
v -0.05690540 0.45036501 -0.40207291
v -0.05720840 0.45075339 -0.39614281
v -0.05201050 0.44995040 -0.39626512
v -0.05690540 0.45036501 -0.40207291
v -0.05201050 0.44995040 -0.39626512
v -0.05133120 0.44944230 -0.40202162
v -0.11881690 0.42381722 -0.42514199
v -0.11884370 0.42494440 -0.41612750
v -0.12780911 0.42550620 -0.41620120
v -0.11881690 0.42381722 -0.42514199
v -0.12780911 0.42550620 -0.41620120
v -0.12776279 0.42437071 -0.42518121
v -0.12776279 0.42437071 -0.42518121
v -0.12780911 0.42550620 -0.41620120
v -0.13354319 0.42650220 -0.41633201
v -0.12776279 0.42437071 -0.42518121
v -0.13354319 0.42650220 -0.41633201
v -0.13348840 0.42536008 -0.42528471
v -0.11884370 0.42494440 -0.41612750
v -0.11882120 0.42622280 -0.40696812
v -0.12776341 0.42676198 -0.40708342
v -0.11884370 0.42494440 -0.41612750
v -0.12776341 0.42676198 -0.40708342
v -0.12780911 0.42550620 -0.41620120
v -0.11882120 0.42622280 -0.40696812
v -0.11874910 0.42752880 -0.39894301
v -0.12759900 0.42799971 -0.39913672
v -0.11882120 0.42622280 -0.40696812
v -0.12759900 0.42799971 -0.39913672
v -0.12776341 0.42676198 -0.40708342
v -0.12776341 0.42676198 -0.40708342
v -0.12759900 0.42799971 -0.39913672
v -0.13317320 0.42890429 -0.39932543
v -0.12776341 0.42676198 -0.40708342
v -0.13317320 0.42890429 -0.39932543
v -0.13346590 0.42773658 -0.40723410
v -0.12780911 0.42550620 -0.41620120
v -0.12776341 0.42676198 -0.40708342
v -0.13346590 0.42773658 -0.40723410
v -0.12780911 0.42550620 -0.41620120
v -0.13346590 0.42773658 -0.40723410
v -0.13354319 0.42650220 -0.41633201
v -0.13354319 0.42650220 -0.41633201
v -0.13346590 0.42773658 -0.40723410
v -0.13656540 0.42932922 -0.40742370
v -0.13354319 0.42650220 -0.41633201
v -0.13656540 0.42932922 -0.40742370
v -0.13667899 0.42810950 -0.41656899
v -0.13346590 0.42773658 -0.40723410
v -0.13317320 0.42890429 -0.39932543
v -0.13612780 0.43044889 -0.39945823
v -0.13346590 0.42773658 -0.40723410
v -0.13612780 0.43044889 -0.39945823
v -0.13656540 0.42932922 -0.40742370
v -0.13656540 0.42932922 -0.40742370
v -0.13612780 0.43044889 -0.39945823
v -0.13743320 0.43273932 -0.39962712
v -0.13656540 0.42932922 -0.40742370
v -0.13743320 0.43273932 -0.39962712
v -0.13799430 0.43164870 -0.40770641
v -0.13667899 0.42810950 -0.41656899
v -0.13656540 0.42932922 -0.40742370
v -0.13799430 0.43164870 -0.40770641
v -0.13667899 0.42810950 -0.41656899
v -0.13799430 0.43164870 -0.40770641
v -0.13813810 0.43044910 -0.41705823
v -0.13348840 0.42536008 -0.42528471
v -0.13354319 0.42650220 -0.41633201
v -0.13667899 0.42810950 -0.41656899
v -0.13348840 0.42536008 -0.42528471
v -0.13667899 0.42810950 -0.41656899
v -0.13661060 0.42695680 -0.42556351
v -0.13661060 0.42695680 -0.42556351
v -0.13667899 0.42810950 -0.41656899
v -0.13813810 0.43044910 -0.41705823
v -0.13661060 0.42695680 -0.42556351
v -0.13813810 0.43044910 -0.41705823
v -0.13804249 0.42926320 -0.42630279
v -0.11874910 0.43456340 -0.38573250
v -0.11882120 0.43767190 -0.38546753
v -0.12776341 0.43749762 -0.38692260
v -0.11874910 0.43456340 -0.38573250
v -0.12776341 0.43749762 -0.38692260
v -0.12759900 0.43444130 -0.38703981
v -0.11882120 0.43767190 -0.38546753
v -0.11884370 0.44113651 -0.38571981
v -0.12780911 0.44093981 -0.38721770
v -0.11882120 0.43767190 -0.38546753
v -0.12780911 0.44093981 -0.38721770
v -0.12776341 0.43749762 -0.38692260
v -0.12776341 0.43749762 -0.38692260
v -0.12780911 0.44093981 -0.38721770
v -0.13354319 0.44059122 -0.38987371
v -0.12776341 0.43749762 -0.38692260
v -0.13354319 0.44059122 -0.38987371
v -0.13346590 0.43716371 -0.38953042
v -0.12759900 0.43444130 -0.38703981
v -0.12776341 0.43749762 -0.38692260
v -0.13346590 0.43716371 -0.38953042
v -0.12759900 0.43444130 -0.38703981
v -0.13346590 0.43716371 -0.38953042
v -0.13317320 0.43414721 -0.38947961
v -0.11884370 0.44113651 -0.38571981
v -0.11882120 0.44454882 -0.38637030
v -0.12776341 0.44434169 -0.38782111
v -0.11884370 0.44113651 -0.38571981
v -0.12776341 0.44434169 -0.38782111
v -0.12780911 0.44093981 -0.38721770
v -0.11882120 0.44454882 -0.38637030
v -0.11874910 0.44748351 -0.38742870
v -0.12759900 0.44726411 -0.38872319
v -0.11882120 0.44454882 -0.38637030
v -0.12759900 0.44726411 -0.38872319
v -0.12776341 0.44434169 -0.38782111
v -0.12776341 0.44434169 -0.38782111
v -0.12759900 0.44726411 -0.38872319
v -0.13317320 0.44691849 -0.39115632
v -0.12776341 0.44434169 -0.38782111
v -0.13317320 0.44691849 -0.39115632
v -0.13346590 0.44399101 -0.39042670
v -0.12780911 0.44093981 -0.38721770
v -0.12776341 0.44434169 -0.38782111
v -0.13346590 0.44399101 -0.39042670
v -0.12780911 0.44093981 -0.38721770
v -0.13346590 0.44399101 -0.39042670
v -0.13354319 0.44059122 -0.38987371
v -0.13354319 0.44059122 -0.38987371
v -0.13346590 0.44399101 -0.39042670
v -0.13656551 0.44344300 -0.39466631
v -0.13354319 0.44059122 -0.38987371
v -0.13656551 0.44344300 -0.39466631
v -0.13667931 0.44002929 -0.39415380
v -0.13346590 0.44399101 -0.39042670
v -0.13317320 0.44691849 -0.39115632
v -0.13612780 0.44640669 -0.39525452
v -0.13346590 0.44399101 -0.39042670
v -0.13612780 0.44640669 -0.39525452
v -0.13656551 0.44344300 -0.39466631
v -0.13656551 0.44344300 -0.39466631
v -0.13612780 0.44640669 -0.39525452
v -0.13743320 0.44565940 -0.40132332
v -0.13656551 0.44344300 -0.39466631
v -0.13743320 0.44565940 -0.40132332
v -0.13799471 0.44265011 -0.40083301
v -0.13667931 0.44002929 -0.39415380
v -0.13656551 0.44344300 -0.39466631
v -0.13799471 0.44265011 -0.40083301
v -0.13667931 0.44002929 -0.39415380
v -0.13799471 0.44265011 -0.40083301
v -0.13814080 0.43921599 -0.40034890
v -0.13317320 0.43414721 -0.38947961
v -0.13346590 0.43716371 -0.38953042
v -0.13656551 0.43659890 -0.39376780
v -0.13317320 0.43414721 -0.38947961
v -0.13656551 0.43659890 -0.39376780
v -0.13612780 0.43358380 -0.39357111
v -0.13346590 0.43716371 -0.38953042
v -0.13354319 0.44059122 -0.38987371
v -0.13667931 0.44002929 -0.39415380
v -0.13346590 0.43716371 -0.38953042
v -0.13667931 0.44002929 -0.39415380
v -0.13656551 0.43659890 -0.39376780
v -0.13656551 0.43659890 -0.39376780
v -0.13667931 0.44002929 -0.39415380
v -0.13814080 0.43921599 -0.40034890
v -0.13656551 0.43659890 -0.39376780
v -0.13814080 0.43921599 -0.40034890
v -0.13799471 0.43577319 -0.39993021
v -0.13612780 0.43358380 -0.39357111
v -0.13656551 0.43659890 -0.39376780
v -0.13799471 0.43577319 -0.39993021
v -0.13612780 0.43358380 -0.39357111
v -0.13799471 0.43577319 -0.39993021
v -0.13743320 0.43273932 -0.39962712
v -0.11874910 0.45086989 -0.40200731
v -0.11881750 0.45004159 -0.41022491
v -0.12776349 0.44948789 -0.41021541
v -0.11874910 0.45086989 -0.40200731
v -0.12776349 0.44948789 -0.41021541
v -0.12759900 0.45036501 -0.40207291
v -0.11881750 0.45004159 -0.41022491
v -0.11881370 0.44878259 -0.42029551
v -0.12781000 0.44819620 -0.42036781
v -0.11881750 0.45004159 -0.41022491
v -0.12781000 0.44819620 -0.42036781
v -0.12776349 0.44948789 -0.41021541
v -0.12776349 0.44948789 -0.41021541
v -0.12781000 0.44819620 -0.42036781
v -0.13357849 0.44721252 -0.41985512
v -0.12776349 0.44948789 -0.41021541
v -0.13357849 0.44721252 -0.41985512
v -0.13347030 0.44850901 -0.41006172
v -0.12759900 0.45036501 -0.40207291
v -0.12776349 0.44948789 -0.41021541
v -0.13347030 0.44850901 -0.41006172
v -0.12759900 0.45036501 -0.40207291
v -0.13347030 0.44850901 -0.41006172
v -0.13317320 0.44944230 -0.40202162
v -0.13357849 0.44721252 -0.41985512
v -0.12781000 0.44819620 -0.42036781
v -0.12816310 0.44648120 -0.43276173
v -0.13357849 0.44721252 -0.41985512
v -0.12816310 0.44648120 -0.43276173
v -0.13375150 0.44582331 -0.42946720
v -0.11881370 0.44878259 -0.42029551
v -0.11904170 0.44741520 -0.43025151
v -0.12816310 0.44648120 -0.43276173
v -0.11881370 0.44878259 -0.42029551
v -0.12816310 0.44648120 -0.43276173
v -0.12781000 0.44819620 -0.42036781
v -0.12006220 0.44685289 -0.43423653
v -0.12328430 0.44652939 -0.43533561
v -0.12816310 0.44648120 -0.43276173
v -0.12006220 0.44685289 -0.43423653
v -0.12816310 0.44648120 -0.43276173
v -0.11904170 0.44741520 -0.43025151
v -0.13426851 0.44511881 -0.43365261
v -0.13375150 0.44582331 -0.42946720
v -0.12816310 0.44648120 -0.43276173
v -0.13426851 0.44511881 -0.43365261
v -0.12816310 0.44648120 -0.43276173
v -0.13277940 0.44514561 -0.43513149
v -0.13813689 0.44102660 -0.43284971
v -0.13817149 0.44190529 -0.42831743
v -0.13705149 0.44366699 -0.43131101
v -0.13813689 0.44102660 -0.43284971
v -0.13705149 0.44366699 -0.43131101
v -0.13779090 0.44161221 -0.43455091
v -0.13817319 0.44330710 -0.41903260
v -0.13675700 0.44553220 -0.41972780
v -0.13705149 0.44366699 -0.43131101
v -0.13817319 0.44330710 -0.41903260
v -0.13705149 0.44366699 -0.43131101
v -0.13817149 0.44190529 -0.42831743
v -0.13357849 0.44721252 -0.41985512
v -0.13375150 0.44582331 -0.42946720
v -0.13705149 0.44366699 -0.43131101
v -0.13357849 0.44721252 -0.41985512
v -0.13705149 0.44366699 -0.43131101
v -0.13675700 0.44553220 -0.41972780
v -0.13426851 0.44511881 -0.43365261
v -0.13576110 0.44410250 -0.43478382
v -0.13705149 0.44366699 -0.43131101
v -0.13426851 0.44511881 -0.43365261
v -0.13705149 0.44366699 -0.43131101
v -0.13375150 0.44582331 -0.42946720
v -0.13317320 0.44944230 -0.40202162
v -0.13347030 0.44850901 -0.41006172
v -0.13657521 0.44691309 -0.40984100
v -0.13317320 0.44944230 -0.40202162
v -0.13657521 0.44691309 -0.40984100
v -0.13612780 0.44791579 -0.40175131
v -0.13347030 0.44850901 -0.41006172
v -0.13357849 0.44721252 -0.41985512
v -0.13675700 0.44553220 -0.41972780
v -0.13347030 0.44850901 -0.41006172
v -0.13675700 0.44553220 -0.41972780
v -0.13657521 0.44691309 -0.40984100
v -0.13657521 0.44691309 -0.40984100
v -0.13675700 0.44553220 -0.41972780
v -0.13817319 0.44330710 -0.41903260
v -0.13657521 0.44691309 -0.40984100
v -0.13817319 0.44330710 -0.41903260
v -0.13799870 0.44461942 -0.40944502
v -0.13612780 0.44791579 -0.40175131
v -0.13657521 0.44691309 -0.40984100
v -0.13799870 0.44461942 -0.40944502
v -0.13612780 0.44791579 -0.40175131
v -0.13799870 0.44461942 -0.40944502
v -0.13743320 0.44565940 -0.40132332
v -0.11874910 0.44748351 -0.38742870
v -0.10646390 0.44760549 -0.38677162
v -0.10643280 0.44972649 -0.38852802
v -0.11874910 0.44748351 -0.38742870
v -0.10643280 0.44972649 -0.38852802
v -0.11863930 0.44958609 -0.38902810
v -0.10646390 0.44760549 -0.38677162
v -0.09225220 0.44764391 -0.38657412
v -0.09225220 0.44977039 -0.38837701
v -0.10646390 0.44760549 -0.38677162
v -0.09225220 0.44977039 -0.38837701
v -0.10643280 0.44972649 -0.38852802
v -0.10643280 0.44972649 -0.38852802
v -0.09225220 0.44977039 -0.38837701
v -0.09225220 0.45102680 -0.39124370
v -0.10643280 0.44972649 -0.38852802
v -0.09225220 0.45102680 -0.39124370
v -0.10641660 0.45097369 -0.39134341
v -0.11863930 0.44958609 -0.38902810
v -0.10643280 0.44972649 -0.38852802
v -0.10641660 0.45097369 -0.39134341
v -0.11863930 0.44958609 -0.38902810
v -0.10641660 0.45097369 -0.39134341
v -0.11857920 0.45080179 -0.39166611
v -0.09225220 0.44764391 -0.38657412
v -0.07804050 0.44760549 -0.38677162
v -0.07807160 0.44972649 -0.38852802
v -0.09225220 0.44764391 -0.38657412
v -0.07807160 0.44972649 -0.38852802
v -0.09225220 0.44977039 -0.38837701
v -0.07804050 0.44760549 -0.38677162
v -0.06575520 0.44748351 -0.38742870
v -0.06586500 0.44958621 -0.38902810
v -0.07804050 0.44760549 -0.38677162
v -0.06586500 0.44958621 -0.38902810
v -0.07807160 0.44972649 -0.38852802
v -0.07807160 0.44972649 -0.38852802
v -0.06586500 0.44958621 -0.38902810
v -0.06592520 0.45080179 -0.39166611
v -0.07807160 0.44972649 -0.38852802
v -0.06592520 0.45080179 -0.39166611
v -0.07808780 0.45097369 -0.39134341
v -0.09225220 0.44977039 -0.38837701
v -0.07807160 0.44972649 -0.38852802
v -0.07808780 0.45097369 -0.39134341
v -0.09225220 0.44977039 -0.38837701
v -0.07808780 0.45097369 -0.39134341
v -0.09225220 0.45102680 -0.39124370
v -0.09225220 0.45102680 -0.39124370
v -0.07808780 0.45097369 -0.39134341
v -0.07807160 0.45139480 -0.39571023
v -0.09225220 0.45102680 -0.39124370
v -0.07807160 0.45139480 -0.39571023
v -0.09225220 0.45146090 -0.39565450
v -0.07808780 0.45097369 -0.39134341
v -0.06592520 0.45080179 -0.39166611
v -0.06586500 0.45117801 -0.39588091
v -0.07808780 0.45097369 -0.39134341
v -0.06586500 0.45117801 -0.39588091
v -0.07807160 0.45139480 -0.39571023
v -0.07807160 0.45139480 -0.39571023
v -0.06586500 0.45117801 -0.39588091
v -0.06575520 0.45086989 -0.40200731
v -0.07807160 0.45139480 -0.39571023
v -0.06575520 0.45086989 -0.40200731
v -0.07804050 0.45113030 -0.40194631
v -0.09225220 0.45146090 -0.39565450
v -0.07807160 0.45139480 -0.39571023
v -0.07804050 0.45113030 -0.40194631
v -0.09225220 0.45146090 -0.39565450
v -0.07804050 0.45113030 -0.40194631
v -0.09225220 0.45120931 -0.40192342
v -0.11857920 0.45080179 -0.39166611
v -0.10641660 0.45097369 -0.39134341
v -0.10643280 0.45139480 -0.39571023
v -0.11857920 0.45080179 -0.39166611
v -0.10643280 0.45139480 -0.39571023
v -0.11863930 0.45117790 -0.39588091
v -0.10641660 0.45097369 -0.39134341
v -0.09225220 0.45102680 -0.39124370
v -0.09225220 0.45146090 -0.39565450
v -0.10641660 0.45097369 -0.39134341
v -0.09225220 0.45146090 -0.39565450
v -0.10643280 0.45139480 -0.39571023
v -0.10643280 0.45139480 -0.39571023
v -0.09225220 0.45146090 -0.39565450
v -0.09225220 0.45120931 -0.40192342
v -0.10643280 0.45139480 -0.39571023
v -0.09225220 0.45120931 -0.40192342
v -0.10646390 0.45113030 -0.40194631
v -0.11863930 0.45117790 -0.39588091
v -0.10643280 0.45139480 -0.39571023
v -0.10646390 0.45113030 -0.40194631
v -0.11863930 0.45117790 -0.39588091
v -0.10646390 0.45113030 -0.40194631
v -0.11874910 0.45086989 -0.40200731
v -0.04707120 0.44565940 -0.40132332
v -0.04650880 0.44462809 -0.40946001
v -0.04793430 0.44692022 -0.40984240
v -0.04707120 0.44565940 -0.40132332
v -0.04793430 0.44692022 -0.40984240
v -0.04837660 0.44791579 -0.40175131
v -0.04650880 0.44462809 -0.40946001
v -0.04635630 0.44337630 -0.41915190
v -0.04778840 0.44558829 -0.41973871
v -0.04650880 0.44462809 -0.40946001
v -0.04778840 0.44558829 -0.41973871
v -0.04793430 0.44692022 -0.40984240
v -0.04793430 0.44692022 -0.40984240
v -0.04778840 0.44558829 -0.41973871
v -0.05094740 0.44722930 -0.41989082
v -0.04793430 0.44692022 -0.40984240
v -0.05094740 0.44722930 -0.41989082
v -0.05103680 0.44851109 -0.41006613
v -0.04837660 0.44791579 -0.40175131
v -0.04793430 0.44692022 -0.40984240
v -0.05103680 0.44851109 -0.41006613
v -0.04837660 0.44791579 -0.40175131
v -0.05103680 0.44851109 -0.41006613
v -0.05133120 0.44944230 -0.40202162
v -0.05001930 0.44522712 -0.43369031
v -0.05075940 0.44588241 -0.42954630
v -0.04756060 0.44386262 -0.43129730
v -0.05001930 0.44522712 -0.43369031
v -0.04756060 0.44386262 -0.43129730
v -0.04859100 0.44437021 -0.43465179
v -0.05094740 0.44722930 -0.41989082
v -0.04778840 0.44558829 -0.41973871
v -0.04756060 0.44386262 -0.43129730
v -0.05094740 0.44722930 -0.41989082
v -0.04756060 0.44386262 -0.43129730
v -0.05075940 0.44588241 -0.42954630
v -0.04635630 0.44337630 -0.41915190
v -0.04637830 0.44215330 -0.42858332
v -0.04756060 0.44386262 -0.43129730
v -0.04635630 0.44337630 -0.41915190
v -0.04756060 0.44386262 -0.43129730
v -0.04778840 0.44558829 -0.41973871
v -0.04631620 0.44152799 -0.43298912
v -0.04653560 0.44181910 -0.43451181
v -0.04756060 0.44386262 -0.43129730
v -0.04631620 0.44152799 -0.43298912
v -0.04756060 0.44386262 -0.43129730
v -0.04637830 0.44215330 -0.42858332
v -0.04810560 0.44393009 -0.43503493
v -0.04859100 0.44437021 -0.43465179
v -0.04756060 0.44386262 -0.43129730
v -0.04810560 0.44393009 -0.43503493
v -0.04756060 0.44386262 -0.43129730
v -0.04778450 0.44353500 -0.43501443
v -0.06568990 0.44877979 -0.42031312
v -0.05670480 0.44818571 -0.42045751
v -0.05634660 0.44644260 -0.43314409
v -0.06568990 0.44877979 -0.42031312
v -0.05634660 0.44644260 -0.43314409
v -0.06555680 0.44741270 -0.43029159
v -0.05094740 0.44722930 -0.41989082
v -0.05075940 0.44588241 -0.42954630
v -0.05634660 0.44644260 -0.43314409
v -0.05094740 0.44722930 -0.41989082
v -0.05634660 0.44644260 -0.43314409
v -0.05670480 0.44818571 -0.42045751
v -0.05001930 0.44522712 -0.43369031
v -0.05104970 0.44510970 -0.43519753
v -0.05634660 0.44644260 -0.43314409
v -0.05001930 0.44522712 -0.43369031
v -0.05634660 0.44644260 -0.43314409
v -0.05075940 0.44588241 -0.42954630
v -0.06492470 0.44686779 -0.43426171
v -0.06555680 0.44741270 -0.43029159
v -0.05634660 0.44644260 -0.43314409
v -0.06492470 0.44686779 -0.43426171
v -0.05634660 0.44644260 -0.43314409
v -0.06198350 0.44655490 -0.43542930
v -0.05133120 0.44944230 -0.40202162
v -0.05103680 0.44851109 -0.41006613
v -0.05674220 0.44948670 -0.41022661
v -0.05133120 0.44944230 -0.40202162
v -0.05674220 0.44948670 -0.41022661
v -0.05690540 0.45036501 -0.40207291
v -0.05103680 0.44851109 -0.41006613
v -0.05094740 0.44722930 -0.41989082
v -0.05670480 0.44818571 -0.42045751
v -0.05103680 0.44851109 -0.41006613
v -0.05670480 0.44818571 -0.42045751
v -0.05674220 0.44948670 -0.41022661
v -0.05674220 0.44948670 -0.41022661
v -0.05670480 0.44818571 -0.42045751
v -0.06568990 0.44877979 -0.42031312
v -0.05674220 0.44948670 -0.41022661
v -0.06568990 0.44877979 -0.42031312
v -0.06568680 0.45004129 -0.41022712
v -0.05690540 0.45036501 -0.40207291
v -0.05674220 0.44948670 -0.41022661
v -0.06568680 0.45004129 -0.41022712
v -0.05690540 0.45036501 -0.40207291
v -0.06568680 0.45004129 -0.41022712
v -0.06575520 0.45086989 -0.40200731
v -0.06575520 0.44748351 -0.38742870
v -0.06568310 0.44454882 -0.38637030
v -0.05674100 0.44434169 -0.38782111
v -0.06575520 0.44748351 -0.38742870
v -0.05674100 0.44434169 -0.38782111
v -0.05690540 0.44726411 -0.38872319
v -0.06568310 0.44454882 -0.38637030
v -0.06566060 0.44113651 -0.38571981
v -0.05669530 0.44093981 -0.38721770
v -0.06568310 0.44454882 -0.38637030
v -0.05669530 0.44093981 -0.38721770
v -0.05674100 0.44434169 -0.38782111
v -0.05674100 0.44434169 -0.38782111
v -0.05669530 0.44093981 -0.38721770
v -0.05096110 0.44059122 -0.38987371
v -0.05674100 0.44434169 -0.38782111
v -0.05096110 0.44059122 -0.38987371
v -0.05103850 0.44399109 -0.39042670
v -0.05690540 0.44726411 -0.38872319
v -0.05674100 0.44434169 -0.38782111
v -0.05103850 0.44399109 -0.39042670
v -0.05690540 0.44726411 -0.38872319
v -0.05103850 0.44399109 -0.39042670
v -0.05133120 0.44691849 -0.39115632
v -0.06566060 0.44113651 -0.38571981
v -0.06568310 0.43767199 -0.38546753
v -0.05674100 0.43749762 -0.38692260
v -0.06566060 0.44113651 -0.38571981
v -0.05674100 0.43749762 -0.38692260
v -0.05669530 0.44093981 -0.38721770
v -0.06568310 0.43767199 -0.38546753
v -0.06575520 0.43456340 -0.38573250
v -0.05690540 0.43444130 -0.38703981
v -0.06568310 0.43767199 -0.38546753
v -0.05690540 0.43444130 -0.38703981
v -0.05674100 0.43749762 -0.38692260
v -0.05674100 0.43749762 -0.38692260
v -0.05690540 0.43444130 -0.38703981
v -0.05133120 0.43414721 -0.38947961
v -0.05674100 0.43749762 -0.38692260
v -0.05133120 0.43414721 -0.38947961
v -0.05103850 0.43716380 -0.38953042
v -0.05669530 0.44093981 -0.38721770
v -0.05674100 0.43749762 -0.38692260
v -0.05103850 0.43716380 -0.38953042
v -0.05669530 0.44093981 -0.38721770
v -0.05103850 0.43716380 -0.38953042
v -0.05096110 0.44059122 -0.38987371
v -0.05096110 0.44059122 -0.38987371
v -0.05103850 0.43716380 -0.38953042
v -0.04793890 0.43659902 -0.39376780
v -0.05096110 0.44059122 -0.38987371
v -0.04793890 0.43659902 -0.39376780
v -0.04782510 0.44002929 -0.39415380
v -0.05103850 0.43716380 -0.38953042
v -0.05133120 0.43414721 -0.38947961
v -0.04837660 0.43358380 -0.39357111
v -0.05103850 0.43716380 -0.38953042
v -0.04837660 0.43358380 -0.39357111
v -0.04793890 0.43659902 -0.39376780
v -0.04793890 0.43659902 -0.39376780
v -0.04837660 0.43358380 -0.39357111
v -0.04707120 0.43273932 -0.39962712
v -0.04793890 0.43659902 -0.39376780
v -0.04707120 0.43273932 -0.39962712
v -0.04650970 0.43577331 -0.39993021
v -0.04782510 0.44002929 -0.39415380
v -0.04793890 0.43659902 -0.39376780
v -0.04650970 0.43577331 -0.39993021
v -0.04782510 0.44002929 -0.39415380
v -0.04650970 0.43577331 -0.39993021
v -0.04636360 0.43921599 -0.40034890
v -0.05133120 0.44691849 -0.39115632
v -0.05103850 0.44399109 -0.39042670
v -0.04793890 0.44344300 -0.39466631
v -0.05133120 0.44691849 -0.39115632
v -0.04793890 0.44344300 -0.39466631
v -0.04837660 0.44640669 -0.39525452
v -0.05103850 0.44399109 -0.39042670
v -0.05096110 0.44059122 -0.38987371
v -0.04782510 0.44002929 -0.39415380
v -0.05103850 0.44399109 -0.39042670
v -0.04782510 0.44002929 -0.39415380
v -0.04793890 0.44344300 -0.39466631
v -0.04793890 0.44344300 -0.39466631
v -0.04782510 0.44002929 -0.39415380
v -0.04636360 0.43921599 -0.40034890
v -0.04793890 0.44344300 -0.39466631
v -0.04636360 0.43921599 -0.40034890
v -0.04650970 0.44265011 -0.40083301
v -0.04837660 0.44640669 -0.39525452
v -0.04793890 0.44344300 -0.39466631
v -0.04650970 0.44265011 -0.40083301
v -0.04837660 0.44640669 -0.39525452
v -0.04650970 0.44265011 -0.40083301
v -0.04707120 0.44565940 -0.40132332
v -0.06575520 0.42752892 -0.39894313
v -0.06568310 0.42622292 -0.40696812
v -0.05674100 0.42676198 -0.40708342
v -0.06575520 0.42752892 -0.39894313
v -0.05674100 0.42676198 -0.40708342
v -0.05690540 0.42799971 -0.39913672
v -0.06568310 0.42622292 -0.40696812
v -0.06566060 0.42494452 -0.41612750
v -0.05669530 0.42550620 -0.41620120
v -0.06568310 0.42622292 -0.40696812
v -0.05669530 0.42550620 -0.41620120
v -0.05674100 0.42676198 -0.40708342
v -0.05674100 0.42676198 -0.40708342
v -0.05669530 0.42550620 -0.41620120
v -0.05096110 0.42650220 -0.41633201
v -0.05674100 0.42676198 -0.40708342
v -0.05096110 0.42650220 -0.41633201
v -0.05103850 0.42773658 -0.40723410
v -0.05690540 0.42799971 -0.39913672
v -0.05674100 0.42676198 -0.40708342
v -0.05103850 0.42773658 -0.40723410
v -0.05690540 0.42799971 -0.39913672
v -0.05103850 0.42773658 -0.40723410
v -0.05133120 0.42890429 -0.39932543
v -0.06566060 0.42494452 -0.41612750
v -0.06568700 0.42381752 -0.42514181
v -0.05674020 0.42437112 -0.42518091
v -0.06566060 0.42494452 -0.41612750
v -0.05674020 0.42437112 -0.42518091
v -0.05669530 0.42550620 -0.41620120
v -0.05669530 0.42550620 -0.41620120
v -0.05674020 0.42437112 -0.42518091
v -0.05101400 0.42536151 -0.42528242
v -0.05669530 0.42550620 -0.41620120
v -0.05101400 0.42536151 -0.42528242
v -0.05096110 0.42650220 -0.41633201
v -0.05096110 0.42650220 -0.41633201
v -0.05101400 0.42536151 -0.42528242
v -0.04789190 0.42696279 -0.42562601
v -0.05096110 0.42650220 -0.41633201
v -0.04789190 0.42696279 -0.42562601
v -0.04782580 0.42811221 -0.41659901
v -0.04782580 0.42811221 -0.41659901
v -0.04789190 0.42696279 -0.42562601
v -0.04646900 0.42928910 -0.42683733
v -0.04782580 0.42811221 -0.41659901
v -0.04646900 0.42928910 -0.42683733
v -0.04636940 0.43046999 -0.41729841
v -0.05133120 0.42890429 -0.39932543
v -0.05103850 0.42773658 -0.40723410
v -0.04793900 0.42932960 -0.40742743
v -0.05133120 0.42890429 -0.39932543
v -0.04793900 0.42932960 -0.40742743
v -0.04837660 0.43044889 -0.39945823
v -0.05103850 0.42773658 -0.40723410
v -0.05096110 0.42650220 -0.41633201
v -0.04782580 0.42811221 -0.41659901
v -0.05103850 0.42773658 -0.40723410
v -0.04782580 0.42811221 -0.41659901
v -0.04793900 0.42932960 -0.40742743
v -0.04793900 0.42932960 -0.40742743
v -0.04782580 0.42811221 -0.41659901
v -0.04636940 0.43046999 -0.41729841
v -0.04793900 0.42932960 -0.40742743
v -0.04636940 0.43046999 -0.41729841
v -0.04651040 0.43165141 -0.40773651
v -0.04837660 0.43044889 -0.39945823
v -0.04793900 0.42932960 -0.40742743
v -0.04651040 0.43165141 -0.40773651
v -0.04837660 0.43044889 -0.39945823
v -0.04651040 0.43165141 -0.40773651
v -0.04707120 0.43273932 -0.39962712
v -0.06575520 0.43456340 -0.38573250
v -0.07804050 0.43461519 -0.38506621
v -0.07807160 0.43211281 -0.38621572
v -0.06575520 0.43456340 -0.38573250
v -0.07807160 0.43211281 -0.38621572
v -0.06586500 0.43211931 -0.38673502
v -0.07804050 0.43461519 -0.38506621
v -0.09225220 0.43462908 -0.38486552
v -0.09225220 0.43210930 -0.38605842
v -0.07804050 0.43461519 -0.38506621
v -0.09225220 0.43210930 -0.38605842
v -0.07807160 0.43211281 -0.38621572
v -0.07807160 0.43211281 -0.38621572
v -0.09225220 0.43210930 -0.38605842
v -0.09225220 0.43015561 -0.38850361
v -0.07807160 0.43211281 -0.38621572
v -0.09225220 0.43015561 -0.38850361
v -0.07808780 0.43018109 -0.38861370
v -0.06586500 0.43211931 -0.38673502
v -0.07807160 0.43211281 -0.38621572
v -0.07808780 0.43018109 -0.38861370
v -0.06586500 0.43211931 -0.38673502
v -0.07808780 0.43018109 -0.38861370
v -0.06592520 0.43026382 -0.38896981
v -0.09225220 0.43462908 -0.38486552
v -0.10646390 0.43461519 -0.38506621
v -0.10643280 0.43211281 -0.38621572
v -0.09225220 0.43462908 -0.38486552
v -0.10643280 0.43211281 -0.38621572
v -0.09225220 0.43210930 -0.38605842
v -0.10646390 0.43461519 -0.38506621
v -0.11874910 0.43456340 -0.38573250
v -0.11863930 0.43211931 -0.38673502
v -0.10646390 0.43461519 -0.38506621
v -0.11863930 0.43211931 -0.38673502
v -0.10643280 0.43211281 -0.38621572
v -0.10643280 0.43211281 -0.38621572
v -0.11863930 0.43211931 -0.38673502
v -0.11857920 0.43026382 -0.38896981
v -0.10643280 0.43211281 -0.38621572
v -0.11857920 0.43026382 -0.38896981
v -0.10641660 0.43018109 -0.38861370
v -0.09225220 0.43210930 -0.38605842
v -0.10643280 0.43211281 -0.38621572
v -0.10641660 0.43018109 -0.38861370
v -0.09225220 0.43210930 -0.38605842
v -0.10641660 0.43018109 -0.38861370
v -0.09225220 0.43015561 -0.38850361
v -0.09225220 0.43015561 -0.38850361
v -0.10641660 0.43018109 -0.38861370
v -0.10643280 0.42864722 -0.39272380
v -0.09225220 0.43015561 -0.38850361
v -0.10643280 0.42864722 -0.39272380
v -0.09225220 0.42859769 -0.39265302
v -0.10641660 0.43018109 -0.38861370
v -0.11857920 0.43026382 -0.38896981
v -0.11863930 0.42881262 -0.39294481
v -0.10641660 0.43018109 -0.38861370
v -0.11863930 0.42881262 -0.39294481
v -0.10643280 0.42864722 -0.39272380
v -0.10643280 0.42864722 -0.39272380
v -0.11863930 0.42881262 -0.39294481
v -0.11874910 0.42752880 -0.39894301
v -0.10643280 0.42864722 -0.39272380
v -0.11874910 0.42752880 -0.39894301
v -0.10646380 0.42729300 -0.39881691
v -0.09225220 0.42859769 -0.39265302
v -0.10643280 0.42864722 -0.39272380
v -0.10646380 0.42729300 -0.39881691
v -0.09225220 0.42859769 -0.39265302
v -0.10646380 0.42729300 -0.39881691
v -0.09225220 0.42722261 -0.39877442
v -0.06592520 0.43026382 -0.38896981
v -0.07808780 0.43018109 -0.38861370
v -0.07807160 0.42864722 -0.39272380
v -0.06592520 0.43026382 -0.38896981
v -0.07807160 0.42864722 -0.39272380
v -0.06586500 0.42881262 -0.39294469
v -0.07808780 0.43018109 -0.38861370
v -0.09225220 0.43015561 -0.38850361
v -0.09225220 0.42859769 -0.39265302
v -0.07808780 0.43018109 -0.38861370
v -0.09225220 0.42859769 -0.39265302
v -0.07807160 0.42864722 -0.39272380
v -0.07807160 0.42864722 -0.39272380
v -0.09225220 0.42859769 -0.39265302
v -0.09225220 0.42722261 -0.39877442
v -0.07807160 0.42864722 -0.39272380
v -0.09225220 0.42722261 -0.39877442
v -0.07804050 0.42729300 -0.39881691
v -0.06586500 0.42881262 -0.39294469
v -0.07807160 0.42864722 -0.39272380
v -0.07804050 0.42729300 -0.39881691
v -0.06586500 0.42881262 -0.39294469
v -0.07804050 0.42729300 -0.39881691
v -0.06575520 0.42752892 -0.39894313
vn 0.02394121 -0.99199903 0.12395471
vn 0.02394121 -0.99199903 0.12395471
vn 0.02394121 -0.99199903 0.12395471
vn 0.02320846 -0.99213892 0.12297049
vn 0.02320846 -0.99213892 0.12297050
vn 0.02320846 -0.99213892 0.12297050
vn 0.00630948 -0.99238241 0.12303410
vn 0.00630948 -0.99238241 0.12303410
vn 0.00630948 -0.99238241 0.12303410
vn 0.00615421 -0.99241310 0.12279383
vn 0.00615421 -0.99241310 0.12279382
vn 0.00615421 -0.99241310 0.12279382
vn 0.02311195 -0.99012744 0.13825132
vn 0.02311195 -0.99012744 0.13825133
vn 0.02311195 -0.99012744 0.13825133
vn 0.02394064 -0.98995489 0.13934191
vn 0.02394064 -0.98995489 0.13934189
vn 0.02394064 -0.98995489 0.13934189
vn 0.02059104 -0.98677641 0.16077408
vn 0.02059104 -0.98677641 0.16077410
vn 0.02059104 -0.98677641 0.16077408
vn 0.02317411 -0.98608816 0.16459973
vn 0.02317411 -0.98608816 0.16459972
vn 0.02317411 -0.98608816 0.16459972
vn 0.00537778 -0.98634720 0.16459118
vn 0.00537778 -0.98634720 0.16459116
vn 0.00537778 -0.98634720 0.16459116
vn 0.00608366 -0.98614132 0.16579597
vn 0.00608366 -0.98614132 0.16579597
vn 0.00608366 -0.98614132 0.16579595
vn 0.00606217 -0.99022281 0.13936286
vn 0.00606217 -0.99022281 0.13936286
vn 0.00606217 -0.99022281 0.13936289
vn 0.00630935 -0.99016845 0.13973773
vn 0.00630935 -0.99016845 0.13973773
vn 0.00630935 -0.99016845 0.13973771
vn -0.00606246 -0.99016994 0.13973795
vn -0.00606246 -0.99016994 0.13973795
vn -0.00606246 -0.99016994 0.13973793
vn -0.00630936 -0.99022126 0.13936284
vn -0.00630936 -0.99022126 0.13936283
vn -0.00630936 -0.99022126 0.13936283
vn -0.00538035 -0.98614526 0.16579664
vn -0.00538035 -0.98614532 0.16579662
vn -0.00538035 -0.98614532 0.16579661
vn -0.00608273 -0.98634291 0.16459250
vn -0.00608273 -0.98634291 0.16459252
vn -0.00608273 -0.98634291 0.16459252
vn -0.02061824 -0.98614460 0.16460171
vn -0.02061824 -0.98614460 0.16460171
vn -0.02061823 -0.98614460 0.16460170
vn -0.02317443 -0.98671895 0.16077513
vn -0.02317443 -0.98671895 0.16077513
vn -0.02317443 -0.98671895 0.16077514
vn -0.02312321 -0.98997408 0.13934360
vn -0.02312321 -0.98997408 0.13934360
vn -0.02312321 -0.98997408 0.13934360
vn -0.02394070 -0.99010634 0.13826171
vn -0.02394070 -0.99010634 0.13826171
vn -0.02394070 -0.99010634 0.13826169
vn -0.00630946 -0.99241179 0.12279657
vn -0.00630946 -0.99241179 0.12279656
vn -0.00630946 -0.99241179 0.12279657
vn -0.00612770 -0.99237806 0.12307823
vn -0.00612770 -0.99237806 0.12307823
vn -0.00612770 -0.99237806 0.12307823
vn -0.02394088 -0.99211532 0.12302061
vn -0.02394088 -0.99211532 0.12302063
vn -0.02394088 -0.99211532 0.12302062
vn -0.02324289 -0.99201465 0.12396243
vn -0.02324290 -0.99201465 0.12396245
vn -0.02324289 -0.99201465 0.12396243
vn 0.98141360 0.18990649 -0.02762052
vn 0.98141360 0.18990649 -0.02762052
vn 0.98141360 0.18990648 -0.02762052
vn 0.98359388 0.17607388 -0.03925700
vn 0.98359388 0.17607389 -0.03925700
vn 0.98359388 0.17607389 -0.03925700
vn 0.97777843 0.20627929 -0.03739262
vn 0.97777843 0.20627928 -0.03739262
vn 0.97777843 0.20627929 -0.03739262
vn 0.98092419 0.19179374 -0.03166918
vn 0.98092419 0.19179372 -0.03166917
vn 0.98092419 0.19179372 -0.03166917
vn 0.99797273 0.06072633 -0.01904607
vn 0.99797273 0.06072634 -0.01904607
vn 0.99797273 0.06072634 -0.01904607
vn 0.99848300 0.05094921 -0.02087799
vn 0.99848300 0.05094921 -0.02087799
vn 0.99848300 0.05094921 -0.02087799
vn 0.99807668 0.04492236 -0.04271972
vn 0.99807668 0.04492236 -0.04271972
vn 0.99807668 0.04492237 -0.04271972
vn 0.97938532 0.20161140 -0.01253901
vn 0.97938532 0.20161138 -0.01253901
vn 0.97938532 0.20161140 -0.01253901
vn 0.97794408 0.20856515 -0.01122432
vn 0.97794408 0.20856515 -0.01122432
vn 0.97794408 0.20856515 -0.01122432
vn 0.98081267 0.19007191 0.04334925
vn 0.98081267 0.19007191 0.04334925
vn 0.98081267 0.19007191 0.04334925
vn 0.97667760 0.20932879 0.04777346
vn 0.97667760 0.20932876 0.04777346
vn 0.97667760 0.20932877 0.04777346
vn 0.99622405 0.05216961 0.06939732
vn 0.99622405 0.05216961 0.06939732
vn 0.99622405 0.05216961 0.06939732
vn 0.99576086 0.05838491 0.07107406
vn 0.99576086 0.05838491 0.07107405
vn 0.99576086 0.05838491 0.07107405
vn 0.99872494 0.04978396 0.00837306
vn 0.99872494 0.04978396 0.00837306
vn 0.99872494 0.04978396 0.00837306
vn 0.99838233 0.05601890 0.00972587
vn 0.99838233 0.05601891 0.00972587
vn 0.99838233 0.05601891 0.00972587
vn 0.99873847 -0.04527114 0.02172639
vn 0.99873847 -0.04527114 0.02172639
vn 0.99873847 -0.04527114 0.02172638
vn 0.99865431 -0.04729955 0.02126908
vn 0.99865431 -0.04729954 0.02126908
vn 0.99865431 -0.04729955 0.02126908
vn 0.99604654 -0.03220163 0.08279113
vn 0.99604654 -0.03220163 0.08279113
vn 0.99604654 -0.03220163 0.08279113
vn 0.99597520 -0.03794723 0.08119973
vn 0.99597520 -0.03794723 0.08119972
vn 0.99597520 -0.03794723 0.08119972
vn 0.98033011 -0.17171720 0.09729394
vn 0.98033011 -0.17171720 0.09729394
vn 0.98033011 -0.17171721 0.09729395
vn 0.97764927 -0.18854122 0.09302746
vn 0.97764927 -0.18854122 0.09302745
vn 0.97764927 -0.18854122 0.09302745
vn 0.97974825 -0.19668598 0.03752336
vn 0.97974825 -0.19668600 0.03752336
vn 0.97974825 -0.19668600 0.03752336
vn 0.98065495 -0.19192231 0.03849224
vn 0.98065495 -0.19192229 0.03849224
vn 0.98065495 -0.19192229 0.03849224
vn 0.99897975 -0.03046710 -0.03333541
vn 0.99897975 -0.03046710 -0.03333540
vn 0.99897975 -0.03046710 -0.03333540
vn 0.99876183 -0.04942679 -0.00563835
vn 0.99876183 -0.04942678 -0.00563835
vn 0.99876183 -0.04942678 -0.00563835
vn 0.99902356 -0.04347027 -0.00789173
vn 0.99902356 -0.04347027 -0.00789173
vn 0.99902356 -0.04347027 -0.00789173
vn 0.98467320 -0.17406334 0.01098601
vn 0.98467314 -0.17406337 0.01098601
vn 0.98467320 -0.17406335 0.01098601
vn 0.97959733 -0.20088398 0.00588794
vn 0.97959733 -0.20088397 0.00588794
vn 0.97959733 -0.20088398 0.00588794
vn 0.05334500 0.36441141 0.92970890
vn 0.05334500 0.36441138 0.92970890
vn 0.05334500 0.36441138 0.92970890
vn 0.06027420 0.33995438 0.93850839
vn 0.06027420 0.33995438 0.93850839
vn 0.06027421 0.33995435 0.93850839
vn 0.01390315 0.37224337 0.92803103
vn 0.01390315 0.37224340 0.92803103
vn 0.01390315 0.37224337 0.92803103
vn 0.01575339 0.36462519 0.93102109
vn 0.01575339 0.36462519 0.93102109
vn 0.01575339 0.36462516 0.93102109
vn 0.01612785 0.19783437 0.98010278
vn 0.01612785 0.19783436 0.98010278
vn 0.01612785 0.19783434 0.98010278
vn 0.01678368 0.19521983 0.98061591
vn 0.01678368 0.19521981 0.98061591
vn 0.01678368 0.19521983 0.98061591
vn 0.06141945 0.19498666 0.97888094
vn 0.06141945 0.19498666 0.97888094
vn 0.06141945 0.19498666 0.97888094
vn 0.06364559 0.18728521 0.98024154
vn 0.06364559 0.18728523 0.98024154
vn 0.06364559 0.18728523 0.98024154
vn -0.01392442 0.36462232 0.93105137
vn -0.01392442 0.36462235 0.93105137
vn -0.01392442 0.36462238 0.93105137
vn -0.01572381 0.37223330 0.92800599
vn -0.01572381 0.37223333 0.92800599
vn -0.01572381 0.37223330 0.92800599
vn -0.05359464 0.33993849 0.93891931
vn -0.05359463 0.33993846 0.93891931
vn -0.05359464 0.33993849 0.93891931
vn -0.05993669 0.36432064 0.92934281
vn -0.05993669 0.36432064 0.92934281
vn -0.05993669 0.36432064 0.92934281
vn -0.06144103 0.18729706 0.98037994
vn -0.06144103 0.18729708 0.98037994
vn -0.06144103 0.18729708 0.98037994
vn -0.06361468 0.19496511 0.97874498
vn -0.06361468 0.19496509 0.97874498
vn -0.06361468 0.19496509 0.97874498
vn -0.01612969 0.19522034 0.98062676
vn -0.01612969 0.19522032 0.98062676
vn -0.01612969 0.19522031 0.98062676
vn -0.01678052 0.19783224 0.98009223
vn -0.01678052 0.19783224 0.98009223
vn -0.01678052 0.19783226 0.98009223
vn -0.01678455 0.06450136 0.99777645
vn -0.01678455 0.06450137 0.99777645
vn -0.01678455 0.06450136 0.99777645
vn -0.01612717 0.06183658 0.99795598
vn -0.01612717 0.06183658 0.99795598
vn -0.01612718 0.06183659 0.99795598
vn -0.06364536 0.07207289 0.99536663
vn -0.06364537 0.07207289 0.99536663
vn -0.06364537 0.07207289 0.99536663
vn -0.06141853 0.06427883 0.99604017
vn -0.06141853 0.06427881 0.99604017
vn -0.06141853 0.06427881 0.99604017
vn -0.06027492 -0.08617114 0.99445534
vn -0.06027492 -0.08617114 0.99445534
vn -0.06027492 -0.08617114 0.99445534
vn -0.05334324 -0.11207971 0.99226642
vn -0.05334325 -0.11207971 0.99226642
vn -0.05334324 -0.11207971 0.99226642
vn -0.01575183 -0.11194751 0.99358928
vn -0.01575183 -0.11194752 0.99358928
vn -0.01575183 -0.11194751 0.99358928
vn -0.01390100 -0.12008188 0.99266666
vn -0.01390100 -0.12008188 0.99266666
vn -0.01390100 -0.12008188 0.99266666
vn 0.06361441 0.06426453 0.99590325
vn 0.06361441 0.06426454 0.99590325
vn 0.06361441 0.06426454 0.99590325
vn 0.06144058 0.07209530 0.99550354
vn 0.06144058 0.07209531 0.99550354
vn 0.06144058 0.07209530 0.99550354
vn 0.01678167 0.06183591 0.99794525
vn 0.01678167 0.06183592 0.99794525
vn 0.01678167 0.06183591 0.99794525
vn 0.01612927 0.06450368 0.99778712
vn 0.01612927 0.06450368 0.99778712
vn 0.01612927 0.06450367 0.99778712
vn 0.01572242 -0.12007865 0.99263990
vn 0.01572242 -0.12007865 0.99263990
vn 0.01572242 -0.12007866 0.99263990
vn 0.01392249 -0.11193705 0.99361777
vn 0.01392249 -0.11193705 0.99361777
vn 0.01392249 -0.11193705 0.99361777
vn 0.05993674 -0.11208657 0.99188918
vn 0.05993673 -0.11208656 0.99188918
vn 0.05993673 -0.11208657 0.99188918
vn 0.05359303 -0.08605216 0.99484813
vn 0.05359303 -0.08605216 0.99484813
vn 0.05359303 -0.08605215 0.99484813
vn -0.99898863 -0.04443648 -0.00686054
vn -0.99898863 -0.04443648 -0.00686054
vn -0.99898863 -0.04443648 -0.00686054
vn -0.99875814 -0.04959992 -0.00469166
vn -0.99875814 -0.04959992 -0.00469166
vn -0.99875814 -0.04959992 -0.00469166
vn -0.99906582 -0.03883280 -0.01896198
vn -0.99906582 -0.03883280 -0.01896198
vn -0.99906582 -0.03883280 -0.01896198
vn -0.97930038 -0.20205514 0.01201928
vn -0.97930038 -0.20205513 0.01201928
vn -0.97930038 -0.20205514 0.01201928
vn -0.98198253 -0.18844308 0.01412445
vn -0.98198253 -0.18844308 0.01412444
vn -0.98198253 -0.18844309 0.01412445
vn -0.97965318 -0.19672433 0.03973871
vn -0.97965318 -0.19672434 0.03973871
vn -0.97965318 -0.19672434 0.03973871
vn -0.98010826 -0.19464669 0.03873530
vn -0.98010826 -0.19464670 0.03873530
vn -0.98010826 -0.19464670 0.03873530
vn -0.98080146 -0.17238197 0.09117547
vn -0.98080146 -0.17238198 0.09117546
vn -0.98080146 -0.17238198 0.09117546
vn -0.97714049 -0.18792336 0.09940488
vn -0.97714049 -0.18792337 0.09940487
vn -0.97714049 -0.18792336 0.09940488
vn -0.99622667 -0.03249057 0.08047812
vn -0.99622667 -0.03249058 0.08047813
vn -0.99622667 -0.03249057 0.08047812
vn -0.99579513 -0.03771931 0.08348258
vn -0.99579513 -0.03771930 0.08348257
vn -0.99579513 -0.03771930 0.08348257
vn -0.99875116 -0.04540595 0.02084270
vn -0.99875116 -0.04540595 0.02084270
vn -0.99875116 -0.04540594 0.02084270
vn -0.99862748 -0.04757362 0.02190664
vn -0.99862748 -0.04757362 0.02190664
vn -0.99862748 -0.04757362 0.02190665
vn -0.99872369 0.04951134 0.00997856
vn -0.99872369 0.04951134 0.00997856
vn -0.99872369 0.04951134 0.00997856
vn -0.99860525 0.05207789 0.00868923
vn -0.99860525 0.05207789 0.00868923
vn -0.99860525 0.05207789 0.00868923
vn -0.99603754 0.05249842 0.07178560
vn -0.99603754 0.05249842 0.07178560
vn -0.99603754 0.05249842 0.07178560
vn -0.99596673 0.05754440 0.06884014
vn -0.99596673 0.05754440 0.06884013
vn -0.99596673 0.05754441 0.06884014
vn -0.98026311 0.19113292 0.05052192
vn -0.98026311 0.19113292 0.05052192
vn -0.98026311 0.19113292 0.05052192
vn -0.97747076 0.20689061 0.04180019
vn -0.97747076 0.20689060 0.04180019
vn -0.97747076 0.20689061 0.04180019
vn -0.97965860 0.20043884 -0.00966152
vn -0.97965860 0.20043884 -0.00966152
vn -0.97965860 0.20043884 -0.00966152
vn -0.98058039 0.19597076 -0.00758360
vn -0.98058039 0.19597074 -0.00758359
vn -0.98058039 0.19597076 -0.00758359
vn -0.99877936 0.03944925 -0.02972491
vn -0.99877936 0.03944925 -0.02972491
vn -0.99877936 0.03944925 -0.02972491
vn -0.99869937 0.04791987 -0.01741307
vn -0.99869937 0.04791987 -0.01741307
vn -0.99869937 0.04791987 -0.01741307
vn -0.99873960 0.04700779 -0.01759340
vn -0.99873960 0.04700780 -0.01759341
vn -0.99873960 0.04700780 -0.01759341
vn -0.98698342 0.15969633 -0.01899389
vn -0.98698342 0.15969634 -0.01899389
vn -0.98698342 0.15969634 -0.01899389
vn -0.98037869 0.19446424 -0.03226858
vn -0.98037869 0.19446422 -0.03226858
vn -0.98037869 0.19446425 -0.03226859
vn -0.98830301 0.15238403 -0.00602551
vn -0.98830301 0.15238404 -0.00602551
vn -0.98830301 0.15238404 -0.00602551
vn -0.02353333 0.99007064 -0.13858677
vn -0.02353333 0.99007064 -0.13858679
vn -0.02353333 0.99007064 -0.13858677
vn -0.02002759 0.99057519 -0.13549769
vn -0.02002759 0.99057519 -0.13549770
vn -0.02002759 0.99057519 -0.13549769
vn -0.00726849 0.99040675 -0.13799144
vn -0.00726849 0.99040675 -0.13799143
vn -0.00726849 0.99040675 -0.13799141
vn -0.00648923 0.99029857 -0.13880418
vn -0.00648923 0.99029857 -0.13880418
vn -0.00648923 0.99029857 -0.13880418
vn -0.00453698 0.98878014 -0.14930908
vn -0.00453698 0.98878014 -0.14930910
vn -0.00453698 0.98878014 -0.14930910
vn -0.01939784 0.99087650 -0.13336973
vn -0.01939784 0.99087650 -0.13336976
vn -0.01939784 0.99087650 -0.13336974
vn -0.02300430 0.99200499 -0.12408421
vn -0.02300430 0.99200499 -0.12408421
vn -0.02300430 0.99200499 -0.12408420
vn -0.02307202 0.99201369 -0.12400220
vn -0.02307202 0.99201369 -0.12400221
vn -0.02307202 0.99201369 -0.12400220
vn -0.02058824 0.99476343 -0.10010925
vn -0.02058824 0.99476343 -0.10010926
vn -0.02058824 0.99476343 -0.10010925
vn -0.02296126 0.99505770 -0.09660699
vn -0.02296126 0.99505770 -0.09660700
vn -0.02296126 0.99505770 -0.09660700
vn -0.00537802 0.99530178 -0.09667210
vn -0.00537802 0.99530178 -0.09667210
vn -0.00537802 0.99530178 -0.09667210
vn -0.00622199 0.99543411 -0.09524844
vn -0.00622199 0.99543411 -0.09524843
vn -0.00622199 0.99543411 -0.09524842
vn -0.00612150 0.99226290 -0.12400362
vn -0.00612150 0.99226290 -0.12400362
vn -0.00612150 0.99226290 -0.12400361
vn -0.00682791 0.99237543 -0.12306243
vn -0.00682791 0.99237543 -0.12306244
vn -0.00682791 0.99237543 -0.12306244
vn 0.00614018 0.99237669 -0.12308875
vn 0.00614018 0.99237669 -0.12308875
vn 0.00614018 0.99237669 -0.12308875
vn 0.00688342 0.99224395 -0.12411515
vn 0.00688342 0.99224395 -0.12411515
vn 0.00688342 0.99224395 -0.12411515
vn 0.00538109 0.99543858 -0.09525291
vn 0.00538109 0.99543858 -0.09525290
vn 0.00538109 0.99543858 -0.09525291
vn 0.00624277 0.99529231 -0.09671742
vn 0.00624277 0.99529231 -0.09671743
vn 0.00624277 0.99529231 -0.09671743
vn 0.02061249 0.99510229 -0.09667742
vn 0.02061250 0.99510229 -0.09667742
vn 0.02061249 0.99510229 -0.09667742
vn 0.02292329 0.99471545 -0.10007861
vn 0.02292329 0.99471545 -0.10007862
vn 0.02292329 0.99471545 -0.10007862
vn 0.02297555 0.99199253 -0.12418904
vn 0.02297555 0.99199253 -0.12418903
vn 0.02297555 0.99199253 -0.12418904
vn 0.02287104 0.99201012 -0.12406790
vn 0.02287104 0.99201012 -0.12406790
vn 0.02287104 0.99201012 -0.12406791
vn 0.00651927 0.99028844 -0.13887513
vn 0.00651927 0.99028844 -0.13887513
vn 0.00651927 0.99028844 -0.13887514
vn 0.00726772 0.99038959 -0.13811482
vn 0.00726772 0.99038959 -0.13811481
vn 0.00726772 0.99038959 -0.13811482
vn 0.01979193 0.99055701 -0.13566537
vn 0.01979193 0.99055701 -0.13566537
vn 0.01979193 0.99055701 -0.13566536
vn 0.02341275 0.99003708 -0.13884681
vn 0.02341275 0.99003708 -0.13884681
vn 0.02341275 0.99003708 -0.13884681
vn 0.01956630 0.99066043 -0.13494091
vn 0.01956630 0.99066043 -0.13494091
vn 0.01956630 0.99066043 -0.13494089
vn 0.00428324 0.98871046 -0.14977750
vn 0.00428324 0.98871046 -0.14977750
vn 0.00428324 0.98871046 -0.14977750
vn -0.04742838 -0.97657537 0.20988362
vn -0.04742838 -0.97657537 0.20988362
vn -0.04742839 -0.97657537 0.20988365
vn -0.05639079 -0.97879410 0.19693200
vn -0.05639079 -0.97879410 0.19693200
vn -0.05639079 -0.97879410 0.19693202
vn -0.04514584 -0.93817890 0.34319404
vn -0.04514584 -0.93817890 0.34319407
vn -0.04514584 -0.93817890 0.34319404
vn -0.05111790 -0.94256359 0.33009219
vn -0.05111790 -0.94256359 0.33009219
vn -0.05111790 -0.94256359 0.33009219
vn -0.12877977 -0.93426865 0.33250245
vn -0.12877977 -0.93426865 0.33250245
vn -0.12877977 -0.93426865 0.33250248
vn -0.15356493 -0.94166285 0.29948109
vn -0.15356493 -0.94166285 0.29948109
vn -0.15356493 -0.94166285 0.29948109
vn -0.15111183 -0.96812642 0.19974111
vn -0.15111183 -0.96812642 0.19974111
vn -0.15111181 -0.96812642 0.19974111
vn -0.16352628 -0.96831149 0.18876436
vn -0.16352630 -0.96831149 0.18876438
vn -0.16352631 -0.96831149 0.18876438
vn -0.13461357 -0.31220695 0.94042861
vn -0.13461356 -0.31220692 0.94042861
vn -0.13461357 -0.31220695 0.94042861
vn -0.10930843 -0.38141617 0.91791797
vn -0.10930844 -0.38141620 0.91791797
vn -0.10930843 -0.38141617 0.91791797
vn -0.37551591 -0.26074144 0.88938278
vn -0.37551594 -0.26074144 0.88938278
vn -0.37551591 -0.26074144 0.88938278
vn -0.34100321 -0.32110366 0.88352096
vn -0.34100318 -0.32110366 0.88352096
vn -0.34100321 -0.32110366 0.88352096
vn -0.25154471 -0.67724699 0.69142014
vn -0.25154471 -0.67724699 0.69142014
vn -0.25154471 -0.67724699 0.69142014
vn -0.19057950 -0.74405527 0.64036018
vn -0.19057950 -0.74405527 0.64036018
vn -0.19057949 -0.74405527 0.64036018
vn -0.07753267 -0.74814218 0.65899312
vn -0.07753267 -0.74814218 0.65899312
vn -0.07753268 -0.74814224 0.65899312
vn -0.06556047 -0.76858944 0.63637418
vn -0.06556047 -0.76858944 0.63637424
vn -0.06556047 -0.76858944 0.63637418
vn -0.85359889 -0.46996653 0.22472277
vn -0.85359889 -0.46996653 0.22472277
vn -0.85359889 -0.46996653 0.22472277
vn -0.87627906 -0.41390234 0.24661675
vn -0.87627906 -0.41390240 0.24661680
vn -0.87627912 -0.41390231 0.24661677
vn -0.46063057 -0.86338389 0.20588273
vn -0.46063057 -0.86338395 0.20588273
vn -0.46063054 -0.86338395 0.20588273
vn -0.47326478 -0.85437781 0.21461351
vn -0.47326484 -0.85437781 0.21461353
vn -0.47326481 -0.85437781 0.21461351
vn -0.44539860 -0.80897051 0.38364932
vn -0.44539860 -0.80897051 0.38364932
vn -0.44539866 -0.80897045 0.38364932
vn -0.48639646 -0.74880338 0.45023546
vn -0.48639646 -0.74880338 0.45023546
vn -0.48639646 -0.74880338 0.45023549
vn -0.74363184 -0.35487637 0.56663430
vn -0.74363184 -0.35487640 0.56663430
vn -0.74363184 -0.35487643 0.56663424
vn -0.74562287 -0.32293478 0.58288908
vn -0.74562287 -0.32293478 0.58288908
vn -0.74562287 -0.32293478 0.58288908
vn -0.10932697 0.60538793 0.78838640
vn -0.10932697 0.60538793 0.78838640
vn -0.10932698 0.60538793 0.78838640
vn -0.13460580 0.54439789 0.82795662
vn -0.13460580 0.54439789 0.82795662
vn -0.13460580 0.54439789 0.82795668
vn -0.06555113 0.90683079 0.41636643
vn -0.06555114 0.90683073 0.41636646
vn -0.06555113 0.90683079 0.41636646
vn -0.07755587 0.89287740 0.44357076
vn -0.07755587 0.89287740 0.44357076
vn -0.07755587 0.89287740 0.44357076
vn -0.19056708 0.88412207 0.42662913
vn -0.19056708 0.88412207 0.42662913
vn -0.19056708 0.88412207 0.42662913
vn -0.25153226 0.83275551 0.49320358
vn -0.25153223 0.83275557 0.49320355
vn -0.25153226 0.83275551 0.49320355
vn -0.34098253 0.53830463 0.77068740
vn -0.34098253 0.53830463 0.77068734
vn -0.34098253 0.53830463 0.77068740
vn -0.37552518 0.48145276 0.79194957
vn -0.37552512 0.48145270 0.79194957
vn -0.37552515 0.48145273 0.79194957
vn -0.05637635 0.99645984 -0.06236616
vn -0.05637635 0.99645984 -0.06236616
vn -0.05637635 0.99645984 -0.06236616
vn -0.04744465 0.99765521 -0.04932577
vn -0.04744465 0.99765521 -0.04932576
vn -0.04744465 0.99765521 -0.04932576
vn -0.16355321 0.98421651 -0.06758831
vn -0.16355321 0.98421651 -0.06758830
vn -0.16355321 0.98421651 -0.06758830
vn -0.15109614 0.98688018 -0.05689917
vn -0.15109612 0.98688018 -0.05689916
vn -0.15109612 0.98688018 -0.05689917
vn -0.15355109 0.98705620 0.04628365
vn -0.15355109 0.98705620 0.04628365
vn -0.15355109 0.98705620 0.04628365
vn -0.12877154 0.98843509 0.08008710
vn -0.12877154 0.98843509 0.08008711
vn -0.12877154 0.98843509 0.08008710
vn -0.05113491 0.99582481 0.07561878
vn -0.05113491 0.99582481 0.07561877
vn -0.05113492 0.99582481 0.07561878
vn -0.04514143 0.99496710 0.08945821
vn -0.04514142 0.99496710 0.08945820
vn -0.04514143 0.99496710 0.08945822
vn -0.87628424 0.46352592 0.13141413
vn -0.87628424 0.46352592 0.13141413
vn -0.87628424 0.46352592 0.13141413
vn -0.85361481 0.51201844 0.09580643
vn -0.85361481 0.51201844 0.09580643
vn -0.85361481 0.51201844 0.09580643
vn -0.74563062 0.46243268 0.47978225
vn -0.74563062 0.46243268 0.47978225
vn -0.74563062 0.46243268 0.47978222
vn -0.74363941 0.48910010 0.45583060
vn -0.74363941 0.48910007 0.45583057
vn -0.74363941 0.48910010 0.45583060
vn -0.48640275 0.83963990 0.24169655
vn -0.48640275 0.83963990 0.24169654
vn -0.48640272 0.83963990 0.24169652
vn -0.44541368 0.88057321 0.16185617
vn -0.44541374 0.88057321 0.16185617
vn -0.44541368 0.88057321 0.16185616
vn -0.47328237 0.88081205 -0.01318720
vn -0.47328240 0.88081205 -0.01318720
vn -0.47328237 0.88081205 -0.01318720
vn -0.46062216 0.88727266 -0.02396909
vn -0.46062216 0.88727266 -0.02396909
vn -0.46062216 0.88727260 -0.02396909
vn 0.10930843 -0.38141617 0.91791797
vn 0.10930842 -0.38141617 0.91791797
vn 0.10930844 -0.38141620 0.91791797
vn 0.13461357 -0.31220692 0.94042861
vn 0.13461357 -0.31220692 0.94042861
vn 0.13461356 -0.31220689 0.94042867
vn 0.06556058 -0.76858795 0.63637596
vn 0.06556058 -0.76858795 0.63637596
vn 0.06556058 -0.76858795 0.63637602
vn 0.07753297 -0.74814010 0.65899551
vn 0.07753296 -0.74814010 0.65899545
vn 0.07753297 -0.74814010 0.65899545
vn 0.19058500 -0.74404967 0.64036506
vn 0.19058502 -0.74404967 0.64036506
vn 0.19058502 -0.74404967 0.64036506
vn 0.25151515 -0.67728186 0.69139665
vn 0.25151515 -0.67728186 0.69139665
vn 0.25151515 -0.67728186 0.69139665
vn 0.34098193 -0.32110345 0.88352925
vn 0.34098193 -0.32110348 0.88352925
vn 0.34098196 -0.32110342 0.88352925
vn 0.37552416 -0.26068687 0.88939530
vn 0.37552419 -0.26068690 0.88939524
vn 0.37552422 -0.26068690 0.88939524
vn 0.05639080 -0.97879410 0.19693200
vn 0.05639080 -0.97879410 0.19693202
vn 0.05639080 -0.97879410 0.19693200
vn 0.04742838 -0.97657537 0.20988362
vn 0.04742839 -0.97657537 0.20988365
vn 0.04742838 -0.97657537 0.20988362
vn 0.16352631 -0.96831208 0.18876150
vn 0.16352630 -0.96831208 0.18876150
vn 0.16352631 -0.96831208 0.18876149
vn 0.15110885 -0.96812689 0.19974105
vn 0.15110885 -0.96812689 0.19974107
vn 0.15110885 -0.96812689 0.19974104
vn 0.15356199 -0.94166201 0.29948509
vn 0.15356199 -0.94166201 0.29948509
vn 0.15356199 -0.94166201 0.29948509
vn 0.12878223 -0.93426943 0.33249924
vn 0.12878223 -0.93426943 0.33249927
vn 0.12878221 -0.93426943 0.33249924
vn 0.05111787 -0.94256401 0.33009091
vn 0.05111787 -0.94256401 0.33009091
vn 0.05111787 -0.94256401 0.33009091
vn 0.04514577 -0.93817931 0.34319302
vn 0.04514577 -0.93817931 0.34319302
vn 0.04514577 -0.93817931 0.34319305
vn 0.87626821 -0.41393206 0.24660562
vn 0.87626821 -0.41393206 0.24660559
vn 0.87626821 -0.41393206 0.24660562
vn 0.85361099 -0.46993932 0.22473384
vn 0.85361099 -0.46993932 0.22473383
vn 0.85361099 -0.46993929 0.22473383
vn 0.74563408 -0.32287887 0.58290571
vn 0.74563408 -0.32287884 0.58290571
vn 0.74563408 -0.32287884 0.58290571
vn 0.74363756 -0.35490847 0.56660664
vn 0.74363762 -0.35490847 0.56660664
vn 0.74363756 -0.35490847 0.56660664
vn 0.48637533 -0.74883831 0.45020020
vn 0.48637533 -0.74883831 0.45020017
vn 0.48637533 -0.74883831 0.45020017
vn 0.44540885 -0.80895716 0.38366565
vn 0.44540888 -0.80895710 0.38366568
vn 0.44540885 -0.80895710 0.38366562
vn 0.47327849 -0.85436821 0.21462175
vn 0.47327846 -0.85436821 0.21462174
vn 0.47327849 -0.85436821 0.21462175
vn 0.46062022 -0.86339140 0.20587435
vn 0.46062022 -0.86339146 0.20587437
vn 0.46062019 -0.86339146 0.20587437
vn 0.13460578 0.54439789 0.82795662
vn 0.13460580 0.54439789 0.82795668
vn 0.13460578 0.54439789 0.82795662
vn 0.10931746 0.60540992 0.78837085
vn 0.10931746 0.60540986 0.78837085
vn 0.10931747 0.60540992 0.78837079
vn 0.37552759 0.48143804 0.79195732
vn 0.37552759 0.48143804 0.79195738
vn 0.37552756 0.48143804 0.79195738
vn 0.34097666 0.53830516 0.77068961
vn 0.34097666 0.53830522 0.77068961
vn 0.34097666 0.53830516 0.77068961
vn 0.25152439 0.83276290 0.49319509
vn 0.25152439 0.83276290 0.49319512
vn 0.25152439 0.83276290 0.49319512
vn 0.19057259 0.88411784 0.42663530
vn 0.19057259 0.88411790 0.42663530
vn 0.19057259 0.88411784 0.42663530
vn 0.07754406 0.89287627 0.44357514
vn 0.07754406 0.89287627 0.44357517
vn 0.07754406 0.89287627 0.44357511
vn 0.06555311 0.90681416 0.41640225
vn 0.06555311 0.90681416 0.41640228
vn 0.06555311 0.90681416 0.41640225
vn 0.85361278 0.51201952 0.09581888
vn 0.85361278 0.51201952 0.09581888
vn 0.85361278 0.51201946 0.09581888
vn 0.87627047 0.46355367 0.13140774
vn 0.87627047 0.46355367 0.13140775
vn 0.87627047 0.46355370 0.13140775
vn 0.46061063 0.88727885 -0.02396096
vn 0.46061063 0.88727885 -0.02396096
vn 0.46061066 0.88727880 -0.02396096
vn 0.47326526 0.88082129 -0.01318409
vn 0.47326529 0.88082129 -0.01318409
vn 0.47326529 0.88082129 -0.01318409
vn 0.44540077 0.88058424 0.16183196
vn 0.44540077 0.88058424 0.16183196
vn 0.44540077 0.88058424 0.16183197
vn 0.48639181 0.83965266 0.24167418
vn 0.48639187 0.83965266 0.24167418
vn 0.48639184 0.83965266 0.24167418
vn 0.74363846 0.48912370 0.45580685
vn 0.74363846 0.48912370 0.45580685
vn 0.74363846 0.48912373 0.45580682
vn 0.74563342 0.46240568 0.47980389
vn 0.74563342 0.46240568 0.47980389
vn 0.74563336 0.46240574 0.47980392
vn 0.04743157 0.99765682 -0.04930668
vn 0.04743157 0.99765682 -0.04930668
vn 0.04743157 0.99765682 -0.04930668
vn 0.05638622 0.99645835 -0.06238058
vn 0.05638623 0.99645835 -0.06238059
vn 0.05638622 0.99645835 -0.06238058
vn 0.04513941 0.99496979 0.08942916
vn 0.04513941 0.99496979 0.08942917
vn 0.04513941 0.99496979 0.08942916
vn 0.05112118 0.99582565 0.07561658
vn 0.05112118 0.99582565 0.07561658
vn 0.05112118 0.99582565 0.07561658
vn 0.12877400 0.98843503 0.08008379
vn 0.12877400 0.98843503 0.08008379
vn 0.12877399 0.98843503 0.08008379
vn 0.15356979 0.98705447 0.04625798
vn 0.15356979 0.98705447 0.04625799
vn 0.15356979 0.98705447 0.04625799
vn 0.15111482 0.98687649 -0.05691284
vn 0.15111484 0.98687649 -0.05691285
vn 0.15111482 0.98687649 -0.05691284
vn 0.16353786 0.98422015 -0.06757300
vn 0.16353785 0.98422015 -0.06757301
vn 0.16353785 0.98422015 -0.06757300
vn -0.06307410 -0.99032056 0.12363977
vn -0.06307409 -0.99032056 0.12363976
vn -0.06307408 -0.99032056 0.12363976
vn -0.06183555 -0.99024421 0.12487080
vn -0.06183554 -0.99024421 0.12487078
vn -0.06183554 -0.99024421 0.12487079
vn -0.17255430 -0.97732872 0.12269321
vn -0.17255430 -0.97732872 0.12269322
vn -0.17255430 -0.97732872 0.12269321
vn -0.17126015 -0.97744632 0.12356661
vn -0.17126016 -0.97744632 0.12356661
vn -0.17126015 -0.97744632 0.12356661
vn -0.06137570 -0.98851043 0.13813090
vn -0.06137570 -0.98851043 0.13813090
vn -0.06137570 -0.98851043 0.13813090
vn -0.06307388 -0.98863274 0.13648066
vn -0.06307388 -0.98863274 0.13648066
vn -0.06307389 -0.98863274 0.13648067
vn -0.05595254 -0.98539102 0.16085348
vn -0.05595255 -0.98539102 0.16085349
vn -0.05595255 -0.98539102 0.16085351
vn -0.06144146 -0.98602629 0.15484543
vn -0.06144146 -0.98602629 0.15484545
vn -0.06144146 -0.98602629 0.15484545
vn -0.16335849 -0.97429448 0.15512653
vn -0.16335849 -0.97429448 0.15512651
vn -0.16335849 -0.97429448 0.15512653
vn -0.17040794 -0.97387505 0.15009493
vn -0.17040792 -0.97387505 0.15009491
vn -0.17040792 -0.97387505 0.15009493
vn -0.17038758 -0.97604614 0.13528500
vn -0.17038758 -0.97604614 0.13528499
vn -0.17038758 -0.97604614 0.13528500
vn -0.17255421 -0.97586030 0.13387199
vn -0.17255421 -0.97586030 0.13387197
vn -0.17255421 -0.97586030 0.13387199
vn -0.45951736 -0.87957567 0.12324937
vn -0.45951736 -0.87957567 0.12324937
vn -0.45951742 -0.87957567 0.12324938
vn -0.46017441 -0.87927657 0.12293151
vn -0.46017441 -0.87927657 0.12293152
vn -0.46017441 -0.87927663 0.12293151
vn -0.46347961 -0.87396580 0.14618637
vn -0.46347961 -0.87396580 0.14618638
vn -0.46347958 -0.87396580 0.14618637
vn -0.45916891 -0.87587810 0.14832906
vn -0.45916891 -0.87587810 0.14832905
vn -0.45916891 -0.87587810 0.14832905
vn -0.86658663 -0.48539990 0.11582138
vn -0.86658663 -0.48539990 0.11582137
vn -0.86658663 -0.48539987 0.11582137
vn -0.85157263 -0.50847489 0.12758268
vn -0.85157263 -0.50847483 0.12758267
vn -0.85157263 -0.50847483 0.12758267
vn -0.85312998 -0.51563734 0.07929263
vn -0.85313004 -0.51563728 0.07929263
vn -0.85313004 -0.51563728 0.07929263
vn -0.85407603 -0.51417983 0.07857018
vn -0.85407603 -0.51417983 0.07857018
vn -0.85407603 -0.51417983 0.07857018
vn -0.46003321 -0.88111281 0.10958844
vn -0.46003318 -0.88111287 0.10958846
vn -0.46003318 -0.88111281 0.10958844
vn -0.46001220 -0.88112247 0.10959917
vn -0.46001220 -0.88112247 0.10959918
vn -0.46001220 -0.88112247 0.10959918
vn -0.85304874 -0.51834691 0.06020231
vn -0.85304874 -0.51834691 0.06020231
vn -0.85304874 -0.51834691 0.06020231
vn -0.85567456 -0.51425046 0.05802971
vn -0.85567462 -0.51425046 0.05802971
vn -0.85567456 -0.51425052 0.05802971
vn -0.15833306 -0.08751134 0.98350006
vn -0.15833306 -0.08751134 0.98350006
vn -0.15833306 -0.08751134 0.98350006
vn -0.14536504 -0.04571692 0.98832130
vn -0.14536503 -0.04571692 0.98832130
vn -0.14536503 -0.04571692 0.98832130
vn -0.16588850 0.07055324 0.98361742
vn -0.16588850 0.07055324 0.98361742
vn -0.16588850 0.07055324 0.98361742
vn -0.16162959 0.08216393 0.98342514
vn -0.16162957 0.08216392 0.98342514
vn -0.16162959 0.08216393 0.98342514
vn -0.42279598 0.07183354 0.90337342
vn -0.42279598 0.07183355 0.90337342
vn -0.42279601 0.07183354 0.90337342
vn -0.41843686 0.08115974 0.90461242
vn -0.41843686 0.08115973 0.90461248
vn -0.41843686 0.08115973 0.90461242
vn -0.41244239 -0.05704802 0.90919572
vn -0.41244239 -0.05704801 0.90919572
vn -0.41244236 -0.05704801 0.90919572
vn -0.39981982 -0.02335116 0.91629624
vn -0.39981982 -0.02335116 0.91629624
vn -0.39981982 -0.02335116 0.91629624
vn -0.16155344 0.18582790 0.96921021
vn -0.16155343 0.18582788 0.96921027
vn -0.16155344 0.18582791 0.96921021
vn -0.16598931 0.17438552 0.97058600
vn -0.16598931 0.17438552 0.97058600
vn -0.16598929 0.17438550 0.97058606
vn -0.14439169 0.33884296 0.92969698
vn -0.14439170 0.33884296 0.92969698
vn -0.14439170 0.33884299 0.92969698
vn -0.15955846 0.29935351 0.94070643
vn -0.15955846 0.29935351 0.94070643
vn -0.15955846 0.29935351 0.94070643
vn -0.39782619 0.29096174 0.87010092
vn -0.39782619 0.29096174 0.87010092
vn -0.39782619 0.29096174 0.87010092
vn -0.41454732 0.25887209 0.87243092
vn -0.41454732 0.25887206 0.87243098
vn -0.41454732 0.25887206 0.87243092
vn -0.41828775 0.16407929 0.89337188
vn -0.41828772 0.16407928 0.89337188
vn -0.41828775 0.16407929 0.89337188
vn -0.42295533 0.15484762 0.89282197
vn -0.42295530 0.15484761 0.89282197
vn -0.42295536 0.15484762 0.89282191
vn -0.80901837 0.11226115 0.57696337
vn -0.80901837 0.11226115 0.57696337
vn -0.80901837 0.11226115 0.57696337
vn -0.80848002 0.11364435 0.57744694
vn -0.80848002 0.11364435 0.57744694
vn -0.80848008 0.11364436 0.57744694
vn -0.80437016 0.21813281 0.55263615
vn -0.80437016 0.21813279 0.55263615
vn -0.80437016 0.21813282 0.55263609
vn -0.79976714 0.22832058 0.55519563
vn -0.79976714 0.22832058 0.55519563
vn -0.79976720 0.22832058 0.55519563
vn -0.96606630 0.17953433 0.18569700
vn -0.96606630 0.17953433 0.18569700
vn -0.96606624 0.17953435 0.18569700
vn -0.95795900 0.21049766 0.19494931
vn -0.95795906 0.21049766 0.19494931
vn -0.95795906 0.21049766 0.19494931
vn -0.97392201 0.06509691 0.21734363
vn -0.97392201 0.06509691 0.21734361
vn -0.97392201 0.06509691 0.21734361
vn -0.97281045 0.07240725 0.21999313
vn -0.97281045 0.07240724 0.21999313
vn -0.97281045 0.07240724 0.21999313
vn -0.80094653 -0.06767128 0.59489936
vn -0.80094653 -0.06767127 0.59489942
vn -0.80094653 -0.06767128 0.59489936
vn -0.80311865 -0.07804705 0.59068525
vn -0.80311871 -0.07804705 0.59068525
vn -0.80311865 -0.07804705 0.59068531
vn -0.80851865 0.04054526 0.58707213
vn -0.80851859 0.04054526 0.58707225
vn -0.80851859 0.04054527 0.58707225
vn -0.80897713 0.03916309 0.58653414
vn -0.80897707 0.03916309 0.58653414
vn -0.80897713 0.03916309 0.58653414
vn -0.97307616 -0.00635617 0.23039605
vn -0.97307616 -0.00635617 0.23039603
vn -0.97307616 -0.00635617 0.23039603
vn -0.97365016 -0.01363531 0.22763887
vn -0.97365016 -0.01363531 0.22763886
vn -0.97365016 -0.01363531 0.22763887
vn -0.96282321 -0.12411179 0.23993281
vn -0.96282321 -0.12411179 0.23993281
vn -0.96282321 -0.12411178 0.23993281
vn -0.96106046 -0.15498111 0.22878720
vn -0.96106052 -0.15498111 0.22878718
vn -0.96106052 -0.15498109 0.22878718
vn -0.06164833 0.99311721 -0.09958764
vn -0.06164832 0.99311721 -0.09958764
vn -0.06164833 0.99311721 -0.09958764
vn -0.05584574 0.99280709 -0.10590266
vn -0.05584574 0.99280709 -0.10590266
vn -0.05584574 0.99280709 -0.10590267
vn -0.06397812 0.99024272 -0.12379869
vn -0.06397811 0.99024272 -0.12379868
vn -0.06397812 0.99024272 -0.12379868
vn -0.06146942 0.99012524 -0.12599026
vn -0.06146943 0.99012524 -0.12599027
vn -0.06146942 0.99012524 -0.12599027
vn -0.17894413 0.97608572 -0.12343261
vn -0.17894411 0.97608578 -0.12343259
vn -0.17894411 0.97608578 -0.12343258
vn -0.17120944 0.97684133 -0.12832907
vn -0.17120944 0.97684133 -0.12832907
vn -0.17120944 0.97684133 -0.12832908
vn -0.17095986 0.97996795 -0.10215445
vn -0.17095987 0.97996795 -0.10215445
vn -0.17095987 0.97996795 -0.10215445
vn -0.16333325 0.98064983 -0.10792640
vn -0.16333325 0.98064983 -0.10792640
vn -0.16333325 0.98064983 -0.10792639
vn -0.17939705 0.97534269 -0.12854317
vn -0.17939706 0.97534269 -0.12854317
vn -0.17939705 0.97534269 -0.12854317
vn -0.21171330 0.96711445 -0.14095081
vn -0.21171330 0.96711445 -0.14095081
vn -0.21171328 0.96711445 -0.14095080
vn -0.06367122 0.98886257 -0.13452426
vn -0.06367122 0.98886257 -0.13452426
vn -0.06367122 0.98886257 -0.13452426
vn -0.06373140 0.98886466 -0.13448028
vn -0.06373140 0.98886466 -0.13448028
vn -0.06373140 0.98886466 -0.13448028
vn -0.06651394 0.98985112 -0.12558147
vn -0.06651394 0.98985112 -0.12558147
vn -0.06651395 0.98985112 -0.12558149
vn -0.22533067 0.96069443 -0.16214919
vn -0.22533067 0.96069437 -0.16214919
vn -0.22533067 0.96069437 -0.16214919
vn -0.85113901 0.52367026 -0.03649488
vn -0.85113895 0.52367032 -0.03649489
vn -0.85113895 0.52367032 -0.03649489
vn -0.87261665 0.48840502 0.00086331
vn -0.87261665 0.48840499 0.00086331
vn -0.87261665 0.48840496 0.00086331
vn -0.84693456 0.52829820 -0.06002339
vn -0.84693456 0.52829820 -0.06002339
vn -0.84693462 0.52829820 -0.06002339
vn -0.86456853 0.49859840 -0.06261701
vn -0.86456853 0.49859840 -0.06261700
vn -0.86456853 0.49859840 -0.06261700
vn -0.49815086 0.85942245 -0.11505987
vn -0.49815086 0.85942245 -0.11505987
vn -0.49815089 0.85942245 -0.11505987
vn -0.46844950 0.87391436 -0.12972549
vn -0.46844950 0.87391436 -0.12972549
vn -0.46844950 0.87391436 -0.12972547
vn -0.53096271 0.84223980 -0.09333124
vn -0.53096271 0.84223980 -0.09333124
vn -0.53096271 0.84223980 -0.09333125
vn -0.51048654 0.85675144 -0.07335181
vn -0.51048648 0.85675144 -0.07335180
vn -0.51048660 0.85675138 -0.07335181
vn -0.46020272 0.88368005 -0.08557480
vn -0.46020275 0.88367999 -0.08557480
vn -0.46020275 0.88367999 -0.08557480
vn -0.46344730 0.88216591 -0.08366577
vn -0.46344730 0.88216591 -0.08366577
vn -0.46344727 0.88216591 -0.08366576
vn -0.46824622 0.87659073 -0.11105916
vn -0.46824622 0.87659073 -0.11105917
vn -0.46824622 0.87659073 -0.11105916
vn -0.46063179 0.88013142 -0.11483494
vn -0.46063182 0.88013142 -0.11483495
vn -0.46063182 0.88013142 -0.11483495
vn -0.84678805 0.52888304 -0.05685770
vn -0.84678799 0.52888304 -0.05685770
vn -0.84678799 0.52888304 -0.05685770
vn -0.85216147 0.52061379 -0.05274603
vn -0.85216147 0.52061379 -0.05274603
vn -0.85216147 0.52061379 -0.05274603
vn -0.85070676 0.52534318 -0.01767983
vn -0.85070676 0.52534318 -0.01767983
vn -0.85070676 0.52534318 -0.01767983
vn -0.86584711 0.50029778 -0.00329262
vn -0.86584711 0.50029784 -0.00329262
vn -0.86584711 0.50029778 -0.00329262
vn -0.04746021 0.63749623 0.76899034
vn -0.04746021 0.63749623 0.76899034
vn -0.04746021 0.63749623 0.76899034
vn -0.03950901 0.60623997 0.79429978
vn -0.03950901 0.60623991 0.79429978
vn -0.03950901 0.60623997 0.79429978
vn -0.01234711 0.64663792 0.76269716
vn -0.01234711 0.64663792 0.76269716
vn -0.01234711 0.64663792 0.76269716
vn -0.01017482 0.63785774 0.77008700
vn -0.01017482 0.63785774 0.77008700
vn -0.01017482 0.63785768 0.77008700
vn -0.00710959 0.91587293 0.40140525
vn -0.00710959 0.91587293 0.40140525
vn -0.00710959 0.91587299 0.40140525
vn -0.00627879 0.91429949 0.40499011
vn -0.00627879 0.91429955 0.40499008
vn -0.00627879 0.91429949 0.40499011
vn -0.02708645 0.91402644 0.40474933
vn -0.02708646 0.91402644 0.40474936
vn -0.02708645 0.91402644 0.40474936
vn -0.02392410 0.90816391 0.41793063
vn -0.02392410 0.90816391 0.41793060
vn -0.02392410 0.90816391 0.41793063
vn 0.01242550 0.63788164 0.77003419
vn 0.01242549 0.63788158 0.77003419
vn 0.01242550 0.63788164 0.77003419
vn 0.01012877 0.64665407 0.76271617
vn 0.01012877 0.64665407 0.76271611
vn 0.01012877 0.64665407 0.76271611
vn 0.04847457 0.60631883 0.79374284
vn 0.04847457 0.60631883 0.79374284
vn 0.04847457 0.60631883 0.79374284
vn 0.03884746 0.63767838 0.76932257
vn 0.03884746 0.63767838 0.76932257
vn 0.03884746 0.63767838 0.76932257
vn 0.02756111 0.90809435 0.41785774
vn 0.02756111 0.90809435 0.41785771
vn 0.02756111 0.90809435 0.41785771
vn 0.02365986 0.91409349 0.40481269
vn 0.02365986 0.91409349 0.40481272
vn 0.02365986 0.91409349 0.40481269
vn 0.00714569 0.91429090 0.40499520
vn 0.00714569 0.91429090 0.40499520
vn 0.00714569 0.91429090 0.40499520
vn 0.00625950 0.91587818 0.40140748
vn 0.00625950 0.91587818 0.40140751
vn 0.00625950 0.91587818 0.40140751
vn 0.00440766 0.99537319 0.09598351
vn 0.00440766 0.99537319 0.09598351
vn 0.00440766 0.99537319 0.09598352
vn 0.00502925 0.99517953 0.09794102
vn 0.00502925 0.99517953 0.09794102
vn 0.00502925 0.99517953 0.09794102
vn 0.01643941 0.99588686 0.08910179
vn 0.01643941 0.99588686 0.08910179
vn 0.01643941 0.99588686 0.08910180
vn 0.01901950 0.99519759 0.09602078
vn 0.01901950 0.99519759 0.09602078
vn 0.01901950 0.99519759 0.09602078
vn 0.01703949 0.99860889 -0.04989926
vn 0.01703949 0.99860889 -0.04989925
vn 0.01703949 0.99860889 -0.04989926
vn 0.02096340 0.99888718 -0.04224793
vn 0.02096340 0.99888718 -0.04224792
vn 0.02096340 0.99888718 -0.04224792
vn 0.00449747 0.99909317 -0.04233849
vn 0.00449747 0.99909317 -0.04233849
vn 0.00449747 0.99909317 -0.04233850
vn 0.00549037 0.99918056 -0.04010032
vn 0.00549037 0.99918056 -0.04010032
vn 0.00549037 0.99918056 -0.04010032
vn -0.01661424 0.99523920 0.09603626
vn -0.01661424 0.99523920 0.09603625
vn -0.01661424 0.99523920 0.09603624
vn -0.01893235 0.99583721 0.08916153
vn -0.01893235 0.99583721 0.08916153
vn -0.01893235 0.99583721 0.08916153
vn -0.00442073 0.99518239 0.09794129
vn -0.00442073 0.99518239 0.09794129
vn -0.00442073 0.99518239 0.09794129
vn -0.00501626 0.99536812 0.09600567
vn -0.00501627 0.99536812 0.09600568
vn -0.00501626 0.99536812 0.09600567
vn -0.00450037 0.99918550 -0.04010052
vn -0.00450037 0.99918550 -0.04010051
vn -0.00450037 0.99918550 -0.04010052
vn -0.00548621 0.99908787 -0.04234759
vn -0.00548621 0.99908787 -0.04234759
vn -0.00548621 0.99908787 -0.04234758
vn -0.01714961 0.99895841 -0.04228394
vn -0.01714961 0.99895841 -0.04228394
vn -0.01714961 0.99895841 -0.04228394
vn -0.02091821 0.99853784 -0.04984560
vn -0.02091821 0.99853784 -0.04984560
vn -0.02091821 0.99853784 -0.04984560
vn 0.84958321 0.52739030 -0.00823502
vn 0.84958321 0.52739030 -0.00823502
vn 0.84958321 0.52739030 -0.00823502
vn 0.86666322 0.49868980 -0.01425934
vn 0.86666322 0.49868977 -0.01425934
vn 0.86666322 0.49868980 -0.01425934
vn 0.84346020 0.53423882 -0.05624761
vn 0.84346014 0.53423887 -0.05624762
vn 0.84346014 0.53423887 -0.05624761
vn 0.85188323 0.52042860 -0.05872836
vn 0.85188329 0.52042854 -0.05872837
vn 0.85188323 0.52042860 -0.05872836
vn 0.45684868 0.88288713 -0.10862615
vn 0.45684871 0.88288707 -0.10862615
vn 0.45684871 0.88288707 -0.10862615
vn 0.45909083 0.88163400 -0.10934827
vn 0.45909080 0.88163406 -0.10934827
vn 0.45909080 0.88163406 -0.10934827
vn 0.45879146 0.88464224 -0.08317783
vn 0.45879146 0.88464218 -0.08317783
vn 0.45879140 0.88464224 -0.08317783
vn 0.46347612 0.88203591 -0.08486773
vn 0.46347609 0.88203591 -0.08486774
vn 0.46347609 0.88203591 -0.08486773
vn 0.47993258 0.87409532 -0.07498069
vn 0.47993264 0.87409526 -0.07498070
vn 0.47993261 0.87409532 -0.07498069
vn 0.45314962 0.89068091 -0.03664685
vn 0.45314962 0.89068091 -0.03664685
vn 0.45314959 0.89068091 -0.03664685
vn 0.45669401 0.88217640 -0.11487124
vn 0.45669398 0.88217640 -0.11487123
vn 0.45669398 0.88217640 -0.11487123
vn 0.45996639 0.88064361 -0.11356826
vn 0.45996642 0.88064361 -0.11356826
vn 0.45996639 0.88064361 -0.11356826
vn 0.85283005 0.51729715 -0.07130632
vn 0.85283005 0.51729715 -0.07130632
vn 0.85283005 0.51729715 -0.07130631
vn 0.84428638 0.53137779 -0.06941319
vn 0.84428632 0.53137779 -0.06941319
vn 0.84428638 0.53137779 -0.06941319
vn 0.84888208 0.52052587 -0.09193465
vn 0.84888208 0.52052587 -0.09193465
vn 0.84888208 0.52052587 -0.09193465
vn 0.85504961 0.51302499 -0.07546869
vn 0.85504961 0.51302499 -0.07546869
vn 0.85504961 0.51302499 -0.07546869
vn 0.50388724 0.86168754 -0.05993539
vn 0.50388718 0.86168754 -0.05993539
vn 0.50388724 0.86168754 -0.05993539
vn 0.06667019 0.99016398 -0.12300563
vn 0.06667018 0.99016398 -0.12300564
vn 0.06667019 0.99016398 -0.12300562
vn 0.06367937 0.99232060 -0.10604133
vn 0.06367937 0.99232060 -0.10604132
vn 0.06367937 0.99232060 -0.10604131
vn 0.06261146 0.98885071 -0.13510771
vn 0.06261145 0.98885071 -0.13510770
vn 0.06261145 0.98885071 -0.13510770
vn 0.06335105 0.98887813 -0.13456100
vn 0.06335104 0.98887813 -0.13456100
vn 0.06335104 0.98887813 -0.13456100
vn 0.16651337 0.97756398 -0.12900378
vn 0.16651335 0.97756398 -0.12900378
vn 0.16651335 0.97756398 -0.12900378
vn 0.17071865 0.97661078 -0.13071547
vn 0.17071865 0.97661078 -0.13071547
vn 0.17071864 0.97661078 -0.13071547
vn 0.15063435 0.96638459 -0.20835082
vn 0.15063433 0.96638465 -0.20835081
vn 0.15063435 0.96638459 -0.20835084
vn 0.16521120 0.97808111 -0.12673846
vn 0.16521120 0.97808111 -0.12673846
vn 0.16521120 0.97808111 -0.12673846
vn 0.16997232 0.97965342 -0.10671763
vn 0.16997230 0.97965342 -0.10671762
vn 0.16997230 0.97965342 -0.10671763
vn 0.16336441 0.98124301 -0.10234373
vn 0.16336443 0.98124301 -0.10234373
vn 0.16336443 0.98124301 -0.10234373
vn 0.17023928 0.97764385 -0.12341417
vn 0.17023927 0.97764385 -0.12341416
vn 0.17023928 0.97764385 -0.12341416
vn 0.17008230 0.97768193 -0.12332886
vn 0.17008229 0.97768193 -0.12332886
vn 0.17008227 0.97768193 -0.12332885
vn 0.06277504 0.99014401 -0.12519620
vn 0.06277503 0.99014401 -0.12519619
vn 0.06277504 0.99014401 -0.12519620
vn 0.06133608 0.99039298 -0.12393413
vn 0.06133607 0.99039298 -0.12393413
vn 0.06133608 0.99039298 -0.12393412
vn 0.06144744 0.99251020 -0.10558266
vn 0.06144744 0.99251020 -0.10558266
vn 0.06144744 0.99251020 -0.10558267
vn 0.05593823 0.99344552 -0.09968385
vn 0.05593823 0.99344552 -0.09968384
vn 0.05593823 0.99344552 -0.09968384
vn 0.15833160 0.33842140 0.92757863
vn 0.15833162 0.33842137 0.92757863
vn 0.15833160 0.33842137 0.92757863
vn 0.14536087 0.29927695 0.94302893
vn 0.14536087 0.29927692 0.94302893
vn 0.14536089 0.29927698 0.94302893
vn 0.16588727 0.18572080 0.96849841
vn 0.16588727 0.18572080 0.96849841
vn 0.16588727 0.18572080 0.96849841
vn 0.16162869 0.17445521 0.97130919
vn 0.16162869 0.17445521 0.97130919
vn 0.16162869 0.17445521 0.97130919
vn 0.42280120 0.16377261 0.89130110
vn 0.42280120 0.16377260 0.89130110
vn 0.42280120 0.16377261 0.89130110
vn 0.41843948 0.15507713 0.89490753
vn 0.41843948 0.15507713 0.89490753
vn 0.41843948 0.15507713 0.89490753
vn 0.41244501 0.28980905 0.86365491
vn 0.41244501 0.28980908 0.86365491
vn 0.41244501 0.28980905 0.86365491
vn 0.39982608 0.25909436 0.87920946
vn 0.39982608 0.25909436 0.87920946
vn 0.39982608 0.25909436 0.87920946
vn 0.16154994 0.07063175 0.98433369
vn 0.16154996 0.07063175 0.98433369
vn 0.16154993 0.07063174 0.98433369
vn 0.16598693 0.08204469 0.98270899
vn 0.16598693 0.08204470 0.98270899
vn 0.16598691 0.08204470 0.98270899
vn 0.14439642 -0.08737432 0.98565483
vn 0.14439644 -0.08737432 0.98565483
vn 0.14439642 -0.08737432 0.98565483
vn 0.15955605 -0.04640039 0.98609781
vn 0.15955605 -0.04640039 0.98609781
vn 0.15955605 -0.04640039 0.98609781
vn 0.39781809 -0.05652523 0.91572142
vn 0.39781809 -0.05652523 0.91572142
vn 0.39781809 -0.05652523 0.91572142
vn 0.41454902 -0.02490417 0.90968615
vn 0.41454902 -0.02490417 0.90968615
vn 0.41454902 -0.02490417 0.90968615
vn 0.41829002 0.07207137 0.90544969
vn 0.41829002 0.07207137 0.90544969
vn 0.41829002 0.07207137 0.90544969
vn 0.42296264 0.08085810 0.90253228
vn 0.42296264 0.08085810 0.90253228
vn 0.42296264 0.08085811 0.90253228
vn 0.80901682 0.04048569 0.58638954
vn 0.80901682 0.04048568 0.58638948
vn 0.80901682 0.04048569 0.58638954
vn 0.80847061 0.03925638 0.58722591
vn 0.80847061 0.03925638 0.58722591
vn 0.80847061 0.03925638 0.58722591
vn 0.80435783 -0.06810667 0.59022880
vn 0.80435777 -0.06810667 0.59022886
vn 0.80435783 -0.06810667 0.59022880
vn 0.79976636 -0.07726520 0.59531826
vn 0.79976642 -0.07726520 0.59531826
vn 0.79976642 -0.07726520 0.59531826
vn 0.96606678 -0.12551802 0.22574361
vn 0.96606678 -0.12551802 0.22574362
vn 0.96606678 -0.12551804 0.22574362
vn 0.95795709 -0.15305188 0.24267954
vn 0.95795709 -0.15305187 0.24267952
vn 0.95795709 -0.15305187 0.24267952
vn 0.97392130 -0.00679039 0.22678435
vn 0.97392130 -0.00679039 0.22678436
vn 0.97392130 -0.00679039 0.22678436
vn 0.97281075 -0.01316330 0.23122708
vn 0.97281075 -0.01316330 0.23122710
vn 0.97281075 -0.01316330 0.23122708
vn 0.80094016 0.21896270 0.55727029
vn 0.80094016 0.21896273 0.55727035
vn 0.80094016 0.21896268 0.55727035
vn 0.80311012 0.22789153 0.55052662
vn 0.80311012 0.22789153 0.55052662
vn 0.80311012 0.22789153 0.55052662
vn 0.80851007 0.11234447 0.57765925
vn 0.80851007 0.11234447 0.57765925
vn 0.80851007 0.11234447 0.57765925
vn 0.80897552 0.11355915 0.57676941
vn 0.80897546 0.11355913 0.57676947
vn 0.80897546 0.11355914 0.57676947
vn 0.97307616 0.06560987 0.22094820
vn 0.97307616 0.06560987 0.22094819
vn 0.97307616 0.06560987 0.22094819
vn 0.97365063 0.07193655 0.21640132
vn 0.97365063 0.07193656 0.21640132
vn 0.97365063 0.07193656 0.21640132
vn 0.96282196 0.18185148 0.19975950
vn 0.96282202 0.18185146 0.19975951
vn 0.96282196 0.18185148 0.19975951
vn 0.96105766 0.20881069 0.18101458
vn 0.96105766 0.20881069 0.18101460
vn 0.96105766 0.20881069 0.18101460
vn 0.06147160 -0.98506069 0.16086213
vn 0.06147160 -0.98506069 0.16086213
vn 0.06147160 -0.98506069 0.16086213
vn 0.05587171 -0.98636717 0.15478407
vn 0.05587170 -0.98636723 0.15478405
vn 0.05587171 -0.98636717 0.15478407
vn 0.06307236 -0.98840666 0.13810931
vn 0.06307236 -0.98840666 0.13810931
vn 0.06307236 -0.98840666 0.13810931
vn 0.06137907 -0.98873860 0.13648675
vn 0.06137908 -0.98873860 0.13648674
vn 0.06137907 -0.98873860 0.13648674
vn 0.17255574 -0.97567081 0.13524418
vn 0.17255576 -0.97567081 0.13524418
vn 0.17255576 -0.97567081 0.13524419
vn 0.17038420 -0.97623730 0.13390300
vn 0.17038418 -0.97623730 0.13390300
vn 0.17038417 -0.97623730 0.13390300
vn 0.17040659 -0.97309273 0.15508740
vn 0.17040659 -0.97309273 0.15508740
vn 0.17040659 -0.97309273 0.15508740
vn 0.16331647 -0.97510159 0.15001549
vn 0.16331647 -0.97510159 0.15001549
vn 0.16331647 -0.97510159 0.15001549
vn 0.06178499 -0.99040252 0.12363461
vn 0.06178499 -0.99040252 0.12363462
vn 0.06178499 -0.99040252 0.12363461
vn 0.06307381 -0.99016386 0.12488887
vn 0.06307381 -0.99016386 0.12488888
vn 0.06307381 -0.99016386 0.12488888
vn 0.17109151 -0.97758257 0.12271912
vn 0.17109151 -0.97758257 0.12271912
vn 0.17109153 -0.97758257 0.12271913
vn 0.17255816 -0.97720999 0.12362994
vn 0.17255816 -0.97720999 0.12362994
vn 0.17255817 -0.97720999 0.12362996
vn 0.46380910 -0.87916666 0.10930282
vn 0.46380904 -0.87916666 0.10930280
vn 0.46380904 -0.87916666 0.10930281
vn 0.46148098 -0.88049442 0.10846619
vn 0.46148100 -0.88049442 0.10846619
vn 0.46148098 -0.88049442 0.10846619
vn 0.86639565 -0.49615455 0.05647370
vn 0.86639565 -0.49615452 0.05647370
vn 0.86639565 -0.49615452 0.05647370
vn 0.85673749 -0.51301372 0.05308221
vn 0.85673749 -0.51301378 0.05308222
vn 0.85673755 -0.51301372 0.05308221
vn 0.45938656 -0.87609607 0.14635466
vn 0.45938656 -0.87609607 0.14635466
vn 0.45938659 -0.87609607 0.14635466
vn 0.46340185 -0.87367404 0.14816336
vn 0.46340185 -0.87367404 0.14816335
vn 0.46340188 -0.87367404 0.14816338
vn 0.46163863 -0.87848312 0.12311465
vn 0.46163866 -0.87848306 0.12311464
vn 0.46163866 -0.87848306 0.12311465
vn 0.45970365 -0.87959623 0.12240495
vn 0.45970371 -0.87959623 0.12240497
vn 0.45970368 -0.87959623 0.12240497
vn 0.85815722 -0.50743204 0.07796761
vn 0.85815722 -0.50743198 0.07796761
vn 0.85815722 -0.50743198 0.07796761
vn 0.85369474 -0.51514858 0.07633616
vn 0.85369474 -0.51514858 0.07633615
vn 0.85369474 -0.51514858 0.07633615
vn 0.85256153 -0.50905615 0.11832421
vn 0.85256153 -0.50905621 0.11832421
vn 0.85256153 -0.50905621 0.11832421
vn 0.86592507 -0.48431611 0.12494688
vn 0.86592507 -0.48431611 0.12494688
vn 0.86592507 -0.48431611 0.12494688
vn 0.04745624 -0.41743761 0.90746558
vn 0.04745624 -0.41743761 0.90746558
vn 0.04745624 -0.41743764 0.90746558
vn 0.03950629 -0.38071293 0.92384899
vn 0.03950629 -0.38071293 0.92384899
vn 0.03950629 -0.38071290 0.92384899
vn 0.01234487 -0.42785084 0.90376502
vn 0.01234487 -0.42785087 0.90376502
vn 0.01234487 -0.42785084 0.90376502
vn 0.01018183 -0.41750512 0.90861756
vn 0.01018183 -0.41750506 0.90861756
vn 0.01018183 -0.41750509 0.90861756
vn 0.00711659 -0.78124642 0.62418216
vn 0.00711659 -0.78124648 0.62418211
vn 0.00711659 -0.78124648 0.62418211
vn 0.00627293 -0.77876318 0.62728667
vn 0.00627293 -0.77876318 0.62728667
vn 0.00627293 -0.77876318 0.62728667
vn 0.02708839 -0.77856141 0.62698352
vn 0.02708839 -0.77856141 0.62698358
vn 0.02708839 -0.77856141 0.62698358
vn 0.02391849 -0.76947331 0.63823092
vn 0.02391849 -0.76947337 0.63823092
vn 0.02391849 -0.76947331 0.63823092
vn -0.01242293 -0.41751784 0.90858382
vn -0.01242293 -0.41751784 0.90858382
vn -0.01242293 -0.41751781 0.90858382
vn -0.01013081 -0.42786148 0.90378755
vn -0.01013081 -0.42786142 0.90378755
vn -0.01013081 -0.42786145 0.90378755
vn -0.04847135 -0.38090760 0.92334169
vn -0.04847135 -0.38090760 0.92334169
vn -0.04847135 -0.38090760 0.92334175
vn -0.03884461 -0.41750616 0.90784347
vn -0.03884461 -0.41750616 0.90784341
vn -0.03884461 -0.41750616 0.90784341
vn -0.02755676 -0.76944995 0.63811237
vn -0.02755676 -0.76944995 0.63811237
vn -0.02755676 -0.76945001 0.63811231
vn -0.02365337 -0.77861798 0.62705225
vn -0.02365338 -0.77861798 0.62705231
vn -0.02365338 -0.77861798 0.62705225
vn -0.00715033 -0.77876145 0.62727940
vn -0.00715033 -0.77876145 0.62727940
vn -0.00715033 -0.77876145 0.62727946
vn -0.00625333 -0.78125095 0.62418574
vn -0.00625333 -0.78125095 0.62418574
vn -0.00625333 -0.78125095 0.62418574
vn -0.00440155 -0.93687004 0.34965003
vn -0.00440155 -0.93687004 0.34965003
vn -0.00440155 -0.93687004 0.34965003
vn -0.00503237 -0.93616742 0.35151854
vn -0.00503237 -0.93616742 0.35151854
vn -0.00503237 -0.93616742 0.35151854
vn -0.01643169 -0.93915015 0.34311372
vn -0.01643169 -0.93915009 0.34311375
vn -0.01643169 -0.93915015 0.34311372
vn -0.01901986 -0.93669075 0.34964073
vn -0.01901986 -0.93669075 0.34964073
vn -0.01901986 -0.93669075 0.34964073
vn -0.01703975 -0.97764796 0.20955689
vn -0.01703975 -0.97764796 0.20955691
vn -0.01703975 -0.97764796 0.20955691
vn -0.02096084 -0.97594309 0.21701555
vn -0.02096084 -0.97594309 0.21701555
vn -0.02096084 -0.97594309 0.21701556
vn -0.00449963 -0.97616547 0.21698096
vn -0.00449963 -0.97616547 0.21698099
vn -0.00449963 -0.97616547 0.21698098
vn -0.00548805 -0.97567439 0.21915598
vn -0.00548804 -0.97567439 0.21915595
vn -0.00548805 -0.97567439 0.21915598
vn 0.01660712 -0.93672639 0.34966823
vn 0.01660712 -0.93672639 0.34966826
vn 0.01660712 -0.93672639 0.34966826
vn 0.01894285 -0.93909627 0.34313163
vn 0.01894285 -0.93909627 0.34313166
vn 0.01894285 -0.93909627 0.34313163
vn 0.00441481 -0.93617016 0.35151955
vn 0.00441481 -0.93617016 0.35151955
vn 0.00441481 -0.93617010 0.35151958
vn 0.00501867 -0.93685871 0.34967202
vn 0.00501867 -0.93685871 0.34967202
vn 0.00501867 -0.93685877 0.34967199
vn 0.00450164 -0.97567922 0.21915704
vn 0.00450164 -0.97567922 0.21915704
vn 0.00450164 -0.97567922 0.21915706
vn 0.00548397 -0.97616315 0.21696872
vn 0.00548396 -0.97616315 0.21696870
vn 0.00548397 -0.97616315 0.21696869
vn 0.01716083 -0.97602153 0.21699661
vn 0.01716083 -0.97602153 0.21699663
vn 0.01716083 -0.97602153 0.21699661
vn 0.02091583 -0.97756147 0.20960936
vn 0.02091582 -0.97756147 0.20960936
vn 0.02091582 -0.97756147 0.20960936
vn 0.02394960 -0.99199897 0.12395361
vn 0.02394960 -0.99199897 0.12395361
vn 0.02394960 -0.99199897 0.12395360
vn 0.02322749 -0.99213684 0.12298349
vn 0.02322749 -0.99213684 0.12298349
vn 0.02322749 -0.99213684 0.12298349
vn 0.00630943 -0.99238133 0.12304262
vn 0.00630943 -0.99238133 0.12304262
vn 0.00630943 -0.99238133 0.12304263
vn 0.00614958 -0.99241298 0.12279516
vn 0.00614958 -0.99241298 0.12279516
vn 0.00614958 -0.99241298 0.12279516
vn 0.02311315 -0.99012744 0.13825133
vn 0.02311314 -0.99012744 0.13825132
vn 0.02311314 -0.99012744 0.13825132
vn 0.02394902 -0.98995334 0.13935131
vn 0.02394902 -0.98995334 0.13935131
vn 0.02394902 -0.98995334 0.13935131
vn 0.02059943 -0.98677623 0.16077419
vn 0.02059943 -0.98677623 0.16077420
vn 0.02059943 -0.98677623 0.16077419
vn 0.02317527 -0.98608994 0.16458912
vn 0.02317527 -0.98608994 0.16458912
vn 0.02317527 -0.98608994 0.16458911
vn 0.00537772 -0.98634899 0.16458057
vn 0.00537772 -0.98634899 0.16458057
vn 0.00537772 -0.98634899 0.16458060
vn 0.00608360 -0.98614311 0.16578534
vn 0.00608360 -0.98614311 0.16578536
vn 0.00608360 -0.98614311 0.16578536
vn 0.00606213 -0.99022150 0.13937232
vn 0.00606213 -0.99022150 0.13937232
vn 0.00606213 -0.99022150 0.13937233
vn 0.00630930 -0.99016714 0.13974716
vn 0.00630930 -0.99016714 0.13974717
vn 0.00630930 -0.99016714 0.13974716
vn -0.00606251 -0.99016863 0.13974738
vn -0.00606251 -0.99016863 0.13974737
vn -0.00606251 -0.99016863 0.13974737
vn -0.00630937 -0.99021995 0.13937233
vn -0.00630937 -0.99021995 0.13937232
vn -0.00630937 -0.99021995 0.13937233
vn -0.00538036 -0.98614705 0.16578604
vn -0.00538036 -0.98614705 0.16578604
vn -0.00538036 -0.98614705 0.16578603
vn -0.00608276 -0.98634470 0.16458188
vn -0.00608276 -0.98634464 0.16458189
vn -0.00608276 -0.98634470 0.16458187
vn -0.02061687 -0.98614639 0.16459109
vn -0.02061688 -0.98614639 0.16459109
vn -0.02061687 -0.98614639 0.16459109
vn -0.02315895 -0.98671758 0.16078570
vn -0.02315895 -0.98671758 0.16078570
vn -0.02315895 -0.98671758 0.16078570
vn -0.02310769 -0.98997307 0.13935332
vn -0.02310769 -0.98997307 0.13935331
vn -0.02310769 -0.98997307 0.13935331
vn -0.02394088 -0.99010789 0.13825059
vn -0.02394088 -0.99010789 0.13825059
vn -0.02394088 -0.99010789 0.13825059
vn -0.00630946 -0.99241197 0.12279517
vn -0.00630946 -0.99241197 0.12279516
vn -0.00630946 -0.99241197 0.12279518
vn -0.00613307 -0.99237925 0.12306857
vn -0.00613307 -0.99237925 0.12306857
vn -0.00613307 -0.99237925 0.12306856
vn -0.02394107 -0.99211711 0.12300616
vn -0.02394107 -0.99211711 0.12300616
vn -0.02394107 -0.99211711 0.12300617
vn -0.02322301 -0.99201351 0.12397518
vn -0.02322301 -0.99201351 0.12397519
vn -0.02322301 -0.99201351 0.12397518
vn 0.98482764 0.17320493 -0.01070154
vn 0.98482764 0.17320496 -0.01070154
vn 0.98482764 0.17320494 -0.01070154
vn 0.98380542 0.17914698 -0.00577153
vn 0.98380542 0.17914698 -0.00577153
vn 0.98380542 0.17914698 -0.00577153
vn 0.97905409 0.20079502 -0.03368226
vn 0.97905409 0.20079501 -0.03368226
vn 0.97905409 0.20079501 -0.03368226
vn 0.98324609 0.18046324 -0.02569454
vn 0.98324609 0.18046319 -0.02569454
vn 0.98324609 0.18046324 -0.02569454
vn 0.99847466 0.05249747 -0.01710016
vn 0.99847466 0.05249748 -0.01710016
vn 0.99847466 0.05249747 -0.01710016
vn 0.99859804 0.04992554 -0.01759049
vn 0.99859804 0.04992554 -0.01759049
vn 0.99859804 0.04992554 -0.01759049
vn 0.99854654 0.04601022 -0.02806881
vn 0.99854654 0.04601023 -0.02806881
vn 0.99854654 0.04601022 -0.02806882
vn 0.97950602 0.20113748 -0.01056637
vn 0.97950602 0.20113751 -0.01056637
vn 0.97950602 0.20113753 -0.01056637
vn 0.97917473 0.20275959 -0.01026534
vn 0.97917473 0.20275958 -0.01026534
vn 0.97917473 0.20275958 -0.01026534
vn 0.98078763 0.19012235 0.04369332
vn 0.98078763 0.19012237 0.04369332
vn 0.98078763 0.19012235 0.04369332
vn 0.97682691 0.20859544 0.04792837
vn 0.97682691 0.20859544 0.04792837
vn 0.97682691 0.20859545 0.04792837
vn 0.99621934 0.05217519 0.06946094
vn 0.99621934 0.05217519 0.06946094
vn 0.99621934 0.05217519 0.06946094
vn 0.99579495 0.05788856 0.07100211
vn 0.99579495 0.05788856 0.07100212
vn 0.99579495 0.05788856 0.07100212
vn 0.99873340 0.04955369 0.00872088
vn 0.99873340 0.04955369 0.00872088
vn 0.99873340 0.04955369 0.00872088
vn 0.99851090 0.05369807 0.00962051
vn 0.99851090 0.05369807 0.00962051
vn 0.99851090 0.05369808 0.00962051
vn 0.99873370 -0.04551734 0.02142718
vn 0.99873370 -0.04551735 0.02142718
vn 0.99873370 -0.04551734 0.02142718
vn 0.99858296 -0.04905280 0.02063815
vn 0.99858296 -0.04905280 0.02063815
vn 0.99858296 -0.04905280 0.02063815
vn 0.99605668 -0.03221773 0.08266257
vn 0.99605668 -0.03221774 0.08266258
vn 0.99605668 -0.03221773 0.08266257
vn 0.99597663 -0.03847697 0.08093230
vn 0.99597663 -0.03847697 0.08093230
vn 0.99597663 -0.03847697 0.08093229
vn 0.98035550 -0.17174286 0.09699246
vn 0.98035550 -0.17174286 0.09699246
vn 0.98035550 -0.17174286 0.09699245
vn 0.97774208 -0.18814439 0.09285550
vn 0.97774208 -0.18814439 0.09285551
vn 0.97774208 -0.18814440 0.09285551
vn 0.97978616 -0.19661534 0.03689860
vn 0.97978616 -0.19661532 0.03689860
vn 0.97978616 -0.19661532 0.03689860
vn 0.98089159 -0.19080058 0.03803792
vn 0.98089159 -0.19080056 0.03803791
vn 0.98089159 -0.19080056 0.03803791
vn 0.99921477 -0.03499085 -0.01858605
vn 0.99921477 -0.03499084 -0.01858605
vn 0.99921477 -0.03499084 -0.01858604
vn 0.99873710 -0.05005692 -0.00430600
vn 0.99873710 -0.05005692 -0.00430600
vn 0.99873710 -0.05005692 -0.00430600
vn 0.99904156 -0.04323820 -0.00681119
vn 0.99904156 -0.04323820 -0.00681119
vn 0.99904156 -0.04323820 -0.00681119
vn 0.98379195 -0.17891987 0.01187787
vn 0.98379195 -0.17891987 0.01187787
vn 0.98379195 -0.17891987 0.01187787
vn 0.97974145 -0.20009105 0.00838311
vn 0.97974145 -0.20009106 0.00838311
vn 0.97974145 -0.20009106 0.00838311
vn 0.05334505 0.36440983 0.92970949
vn 0.05334505 0.36440983 0.92970949
vn 0.05334505 0.36440983 0.92970949
vn 0.06027370 0.33995467 0.93850833
vn 0.06027370 0.33995464 0.93850833
vn 0.06027370 0.33995467 0.93850833
vn 0.01390305 0.37224331 0.92803103
vn 0.01390305 0.37224337 0.92803103
vn 0.01390305 0.37224334 0.92803103
vn 0.01575339 0.36462468 0.93102127
vn 0.01575339 0.36462471 0.93102127
vn 0.01575338 0.36462471 0.93102127
vn 0.01612785 0.19783439 0.98010278
vn 0.01612785 0.19783437 0.98010278
vn 0.01612785 0.19783436 0.98010278
vn 0.01678367 0.19521981 0.98061591
vn 0.01678367 0.19521981 0.98061591
vn 0.01678367 0.19521983 0.98061591
vn 0.06141893 0.19498666 0.97888094
vn 0.06141893 0.19498664 0.97888094
vn 0.06141893 0.19498666 0.97888094
vn 0.06364509 0.18728510 0.98024160
vn 0.06364508 0.18728510 0.98024160
vn 0.06364509 0.18728510 0.98024160
vn -0.01392442 0.36462197 0.93105149
vn -0.01392442 0.36462197 0.93105155
vn -0.01392442 0.36462194 0.93105155
vn -0.01572392 0.37223327 0.92800599
vn -0.01572392 0.37223333 0.92800599
vn -0.01572392 0.37223327 0.92800599
vn -0.05359512 0.33993873 0.93891919
vn -0.05359511 0.33993870 0.93891919
vn -0.05359512 0.33993876 0.93891919
vn -0.05993668 0.36431879 0.92934352
vn -0.05993668 0.36431879 0.92934352
vn -0.05993669 0.36431885 0.92934352
vn -0.06144100 0.18729693 0.98037994
vn -0.06144100 0.18729693 0.98037994
vn -0.06144100 0.18729694 0.98037994
vn -0.06361471 0.19496527 0.97874498
vn -0.06361471 0.19496527 0.97874498
vn -0.06361471 0.19496526 0.97874498
vn -0.01612981 0.19522037 0.98062676
vn -0.01612981 0.19522037 0.98062676
vn -0.01612981 0.19522040 0.98062676
vn -0.01678064 0.19783226 0.98009223
vn -0.01678064 0.19783226 0.98009223
vn -0.01678064 0.19783224 0.98009223
vn -0.01678466 0.06450133 0.99777645
vn -0.01678466 0.06450132 0.99777645
vn -0.01678466 0.06450132 0.99777645
vn -0.01612729 0.06183658 0.99795598
vn -0.01612729 0.06183658 0.99795598
vn -0.01612729 0.06183659 0.99795598
vn -0.06364540 0.07207117 0.99536675
vn -0.06364540 0.07207117 0.99536675
vn -0.06364539 0.07207116 0.99536675
vn -0.06141896 0.06427869 0.99604017
vn -0.06141896 0.06427869 0.99604017
vn -0.06141896 0.06427869 0.99604017
vn -0.06027423 -0.08617389 0.99445516
vn -0.06027423 -0.08617389 0.99445516
vn -0.06027423 -0.08617389 0.99445516
vn -0.05334375 -0.11207797 0.99226660
vn -0.05334375 -0.11207798 0.99226660
vn -0.05334375 -0.11207797 0.99226660
vn -0.01575195 -0.11194702 0.99358934
vn -0.01575195 -0.11194702 0.99358934
vn -0.01575195 -0.11194701 0.99358934
vn -0.01390100 -0.12008188 0.99266666
vn -0.01390100 -0.12008188 0.99266666
vn -0.01390100 -0.12008188 0.99266666
vn 0.06361391 0.06426454 0.99590325
vn 0.06361391 0.06426453 0.99590325
vn 0.06361391 0.06426454 0.99590325
vn 0.06143956 0.07209732 0.99550349
vn 0.06143956 0.07209732 0.99550349
vn 0.06143956 0.07209732 0.99550349
vn 0.01678166 0.06183591 0.99794525
vn 0.01678166 0.06183591 0.99794525
vn 0.01678166 0.06183592 0.99794525
vn 0.01612926 0.06450367 0.99778712
vn 0.01612926 0.06450367 0.99778712
vn 0.01612926 0.06450367 0.99778712
vn 0.01572242 -0.12007866 0.99263990
vn 0.01572242 -0.12007865 0.99263990
vn 0.01572242 -0.12007866 0.99263990
vn 0.01392239 -0.11193662 0.99361783
vn 0.01392239 -0.11193662 0.99361783
vn 0.01392239 -0.11193662 0.99361783
vn 0.05993707 -0.11208474 0.99188942
vn 0.05993707 -0.11208475 0.99188942
vn 0.05993707 -0.11208475 0.99188936
vn 0.05359308 -0.08604994 0.99484831
vn 0.05359308 -0.08604994 0.99484831
vn 0.05359308 -0.08604994 0.99484831
vn -0.97893107 -0.20391519 0.01060804
vn -0.97893107 -0.20391521 0.01060804
vn -0.97893107 -0.20391521 0.01060804
vn -0.98232257 -0.18668734 0.01378921
vn -0.98232257 -0.18668735 0.01378921
vn -0.98232257 -0.18668734 0.01378921
vn -0.99869573 -0.05070371 -0.00599690
vn -0.99869573 -0.05070371 -0.00599690
vn -0.99869573 -0.05070371 -0.00599690
vn -0.99866140 -0.05141164 -0.00568277
vn -0.99866140 -0.05141164 -0.00568277
vn -0.99866140 -0.05141164 -0.00568277
vn -0.99846822 -0.04264545 -0.03525063
vn -0.99846822 -0.04264545 -0.03525063
vn -0.99846822 -0.04264545 -0.03525063
vn -0.97955817 -0.19707435 0.04034171
vn -0.97955817 -0.19707437 0.04034171
vn -0.97955817 -0.19707438 0.04034171
vn -0.97948790 -0.19739191 0.04049628
vn -0.97948790 -0.19739190 0.04049628
vn -0.97948790 -0.19739190 0.04049628
vn -0.98078036 -0.17239080 0.09138525
vn -0.98078036 -0.17239080 0.09138525
vn -0.98078036 -0.17239083 0.09138525
vn -0.97692609 -0.18870108 0.10003639
vn -0.97692609 -0.18870109 0.10003640
vn -0.97692609 -0.18870108 0.10003639
vn -0.99618727 -0.03242207 0.08099224
vn -0.99618727 -0.03242207 0.08099224
vn -0.99618727 -0.03242207 0.08099223
vn -0.99575520 -0.03763002 0.08399758
vn -0.99575520 -0.03763003 0.08399757
vn -0.99575520 -0.03763002 0.08399757
vn -0.99872327 -0.04538534 0.02218148
vn -0.99872327 -0.04538535 0.02218148
vn -0.99872327 -0.04538535 0.02218148
vn -0.99853790 -0.04854928 0.02377107
vn -0.99853790 -0.04854927 0.02377107
vn -0.99853790 -0.04854927 0.02377107
vn -0.99870652 0.04961985 0.01109844
vn -0.99870652 0.04961985 0.01109844
vn -0.99870652 0.04961985 0.01109843
vn -0.99860650 0.05182556 0.00995809
vn -0.99860650 0.05182556 0.00995809
vn -0.99860650 0.05182556 0.00995809
vn -0.99600410 0.05255030 0.07220984
vn -0.99600410 0.05255030 0.07220984
vn -0.99600410 0.05255030 0.07220984
vn -0.99593663 0.05752073 0.06929374
vn -0.99593663 0.05752073 0.06929374
vn -0.99593663 0.05752073 0.06929374
vn -0.98025155 0.19115816 0.05064973
vn -0.98025155 0.19115816 0.05064974
vn -0.98025155 0.19115818 0.05064974
vn -0.97733063 0.20761874 0.04146420
vn -0.97733063 0.20761874 0.04146420
vn -0.97733063 0.20761874 0.04146420
vn -0.97962356 0.20056668 -0.01052189
vn -0.97962356 0.20056668 -0.01052189
vn -0.97962356 0.20056666 -0.01052189
vn -0.98015618 0.19801006 -0.00926422
vn -0.98015618 0.19801006 -0.00926422
vn -0.98015618 0.19801006 -0.00926422
vn -0.99819613 0.03926861 -0.04541480
vn -0.99819613 0.03926861 -0.04541481
vn -0.99819613 0.03926861 -0.04541481
vn -0.99868631 0.04721440 -0.01991100
vn -0.99868631 0.04721440 -0.01991100
vn -0.99868631 0.04721440 -0.01991100
vn -0.99844319 0.05244301 -0.01899829
vn -0.99844319 0.05244300 -0.01899829
vn -0.99844319 0.05244301 -0.01899829
vn -0.98737091 0.15662351 -0.02382754
vn -0.98737091 0.15662351 -0.02382754
vn -0.98737091 0.15662354 -0.02382754
vn -0.98026365 0.19336726 -0.04113695
vn -0.98026365 0.19336726 -0.04113695
vn -0.98026365 0.19336724 -0.04113694
vn -0.99234098 0.10047088 -0.07186740
vn -0.99234098 0.10047087 -0.07186739
vn -0.99234098 0.10047088 -0.07186739
vn -0.98654503 0.15892975 -0.03834377
vn -0.98654503 0.15892974 -0.03834377
vn -0.98654503 0.15892974 -0.03834377
vn -0.02343974 0.99006778 -0.13862310
vn -0.02343974 0.99006778 -0.13862310
vn -0.02343974 0.99006778 -0.13862309
vn -0.01996835 0.99056375 -0.13559009
vn -0.01996835 0.99056375 -0.13559009
vn -0.01996835 0.99056375 -0.13559009
vn -0.00712988 0.99039435 -0.13808747
vn -0.00712988 0.99039435 -0.13808747
vn -0.00712988 0.99039435 -0.13808745
vn -0.00649997 0.99030882 -0.13873045
vn -0.00649997 0.99030882 -0.13873045
vn -0.00649997 0.99030882 -0.13873045
vn -0.00498027 0.98322374 -0.18233575
vn -0.00498027 0.98322374 -0.18233575
vn -0.00498027 0.98322374 -0.18233575
vn -0.00421022 0.98874837 -0.14952889
vn -0.00421022 0.98874837 -0.14952888
vn -0.00421022 0.98874837 -0.14952889
vn -0.01970471 0.99068421 -0.13474602
vn -0.01970471 0.99068421 -0.13474603
vn -0.01970471 0.99068421 -0.13474602
vn -0.01966046 0.99010521 -0.13894287
vn -0.01966046 0.99010521 -0.13894287
vn -0.01966046 0.99010521 -0.13894287
vn -0.02298553 0.99201256 -0.12402741
vn -0.02298553 0.99201256 -0.12402741
vn -0.02298553 0.99201256 -0.12402741
vn -0.02290813 0.99200261 -0.12412123
vn -0.02290813 0.99200261 -0.12412123
vn -0.02290813 0.99200261 -0.12412123
vn -0.02058931 0.99476469 -0.10009623
vn -0.02058931 0.99476469 -0.10009624
vn -0.02058931 0.99476469 -0.10009623
vn -0.02292529 0.99505454 -0.09664853
vn -0.02292529 0.99505454 -0.09664853
vn -0.02292529 0.99505454 -0.09664852
vn -0.00537724 0.99529862 -0.09670444
vn -0.00537724 0.99529862 -0.09670444
vn -0.00537724 0.99529862 -0.09670445
vn -0.00624039 0.99543387 -0.09524984
vn -0.00624039 0.99543387 -0.09524984
vn -0.00624039 0.99543387 -0.09524984
vn -0.00612852 0.99225384 -0.12407542
vn -0.00612852 0.99225384 -0.12407542
vn -0.00612852 0.99225384 -0.12407541
vn -0.00688602 0.99237376 -0.12307250
vn -0.00688602 0.99237376 -0.12307250
vn -0.00688602 0.99237376 -0.12307250
vn 0.00612602 0.99237931 -0.12306797
vn 0.00612602 0.99237931 -0.12306796
vn 0.00612602 0.99237931 -0.12306797
vn 0.00683686 0.99225271 -0.12404747
vn 0.00683686 0.99225271 -0.12404747
vn 0.00683686 0.99225271 -0.12404747
vn 0.00538036 0.99543887 -0.09524949
vn 0.00538036 0.99543887 -0.09524949
vn 0.00538036 0.99543887 -0.09524947
vn 0.00621812 0.99529678 -0.09667301
vn 0.00621812 0.99529678 -0.09667300
vn 0.00621812 0.99529678 -0.09667301
vn 0.02061363 0.99510729 -0.09662574
vn 0.02061363 0.99510729 -0.09662574
vn 0.02061363 0.99510729 -0.09662574
vn 0.02296021 0.99471438 -0.10008074
vn 0.02296021 0.99471438 -0.10008075
vn 0.02296021 0.99471438 -0.10008074
vn 0.02299683 0.99200612 -0.12407678
vn 0.02299683 0.99200612 -0.12407677
vn 0.02299683 0.99200612 -0.12407676
vn 0.02300113 0.99200535 -0.12408174
vn 0.02300113 0.99200535 -0.12408175
vn 0.02300113 0.99200535 -0.12408175
vn 0.00651874 0.99029028 -0.13886222
vn 0.00651874 0.99029022 -0.13886224
vn 0.00651874 0.99029022 -0.13886224
vn 0.00734061 0.99040383 -0.13800871
vn 0.00734061 0.99040383 -0.13800870
vn 0.00734061 0.99040383 -0.13800871
vn 0.01976979 0.99058688 -0.13545050
vn 0.01976979 0.99058688 -0.13545050
vn 0.01976979 0.99058688 -0.13545050
vn 0.02346355 0.99005324 -0.13872272
vn 0.02346355 0.99005324 -0.13872272
vn 0.02346355 0.99005324 -0.13872272
vn 0.01874357 0.98952264 -0.14315608
vn 0.01874357 0.98952264 -0.14315605
vn 0.01874357 0.98952264 -0.14315607
vn 0.01903974 0.99093622 -0.13297690
vn 0.01903974 0.99093622 -0.13297689
vn 0.01903974 0.99093622 -0.13297690
vn 0.00466231 0.98881263 -0.14909020
vn 0.00466231 0.98881263 -0.14909017
vn 0.00466231 0.98881263 -0.14909020
vn 0.00599595 0.98313129 -0.18280298
vn 0.00599595 0.98313129 -0.18280296
vn 0.00599595 0.98313129 -0.18280296
vn -0.04742562 -0.97657478 0.20988680
vn -0.04742562 -0.97657478 0.20988679
vn -0.04742562 -0.97657478 0.20988679
vn -0.05639224 -0.97879463 0.19692893
vn -0.05639223 -0.97879463 0.19692893
vn -0.05639224 -0.97879463 0.19692892
vn -0.04514581 -0.93817931 0.34319302
vn -0.04514581 -0.93817931 0.34319305
vn -0.04514581 -0.93817931 0.34319305
vn -0.05111386 -0.94256115 0.33009985
vn -0.05111386 -0.94256115 0.33009985
vn -0.05111386 -0.94256115 0.33009985
vn -0.12877706 -0.93426621 0.33251026
vn -0.12877704 -0.93426627 0.33251026
vn -0.12877703 -0.93426621 0.33251026
vn -0.15357034 -0.94166267 0.29947889
vn -0.15357034 -0.94166267 0.29947889
vn -0.15357034 -0.94166267 0.29947889
vn -0.15111536 -0.96812648 0.19973800
vn -0.15111537 -0.96812648 0.19973801
vn -0.15111534 -0.96812648 0.19973798
vn -0.16352928 -0.96831149 0.18876174
vn -0.16352928 -0.96831149 0.18876174
vn -0.16352928 -0.96831149 0.18876174
vn -0.13461201 -0.31220683 0.94042891
vn -0.13461202 -0.31220680 0.94042891
vn -0.13461202 -0.31220683 0.94042891
vn -0.10930725 -0.38141593 0.91791821
vn -0.10930726 -0.38141593 0.91791821
vn -0.10930725 -0.38141596 0.91791821
vn -0.37552997 -0.26068816 0.88939244
vn -0.37552997 -0.26068816 0.88939244
vn -0.37552997 -0.26068813 0.88939244
vn -0.34098786 -0.32110345 0.88352692
vn -0.34098786 -0.32110345 0.88352692
vn -0.34098783 -0.32110345 0.88352692
vn -0.25152943 -0.67725545 0.69141734
vn -0.25152943 -0.67725545 0.69141734
vn -0.25152943 -0.67725551 0.69141734
vn -0.19057006 -0.74405599 0.64036214
vn -0.19057007 -0.74405599 0.64036214
vn -0.19057007 -0.74405599 0.64036214
vn -0.07753182 -0.74814218 0.65899318
vn -0.07753181 -0.74814218 0.65899318
vn -0.07753182 -0.74814218 0.65899318
vn -0.06556064 -0.76858801 0.63637590
vn -0.06556065 -0.76858795 0.63637596
vn -0.06556065 -0.76858795 0.63637596
vn -0.85361099 -0.46993932 0.22473384
vn -0.85361099 -0.46993929 0.22473383
vn -0.85361099 -0.46993932 0.22473383
vn -0.87626815 -0.41393203 0.24660566
vn -0.87626821 -0.41393206 0.24660563
vn -0.87626821 -0.41393206 0.24660563
vn -0.46061844 -0.86339241 0.20587432
vn -0.46061844 -0.86339241 0.20587432
vn -0.46061844 -0.86339241 0.20587432
vn -0.47327641 -0.85436940 0.21462154
vn -0.47327641 -0.85436940 0.21462154
vn -0.47327638 -0.85436940 0.21462154
vn -0.44540927 -0.80896217 0.38365459
vn -0.44540927 -0.80896211 0.38365459
vn -0.44540927 -0.80896211 0.38365459
vn -0.48638958 -0.74882340 0.45020962
vn -0.48638961 -0.74882334 0.45020965
vn -0.48638961 -0.74882334 0.45020968
vn -0.74363631 -0.35490793 0.56660873
vn -0.74363631 -0.35490787 0.56660867
vn -0.74363637 -0.35490793 0.56660867
vn -0.74563271 -0.32287872 0.58290750
vn -0.74563271 -0.32287875 0.58290750
vn -0.74563271 -0.32287872 0.58290750
vn -0.10931628 0.60540974 0.78837109
vn -0.10931627 0.60540974 0.78837115
vn -0.10931628 0.60540974 0.78837115
vn -0.13460426 0.54439783 0.82795691
vn -0.13460426 0.54439783 0.82795691
vn -0.13460426 0.54439783 0.82795691
vn -0.06555317 0.90681416 0.41640228
vn -0.06555316 0.90681416 0.41640222
vn -0.06555316 0.90681416 0.41640222
vn -0.07754292 0.89287770 0.44357240
vn -0.07754291 0.89287770 0.44357237
vn -0.07754291 0.89287770 0.44357240
vn -0.19057152 0.88412148 0.42662835
vn -0.19057152 0.88412148 0.42662835
vn -0.19057150 0.88412148 0.42662835
vn -0.25151274 0.83277822 0.49317518
vn -0.25151274 0.83277828 0.49317515
vn -0.25151271 0.83277822 0.49317518
vn -0.34096915 0.53830588 0.77069241
vn -0.34096915 0.53830588 0.77069241
vn -0.34096915 0.53830588 0.77069241
vn -0.37553859 0.48140758 0.79197067
vn -0.37553859 0.48140758 0.79197067
vn -0.37553856 0.48140758 0.79197067
vn -0.05638488 0.99645841 -0.06238066
vn -0.05638488 0.99645841 -0.06238066
vn -0.05638488 0.99645841 -0.06238065
vn -0.04743101 0.99765676 -0.04930751
vn -0.04743100 0.99765676 -0.04930751
vn -0.04743101 0.99765676 -0.04930752
vn -0.16354206 0.98421937 -0.06757368
vn -0.16354206 0.98421937 -0.06757367
vn -0.16354208 0.98421937 -0.06757367
vn -0.15111779 0.98687607 -0.05691266
vn -0.15111780 0.98687607 -0.05691266
vn -0.15111780 0.98687607 -0.05691266
vn -0.15357280 0.98705393 0.04625917
vn -0.15357280 0.98705393 0.04625917
vn -0.15357280 0.98705393 0.04625917
vn -0.12877470 0.98843467 0.08008727
vn -0.12877470 0.98843467 0.08008727
vn -0.12877470 0.98843467 0.08008727
vn -0.05112064 0.99582559 0.07561791
vn -0.05112064 0.99582559 0.07561791
vn -0.05112064 0.99582559 0.07561792
vn -0.04513945 0.99496979 0.08942915
vn -0.04513945 0.99496979 0.08942915
vn -0.04513945 0.99496979 0.08942915
vn -0.87626868 0.46355790 0.13140477
vn -0.87626868 0.46355790 0.13140477
vn -0.87626874 0.46355790 0.13140477
vn -0.85361272 0.51201957 0.09581888
vn -0.85361272 0.51201957 0.09581888
vn -0.85361272 0.51201963 0.09581889
vn -0.74563354 0.46238872 0.47982007
vn -0.74563348 0.46238875 0.47982013
vn -0.74563348 0.46238872 0.47982010
vn -0.74363601 0.48913941 0.45579392
vn -0.74363601 0.48913938 0.45579392
vn -0.74363607 0.48913938 0.45579389
vn -0.48638538 0.83965921 0.24166431
vn -0.48638538 0.83965921 0.24166431
vn -0.48638538 0.83965927 0.24166428
vn -0.44539893 0.88058531 0.16183124
vn -0.44539893 0.88058525 0.16183123
vn -0.44539893 0.88058531 0.16183124
vn -0.47326323 0.88082236 -0.01318460
vn -0.47326323 0.88082236 -0.01318460
vn -0.47326323 0.88082242 -0.01318460
vn -0.46060818 0.88728005 -0.02396179
vn -0.46060821 0.88728005 -0.02396179
vn -0.46060821 0.88728005 -0.02396179
vn 0.10930850 -0.38141590 0.91791809
vn 0.10930850 -0.38141587 0.91791809
vn 0.10930849 -0.38141587 0.91791809
vn 0.13461351 -0.31220689 0.94042867
vn 0.13461353 -0.31220692 0.94042867
vn 0.13461351 -0.31220689 0.94042867
vn 0.06556047 -0.76858944 0.63637418
vn 0.06556047 -0.76858944 0.63637418
vn 0.06556047 -0.76858944 0.63637424
vn 0.07753272 -0.74814212 0.65899324
vn 0.07753272 -0.74814212 0.65899318
vn 0.07753272 -0.74814212 0.65899324
vn 0.19056581 -0.74405617 0.64036328
vn 0.19056582 -0.74405617 0.64036328
vn 0.19056579 -0.74405617 0.64036328
vn 0.25153324 -0.67724478 0.69142646
vn 0.25153324 -0.67724478 0.69142646
vn 0.25153327 -0.67724478 0.69142646
vn 0.34098765 -0.32110351 0.88352698
vn 0.34098762 -0.32110348 0.88352704
vn 0.34098765 -0.32110351 0.88352698
vn 0.37552977 -0.26068813 0.88939255
vn 0.37552977 -0.26068813 0.88939255
vn 0.37552977 -0.26068810 0.88939255
vn 0.05637923 -0.97879547 0.19692841
vn 0.05637923 -0.97879547 0.19692840
vn 0.05637923 -0.97879547 0.19692841
vn 0.04742793 -0.97657961 0.20986384
vn 0.04742793 -0.97657961 0.20986386
vn 0.04742793 -0.97657961 0.20986384
vn 0.16352916 -0.96831155 0.18876176
vn 0.16352917 -0.96831155 0.18876176
vn 0.16352917 -0.96831155 0.18876176
vn 0.15111528 -0.96812648 0.19973801
vn 0.15111528 -0.96812648 0.19973801
vn 0.15111527 -0.96812648 0.19973801
vn 0.15357016 -0.94166422 0.29947406
vn 0.15357016 -0.94166422 0.29947406
vn 0.15357015 -0.94166422 0.29947403
vn 0.12877399 -0.93426669 0.33251011
vn 0.12877399 -0.93426669 0.33251014
vn 0.12877399 -0.93426669 0.33251011
vn 0.05111843 -0.94256079 0.33010003
vn 0.05111843 -0.94256085 0.33009997
vn 0.05111843 -0.94256085 0.33009994
vn 0.04514643 -0.93817604 0.34320197
vn 0.04514643 -0.93817598 0.34320197
vn 0.04514642 -0.93817598 0.34320197
vn 0.87626761 -0.41393328 0.24660566
vn 0.87626761 -0.41393328 0.24660568
vn 0.87626761 -0.41393322 0.24660563
vn 0.85361093 -0.46993923 0.22473434
vn 0.85361093 -0.46993926 0.22473435
vn 0.85361093 -0.46993926 0.22473435
vn 0.74563313 -0.32287875 0.58290702
vn 0.74563307 -0.32287875 0.58290702
vn 0.74563307 -0.32287875 0.58290702
vn 0.74363655 -0.35490924 0.56660753
vn 0.74363655 -0.35490924 0.56660753
vn 0.74363655 -0.35490924 0.56660753
vn 0.48640716 -0.74880677 0.45021823
vn 0.48640716 -0.74880677 0.45021820
vn 0.48640716 -0.74880677 0.45021823
vn 0.44541287 -0.80896610 0.38364211
vn 0.44541290 -0.80896604 0.38364208
vn 0.44541290 -0.80896604 0.38364211
vn 0.47327742 -0.85436875 0.21462192
vn 0.47327742 -0.85436875 0.21462195
vn 0.47327742 -0.85436875 0.21462195
vn 0.46061885 -0.86339217 0.20587434
vn 0.46061888 -0.86339217 0.20587434
vn 0.46061885 -0.86339217 0.20587432
vn 0.13460690 0.54438132 0.82796735
vn 0.13460690 0.54438132 0.82796741
vn 0.13460690 0.54438132 0.82796741
vn 0.10932088 0.60538793 0.78838724
vn 0.10932087 0.60538793 0.78838718
vn 0.10932086 0.60538787 0.78838724
vn 0.37553835 0.48140755 0.79197079
vn 0.37553838 0.48140755 0.79197079
vn 0.37553838 0.48140758 0.79197079
vn 0.34097987 0.53828877 0.77069968
vn 0.34097987 0.53828871 0.77069968
vn 0.34097987 0.53828877 0.77069968
vn 0.25152725 0.83277273 0.49317709
vn 0.25152725 0.83277267 0.49317715
vn 0.25152725 0.83277267 0.49317712
vn 0.19056304 0.88413608 0.42660186
vn 0.19056304 0.88413608 0.42660186
vn 0.19056304 0.88413608 0.42660186
vn 0.07754399 0.89289176 0.44354400
vn 0.07754399 0.89289176 0.44354400
vn 0.07754399 0.89289176 0.44354397
vn 0.06555114 0.90683079 0.41636634
vn 0.06555114 0.90683079 0.41636637
vn 0.06555114 0.90683079 0.41636640
vn 0.85361266 0.51201957 0.09581940
vn 0.85361266 0.51201957 0.09581940
vn 0.85361266 0.51201963 0.09581940
vn 0.87626815 0.46355900 0.13140450
vn 0.87626815 0.46355903 0.13140450
vn 0.87626815 0.46355900 0.13140450
vn 0.46060869 0.88727981 -0.02396172
vn 0.46060863 0.88727987 -0.02396172
vn 0.46060866 0.88727981 -0.02396172
vn 0.47326422 0.88082188 -0.01318406
vn 0.47326422 0.88082188 -0.01318406
vn 0.47326422 0.88082188 -0.01318406
vn 0.44540256 0.88058585 0.16181812
vn 0.44540262 0.88058585 0.16181813
vn 0.44540262 0.88058585 0.16181813
vn 0.48640293 0.83964545 0.24167682
vn 0.48640296 0.83964545 0.24167684
vn 0.48640290 0.83964545 0.24167682
vn 0.74363631 0.48914039 0.45579246
vn 0.74363631 0.48914036 0.45579243
vn 0.74363631 0.48914036 0.45579240
vn 0.74563384 0.46238866 0.47981969
vn 0.74563384 0.46238863 0.47981972
vn 0.74563384 0.46238863 0.47981966
vn 0.04744465 0.99765521 -0.04932660
vn 0.04744465 0.99765521 -0.04932660
vn 0.04744464 0.99765521 -0.04932660
vn 0.05638551 0.99645841 -0.06238062
vn 0.05638551 0.99645841 -0.06238062
vn 0.05638552 0.99645841 -0.06238062
vn 0.04514143 0.99496710 0.08945821
vn 0.04514143 0.99496710 0.08945822
vn 0.04514142 0.99496710 0.08945820
vn 0.05113494 0.99582481 0.07561874
vn 0.05113494 0.99582481 0.07561874
vn 0.05113493 0.99582481 0.07561873
vn 0.12877165 0.98843509 0.08008700
vn 0.12877163 0.98843509 0.08008699
vn 0.12877165 0.98843509 0.08008699
vn 0.15357262 0.98705423 0.04625408
vn 0.15357262 0.98705423 0.04625408
vn 0.15357260 0.98705423 0.04625408
vn 0.15111770 0.98687607 -0.05691268
vn 0.15111770 0.98687607 -0.05691268
vn 0.15111768 0.98687607 -0.05691268
vn 0.16354197 0.98421937 -0.06757370
vn 0.16354196 0.98421937 -0.06757370
vn 0.16354197 0.98421937 -0.06757370
vn -0.06307331 -0.99031997 0.12364495
vn -0.06307331 -0.99031997 0.12364495
vn -0.06307331 -0.99031997 0.12364495
vn -0.06181597 -0.99024242 0.12489488
vn -0.06181597 -0.99024242 0.12489486
vn -0.06181597 -0.99024242 0.12489487
vn -0.17255777 -0.97732836 0.12269080
vn -0.17255777 -0.97732842 0.12269079
vn -0.17255776 -0.97732842 0.12269080
vn -0.17114104 -0.97745699 0.12364719
vn -0.17114103 -0.97745699 0.12364718
vn -0.17114104 -0.97745699 0.12364718
vn -0.06138642 -0.98851132 0.13811974
vn -0.06138642 -0.98851132 0.13811973
vn -0.06138642 -0.98851132 0.13811974
vn -0.06307309 -0.98863280 0.13648066
vn -0.06307309 -0.98863280 0.13648066
vn -0.06307310 -0.98863280 0.13648067
vn -0.05595379 -0.98538923 0.16086419
vn -0.05595379 -0.98538923 0.16086417
vn -0.05595379 -0.98538923 0.16086419
vn -0.06145222 -0.98602557 0.15484567
vn -0.06145221 -0.98602557 0.15484567
vn -0.06145222 -0.98602557 0.15484568
vn -0.16336149 -0.97429395 0.15512682
vn -0.16336149 -0.97429395 0.15512681
vn -0.16336149 -0.97429395 0.15512684
vn -0.17040835 -0.97387463 0.15009712
vn -0.17040837 -0.97387463 0.15009713
vn -0.17040835 -0.97387463 0.15009712
vn -0.17038801 -0.97604603 0.13528499
vn -0.17038803 -0.97604603 0.13528500
vn -0.17038801 -0.97604603 0.13528499
vn -0.17255770 -0.97585994 0.13386998
vn -0.17255771 -0.97585994 0.13386999
vn -0.17255771 -0.97585994 0.13386999
vn -0.45949492 -0.87958795 0.12324559
vn -0.45949495 -0.87958795 0.12324559
vn -0.45949492 -0.87958795 0.12324559
vn -0.46001852 -0.87934965 0.12299231
vn -0.46001852 -0.87934965 0.12299230
vn -0.46001852 -0.87934965 0.12299231
vn -0.46346658 -0.87397164 0.14619285
vn -0.46346658 -0.87397164 0.14619285
vn -0.46346655 -0.87397164 0.14619285
vn -0.45913243 -0.87589413 0.14834714
vn -0.45913240 -0.87589413 0.14834715
vn -0.45913243 -0.87589413 0.14834715
vn -0.86659986 -0.48537245 0.11583700
vn -0.86659986 -0.48537245 0.11583699
vn -0.86659992 -0.48537245 0.11583700
vn -0.85130751 -0.50886095 0.12781255
vn -0.85130751 -0.50886095 0.12781255
vn -0.85130751 -0.50886095 0.12781255
vn -0.85301423 -0.51581401 0.07938901
vn -0.85301417 -0.51581407 0.07938901
vn -0.85301423 -0.51581401 0.07938901
vn -0.85319805 -0.51553148 0.07924885
vn -0.85319805 -0.51553148 0.07924886
vn -0.85319805 -0.51553148 0.07924885
vn -0.45993552 -0.88116294 0.10959546
vn -0.45993549 -0.88116300 0.10959546
vn -0.45993549 -0.88116294 0.10959546
vn -0.46031162 -0.88099045 0.10940336
vn -0.46031162 -0.88099039 0.10940336
vn -0.46031162 -0.88099045 0.10940336
vn -0.85256886 -0.51915359 0.06004920
vn -0.85256881 -0.51915365 0.06004920
vn -0.85256881 -0.51915365 0.06004920
vn -0.85628766 -0.51334476 0.05699617
vn -0.85628766 -0.51334482 0.05699618
vn -0.85628766 -0.51334482 0.05699617
vn -0.15833203 -0.08751458 0.98349994
vn -0.15833203 -0.08751458 0.98349994
vn -0.15833202 -0.08751457 0.98349994
vn -0.14536333 -0.04571754 0.98832148
vn -0.14536335 -0.04571754 0.98832148
vn -0.14536335 -0.04571754 0.98832148
vn -0.16588648 0.07055182 0.98361784
vn -0.16588649 0.07055182 0.98361784
vn -0.16588649 0.07055182 0.98361784
vn -0.16162696 0.08216400 0.98342556
vn -0.16162696 0.08216400 0.98342556
vn -0.16162695 0.08216400 0.98342556
vn -0.42280319 0.07183316 0.90337002
vn -0.42280319 0.07183316 0.90337008
vn -0.42280319 0.07183316 0.90337002
vn -0.41843897 0.08117012 0.90461051
vn -0.41843900 0.08117011 0.90461051
vn -0.41843900 0.08117011 0.90461051
vn -0.41244242 -0.05705002 0.90919554
vn -0.41244236 -0.05705001 0.90919554
vn -0.41244239 -0.05705001 0.90919554
vn -0.39982533 -0.02336626 0.91629344
vn -0.39982533 -0.02336626 0.91629344
vn -0.39982533 -0.02336626 0.91629344
vn -0.16155161 0.18582763 0.96921057
vn -0.16155161 0.18582763 0.96921057
vn -0.16155161 0.18582763 0.96921057
vn -0.16598728 0.17438553 0.97058636
vn -0.16598728 0.17438555 0.97058636
vn -0.16598727 0.17438553 0.97058636
vn -0.14439002 0.33884364 0.92969698
vn -0.14439000 0.33884367 0.92969698
vn -0.14439000 0.33884364 0.92969698
vn -0.15955661 0.29935420 0.94070649
vn -0.15955663 0.29935420 0.94070649
vn -0.15955664 0.29935423 0.94070649
vn -0.39783227 0.29096314 0.87009764
vn -0.39783230 0.29096314 0.87009764
vn -0.39783227 0.29096314 0.87009764
vn -0.41455120 0.25887838 0.87242723
vn -0.41455120 0.25887835 0.87242723
vn -0.41455117 0.25887838 0.87242723
vn -0.41829082 0.16407907 0.89337051
vn -0.41829079 0.16407907 0.89337051
vn -0.41829085 0.16407907 0.89337051
vn -0.42296267 0.15483858 0.89282006
vn -0.42296267 0.15483856 0.89282006
vn -0.42296267 0.15483856 0.89282006
vn -0.80901659 0.11224031 0.57696986
vn -0.80901659 0.11224031 0.57696992
vn -0.80901659 0.11224030 0.57696992
vn -0.80846947 0.11364619 0.57746142
vn -0.80846941 0.11364617 0.57746142
vn -0.80846947 0.11364618 0.57746142
vn -0.80435175 0.21815726 0.55265331
vn -0.80435175 0.21815725 0.55265331
vn -0.80435175 0.21815725 0.55265337
vn -0.79976535 0.22830777 0.55520356
vn -0.79976529 0.22830777 0.55520356
vn -0.79976535 0.22830778 0.55520356
vn -0.96606708 0.17953275 0.18569444
vn -0.96606708 0.17953274 0.18569443
vn -0.96606708 0.17953272 0.18569444
vn -0.95795631 0.21050885 0.19495054
vn -0.95795631 0.21050885 0.19495055
vn -0.95795631 0.21050885 0.19495054
vn -0.97392124 0.06509739 0.21734706
vn -0.97392124 0.06509740 0.21734706
vn -0.97392124 0.06509741 0.21734704
vn -0.97281146 0.07239629 0.21999247
vn -0.97281146 0.07239629 0.21999246
vn -0.97281146 0.07239629 0.21999246
vn -0.80094147 -0.06770043 0.59490287
vn -0.80094147 -0.06770044 0.59490287
vn -0.80094147 -0.06770044 0.59490281
vn -0.80310822 -0.07805169 0.59069884
vn -0.80310822 -0.07805170 0.59069890
vn -0.80310822 -0.07805170 0.59069890
vn -0.80850869 0.04057024 0.58708411
vn -0.80850869 0.04057023 0.58708411
vn -0.80850869 0.04057023 0.58708411
vn -0.80897582 0.03916198 0.58653593
vn -0.80897582 0.03916198 0.58653599
vn -0.80897582 0.03916198 0.58653599
vn -0.97307670 -0.00635622 0.23039383
vn -0.97307670 -0.00635622 0.23039381
vn -0.97307670 -0.00635622 0.23039383
vn -0.97365040 -0.01363119 0.22763810
vn -0.97365040 -0.01363119 0.22763811
vn -0.97365040 -0.01363119 0.22763811
vn -0.96282226 -0.12412141 0.23993148
vn -0.96282232 -0.12412141 0.23993148
vn -0.96282226 -0.12412141 0.23993149
vn -0.96105748 -0.15501460 0.22877702
vn -0.96105748 -0.15501462 0.22877704
vn -0.96105754 -0.15501460 0.22877702
vn -0.06157336 0.99312168 -0.09958949
vn -0.06157336 0.99312168 -0.09958949
vn -0.06157337 0.99312168 -0.09958950
vn -0.05585507 0.99281555 -0.10581795
vn -0.05585508 0.99281555 -0.10581796
vn -0.05585507 0.99281555 -0.10581795
vn -0.06355174 0.99026698 -0.12382448
vn -0.06355174 0.99026698 -0.12382448
vn -0.06355174 0.99026698 -0.12382448
vn -0.06141811 0.99016559 -0.12569766
vn -0.06141812 0.99016559 -0.12569767
vn -0.06141812 0.99016559 -0.12569767
vn -0.17746444 0.97635877 -0.12340943
vn -0.17746443 0.97635877 -0.12340944
vn -0.17746443 0.97635877 -0.12340944
vn -0.17101575 0.97699052 -0.12744862
vn -0.17101577 0.97699052 -0.12744863
vn -0.17101577 0.97699052 -0.12744862
vn -0.17084816 0.97999167 -0.10211349
vn -0.17084815 0.97999173 -0.10211349
vn -0.17084816 0.97999167 -0.10211349
vn -0.16332397 0.98066533 -0.10779980
vn -0.16332398 0.98066533 -0.10779980
vn -0.16332398 0.98066533 -0.10779980
vn -0.17788514 0.97543871 -0.12990834
vn -0.17788514 0.97543871 -0.12990835
vn -0.17788513 0.97543871 -0.12990834
vn -0.19501331 0.97120565 -0.13685516
vn -0.19501331 0.97120565 -0.13685517
vn -0.19501333 0.97120565 -0.13685517
vn -0.06428500 0.98884797 -0.13433957
vn -0.06428501 0.98884797 -0.13433957
vn -0.06428500 0.98884797 -0.13433956
vn -0.06336705 0.98881429 -0.13502173
vn -0.06336705 0.98881429 -0.13502175
vn -0.06336705 0.98881429 -0.13502173
vn -0.06437168 0.99255121 -0.10343281
vn -0.06437168 0.99255121 -0.10343282
vn -0.06437168 0.99255121 -0.10343282
vn -0.06771182 0.99017084 -0.12237968
vn -0.06771182 0.99017084 -0.12237968
vn -0.06771182 0.99017084 -0.12237968
vn -0.19628701 0.97062546 -0.13913158
vn -0.19628699 0.97062546 -0.13913158
vn -0.19628699 0.97062546 -0.13913158
vn -0.19020857 0.96619803 -0.17401734
vn -0.19020857 0.96619803 -0.17401734
vn -0.19020858 0.96619803 -0.17401735
vn -0.90198582 0.42253441 -0.08880421
vn -0.90198582 0.42253444 -0.08880422
vn -0.90198582 0.42253444 -0.08880421
vn -0.91392601 0.40313885 -0.04709886
vn -0.91392601 0.40313888 -0.04709886
vn -0.91392601 0.40313888 -0.04709886
vn -0.85069823 0.52193540 -0.06241751
vn -0.85069823 0.52193534 -0.06241751
vn -0.85069823 0.52193540 -0.06241751
vn -0.89030975 0.45022863 -0.06813804
vn -0.89030975 0.45022863 -0.06813804
vn -0.89030975 0.45022863 -0.06813804
vn -0.49740368 0.85982096 -0.11531456
vn -0.49740371 0.85982096 -0.11531457
vn -0.49740368 0.85982096 -0.11531457
vn -0.46749079 0.87454385 -0.12893966
vn -0.46749076 0.87454385 -0.12893966
vn -0.46749082 0.87454385 -0.12893969
vn -0.51605201 0.85234296 -0.08486364
vn -0.51605195 0.85234296 -0.08486363
vn -0.51605195 0.85234296 -0.08486363
vn -0.51336634 0.85439509 -0.08039936
vn -0.51336628 0.85439509 -0.08039936
vn -0.51336628 0.85439509 -0.08039936
vn -0.46027264 0.88364458 -0.08556478
vn -0.46027267 0.88364458 -0.08556479
vn -0.46027264 0.88364458 -0.08556479
vn -0.46343365 0.88216865 -0.08371216
vn -0.46343368 0.88216865 -0.08371216
vn -0.46343362 0.88216865 -0.08371215
vn -0.46794578 0.87677121 -0.11090069
vn -0.46794581 0.87677121 -0.11090070
vn -0.46794581 0.87677121 -0.11090069
vn -0.46056420 0.88021421 -0.11447095
vn -0.46056417 0.88021421 -0.11447095
vn -0.46056420 0.88021421 -0.11447096
vn -0.85026371 0.52321309 -0.05744296
vn -0.85026371 0.52321309 -0.05744295
vn -0.85026371 0.52321309 -0.05744296
vn -0.85262620 0.51955509 -0.05559715
vn -0.85262620 0.51955509 -0.05559715
vn -0.85262620 0.51955509 -0.05559715
vn -0.85092044 0.52498579 -0.01800991
vn -0.85092044 0.52498579 -0.01800991
vn -0.85092038 0.52498585 -0.01800991
vn -0.86588442 0.50022995 -0.00376439
vn -0.86588442 0.50022990 -0.00376439
vn -0.86588442 0.50022990 -0.00376439
vn -0.04746064 0.63749617 0.76899034
vn -0.04746064 0.63749617 0.76899034
vn -0.04746063 0.63749611 0.76899034
vn -0.03951483 0.60626167 0.79428291
vn -0.03951483 0.60626161 0.79428297
vn -0.03951482 0.60626161 0.79428297
vn -0.01234711 0.64663792 0.76269716
vn -0.01234711 0.64663792 0.76269716
vn -0.01234711 0.64663792 0.76269716
vn -0.01017482 0.63785774 0.77008700
vn -0.01017482 0.63785774 0.77008700
vn -0.01017482 0.63785768 0.77008700
vn -0.00710959 0.91587293 0.40140525
vn -0.00710959 0.91587293 0.40140525
vn -0.00710959 0.91587299 0.40140525
vn -0.00627880 0.91429955 0.40499005
vn -0.00627880 0.91429955 0.40499008
vn -0.00627880 0.91429955 0.40499008
vn -0.02709560 0.91402626 0.40474913
vn -0.02709560 0.91402620 0.40474916
vn -0.02709560 0.91402620 0.40474916
vn -0.02392478 0.90814793 0.41796523
vn -0.02392478 0.90814793 0.41796520
vn -0.02392478 0.90814793 0.41796520
vn 0.01242558 0.63786107 0.77005118
vn 0.01242558 0.63786113 0.77005118
vn 0.01242558 0.63786107 0.77005118
vn 0.01012356 0.64665413 0.76271617
vn 0.01012356 0.64665407 0.76271617
vn 0.01012356 0.64665413 0.76271617
vn 0.04847527 0.60629702 0.79375947
vn 0.04847527 0.60629702 0.79375947
vn 0.04847526 0.60629696 0.79375947
vn 0.03884745 0.63765866 0.76933891
vn 0.03884745 0.63765866 0.76933891
vn 0.03884744 0.63765866 0.76933885
vn 0.02755409 0.90811044 0.41782314
vn 0.02755409 0.90811044 0.41782314
vn 0.02755409 0.90811044 0.41782311
vn 0.02365963 0.91409862 0.40480110
vn 0.02365963 0.91409862 0.40480110
vn 0.02365963 0.91409862 0.40480110
vn 0.00714282 0.91429603 0.40498358
vn 0.00714281 0.91429603 0.40498358
vn 0.00714282 0.91429603 0.40498361
vn 0.00625950 0.91587818 0.40140748
vn 0.00625950 0.91587818 0.40140751
vn 0.00625950 0.91587818 0.40140751
vn 0.00440780 0.99537122 0.09600371
vn 0.00440780 0.99537122 0.09600370
vn 0.00440780 0.99537122 0.09600371
vn 0.00502365 0.99517936 0.09794316
vn 0.00502365 0.99517936 0.09794316
vn 0.00502365 0.99517936 0.09794316
vn 0.01644012 0.99588430 0.08913015
vn 0.01644012 0.99588430 0.08913016
vn 0.01644012 0.99588430 0.08913015
vn 0.01901716 0.99519569 0.09604097
vn 0.01901716 0.99519569 0.09604098
vn 0.01901716 0.99519569 0.09604098
vn 0.01703661 0.99860793 -0.04991950
vn 0.01703661 0.99860793 -0.04991950
vn 0.01703661 0.99860793 -0.04991950
vn 0.02096366 0.99888659 -0.04226186
vn 0.02096366 0.99888659 -0.04226186
vn 0.02096366 0.99888659 -0.04226186
vn 0.00449082 0.99909264 -0.04235275
vn 0.00449082 0.99909264 -0.04235275
vn 0.00449082 0.99909264 -0.04235275
vn 0.00549004 0.99918056 -0.04010037
vn 0.00549004 0.99918056 -0.04010037
vn 0.00549004 0.99918056 -0.04010037
vn -0.01661423 0.99523914 0.09603627
vn -0.01661423 0.99523920 0.09603627
vn -0.01661423 0.99523914 0.09603629
vn -0.01894188 0.99583960 0.08913324
vn -0.01894188 0.99583960 0.08913324
vn -0.01894188 0.99583960 0.08913325
vn -0.00442075 0.99518216 0.09794343
vn -0.00442075 0.99518216 0.09794343
vn -0.00442075 0.99518216 0.09794343
vn -0.00501692 0.99536812 0.09600568
vn -0.00501692 0.99536812 0.09600568
vn -0.00501692 0.99536812 0.09600568
vn -0.00450010 0.99918550 -0.04010057
vn -0.00450010 0.99918550 -0.04010057
vn -0.00450010 0.99918550 -0.04010057
vn -0.00548590 0.99908787 -0.04234759
vn -0.00548590 0.99908787 -0.04234759
vn -0.00548590 0.99908787 -0.04234760
vn -0.01715951 0.99895829 -0.04228388
vn -0.01715951 0.99895829 -0.04228388
vn -0.01715951 0.99895829 -0.04228388
vn -0.02091891 0.99853879 -0.04982702
vn -0.02091890 0.99853879 -0.04982702
vn -0.02091890 0.99853879 -0.04982702
vn 0.84975082 0.52712268 -0.00807783
vn 0.84975082 0.52712262 -0.00807783
vn 0.84975082 0.52712262 -0.00807783
vn 0.86664456 0.49872977 -0.01399151
vn 0.86664456 0.49872977 -0.01399151
vn 0.86664456 0.49872980 -0.01399151
vn 0.84478462 0.53222591 -0.05544892
vn 0.84478462 0.53222585 -0.05544891
vn 0.84478462 0.53222585 -0.05544892
vn 0.85204262 0.52030861 -0.05746575
vn 0.85204268 0.52030855 -0.05746576
vn 0.85204262 0.52030861 -0.05746575
vn 0.46232912 0.87966049 -0.11157580
vn 0.46232915 0.87966049 -0.11157581
vn 0.46232912 0.87966049 -0.11157580
vn 0.45978773 0.88109326 -0.11076964
vn 0.45978770 0.88109326 -0.11076963
vn 0.45978767 0.88109326 -0.11076963
vn 0.45945379 0.88425034 -0.08368730
vn 0.45945379 0.88425034 -0.08368731
vn 0.45945379 0.88425034 -0.08368730
vn 0.46348122 0.88200736 -0.08513641
vn 0.46348116 0.88200736 -0.08513640
vn 0.46348119 0.88200736 -0.08513641
vn 0.51647049 0.85522479 -0.04299798
vn 0.51647049 0.85522479 -0.04299798
vn 0.51647049 0.85522479 -0.04299798
vn 0.50258446 0.86420566 -0.02360966
vn 0.50258446 0.86420566 -0.02360966
vn 0.50258446 0.86420566 -0.02360966
vn 0.46215779 0.87836158 -0.12202901
vn 0.46215782 0.87836158 -0.12202901
vn 0.46215779 0.87836158 -0.12202901
vn 0.48624843 0.86668664 -0.11143012
vn 0.48624846 0.86668664 -0.11143013
vn 0.48624849 0.86668664 -0.11143013
vn 0.86668342 0.49445474 -0.06613889
vn 0.86668342 0.49445480 -0.06613889
vn 0.86668342 0.49445477 -0.06613889
vn 0.84527528 0.53065538 -0.06256663
vn 0.84527528 0.53065538 -0.06256663
vn 0.84527528 0.53065532 -0.06256662
vn 0.87209934 0.48826087 -0.03231240
vn 0.87209934 0.48826090 -0.03231240
vn 0.87209934 0.48826090 -0.03231240
vn 0.86248791 0.50260580 -0.05917763
vn 0.86248797 0.50260574 -0.05917764
vn 0.86248791 0.50260580 -0.05917763
vn 0.63482857 0.76863527 -0.07869262
vn 0.63482863 0.76863521 -0.07869263
vn 0.63482857 0.76863521 -0.07869262
vn 0.77458054 0.62424892 -0.10167727
vn 0.77458054 0.62424898 -0.10167727
vn 0.77458054 0.62424892 -0.10167725
vn 0.06323262 0.98894918 -0.13409391
vn 0.06323262 0.98894918 -0.13409391
vn 0.06323262 0.98894918 -0.13409391
vn 0.06245804 0.98892242 -0.13465308
vn 0.06245805 0.98892242 -0.13465308
vn 0.06245805 0.98892242 -0.13465308
vn 0.18288931 0.97418666 -0.13233241
vn 0.18288931 0.97418666 -0.13233240
vn 0.18288933 0.97418666 -0.13233240
vn 0.17486097 0.97608280 -0.12917432
vn 0.17486097 0.97608280 -0.12917431
vn 0.17486097 0.97608280 -0.12917432
vn 0.16924931 0.96688217 -0.19103298
vn 0.16924931 0.96688217 -0.19103298
vn 0.16924933 0.96688217 -0.19103298
vn 0.17699039 0.97652060 -0.12280825
vn 0.17699039 0.97652066 -0.12280825
vn 0.17699037 0.97652066 -0.12280825
vn 0.06541344 0.98994023 -0.12545681
vn 0.06541343 0.98994023 -0.12545681
vn 0.06541343 0.98994023 -0.12545680
vn 0.06311385 0.99226213 -0.10692304
vn 0.06311384 0.99226213 -0.10692304
vn 0.06311384 0.99226213 -0.10692303
vn 0.17050852 0.97951353 -0.10714506
vn 0.17050852 0.97951353 -0.10714506
vn 0.17050852 0.97951353 -0.10714507
vn 0.16336849 0.98123360 -0.10242710
vn 0.16336849 0.98123360 -0.10242710
vn 0.16336851 0.98123360 -0.10242710
vn 0.17461103 0.97656548 -0.12582059
vn 0.17461103 0.97656548 -0.12582058
vn 0.17461103 0.97656548 -0.12582059
vn 0.17063639 0.97754061 -0.12368314
vn 0.17063640 0.97754061 -0.12368313
vn 0.17063639 0.97754061 -0.12368312
vn 0.06344036 0.99004227 -0.12566473
vn 0.06344035 0.99004227 -0.12566471
vn 0.06344035 0.99004227 -0.12566471
vn 0.06141420 0.99039340 -0.12389193
vn 0.06141420 0.99039340 -0.12389193
vn 0.06141420 0.99039340 -0.12389194
vn 0.06154343 0.99249411 -0.10567813
vn 0.06154344 0.99249411 -0.10567813
vn 0.06154343 0.99249411 -0.10567814
vn 0.05593719 0.99344611 -0.09967847
vn 0.05593719 0.99344611 -0.09967847
vn 0.05593719 0.99344611 -0.09967846
vn 0.15833339 0.33842203 0.92757803
vn 0.15833339 0.33842203 0.92757809
vn 0.15833339 0.33842203 0.92757803
vn 0.14536092 0.29927278 0.94303024
vn 0.14536090 0.29927275 0.94303024
vn 0.14536092 0.29927278 0.94303024
vn 0.16588908 0.18572040 0.96849817
vn 0.16588907 0.18572041 0.96849817
vn 0.16588908 0.18572040 0.96849817
vn 0.16163053 0.17445500 0.97130895
vn 0.16163053 0.17445500 0.97130895
vn 0.16163051 0.17445499 0.97130895
vn 0.42279515 0.16377260 0.89130396
vn 0.42279515 0.16377260 0.89130402
vn 0.42279515 0.16377260 0.89130402
vn 0.41843715 0.15508445 0.89490736
vn 0.41843718 0.15508445 0.89490736
vn 0.41843718 0.15508445 0.89490736
vn 0.41244200 0.28979746 0.86366028
vn 0.41244197 0.28979743 0.86366028
vn 0.41244194 0.28979743 0.86366028
vn 0.39983165 0.25910309 0.87920433
vn 0.39983162 0.25910306 0.87920433
vn 0.39983162 0.25910306 0.87920433
vn 0.16155249 0.07063386 0.98433310
vn 0.16155250 0.07063387 0.98433310
vn 0.16155250 0.07063386 0.98433310
vn 0.16598871 0.08204482 0.98270869
vn 0.16598871 0.08204482 0.98270869
vn 0.16598873 0.08204482 0.98270869
vn 0.14439639 -0.08737251 0.98565495
vn 0.14439639 -0.08737251 0.98565495
vn 0.14439641 -0.08737253 0.98565495
vn 0.15955752 -0.04639560 0.98609781
vn 0.15955754 -0.04639561 0.98609781
vn 0.15955754 -0.04639561 0.98609781
vn 0.39782488 -0.05651338 0.91571915
vn 0.39782491 -0.05651338 0.91571915
vn 0.39782491 -0.05651338 0.91571915
vn 0.41454905 -0.02490498 0.90968615
vn 0.41454905 -0.02490498 0.90968609
vn 0.41454905 -0.02490498 0.90968609
vn 0.41828889 0.07207189 0.90545022
vn 0.41828889 0.07207189 0.90545017
vn 0.41828886 0.07207189 0.90545022
vn 0.42295647 0.08084925 0.90253597
vn 0.42295644 0.08084925 0.90253603
vn 0.42295647 0.08084925 0.90253597
vn 0.80901641 0.04046497 0.58639151
vn 0.80901641 0.04046497 0.58639151
vn 0.80901641 0.04046497 0.58639157
vn 0.80847961 0.03925691 0.58721340
vn 0.80847961 0.03925691 0.58721340
vn 0.80847967 0.03925691 0.58721340
vn 0.80435663 -0.06810749 0.59023029
vn 0.80435663 -0.06810750 0.59023029
vn 0.80435663 -0.06810749 0.59023029
vn 0.79976749 -0.07726137 0.59531730
vn 0.79976749 -0.07726137 0.59531724
vn 0.79976749 -0.07726137 0.59531730
vn 0.96606773 -0.12551203 0.22574297
vn 0.96606773 -0.12551205 0.22574300
vn 0.96606773 -0.12551203 0.22574297
vn 0.95795870 -0.15304394 0.24267824
vn 0.95795870 -0.15304394 0.24267825
vn 0.95795870 -0.15304394 0.24267825
vn 0.97392148 -0.00678964 0.22678369
vn 0.97392148 -0.00678964 0.22678371
vn 0.97392148 -0.00678964 0.22678371
vn 0.97281092 -0.01316279 0.23122646
vn 0.97281092 -0.01316279 0.23122647
vn 0.97281092 -0.01316279 0.23122646
vn 0.80094153 0.21897127 0.55726498
vn 0.80094159 0.21897125 0.55726492
vn 0.80094153 0.21897127 0.55726492
vn 0.80310541 0.22787459 0.55054051
vn 0.80310541 0.22787459 0.55054051
vn 0.80310541 0.22787459 0.55054051
vn 0.80851847 0.11236139 0.57764417
vn 0.80851847 0.11236140 0.57764417
vn 0.80851847 0.11236139 0.57764417
vn 0.80897695 0.11355802 0.57676756
vn 0.80897701 0.11355802 0.57676756
vn 0.80897695 0.11355803 0.57676756
vn 0.97307634 0.06560875 0.22094779
vn 0.97307634 0.06560875 0.22094782
vn 0.97307634 0.06560875 0.22094780
vn 0.97365034 0.07192946 0.21640523
vn 0.97365034 0.07192946 0.21640523
vn 0.97365034 0.07192946 0.21640523
vn 0.96282250 0.18184456 0.19976331
vn 0.96282250 0.18184458 0.19976330
vn 0.96282250 0.18184455 0.19976328
vn 0.96105754 0.20881404 0.18101132
vn 0.96105754 0.20881404 0.18101132
vn 0.96105754 0.20881404 0.18101130
vn 0.06146088 -0.98506135 0.16086227
vn 0.06146087 -0.98506135 0.16086228
vn 0.06146087 -0.98506135 0.16086227
vn 0.05586008 -0.98636800 0.15478329
vn 0.05586008 -0.98636800 0.15478328
vn 0.05586008 -0.98636800 0.15478328
vn 0.06306162 -0.98840731 0.13810934
vn 0.06306162 -0.98840731 0.13810934
vn 0.06306162 -0.98840731 0.13810933
vn 0.06136829 -0.98873925 0.13648675
vn 0.06136829 -0.98873925 0.13648677
vn 0.06136829 -0.98873925 0.13648675
vn 0.17255282 -0.97567135 0.13524419
vn 0.17255281 -0.97567135 0.13524418
vn 0.17255282 -0.97567135 0.13524418
vn 0.17038408 -0.97623706 0.13390471
vn 0.17038408 -0.97623706 0.13390471
vn 0.17038408 -0.97623706 0.13390473
vn 0.17040649 -0.97309309 0.15508546
vn 0.17040648 -0.97309309 0.15508546
vn 0.17040648 -0.97309309 0.15508546
vn 0.16331933 -0.97510105 0.15001574
vn 0.16331935 -0.97510105 0.15001576
vn 0.16331935 -0.97510105 0.15001576
vn 0.06182402 -0.99039906 0.12364268
vn 0.06182402 -0.99039906 0.12364268
vn 0.06182402 -0.99039906 0.12364268
vn 0.06306302 -0.99016958 0.12484894
vn 0.06306302 -0.99016958 0.12484895
vn 0.06306303 -0.99016958 0.12484894
vn 0.17125113 -0.97755533 0.12271349
vn 0.17125113 -0.97755533 0.12271350
vn 0.17125115 -0.97755533 0.12271351
vn 0.17255515 -0.97722387 0.12352403
vn 0.17255515 -0.97722387 0.12352403
vn 0.17255513 -0.97722387 0.12352403
vn 0.46313396 -0.87951612 0.10935412
vn 0.46313393 -0.87951612 0.10935411
vn 0.46313396 -0.87951612 0.10935412
vn 0.46140626 -0.88050044 0.10873478
vn 0.46140623 -0.88050044 0.10873478
vn 0.46140623 -0.88050044 0.10873477
vn 0.86466151 -0.49908587 0.05721664
vn 0.86466151 -0.49908584 0.05721663
vn 0.86466151 -0.49908590 0.05721664
vn 0.85666788 -0.51297492 0.05456078
vn 0.85666788 -0.51297492 0.05456077
vn 0.85666788 -0.51297492 0.05456077
vn 0.45939940 -0.87608927 0.14635479
vn 0.45939943 -0.87608927 0.14635479
vn 0.45939940 -0.87608927 0.14635479
vn 0.46340072 -0.87367576 0.14815678
vn 0.46340069 -0.87367576 0.14815678
vn 0.46340069 -0.87367576 0.14815679
vn 0.46160421 -0.87850022 0.12312140
vn 0.46160421 -0.87850022 0.12312140
vn 0.46160424 -0.87850022 0.12312140
vn 0.45970705 -0.87959146 0.12242679
vn 0.45970705 -0.87959141 0.12242680
vn 0.45970705 -0.87959141 0.12242680
vn 0.85836130 -0.50709653 0.07790395
vn 0.85836130 -0.50709647 0.07790394
vn 0.85836130 -0.50709653 0.07790395
vn 0.85370970 -0.51513875 0.07623520
vn 0.85370976 -0.51513869 0.07623519
vn 0.85370976 -0.51513869 0.07623519
vn 0.85266197 -0.50889432 0.11829704
vn 0.85266197 -0.50889426 0.11829703
vn 0.85266197 -0.50889426 0.11829703
vn 0.86593205 -0.48432675 0.12485723
vn 0.86593205 -0.48432672 0.12485722
vn 0.86593205 -0.48432672 0.12485723
vn 0.04745623 -0.41743928 0.90746480
vn 0.04745623 -0.41743925 0.90746480
vn 0.04745622 -0.41743925 0.90746480
vn 0.03950595 -0.38071284 0.92384905
vn 0.03950596 -0.38071281 0.92384905
vn 0.03950595 -0.38071278 0.92384905
vn 0.01234478 -0.42785084 0.90376508
vn 0.01234478 -0.42785084 0.90376508
vn 0.01234478 -0.42785084 0.90376502
vn 0.01018183 -0.41750538 0.90861738
vn 0.01018183 -0.41750541 0.90861738
vn 0.01018183 -0.41750544 0.90861738
vn 0.00711677 -0.78123349 0.62419838
vn 0.00711677 -0.78123349 0.62419838
vn 0.00711677 -0.78123343 0.62419838
vn 0.00627755 -0.77876318 0.62728667
vn 0.00627755 -0.77876318 0.62728661
vn 0.00627755 -0.77876318 0.62728667
vn 0.02708816 -0.77856135 0.62698358
vn 0.02708816 -0.77856135 0.62698358
vn 0.02708815 -0.77856135 0.62698358
vn 0.02391847 -0.76947391 0.63823026
vn 0.02391847 -0.76947391 0.63823020
vn 0.02391847 -0.76947391 0.63823026
vn -0.01242293 -0.41751784 0.90858382
vn -0.01242293 -0.41751784 0.90858382
vn -0.01242293 -0.41751781 0.90858382
vn -0.01013081 -0.42786148 0.90378755
vn -0.01013081 -0.42786142 0.90378755
vn -0.01013081 -0.42786145 0.90378755
vn -0.04847179 -0.38090748 0.92334175
vn -0.04847179 -0.38090751 0.92334175
vn -0.04847179 -0.38090751 0.92334175
vn -0.03884494 -0.41750610 0.90784347
vn -0.03884494 -0.41750613 0.90784347
vn -0.03884494 -0.41750613 0.90784341
vn -0.02755702 -0.76944935 0.63811308
vn -0.02755703 -0.76944935 0.63811308
vn -0.02755702 -0.76944935 0.63811308
vn -0.02365336 -0.77861798 0.62705225
vn -0.02365336 -0.77861798 0.62705225
vn -0.02365336 -0.77861798 0.62705231
vn -0.00715033 -0.77876151 0.62727940
vn -0.00715033 -0.77876151 0.62727940
vn -0.00715033 -0.77876151 0.62727940
vn -0.00625803 -0.78123802 0.62420189
vn -0.00625803 -0.78123802 0.62420189
vn -0.00625803 -0.78123802 0.62420189
vn -0.00440418 -0.93686736 0.34965724
vn -0.00440418 -0.93686736 0.34965724
vn -0.00440418 -0.93686736 0.34965724
vn -0.00502298 -0.93617809 0.35149020
vn -0.00502298 -0.93617809 0.35149017
vn -0.00502298 -0.93617809 0.35149017
vn -0.01643167 -0.93915027 0.34311330
vn -0.01643167 -0.93915027 0.34311333
vn -0.01643167 -0.93915027 0.34311333
vn -0.01902289 -0.93668801 0.34964800
vn -0.01902289 -0.93668801 0.34964800
vn -0.01902289 -0.93668801 0.34964797
vn -0.01704161 -0.97764724 0.20956013
vn -0.01704161 -0.97764724 0.20956014
vn -0.01704161 -0.97764724 0.20956013
vn -0.02095912 -0.97594392 0.21701193
vn -0.02095912 -0.97594392 0.21701194
vn -0.02095912 -0.97594392 0.21701194
vn -0.00449096 -0.97616625 0.21697757
vn -0.00449096 -0.97616625 0.21697757
vn -0.00449096 -0.97616625 0.21697757
vn -0.00548812 -0.97567087 0.21917179
vn -0.00548811 -0.97567087 0.21917179
vn -0.00548812 -0.97567087 0.21917179
vn 0.01660675 -0.93673146 0.34965461
vn 0.01660676 -0.93673146 0.34965464
vn 0.01660676 -0.93673146 0.34965464
vn 0.01893456 -0.93909341 0.34313992
vn 0.01893456 -0.93909341 0.34313992
vn 0.01893456 -0.93909341 0.34313992
vn 0.00441720 -0.93618077 0.35149115
vn 0.00441720 -0.93618077 0.35149115
vn 0.00441720 -0.93618077 0.35149118
vn 0.00501623 -0.93686384 0.34965831
vn 0.00501623 -0.93686384 0.34965831
vn 0.00501623 -0.93686390 0.34965831
vn 0.00450021 -0.97567564 0.21917287
vn 0.00450021 -0.97567564 0.21917285
vn 0.00450021 -0.97567564 0.21917287
vn 0.00548395 -0.97616035 0.21698144
vn 0.00548395 -0.97616035 0.21698144
vn 0.00548395 -0.97616035 0.21698146
vn 0.01715241 -0.97601879 0.21700950
vn 0.01715241 -0.97601879 0.21700953
vn 0.01715241 -0.97601879 0.21700951
vn 0.02092401 -0.97756553 0.20958970
vn 0.02092401 -0.97756553 0.20958969
vn 0.02092401 -0.97756553 0.20958969
vt 0.52541542 0.60804892
vt 0.47514141 0.60787630
vt 0.47526971 0.67562699
vt 0.52541542 0.60804892
vt 0.47526971 0.67562699
vt 0.52572072 0.67574060
vt 0.52572072 0.67574060
vt 0.47526971 0.67562699
vt 0.47529081 0.75378042
vt 0.52572072 0.67574060
vt 0.47529081 0.75378042
vt 0.52578479 0.75380719
vt 0.47514141 0.60787630
vt 0.42389679 0.60798419
vt 0.42382619 0.67565858
vt 0.47514141 0.60787630
vt 0.42382619 0.67565858
vt 0.47526971 0.67562699
vt 0.42389679 0.60798419
vt 0.37877139 0.60836607
vt 0.37835431 0.67577368
vt 0.42389679 0.60798419
vt 0.37835431 0.67577368
vt 0.42382619 0.67565858
vt 0.42382619 0.67565858
vt 0.37835431 0.67577368
vt 0.37818539 0.75375098
vt 0.42382619 0.67565858
vt 0.37818539 0.75375098
vt 0.42377141 0.75376481
vt 0.47526971 0.67562699
vt 0.42382619 0.67565858
vt 0.42377141 0.75376481
vt 0.47526971 0.67562699
vt 0.42377141 0.75376481
vt 0.47529081 0.75378042
vt 0.47529081 0.75378042
vt 0.42377141 0.75376481
vt 0.42377761 0.83187097
vt 0.47529081 0.75378042
vt 0.42377761 0.83187097
vt 0.47522101 0.83193362
vt 0.42377141 0.75376481
vt 0.37818539 0.75375098
vt 0.37830570 0.83172828
vt 0.42377141 0.75376481
vt 0.37830570 0.83172828
vt 0.42377761 0.83187097
vt 0.42377761 0.83187097
vt 0.37830570 0.83172828
vt 0.37868071 0.89913613
vt 0.42377761 0.83187097
vt 0.37868071 0.89913613
vt 0.42380601 0.89954537
vt 0.47522101 0.83193362
vt 0.42377761 0.83187097
vt 0.42380601 0.89954537
vt 0.47522101 0.83193362
vt 0.42380601 0.89954537
vt 0.47505039 0.89968419
vt 0.52578479 0.75380719
vt 0.47529081 0.75378042
vt 0.47522101 0.83193362
vt 0.52578479 0.75380719
vt 0.47522101 0.83193362
vt 0.52566922 0.83187908
vt 0.52566922 0.83187908
vt 0.47522101 0.83193362
vt 0.47505039 0.89968419
vt 0.52566922 0.83187908
vt 0.47505039 0.89968419
vt 0.52532297 0.89956182
vt 0.22159250 0.48362261
vt 0.22207110 0.46276990
vt 0.20634910 0.47303480
vt 0.22159250 0.48362261
vt 0.20634910 0.47303480
vt 0.21578920 0.48996109
vt 0.22189440 0.41851380
vt 0.20512110 0.42098460
vt 0.20634910 0.47303480
vt 0.22189440 0.41851380
vt 0.20634910 0.47303480
vt 0.22207110 0.46276990
vt 0.18596050 0.42094880
vt 0.18707870 0.46570781
vt 0.20634910 0.47303480
vt 0.18596050 0.42094880
vt 0.20634910 0.47303480
vt 0.20512110 0.42098460
vt 0.18716399 0.48731321
vt 0.20634910 0.47303480
vt 0.18707870 0.46570781
vt 0.22189440 0.41851380
vt 0.22177260 0.37252581
vt 0.20475250 0.37423900
vt 0.22189440 0.41851380
vt 0.20475250 0.37423900
vt 0.20512110 0.42098460
vt 0.22177260 0.37252581
vt 0.22167461 0.33266670
vt 0.20473740 0.33382621
vt 0.22177260 0.37252581
vt 0.20473740 0.33382621
vt 0.20475250 0.37423900
vt 0.20475250 0.37423900
vt 0.20473740 0.33382621
vt 0.18545739 0.33406630
vt 0.20475250 0.37423900
vt 0.18545739 0.33406630
vt 0.18542700 0.37456459
vt 0.20512110 0.42098460
vt 0.20475250 0.37423900
vt 0.18542700 0.37456459
vt 0.20512110 0.42098460
vt 0.18542700 0.37456459
vt 0.18596050 0.42094880
vt 0.18596050 0.42094880
vt 0.18542700 0.37456459
vt 0.16613460 0.37422261
vt 0.18596050 0.42094880
vt 0.16613460 0.37422261
vt 0.16709130 0.42126051
vt 0.18542700 0.37456459
vt 0.18545739 0.33406630
vt 0.16617329 0.33376819
vt 0.18542700 0.37456459
vt 0.16617329 0.33376819
vt 0.16613460 0.37422261
vt 0.16613460 0.37422261
vt 0.16617329 0.33376819
vt 0.14922130 0.33255789
vt 0.16613460 0.37422261
vt 0.14922130 0.33255789
vt 0.14896730 0.37226531
vt 0.16709130 0.42126051
vt 0.16613460 0.37422261
vt 0.14896730 0.37226531
vt 0.16709130 0.42126051
vt 0.14896730 0.37226531
vt 0.14924200 0.41719621
vt 0.18716399 0.48731321
vt 0.18707870 0.46570781
vt 0.17048471 0.47479749
vt 0.18596050 0.42094880
vt 0.16709130 0.42126051
vt 0.17048471 0.47479749
vt 0.18596050 0.42094880
vt 0.17048471 0.47479749
vt 0.18707870 0.46570781
vt 0.14924200 0.41719621
vt 0.14965190 0.46116909
vt 0.17048471 0.47479749
vt 0.14924200 0.41719621
vt 0.17048471 0.47479749
vt 0.16709130 0.42126051
vt 0.22170991 0.21326770
vt 0.22178930 0.17460220
vt 0.20473360 0.17110300
vt 0.22170991 0.21326770
vt 0.20473360 0.17110300
vt 0.20477711 0.21033970
vt 0.22178930 0.17460220
vt 0.22171301 0.13253640
vt 0.20461661 0.12883390
vt 0.22178930 0.17460220
vt 0.20461661 0.12883390
vt 0.20473360 0.17110300
vt 0.20473360 0.17110300
vt 0.20461661 0.12883390
vt 0.18523771 0.12768769
vt 0.20473360 0.17110300
vt 0.18523771 0.12768769
vt 0.18538250 0.17002741
vt 0.20477711 0.21033970
vt 0.20473360 0.17110300
vt 0.18538250 0.17002741
vt 0.20477711 0.21033970
vt 0.18538250 0.17002741
vt 0.18549851 0.20943969
vt 0.95070398 0.48961660
vt 0.95004368 0.44790229
vt 0.93292850 0.45129499
vt 0.95070398 0.48961660
vt 0.93292850 0.45129499
vt 0.93354708 0.49321219
vt 0.95004368 0.44790229
vt 0.94936627 0.40953201
vt 0.93237871 0.41235420
vt 0.95004368 0.44790229
vt 0.93237871 0.41235420
vt 0.93292850 0.45129499
vt 0.93292850 0.45129499
vt 0.93237871 0.41235420
vt 0.91308481 0.41312379
vt 0.93292850 0.45129499
vt 0.91308481 0.41312379
vt 0.91356063 0.45223981
vt 0.93354708 0.49321219
vt 0.93292850 0.45129499
vt 0.91356063 0.45223981
vt 0.93354708 0.49321219
vt 0.91356063 0.45223981
vt 0.91415101 0.49422750
vt 0.91415101 0.49422750
vt 0.91356063 0.45223981
vt 0.89422202 0.45108411
vt 0.91415101 0.49422750
vt 0.89422202 0.45108411
vt 0.89478469 0.49300101
vt 0.91356063 0.45223981
vt 0.91308481 0.41312379
vt 0.89381778 0.41214421
vt 0.91356063 0.45223981
vt 0.89381778 0.41214421
vt 0.89422202 0.45108411
vt 0.89422202 0.45108411
vt 0.89381778 0.41214421
vt 0.87691921 0.40913731
vt 0.89422202 0.45108411
vt 0.87691921 0.40913731
vt 0.87720299 0.44750541
vt 0.89478469 0.49300101
vt 0.89422202 0.45108411
vt 0.87720299 0.44750541
vt 0.89478469 0.49300101
vt 0.87720299 0.44750541
vt 0.87772572 0.48921901
vt 0.18549851 0.20943969
vt 0.18538250 0.17002741
vt 0.16602370 0.17104480
vt 0.18549851 0.20943969
vt 0.16602370 0.17104480
vt 0.16621290 0.21028180
vt 0.18538250 0.17002741
vt 0.18523771 0.12768769
vt 0.16585089 0.12877570
vt 0.18538250 0.17002741
vt 0.16585089 0.12877570
vt 0.16602370 0.17104480
vt 0.16602370 0.17104480
vt 0.16585089 0.12877570
vt 0.14872850 0.13242669
vt 0.16602370 0.17104480
vt 0.14872850 0.13242669
vt 0.14894250 0.17449270
vt 0.16621290 0.21028180
vt 0.16602370 0.17104480
vt 0.14894250 0.17449270
vt 0.16621290 0.21028180
vt 0.14894250 0.17449270
vt 0.14925660 0.21315880
vt 0.91478783 0.20171240
vt 0.91612422 0.15695010
vt 0.89771128 0.14745811
vt 0.91478783 0.20171240
vt 0.89771128 0.14745811
vt 0.89553308 0.20120890
vt 0.91625988 0.13521200
vt 0.89771128 0.14745811
vt 0.91612422 0.15695010
vt 0.87806308 0.20511140
vt 0.89553308 0.20120890
vt 0.89771128 0.14745811
vt 0.87806308 0.20511140
vt 0.89771128 0.14745811
vt 0.87869072 0.16102080
vt 0.87806308 0.20511140
vt 0.87731463 0.25017211
vt 0.89440137 0.24835300
vt 0.87806308 0.20511140
vt 0.89440137 0.24835300
vt 0.89553308 0.20120890
vt 0.87731463 0.25017211
vt 0.87699509 0.28999019
vt 0.89390850 0.28891310
vt 0.87731463 0.25017211
vt 0.89390850 0.28891310
vt 0.89440137 0.24835300
vt 0.89440137 0.24835300
vt 0.89390850 0.28891310
vt 0.91318071 0.28875321
vt 0.89440137 0.24835300
vt 0.91318071 0.28875321
vt 0.91373187 0.24815650
vt 0.89553308 0.20120890
vt 0.89440137 0.24835300
vt 0.91373187 0.24815650
vt 0.89553308 0.20120890
vt 0.91373187 0.24815650
vt 0.91478783 0.20171240
vt 0.91478783 0.20171240
vt 0.91373187 0.24815650
vt 0.93309897 0.24862020
vt 0.91478783 0.20171240
vt 0.93309897 0.24862020
vt 0.93422371 0.20186990
vt 0.91373187 0.24815650
vt 0.91318071 0.28875321
vt 0.93246943 0.28912321
vt 0.91373187 0.24815650
vt 0.93246943 0.28912321
vt 0.93309897 0.24862020
vt 0.93309897 0.24862020
vt 0.93246943 0.28912321
vt 0.94944233 0.29038501
vt 0.93309897 0.24862020
vt 0.94944233 0.29038501
vt 0.95011002 0.25046119
vt 0.93422371 0.20186990
vt 0.93309897 0.24862020
vt 0.95011002 0.25046119
vt 0.93422371 0.20186990
vt 0.95011002 0.25046119
vt 0.95067888 0.20464709
vt 0.91625988 0.13521200
vt 0.91612422 0.15695010
vt 0.93667048 0.14981520
vt 0.91478783 0.20171240
vt 0.93422371 0.20186990
vt 0.93667048 0.14981520
vt 0.91478783 0.20171240
vt 0.93667048 0.14981520
vt 0.91612422 0.15695010
vt 0.95067888 0.20464709
vt 0.95141941 0.16076770
vt 0.93667048 0.14981520
vt 0.95067888 0.20464709
vt 0.93667048 0.14981520
vt 0.93422371 0.20186990
vt 0.95296907 0.13970269
vt 0.93667048 0.14981520
vt 0.95141941 0.16076770
vt 0.77012777 0.60632098
vt 0.77200532 0.67420822
vt 0.84590918 0.67359781
vt 0.77012777 0.60632098
vt 0.84590918 0.67359781
vt 0.82600629 0.60552859
vt 0.77010769 0.75206047
vt 0.82681179 0.75171578
vt 0.84590918 0.67359781
vt 0.77010769 0.75206047
vt 0.84590918 0.67359781
vt 0.77200532 0.67420822
vt 0.84873557 0.75060451
vt 0.84590918 0.67359781
vt 0.82681179 0.75171578
vt 0.84825552 0.60204512
vt 0.82600629 0.60552859
vt 0.84590918 0.67359781
vt 0.77012777 0.60632098
vt 0.71378988 0.60627222
vt 0.71359152 0.67396557
vt 0.77012777 0.60632098
vt 0.71359152 0.67396557
vt 0.77200532 0.67420822
vt 0.71378988 0.60627222
vt 0.66810268 0.60654938
vt 0.66732001 0.67395812
vt 0.71378988 0.60627222
vt 0.66732001 0.67395812
vt 0.71359152 0.67396557
vt 0.71359152 0.67396557
vt 0.66732001 0.67395812
vt 0.66692507 0.75193542
vt 0.71359152 0.67396557
vt 0.66692507 0.75193542
vt 0.71309048 0.75203443
vt 0.77200532 0.67420822
vt 0.71359152 0.67396557
vt 0.71309048 0.75203443
vt 0.77200532 0.67420822
vt 0.71309048 0.75203443
vt 0.77010769 0.75206047
vt 0.77010769 0.75206047
vt 0.71309048 0.75203443
vt 0.71325958 0.83009541
vt 0.77010769 0.75206047
vt 0.71325958 0.83009541
vt 0.77188867 0.82986093
vt 0.71309048 0.75203443
vt 0.66692507 0.75193542
vt 0.66695791 0.82991201
vt 0.71309048 0.75203443
vt 0.66695791 0.82991201
vt 0.71325958 0.83009541
vt 0.71325958 0.83009541
vt 0.66695791 0.82991201
vt 0.66742748 0.89731789
vt 0.71325958 0.83009541
vt 0.66742748 0.89731789
vt 0.71310031 0.89779508
vt 0.77188867 0.82986093
vt 0.71325958 0.83009541
vt 0.71310031 0.89779508
vt 0.77188867 0.82986093
vt 0.71310031 0.89779508
vt 0.76934868 0.89783359
vt 0.77010769 0.75206047
vt 0.77188867 0.82986093
vt 0.84670591 0.83001018
vt 0.77010769 0.75206047
vt 0.84670591 0.83001018
vt 0.82681179 0.75171578
vt 0.76934868 0.89783359
vt 0.82509148 0.89906329
vt 0.84670591 0.83001018
vt 0.76934868 0.89783359
vt 0.84670591 0.83001018
vt 0.77188867 0.82986093
vt 0.84740740 0.90462393
vt 0.84670591 0.83001018
vt 0.82509148 0.89906329
vt 0.84873557 0.75060451
vt 0.82681179 0.75171578
vt 0.84670591 0.83001018
vt 0.37868071 0.89913613
vt 0.34457621 0.89852339
vt 0.34610969 0.94602120
vt 0.37868071 0.89913613
vt 0.34610969 0.94602120
vt 0.37914059 0.94769382
vt 0.34457621 0.89852339
vt 0.32124221 0.89818603
vt 0.32472941 0.94464988
vt 0.34457621 0.89852339
vt 0.32472941 0.94464988
vt 0.34610969 0.94602120
vt 0.34610969 0.94602120
vt 0.32472941 0.94464988
vt 0.32983291 0.96792853
vt 0.34610969 0.94602120
vt 0.32983291 0.96792853
vt 0.34695619 0.97454172
vt 0.37914059 0.94769382
vt 0.34610969 0.94602120
vt 0.34695619 0.97454172
vt 0.37914059 0.94769382
vt 0.34695619 0.97454172
vt 0.37904921 0.97827888
vt 0.87691921 0.40913731
vt 0.87689698 0.37761140
vt 0.86461037 0.37358931
vt 0.87691921 0.40913731
vt 0.86461037 0.37358931
vt 0.86425757 0.40324649
vt 0.87689698 0.37761140
vt 0.87695718 0.35012639
vt 0.86498928 0.34894750
vt 0.87689698 0.37761140
vt 0.86498928 0.34894750
vt 0.86461037 0.37358931
vt 0.31248969 0.94601089
vt 0.32395899 0.97453457
vt 0.32983291 0.96792853
vt 0.31248969 0.94601089
vt 0.32983291 0.96792853
vt 0.32472941 0.94464988
vt 0.30685279 0.89851171
vt 0.31248969 0.94601089
vt 0.32472941 0.94464988
vt 0.30685279 0.89851171
vt 0.32472941 0.94464988
vt 0.32124221 0.89818603
vt 0.87699509 0.28999019
vt 0.86431110 0.29305500
vt 0.86464429 0.32381830
vt 0.87699509 0.28999019
vt 0.86464429 0.32381830
vt 0.87694353 0.32233319
vt 0.37787771 0.99448961
vt 0.37904921 0.97827888
vt 0.34695619 0.97454172
vt 0.37787771 0.99448961
vt 0.34695619 0.97454172
vt 0.34498379 0.98869401
vt 0.34498379 0.98869401
vt 0.34695619 0.97454172
vt 0.32983291 0.96792853
vt 0.34498379 0.98869401
vt 0.32983291 0.96792853
vt 0.32395899 0.97453457
vt 0.87694353 0.32233319
vt 0.86464429 0.32381830
vt 0.86498928 0.34894750
vt 0.87694353 0.32233319
vt 0.86498928 0.34894750
vt 0.87695718 0.35012639
vt 0.94936627 0.40953201
vt 0.96219999 0.40378010
vt 0.96123958 0.37411579
vt 0.94936627 0.40953201
vt 0.96123958 0.37411579
vt 0.94879919 0.37800309
vt 0.59888917 0.60694993
vt 0.61187738 0.60732973
vt 0.61571711 0.56087309
vt 0.59888917 0.60694993
vt 0.61571711 0.56087309
vt 0.60476750 0.55946523
vt 0.60476750 0.55946523
vt 0.61571711 0.56087309
vt 0.62121779 0.53760499
vt 0.60476750 0.55946523
vt 0.62121779 0.53760499
vt 0.61640561 0.53097200
vt 0.94879919 0.37800309
vt 0.96123958 0.37411579
vt 0.96067733 0.34946880
vt 0.94879919 0.37800309
vt 0.96067733 0.34946880
vt 0.94857037 0.35051659
vt 0.66810268 0.60654938
vt 0.66914243 0.55798852
vt 0.63641542 0.55956727
vt 0.66810268 0.60654938
vt 0.63641542 0.55956727
vt 0.63440001 0.60706460
vt 0.66914243 0.55798852
vt 0.66997659 0.52739459
vt 0.63805389 0.53104192
vt 0.66914243 0.55798852
vt 0.63805389 0.53104192
vt 0.63641542 0.55956727
vt 0.63641542 0.55956727
vt 0.63805389 0.53104192
vt 0.62121779 0.53760499
vt 0.63641542 0.55956727
vt 0.62121779 0.53760499
vt 0.61571711 0.56087309
vt 0.63440001 0.60706460
vt 0.63641542 0.55956727
vt 0.61571711 0.56087309
vt 0.63440001 0.60706460
vt 0.61571711 0.56087309
vt 0.61187738 0.60732973
vt 0.94944233 0.29038501
vt 0.94884568 0.32272491
vt 0.96127361 0.32434481
vt 0.94944233 0.29038501
vt 0.96127361 0.32434481
vt 0.96225351 0.29358861
vt 0.94884568 0.32272491
vt 0.94857037 0.35051659
vt 0.96067733 0.34946880
vt 0.94884568 0.32272491
vt 0.96067733 0.34946880
vt 0.96127361 0.32434481
vt 0.63741958 0.51687068
vt 0.61640561 0.53097200
vt 0.62121779 0.53760499
vt 0.63741958 0.51687068
vt 0.62121779 0.53760499
vt 0.63805389 0.53104192
vt 0.67026663 0.51116580
vt 0.63741958 0.51687068
vt 0.63805389 0.53104192
vt 0.67026663 0.51116580
vt 0.63805389 0.53104192
vt 0.66997659 0.52739459
vt 0.14925660 0.21315880
vt 0.13648510 0.21893820
vt 0.13721520 0.24880029
vt 0.14925660 0.21315880
vt 0.13721520 0.24880029
vt 0.14960000 0.24488750
vt 0.30694309 0.60894662
vt 0.32133231 0.60928142
vt 0.32484841 0.56281948
vt 0.30694309 0.60894662
vt 0.32484841 0.56281948
vt 0.31260961 0.56145078
vt 0.31260961 0.56145078
vt 0.32484841 0.56281948
vt 0.32996640 0.53954393
vt 0.31260961 0.56145078
vt 0.32996640 0.53954393
vt 0.32409659 0.53293401
vt 0.14960000 0.24488750
vt 0.13721520 0.24880029
vt 0.13770591 0.27354339
vt 0.14960000 0.24488750
vt 0.13770591 0.27354339
vt 0.14976230 0.27247509
vt 0.37877139 0.60836607
vt 0.37926149 0.55980861
vt 0.34622961 0.56146121
vt 0.37877139 0.60836607
vt 0.34622961 0.56146121
vt 0.34466651 0.60895818
vt 0.37926149 0.55980861
vt 0.37918910 0.52922338
vt 0.34709391 0.53294110
vt 0.37926149 0.55980861
vt 0.34709391 0.53294110
vt 0.34622961 0.56146121
vt 0.34622961 0.56146121
vt 0.34709391 0.53294110
vt 0.32996640 0.53954393
vt 0.34622961 0.56146121
vt 0.32996640 0.53954393
vt 0.32484841 0.56281948
vt 0.34466651 0.60895818
vt 0.34622961 0.56146121
vt 0.32484841 0.56281948
vt 0.34466651 0.60895818
vt 0.32484841 0.56281948
vt 0.32133231 0.60928142
vt 0.14922130 0.33255789
vt 0.14958070 0.30027789
vt 0.13719989 0.29867560
vt 0.14922130 0.33255789
vt 0.13719989 0.29867560
vt 0.13645680 0.32936981
vt 0.14958070 0.30027789
vt 0.14976230 0.27247509
vt 0.13770591 0.27354339
vt 0.14958070 0.30027789
vt 0.13770591 0.27354339
vt 0.13719989 0.29867560
vt 0.34513021 0.51878732
vt 0.32409659 0.53293401
vt 0.32996640 0.53954393
vt 0.34513021 0.51878732
vt 0.32996640 0.53954393
vt 0.34709391 0.53294110
vt 0.37802771 0.51301157
vt 0.34513021 0.51878732
vt 0.34709391 0.53294110
vt 0.37802771 0.51301157
vt 0.34709391 0.53294110
vt 0.37918910 0.52922338
vt 0.22170991 0.21326770
vt 0.22150829 0.24499559
vt 0.23385270 0.24894550
vt 0.22170991 0.21326770
vt 0.23385270 0.24894550
vt 0.23443590 0.21908531
vt 0.22150829 0.24499559
vt 0.22138160 0.27258271
vt 0.23340219 0.27368721
vt 0.22150829 0.24499559
vt 0.23340219 0.27368721
vt 0.23385270 0.24894550
vt 0.60387462 0.94402337
vt 0.61538029 0.97257048
vt 0.62022322 0.96598762
vt 0.60387462 0.94402337
vt 0.62022322 0.96598762
vt 0.61483061 0.94270158
vt 0.59821689 0.89651352
vt 0.60387462 0.94402337
vt 0.61483061 0.94270158
vt 0.59821689 0.89651352
vt 0.61483061 0.94270158
vt 0.61120671 0.89623278
vt 0.22167461 0.33266670
vt 0.23440750 0.32951701
vt 0.23383740 0.29882079
vt 0.22167461 0.33266670
vt 0.23383740 0.29882079
vt 0.22148900 0.30038589
vt 0.66914868 0.99264151
vt 0.66893399 0.97644782
vt 0.63702857 0.97264040
vt 0.66914868 0.99264151
vt 0.63702857 0.97264040
vt 0.63632858 0.98677510
vt 0.63632858 0.98677510
vt 0.63702857 0.97264040
vt 0.62022322 0.96598762
vt 0.63632858 0.98677510
vt 0.62022322 0.96598762
vt 0.61538029 0.97257048
vt 0.22148900 0.30038589
vt 0.23383740 0.29882079
vt 0.23340219 0.27368721
vt 0.22148900 0.30038589
vt 0.23340219 0.27368721
vt 0.22138160 0.27258271
vt 0.66742748 0.89731789
vt 0.63372761 0.89662832
vt 0.63552248 0.94412559
vt 0.66742748 0.89731789
vt 0.63552248 0.94412559
vt 0.66824180 0.94587177
vt 0.63372761 0.89662832
vt 0.61120671 0.89623278
vt 0.61483061 0.94270158
vt 0.63372761 0.89662832
vt 0.61483061 0.94270158
vt 0.63552248 0.94412559
vt 0.63552248 0.94412559
vt 0.61483061 0.94270158
vt 0.62022322 0.96598762
vt 0.63552248 0.94412559
vt 0.62022322 0.96598762
vt 0.63702857 0.97264040
vt 0.66824180 0.94587177
vt 0.63552248 0.94412559
vt 0.63702857 0.97264040
vt 0.66824180 0.94587177
vt 0.63702857 0.97264040
vt 0.66893399 0.97644782
vt 0.52532297 0.89956182
vt 0.47505039 0.89968419
vt 0.47474879 0.94887573
vt 0.52532297 0.89956182
vt 0.47474879 0.94887573
vt 0.52484310 0.94864810
vt 0.52484310 0.94864810
vt 0.47474879 0.94887573
vt 0.47423130 0.98033780
vt 0.52484310 0.94864810
vt 0.47423130 0.98033780
vt 0.52417308 0.98006409
vt 0.47505039 0.89968419
vt 0.42380601 0.89954537
vt 0.42375720 0.94860947
vt 0.47505039 0.89968419
vt 0.42375720 0.94860947
vt 0.47474879 0.94887573
vt 0.42380601 0.89954537
vt 0.37868071 0.89913613
vt 0.37914059 0.94769382
vt 0.42380601 0.89954537
vt 0.37914059 0.94769382
vt 0.42375720 0.94860947
vt 0.42375720 0.94860947
vt 0.37914059 0.94769382
vt 0.37904921 0.97827888
vt 0.42375720 0.94860947
vt 0.37904921 0.97827888
vt 0.42337409 0.97989810
vt 0.47474879 0.94887573
vt 0.42375720 0.94860947
vt 0.42337409 0.97989810
vt 0.47474879 0.94887573
vt 0.42337409 0.97989810
vt 0.47423130 0.98033780
vt 0.47423130 0.98033780
vt 0.42337409 0.97989810
vt 0.42246309 0.99690408
vt 0.47423130 0.98033780
vt 0.42246309 0.99690408
vt 0.47364300 0.99754012
vt 0.42337409 0.97989810
vt 0.37904921 0.97827888
vt 0.37787771 0.99448961
vt 0.42337409 0.97989810
vt 0.37787771 0.99448961
vt 0.42246309 0.99690408
vt 0.86438429 0.25416940
vt 0.86431110 0.29305500
vt 0.87699509 0.28999019
vt 0.86438429 0.25416940
vt 0.87699509 0.28999019
vt 0.87731463 0.25017211
vt 0.86484897 0.21062399
vt 0.86438429 0.25416940
vt 0.87731463 0.25017211
vt 0.86484897 0.21062399
vt 0.87731463 0.25017211
vt 0.87806308 0.20511140
vt 0.52417308 0.98006409
vt 0.47423130 0.98033780
vt 0.47364300 0.99754012
vt 0.52417308 0.98006409
vt 0.47364300 0.99754012
vt 0.52393001 0.99719280
vt 0.86556792 0.16832849
vt 0.86484897 0.21062399
vt 0.87806308 0.20511140
vt 0.86556792 0.16832849
vt 0.87806308 0.20511140
vt 0.87869072 0.16102080
vt 0.87691921 0.40913731
vt 0.89381778 0.41214421
vt 0.89362079 0.37963510
vt 0.87691921 0.40913731
vt 0.89362079 0.37963510
vt 0.87689698 0.37761140
vt 0.89381778 0.41214421
vt 0.91308481 0.41312379
vt 0.91279757 0.38033560
vt 0.89381778 0.41214421
vt 0.91279757 0.38033560
vt 0.89362079 0.37963510
vt 0.89362079 0.37963510
vt 0.91279757 0.38033560
vt 0.91272032 0.35135561
vt 0.89362079 0.37963510
vt 0.91272032 0.35135561
vt 0.89358872 0.35097849
vt 0.87689698 0.37761140
vt 0.89362079 0.37963510
vt 0.89358872 0.35097849
vt 0.87689698 0.37761140
vt 0.89358872 0.35097849
vt 0.87695718 0.35012639
vt 0.91308481 0.41312379
vt 0.93237871 0.41235420
vt 0.93199772 0.37984419
vt 0.91308481 0.41312379
vt 0.93199772 0.37984419
vt 0.91279757 0.38033560
vt 0.93237871 0.41235420
vt 0.94936627 0.40953201
vt 0.94879919 0.37800309
vt 0.93237871 0.41235420
vt 0.94879919 0.37800309
vt 0.93199772 0.37984419
vt 0.93199772 0.37984419
vt 0.94879919 0.37800309
vt 0.94857037 0.35051659
vt 0.93199772 0.37984419
vt 0.94857037 0.35051659
vt 0.93187159 0.35118711
vt 0.91279757 0.38033560
vt 0.93199772 0.37984419
vt 0.93187159 0.35118711
vt 0.91279757 0.38033560
vt 0.93187159 0.35118711
vt 0.91272032 0.35135561
vt 0.91272032 0.35135561
vt 0.93187159 0.35118711
vt 0.93205220 0.32230139
vt 0.91272032 0.35135561
vt 0.93205220 0.32230139
vt 0.91285503 0.32216871
vt 0.93187159 0.35118711
vt 0.94857037 0.35051659
vt 0.94884568 0.32272491
vt 0.93187159 0.35118711
vt 0.94884568 0.32272491
vt 0.93205220 0.32230139
vt 0.93205220 0.32230139
vt 0.94884568 0.32272491
vt 0.94944233 0.29038501
vt 0.93205220 0.32230139
vt 0.94944233 0.29038501
vt 0.93246943 0.28912321
vt 0.91285503 0.32216871
vt 0.93205220 0.32230139
vt 0.93246943 0.28912321
vt 0.91285503 0.32216871
vt 0.93246943 0.28912321
vt 0.91318071 0.28875321
vt 0.87695718 0.35012639
vt 0.89358872 0.35097849
vt 0.89367533 0.32209229
vt 0.87695718 0.35012639
vt 0.89367533 0.32209229
vt 0.87694353 0.32233319
vt 0.89358872 0.35097849
vt 0.91272032 0.35135561
vt 0.91285503 0.32216871
vt 0.89358872 0.35097849
vt 0.91285503 0.32216871
vt 0.89367533 0.32209229
vt 0.89367533 0.32209229
vt 0.91285503 0.32216871
vt 0.91318071 0.28875321
vt 0.89367533 0.32209229
vt 0.91318071 0.28875321
vt 0.89390850 0.28891310
vt 0.87694353 0.32233319
vt 0.89367533 0.32209229
vt 0.89390850 0.28891310
vt 0.87694353 0.32233319
vt 0.89390850 0.28891310
vt 0.87699509 0.28999019
vt 0.66810268 0.60654938
vt 0.71378988 0.60627222
vt 0.71451849 0.55718178
vt 0.66810268 0.60654938
vt 0.71451849 0.55718178
vt 0.66914243 0.55798852
vt 0.71378988 0.60627222
vt 0.77012777 0.60632098
vt 0.77162838 0.55695462
vt 0.71378988 0.60627222
vt 0.77162838 0.55695462
vt 0.71451849 0.55718178
vt 0.71451849 0.55718178
vt 0.77162838 0.55695462
vt 0.76924902 0.52529442
vt 0.71451849 0.55718178
vt 0.76924902 0.52529442
vt 0.71476328 0.52585948
vt 0.66914243 0.55798852
vt 0.71451849 0.55718178
vt 0.71476328 0.52585948
vt 0.66914243 0.55798852
vt 0.71476328 0.52585948
vt 0.66997659 0.52739459
vt 0.76924902 0.52529442
vt 0.77162838 0.55695462
vt 0.84269291 0.55467772
vt 0.76924902 0.52529442
vt 0.84269291 0.55467772
vt 0.82271099 0.52370411
vt 0.77012777 0.60632098
vt 0.82600629 0.60552859
vt 0.84269291 0.55467772
vt 0.77012777 0.60632098
vt 0.84269291 0.55467772
vt 0.77162838 0.55695462
vt 0.84825552 0.60204512
vt 0.84269291 0.55467772
vt 0.82600629 0.60552859
vt 0.84658581 0.51846558
vt 0.82271099 0.52370411
vt 0.84269291 0.55467772
vt 0.95296907 0.13970269
vt 0.95141941 0.16076770
vt 0.96168977 0.15531521
vt 0.95296907 0.13970269
vt 0.96168977 0.15531521
vt 0.95648199 0.13396931
vt 0.95067888 0.20464709
vt 0.96309859 0.20787010
vt 0.96168977 0.15531521
vt 0.95067888 0.20464709
vt 0.96168977 0.15531521
vt 0.95141941 0.16076770
vt 0.76924902 0.52529442
vt 0.82271099 0.52370411
vt 0.83092898 0.50599283
vt 0.76924902 0.52529442
vt 0.83092898 0.50599283
vt 0.76968229 0.50779682
vt 0.84658581 0.51846558
vt 0.85243398 0.50940681
vt 0.83092898 0.50599283
vt 0.84658581 0.51846558
vt 0.83092898 0.50599283
vt 0.82271099 0.52370411
vt 0.66997659 0.52739459
vt 0.71476328 0.52585948
vt 0.71530288 0.50880092
vt 0.66997659 0.52739459
vt 0.71530288 0.50880092
vt 0.67026663 0.51116580
vt 0.71476328 0.52585948
vt 0.76924902 0.52529442
vt 0.76968229 0.50779682
vt 0.71476328 0.52585948
vt 0.76968229 0.50779682
vt 0.71530288 0.50880092
vt 0.96305239 0.25429589
vt 0.96309859 0.20787010
vt 0.95067888 0.20464709
vt 0.96305239 0.25429589
vt 0.95067888 0.20464709
vt 0.95011002 0.25046119
vt 0.96225351 0.29358861
vt 0.96305239 0.25429589
vt 0.95011002 0.25046119
vt 0.96225351 0.29358861
vt 0.95011002 0.25046119
vt 0.94944233 0.29038501
vt 0.94936627 0.40953201
vt 0.95004368 0.44790229
vt 0.96309859 0.44120851
vt 0.94936627 0.40953201
vt 0.96309859 0.44120851
vt 0.96219999 0.40378010
vt 0.58868623 0.67370403
vt 0.58738649 0.75167841
vt 0.59480029 0.75172383
vt 0.58868623 0.67370403
vt 0.59480029 0.75172383
vt 0.59585291 0.67391920
vt 0.59585291 0.67391920
vt 0.59480029 0.75172383
vt 0.60898829 0.75177711
vt 0.59585291 0.67391920
vt 0.60898829 0.75177711
vt 0.60977161 0.67406052
vt 0.59888917 0.60694993
vt 0.59585291 0.67391920
vt 0.60977161 0.67406052
vt 0.59888917 0.60694993
vt 0.60977161 0.67406052
vt 0.61187738 0.60732973
vt 0.58738649 0.75167841
vt 0.58832401 0.82965797
vt 0.59549159 0.82953203
vt 0.58738649 0.75167841
vt 0.59549159 0.82953203
vt 0.59480029 0.75172383
vt 0.22178930 0.17460220
vt 0.22170991 0.21326770
vt 0.23443590 0.21908531
vt 0.22178930 0.17460220
vt 0.23443590 0.21908531
vt 0.23472860 0.18136279
vt 0.59549159 0.82953203
vt 0.59821689 0.89651352
vt 0.61120671 0.89623278
vt 0.59549159 0.82953203
vt 0.61120671 0.89623278
vt 0.60941070 0.82949549
vt 0.59480029 0.75172383
vt 0.59549159 0.82953203
vt 0.60941070 0.82949549
vt 0.59480029 0.75172383
vt 0.60941070 0.82949549
vt 0.60898829 0.75177711
vt 0.60898829 0.75177711
vt 0.60941070 0.82949549
vt 0.63270879 0.82965219
vt 0.60898829 0.75177711
vt 0.63270879 0.82965219
vt 0.63251168 0.75184560
vt 0.60941070 0.82949549
vt 0.61120671 0.89623278
vt 0.63372761 0.89662832
vt 0.60941070 0.82949549
vt 0.63372761 0.89662832
vt 0.63270879 0.82965219
vt 0.63270879 0.82965219
vt 0.63372761 0.89662832
vt 0.66742748 0.89731789
vt 0.63270879 0.82965219
vt 0.66742748 0.89731789
vt 0.66695791 0.82991201
vt 0.63251168 0.75184560
vt 0.63270879 0.82965219
vt 0.66695791 0.82991201
vt 0.63251168 0.75184560
vt 0.66695791 0.82991201
vt 0.66692507 0.75193542
vt 0.61187738 0.60732973
vt 0.60977161 0.67406052
vt 0.63307011 0.67403948
vt 0.61187738 0.60732973
vt 0.63307011 0.67403948
vt 0.63440001 0.60706460
vt 0.60977161 0.67406052
vt 0.60898829 0.75177711
vt 0.63251168 0.75184560
vt 0.60977161 0.67406052
vt 0.63251168 0.75184560
vt 0.63307011 0.67403948
vt 0.63307011 0.67403948
vt 0.63251168 0.75184560
vt 0.66692507 0.75193542
vt 0.63307011 0.67403948
vt 0.66692507 0.75193542
vt 0.66732001 0.67395812
vt 0.63440001 0.60706460
vt 0.63307011 0.67403948
vt 0.66732001 0.67395812
vt 0.63440001 0.60706460
vt 0.66732001 0.67395812
vt 0.66810268 0.60654938
vt 0.22167461 0.33266670
vt 0.22177260 0.37252581
vt 0.23469840 0.36877781
vt 0.22167461 0.33266670
vt 0.23469840 0.36877781
vt 0.23440750 0.32951701
vt 0.22177260 0.37252581
vt 0.22189440 0.41851380
vt 0.23472860 0.41560829
vt 0.22177260 0.37252581
vt 0.23472860 0.41560829
vt 0.23469840 0.36877781
vt 0.71431702 0.99513471
vt 0.76969600 0.99576348
vt 0.76849669 0.97862673
vt 0.71431702 0.99513471
vt 0.76849669 0.97862673
vt 0.71375072 0.97815168
vt 0.66914868 0.99264151
vt 0.71431702 0.99513471
vt 0.71375072 0.97815168
vt 0.66914868 0.99264151
vt 0.71375072 0.97815168
vt 0.66893399 0.97644782
vt 0.84583741 0.98191237
vt 0.82231897 0.97920680
vt 0.83460093 0.99589598
vt 0.84583741 0.98191237
vt 0.83460093 0.99589598
vt 0.85227919 0.98908281
vt 0.76849669 0.97862673
vt 0.76969600 0.99576348
vt 0.83460093 0.99589598
vt 0.76849669 0.97862673
vt 0.83460093 0.99589598
vt 0.82231897 0.97920680
vt 0.22189440 0.41851380
vt 0.22207110 0.46276990
vt 0.23461710 0.47016531
vt 0.22189440 0.41851380
vt 0.23461710 0.47016531
vt 0.23472860 0.41560829
vt 0.22159250 0.48362261
vt 0.22474340 0.48934400
vt 0.23461710 0.47016531
vt 0.22159250 0.48362261
vt 0.23461710 0.47016531
vt 0.22207110 0.46276990
vt 0.85479099 0.99094188
vt 0.85227919 0.98908281
vt 0.83460093 0.99589598
vt 0.84740740 0.90462393
vt 0.82509148 0.89906329
vt 0.83969122 0.94902468
vt 0.84740740 0.90462393
vt 0.83969122 0.94902468
vt 0.85371631 0.92223811
vt 0.76934868 0.89783359
vt 0.77028513 0.94715953
vt 0.83969122 0.94902468
vt 0.76934868 0.89783359
vt 0.83969122 0.94902468
vt 0.82509148 0.89906329
vt 0.76849669 0.97862673
vt 0.82231897 0.97920680
vt 0.83969122 0.94902468
vt 0.76849669 0.97862673
vt 0.83969122 0.94902468
vt 0.77028513 0.94715953
vt 0.84583741 0.98191237
vt 0.85396922 0.97432190
vt 0.83969122 0.94902468
vt 0.84583741 0.98191237
vt 0.83969122 0.94902468
vt 0.82231897 0.97920680
vt 0.66893399 0.97644782
vt 0.71375072 0.97815168
vt 0.71355909 0.94687128
vt 0.66893399 0.97644782
vt 0.71355909 0.94687128
vt 0.66824180 0.94587177
vt 0.71375072 0.97815168
vt 0.76849669 0.97862673
vt 0.77028513 0.94715953
vt 0.71375072 0.97815168
vt 0.77028513 0.94715953
vt 0.71355909 0.94687128
vt 0.71355909 0.94687128
vt 0.77028513 0.94715953
vt 0.76934868 0.89783359
vt 0.71355909 0.94687128
vt 0.76934868 0.89783359
vt 0.71310031 0.89779508
vt 0.66824180 0.94587177
vt 0.71355909 0.94687128
vt 0.71310031 0.89779508
vt 0.66824180 0.94587177
vt 0.71310031 0.89779508
vt 0.66742748 0.89731789
vt 0.22170991 0.21326770
vt 0.20477711 0.21033970
vt 0.20475440 0.24304999
vt 0.22170991 0.21326770
vt 0.20475440 0.24304999
vt 0.22150829 0.24499559
vt 0.20477711 0.21033970
vt 0.18549851 0.20943969
vt 0.18556730 0.24242879
vt 0.20477711 0.21033970
vt 0.18556730 0.24242879
vt 0.20475440 0.24304999
vt 0.20475440 0.24304999
vt 0.18556730 0.24242879
vt 0.18558320 0.27151099
vt 0.20475440 0.24304999
vt 0.18558320 0.27151099
vt 0.20472370 0.27180901
vt 0.22150829 0.24499559
vt 0.20475440 0.24304999
vt 0.20472370 0.27180901
vt 0.22150829 0.24499559
vt 0.20472370 0.27180901
vt 0.22138160 0.27258271
vt 0.18549851 0.20943969
vt 0.16621290 0.21028180
vt 0.16637421 0.24299240
vt 0.18549851 0.20943969
vt 0.16637421 0.24299240
vt 0.18556730 0.24242879
vt 0.16621290 0.21028180
vt 0.14925660 0.21315880
vt 0.14960000 0.24488750
vt 0.16621290 0.21028180
vt 0.14960000 0.24488750
vt 0.16637421 0.24299240
vt 0.16637421 0.24299240
vt 0.14960000 0.24488750
vt 0.14976230 0.27247509
vt 0.16637421 0.24299240
vt 0.14976230 0.27247509
vt 0.16643760 0.27175140
vt 0.18556730 0.24242879
vt 0.16637421 0.24299240
vt 0.16643760 0.27175140
vt 0.18556730 0.24242879
vt 0.16643760 0.27175140
vt 0.18558320 0.27151099
vt 0.18558320 0.27151099
vt 0.16643760 0.27175140
vt 0.16635260 0.30064920
vt 0.18558320 0.27151099
vt 0.16635260 0.30064920
vt 0.18554489 0.30070999
vt 0.16643760 0.27175140
vt 0.14976230 0.27247509
vt 0.14958070 0.30027789
vt 0.16643760 0.27175140
vt 0.14958070 0.30027789
vt 0.16635260 0.30064920
vt 0.16635260 0.30064920
vt 0.14958070 0.30027789
vt 0.14922130 0.33255789
vt 0.16635260 0.30064920
vt 0.14922130 0.33255789
vt 0.16617329 0.33376819
vt 0.18554489 0.30070999
vt 0.16635260 0.30064920
vt 0.16617329 0.33376819
vt 0.18554489 0.30070999
vt 0.16617329 0.33376819
vt 0.18545739 0.33406630
vt 0.22138160 0.27258271
vt 0.20472370 0.27180901
vt 0.20473281 0.30070689
vt 0.22138160 0.27258271
vt 0.20473281 0.30070689
vt 0.22148900 0.30038589
vt 0.20472370 0.27180901
vt 0.18558320 0.27151099
vt 0.18554489 0.30070999
vt 0.20472370 0.27180901
vt 0.18554489 0.30070999
vt 0.20473281 0.30070689
vt 0.20473281 0.30070689
vt 0.18554489 0.30070999
vt 0.18545739 0.33406630
vt 0.20473281 0.30070689
vt 0.18545739 0.33406630
vt 0.20473740 0.33382621
vt 0.22148900 0.30038589
vt 0.20473281 0.30070689
vt 0.20473740 0.33382621
vt 0.22148900 0.30038589
vt 0.20473740 0.33382621
vt 0.22167461 0.33266670
vt 0.37877139 0.60836607
vt 0.42389679 0.60798419
vt 0.42387861 0.55892003
vt 0.37877139 0.60836607
vt 0.42387861 0.55892003
vt 0.37926149 0.55980861
vt 0.42389679 0.60798419
vt 0.47514141 0.60787630
vt 0.47487041 0.55868453
vt 0.42389679 0.60798419
vt 0.47487041 0.55868453
vt 0.42387861 0.55892003
vt 0.42387861 0.55892003
vt 0.47487041 0.55868453
vt 0.47437251 0.52722192
vt 0.42387861 0.55892003
vt 0.47437251 0.52722192
vt 0.42351499 0.52763093
vt 0.37926149 0.55980861
vt 0.42387861 0.55892003
vt 0.42351499 0.52763093
vt 0.37926149 0.55980861
vt 0.42351499 0.52763093
vt 0.37918910 0.52922338
vt 0.47514141 0.60787630
vt 0.52541542 0.60804892
vt 0.52496737 0.55896360
vt 0.47514141 0.60787630
vt 0.52496737 0.55896360
vt 0.47487041 0.55868453
vt 0.47487041 0.55868453
vt 0.52496737 0.55896360
vt 0.52433008 0.52754313
vt 0.47487041 0.55868453
vt 0.52433008 0.52754313
vt 0.47437251 0.52722192
vt 0.47437251 0.52722192
vt 0.52433008 0.52754313
vt 0.52410322 0.51041001
vt 0.47437251 0.52722192
vt 0.52410322 0.51041001
vt 0.47379169 0.51001632
vt 0.13570470 0.41154790
vt 0.13575730 0.45371971
vt 0.14965190 0.46116909
vt 0.13570470 0.41154790
vt 0.14965190 0.46116909
vt 0.14924200 0.41719621
vt 0.37918910 0.52922338
vt 0.42351499 0.52763093
vt 0.42261431 0.51062357
vt 0.37918910 0.52922338
vt 0.42261431 0.51062357
vt 0.37802771 0.51301157
vt 0.42351499 0.52763093
vt 0.47437251 0.52722192
vt 0.47379169 0.51001632
vt 0.42351499 0.52763093
vt 0.47379169 0.51001632
vt 0.42261431 0.51062357
vt 0.13592610 0.36814040
vt 0.13570470 0.41154790
vt 0.14924200 0.41719621
vt 0.13592610 0.36814040
vt 0.14924200 0.41719621
vt 0.14896730 0.37226531
vt 0.13645680 0.32936981
vt 0.13592610 0.36814040
vt 0.14896730 0.37226531
vt 0.13645680 0.32936981
vt 0.14896730 0.37226531
vt 0.14922130 0.33255789
vt 0.29851940 0.60834140
vt 0.29482070 0.67574787
vt 0.30411330 0.67592162
vt 0.29851940 0.60834140
vt 0.30411330 0.67592162
vt 0.30694309 0.60894662
vt 0.29482070 0.67574787
vt 0.29369071 0.75372487
vt 0.30324021 0.75372809
vt 0.29482070 0.67574787
vt 0.30324021 0.75372809
vt 0.30411330 0.67592162
vt 0.30411330 0.67592162
vt 0.30324021 0.75372809
vt 0.31889099 0.75373292
vt 0.30411330 0.67592162
vt 0.31889099 0.75373292
vt 0.31948090 0.67601532
vt 0.30694309 0.60894662
vt 0.30411330 0.67592162
vt 0.31948090 0.67601532
vt 0.30694309 0.60894662
vt 0.31948090 0.67601532
vt 0.32133231 0.60928142
vt 0.29369071 0.75372487
vt 0.29477209 0.83170259
vt 0.30406481 0.83153510
vt 0.29369071 0.75372487
vt 0.30406481 0.83153510
vt 0.30324021 0.75372809
vt 0.29477209 0.83170259
vt 0.29842880 0.89911127
vt 0.30685279 0.89851171
vt 0.29477209 0.83170259
vt 0.30685279 0.89851171
vt 0.30406481 0.83153510
vt 0.30406481 0.83153510
vt 0.30685279 0.89851171
vt 0.32124221 0.89818603
vt 0.30406481 0.83153510
vt 0.32124221 0.89818603
vt 0.31943241 0.83145088
vt 0.30324021 0.75372809
vt 0.30406481 0.83153510
vt 0.31943241 0.83145088
vt 0.30324021 0.75372809
vt 0.31943241 0.83145088
vt 0.31889099 0.75373292
vt 0.31889099 0.75373292
vt 0.31943241 0.83145088
vt 0.34360099 0.83154732
vt 0.31889099 0.75373292
vt 0.34360099 0.83154732
vt 0.34330139 0.75374049
vt 0.31943241 0.83145088
vt 0.32124221 0.89818603
vt 0.34457621 0.89852339
vt 0.31943241 0.83145088
vt 0.34457621 0.89852339
vt 0.34360099 0.83154732
vt 0.34360099 0.83154732
vt 0.34457621 0.89852339
vt 0.37868071 0.89913613
vt 0.34360099 0.83154732
vt 0.37868071 0.89913613
vt 0.37830570 0.83172828
vt 0.34330139 0.75374049
vt 0.34360099 0.83154732
vt 0.37830570 0.83172828
vt 0.34330139 0.75374049
vt 0.37830570 0.83172828
vt 0.37818539 0.75375098
vt 0.32133231 0.60928142
vt 0.31948090 0.67601532
vt 0.34364951 0.67593372
vt 0.32133231 0.60928142
vt 0.34364951 0.67593372
vt 0.34466651 0.60895818
vt 0.31948090 0.67601532
vt 0.31889099 0.75373292
vt 0.34330139 0.75374049
vt 0.31948090 0.67601532
vt 0.34330139 0.75374049
vt 0.34364951 0.67593372
vt 0.34364951 0.67593372
vt 0.34330139 0.75374049
vt 0.37818539 0.75375098
vt 0.34364951 0.67593372
vt 0.37818539 0.75375098
vt 0.37835431 0.67577368
vt 0.34466651 0.60895818
vt 0.34364951 0.67593372
vt 0.37835431 0.67577368
vt 0.34466651 0.60895818
vt 0.37835431 0.67577368
vt 0.37877139 0.60836607
vt 0.23167640 0.60654962
vt 0.18140370 0.60640550
vt 0.18155390 0.67415619
vt 0.23167640 0.60654962
vt 0.18155390 0.67415619
vt 0.23200180 0.67423952
vt 0.23200180 0.67423952
vt 0.18155390 0.67415619
vt 0.18160009 0.75230950
vt 0.23200180 0.67423952
vt 0.18160009 0.75230950
vt 0.23209409 0.75230932
vt 0.18140370 0.60640550
vt 0.13015920 0.60652947
vt 0.13011040 0.67420387
vt 0.18140370 0.60640550
vt 0.13011040 0.67420387
vt 0.18155390 0.67415619
vt 0.13015920 0.60652947
vt 0.08503390 0.60692561
vt 0.08463850 0.67433321
vt 0.13015920 0.60652947
vt 0.08463850 0.67433321
vt 0.13011040 0.67420387
vt 0.13011040 0.67420387
vt 0.08463850 0.67433321
vt 0.08449470 0.75231057
vt 0.13011040 0.67420387
vt 0.08449470 0.75231057
vt 0.13008060 0.75230998
vt 0.18155390 0.67415619
vt 0.13011040 0.67420387
vt 0.13008060 0.75230998
vt 0.18155390 0.67415619
vt 0.13008060 0.75230998
vt 0.18160009 0.75230950
vt 0.18160009 0.75230950
vt 0.13008060 0.75230998
vt 0.13011201 0.83041620
vt 0.18160009 0.75230950
vt 0.13011201 0.83041620
vt 0.18155549 0.83046281
vt 0.13008060 0.75230998
vt 0.08449470 0.75231057
vt 0.08464010 0.83028787
vt 0.13008060 0.75230998
vt 0.08464010 0.83028787
vt 0.13011201 0.83041620
vt 0.13011201 0.83041620
vt 0.08464010 0.83028787
vt 0.08503680 0.89769548
vt 0.13011201 0.83041620
vt 0.08503680 0.89769548
vt 0.13016210 0.89809060
vt 0.18155549 0.83046281
vt 0.13011201 0.83041620
vt 0.13016210 0.89809060
vt 0.18155549 0.83046281
vt 0.13016210 0.89809060
vt 0.18140660 0.89821339
vt 0.23209409 0.75230932
vt 0.18160009 0.75230950
vt 0.18155549 0.83046281
vt 0.23209409 0.75230932
vt 0.18155549 0.83046281
vt 0.23200680 0.83037889
vt 0.23200680 0.83037889
vt 0.18155549 0.83046281
vt 0.18140660 0.89821339
vt 0.23200680 0.83037889
vt 0.18140660 0.89821339
vt 0.23168090 0.89806539
vt 0.60026479 0.14451841
vt 0.60001892 0.16544120
vt 0.61528611 0.15525161
vt 0.60026479 0.14451841
vt 0.61528611 0.15525161
vt 0.60581541 0.13811590
vt 0.60012591 0.20971020
vt 0.61673021 0.20720690
vt 0.61528611 0.15525161
vt 0.60012591 0.20971020
vt 0.61528611 0.15525161
vt 0.60001892 0.16544120
vt 0.63588649 0.20676060
vt 0.63459229 0.16153170
vt 0.61528611 0.15525161
vt 0.63588649 0.20676060
vt 0.61528611 0.15525161
vt 0.61673021 0.20720690
vt 0.63422722 0.14025670
vt 0.61528611 0.15525161
vt 0.63459229 0.16153170
vt 0.60012591 0.20971020
vt 0.60026759 0.25570601
vt 0.61726081 0.25392959
vt 0.60012591 0.20971020
vt 0.61726081 0.25392959
vt 0.61673021 0.20720690
vt 0.60026759 0.25570601
vt 0.60050392 0.29556561
vt 0.61743617 0.29433900
vt 0.60026759 0.25570601
vt 0.61743617 0.29433900
vt 0.61726081 0.25392959
vt 0.61726081 0.25392959
vt 0.61743617 0.29433900
vt 0.63671511 0.29402241
vt 0.61726081 0.25392959
vt 0.63671511 0.29402241
vt 0.63658422 0.25347671
vt 0.61673021 0.20720690
vt 0.61726081 0.25392959
vt 0.63658422 0.25347671
vt 0.61673021 0.20720690
vt 0.63658422 0.25347671
vt 0.63588649 0.20676060
vt 0.63588649 0.20676060
vt 0.63658422 0.25347671
vt 0.65588158 0.25366631
vt 0.63588649 0.20676060
vt 0.65588158 0.25366631
vt 0.65478408 0.20576790
vt 0.63658422 0.25347671
vt 0.63671511 0.29402241
vt 0.65600032 0.29424420
vt 0.63658422 0.25347671
vt 0.65600032 0.29424420
vt 0.65588158 0.25366631
vt 0.65588158 0.25366631
vt 0.65600032 0.29424420
vt 0.67295712 0.29538739
vt 0.65588158 0.25366631
vt 0.67295712 0.29538739
vt 0.67305273 0.25562361
vt 0.65478408 0.20576790
vt 0.65588158 0.25366631
vt 0.67305273 0.25562361
vt 0.65478408 0.20576790
vt 0.67305273 0.25562361
vt 0.67261761 0.21030550
vt 0.63422722 0.14025670
vt 0.63459229 0.16153170
vt 0.65153420 0.14893609
vt 0.63588649 0.20676060
vt 0.65478408 0.20576790
vt 0.65153420 0.14893609
vt 0.63588649 0.20676060
vt 0.65153420 0.14893609
vt 0.63459229 0.16153170
vt 0.67261761 0.21030550
vt 0.67220187 0.16579060
vt 0.65153420 0.14893609
vt 0.67261761 0.21030550
vt 0.65153420 0.14893609
vt 0.65478408 0.20576790
vt 0.60095441 0.41496381
vt 0.60103232 0.45362931
vt 0.61810207 0.45706081
vt 0.60095441 0.41496381
vt 0.61810207 0.45706081
vt 0.61789900 0.41782460
vt 0.60103232 0.45362931
vt 0.60127980 0.49569449
vt 0.61839110 0.49932909
vt 0.60103232 0.45362931
vt 0.61839110 0.49932909
vt 0.61810207 0.45706081
vt 0.61810207 0.45706081
vt 0.61839110 0.49932909
vt 0.63777453 0.50039858
vt 0.61810207 0.45706081
vt 0.63777453 0.50039858
vt 0.63745737 0.45805979
vt 0.61789900 0.41782460
vt 0.61810207 0.45706081
vt 0.63745737 0.45805979
vt 0.61789900 0.41782460
vt 0.63745737 0.45805979
vt 0.63718098 0.41864821
vt 0.77265233 0.49576899
vt 0.77196997 0.45405501
vt 0.75485659 0.45745650
vt 0.77265233 0.49576899
vt 0.75485659 0.45745650
vt 0.75549728 0.49937341
vt 0.77196997 0.45405501
vt 0.77127218 0.41568509
vt 0.75428611 0.41851601
vt 0.77196997 0.45405501
vt 0.75428611 0.41851601
vt 0.75485659 0.45745650
vt 0.75485659 0.45745650
vt 0.75428611 0.41851601
vt 0.73499268 0.41929561
vt 0.75485659 0.45745650
vt 0.73499268 0.41929561
vt 0.73548907 0.45841131
vt 0.75549728 0.49937341
vt 0.75485659 0.45745650
vt 0.73548907 0.45841131
vt 0.75549728 0.49937341
vt 0.73548907 0.45841131
vt 0.73610181 0.50039858
vt 0.73610181 0.50039858
vt 0.73548907 0.45841131
vt 0.71614993 0.45726559
vt 0.73610181 0.50039858
vt 0.71614993 0.45726559
vt 0.71673483 0.49918219
vt 0.73548907 0.45841131
vt 0.73499268 0.41929561
vt 0.71572518 0.41832581
vt 0.73548907 0.45841131
vt 0.71572518 0.41832581
vt 0.71614993 0.45726559
vt 0.71614993 0.45726559
vt 0.71572518 0.41832581
vt 0.69882488 0.41532770
vt 0.71614993 0.45726559
vt 0.69882488 0.41532770
vt 0.69912910 0.45369560
vt 0.71673483 0.49918219
vt 0.71614993 0.45726559
vt 0.69912910 0.45369560
vt 0.71673483 0.49918219
vt 0.69912910 0.45369560
vt 0.69967389 0.49540901
vt 0.63718098 0.41864821
vt 0.63745737 0.45805979
vt 0.65681189 0.45696560
vt 0.63718098 0.41864821
vt 0.65681189 0.45696560
vt 0.65646309 0.41772971
vt 0.63745737 0.45805979
vt 0.63777453 0.50039858
vt 0.65715671 0.49923381
vt 0.63745737 0.45805979
vt 0.65715671 0.49923381
vt 0.65681189 0.45696560
vt 0.65681189 0.45696560
vt 0.65715671 0.49923381
vt 0.67426407 0.49551490
vt 0.65681189 0.45696560
vt 0.67426407 0.49551490
vt 0.67387903 0.45345011
vt 0.65646309 0.41772971
vt 0.65681189 0.45696560
vt 0.67387903 0.45345011
vt 0.65646309 0.41772971
vt 0.67387903 0.45345011
vt 0.67340761 0.41478559
vt 0.69984442 0.21193430
vt 0.71724391 0.20887139
vt 0.71937901 0.15981629
vt 0.69984442 0.21193430
vt 0.71937901 0.15981629
vt 0.70055741 0.16861960
vt 0.73618132 0.20900890
vt 0.73700869 0.16568550
vt 0.71937901 0.15981629
vt 0.73618132 0.20900890
vt 0.71937901 0.15981629
vt 0.71724391 0.20887139
vt 0.73750567 0.14302680
vt 0.71937901 0.15981629
vt 0.73700869 0.16568550
vt 0.69984442 0.21193430
vt 0.69913417 0.25644150
vt 0.71621138 0.25471970
vt 0.69984442 0.21193430
vt 0.71621138 0.25471970
vt 0.71724391 0.20887139
vt 0.69913417 0.25644150
vt 0.69883782 0.29618070
vt 0.71575069 0.29509479
vt 0.69913417 0.25644150
vt 0.71575069 0.29509479
vt 0.71621138 0.25471970
vt 0.71621138 0.25471970
vt 0.71575069 0.29509479
vt 0.73502272 0.29492491
vt 0.71621138 0.25471970
vt 0.73502272 0.29492491
vt 0.73550218 0.25446871
vt 0.71724391 0.20887139
vt 0.71621138 0.25471970
vt 0.73550218 0.25446871
vt 0.71724391 0.20887139
vt 0.73550218 0.25446871
vt 0.73618132 0.20900890
vt 0.73618132 0.20900890
vt 0.73550218 0.25446871
vt 0.75481212 0.25493109
vt 0.73618132 0.20900890
vt 0.75481212 0.25493109
vt 0.75515771 0.20922650
vt 0.73550218 0.25446871
vt 0.73502272 0.29492491
vt 0.75431162 0.29528499
vt 0.73550218 0.25446871
vt 0.75431162 0.29528499
vt 0.75481212 0.25493109
vt 0.75481212 0.25493109
vt 0.75431162 0.29528499
vt 0.77128512 0.29653800
vt 0.75481212 0.25493109
vt 0.77128512 0.29653800
vt 0.77189302 0.25662181
vt 0.75515771 0.20922650
vt 0.75481212 0.25493109
vt 0.77189302 0.25662181
vt 0.75515771 0.20922650
vt 0.77189302 0.25662181
vt 0.77216631 0.21086250
vt 0.73750567 0.14302680
vt 0.73700869 0.16568550
vt 0.75489998 0.16115180
vt 0.73618132 0.20900890
vt 0.75515771 0.20922650
vt 0.75489998 0.16115180
vt 0.73618132 0.20900890
vt 0.75489998 0.16115180
vt 0.73700869 0.16568550
vt 0.77216631 0.21086250
vt 0.77171808 0.16695490
vt 0.75489998 0.16115180
vt 0.77216631 0.21086250
vt 0.75489998 0.16115180
vt 0.75515771 0.20922650
vt 0.77043080 0.14549451
vt 0.76184487 0.13889500
vt 0.75489998 0.16115180
vt 0.77043080 0.14549451
vt 0.75489998 0.16115180
vt 0.77171808 0.16695490
vt 0.47597420 0.10974710
vt 0.47836280 0.17769270
vt 0.55317312 0.17737620
vt 0.47597420 0.10974710
vt 0.55317312 0.17737620
vt 0.53172088 0.10849730
vt 0.47641101 0.25551641
vt 0.53311241 0.25582460
vt 0.55317312 0.17737620
vt 0.47641101 0.25551641
vt 0.55317312 0.17737620
vt 0.47836280 0.17769270
vt 0.55503321 0.25690669
vt 0.56217998 0.23666421
vt 0.55317312 0.17737620
vt 0.55503321 0.25690669
vt 0.55317312 0.17737620
vt 0.53311241 0.25582460
vt 0.55405051 0.10289810
vt 0.53172088 0.10849730
vt 0.55317312 0.17737620
vt 0.55405051 0.10289810
vt 0.55317312 0.17737620
vt 0.56198299 0.11847050
vt 0.47597420 0.10974710
vt 0.41972539 0.10972360
vt 0.41973570 0.17742510
vt 0.47597420 0.10974710
vt 0.41973570 0.17742510
vt 0.47836280 0.17769270
vt 0.41972539 0.10972360
vt 0.37405169 0.11009410
vt 0.37343389 0.17750441
vt 0.41972539 0.10972360
vt 0.37343389 0.17750441
vt 0.41973570 0.17742510
vt 0.41973570 0.17742510
vt 0.37343389 0.17750441
vt 0.37322971 0.25548249
vt 0.41973570 0.17742510
vt 0.37322971 0.25548249
vt 0.41939521 0.25549069
vt 0.47836280 0.17769270
vt 0.41973570 0.17742510
vt 0.41939521 0.25549069
vt 0.47836280 0.17769270
vt 0.41939521 0.25549069
vt 0.47641101 0.25551641
vt 0.47641101 0.25551641
vt 0.41939521 0.25549069
vt 0.41972399 0.33355531
vt 0.47641101 0.25551641
vt 0.41972399 0.33355531
vt 0.47813380 0.33334491
vt 0.41939521 0.25549069
vt 0.37322971 0.25548249
vt 0.37345329 0.33345869
vt 0.41939521 0.25549069
vt 0.37345329 0.33345869
vt 0.41972399 0.33355531
vt 0.41972399 0.33355531
vt 0.37345329 0.33345869
vt 0.37408781 0.40086329
vt 0.41972399 0.33355531
vt 0.37408781 0.40086329
vt 0.41977391 0.40124339
vt 0.47813380 0.33334491
vt 0.41972399 0.33355531
vt 0.41977391 0.40124339
vt 0.47813380 0.33334491
vt 0.41977391 0.40124339
vt 0.47610921 0.40122920
vt 0.47641101 0.25551641
vt 0.47813380 0.33334491
vt 0.55202103 0.33379969
vt 0.47641101 0.25551641
vt 0.55202103 0.33379969
vt 0.53311241 0.25582460
vt 0.47610921 0.40122920
vt 0.53197819 0.40196070
vt 0.55202103 0.33379969
vt 0.47610921 0.40122920
vt 0.55202103 0.33379969
vt 0.47813380 0.33334491
vt 0.55420840 0.40542939
vt 0.56173229 0.38842931
vt 0.55202103 0.33379969
vt 0.55420840 0.40542939
vt 0.55202103 0.33379969
vt 0.53197819 0.40196070
vt 0.55503321 0.25690669
vt 0.53311241 0.25582460
vt 0.55202103 0.33379969
vt 0.55503321 0.25690669
vt 0.55202103 0.33379969
vt 0.56194830 0.27866879
vt 0.08503680 0.89769548
vt 0.05093210 0.89709342
vt 0.05248090 0.94459093
vt 0.08503680 0.89769548
vt 0.05248090 0.94459093
vt 0.08551230 0.94625312
vt 0.05093210 0.89709342
vt 0.02759800 0.89676332
vt 0.03110010 0.94322622
vt 0.05093210 0.89709342
vt 0.03110010 0.94322622
vt 0.05248090 0.94459093
vt 0.05248090 0.94459093
vt 0.03110010 0.94322622
vt 0.03621110 0.96650308
vt 0.05248090 0.94459093
vt 0.03621110 0.96650308
vt 0.05333660 0.97311097
vt 0.08551230 0.94625312
vt 0.05248090 0.94459093
vt 0.05333660 0.97311097
vt 0.08551230 0.94625312
vt 0.05333660 0.97311097
vt 0.08543070 0.97683811
vt 0.69882488 0.41532770
vt 0.69878608 0.38380179
vt 0.68649727 0.37978610
vt 0.69882488 0.41532770
vt 0.68649727 0.37978610
vt 0.68616033 0.40944341
vt 0.69878608 0.38380179
vt 0.69883168 0.35631680
vt 0.68686312 0.35514411
vt 0.69878608 0.38380179
vt 0.68686312 0.35514411
vt 0.68649727 0.37978610
vt 0.01886080 0.94459099
vt 0.03033930 0.97311109
vt 0.03621110 0.96650308
vt 0.01886080 0.94459099
vt 0.03621110 0.96650308
vt 0.03110010 0.94322622
vt 0.01320870 0.89709347
vt 0.01886080 0.94459099
vt 0.03110010 0.94322622
vt 0.01320870 0.89709347
vt 0.03110010 0.94322622
vt 0.02759800 0.89676332
vt 0.69883782 0.29618070
vt 0.68615538 0.29925191
vt 0.68650502 0.33001509
vt 0.69883782 0.29618070
vt 0.68650502 0.33001509
vt 0.69880331 0.32852361
vt 0.08426440 0.99304920
vt 0.08543070 0.97683811
vt 0.05333660 0.97311097
vt 0.08426440 0.99304920
vt 0.05333660 0.97311097
vt 0.05136870 0.98726392
vt 0.05136870 0.98726392
vt 0.05333660 0.97311097
vt 0.03621110 0.96650308
vt 0.05136870 0.98726392
vt 0.03621110 0.96650308
vt 0.03033930 0.97311109
vt 0.69880331 0.32852361
vt 0.68650502 0.33001509
vt 0.68686312 0.35514411
vt 0.69880331 0.32852361
vt 0.68686312 0.35514411
vt 0.69883168 0.35631680
vt 0.77127218 0.41568509
vt 0.78410292 0.40992659
vt 0.78312677 0.38026270
vt 0.77127218 0.41568509
vt 0.78312677 0.38026270
vt 0.77068841 0.38415650
vt 0.30483940 0.11065940
vt 0.31782860 0.11100820
vt 0.32155451 0.06454270
vt 0.30483940 0.11065940
vt 0.32155451 0.06454270
vt 0.31060150 0.06316080
vt 0.31060150 0.06316080
vt 0.32155451 0.06454270
vt 0.32699841 0.04126170
vt 0.31060150 0.06316080
vt 0.32699841 0.04126170
vt 0.32216990 0.03464010
vt 0.77068841 0.38415650
vt 0.78312677 0.38026270
vt 0.78255153 0.35561609
vt 0.77068841 0.38415650
vt 0.78255153 0.35561609
vt 0.77044499 0.35666999
vt 0.37405169 0.11009410
vt 0.37497261 0.06153090
vt 0.34224960 0.06318770
vt 0.37405169 0.11009410
vt 0.34224960 0.06318770
vt 0.34035021 0.11068960
vt 0.37497261 0.06153090
vt 0.37573189 0.03093510
vt 0.34381840 0.03465840
vt 0.37497261 0.06153090
vt 0.34381840 0.03465840
vt 0.34224960 0.06318770
vt 0.34224960 0.06318770
vt 0.34381840 0.03465840
vt 0.32699841 0.04126170
vt 0.34224960 0.06318770
vt 0.32699841 0.04126170
vt 0.32155451 0.06454270
vt 0.34035021 0.11068960
vt 0.34224960 0.06318770
vt 0.32155451 0.06454270
vt 0.34035021 0.11068960
vt 0.32155451 0.06454270
vt 0.31782860 0.11100820
vt 0.77128512 0.29653800
vt 0.77070570 0.32887831
vt 0.78313440 0.33049169
vt 0.77128512 0.29653800
vt 0.78313440 0.33049169
vt 0.78409803 0.29973510
vt 0.77070570 0.32887831
vt 0.77044499 0.35666999
vt 0.78255153 0.35561609
vt 0.77070570 0.32887831
vt 0.78255153 0.35561609
vt 0.78313440 0.33049169
vt 0.34314939 0.02048880
vt 0.32216990 0.03464010
vt 0.32699841 0.04126170
vt 0.34314939 0.02048880
vt 0.32699841 0.04126170
vt 0.34381840 0.03465840
vt 0.37598231 0.01470570
vt 0.34314939 0.02048880
vt 0.34381840 0.03465840
vt 0.37598231 0.01470570
vt 0.34381840 0.03465840
vt 0.37573189 0.03093510
vt 0.67340761 0.41478559
vt 0.68615538 0.40895569
vt 0.68530369 0.37909660
vt 0.67340761 0.41478559
vt 0.68530369 0.37909660
vt 0.67293513 0.38305840
vt 0.01320570 0.60752863
vt 0.02759510 0.60785872
vt 0.03109620 0.56139582
vt 0.01320570 0.60752863
vt 0.03109620 0.56139582
vt 0.01885700 0.56003088
vt 0.01885700 0.56003088
vt 0.03109620 0.56139582
vt 0.03620680 0.53811860
vt 0.01885700 0.56003088
vt 0.03620680 0.53811860
vt 0.03033490 0.53151047
vt 0.67293513 0.38305840
vt 0.68530369 0.37909660
vt 0.68471241 0.35435569
vt 0.67293513 0.38305840
vt 0.68471241 0.35435569
vt 0.67266053 0.35547170
vt 0.08503390 0.60692561
vt 0.08550840 0.55836779
vt 0.05247700 0.56003082
vt 0.08503390 0.60692561
vt 0.05247700 0.56003082
vt 0.05092920 0.60752839
vt 0.08550840 0.55836779
vt 0.08542620 0.52778268
vt 0.05333220 0.53151041
vt 0.08550840 0.55836779
vt 0.05333220 0.53151041
vt 0.05247700 0.56003082
vt 0.05247700 0.56003082
vt 0.05333220 0.53151041
vt 0.03620680 0.53811860
vt 0.05247700 0.56003082
vt 0.03620680 0.53811860
vt 0.03109620 0.56139582
vt 0.05092920 0.60752839
vt 0.05247700 0.56003082
vt 0.03109620 0.56139582
vt 0.05092920 0.60752839
vt 0.03109620 0.56139582
vt 0.02759510 0.60785872
vt 0.67295712 0.29538739
vt 0.67272902 0.32766849
vt 0.68511617 0.32922170
vt 0.67295712 0.29538739
vt 0.68511617 0.32922170
vt 0.68573451 0.29852471
vt 0.67272902 0.32766849
vt 0.67266053 0.35547170
vt 0.68471241 0.35435569
vt 0.67272902 0.32766849
vt 0.68471241 0.35435569
vt 0.68511617 0.32922170
vt 0.05136400 0.51735717
vt 0.03033490 0.53151047
vt 0.03620680 0.53811860
vt 0.05136400 0.51735717
vt 0.03620680 0.53811860
vt 0.05333220 0.53151041
vt 0.08425960 0.51157123
vt 0.05136400 0.51735717
vt 0.05333220 0.53151041
vt 0.08425960 0.51157123
vt 0.05333220 0.53151041
vt 0.08542620 0.52778268
vt 0.60095441 0.41496381
vt 0.60102689 0.38323531
vt 0.58866650 0.37933430
vt 0.60095441 0.41496381
vt 0.58866650 0.37933430
vt 0.58820480 0.40919659
vt 0.60102689 0.38323531
vt 0.60104138 0.35564789
vt 0.58901632 0.35459110
vt 0.60102689 0.38323531
vt 0.58901632 0.35459110
vt 0.58866650 0.37933430
vt 0.31064919 0.44771999
vt 0.32222471 0.47623959
vt 0.32705149 0.46964520
vt 0.31064919 0.44771999
vt 0.32705149 0.46964520
vt 0.32160199 0.44637209
vt 0.30487531 0.40022379
vt 0.31064919 0.44771999
vt 0.32160199 0.44637209
vt 0.30487531 0.40022379
vt 0.32160199 0.44637209
vt 0.31786439 0.39991221
vt 0.60050392 0.29556561
vt 0.58778387 0.29876569
vt 0.58847892 0.32945940
vt 0.60050392 0.29556561
vt 0.58847892 0.32945940
vt 0.60082078 0.32784539
vt 0.37604210 0.49618250
vt 0.37578771 0.47998929
vt 0.34387320 0.47625801
vt 0.37604210 0.49618250
vt 0.34387320 0.47625801
vt 0.34320769 0.49039441
vt 0.34320769 0.49039441
vt 0.34387320 0.47625801
vt 0.32705149 0.46964520
vt 0.34320769 0.49039441
vt 0.32705149 0.46964520
vt 0.32222471 0.47623959
vt 0.60082078 0.32784539
vt 0.58847892 0.32945940
vt 0.58901632 0.35459110
vt 0.60082078 0.32784539
vt 0.58901632 0.35459110
vt 0.60104138 0.35564789
vt 0.37408781 0.40086329
vt 0.34038621 0.40025389
vt 0.34229729 0.44774690
vt 0.37408781 0.40086329
vt 0.34229729 0.44774690
vt 0.37502080 0.44941509
vt 0.34038621 0.40025389
vt 0.31786439 0.39991221
vt 0.32160199 0.44637209
vt 0.34038621 0.40025389
vt 0.32160199 0.44637209
vt 0.34229729 0.44774690
vt 0.34229729 0.44774690
vt 0.32160199 0.44637209
vt 0.32705149 0.46964520
vt 0.34229729 0.44774690
vt 0.32705149 0.46964520
vt 0.34387320 0.47625801
vt 0.37502080 0.44941509
vt 0.34229729 0.44774690
vt 0.34387320 0.47625801
vt 0.37502080 0.44941509
vt 0.34387320 0.47625801
vt 0.37578771 0.47998929
vt 0.23168090 0.89806539
vt 0.18140660 0.89821339
vt 0.18112080 0.94740498
vt 0.23168090 0.89806539
vt 0.18112080 0.94740498
vt 0.23121770 0.94715017
vt 0.23121770 0.94715017
vt 0.18112080 0.94740498
vt 0.18061350 0.97886717
vt 0.23121770 0.94715017
vt 0.18061350 0.97886717
vt 0.23057079 0.97856587
vt 0.18140660 0.89821339
vt 0.13016210 0.89809060
vt 0.13012920 0.94715470
vt 0.18140660 0.89821339
vt 0.13012920 0.94715470
vt 0.18112080 0.94740498
vt 0.13016210 0.89809060
vt 0.08503680 0.89769548
vt 0.08551230 0.94625312
vt 0.13016210 0.89809060
vt 0.08551230 0.94625312
vt 0.13012920 0.94715470
vt 0.13012920 0.94715470
vt 0.08551230 0.94625312
vt 0.08543070 0.97683811
vt 0.13012920 0.94715470
vt 0.08543070 0.97683811
vt 0.12975609 0.97844338
vt 0.18112080 0.94740498
vt 0.13012920 0.94715470
vt 0.12975609 0.97844338
vt 0.18112080 0.94740498
vt 0.12975609 0.97844338
vt 0.18061350 0.97886717
vt 0.18061350 0.97886717
vt 0.12975609 0.97844338
vt 0.12883870 0.99545008
vt 0.18061350 0.97886717
vt 0.12883870 0.99545008
vt 0.17993550 0.99607241
vt 0.12975609 0.97844338
vt 0.08543070 0.97683811
vt 0.08426440 0.99304920
vt 0.12975609 0.97844338
vt 0.08426440 0.99304920
vt 0.12883870 0.99545008
vt 0.68620777 0.26037630
vt 0.68615538 0.29925191
vt 0.69883782 0.29618070
vt 0.68620777 0.26037630
vt 0.69883782 0.29618070
vt 0.69913417 0.25644150
vt 0.68664759 0.21689980
vt 0.68620777 0.26037630
vt 0.69913417 0.25644150
vt 0.68664759 0.21689980
vt 0.69913417 0.25644150
vt 0.69984442 0.21193430
vt 0.23057079 0.97856587
vt 0.18061350 0.97886717
vt 0.17993550 0.99607241
vt 0.23057079 0.97856587
vt 0.17993550 0.99607241
vt 0.23013189 0.99569672
vt 0.68734598 0.17468680
vt 0.68664759 0.21689980
vt 0.69984442 0.21193430
vt 0.68734598 0.17468680
vt 0.69984442 0.21193430
vt 0.70055741 0.16861960
vt 0.69882488 0.41532770
vt 0.71572518 0.41832581
vt 0.71551090 0.38581690
vt 0.69882488 0.41532770
vt 0.71551090 0.38581690
vt 0.69878608 0.38380179
vt 0.71572518 0.41832581
vt 0.73499268 0.41929561
vt 0.73468810 0.38650751
vt 0.71572518 0.41832581
vt 0.73468810 0.38650751
vt 0.71551090 0.38581690
vt 0.71551090 0.38581690
vt 0.73468810 0.38650751
vt 0.73459542 0.35752749
vt 0.71551090 0.38581690
vt 0.73459542 0.35752749
vt 0.71546358 0.35716030
vt 0.69878608 0.38380179
vt 0.71551090 0.38581690
vt 0.71546358 0.35716030
vt 0.69878608 0.38380179
vt 0.71546358 0.35716030
vt 0.69883168 0.35631680
vt 0.73499268 0.41929561
vt 0.75428611 0.41851601
vt 0.75388789 0.38600621
vt 0.73499268 0.41929561
vt 0.75388789 0.38600621
vt 0.73468810 0.38650751
vt 0.75428611 0.41851601
vt 0.77127218 0.41568509
vt 0.77068841 0.38415650
vt 0.75428611 0.41851601
vt 0.77068841 0.38415650
vt 0.75388789 0.38600621
vt 0.75388789 0.38600621
vt 0.77068841 0.38415650
vt 0.77044499 0.35666999
vt 0.75388789 0.38600621
vt 0.77044499 0.35666999
vt 0.75374663 0.35734919
vt 0.73468810 0.38650751
vt 0.75388789 0.38600621
vt 0.75374663 0.35734919
vt 0.73468810 0.38650751
vt 0.75374663 0.35734919
vt 0.73459542 0.35752749
vt 0.73459542 0.35752749
vt 0.75374663 0.35734919
vt 0.75391197 0.32846341
vt 0.73459542 0.35752749
vt 0.75391197 0.32846341
vt 0.73471469 0.32834059
vt 0.75374663 0.35734919
vt 0.77044499 0.35666999
vt 0.77070570 0.32887831
vt 0.75374663 0.35734919
vt 0.77070570 0.32887831
vt 0.75391197 0.32846341
vt 0.75391197 0.32846341
vt 0.77070570 0.32887831
vt 0.77128512 0.29653800
vt 0.75391197 0.32846341
vt 0.77128512 0.29653800
vt 0.75431162 0.29528499
vt 0.73471469 0.32834059
vt 0.75391197 0.32846341
vt 0.75431162 0.29528499
vt 0.73471469 0.32834059
vt 0.75431162 0.29528499
vt 0.73502272 0.29492491
vt 0.69883168 0.35631680
vt 0.71546358 0.35716030
vt 0.71553493 0.32827410
vt 0.69883168 0.35631680
vt 0.71553493 0.32827410
vt 0.69880331 0.32852361
vt 0.71546358 0.35716030
vt 0.73459542 0.35752749
vt 0.73471469 0.32834059
vt 0.71546358 0.35716030
vt 0.73471469 0.32834059
vt 0.71553493 0.32827410
vt 0.71553493 0.32827410
vt 0.73471469 0.32834059
vt 0.73502272 0.29492491
vt 0.71553493 0.32827410
vt 0.73502272 0.29492491
vt 0.71575069 0.29509479
vt 0.69880331 0.32852361
vt 0.71553493 0.32827410
vt 0.71575069 0.29509479
vt 0.69880331 0.32852361
vt 0.71575069 0.29509479
vt 0.69883782 0.29618070
vt 0.37405169 0.11009410
vt 0.41972539 0.10972360
vt 0.42029271 0.06063190
vt 0.37405169 0.11009410
vt 0.42029271 0.06063190
vt 0.37497261 0.06153090
vt 0.41972539 0.10972360
vt 0.47597420 0.10974710
vt 0.47702381 0.06037920
vt 0.41972539 0.10972360
vt 0.47702381 0.06037920
vt 0.42029271 0.06063190
vt 0.42029271 0.06063190
vt 0.47702381 0.06037920
vt 0.47533941 0.02871620
vt 0.42029271 0.06063190
vt 0.47533941 0.02871620
vt 0.42055741 0.02930800
vt 0.37497261 0.06153090
vt 0.42029271 0.06063190
vt 0.42055741 0.02930800
vt 0.37497261 0.06153090
vt 0.42055741 0.02930800
vt 0.37573189 0.03093510
vt 0.47533941 0.02871620
vt 0.47702381 0.06037920
vt 0.54643530 0.05844310
vt 0.47533941 0.02871620
vt 0.54643530 0.05844310
vt 0.52923858 0.02776740
vt 0.47597420 0.10974710
vt 0.53172088 0.10849730
vt 0.54643530 0.05844310
vt 0.47597420 0.10974710
vt 0.54643530 0.05844310
vt 0.47702381 0.06037920
vt 0.55405051 0.10289810
vt 0.56039709 0.08521710
vt 0.54643530 0.05844310
vt 0.55405051 0.10289810
vt 0.54643530 0.05844310
vt 0.53172088 0.10849730
vt 0.55282032 0.02492930
vt 0.52923858 0.02776740
vt 0.54643530 0.05844310
vt 0.55282032 0.02492930
vt 0.54643530 0.05844310
vt 0.56084269 0.03310280
vt 0.77043080 0.14549451
vt 0.77171808 0.16695490
vt 0.78380787 0.15741770
vt 0.77043080 0.14549451
vt 0.78380787 0.15741770
vt 0.77500081 0.13897730
vt 0.77216631 0.21086250
vt 0.78502131 0.21311940
vt 0.78380787 0.15741770
vt 0.77216631 0.21086250
vt 0.78380787 0.15741770
vt 0.77171808 0.16695490
vt 0.47533941 0.02871620
vt 0.52923858 0.02776740
vt 0.54170948 0.00963880
vt 0.47533941 0.02871620
vt 0.54170948 0.00963880
vt 0.47654209 0.01125650
vt 0.55282032 0.02492930
vt 0.56012541 0.01673030
vt 0.54170948 0.00963880
vt 0.55282032 0.02492930
vt 0.54170948 0.00963880
vt 0.52923858 0.02776740
vt 0.37573189 0.03093510
vt 0.42055741 0.02930800
vt 0.42115670 0.01225300
vt 0.37573189 0.03093510
vt 0.42115670 0.01225300
vt 0.37598231 0.01470570
vt 0.42055741 0.02930800
vt 0.47533941 0.02871620
vt 0.47654209 0.01125650
vt 0.42055741 0.02930800
vt 0.47654209 0.01125650
vt 0.42115670 0.01225300
vt 0.78489161 0.26032981
vt 0.78502131 0.21311940
vt 0.77216631 0.21086250
vt 0.78489161 0.26032981
vt 0.77216631 0.21086250
vt 0.77189302 0.25662181
vt 0.78409803 0.29973510
vt 0.78489161 0.26032981
vt 0.77189302 0.25662181
vt 0.78409803 0.29973510
vt 0.77189302 0.25662181
vt 0.77128512 0.29653800
vt 0.77127218 0.41568509
vt 0.77196997 0.45405501
vt 0.78502131 0.44735441
vt 0.77127218 0.41568509
vt 0.78502131 0.44735441
vt 0.78410292 0.40992659
vt 0.29479969 0.17743769
vt 0.29369071 0.25541490
vt 0.30110469 0.25544259
vt 0.29479969 0.17743769
vt 0.30110469 0.25544259
vt 0.30196691 0.17763570
vt 0.30196691 0.17763570
vt 0.30110469 0.25544259
vt 0.31529269 0.25546211
vt 0.30196691 0.17763570
vt 0.31529269 0.25546211
vt 0.31588590 0.17774390
vt 0.30483940 0.11065940
vt 0.30196691 0.17763570
vt 0.31588590 0.17774390
vt 0.30483940 0.11065940
vt 0.31588590 0.17774390
vt 0.31782860 0.11100820
vt 0.29369071 0.25541490
vt 0.29481900 0.33339199
vt 0.30198631 0.33324900
vt 0.29369071 0.25541490
vt 0.30198631 0.33324900
vt 0.30110469 0.25544259
vt 0.60103232 0.45362931
vt 0.60095441 0.41496381
vt 0.58820480 0.40919659
vt 0.60103232 0.45362931
vt 0.58820480 0.40919659
vt 0.58806562 0.44691989
vt 0.30198631 0.33324900
vt 0.30487531 0.40022379
vt 0.31786439 0.39991221
vt 0.30198631 0.33324900
vt 0.31786439 0.39991221
vt 0.31590521 0.33317921
vt 0.30110469 0.25544259
vt 0.30198631 0.33324900
vt 0.31590521 0.33317921
vt 0.30110469 0.25544259
vt 0.31590521 0.33317921
vt 0.31529269 0.25546211
vt 0.31529269 0.25546211
vt 0.31590521 0.33317921
vt 0.33920360 0.33328059
vt 0.31529269 0.25546211
vt 0.33920360 0.33328059
vt 0.33881620 0.25547460
vt 0.31590521 0.33317921
vt 0.31786439 0.39991221
vt 0.34038621 0.40025389
vt 0.31590521 0.33317921
vt 0.34038621 0.40025389
vt 0.33920360 0.33328059
vt 0.33920360 0.33328059
vt 0.34038621 0.40025389
vt 0.37408781 0.40086329
vt 0.33920360 0.33328059
vt 0.37408781 0.40086329
vt 0.37345329 0.33345869
vt 0.33881620 0.25547460
vt 0.33920360 0.33328059
vt 0.37345329 0.33345869
vt 0.33881620 0.25547460
vt 0.37345329 0.33345869
vt 0.37322971 0.25548249
vt 0.31782860 0.11100820
vt 0.31588590 0.17774390
vt 0.33918431 0.17766730
vt 0.31782860 0.11100820
vt 0.33918431 0.17766730
vt 0.34035021 0.11068960
vt 0.31588590 0.17774390
vt 0.31529269 0.25546211
vt 0.33881620 0.25547460
vt 0.31588590 0.17774390
vt 0.33881620 0.25547460
vt 0.33918431 0.17766730
vt 0.33918431 0.17766730
vt 0.33881620 0.25547460
vt 0.37322971 0.25548249
vt 0.33918431 0.17766730
vt 0.37322971 0.25548249
vt 0.37343389 0.17750441
vt 0.34035021 0.11068960
vt 0.33918431 0.17766730
vt 0.37343389 0.17750441
vt 0.34035021 0.11068960
vt 0.37343389 0.17750441
vt 0.37405169 0.11009410
vt 0.60050392 0.29556561
vt 0.60026759 0.25570601
vt 0.58738643 0.25948629
vt 0.60050392 0.29556561
vt 0.58738643 0.25948629
vt 0.58778387 0.29876569
vt 0.60026759 0.25570601
vt 0.60012591 0.20971020
vt 0.58753783 0.21251599
vt 0.60026759 0.25570601
vt 0.58753783 0.21251599
vt 0.58738643 0.25948629
vt 0.42121649 0.49861169
vt 0.47659850 0.49941370
vt 0.47557119 0.48210010
vt 0.42121649 0.49861169
vt 0.47557119 0.48210010
vt 0.42063549 0.48160759
vt 0.37604210 0.49618250
vt 0.42121649 0.49861169
vt 0.42063549 0.48160759
vt 0.37604210 0.49618250
vt 0.42063549 0.48160759
vt 0.37578771 0.47998929
vt 0.55296057 0.48719290
vt 0.52965921 0.48313260
vt 0.54147512 0.50066358
vt 0.55296057 0.48719290
vt 0.54147512 0.50066358
vt 0.55916423 0.49502149
vt 0.47557119 0.48210010
vt 0.47659850 0.49941370
vt 0.54147512 0.50066358
vt 0.47557119 0.48210010
vt 0.54147512 0.50066358
vt 0.52965921 0.48313260
vt 0.60012591 0.20971020
vt 0.60001892 0.16544120
vt 0.58865178 0.15738431
vt 0.60012591 0.20971020
vt 0.58865178 0.15738431
vt 0.58753783 0.21251599
vt 0.60026479 0.14451841
vt 0.59755892 0.13829871
vt 0.58865178 0.15738431
vt 0.60026479 0.14451841
vt 0.58865178 0.15738431
vt 0.60001892 0.16544120
vt 0.56174701 0.49768010
vt 0.55916423 0.49502149
vt 0.54147512 0.50066358
vt 0.56174701 0.49768010
vt 0.54147512 0.50066358
vt 0.56208181 0.49943760
vt 0.47610921 0.40122920
vt 0.47757241 0.45052209
vt 0.54860961 0.45248941
vt 0.47610921 0.40122920
vt 0.54860961 0.45248941
vt 0.53197819 0.40196070
vt 0.47557119 0.48210010
vt 0.52965921 0.48313260
vt 0.54860961 0.45248941
vt 0.47557119 0.48210010
vt 0.54860961 0.45248941
vt 0.47757241 0.45052209
vt 0.55296057 0.48719290
vt 0.56129771 0.48154041
vt 0.54860961 0.45248941
vt 0.55296057 0.48719290
vt 0.54860961 0.45248941
vt 0.52965921 0.48313260
vt 0.55420840 0.40542939
vt 0.53197819 0.40196070
vt 0.54860961 0.45248941
vt 0.55420840 0.40542939
vt 0.54860961 0.45248941
vt 0.56092048 0.42156580
vt 0.37578771 0.47998929
vt 0.42063549 0.48160759
vt 0.42040360 0.45031449
vt 0.37578771 0.47998929
vt 0.42040360 0.45031449
vt 0.37502080 0.44941509
vt 0.42063549 0.48160759
vt 0.47557119 0.48210010
vt 0.47757241 0.45052209
vt 0.42063549 0.48160759
vt 0.47757241 0.45052209
vt 0.42040360 0.45031449
vt 0.42040360 0.45031449
vt 0.47757241 0.45052209
vt 0.47610921 0.40122920
vt 0.42040360 0.45031449
vt 0.47610921 0.40122920
vt 0.41977391 0.40124339
vt 0.37502080 0.44941509
vt 0.42040360 0.45031449
vt 0.41977391 0.40124339
vt 0.37502080 0.44941509
vt 0.41977391 0.40124339
vt 0.37408781 0.40086329
vt 0.60095441 0.41496381
vt 0.61789900 0.41782460
vt 0.61778861 0.38511440
vt 0.60095441 0.41496381
vt 0.61778861 0.38511440
vt 0.60102689 0.38323531
vt 0.61789900 0.41782460
vt 0.63718098 0.41864821
vt 0.63697797 0.38565961
vt 0.61789900 0.41782460
vt 0.63697797 0.38565961
vt 0.61778861 0.38511440
vt 0.61778861 0.38511440
vt 0.63697797 0.38565961
vt 0.63684392 0.35657781
vt 0.61778861 0.38511440
vt 0.63684392 0.35657781
vt 0.61770219 0.35635561
vt 0.60102689 0.38323531
vt 0.61778861 0.38511440
vt 0.61770219 0.35635561
vt 0.60102689 0.38323531
vt 0.61770219 0.35635561
vt 0.60104138 0.35564789
vt 0.63718098 0.41864821
vt 0.65646309 0.41772971
vt 0.65616870 0.38501999
vt 0.63718098 0.41864821
vt 0.65616870 0.38501999
vt 0.63697797 0.38565961
vt 0.65646309 0.41772971
vt 0.67340761 0.41478559
vt 0.67293513 0.38305840
vt 0.65646309 0.41772971
vt 0.67293513 0.38305840
vt 0.65616870 0.38501999
vt 0.65616870 0.38501999
vt 0.67293513 0.38305840
vt 0.67266053 0.35547170
vt 0.65616870 0.38501999
vt 0.67266053 0.35547170
vt 0.65598828 0.35626140
vt 0.63697797 0.38565961
vt 0.65616870 0.38501999
vt 0.65598828 0.35626140
vt 0.63697797 0.38565961
vt 0.65598828 0.35626140
vt 0.63684392 0.35657781
vt 0.63684392 0.35657781
vt 0.65598828 0.35626140
vt 0.65595567 0.32736361
vt 0.63684392 0.35657781
vt 0.65595567 0.32736361
vt 0.63676327 0.32737890
vt 0.65598828 0.35626140
vt 0.67266053 0.35547170
vt 0.67272902 0.32766849
vt 0.65598828 0.35626140
vt 0.67272902 0.32766849
vt 0.65595567 0.32736361
vt 0.65595567 0.32736361
vt 0.67272902 0.32766849
vt 0.67295712 0.29538739
vt 0.65595567 0.32736361
vt 0.67295712 0.29538739
vt 0.65600032 0.29424420
vt 0.63676327 0.32737890
vt 0.65595567 0.32736361
vt 0.65600032 0.29424420
vt 0.63676327 0.32737890
vt 0.65600032 0.29424420
vt 0.63671511 0.29402241
vt 0.60104138 0.35564789
vt 0.61770219 0.35635561
vt 0.61757559 0.32745799
vt 0.60104138 0.35564789
vt 0.61757559 0.32745799
vt 0.60082078 0.32784539
vt 0.61770219 0.35635561
vt 0.63684392 0.35657781
vt 0.63676327 0.32737890
vt 0.61770219 0.35635561
vt 0.63676327 0.32737890
vt 0.61757559 0.32745799
vt 0.61757559 0.32745799
vt 0.63676327 0.32737890
vt 0.63671511 0.29402241
vt 0.61757559 0.32745799
vt 0.63671511 0.29402241
vt 0.61743617 0.29433900
vt 0.60082078 0.32784539
vt 0.61757559 0.32745799
vt 0.61743617 0.29433900
vt 0.60082078 0.32784539
vt 0.61743617 0.29433900
vt 0.60050392 0.29556561
vt 0.08503390 0.60692561
vt 0.13015920 0.60652947
vt 0.13012530 0.55746520
vt 0.08503390 0.60692561
vt 0.13012530 0.55746520
vt 0.08550840 0.55836779
vt 0.13015920 0.60652947
vt 0.18140370 0.60640550
vt 0.18111689 0.55721372
vt 0.13015920 0.60652947
vt 0.18111689 0.55721372
vt 0.13012530 0.55746520
vt 0.13012530 0.55746520
vt 0.18111689 0.55721372
vt 0.18060890 0.52575129
vt 0.13012530 0.55746520
vt 0.18060890 0.52575129
vt 0.12975150 0.52617627
vt 0.08550840 0.55836779
vt 0.13012530 0.55746520
vt 0.12975150 0.52617627
vt 0.08550840 0.55836779
vt 0.12975150 0.52617627
vt 0.08542620 0.52778268
vt 0.18140370 0.60640550
vt 0.23167640 0.60654962
vt 0.23121171 0.55745947
vt 0.18140370 0.60640550
vt 0.23121171 0.55745947
vt 0.18111689 0.55721372
vt 0.18111689 0.55721372
vt 0.23121171 0.55745947
vt 0.23055170 0.52604097
vt 0.18111689 0.55721372
vt 0.23055170 0.52604097
vt 0.18060890 0.52575129
vt 0.18060890 0.52575129
vt 0.23055170 0.52604097
vt 0.23045909 0.50890988
vt 0.18060890 0.52575129
vt 0.23045909 0.50890988
vt 0.18009020 0.50854808
vt 0.68615538 0.21628889
vt 0.68593699 0.17406140
vt 0.67220187 0.16579060
vt 0.68615538 0.21628889
vt 0.67220187 0.16579060
vt 0.67261761 0.21030550
vt 0.08542620 0.52778268
vt 0.12975150 0.52617627
vt 0.12885380 0.50916958
vt 0.08542620 0.52778268
vt 0.12885380 0.50916958
vt 0.08425960 0.51157123
vt 0.12975150 0.52617627
vt 0.18060890 0.52575129
vt 0.18009020 0.50854808
vt 0.12975150 0.52617627
vt 0.18009020 0.50854808
vt 0.12885380 0.50916958
vt 0.68610781 0.25974551
vt 0.68615538 0.21628889
vt 0.67261761 0.21030550
vt 0.68610781 0.25974551
vt 0.67261761 0.21030550
vt 0.67305273 0.25562361
vt 0.68573451 0.29852471
vt 0.68610781 0.25974551
vt 0.67305273 0.25562361
vt 0.68573451 0.29852471
vt 0.67305273 0.25562361
vt 0.67295712 0.29538739
vt 0.00478190 0.60692602
vt 0.00110490 0.67433357
vt 0.01039750 0.67450428
vt 0.00478190 0.60692602
vt 0.01039750 0.67450428
vt 0.01320570 0.60752863
vt 0.00110490 0.67433357
vt 0.00000000 0.75231099
vt 0.00954950 0.75231111
vt 0.00110490 0.67433357
vt 0.00954950 0.75231111
vt 0.01039750 0.67450428
vt 0.01039750 0.67450428
vt 0.00954950 0.75231111
vt 0.02520030 0.75231111
vt 0.01039750 0.67450428
vt 0.02520030 0.75231111
vt 0.02576510 0.67459321
vt 0.01320570 0.60752863
vt 0.01039750 0.67450428
vt 0.02576510 0.67459321
vt 0.01320570 0.60752863
vt 0.02576510 0.67459321
vt 0.02759510 0.60785872
vt 0.00000000 0.75231099
vt 0.00110650 0.83028829
vt 0.01039910 0.83011788
vt 0.00000000 0.75231099
vt 0.01039910 0.83011788
vt 0.00954950 0.75231111
vt 0.00110650 0.83028829
vt 0.00478490 0.89769578
vt 0.01320870 0.89709347
vt 0.00110650 0.83028829
vt 0.01320870 0.89709347
vt 0.01039910 0.83011788
vt 0.01039910 0.83011788
vt 0.01320870 0.89709347
vt 0.02759800 0.89676332
vt 0.01039910 0.83011788
vt 0.02759800 0.89676332
vt 0.02576670 0.83002901
vt 0.00954950 0.75231111
vt 0.01039910 0.83011788
vt 0.02576670 0.83002901
vt 0.00954950 0.75231111
vt 0.02576670 0.83002901
vt 0.02520030 0.75231111
vt 0.02520030 0.75231111
vt 0.02576670 0.83002901
vt 0.04993530 0.83011770
vt 0.02520030 0.75231111
vt 0.04993530 0.83011770
vt 0.04961070 0.75231087
vt 0.02576670 0.83002901
vt 0.02759800 0.89676332
vt 0.05093210 0.89709342
vt 0.02576670 0.83002901
vt 0.05093210 0.89709342
vt 0.04993530 0.83011770
vt 0.04993530 0.83011770
vt 0.05093210 0.89709342
vt 0.08503680 0.89769548
vt 0.04993530 0.83011770
vt 0.08503680 0.89769548
vt 0.08464010 0.83028787
vt 0.04961070 0.75231087
vt 0.04993530 0.83011770
vt 0.08464010 0.83028787
vt 0.04961070 0.75231087
vt 0.08464010 0.83028787
vt 0.08449470 0.75231057
vt 0.02759510 0.60785872
vt 0.02576510 0.67459321
vt 0.04993380 0.67450410
vt 0.02759510 0.60785872
vt 0.04993380 0.67450410
vt 0.05092920 0.60752839
vt 0.02576510 0.67459321
vt 0.02520030 0.75231111
vt 0.04961070 0.75231087
vt 0.02576510 0.67459321
vt 0.04961070 0.75231087
vt 0.04993380 0.67450410
vt 0.04993380 0.67450410
vt 0.04961070 0.75231087
vt 0.08449470 0.75231057
vt 0.04993380 0.67450410
vt 0.08449470 0.75231057
vt 0.08463850 0.67433321
vt 0.05092920 0.60752839
vt 0.04993380 0.67450410
vt 0.08463850 0.67433321
vt 0.05092920 0.60752839
vt 0.08463850 0.67433321
vt 0.08503390 0.60692561
f 1/1/1 2/2/2 3/3/3
f 4/4/4 5/5/5 6/6/6
f 7/7/7 8/8/8 9/9/9
f 10/10/10 11/11/11 12/12/12
f 13/13/13 14/14/14 15/15/15
f 16/16/16 17/17/17 18/18/18
f 19/19/19 20/20/20 21/21/21
f 22/22/22 23/23/23 24/24/24
f 25/25/25 26/26/26 27/27/27
f 28/28/28 29/29/29 30/30/30
f 31/31/31 32/32/32 33/33/33
f 34/34/34 35/35/35 36/36/36
f 37/37/37 38/38/38 39/39/39
f 40/40/40 41/41/41 42/42/42
f 43/43/43 44/44/44 45/45/45
f 46/46/46 47/47/47 48/48/48
f 49/49/49 50/50/50 51/51/51
f 52/52/52 53/53/53 54/54/54
f 55/55/55 56/56/56 57/57/57
f 58/58/58 59/59/59 60/60/60
f 61/61/61 62/62/62 63/63/63
f 64/64/64 65/65/65 66/66/66
f 67/67/67 68/68/68 69/69/69
f 70/70/70 71/71/71 72/72/72
f 73/73/73 74/74/74 75/75/75
f 76/76/76 77/77/77 78/78/78
f 79/79/79 80/80/80 81/81/81
f 82/82/82 83/83/83 84/84/84
f 85/85/85 86/86/86 87/87/87
f 88/88/88 89/89/89 90/90/90
f 91/91/91 92/92/92 93/93/93
f 94/94/94 95/95/95 96/96/96
f 97/97/97 98/98/98 99/99/99
f 100/100/100 101/101/101 102/102/102
f 103/103/103 104/104/104 105/105/105
f 106/106/106 107/107/107 108/108/108
f 109/109/109 110/110/110 111/111/111
f 112/112/112 113/113/113 114/114/114
f 115/115/115 116/116/116 117/117/117
f 118/118/118 119/119/119 120/120/120
f 121/121/121 122/122/122 123/123/123
f 124/124/124 125/125/125 126/126/126
f 127/127/127 128/128/128 129/129/129
f 130/130/130 131/131/131 132/132/132
f 133/133/133 134/134/134 135/135/135
f 136/136/136 137/137/137 138/138/138
f 139/139/139 140/140/140 141/141/141
f 142/142/142 143/143/143 144/144/144
f 145/145/145 146/146/146 147/147/147
f 148/148/148 149/149/149 150/150/150
f 151/151/151 152/152/152 153/153/153
f 154/154/154 155/155/155 156/156/156
f 157/157/157 158/158/158 159/159/159
f 160/160/160 161/161/161 162/162/162
f 163/163/163 164/164/164 165/165/165
f 166/166/166 167/167/167 168/168/168
f 169/169/169 170/170/170 171/171/171
f 172/172/172 173/173/173 174/174/174
f 175/175/175 176/176/176 177/177/177
f 178/178/178 179/179/179 180/180/180
f 181/181/181 182/182/182 183/183/183
f 184/184/184 185/185/185 186/186/186
f 187/187/187 188/188/188 189/189/189
f 190/190/190 191/191/191 192/192/192
f 193/193/193 194/194/194 195/195/195
f 196/196/196 197/197/197 198/198/198
f 199/199/199 200/200/200 201/201/201
f 202/202/202 203/203/203 204/204/204
f 205/205/205 206/206/206 207/207/207
f 208/208/208 209/209/209 210/210/210
f 211/211/211 212/212/212 213/213/213
f 214/214/214 215/215/215 216/216/216
f 217/217/217 218/218/218 219/219/219
f 220/220/220 221/221/221 222/222/222
f 223/223/223 224/224/224 225/225/225
f 226/226/226 227/227/227 228/228/228
f 229/229/229 230/230/230 231/231/231
f 232/232/232 233/233/233 234/234/234
f 235/235/235 236/236/236 237/237/237
f 238/238/238 239/239/239 240/240/240
f 241/241/241 242/242/242 243/243/243
f 244/244/244 245/245/245 246/246/246
f 247/247/247 248/248/248 249/249/249
f 250/250/250 251/251/251 252/252/252
f 253/253/253 254/254/254 255/255/255
f 256/256/256 257/257/257 258/258/258
f 259/259/259 260/260/260 261/261/261
f 262/262/262 263/263/263 264/264/264
f 265/265/265 266/266/266 267/267/267
f 268/268/268 269/269/269 270/270/270
f 271/271/271 272/272/272 273/273/273
f 274/274/274 275/275/275 276/276/276
f 277/277/277 278/278/278 279/279/279
f 280/280/280 281/281/281 282/282/282
f 283/283/283 284/284/284 285/285/285
f 286/286/286 287/287/287 288/288/288
f 289/289/289 290/290/290 291/291/291
f 292/292/292 293/293/293 294/294/294
f 295/295/295 296/296/296 297/297/297
f 298/298/298 299/299/299 300/300/300
f 301/301/301 302/302/302 303/303/303
f 304/304/304 305/305/305 306/306/306
f 307/307/307 308/308/308 309/309/309
f 310/310/310 311/311/311 312/312/312
f 313/313/313 314/314/314 315/315/315
f 316/316/316 317/317/317 318/318/318
f 319/319/319 320/320/320 321/321/321
f 322/322/322 323/323/323 324/324/324
f 325/325/325 326/326/326 327/327/327
f 328/328/328 329/329/329 330/330/330
f 331/331/331 332/332/332 333/333/333
f 334/334/334 335/335/335 336/336/336
f 337/337/337 338/338/338 339/339/339
f 340/340/340 341/341/341 342/342/342
f 343/343/343 344/344/344 345/345/345
f 346/346/346 347/347/347 348/348/348
f 349/349/349 350/350/350 351/351/351
f 352/352/352 353/353/353 354/354/354
f 355/355/355 356/356/356 357/357/357
f 358/358/358 359/359/359 360/360/360
f 361/361/361 362/362/362 363/363/363
f 364/364/364 365/365/365 366/366/366
f 367/367/367 368/368/368 369/369/369
f 370/370/370 371/371/371 372/372/372
f 373/373/373 374/374/374 375/375/375
f 376/376/376 377/377/377 378/378/378
f 379/379/379 380/380/380 381/381/381
f 382/382/382 383/383/383 384/384/384
f 385/385/385 386/386/386 387/387/387
f 388/388/388 389/389/389 390/390/390
f 391/391/391 392/392/392 393/393/393
f 394/394/394 395/395/395 396/396/396
f 397/397/397 398/398/398 399/399/399
f 400/400/400 401/401/401 402/402/402
f 403/403/403 404/404/404 405/405/405
f 406/406/406 407/407/407 408/408/408
f 409/409/409 410/410/410 411/411/411
f 412/412/412 413/413/413 414/414/414
f 415/415/415 416/416/416 417/417/417
f 418/418/418 419/419/419 420/420/420
f 421/421/421 422/422/422 423/423/423
f 424/424/424 425/425/425 426/426/426
f 427/427/427 428/428/428 429/429/429
f 430/430/430 431/431/431 432/432/432
f 433/433/433 434/434/434 435/435/435
f 436/436/436 437/437/437 438/438/438
f 439/439/439 440/440/440 441/441/441
f 442/442/442 443/443/443 444/444/444
f 445/445/445 446/446/446 447/447/447
f 448/448/448 449/449/449 450/450/450
f 451/451/451 452/452/452 453/453/453
f 454/454/454 455/455/455 456/456/456
f 457/457/457 458/458/458 459/459/459
f 460/460/460 461/461/461 462/462/462
f 463/463/463 464/464/464 465/465/465
f 466/466/466 467/467/467 468/468/468
f 469/469/469 470/470/470 471/471/471
f 472/472/472 473/473/473 474/474/474
f 475/475/475 476/476/476 477/477/477
f 478/478/478 479/479/479 480/480/480
f 481/481/481 482/482/482 483/483/483
f 484/484/484 485/485/485 486/486/486
f 487/487/487 488/488/488 489/489/489
f 490/490/490 491/491/491 492/492/492
f 493/493/493 494/494/494 495/495/495
f 496/496/496 497/497/497 498/498/498
f 499/499/499 500/500/500 501/501/501
f 502/502/502 503/503/503 504/504/504
f 505/505/505 506/506/506 507/507/507
f 508/508/508 509/509/509 510/510/510
f 511/511/511 512/512/512 513/513/513
f 514/514/514 515/515/515 516/516/516
f 517/517/517 518/518/518 519/519/519
f 520/520/520 521/521/521 522/522/522
f 523/523/523 524/524/524 525/525/525
f 526/526/526 527/527/527 528/528/528
f 529/529/529 530/530/530 531/531/531
f 532/532/532 533/533/533 534/534/534
f 535/535/535 536/536/536 537/537/537
f 538/538/538 539/539/539 540/540/540
f 541/541/541 542/542/542 543/543/543
f 544/544/544 545/545/545 546/546/546
f 547/547/547 548/548/548 549/549/549
f 550/550/550 551/551/551 552/552/552
f 553/553/553 554/554/554 555/555/555
f 556/556/556 557/557/557 558/558/558
f 559/559/559 560/560/560 561/561/561
f 562/562/562 563/563/563 564/564/564
f 565/565/565 566/566/566 567/567/567
f 568/568/568 569/569/569 570/570/570
f 571/571/571 572/572/572 573/573/573
f 574/574/574 575/575/575 576/576/576
f 577/577/577 578/578/578 579/579/579
f 580/580/580 581/581/581 582/582/582
f 583/583/583 584/584/584 585/585/585
f 586/586/586 587/587/587 588/588/588
f 589/589/589 590/590/590 591/591/591
f 592/592/592 593/593/593 594/594/594
f 595/595/595 596/596/596 597/597/597
f 598/598/598 599/599/599 600/600/600
f 601/601/601 602/602/602 603/603/603
f 604/604/604 605/605/605 606/606/606
f 607/607/607 608/608/608 609/609/609
f 610/610/610 611/611/611 612/612/612
f 613/613/613 614/614/614 615/615/615
f 616/616/616 617/617/617 618/618/618
f 619/619/619 620/620/620 621/621/621
f 622/622/622 623/623/623 624/624/624
f 625/625/625 626/626/626 627/627/627
f 628/628/628 629/629/629 630/630/630
f 631/631/631 632/632/632 633/633/633
f 634/634/634 635/635/635 636/636/636
f 637/637/637 638/638/638 639/639/639
f 640/640/640 641/641/641 642/642/642
f 643/643/643 644/644/644 645/645/645
f 646/646/646 647/647/647 648/648/648
f 649/649/649 650/650/650 651/651/651
f 652/652/652 653/653/653 654/654/654
f 655/655/655 656/656/656 657/657/657
f 658/658/658 659/659/659 660/660/660
f 661/661/661 662/662/662 663/663/663
f 664/664/664 665/665/665 666/666/666
f 667/667/667 668/668/668 669/669/669
f 670/670/670 671/671/671 672/672/672
f 673/673/673 674/674/674 675/675/675
f 676/676/676 677/677/677 678/678/678
f 679/679/679 680/680/680 681/681/681
f 682/682/682 683/683/683 684/684/684
f 685/685/685 686/686/686 687/687/687
f 688/688/688 689/689/689 690/690/690
f 691/691/691 692/692/692 693/693/693
f 694/694/694 695/695/695 696/696/696
f 697/697/697 698/698/698 699/699/699
f 700/700/700 701/701/701 702/702/702
f 703/703/703 704/704/704 705/705/705
f 706/706/706 707/707/707 708/708/708
f 709/709/709 710/710/710 711/711/711
f 712/712/712 713/713/713 714/714/714
f 715/715/715 716/716/716 717/717/717
f 718/718/718 719/719/719 720/720/720
f 721/721/721 722/722/722 723/723/723
f 724/724/724 725/725/725 726/726/726
f 727/727/727 728/728/728 729/729/729
f 730/730/730 731/731/731 732/732/732
f 733/733/733 734/734/734 735/735/735
f 736/736/736 737/737/737 738/738/738
f 739/739/739 740/740/740 741/741/741
f 742/742/742 743/743/743 744/744/744
f 745/745/745 746/746/746 747/747/747
f 748/748/748 749/749/749 750/750/750
f 751/751/751 752/752/752 753/753/753
f 754/754/754 755/755/755 756/756/756
f 757/757/757 758/758/758 759/759/759
f 760/760/760 761/761/761 762/762/762
f 763/763/763 764/764/764 765/765/765
f 766/766/766 767/767/767 768/768/768
f 769/769/769 770/770/770 771/771/771
f 772/772/772 773/773/773 774/774/774
f 775/775/775 776/776/776 777/777/777
f 778/778/778 779/779/779 780/780/780
f 781/781/781 782/782/782 783/783/783
f 784/784/784 785/785/785 786/786/786
f 787/787/787 788/788/788 789/789/789
f 790/790/790 791/791/791 792/792/792
f 793/793/793 794/794/794 795/795/795
f 796/796/796 797/797/797 798/798/798
f 799/799/799 800/800/800 801/801/801
f 802/802/802 803/803/803 804/804/804
f 805/805/805 806/806/806 807/807/807
f 808/808/808 809/809/809 810/810/810
f 811/811/811 812/812/812 813/813/813
f 814/814/814 815/815/815 816/816/816
f 817/817/817 818/818/818 819/819/819
f 820/820/820 821/821/821 822/822/822
f 823/823/823 824/824/824 825/825/825
f 826/826/826 827/827/827 828/828/828
f 829/829/829 830/830/830 831/831/831
f 832/832/832 833/833/833 834/834/834
f 835/835/835 836/836/836 837/837/837
f 838/838/838 839/839/839 840/840/840
f 841/841/841 842/842/842 843/843/843
f 844/844/844 845/845/845 846/846/846
f 847/847/847 848/848/848 849/849/849
f 850/850/850 851/851/851 852/852/852
f 853/853/853 854/854/854 855/855/855
f 856/856/856 857/857/857 858/858/858
f 859/859/859 860/860/860 861/861/861
f 862/862/862 863/863/863 864/864/864
f 865/865/865 866/866/866 867/867/867
f 868/868/868 869/869/869 870/870/870
f 871/871/871 872/872/872 873/873/873
f 874/874/874 875/875/875 876/876/876
f 877/877/877 878/878/878 879/879/879
f 880/880/880 881/881/881 882/882/882
f 883/883/883 884/884/884 885/885/885
f 886/886/886 887/887/887 888/888/888
f 889/889/889 890/890/890 891/891/891
f 892/892/892 893/893/893 894/894/894
f 895/895/895 896/896/896 897/897/897
f 898/898/898 899/899/899 900/900/900
f 901/901/901 902/902/902 903/903/903
f 904/904/904 905/905/905 906/906/906
f 907/907/907 908/908/908 909/909/909
f 910/910/910 911/911/911 912/912/912
f 913/913/913 914/914/914 915/915/915
f 916/916/916 917/917/917 918/918/918
f 919/919/919 920/920/920 921/921/921
f 922/922/922 923/923/923 924/924/924
f 925/925/925 926/926/926 927/927/927
f 928/928/928 929/929/929 930/930/930
f 931/931/931 932/932/932 933/933/933
f 934/934/934 935/935/935 936/936/936
f 937/937/937 938/938/938 939/939/939
f 940/940/940 941/941/941 942/942/942
f 943/943/943 944/944/944 945/945/945
f 946/946/946 947/947/947 948/948/948
f 949/949/949 950/950/950 951/951/951
f 952/952/952 953/953/953 954/954/954
f 955/955/955 956/956/956 957/957/957
f 958/958/958 959/959/959 960/960/960
f 961/961/961 962/962/962 963/963/963
f 964/964/964 965/965/965 966/966/966
f 967/967/967 968/968/968 969/969/969
f 970/970/970 971/971/971 972/972/972
f 973/973/973 974/974/974 975/975/975
f 976/976/976 977/977/977 978/978/978
f 979/979/979 980/980/980 981/981/981
f 982/982/982 983/983/983 984/984/984
f 985/985/985 986/986/986 987/987/987
f 988/988/988 989/989/989 990/990/990
f 991/991/991 992/992/992 993/993/993
f 994/994/994 995/995/995 996/996/996
f 997/997/997 998/998/998 999/999/999
f 1000/1000/1000 1001/1001/1001 1002/1002/1002
f 1003/1003/1003 1004/1004/1004 1005/1005/1005
f 1006/1006/1006 1007/1007/1007 1008/1008/1008
f 1009/1009/1009 1010/1010/1010 1011/1011/1011
f 1012/1012/1012 1013/1013/1013 1014/1014/1014
f 1015/1015/1015 1016/1016/1016 1017/1017/1017
f 1018/1018/1018 1019/1019/1019 1020/1020/1020
f 1021/1021/1021 1022/1022/1022 1023/1023/1023
f 1024/1024/1024 1025/1025/1025 1026/1026/1026
f 1027/1027/1027 1028/1028/1028 1029/1029/1029
f 1030/1030/1030 1031/1031/1031 1032/1032/1032
f 1033/1033/1033 1034/1034/1034 1035/1035/1035
f 1036/1036/1036 1037/1037/1037 1038/1038/1038
f 1039/1039/1039 1040/1040/1040 1041/1041/1041
f 1042/1042/1042 1043/1043/1043 1044/1044/1044
f 1045/1045/1045 1046/1046/1046 1047/1047/1047
f 1048/1048/1048 1049/1049/1049 1050/1050/1050
f 1051/1051/1051 1052/1052/1052 1053/1053/1053
f 1054/1054/1054 1055/1055/1055 1056/1056/1056
f 1057/1057/1057 1058/1058/1058 1059/1059/1059
f 1060/1060/1060 1061/1061/1061 1062/1062/1062
f 1063/1063/1063 1064/1064/1064 1065/1065/1065
f 1066/1066/1066 1067/1067/1067 1068/1068/1068
f 1069/1069/1069 1070/1070/1070 1071/1071/1071
f 1072/1072/1072 1073/1073/1073 1074/1074/1074
f 1075/1075/1075 1076/1076/1076 1077/1077/1077
f 1078/1078/1078 1079/1079/1079 1080/1080/1080
f 1081/1081/1081 1082/1082/1082 1083/1083/1083
f 1084/1084/1084 1085/1085/1085 1086/1086/1086
f 1087/1087/1087 1088/1088/1088 1089/1089/1089
f 1090/1090/1090 1091/1091/1091 1092/1092/1092
f 1093/1093/1093 1094/1094/1094 1095/1095/1095
f 1096/1096/1096 1097/1097/1097 1098/1098/1098
f 1099/1099/1099 1100/1100/1100 1101/1101/1101
f 1102/1102/1102 1103/1103/1103 1104/1104/1104
f 1105/1105/1105 1106/1106/1106 1107/1107/1107
f 1108/1108/1108 1109/1109/1109 1110/1110/1110
f 1111/1111/1111 1112/1112/1112 1113/1113/1113
f 1114/1114/1114 1115/1115/1115 1116/1116/1116
f 1117/1117/1117 1118/1118/1118 1119/1119/1119
f 1120/1120/1120 1121/1121/1121 1122/1122/1122
f 1123/1123/1123 1124/1124/1124 1125/1125/1125
f 1126/1126/1126 1127/1127/1127 1128/1128/1128
f 1129/1129/1129 1130/1130/1130 1131/1131/1131
f 1132/1132/1132 1133/1133/1133 1134/1134/1134
f 1135/1135/1135 1136/1136/1136 1137/1137/1137
f 1138/1138/1138 1139/1139/1139 1140/1140/1140
f 1141/1141/1141 1142/1142/1142 1143/1143/1143
f 1144/1144/1144 1145/1145/1145 1146/1146/1146
f 1147/1147/1147 1148/1148/1148 1149/1149/1149
f 1150/1150/1150 1151/1151/1151 1152/1152/1152
f 1153/1153/1153 1154/1154/1154 1155/1155/1155
f 1156/1156/1156 1157/1157/1157 1158/1158/1158
f 1159/1159/1159 1160/1160/1160 1161/1161/1161
f 1162/1162/1162 1163/1163/1163 1164/1164/1164
f 1165/1165/1165 1166/1166/1166 1167/1167/1167
f 1168/1168/1168 1169/1169/1169 1170/1170/1170
f 1171/1171/1171 1172/1172/1172 1173/1173/1173
f 1174/1174/1174 1175/1175/1175 1176/1176/1176
f 1177/1177/1177 1178/1178/1178 1179/1179/1179
f 1180/1180/1180 1181/1181/1181 1182/1182/1182
f 1183/1183/1183 1184/1184/1184 1185/1185/1185
f 1186/1186/1186 1187/1187/1187 1188/1188/1188
f 1189/1189/1189 1190/1190/1190 1191/1191/1191
f 1192/1192/1192 1193/1193/1193 1194/1194/1194
f 1195/1195/1195 1196/1196/1196 1197/1197/1197
f 1198/1198/1198 1199/1199/1199 1200/1200/1200
f 1201/1201/1201 1202/1202/1202 1203/1203/1203
f 1204/1204/1204 1205/1205/1205 1206/1206/1206
f 1207/1207/1207 1208/1208/1208 1209/1209/1209
f 1210/1210/1210 1211/1211/1211 1212/1212/1212
f 1213/1213/1213 1214/1214/1214 1215/1215/1215
f 1216/1216/1216 1217/1217/1217 1218/1218/1218
f 1219/1219/1219 1220/1220/1220 1221/1221/1221
f 1222/1222/1222 1223/1223/1223 1224/1224/1224
f 1225/1225/1225 1226/1226/1226 1227/1227/1227
f 1228/1228/1228 1229/1229/1229 1230/1230/1230
f 1231/1231/1231 1232/1232/1232 1233/1233/1233
f 1234/1234/1234 1235/1235/1235 1236/1236/1236
f 1237/1237/1237 1238/1238/1238 1239/1239/1239
f 1240/1240/1240 1241/1241/1241 1242/1242/1242
f 1243/1243/1243 1244/1244/1244 1245/1245/1245
f 1246/1246/1246 1247/1247/1247 1248/1248/1248
f 1249/1249/1249 1250/1250/1250 1251/1251/1251
f 1252/1252/1252 1253/1253/1253 1254/1254/1254
f 1255/1255/1255 1256/1256/1256 1257/1257/1257
f 1258/1258/1258 1259/1259/1259 1260/1260/1260
f 1261/1261/1261 1262/1262/1262 1263/1263/1263
f 1264/1264/1264 1265/1265/1265 1266/1266/1266
f 1267/1267/1267 1268/1268/1268 1269/1269/1269
f 1270/1270/1270 1271/1271/1271 1272/1272/1272
f 1273/1273/1273 1274/1274/1274 1275/1275/1275
f 1276/1276/1276 1277/1277/1277 1278/1278/1278
f 1279/1279/1279 1280/1280/1280 1281/1281/1281
f 1282/1282/1282 1283/1283/1283 1284/1284/1284
f 1285/1285/1285 1286/1286/1286 1287/1287/1287
f 1288/1288/1288 1289/1289/1289 1290/1290/1290
f 1291/1291/1291 1292/1292/1292 1293/1293/1293
f 1294/1294/1294 1295/1295/1295 1296/1296/1296
f 1297/1297/1297 1298/1298/1298 1299/1299/1299
f 1300/1300/1300 1301/1301/1301 1302/1302/1302
f 1303/1303/1303 1304/1304/1304 1305/1305/1305
f 1306/1306/1306 1307/1307/1307 1308/1308/1308
f 1309/1309/1309 1310/1310/1310 1311/1311/1311
f 1312/1312/1312 1313/1313/1313 1314/1314/1314
f 1315/1315/1315 1316/1316/1316 1317/1317/1317
f 1318/1318/1318 1319/1319/1319 1320/1320/1320
f 1321/1321/1321 1322/1322/1322 1323/1323/1323
f 1324/1324/1324 1325/1325/1325 1326/1326/1326
f 1327/1327/1327 1328/1328/1328 1329/1329/1329
f 1330/1330/1330 1331/1331/1331 1332/1332/1332
f 1333/1333/1333 1334/1334/1334 1335/1335/1335
f 1336/1336/1336 1337/1337/1337 1338/1338/1338
f 1339/1339/1339 1340/1340/1340 1341/1341/1341
f 1342/1342/1342 1343/1343/1343 1344/1344/1344
f 1345/1345/1345 1346/1346/1346 1347/1347/1347
f 1348/1348/1348 1349/1349/1349 1350/1350/1350
f 1351/1351/1351 1352/1352/1352 1353/1353/1353
f 1354/1354/1354 1355/1355/1355 1356/1356/1356
f 1357/1357/1357 1358/1358/1358 1359/1359/1359
f 1360/1360/1360 1361/1361/1361 1362/1362/1362
f 1363/1363/1363 1364/1364/1364 1365/1365/1365
f 1366/1366/1366 1367/1367/1367 1368/1368/1368
f 1369/1369/1369 1370/1370/1370 1371/1371/1371
f 1372/1372/1372 1373/1373/1373 1374/1374/1374
f 1375/1375/1375 1376/1376/1376 1377/1377/1377
f 1378/1378/1378 1379/1379/1379 1380/1380/1380
f 1381/1381/1381 1382/1382/1382 1383/1383/1383
f 1384/1384/1384 1385/1385/1385 1386/1386/1386
f 1387/1387/1387 1388/1388/1388 1389/1389/1389
f 1390/1390/1390 1391/1391/1391 1392/1392/1392
f 1393/1393/1393 1394/1394/1394 1395/1395/1395
f 1396/1396/1396 1397/1397/1397 1398/1398/1398
f 1399/1399/1399 1400/1400/1400 1401/1401/1401
f 1402/1402/1402 1403/1403/1403 1404/1404/1404
f 1405/1405/1405 1406/1406/1406 1407/1407/1407
f 1408/1408/1408 1409/1409/1409 1410/1410/1410
f 1411/1411/1411 1412/1412/1412 1413/1413/1413
f 1414/1414/1414 1415/1415/1415 1416/1416/1416
f 1417/1417/1417 1418/1418/1418 1419/1419/1419
f 1420/1420/1420 1421/1421/1421 1422/1422/1422
f 1423/1423/1423 1424/1424/1424 1425/1425/1425
f 1426/1426/1426 1427/1427/1427 1428/1428/1428
f 1429/1429/1429 1430/1430/1430 1431/1431/1431
f 1432/1432/1432 1433/1433/1433 1434/1434/1434
f 1435/1435/1435 1436/1436/1436 1437/1437/1437
f 1438/1438/1438 1439/1439/1439 1440/1440/1440
f 1441/1441/1441 1442/1442/1442 1443/1443/1443
f 1444/1444/1444 1445/1445/1445 1446/1446/1446
f 1447/1447/1447 1448/1448/1448 1449/1449/1449
f 1450/1450/1450 1451/1451/1451 1452/1452/1452
f 1453/1453/1453 1454/1454/1454 1455/1455/1455
f 1456/1456/1456 1457/1457/1457 1458/1458/1458
f 1459/1459/1459 1460/1460/1460 1461/1461/1461
f 1462/1462/1462 1463/1463/1463 1464/1464/1464
f 1465/1465/1465 1466/1466/1466 1467/1467/1467
f 1468/1468/1468 1469/1469/1469 1470/1470/1470
f 1471/1471/1471 1472/1472/1472 1473/1473/1473
f 1474/1474/1474 1475/1475/1475 1476/1476/1476
f 1477/1477/1477 1478/1478/1478 1479/1479/1479
f 1480/1480/1480 1481/1481/1481 1482/1482/1482
f 1483/1483/1483 1484/1484/1484 1485/1485/1485
f 1486/1486/1486 1487/1487/1487 1488/1488/1488
f 1489/1489/1489 1490/1490/1490 1491/1491/1491
f 1492/1492/1492 1493/1493/1493 1494/1494/1494
f 1495/1495/1495 1496/1496/1496 1497/1497/1497
f 1498/1498/1498 1499/1499/1499 1500/1500/1500
f 1501/1501/1501 1502/1502/1502 1503/1503/1503
f 1504/1504/1504 1505/1505/1505 1506/1506/1506
f 1507/1507/1507 1508/1508/1508 1509/1509/1509
f 1510/1510/1510 1511/1511/1511 1512/1512/1512
f 1513/1513/1513 1514/1514/1514 1515/1515/1515
f 1516/1516/1516 1517/1517/1517 1518/1518/1518
f 1519/1519/1519 1520/1520/1520 1521/1521/1521
f 1522/1522/1522 1523/1523/1523 1524/1524/1524
f 1525/1525/1525 1526/1526/1526 1527/1527/1527
f 1528/1528/1528 1529/1529/1529 1530/1530/1530
f 1531/1531/1531 1532/1532/1532 1533/1533/1533
f 1534/1534/1534 1535/1535/1535 1536/1536/1536
f 1537/1537/1537 1538/1538/1538 1539/1539/1539
f 1540/1540/1540 1541/1541/1541 1542/1542/1542
f 1543/1543/1543 1544/1544/1544 1545/1545/1545
f 1546/1546/1546 1547/1547/1547 1548/1548/1548
f 1549/1549/1549 1550/1550/1550 1551/1551/1551
f 1552/1552/1552 1553/1553/1553 1554/1554/1554
f 1555/1555/1555 1556/1556/1556 1557/1557/1557
f 1558/1558/1558 1559/1559/1559 1560/1560/1560
f 1561/1561/1561 1562/1562/1562 1563/1563/1563
f 1564/1564/1564 1565/1565/1565 1566/1566/1566
f 1567/1567/1567 1568/1568/1568 1569/1569/1569
f 1570/1570/1570 1571/1571/1571 1572/1572/1572
f 1573/1573/1573 1574/1574/1574 1575/1575/1575
f 1576/1576/1576 1577/1577/1577 1578/1578/1578
f 1579/1579/1579 1580/1580/1580 1581/1581/1581
f 1582/1582/1582 1583/1583/1583 1584/1584/1584
f 1585/1585/1585 1586/1586/1586 1587/1587/1587
f 1588/1588/1588 1589/1589/1589 1590/1590/1590
f 1591/1591/1591 1592/1592/1592 1593/1593/1593
f 1594/1594/1594 1595/1595/1595 1596/1596/1596
f 1597/1597/1597 1598/1598/1598 1599/1599/1599
f 1600/1600/1600 1601/1601/1601 1602/1602/1602
f 1603/1603/1603 1604/1604/1604 1605/1605/1605
f 1606/1606/1606 1607/1607/1607 1608/1608/1608
f 1609/1609/1609 1610/1610/1610 1611/1611/1611
f 1612/1612/1612 1613/1613/1613 1614/1614/1614
f 1615/1615/1615 1616/1616/1616 1617/1617/1617
f 1618/1618/1618 1619/1619/1619 1620/1620/1620
f 1621/1621/1621 1622/1622/1622 1623/1623/1623
f 1624/1624/1624 1625/1625/1625 1626/1626/1626
f 1627/1627/1627 1628/1628/1628 1629/1629/1629
f 1630/1630/1630 1631/1631/1631 1632/1632/1632
f 1633/1633/1633 1634/1634/1634 1635/1635/1635
f 1636/1636/1636 1637/1637/1637 1638/1638/1638
f 1639/1639/1639 1640/1640/1640 1641/1641/1641
f 1642/1642/1642 1643/1643/1643 1644/1644/1644
f 1645/1645/1645 1646/1646/1646 1647/1647/1647
f 1648/1648/1648 1649/1649/1649 1650/1650/1650
f 1651/1651/1651 1652/1652/1652 1653/1653/1653
f 1654/1654/1654 1655/1655/1655 1656/1656/1656
f 1657/1657/1657 1658/1658/1658 1659/1659/1659
f 1660/1660/1660 1661/1661/1661 1662/1662/1662
f 1663/1663/1663 1664/1664/1664 1665/1665/1665
f 1666/1666/1666 1667/1667/1667 1668/1668/1668
f 1669/1669/1669 1670/1670/1670 1671/1671/1671
f 1672/1672/1672 1673/1673/1673 1674/1674/1674
f 1675/1675/1675 1676/1676/1676 1677/1677/1677
f 1678/1678/1678 1679/1679/1679 1680/1680/1680
f 1681/1681/1681 1682/1682/1682 1683/1683/1683
f 1684/1684/1684 1685/1685/1685 1686/1686/1686
f 1687/1687/1687 1688/1688/1688 1689/1689/1689
f 1690/1690/1690 1691/1691/1691 1692/1692/1692
f 1693/1693/1693 1694/1694/1694 1695/1695/1695
f 1696/1696/1696 1697/1697/1697 1698/1698/1698
f 1699/1699/1699 1700/1700/1700 1701/1701/1701
f 1702/1702/1702 1703/1703/1703 1704/1704/1704
f 1705/1705/1705 1706/1706/1706 1707/1707/1707
f 1708/1708/1708 1709/1709/1709 1710/1710/1710
f 1711/1711/1711 1712/1712/1712 1713/1713/1713
f 1714/1714/1714 1715/1715/1715 1716/1716/1716
f 1717/1717/1717 1718/1718/1718 1719/1719/1719
f 1720/1720/1720 1721/1721/1721 1722/1722/1722
f 1723/1723/1723 1724/1724/1724 1725/1725/1725
f 1726/1726/1726 1727/1727/1727 1728/1728/1728
f 1729/1729/1729 1730/1730/1730 1731/1731/1731
f 1732/1732/1732 1733/1733/1733 1734/1734/1734
f 1735/1735/1735 1736/1736/1736 1737/1737/1737
f 1738/1738/1738 1739/1739/1739 1740/1740/1740
f 1741/1741/1741 1742/1742/1742 1743/1743/1743
f 1744/1744/1744 1745/1745/1745 1746/1746/1746
f 1747/1747/1747 1748/1748/1748 1749/1749/1749
f 1750/1750/1750 1751/1751/1751 1752/1752/1752
f 1753/1753/1753 1754/1754/1754 1755/1755/1755
f 1756/1756/1756 1757/1757/1757 1758/1758/1758
f 1759/1759/1759 1760/1760/1760 1761/1761/1761
f 1762/1762/1762 1763/1763/1763 1764/1764/1764
f 1765/1765/1765 1766/1766/1766 1767/1767/1767
f 1768/1768/1768 1769/1769/1769 1770/1770/1770
f 1771/1771/1771 1772/1772/1772 1773/1773/1773
f 1774/1774/1774 1775/1775/1775 1776/1776/1776
f 1777/1777/1777 1778/1778/1778 1779/1779/1779
f 1780/1780/1780 1781/1781/1781 1782/1782/1782
f 1783/1783/1783 1784/1784/1784 1785/1785/1785
f 1786/1786/1786 1787/1787/1787 1788/1788/1788
f 1789/1789/1789 1790/1790/1790 1791/1791/1791
f 1792/1792/1792 1793/1793/1793 1794/1794/1794
f 1795/1795/1795 1796/1796/1796 1797/1797/1797
f 1798/1798/1798 1799/1799/1799 1800/1800/1800
f 1801/1801/1801 1802/1802/1802 1803/1803/1803
f 1804/1804/1804 1805/1805/1805 1806/1806/1806
f 1807/1807/1807 1808/1808/1808 1809/1809/1809
f 1810/1810/1810 1811/1811/1811 1812/1812/1812
f 1813/1813/1813 1814/1814/1814 1815/1815/1815
f 1816/1816/1816 1817/1817/1817 1818/1818/1818
f 1819/1819/1819 1820/1820/1820 1821/1821/1821
f 1822/1822/1822 1823/1823/1823 1824/1824/1824
f 1825/1825/1825 1826/1826/1826 1827/1827/1827
f 1828/1828/1828 1829/1829/1829 1830/1830/1830
f 1831/1831/1831 1832/1832/1832 1833/1833/1833
f 1834/1834/1834 1835/1835/1835 1836/1836/1836
f 1837/1837/1837 1838/1838/1838 1839/1839/1839
f 1840/1840/1840 1841/1841/1841 1842/1842/1842
f 1843/1843/1843 1844/1844/1844 1845/1845/1845
f 1846/1846/1846 1847/1847/1847 1848/1848/1848
f 1849/1849/1849 1850/1850/1850 1851/1851/1851
f 1852/1852/1852 1853/1853/1853 1854/1854/1854
f 1855/1855/1855 1856/1856/1856 1857/1857/1857
f 1858/1858/1858 1859/1859/1859 1860/1860/1860
f 1861/1861/1861 1862/1862/1862 1863/1863/1863
f 1864/1864/1864 1865/1865/1865 1866/1866/1866
f 1867/1867/1867 1868/1868/1868 1869/1869/1869
f 1870/1870/1870 1871/1871/1871 1872/1872/1872
f 1873/1873/1873 1874/1874/1874 1875/1875/1875
f 1876/1876/1876 1877/1877/1877 1878/1878/1878
f 1879/1879/1879 1880/1880/1880 1881/1881/1881
f 1882/1882/1882 1883/1883/1883 1884/1884/1884
f 1885/1885/1885 1886/1886/1886 1887/1887/1887
f 1888/1888/1888 1889/1889/1889 1890/1890/1890
f 1891/1891/1891 1892/1892/1892 1893/1893/1893
f 1894/1894/1894 1895/1895/1895 1896/1896/1896
f 1897/1897/1897 1898/1898/1898 1899/1899/1899
f 1900/1900/1900 1901/1901/1901 1902/1902/1902
f 1903/1903/1903 1904/1904/1904 1905/1905/1905
f 1906/1906/1906 1907/1907/1907 1908/1908/1908
f 1909/1909/1909 1910/1910/1910 1911/1911/1911
f 1912/1912/1912 1913/1913/1913 1914/1914/1914
f 1915/1915/1915 1916/1916/1916 1917/1917/1917
f 1918/1918/1918 1919/1919/1919 1920/1920/1920
f 1921/1921/1921 1922/1922/1922 1923/1923/1923
f 1924/1924/1924 1925/1925/1925 1926/1926/1926
f 1927/1927/1927 1928/1928/1928 1929/1929/1929
f 1930/1930/1930 1931/1931/1931 1932/1932/1932
f 1933/1933/1933 1934/1934/1934 1935/1935/1935
f 1936/1936/1936 1937/1937/1937 1938/1938/1938
f 1939/1939/1939 1940/1940/1940 1941/1941/1941
f 1942/1942/1942 1943/1943/1943 1944/1944/1944
f 1945/1945/1945 1946/1946/1946 1947/1947/1947
f 1948/1948/1948 1949/1949/1949 1950/1950/1950
f 1951/1951/1951 1952/1952/1952 1953/1953/1953
f 1954/1954/1954 1955/1955/1955 1956/1956/1956
f 1957/1957/1957 1958/1958/1958 1959/1959/1959
f 1960/1960/1960 1961/1961/1961 1962/1962/1962
f 1963/1963/1963 1964/1964/1964 1965/1965/1965
f 1966/1966/1966 1967/1967/1967 1968/1968/1968
f 1969/1969/1969 1970/1970/1970 1971/1971/1971
f 1972/1972/1972 1973/1973/1973 1974/1974/1974
f 1975/1975/1975 1976/1976/1976 1977/1977/1977
f 1978/1978/1978 1979/1979/1979 1980/1980/1980
f 1981/1981/1981 1982/1982/1982 1983/1983/1983
f 1984/1984/1984 1985/1985/1985 1986/1986/1986
f 1987/1987/1987 1988/1988/1988 1989/1989/1989
f 1990/1990/1990 1991/1991/1991 1992/1992/1992
f 1993/1993/1993 1994/1994/1994 1995/1995/1995
f 1996/1996/1996 1997/1997/1997 1998/1998/1998
f 1999/1999/1999 2000/2000/2000 2001/2001/2001
f 2002/2002/2002 2003/2003/2003 2004/2004/2004
f 2005/2005/2005 2006/2006/2006 2007/2007/2007
f 2008/2008/2008 2009/2009/2009 2010/2010/2010
f 2011/2011/2011 2012/2012/2012 2013/2013/2013
f 2014/2014/2014 2015/2015/2015 2016/2016/2016
f 2017/2017/2017 2018/2018/2018 2019/2019/2019
f 2020/2020/2020 2021/2021/2021 2022/2022/2022
f 2023/2023/2023 2024/2024/2024 2025/2025/2025
f 2026/2026/2026 2027/2027/2027 2028/2028/2028
f 2029/2029/2029 2030/2030/2030 2031/2031/2031
f 2032/2032/2032 2033/2033/2033 2034/2034/2034
f 2035/2035/2035 2036/2036/2036 2037/2037/2037
f 2038/2038/2038 2039/2039/2039 2040/2040/2040
f 2041/2041/2041 2042/2042/2042 2043/2043/2043
f 2044/2044/2044 2045/2045/2045 2046/2046/2046
f 2047/2047/2047 2048/2048/2048 2049/2049/2049
f 2050/2050/2050 2051/2051/2051 2052/2052/2052
f 2053/2053/2053 2054/2054/2054 2055/2055/2055
f 2056/2056/2056 2057/2057/2057 2058/2058/2058
f 2059/2059/2059 2060/2060/2060 2061/2061/2061
f 2062/2062/2062 2063/2063/2063 2064/2064/2064
f 2065/2065/2065 2066/2066/2066 2067/2067/2067
f 2068/2068/2068 2069/2069/2069 2070/2070/2070
f 2071/2071/2071 2072/2072/2072 2073/2073/2073
f 2074/2074/2074 2075/2075/2075 2076/2076/2076
f 2077/2077/2077 2078/2078/2078 2079/2079/2079
f 2080/2080/2080 2081/2081/2081 2082/2082/2082
f 2083/2083/2083 2084/2084/2084 2085/2085/2085
f 2086/2086/2086 2087/2087/2087 2088/2088/2088
f 2089/2089/2089 2090/2090/2090 2091/2091/2091
f 2092/2092/2092 2093/2093/2093 2094/2094/2094
f 2095/2095/2095 2096/2096/2096 2097/2097/2097
f 2098/2098/2098 2099/2099/2099 2100/2100/2100
f 2101/2101/2101 2102/2102/2102 2103/2103/2103
f 2104/2104/2104 2105/2105/2105 2106/2106/2106
f 2107/2107/2107 2108/2108/2108 2109/2109/2109
f 2110/2110/2110 2111/2111/2111 2112/2112/2112
f 2113/2113/2113 2114/2114/2114 2115/2115/2115
f 2116/2116/2116 2117/2117/2117 2118/2118/2118
f 2119/2119/2119 2120/2120/2120 2121/2121/2121
f 2122/2122/2122 2123/2123/2123 2124/2124/2124
f 2125/2125/2125 2126/2126/2126 2127/2127/2127
f 2128/2128/2128 2129/2129/2129 2130/2130/2130
f 2131/2131/2131 2132/2132/2132 2133/2133/2133
f 2134/2134/2134 2135/2135/2135 2136/2136/2136
f 2137/2137/2137 2138/2138/2138 2139/2139/2139
f 2140/2140/2140 2141/2141/2141 2142/2142/2142
f 2143/2143/2143 2144/2144/2144 2145/2145/2145
f 2146/2146/2146 2147/2147/2147 2148/2148/2148
f 2149/2149/2149 2150/2150/2150 2151/2151/2151
f 2152/2152/2152 2153/2153/2153 2154/2154/2154
f 2155/2155/2155 2156/2156/2156 2157/2157/2157
f 2158/2158/2158 2159/2159/2159 2160/2160/2160
f 2161/2161/2161 2162/2162/2162 2163/2163/2163
f 2164/2164/2164 2165/2165/2165 2166/2166/2166
f 2167/2167/2167 2168/2168/2168 2169/2169/2169
f 2170/2170/2170 2171/2171/2171 2172/2172/2172
f 2173/2173/2173 2174/2174/2174 2175/2175/2175
f 2176/2176/2176 2177/2177/2177 2178/2178/2178
f 2179/2179/2179 2180/2180/2180 2181/2181/2181
f 2182/2182/2182 2183/2183/2183 2184/2184/2184
f 2185/2185/2185 2186/2186/2186 2187/2187/2187
f 2188/2188/2188 2189/2189/2189 2190/2190/2190
f 2191/2191/2191 2192/2192/2192 2193/2193/2193
f 2194/2194/2194 2195/2195/2195 2196/2196/2196
f 2197/2197/2197 2198/2198/2198 2199/2199/2199
f 2200/2200/2200 2201/2201/2201 2202/2202/2202
f 2203/2203/2203 2204/2204/2204 2205/2205/2205
f 2206/2206/2206 2207/2207/2207 2208/2208/2208
f 2209/2209/2209 2210/2210/2210 2211/2211/2211
f 2212/2212/2212 2213/2213/2213 2214/2214/2214
f 2215/2215/2215 2216/2216/2216 2217/2217/2217
f 2218/2218/2218 2219/2219/2219 2220/2220/2220
f 2221/2221/2221 2222/2222/2222 2223/2223/2223
f 2224/2224/2224 2225/2225/2225 2226/2226/2226
f 2227/2227/2227 2228/2228/2228 2229/2229/2229
f 2230/2230/2230 2231/2231/2231 2232/2232/2232
f 2233/2233/2233 2234/2234/2234 2235/2235/2235
f 2236/2236/2236 2237/2237/2237 2238/2238/2238
f 2239/2239/2239 2240/2240/2240 2241/2241/2241
f 2242/2242/2242 2243/2243/2243 2244/2244/2244
f 2245/2245/2245 2246/2246/2246 2247/2247/2247
f 2248/2248/2248 2249/2249/2249 2250/2250/2250
f 2251/2251/2251 2252/2252/2252 2253/2253/2253
f 2254/2254/2254 2255/2255/2255 2256/2256/2256
f 2257/2257/2257 2258/2258/2258 2259/2259/2259
f 2260/2260/2260 2261/2261/2261 2262/2262/2262
f 2263/2263/2263 2264/2264/2264 2265/2265/2265
f 2266/2266/2266 2267/2267/2267 2268/2268/2268
f 2269/2269/2269 2270/2270/2270 2271/2271/2271
f 2272/2272/2272 2273/2273/2273 2274/2274/2274
f 2275/2275/2275 2276/2276/2276 2277/2277/2277
f 2278/2278/2278 2279/2279/2279 2280/2280/2280
f 2281/2281/2281 2282/2282/2282 2283/2283/2283
f 2284/2284/2284 2285/2285/2285 2286/2286/2286
f 2287/2287/2287 2288/2288/2288 2289/2289/2289
f 2290/2290/2290 2291/2291/2291 2292/2292/2292
f 2293/2293/2293 2294/2294/2294 2295/2295/2295
f 2296/2296/2296 2297/2297/2297 2298/2298/2298
f 2299/2299/2299 2300/2300/2300 2301/2301/2301
f 2302/2302/2302 2303/2303/2303 2304/2304/2304
f 2305/2305/2305 2306/2306/2306 2307/2307/2307
f 2308/2308/2308 2309/2309/2309 2310/2310/2310
f 2311/2311/2311 2312/2312/2312 2313/2313/2313
f 2314/2314/2314 2315/2315/2315 2316/2316/2316
f 2317/2317/2317 2318/2318/2318 2319/2319/2319
f 2320/2320/2320 2321/2321/2321 2322/2322/2322
f 2323/2323/2323 2324/2324/2324 2325/2325/2325
f 2326/2326/2326 2327/2327/2327 2328/2328/2328
f 2329/2329/2329 2330/2330/2330 2331/2331/2331
f 2332/2332/2332 2333/2333/2333 2334/2334/2334
f 2335/2335/2335 2336/2336/2336 2337/2337/2337
f 2338/2338/2338 2339/2339/2339 2340/2340/2340
f 2341/2341/2341 2342/2342/2342 2343/2343/2343
f 2344/2344/2344 2345/2345/2345 2346/2346/2346
f 2347/2347/2347 2348/2348/2348 2349/2349/2349
f 2350/2350/2350 2351/2351/2351 2352/2352/2352
f 2353/2353/2353 2354/2354/2354 2355/2355/2355
f 2356/2356/2356 2357/2357/2357 2358/2358/2358
f 2359/2359/2359 2360/2360/2360 2361/2361/2361
f 2362/2362/2362 2363/2363/2363 2364/2364/2364
f 2365/2365/2365 2366/2366/2366 2367/2367/2367
f 2368/2368/2368 2369/2369/2369 2370/2370/2370
f 2371/2371/2371 2372/2372/2372 2373/2373/2373
f 2374/2374/2374 2375/2375/2375 2376/2376/2376
f 2377/2377/2377 2378/2378/2378 2379/2379/2379
f 2380/2380/2380 2381/2381/2381 2382/2382/2382
f 2383/2383/2383 2384/2384/2384 2385/2385/2385
f 2386/2386/2386 2387/2387/2387 2388/2388/2388
f 2389/2389/2389 2390/2390/2390 2391/2391/2391
f 2392/2392/2392 2393/2393/2393 2394/2394/2394
f 2395/2395/2395 2396/2396/2396 2397/2397/2397
f 2398/2398/2398 2399/2399/2399 2400/2400/2400
f 2401/2401/2401 2402/2402/2402 2403/2403/2403
f 2404/2404/2404 2405/2405/2405 2406/2406/2406
f 2407/2407/2407 2408/2408/2408 2409/2409/2409
f 2410/2410/2410 2411/2411/2411 2412/2412/2412
f 2413/2413/2413 2414/2414/2414 2415/2415/2415
f 2416/2416/2416 2417/2417/2417 2418/2418/2418
f 2419/2419/2419 2420/2420/2420 2421/2421/2421
f 2422/2422/2422 2423/2423/2423 2424/2424/2424
f 2425/2425/2425 2426/2426/2426 2427/2427/2427
f 2428/2428/2428 2429/2429/2429 2430/2430/2430
f 2431/2431/2431 2432/2432/2432 2433/2433/2433
f 2434/2434/2434 2435/2435/2435 2436/2436/2436
f 2437/2437/2437 2438/2438/2438 2439/2439/2439
f 2440/2440/2440 2441/2441/2441 2442/2442/2442
f 2443/2443/2443 2444/2444/2444 2445/2445/2445
f 2446/2446/2446 2447/2447/2447 2448/2448/2448
f 2449/2449/2449 2450/2450/2450 2451/2451/2451
f 2452/2452/2452 2453/2453/2453 2454/2454/2454
f 2455/2455/2455 2456/2456/2456 2457/2457/2457
f 2458/2458/2458 2459/2459/2459 2460/2460/2460
f 2461/2461/2461 2462/2462/2462 2463/2463/2463
f 2464/2464/2464 2465/2465/2465 2466/2466/2466
f 2467/2467/2467 2468/2468/2468 2469/2469/2469
f 2470/2470/2470 2471/2471/2471 2472/2472/2472
f 2473/2473/2473 2474/2474/2474 2475/2475/2475
f 2476/2476/2476 2477/2477/2477 2478/2478/2478
f 2479/2479/2479 2480/2480/2480 2481/2481/2481
f 2482/2482/2482 2483/2483/2483 2484/2484/2484
f 2485/2485/2485 2486/2486/2486 2487/2487/2487
f 2488/2488/2488 2489/2489/2489 2490/2490/2490
f 2491/2491/2491 2492/2492/2492 2493/2493/2493
f 2494/2494/2494 2495/2495/2495 2496/2496/2496
f 2497/2497/2497 2498/2498/2498 2499/2499/2499
f 2500/2500/2500 2501/2501/2501 2502/2502/2502
f 2503/2503/2503 2504/2504/2504 2505/2505/2505
f 2506/2506/2506 2507/2507/2507 2508/2508/2508
f 2509/2509/2509 2510/2510/2510 2511/2511/2511
f 2512/2512/2512 2513/2513/2513 2514/2514/2514
f 2515/2515/2515 2516/2516/2516 2517/2517/2517
f 2518/2518/2518 2519/2519/2519 2520/2520/2520
f 2521/2521/2521 2522/2522/2522 2523/2523/2523
f 2524/2524/2524 2525/2525/2525 2526/2526/2526
f 2527/2527/2527 2528/2528/2528 2529/2529/2529
f 2530/2530/2530 2531/2531/2531 2532/2532/2532
f 2533/2533/2533 2534/2534/2534 2535/2535/2535
f 2536/2536/2536 2537/2537/2537 2538/2538/2538
f 2539/2539/2539 2540/2540/2540 2541/2541/2541
f 2542/2542/2542 2543/2543/2543 2544/2544/2544
f 2545/2545/2545 2546/2546/2546 2547/2547/2547
f 2548/2548/2548 2549/2549/2549 2550/2550/2550
f 2551/2551/2551 2552/2552/2552 2553/2553/2553
f 2554/2554/2554 2555/2555/2555 2556/2556/2556
f 2557/2557/2557 2558/2558/2558 2559/2559/2559
f 2560/2560/2560 2561/2561/2561 2562/2562/2562
f 2563/2563/2563 2564/2564/2564 2565/2565/2565
f 2566/2566/2566 2567/2567/2567 2568/2568/2568
f 2569/2569/2569 2570/2570/2570 2571/2571/2571
f 2572/2572/2572 2573/2573/2573 2574/2574/2574
f 2575/2575/2575 2576/2576/2576 2577/2577/2577
f 2578/2578/2578 2579/2579/2579 2580/2580/2580
f 2581/2581/2581 2582/2582/2582 2583/2583/2583
f 2584/2584/2584 2585/2585/2585 2586/2586/2586
f 2587/2587/2587 2588/2588/2588 2589/2589/2589
f 2590/2590/2590 2591/2591/2591 2592/2592/2592
f 2593/2593/2593 2594/2594/2594 2595/2595/2595
f 2596/2596/2596 2597/2597/2597 2598/2598/2598
f 2599/2599/2599 2600/2600/2600 2601/2601/2601
f 2602/2602/2602 2603/2603/2603 2604/2604/2604
f 2605/2605/2605 2606/2606/2606 2607/2607/2607
f 2608/2608/2608 2609/2609/2609 2610/2610/2610
f 2611/2611/2611 2612/2612/2612 2613/2613/2613
f 2614/2614/2614 2615/2615/2615 2616/2616/2616
f 2617/2617/2617 2618/2618/2618 2619/2619/2619
f 2620/2620/2620 2621/2621/2621 2622/2622/2622
f 2623/2623/2623 2624/2624/2624 2625/2625/2625
f 2626/2626/2626 2627/2627/2627 2628/2628/2628
f 2629/2629/2629 2630/2630/2630 2631/2631/2631
f 2632/2632/2632 2633/2633/2633 2634/2634/2634
f 2635/2635/2635 2636/2636/2636 2637/2637/2637
f 2638/2638/2638 2639/2639/2639 2640/2640/2640
f 2641/2641/2641 2642/2642/2642 2643/2643/2643
f 2644/2644/2644 2645/2645/2645 2646/2646/2646
f 2647/2647/2647 2648/2648/2648 2649/2649/2649
f 2650/2650/2650 2651/2651/2651 2652/2652/2652
f 2653/2653/2653 2654/2654/2654 2655/2655/2655
f 2656/2656/2656 2657/2657/2657 2658/2658/2658
f 2659/2659/2659 2660/2660/2660 2661/2661/2661
f 2662/2662/2662 2663/2663/2663 2664/2664/2664
f 2665/2665/2665 2666/2666/2666 2667/2667/2667
f 2668/2668/2668 2669/2669/2669 2670/2670/2670
f 2671/2671/2671 2672/2672/2672 2673/2673/2673
f 2674/2674/2674 2675/2675/2675 2676/2676/2676
f 2677/2677/2677 2678/2678/2678 2679/2679/2679
f 2680/2680/2680 2681/2681/2681 2682/2682/2682
f 2683/2683/2683 2684/2684/2684 2685/2685/2685
f 2686/2686/2686 2687/2687/2687 2688/2688/2688
f 2689/2689/2689 2690/2690/2690 2691/2691/2691
f 2692/2692/2692 2693/2693/2693 2694/2694/2694
f 2695/2695/2695 2696/2696/2696 2697/2697/2697
f 2698/2698/2698 2699/2699/2699 2700/2700/2700
f 2701/2701/2701 2702/2702/2702 2703/2703/2703
f 2704/2704/2704 2705/2705/2705 2706/2706/2706
f 2707/2707/2707 2708/2708/2708 2709/2709/2709
f 2710/2710/2710 2711/2711/2711 2712/2712/2712
f 2713/2713/2713 2714/2714/2714 2715/2715/2715
f 2716/2716/2716 2717/2717/2717 2718/2718/2718
f 2719/2719/2719 2720/2720/2720 2721/2721/2721
f 2722/2722/2722 2723/2723/2723 2724/2724/2724
f 2725/2725/2725 2726/2726/2726 2727/2727/2727
f 2728/2728/2728 2729/2729/2729 2730/2730/2730
f 2731/2731/2731 2732/2732/2732 2733/2733/2733
f 2734/2734/2734 2735/2735/2735 2736/2736/2736
f 2737/2737/2737 2738/2738/2738 2739/2739/2739
f 2740/2740/2740 2741/2741/2741 2742/2742/2742
f 2743/2743/2743 2744/2744/2744 2745/2745/2745
f 2746/2746/2746 2747/2747/2747 2748/2748/2748
f 2749/2749/2749 2750/2750/2750 2751/2751/2751
f 2752/2752/2752 2753/2753/2753 2754/2754/2754
f 2755/2755/2755 2756/2756/2756 2757/2757/2757
f 2758/2758/2758 2759/2759/2759 2760/2760/2760
f 2761/2761/2761 2762/2762/2762 2763/2763/2763
f 2764/2764/2764 2765/2765/2765 2766/2766/2766
f 2767/2767/2767 2768/2768/2768 2769/2769/2769
f 2770/2770/2770 2771/2771/2771 2772/2772/2772
f 2773/2773/2773 2774/2774/2774 2775/2775/2775
f 2776/2776/2776 2777/2777/2777 2778/2778/2778
f 2779/2779/2779 2780/2780/2780 2781/2781/2781
f 2782/2782/2782 2783/2783/2783 2784/2784/2784
f 2785/2785/2785 2786/2786/2786 2787/2787/2787
f 2788/2788/2788 2789/2789/2789 2790/2790/2790
f 2791/2791/2791 2792/2792/2792 2793/2793/2793
f 2794/2794/2794 2795/2795/2795 2796/2796/2796
f 2797/2797/2797 2798/2798/2798 2799/2799/2799
f 2800/2800/2800 2801/2801/2801 2802/2802/2802
f 2803/2803/2803 2804/2804/2804 2805/2805/2805
f 2806/2806/2806 2807/2807/2807 2808/2808/2808
f 2809/2809/2809 2810/2810/2810 2811/2811/2811
f 2812/2812/2812 2813/2813/2813 2814/2814/2814
f 2815/2815/2815 2816/2816/2816 2817/2817/2817
f 2818/2818/2818 2819/2819/2819 2820/2820/2820
f 2821/2821/2821 2822/2822/2822 2823/2823/2823
f 2824/2824/2824 2825/2825/2825 2826/2826/2826
f 2827/2827/2827 2828/2828/2828 2829/2829/2829
f 2830/2830/2830 2831/2831/2831 2832/2832/2832
f 2833/2833/2833 2834/2834/2834 2835/2835/2835
f 2836/2836/2836 2837/2837/2837 2838/2838/2838
f 2839/2839/2839 2840/2840/2840 2841/2841/2841
f 2842/2842/2842 2843/2843/2843 2844/2844/2844
f 2845/2845/2845 2846/2846/2846 2847/2847/2847
f 2848/2848/2848 2849/2849/2849 2850/2850/2850
f 2851/2851/2851 2852/2852/2852 2853/2853/2853
f 2854/2854/2854 2855/2855/2855 2856/2856/2856
f 2857/2857/2857 2858/2858/2858 2859/2859/2859
f 2860/2860/2860 2861/2861/2861 2862/2862/2862
f 2863/2863/2863 2864/2864/2864 2865/2865/2865
f 2866/2866/2866 2867/2867/2867 2868/2868/2868

