####
#
# OBJ File Generated by Meshlab
#
####
# Object hemi.obj
#
# Vertices: 2184
# Faces: 4032
#
####
v 0.0849880 0.0000000 1.7299640
v 0.1697710 0.0000000 1.7237099
v 0.2541450 0.0000000 1.7133040
v 0.3379060 0.0000000 1.6987700
v 0.4208540 0.0000000 1.6801430
v 0.5027880 0.0000000 1.6574690
v 0.5835100 0.0000000 1.6308020
v 0.6628270 0.0000000 1.6002060
v 0.7405470 0.0000000 1.5657550
v 0.8164830 0.0000000 1.5275320
v 0.8904520 0.0000000 1.4856290
v 0.9622760 0.0000000 1.4401480
v 1.0317810 0.0000000 1.3911960
v 1.0988010 0.0000000 1.3388931
v 1.1631740 0.0000000 1.2833650
v 1.2247450 0.0000000 1.2247450
v 1.2833650 0.0000000 1.1631740
v 1.3388931 0.0000000 1.0988010
v 1.3911951 0.0000000 1.0317810
v 1.4401470 0.0000000 0.9622760
v 1.4856290 0.0000000 0.8904520
v 1.5275320 0.0000000 0.8164830
v 1.5657550 0.0000000 0.7405470
v 1.6002049 0.0000000 0.6628270
v 1.6308020 0.0000000 0.5835100
v 1.6574690 0.0000000 0.5027880
v 1.6801420 0.0000000 0.4208540
v 1.6987690 0.0000000 0.3379060
v 1.7133040 0.0000000 0.2541450
v 1.7237099 0.0000000 0.1697710
v 1.7299640 0.0000000 0.0849880
v 0.0845780 -0.0083300 1.7299640
v 0.1689530 -0.0166400 1.7237099
v 0.2529210 -0.0249110 1.7133040
v 0.3362790 -0.0331210 1.6987700
v 0.4188270 -0.0412510 1.6801430
v 0.5003670 -0.0492820 1.6574690
v 0.5807000 -0.0571940 1.6308020
v 0.6596350 -0.0649680 1.6002060
v 0.7369810 -0.0725860 1.5657550
v 0.8125510 -0.0800290 1.5275320
v 0.8861640 -0.0872790 1.4856290
v 0.9576420 -0.0943190 1.4401480
v 1.0268130 -0.1011320 1.3911960
v 1.0935100 -0.1077010 1.3388931
v 1.1575730 -0.1140110 1.2833650
v 1.2188470 -0.1200460 1.2247450
v 1.2771850 -0.1257920 1.1631740
v 1.3324460 -0.1312350 1.0988010
v 1.3844960 -0.1363610 1.0317810
v 1.4332120 -0.1411590 0.9622760
v 1.4784750 -0.1456170 0.8904520
v 1.5201761 -0.1497240 0.8164830
v 1.5582160 -0.1534710 0.7405470
v 1.5925000 -0.1568480 0.6628270
v 1.6229490 -0.1598470 0.5835100
v 1.6494870 -0.1624600 0.5027880
v 1.6720520 -0.1646830 0.4208540
v 1.6905890 -0.1665080 0.3379060
v 1.7050540 -0.1679330 0.2541450
v 1.7154100 -0.1689530 0.1697710
v 1.7216340 -0.1695660 0.0849880
v 0.0833550 -0.0165800 1.7299640
v 0.1665090 -0.0331210 1.7237099
v 0.2492610 -0.0495810 1.7133040
v 0.3314130 -0.0659220 1.6987700
v 0.4127670 -0.0821050 1.6801430
v 0.4931270 -0.0980890 1.6574690
v 0.5722980 -0.1138370 1.6308020
v 0.6500910 -0.1293110 1.6002060
v 0.7263180 -0.1444730 1.5657550
v 0.8007940 -0.1592880 1.5275320
v 0.8733420 -0.1737180 1.4856290
v 0.9437860 -0.1877310 1.4401480
v 1.0119560 -0.2012910 1.3911960
v 1.0776880 -0.2143660 1.3388931
v 1.1408240 -0.2269240 1.2833650
v 1.2012110 -0.2389360 1.2247450
v 1.2587050 -0.2503720 1.1631740
v 1.3131660 -0.2612050 1.0988010
v 1.3644640 -0.2714090 1.0317810
v 1.4124750 -0.2809590 0.9622760
v 1.4570830 -0.2898320 0.8904520
v 1.4981810 -0.2980070 0.8164830
v 1.5356700 -0.3054630 0.7405470
v 1.5694580 -0.3121850 0.6628270
v 1.5994660 -0.3181540 0.5835100
v 1.6256210 -0.3233560 0.5027880
v 1.6478590 -0.3277800 0.4208540
v 1.6661270 -0.3314130 0.3379060
v 1.6803830 -0.3342490 0.2541450
v 1.6905890 -0.3362790 0.1697710
v 1.6967230 -0.3374990 0.0849880
v 0.0813280 -0.0246710 1.7299640
v 0.1624600 -0.0492820 1.7237099
v 0.2432010 -0.0737740 1.7133040
v 0.3233560 -0.0980890 1.6987700
v 0.4027320 -0.1221670 1.6801430
v 0.4811380 -0.1459520 1.6574690
v 0.5583840 -0.1693840 1.6308020
v 0.6342860 -0.1924090 1.6002060
v 0.7086590 -0.2149690 1.5657550
v 0.7813250 -0.2370120 1.5275320
v 0.8521090 -0.2584840 1.4856290
v 0.9208400 -0.2793340 1.4401480
v 0.9873530 -0.2995100 1.3911960
v 1.0514870 -0.3189650 1.3388931
v 1.1130880 -0.3376520 1.2833650
v 1.1720070 -0.3555250 1.2247450
v 1.2281040 -0.3725410 1.1631740
v 1.2812400 -0.3886600 1.0988010
v 1.3312910 -0.4038430 1.0317810
v 1.3781350 -0.4180520 0.9622760
v 1.4216580 -0.4312550 0.8904520
v 1.4617569 -0.4434190 0.8164830
v 1.4983341 -0.4545150 0.7405470
v 1.5313010 -0.4645150 0.6628270
v 1.5605800 -0.4733970 0.5835100
v 1.5860990 -0.4811380 0.5027880
v 1.6077960 -0.4877200 0.4208540
v 1.6256200 -0.4931270 0.3379060
v 1.6395290 -0.4973460 0.2541450
v 1.6494880 -0.5003670 0.1697710
v 1.6554720 -0.5021820 0.0849880
v 0.0785180 -0.0325230 1.7299640
v 0.1568480 -0.0649680 1.7237099
v 0.2347990 -0.0972570 1.7133040
v 0.3121850 -0.1293110 1.6987700
v 0.3888180 -0.1610540 1.6801430
v 0.4645150 -0.1924090 1.6574690
v 0.5390930 -0.2233000 1.6308020
v 0.6123720 -0.2536530 1.6002060
v 0.6841760 -0.2833950 1.5657550
v 0.7543310 -0.3124540 1.5275320
v 0.8226700 -0.3407610 1.4856290
v 0.8890270 -0.3682470 1.4401480
v 0.9532420 -0.3948460 1.3911960
v 1.0151600 -0.4204930 1.3388931
v 1.0746320 -0.4451280 1.2833650
v 1.1315160 -0.4686890 1.2247450
v 1.1856750 -0.4911220 1.1631740
v 1.2369760 -0.5123720 1.0988010
v 1.2852970 -0.5323870 1.0317810
v 1.3305219 -0.5511200 0.9622760
v 1.3725420 -0.5685250 0.8904520
v 1.4112550 -0.5845610 0.8164830
v 1.4465690 -0.5991880 0.7405470
v 1.4783970 -0.6123720 0.6628270
v 1.5066640 -0.6240810 0.5835100
v 1.5313010 -0.6342860 0.5027880
v 1.5522490 -0.6429630 0.4208540
v 1.5694580 -0.6500910 0.3379060
v 1.5828860 -0.6556530 0.2541450
v 1.5925000 -0.6596350 0.1697710
v 1.5982780 -0.6620290 0.0849880
v 0.0749520 -0.0400630 1.7299640
v 0.1497240 -0.0800290 1.7237099
v 0.2241350 -0.1198030 1.7133040
v 0.2980070 -0.1592880 1.6987700
v 0.3711600 -0.1983890 1.6801430
v 0.4434190 -0.2370130 1.6574690
v 0.5146100 -0.2750650 1.6308020
v 0.5845610 -0.3124550 1.6002060
v 0.6531040 -0.3490910 1.5657550
v 0.7200730 -0.3848870 1.5275320
v 0.7853080 -0.4197560 1.4856290
v 0.8486510 -0.4536140 1.4401480
v 0.9099500 -0.4863780 1.3911960
v 0.9690560 -0.5179710 1.3388931
v 1.0258280 -0.5483160 1.2833650
v 1.0801280 -0.5773410 1.2247450
v 1.1318270 -0.6049740 1.1631740
v 1.1807981 -0.6311500 1.0988010
v 1.2269250 -0.6558050 1.0317810
v 1.2700959 -0.6788800 0.9622760
v 1.3102070 -0.7003200 0.8904520
v 1.3471630 -0.7200730 0.8164830
v 1.3808730 -0.7380920 0.7405470
v 1.4112550 -0.7543310 0.6628270
v 1.4382390 -0.7687550 0.5835100
v 1.4617569 -0.7813250 0.5027880
v 1.4817530 -0.7920140 0.4208540
v 1.4981800 -0.8007940 0.3379060
v 1.5109990 -0.8076460 0.2541450
v 1.5201761 -0.8125510 0.1697710
v 1.5256920 -0.8155000 0.0849880
v 0.0706650 -0.0472170 1.7299640
v 0.1411590 -0.0943200 1.7237099
v 0.2113130 -0.1411950 1.7133040
v 0.2809590 -0.1877310 1.6987700
v 0.3499270 -0.2338140 1.6801430
v 0.4180530 -0.2793340 1.6574690
v 0.4851710 -0.3241810 1.6308020
v 0.5511200 -0.3682470 1.6002060
v 0.6157420 -0.4114260 1.5657550
v 0.6788800 -0.4536130 1.5275320
v 0.7403840 -0.4947080 1.4856290
v 0.8001030 -0.5346120 1.4401480
v 0.8578950 -0.5732270 1.3911960
v 0.9136200 -0.6104610 1.3388931
v 0.9671440 -0.6462250 1.2833650
v 1.0183380 -0.6804320 1.2247450
v 1.0670789 -0.7129990 1.1631740
v 1.1132480 -0.7438490 1.0988010
v 1.1567360 -0.7729070 1.0317810
v 1.1974380 -0.8001020 0.9622760
v 1.2352550 -0.8253710 0.8904520
v 1.2700959 -0.8486510 0.8164830
v 1.3018780 -0.8698870 0.7405470
v 1.3305219 -0.8890260 0.6628270
v 1.3559620 -0.9060250 0.5835100
v 1.3781350 -0.9208400 0.5027880
v 1.3969870 -0.9334370 0.4208540
v 1.4124750 -0.9437850 0.3379060
v 1.4245600 -0.9518600 0.2541450
v 1.4332120 -0.9576420 0.1697710
v 1.4384130 -0.9611170 0.0849880
v 0.0656960 -0.0539160 1.7299640
v 0.1312340 -0.1077010 1.7237099
v 0.1964560 -0.1612280 1.7133040
v 0.2612050 -0.2143650 1.6987700
v 0.3253240 -0.2669870 1.6801430
v 0.3886600 -0.3189650 1.6574690
v 0.4510590 -0.3701750 1.6308020
v 0.5123720 -0.4204930 1.6002060
v 0.5724510 -0.4697980 1.5657550
v 0.6311490 -0.5179710 1.5275320
v 0.6883290 -0.5648970 1.4856290
v 0.7438490 -0.6104610 1.4401480
v 0.7975780 -0.6545550 1.3911960
v 0.8493850 -0.6970720 1.3388931
v 0.8991450 -0.7379100 1.2833650
v 0.9467410 -0.7769700 1.2247450
v 0.9920550 -0.8141580 1.1631740
v 1.0349780 -0.8493850 1.0988010
v 1.0754080 -0.8825650 1.0317810
v 1.1132489 -0.9136190 0.9622760
v 1.1484060 -0.9424730 0.8904520
v 1.1807981 -0.9690560 0.8164830
v 1.2103450 -0.9933040 0.7405470
v 1.2369750 -1.0151590 0.6628270
v 1.2606270 -1.0345700 0.5835100
v 1.2812400 -1.0514870 0.5027880
v 1.2987670 -1.0658710 0.4208540
v 1.3131660 -1.0776880 0.3379060
v 1.3244010 -1.0869080 0.2541450
v 1.3324460 -1.0935100 0.1697710
v 1.3372800 -1.0974780 0.0849880
v 0.0600950 -0.0600950 1.7299640
v 0.1200460 -0.1200460 1.7237099
v 0.1797070 -0.1797070 1.7133040
v 0.2389360 -0.2389360 1.6987700
v 0.2975890 -0.2975890 1.6801430
v 0.3555250 -0.3555250 1.6574690
v 0.4126040 -0.4126040 1.6308020
v 0.4686890 -0.4686890 1.6002060
v 0.5236460 -0.5236460 1.5657550
v 0.5773400 -0.5773400 1.5275320
v 0.6296450 -0.6296440 1.4856290
v 0.6804320 -0.6804320 1.4401480
v 0.7295800 -0.7295800 1.3911960
v 0.7769700 -0.7769700 1.3388931
v 0.8224880 -0.8224880 1.2833650
v 0.8660250 -0.8660250 1.2247450
v 0.9074760 -0.9074760 1.1631740
v 0.9467400 -0.9467400 1.0988010
v 0.9837230 -0.9837240 1.0317810
v 1.0183380 -1.0183370 0.9622760
v 1.0504980 -1.0504980 0.8904520
v 1.0801280 -1.0801280 0.8164830
v 1.1071560 -1.1071560 0.7405470
v 1.1315160 -1.1315160 0.6628270
v 1.1531510 -1.1531510 0.5835100
v 1.1720070 -1.1720070 0.5027880
v 1.1880400 -1.1880400 0.4208540
v 1.2012110 -1.2012110 0.3379060
v 1.2114880 -1.2114890 0.2541450
v 1.2188470 -1.2188470 0.1697710
v 1.2232690 -1.2232690 0.0849880
v 0.0539160 -0.0656960 1.7299640
v 0.1077010 -0.1312340 1.7237099
v 0.1612280 -0.1964560 1.7133040
v 0.2143650 -0.2612050 1.6987700
v 0.2669870 -0.3253240 1.6801430
v 0.3189650 -0.3886600 1.6574690
v 0.3701750 -0.4510590 1.6308020
v 0.4204930 -0.5123720 1.6002060
v 0.4697980 -0.5724510 1.5657550
v 0.5179710 -0.6311500 1.5275320
v 0.5648970 -0.6883290 1.4856290
v 0.6104610 -0.7438490 1.4401480
v 0.6545550 -0.7975780 1.3911960
v 0.6970720 -0.8493850 1.3388931
v 0.7379090 -0.8991460 1.2833650
v 0.7769700 -0.9467400 1.2247450
v 0.8141580 -0.9920550 1.1631740
v 0.8493840 -1.0349780 1.0988010
v 0.8825650 -1.0754080 1.0317810
v 0.9136200 -1.1132480 0.9622760
v 0.9424730 -1.1484060 0.8904520
v 0.9690560 -1.1807981 0.8164830
v 0.9933050 -1.2103450 0.7405470
v 1.0151590 -1.2369750 0.6628270
v 1.0345700 -1.2606270 0.5835100
v 1.0514870 -1.2812411 0.5027880
v 1.0658710 -1.2987680 0.4208540
v 1.0776880 -1.3131660 0.3379060
v 1.0869080 -1.3244020 0.2541450
v 1.0935100 -1.3324460 0.1697710
v 1.0974770 -1.3372800 0.0849880
v 0.0472170 -0.0706650 1.7299640
v 0.0943190 -0.1411590 1.7237099
v 0.1411950 -0.2113130 1.7133040
v 0.1877310 -0.2809590 1.6987700
v 0.2338140 -0.3499270 1.6801430
v 0.2793340 -0.4180530 1.6574690
v 0.3241810 -0.4851710 1.6308020
v 0.3682470 -0.5511210 1.6002060
v 0.4114260 -0.6157420 1.5657550
v 0.4536130 -0.6788800 1.5275320
v 0.4947090 -0.7403840 1.4856290
v 0.5346120 -0.8001030 1.4401480
v 0.5732270 -0.8578950 1.3911960
v 0.6104610 -0.9136200 1.3388931
v 0.6462250 -0.9671440 1.2833650
v 0.6804320 -1.0183380 1.2247450
v 0.7129990 -1.0670789 1.1631740
v 0.7438490 -1.1132489 1.0988010
v 0.7729060 -1.1567360 1.0317810
v 0.8001030 -1.1974380 0.9622760
v 0.8253710 -1.2352550 0.8904520
v 0.8486510 -1.2700959 0.8164830
v 0.8698870 -1.3018780 0.7405470
v 0.8890260 -1.3305219 0.6628270
v 0.9060250 -1.3559620 0.5835100
v 0.9208400 -1.3781350 0.5027880
v 0.9334370 -1.3969870 0.4208540
v 0.9437850 -1.4124750 0.3379060
v 0.9518600 -1.4245600 0.2541450
v 0.9576420 -1.4332130 0.1697710
v 0.9611160 -1.4384130 0.0849880
v 0.0400630 -0.0749520 1.7299640
v 0.0800290 -0.1497240 1.7237099
v 0.1198030 -0.2241350 1.7133040
v 0.1592880 -0.2980070 1.6987700
v 0.1983890 -0.3711600 1.6801430
v 0.2370130 -0.4434190 1.6574690
v 0.2750650 -0.5146100 1.6308020
v 0.3124540 -0.5845610 1.6002060
v 0.3490910 -0.6531040 1.5657550
v 0.3848870 -0.7200730 1.5275320
v 0.4197560 -0.7853080 1.4856290
v 0.4536140 -0.8486510 1.4401480
v 0.4863780 -0.9099500 1.3911960
v 0.5179710 -0.9690560 1.3388931
v 0.5483160 -1.0258280 1.2833650
v 0.5773410 -1.0801280 1.2247450
v 0.6049740 -1.1318270 1.1631740
v 0.6311490 -1.1807981 1.0988010
v 0.6558050 -1.2269250 1.0317810
v 0.6788810 -1.2700959 0.9622760
v 0.7003210 -1.3102070 0.8904520
v 0.7200740 -1.3471620 0.8164830
v 0.7380920 -1.3808730 0.7405470
v 0.7543310 -1.4112550 0.6628270
v 0.7687540 -1.4382390 0.5835100
v 0.7813250 -1.4617569 0.5027880
v 0.7920130 -1.4817530 0.4208540
v 0.8007940 -1.4981800 0.3379060
v 0.8076460 -1.5109990 0.2541450
v 0.8125510 -1.5201770 0.1697710
v 0.8154990 -1.5256920 0.0849880
v 0.0325230 -0.0785180 1.7299640
v 0.0649680 -0.1568480 1.7237099
v 0.0972570 -0.2347990 1.7133040
v 0.1293110 -0.3121840 1.6987700
v 0.1610540 -0.3888180 1.6801430
v 0.1924090 -0.4645150 1.6574690
v 0.2233000 -0.5390930 1.6308020
v 0.2536530 -0.6123720 1.6002060
v 0.2833950 -0.6841760 1.5657550
v 0.3124540 -0.7543310 1.5275320
v 0.3407610 -0.8226700 1.4856290
v 0.3682470 -0.8890270 1.4401480
v 0.3948450 -0.9532420 1.3911960
v 0.4204930 -1.0151600 1.3388931
v 0.4451270 -1.0746330 1.2833650
v 0.4686890 -1.1315171 1.2247450
v 0.4911230 -1.1856750 1.1631740
v 0.5123720 -1.2369760 1.0988010
v 0.5323870 -1.2852970 1.0317810
v 0.5511200 -1.3305219 0.9622760
v 0.5685250 -1.3725420 0.8904520
v 0.5845610 -1.4112550 0.8164830
v 0.5991890 -1.4465690 0.7405470
v 0.6123720 -1.4783970 0.6628270
v 0.6240810 -1.5066640 0.5835100
v 0.6342860 -1.5313010 0.5027880
v 0.6429620 -1.5522490 0.4208540
v 0.6500910 -1.5694580 0.3379060
v 0.6556530 -1.5828860 0.2541450
v 0.6596350 -1.5925010 0.1697710
v 0.6620280 -1.5982780 0.0849880
v 0.0246710 -0.0813280 1.7299640
v 0.0492820 -0.1624600 1.7237099
v 0.0737740 -0.2432010 1.7133040
v 0.0980890 -0.3233560 1.6987700
v 0.1221670 -0.4027320 1.6801430
v 0.1459520 -0.4811380 1.6574690
v 0.1693840 -0.5583840 1.6308020
v 0.1924080 -0.6342860 1.6002060
v 0.2149690 -0.7086590 1.5657550
v 0.2370120 -0.7813250 1.5275320
v 0.2584850 -0.8521090 1.4856290
v 0.2793340 -0.9208400 1.4401480
v 0.2995100 -0.9873530 1.3911960
v 0.3189650 -1.0514870 1.3388931
v 0.3376510 -1.1130880 1.2833650
v 0.3555250 -1.1720080 1.2247450
v 0.3725410 -1.2281040 1.1631740
v 0.3886600 -1.2812400 1.0988010
v 0.4038420 -1.3312900 1.0317810
v 0.4180530 -1.3781340 0.9622760
v 0.4312550 -1.4216580 0.8904520
v 0.4434190 -1.4617560 0.8164830
v 0.4545150 -1.4983341 0.7405470
v 0.4645150 -1.5313010 0.6628270
v 0.4733970 -1.5605800 0.5835100
v 0.4811380 -1.5860990 0.5027880
v 0.4877190 -1.6077960 0.4208540
v 0.4931270 -1.6256200 0.3379060
v 0.4973460 -1.6395290 0.2541450
v 0.5003670 -1.6494880 0.1697710
v 0.5021820 -1.6554720 0.0849880
v 0.0165800 -0.0833550 1.7299640
v 0.0331210 -0.1665080 1.7237099
v 0.0495810 -0.2492610 1.7133040
v 0.0659220 -0.3314130 1.6987700
v 0.0821040 -0.4127670 1.6801430
v 0.0980890 -0.4931270 1.6574690
v 0.1138370 -0.5722980 1.6308020
v 0.1293110 -0.6500910 1.6002060
v 0.1444740 -0.7263180 1.5657550
v 0.1592880 -0.8007940 1.5275320
v 0.1737190 -0.8733420 1.4856290
v 0.1877310 -0.9437860 1.4401480
v 0.2012900 -1.0119560 1.3911960
v 0.2143650 -1.0776880 1.3388931
v 0.2269240 -1.1408240 1.2833650
v 0.2389360 -1.2012120 1.2247450
v 0.2503720 -1.2587060 1.1631740
v 0.2612050 -1.3131660 1.0988010
v 0.2714080 -1.3644630 1.0317810
v 0.2809590 -1.4124740 0.9622760
v 0.2898320 -1.4570830 0.8904520
v 0.2980070 -1.4981800 0.8164830
v 0.3054640 -1.5356690 0.7405470
v 0.3121840 -1.5694571 0.6628270
v 0.3181540 -1.5994660 0.5835100
v 0.3233560 -1.6256210 0.5027880
v 0.3277790 -1.6478590 0.4208540
v 0.3314130 -1.6661270 0.3379060
v 0.3342490 -1.6803830 0.2541450
v 0.3362790 -1.6905890 0.1697710
v 0.3374990 -1.6967230 0.0849880
v 0.0083300 -0.0845780 1.7299640
v 0.0166400 -0.1689530 1.7237099
v 0.0249110 -0.2529210 1.7133040
v 0.0331210 -0.3362790 1.6987700
v 0.0412510 -0.4188270 1.6801430
v 0.0492820 -0.5003670 1.6574690
v 0.0571940 -0.5807000 1.6308020
v 0.0649680 -0.6596350 1.6002060
v 0.0725860 -0.7369810 1.5657550
v 0.0800290 -0.8125510 1.5275320
v 0.0872800 -0.8861640 1.4856290
v 0.0943190 -0.9576420 1.4401480
v 0.1011320 -1.0268130 1.3911960
v 0.1077010 -1.0935100 1.3388931
v 0.1140110 -1.1575730 1.2833650
v 0.1200460 -1.2188470 1.2247450
v 0.1257920 -1.2771850 1.1631740
v 0.1312340 -1.3324460 1.0988010
v 0.1363610 -1.3844960 1.0317810
v 0.1411590 -1.4332120 0.9622760
v 0.1456170 -1.4784750 0.8904520
v 0.1497240 -1.5201761 0.8164830
v 0.1534710 -1.5582150 0.7405470
v 0.1568470 -1.5924990 0.6628270
v 0.1598460 -1.6229490 0.5835100
v 0.1624600 -1.6494870 0.5027880
v 0.1646830 -1.6720520 0.4208540
v 0.1665080 -1.6905880 0.3379060
v 0.1679330 -1.7050540 0.2541450
v 0.1689530 -1.7154100 0.1697710
v 0.1695660 -1.7216340 0.0849880
v 0.0000000 0.0000000 1.7320510
v 1.7320499 0.0000000 0.0000000
v 1.7237090 -0.1697700 0.0000000
v 1.6987690 -0.3379060 0.0000000
v 1.6574680 -0.5027870 0.0000000
v 1.6002049 -0.6628270 0.0000000
v 1.5275310 -0.8164820 0.0000000
v 1.4401470 -0.9622750 0.0000000
v 1.3388920 -1.0988010 0.0000000
v 1.2247440 -1.2247440 0.0000000
v 1.0988010 -1.3388920 0.0000000
v 0.9622750 -1.4401470 0.0000000
v 0.8164830 -1.5275310 0.0000000
v 0.6628270 -1.6002049 0.0000000
v 0.5027870 -1.6574680 0.0000000
v 0.3379060 -1.6987690 0.0000000
v 0.1697710 -1.7237090 0.0000000
v 0.0000000 -0.0849880 1.7299640
v 0.0000000 -0.1697710 1.7237099
v 0.0000000 -0.2541450 1.7133040
v 0.0000000 -0.3379060 1.6987700
v 0.0000000 -0.4208540 1.6801430
v 0.0000000 -0.5027880 1.6574690
v 0.0000000 -0.5835100 1.6308020
v 0.0000000 -0.6628270 1.6002060
v 0.0000000 -0.7405470 1.5657550
v 0.0000000 -0.8164820 1.5275320
v 0.0000000 -0.8904520 1.4856290
v 0.0000000 -0.9622760 1.4401480
v 0.0000000 -1.0317810 1.3911960
v 0.0000000 -1.0988010 1.3388931
v 0.0000000 -1.1631740 1.2833650
v 0.0000000 -1.2247450 1.2247450
v 0.0000000 -1.2833650 1.1631740
v 0.0000000 -1.3388931 1.0988010
v 0.0000000 -1.3911951 1.0317810
v 0.0000000 -1.4401460 0.9622760
v 0.0000000 -1.4856280 0.8904520
v 0.0000000 -1.5275310 0.8164830
v 0.0000000 -1.5657550 0.7405470
v 0.0000000 -1.6002049 0.6628270
v 0.0000000 -1.6308020 0.5835100
v 0.0000000 -1.6574680 0.5027880
v 0.0000000 -1.6801420 0.4208540
v 0.0000000 -1.6987680 0.3379060
v 0.0000000 -1.7133040 0.2541450
v 0.0000000 -1.7237099 0.1697710
v 0.0000000 -1.7299640 0.0849880
v 0.0000000 -1.7320490 0.0000000
v 0.0000000 0.0000000 1.7320510
v -0.0000000 0.0849880 1.7299640
v -0.0000000 0.1697710 1.7237099
v -0.0000000 0.2541450 1.7133040
v -0.0000000 0.3379060 1.6987700
v -0.0000000 0.4208540 1.6801430
v -0.0000000 0.5027880 1.6574690
v -0.0000000 0.5835100 1.6308020
v -0.0000000 0.6628270 1.6002060
v -0.0000000 0.7405470 1.5657550
v -0.0000000 0.8164830 1.5275320
v -0.0000000 0.8904520 1.4856290
v -0.0000000 0.9622760 1.4401480
v -0.0000000 1.0317810 1.3911960
v -0.0000000 1.0988010 1.3388931
v -0.0000000 1.1631740 1.2833650
v -0.0000000 1.2247450 1.2247450
v -0.0000000 1.2833650 1.1631740
v -0.0000000 1.3388931 1.0988010
v -0.0000000 1.3911951 1.0317810
v -0.0000000 1.4401470 0.9622760
v -0.0000000 1.4856290 0.8904520
v -0.0000000 1.5275320 0.8164830
v -0.0000000 1.5657550 0.7405470
v -0.0000000 1.6002049 0.6628270
v -0.0000000 1.6308020 0.5835100
v -0.0000000 1.6574690 0.5027880
v -0.0000000 1.6801420 0.4208540
v -0.0000000 1.6987690 0.3379060
v -0.0000000 1.7133040 0.2541450
v -0.0000000 1.7237099 0.1697710
v -0.0000000 1.7299640 0.0849880
v 0.0083300 0.0845780 1.7299640
v 0.0166400 0.1689530 1.7237099
v 0.0249110 0.2529210 1.7133040
v 0.0331210 0.3362790 1.6987700
v 0.0412510 0.4188270 1.6801430
v 0.0492820 0.5003670 1.6574690
v 0.0571940 0.5807000 1.6308020
v 0.0649680 0.6596350 1.6002060
v 0.0725860 0.7369810 1.5657550
v 0.0800290 0.8125510 1.5275320
v 0.0872790 0.8861640 1.4856290
v 0.0943190 0.9576420 1.4401480
v 0.1011320 1.0268130 1.3911960
v 0.1077010 1.0935100 1.3388931
v 0.1140110 1.1575730 1.2833650
v 0.1200460 1.2188470 1.2247450
v 0.1257920 1.2771850 1.1631740
v 0.1312350 1.3324460 1.0988010
v 0.1363610 1.3844960 1.0317810
v 0.1411590 1.4332120 0.9622760
v 0.1456170 1.4784750 0.8904520
v 0.1497240 1.5201761 0.8164830
v 0.1534710 1.5582160 0.7405470
v 0.1568480 1.5925000 0.6628270
v 0.1598470 1.6229490 0.5835100
v 0.1624600 1.6494870 0.5027880
v 0.1646830 1.6720520 0.4208540
v 0.1665080 1.6905890 0.3379060
v 0.1679330 1.7050540 0.2541450
v 0.1689530 1.7154100 0.1697710
v 0.1695660 1.7216340 0.0849880
v 0.0165800 0.0833550 1.7299640
v 0.0331210 0.1665090 1.7237099
v 0.0495810 0.2492610 1.7133040
v 0.0659220 0.3314130 1.6987700
v 0.0821050 0.4127670 1.6801430
v 0.0980890 0.4931270 1.6574690
v 0.1138370 0.5722980 1.6308020
v 0.1293110 0.6500910 1.6002060
v 0.1444730 0.7263180 1.5657550
v 0.1592880 0.8007940 1.5275320
v 0.1737180 0.8733420 1.4856290
v 0.1877310 0.9437860 1.4401480
v 0.2012910 1.0119560 1.3911960
v 0.2143660 1.0776880 1.3388931
v 0.2269240 1.1408240 1.2833650
v 0.2389360 1.2012110 1.2247450
v 0.2503720 1.2587050 1.1631740
v 0.2612050 1.3131660 1.0988010
v 0.2714090 1.3644640 1.0317810
v 0.2809590 1.4124750 0.9622760
v 0.2898320 1.4570830 0.8904520
v 0.2980070 1.4981810 0.8164830
v 0.3054630 1.5356700 0.7405470
v 0.3121850 1.5694580 0.6628270
v 0.3181540 1.5994660 0.5835100
v 0.3233560 1.6256210 0.5027880
v 0.3277800 1.6478590 0.4208540
v 0.3314130 1.6661270 0.3379060
v 0.3342490 1.6803830 0.2541450
v 0.3362790 1.6905890 0.1697710
v 0.3374990 1.6967230 0.0849880
v 0.0246710 0.0813280 1.7299640
v 0.0492820 0.1624600 1.7237099
v 0.0737740 0.2432010 1.7133040
v 0.0980890 0.3233560 1.6987700
v 0.1221670 0.4027320 1.6801430
v 0.1459520 0.4811380 1.6574690
v 0.1693840 0.5583840 1.6308020
v 0.1924090 0.6342860 1.6002060
v 0.2149690 0.7086590 1.5657550
v 0.2370120 0.7813250 1.5275320
v 0.2584840 0.8521090 1.4856290
v 0.2793340 0.9208400 1.4401480
v 0.2995100 0.9873530 1.3911960
v 0.3189650 1.0514870 1.3388931
v 0.3376520 1.1130880 1.2833650
v 0.3555250 1.1720070 1.2247450
v 0.3725410 1.2281040 1.1631740
v 0.3886600 1.2812400 1.0988010
v 0.4038430 1.3312910 1.0317810
v 0.4180520 1.3781350 0.9622760
v 0.4312550 1.4216580 0.8904520
v 0.4434190 1.4617569 0.8164830
v 0.4545150 1.4983341 0.7405470
v 0.4645150 1.5313010 0.6628270
v 0.4733970 1.5605800 0.5835100
v 0.4811380 1.5860990 0.5027880
v 0.4877200 1.6077960 0.4208540
v 0.4931270 1.6256200 0.3379060
v 0.4973460 1.6395290 0.2541450
v 0.5003670 1.6494880 0.1697710
v 0.5021820 1.6554720 0.0849880
v 0.0325230 0.0785180 1.7299640
v 0.0649680 0.1568480 1.7237099
v 0.0972570 0.2347990 1.7133040
v 0.1293110 0.3121850 1.6987700
v 0.1610540 0.3888180 1.6801430
v 0.1924090 0.4645150 1.6574690
v 0.2233000 0.5390930 1.6308020
v 0.2536530 0.6123720 1.6002060
v 0.2833950 0.6841760 1.5657550
v 0.3124540 0.7543310 1.5275320
v 0.3407610 0.8226700 1.4856290
v 0.3682470 0.8890270 1.4401480
v 0.3948460 0.9532420 1.3911960
v 0.4204930 1.0151600 1.3388931
v 0.4451280 1.0746320 1.2833650
v 0.4686890 1.1315160 1.2247450
v 0.4911220 1.1856750 1.1631740
v 0.5123720 1.2369760 1.0988010
v 0.5323870 1.2852970 1.0317810
v 0.5511200 1.3305219 0.9622760
v 0.5685250 1.3725420 0.8904520
v 0.5845610 1.4112550 0.8164830
v 0.5991880 1.4465690 0.7405470
v 0.6123720 1.4783970 0.6628270
v 0.6240810 1.5066640 0.5835100
v 0.6342860 1.5313010 0.5027880
v 0.6429630 1.5522490 0.4208540
v 0.6500910 1.5694580 0.3379060
v 0.6556530 1.5828860 0.2541450
v 0.6596350 1.5925000 0.1697710
v 0.6620290 1.5982780 0.0849880
v 0.0400630 0.0749520 1.7299640
v 0.0800290 0.1497240 1.7237099
v 0.1198030 0.2241350 1.7133040
v 0.1592880 0.2980070 1.6987700
v 0.1983890 0.3711600 1.6801430
v 0.2370130 0.4434190 1.6574690
v 0.2750650 0.5146100 1.6308020
v 0.3124550 0.5845610 1.6002060
v 0.3490910 0.6531040 1.5657550
v 0.3848870 0.7200730 1.5275320
v 0.4197560 0.7853080 1.4856290
v 0.4536140 0.8486510 1.4401480
v 0.4863780 0.9099500 1.3911960
v 0.5179710 0.9690560 1.3388931
v 0.5483160 1.0258280 1.2833650
v 0.5773410 1.0801280 1.2247450
v 0.6049740 1.1318270 1.1631740
v 0.6311500 1.1807981 1.0988010
v 0.6558050 1.2269250 1.0317810
v 0.6788800 1.2700959 0.9622760
v 0.7003200 1.3102070 0.8904520
v 0.7200730 1.3471630 0.8164830
v 0.7380920 1.3808730 0.7405470
v 0.7543310 1.4112550 0.6628270
v 0.7687550 1.4382390 0.5835100
v 0.7813250 1.4617569 0.5027880
v 0.7920140 1.4817530 0.4208540
v 0.8007940 1.4981800 0.3379060
v 0.8076460 1.5109990 0.2541450
v 0.8125510 1.5201761 0.1697710
v 0.8155000 1.5256920 0.0849880
v 0.0472170 0.0706650 1.7299640
v 0.0943200 0.1411590 1.7237099
v 0.1411950 0.2113130 1.7133040
v 0.1877310 0.2809590 1.6987700
v 0.2338140 0.3499270 1.6801430
v 0.2793340 0.4180530 1.6574690
v 0.3241810 0.4851710 1.6308020
v 0.3682470 0.5511200 1.6002060
v 0.4114260 0.6157420 1.5657550
v 0.4536130 0.6788800 1.5275320
v 0.4947080 0.7403840 1.4856290
v 0.5346120 0.8001030 1.4401480
v 0.5732270 0.8578950 1.3911960
v 0.6104610 0.9136200 1.3388931
v 0.6462250 0.9671440 1.2833650
v 0.6804320 1.0183380 1.2247450
v 0.7129990 1.0670789 1.1631740
v 0.7438490 1.1132480 1.0988010
v 0.7729070 1.1567360 1.0317810
v 0.8001020 1.1974380 0.9622760
v 0.8253710 1.2352550 0.8904520
v 0.8486510 1.2700959 0.8164830
v 0.8698870 1.3018780 0.7405470
v 0.8890260 1.3305219 0.6628270
v 0.9060250 1.3559620 0.5835100
v 0.9208400 1.3781350 0.5027880
v 0.9334370 1.3969870 0.4208540
v 0.9437850 1.4124750 0.3379060
v 0.9518600 1.4245600 0.2541450
v 0.9576420 1.4332120 0.1697710
v 0.9611170 1.4384130 0.0849880
v 0.0539160 0.0656960 1.7299640
v 0.1077010 0.1312340 1.7237099
v 0.1612280 0.1964560 1.7133040
v 0.2143650 0.2612050 1.6987700
v 0.2669870 0.3253240 1.6801430
v 0.3189650 0.3886600 1.6574690
v 0.3701750 0.4510590 1.6308020
v 0.4204930 0.5123720 1.6002060
v 0.4697980 0.5724510 1.5657550
v 0.5179710 0.6311490 1.5275320
v 0.5648970 0.6883290 1.4856290
v 0.6104610 0.7438490 1.4401480
v 0.6545550 0.7975780 1.3911960
v 0.6970720 0.8493850 1.3388931
v 0.7379100 0.8991450 1.2833650
v 0.7769700 0.9467410 1.2247450
v 0.8141580 0.9920550 1.1631740
v 0.8493850 1.0349780 1.0988010
v 0.8825650 1.0754080 1.0317810
v 0.9136190 1.1132489 0.9622760
v 0.9424730 1.1484060 0.8904520
v 0.9690560 1.1807981 0.8164830
v 0.9933040 1.2103450 0.7405470
v 1.0151590 1.2369750 0.6628270
v 1.0345700 1.2606270 0.5835100
v 1.0514870 1.2812400 0.5027880
v 1.0658710 1.2987670 0.4208540
v 1.0776880 1.3131660 0.3379060
v 1.0869080 1.3244010 0.2541450
v 1.0935100 1.3324460 0.1697710
v 1.0974780 1.3372800 0.0849880
v 0.0600950 0.0600950 1.7299640
v 0.1200460 0.1200460 1.7237099
v 0.1797070 0.1797070 1.7133040
v 0.2389360 0.2389360 1.6987700
v 0.2975890 0.2975890 1.6801430
v 0.3555250 0.3555250 1.6574690
v 0.4126040 0.4126040 1.6308020
v 0.4686890 0.4686890 1.6002060
v 0.5236460 0.5236460 1.5657550
v 0.5773400 0.5773400 1.5275320
v 0.6296440 0.6296450 1.4856290
v 0.6804320 0.6804320 1.4401480
v 0.7295800 0.7295800 1.3911960
v 0.7769700 0.7769700 1.3388931
v 0.8224880 0.8224880 1.2833650
v 0.8660250 0.8660250 1.2247450
v 0.9074760 0.9074760 1.1631740
v 0.9467400 0.9467400 1.0988010
v 0.9837240 0.9837230 1.0317810
v 1.0183370 1.0183380 0.9622760
v 1.0504980 1.0504980 0.8904520
v 1.0801280 1.0801280 0.8164830
v 1.1071560 1.1071560 0.7405470
v 1.1315160 1.1315160 0.6628270
v 1.1531510 1.1531510 0.5835100
v 1.1720070 1.1720070 0.5027880
v 1.1880400 1.1880400 0.4208540
v 1.2012110 1.2012110 0.3379060
v 1.2114890 1.2114880 0.2541450
v 1.2188470 1.2188470 0.1697710
v 1.2232690 1.2232690 0.0849880
v 0.0656960 0.0539160 1.7299640
v 0.1312340 0.1077010 1.7237099
v 0.1964560 0.1612280 1.7133040
v 0.2612050 0.2143650 1.6987700
v 0.3253240 0.2669870 1.6801430
v 0.3886600 0.3189650 1.6574690
v 0.4510590 0.3701750 1.6308020
v 0.5123720 0.4204930 1.6002060
v 0.5724510 0.4697980 1.5657550
v 0.6311500 0.5179710 1.5275320
v 0.6883290 0.5648970 1.4856290
v 0.7438490 0.6104610 1.4401480
v 0.7975780 0.6545550 1.3911960
v 0.8493850 0.6970720 1.3388931
v 0.8991460 0.7379090 1.2833650
v 0.9467400 0.7769700 1.2247450
v 0.9920550 0.8141580 1.1631740
v 1.0349780 0.8493840 1.0988010
v 1.0754080 0.8825650 1.0317810
v 1.1132480 0.9136200 0.9622760
v 1.1484060 0.9424730 0.8904520
v 1.1807981 0.9690560 0.8164830
v 1.2103450 0.9933050 0.7405470
v 1.2369750 1.0151590 0.6628270
v 1.2606270 1.0345700 0.5835100
v 1.2812411 1.0514870 0.5027880
v 1.2987680 1.0658710 0.4208540
v 1.3131660 1.0776880 0.3379060
v 1.3244020 1.0869080 0.2541450
v 1.3324460 1.0935100 0.1697710
v 1.3372800 1.0974770 0.0849880
v 0.0706650 0.0472170 1.7299640
v 0.1411590 0.0943190 1.7237099
v 0.2113130 0.1411950 1.7133040
v 0.2809590 0.1877310 1.6987700
v 0.3499270 0.2338140 1.6801430
v 0.4180530 0.2793340 1.6574690
v 0.4851710 0.3241810 1.6308020
v 0.5511210 0.3682470 1.6002060
v 0.6157420 0.4114260 1.5657550
v 0.6788800 0.4536130 1.5275320
v 0.7403840 0.4947090 1.4856290
v 0.8001030 0.5346120 1.4401480
v 0.8578950 0.5732270 1.3911960
v 0.9136200 0.6104610 1.3388931
v 0.9671440 0.6462250 1.2833650
v 1.0183380 0.6804320 1.2247450
v 1.0670789 0.7129990 1.1631740
v 1.1132489 0.7438490 1.0988010
v 1.1567360 0.7729060 1.0317810
v 1.1974380 0.8001030 0.9622760
v 1.2352550 0.8253710 0.8904520
v 1.2700959 0.8486510 0.8164830
v 1.3018780 0.8698870 0.7405470
v 1.3305219 0.8890260 0.6628270
v 1.3559620 0.9060250 0.5835100
v 1.3781350 0.9208400 0.5027880
v 1.3969870 0.9334370 0.4208540
v 1.4124750 0.9437850 0.3379060
v 1.4245600 0.9518600 0.2541450
v 1.4332130 0.9576420 0.1697710
v 1.4384130 0.9611160 0.0849880
v 0.0749520 0.0400630 1.7299640
v 0.1497240 0.0800290 1.7237099
v 0.2241350 0.1198030 1.7133040
v 0.2980070 0.1592880 1.6987700
v 0.3711600 0.1983890 1.6801430
v 0.4434190 0.2370130 1.6574690
v 0.5146100 0.2750650 1.6308020
v 0.5845610 0.3124540 1.6002060
v 0.6531040 0.3490910 1.5657550
v 0.7200730 0.3848870 1.5275320
v 0.7853080 0.4197560 1.4856290
v 0.8486510 0.4536140 1.4401480
v 0.9099500 0.4863780 1.3911960
v 0.9690560 0.5179710 1.3388931
v 1.0258280 0.5483160 1.2833650
v 1.0801280 0.5773410 1.2247450
v 1.1318270 0.6049740 1.1631740
v 1.1807981 0.6311490 1.0988010
v 1.2269250 0.6558050 1.0317810
v 1.2700959 0.6788810 0.9622760
v 1.3102070 0.7003210 0.8904520
v 1.3471620 0.7200740 0.8164830
v 1.3808730 0.7380920 0.7405470
v 1.4112550 0.7543310 0.6628270
v 1.4382390 0.7687540 0.5835100
v 1.4617569 0.7813250 0.5027880
v 1.4817530 0.7920130 0.4208540
v 1.4981800 0.8007940 0.3379060
v 1.5109990 0.8076460 0.2541450
v 1.5201770 0.8125510 0.1697710
v 1.5256920 0.8154990 0.0849880
v 0.0785180 0.0325230 1.7299640
v 0.1568480 0.0649680 1.7237099
v 0.2347990 0.0972570 1.7133040
v 0.3121840 0.1293110 1.6987700
v 0.3888180 0.1610540 1.6801430
v 0.4645150 0.1924090 1.6574690
v 0.5390930 0.2233000 1.6308020
v 0.6123720 0.2536530 1.6002060
v 0.6841760 0.2833950 1.5657550
v 0.7543310 0.3124540 1.5275320
v 0.8226700 0.3407610 1.4856290
v 0.8890270 0.3682470 1.4401480
v 0.9532420 0.3948450 1.3911960
v 1.0151600 0.4204930 1.3388931
v 1.0746330 0.4451270 1.2833650
v 1.1315171 0.4686890 1.2247450
v 1.1856750 0.4911230 1.1631740
v 1.2369760 0.5123720 1.0988010
v 1.2852970 0.5323870 1.0317810
v 1.3305219 0.5511200 0.9622760
v 1.3725420 0.5685250 0.8904520
v 1.4112550 0.5845610 0.8164830
v 1.4465690 0.5991890 0.7405470
v 1.4783970 0.6123720 0.6628270
v 1.5066640 0.6240810 0.5835100
v 1.5313010 0.6342860 0.5027880
v 1.5522490 0.6429620 0.4208540
v 1.5694580 0.6500910 0.3379060
v 1.5828860 0.6556530 0.2541450
v 1.5925010 0.6596350 0.1697710
v 1.5982780 0.6620280 0.0849880
v 0.0813280 0.0246710 1.7299640
v 0.1624600 0.0492820 1.7237099
v 0.2432010 0.0737740 1.7133040
v 0.3233560 0.0980890 1.6987700
v 0.4027320 0.1221670 1.6801430
v 0.4811380 0.1459520 1.6574690
v 0.5583840 0.1693840 1.6308020
v 0.6342860 0.1924080 1.6002060
v 0.7086590 0.2149690 1.5657550
v 0.7813250 0.2370120 1.5275320
v 0.8521090 0.2584850 1.4856290
v 0.9208400 0.2793340 1.4401480
v 0.9873530 0.2995100 1.3911960
v 1.0514870 0.3189650 1.3388931
v 1.1130880 0.3376510 1.2833650
v 1.1720080 0.3555250 1.2247450
v 1.2281040 0.3725410 1.1631740
v 1.2812400 0.3886600 1.0988010
v 1.3312900 0.4038420 1.0317810
v 1.3781340 0.4180530 0.9622760
v 1.4216580 0.4312550 0.8904520
v 1.4617560 0.4434190 0.8164830
v 1.4983341 0.4545150 0.7405470
v 1.5313010 0.4645150 0.6628270
v 1.5605800 0.4733970 0.5835100
v 1.5860990 0.4811380 0.5027880
v 1.6077960 0.4877190 0.4208540
v 1.6256200 0.4931270 0.3379060
v 1.6395290 0.4973460 0.2541450
v 1.6494880 0.5003670 0.1697710
v 1.6554720 0.5021820 0.0849880
v 0.0833550 0.0165800 1.7299640
v 0.1665080 0.0331210 1.7237099
v 0.2492610 0.0495810 1.7133040
v 0.3314130 0.0659220 1.6987700
v 0.4127670 0.0821040 1.6801430
v 0.4931270 0.0980890 1.6574690
v 0.5722980 0.1138370 1.6308020
v 0.6500910 0.1293110 1.6002060
v 0.7263180 0.1444740 1.5657550
v 0.8007940 0.1592880 1.5275320
v 0.8733420 0.1737190 1.4856290
v 0.9437860 0.1877310 1.4401480
v 1.0119560 0.2012900 1.3911960
v 1.0776880 0.2143650 1.3388931
v 1.1408240 0.2269240 1.2833650
v 1.2012120 0.2389360 1.2247450
v 1.2587060 0.2503720 1.1631740
v 1.3131660 0.2612050 1.0988010
v 1.3644630 0.2714080 1.0317810
v 1.4124740 0.2809590 0.9622760
v 1.4570830 0.2898320 0.8904520
v 1.4981800 0.2980070 0.8164830
v 1.5356690 0.3054640 0.7405470
v 1.5694571 0.3121840 0.6628270
v 1.5994660 0.3181540 0.5835100
v 1.6256210 0.3233560 0.5027880
v 1.6478590 0.3277790 0.4208540
v 1.6661270 0.3314130 0.3379060
v 1.6803830 0.3342490 0.2541450
v 1.6905890 0.3362790 0.1697710
v 1.6967230 0.3374990 0.0849880
v 0.0845780 0.0083300 1.7299640
v 0.1689530 0.0166400 1.7237099
v 0.2529210 0.0249110 1.7133040
v 0.3362790 0.0331210 1.6987700
v 0.4188270 0.0412510 1.6801430
v 0.5003670 0.0492820 1.6574690
v 0.5807000 0.0571940 1.6308020
v 0.6596350 0.0649680 1.6002060
v 0.7369810 0.0725860 1.5657550
v 0.8125510 0.0800290 1.5275320
v 0.8861640 0.0872800 1.4856290
v 0.9576420 0.0943190 1.4401480
v 1.0268130 0.1011320 1.3911960
v 1.0935100 0.1077010 1.3388931
v 1.1575730 0.1140110 1.2833650
v 1.2188470 0.1200460 1.2247450
v 1.2771850 0.1257920 1.1631740
v 1.3324460 0.1312340 1.0988010
v 1.3844960 0.1363610 1.0317810
v 1.4332120 0.1411590 0.9622760
v 1.4784750 0.1456170 0.8904520
v 1.5201761 0.1497240 0.8164830
v 1.5582150 0.1534710 0.7405470
v 1.5924990 0.1568470 0.6628270
v 1.6229490 0.1598460 0.5835100
v 1.6494870 0.1624600 0.5027880
v 1.6720520 0.1646830 0.4208540
v 1.6905880 0.1665080 0.3379060
v 1.7050540 0.1679330 0.2541450
v 1.7154100 0.1689530 0.1697710
v 1.7216340 0.1695660 0.0849880
v 0.0000000 0.0000000 1.7320510
v -0.0000000 1.7320499 0.0000000
v 0.1697700 1.7237090 0.0000000
v 0.3379060 1.6987690 0.0000000
v 0.5027870 1.6574680 0.0000000
v 0.6628270 1.6002049 0.0000000
v 0.8164820 1.5275310 0.0000000
v 0.9622750 1.4401470 0.0000000
v 1.0988010 1.3388920 0.0000000
v 1.2247440 1.2247440 0.0000000
v 1.3388920 1.0988010 0.0000000
v 1.4401470 0.9622750 0.0000000
v 1.5275310 0.8164830 0.0000000
v 1.6002049 0.6628270 0.0000000
v 1.6574680 0.5027870 0.0000000
v 1.6987690 0.3379060 0.0000000
v 1.7237090 0.1697710 0.0000000
v 0.0849880 0.0000000 1.7299640
v 0.1697710 0.0000000 1.7237099
v 0.2541450 0.0000000 1.7133040
v 0.3379060 0.0000000 1.6987700
v 0.4208540 0.0000000 1.6801430
v 0.5027880 0.0000000 1.6574690
v 0.5835100 0.0000000 1.6308020
v 0.6628270 0.0000000 1.6002060
v 0.7405470 0.0000000 1.5657550
v 0.8164820 0.0000000 1.5275320
v 0.8904520 0.0000000 1.4856290
v 0.9622760 0.0000000 1.4401480
v 1.0317810 0.0000000 1.3911960
v 1.0988010 0.0000000 1.3388931
v 1.1631740 0.0000000 1.2833650
v 1.2247450 0.0000000 1.2247450
v 1.2833650 0.0000000 1.1631740
v 1.3388931 0.0000000 1.0988010
v 1.3911951 0.0000000 1.0317810
v 1.4401460 0.0000000 0.9622760
v 1.4856280 0.0000000 0.8904520
v 1.5275310 0.0000000 0.8164830
v 1.5657550 0.0000000 0.7405470
v 1.6002049 0.0000000 0.6628270
v 1.6308020 0.0000000 0.5835100
v 1.6574680 0.0000000 0.5027880
v 1.6801420 0.0000000 0.4208540
v 1.6987680 0.0000000 0.3379060
v 1.7133040 0.0000000 0.2541450
v 1.7237099 0.0000000 0.1697710
v 1.7299640 0.0000000 0.0849880
v 1.7320490 0.0000000 0.0000000
v 0.0000000 0.0000000 1.7320510
v -0.0849880 0.0000000 1.7299640
v -0.1697710 0.0000000 1.7237099
v -0.2541450 0.0000000 1.7133040
v -0.3379060 0.0000000 1.6987700
v -0.4208540 0.0000000 1.6801430
v -0.5027880 0.0000000 1.6574690
v -0.5835100 0.0000000 1.6308020
v -0.6628270 0.0000000 1.6002060
v -0.7405470 0.0000000 1.5657550
v -0.8164830 0.0000000 1.5275320
v -0.8904520 0.0000000 1.4856290
v -0.9622760 0.0000000 1.4401480
v -1.0317810 0.0000000 1.3911960
v -1.0988010 0.0000000 1.3388931
v -1.1631740 0.0000000 1.2833650
v -1.2247450 0.0000000 1.2247450
v -1.2833650 0.0000000 1.1631740
v -1.3388931 0.0000000 1.0988010
v -1.3911951 0.0000000 1.0317810
v -1.4401470 0.0000000 0.9622760
v -1.4856290 0.0000000 0.8904520
v -1.5275320 0.0000000 0.8164830
v -1.5657550 0.0000000 0.7405470
v -1.6002049 0.0000000 0.6628270
v -1.6308020 0.0000000 0.5835100
v -1.6574690 0.0000000 0.5027880
v -1.6801420 0.0000000 0.4208540
v -1.6987690 0.0000000 0.3379060
v -1.7133040 0.0000000 0.2541450
v -1.7237099 0.0000000 0.1697710
v -1.7299640 0.0000000 0.0849880
v -0.0845780 0.0083300 1.7299640
v -0.1689530 0.0166400 1.7237099
v -0.2529210 0.0249110 1.7133040
v -0.3362790 0.0331210 1.6987700
v -0.4188270 0.0412510 1.6801430
v -0.5003670 0.0492820 1.6574690
v -0.5807000 0.0571940 1.6308020
v -0.6596350 0.0649680 1.6002060
v -0.7369810 0.0725860 1.5657550
v -0.8125510 0.0800290 1.5275320
v -0.8861640 0.0872790 1.4856290
v -0.9576420 0.0943190 1.4401480
v -1.0268130 0.1011320 1.3911960
v -1.0935100 0.1077010 1.3388931
v -1.1575730 0.1140110 1.2833650
v -1.2188470 0.1200460 1.2247450
v -1.2771850 0.1257920 1.1631740
v -1.3324460 0.1312350 1.0988010
v -1.3844960 0.1363610 1.0317810
v -1.4332120 0.1411590 0.9622760
v -1.4784750 0.1456170 0.8904520
v -1.5201761 0.1497240 0.8164830
v -1.5582160 0.1534710 0.7405470
v -1.5925000 0.1568480 0.6628270
v -1.6229490 0.1598470 0.5835100
v -1.6494870 0.1624600 0.5027880
v -1.6720520 0.1646830 0.4208540
v -1.6905890 0.1665080 0.3379060
v -1.7050540 0.1679330 0.2541450
v -1.7154100 0.1689530 0.1697710
v -1.7216340 0.1695660 0.0849880
v -0.0833550 0.0165800 1.7299640
v -0.1665090 0.0331210 1.7237099
v -0.2492610 0.0495810 1.7133040
v -0.3314130 0.0659220 1.6987700
v -0.4127670 0.0821050 1.6801430
v -0.4931270 0.0980890 1.6574690
v -0.5722980 0.1138370 1.6308020
v -0.6500910 0.1293110 1.6002060
v -0.7263180 0.1444730 1.5657550
v -0.8007940 0.1592880 1.5275320
v -0.8733420 0.1737180 1.4856290
v -0.9437860 0.1877310 1.4401480
v -1.0119560 0.2012910 1.3911960
v -1.0776880 0.2143660 1.3388931
v -1.1408240 0.2269240 1.2833650
v -1.2012110 0.2389360 1.2247450
v -1.2587050 0.2503720 1.1631740
v -1.3131660 0.2612050 1.0988010
v -1.3644640 0.2714090 1.0317810
v -1.4124750 0.2809590 0.9622760
v -1.4570830 0.2898320 0.8904520
v -1.4981810 0.2980070 0.8164830
v -1.5356700 0.3054630 0.7405470
v -1.5694580 0.3121850 0.6628270
v -1.5994660 0.3181540 0.5835100
v -1.6256210 0.3233560 0.5027880
v -1.6478590 0.3277800 0.4208540
v -1.6661270 0.3314130 0.3379060
v -1.6803830 0.3342490 0.2541450
v -1.6905890 0.3362790 0.1697710
v -1.6967230 0.3374990 0.0849880
v -0.0813280 0.0246710 1.7299640
v -0.1624600 0.0492820 1.7237099
v -0.2432010 0.0737740 1.7133040
v -0.3233560 0.0980890 1.6987700
v -0.4027320 0.1221670 1.6801430
v -0.4811380 0.1459520 1.6574690
v -0.5583840 0.1693840 1.6308020
v -0.6342860 0.1924090 1.6002060
v -0.7086590 0.2149690 1.5657550
v -0.7813250 0.2370120 1.5275320
v -0.8521090 0.2584840 1.4856290
v -0.9208400 0.2793340 1.4401480
v -0.9873530 0.2995100 1.3911960
v -1.0514870 0.3189650 1.3388931
v -1.1130880 0.3376520 1.2833650
v -1.1720070 0.3555250 1.2247450
v -1.2281040 0.3725410 1.1631740
v -1.2812400 0.3886600 1.0988010
v -1.3312910 0.4038430 1.0317810
v -1.3781350 0.4180520 0.9622760
v -1.4216580 0.4312550 0.8904520
v -1.4617569 0.4434190 0.8164830
v -1.4983341 0.4545150 0.7405470
v -1.5313010 0.4645150 0.6628270
v -1.5605800 0.4733970 0.5835100
v -1.5860990 0.4811380 0.5027880
v -1.6077960 0.4877200 0.4208540
v -1.6256200 0.4931270 0.3379060
v -1.6395290 0.4973460 0.2541450
v -1.6494880 0.5003670 0.1697710
v -1.6554720 0.5021820 0.0849880
v -0.0785180 0.0325230 1.7299640
v -0.1568480 0.0649680 1.7237099
v -0.2347990 0.0972570 1.7133040
v -0.3121850 0.1293110 1.6987700
v -0.3888180 0.1610540 1.6801430
v -0.4645150 0.1924090 1.6574690
v -0.5390930 0.2233000 1.6308020
v -0.6123720 0.2536530 1.6002060
v -0.6841760 0.2833950 1.5657550
v -0.7543310 0.3124540 1.5275320
v -0.8226700 0.3407610 1.4856290
v -0.8890270 0.3682470 1.4401480
v -0.9532420 0.3948460 1.3911960
v -1.0151600 0.4204930 1.3388931
v -1.0746320 0.4451280 1.2833650
v -1.1315160 0.4686890 1.2247450
v -1.1856750 0.4911220 1.1631740
v -1.2369760 0.5123720 1.0988010
v -1.2852970 0.5323870 1.0317810
v -1.3305219 0.5511200 0.9622760
v -1.3725420 0.5685250 0.8904520
v -1.4112550 0.5845610 0.8164830
v -1.4465690 0.5991880 0.7405470
v -1.4783970 0.6123720 0.6628270
v -1.5066640 0.6240810 0.5835100
v -1.5313010 0.6342860 0.5027880
v -1.5522490 0.6429630 0.4208540
v -1.5694580 0.6500910 0.3379060
v -1.5828860 0.6556530 0.2541450
v -1.5925000 0.6596350 0.1697710
v -1.5982780 0.6620290 0.0849880
v -0.0749520 0.0400630 1.7299640
v -0.1497240 0.0800290 1.7237099
v -0.2241350 0.1198030 1.7133040
v -0.2980070 0.1592880 1.6987700
v -0.3711600 0.1983890 1.6801430
v -0.4434190 0.2370130 1.6574690
v -0.5146100 0.2750650 1.6308020
v -0.5845610 0.3124550 1.6002060
v -0.6531040 0.3490910 1.5657550
v -0.7200730 0.3848870 1.5275320
v -0.7853080 0.4197560 1.4856290
v -0.8486510 0.4536140 1.4401480
v -0.9099500 0.4863780 1.3911960
v -0.9690560 0.5179710 1.3388931
v -1.0258280 0.5483160 1.2833650
v -1.0801280 0.5773410 1.2247450
v -1.1318270 0.6049740 1.1631740
v -1.1807981 0.6311500 1.0988010
v -1.2269250 0.6558050 1.0317810
v -1.2700959 0.6788800 0.9622760
v -1.3102070 0.7003200 0.8904520
v -1.3471630 0.7200730 0.8164830
v -1.3808730 0.7380920 0.7405470
v -1.4112550 0.7543310 0.6628270
v -1.4382390 0.7687550 0.5835100
v -1.4617569 0.7813250 0.5027880
v -1.4817530 0.7920140 0.4208540
v -1.4981800 0.8007940 0.3379060
v -1.5109990 0.8076460 0.2541450
v -1.5201761 0.8125510 0.1697710
v -1.5256920 0.8155000 0.0849880
v -0.0706650 0.0472170 1.7299640
v -0.1411590 0.0943200 1.7237099
v -0.2113130 0.1411950 1.7133040
v -0.2809590 0.1877310 1.6987700
v -0.3499270 0.2338140 1.6801430
v -0.4180530 0.2793340 1.6574690
v -0.4851710 0.3241810 1.6308020
v -0.5511200 0.3682470 1.6002060
v -0.6157420 0.4114260 1.5657550
v -0.6788800 0.4536130 1.5275320
v -0.7403840 0.4947080 1.4856290
v -0.8001030 0.5346120 1.4401480
v -0.8578950 0.5732270 1.3911960
v -0.9136200 0.6104610 1.3388931
v -0.9671440 0.6462250 1.2833650
v -1.0183380 0.6804320 1.2247450
v -1.0670789 0.7129990 1.1631740
v -1.1132480 0.7438490 1.0988010
v -1.1567360 0.7729070 1.0317810
v -1.1974380 0.8001020 0.9622760
v -1.2352550 0.8253710 0.8904520
v -1.2700959 0.8486510 0.8164830
v -1.3018780 0.8698870 0.7405470
v -1.3305219 0.8890260 0.6628270
v -1.3559620 0.9060250 0.5835100
v -1.3781350 0.9208400 0.5027880
v -1.3969870 0.9334370 0.4208540
v -1.4124750 0.9437850 0.3379060
v -1.4245600 0.9518600 0.2541450
v -1.4332120 0.9576420 0.1697710
v -1.4384130 0.9611170 0.0849880
v -0.0656960 0.0539160 1.7299640
v -0.1312340 0.1077010 1.7237099
v -0.1964560 0.1612280 1.7133040
v -0.2612050 0.2143650 1.6987700
v -0.3253240 0.2669870 1.6801430
v -0.3886600 0.3189650 1.6574690
v -0.4510590 0.3701750 1.6308020
v -0.5123720 0.4204930 1.6002060
v -0.5724510 0.4697980 1.5657550
v -0.6311490 0.5179710 1.5275320
v -0.6883290 0.5648970 1.4856290
v -0.7438490 0.6104610 1.4401480
v -0.7975780 0.6545550 1.3911960
v -0.8493850 0.6970720 1.3388931
v -0.8991450 0.7379100 1.2833650
v -0.9467410 0.7769700 1.2247450
v -0.9920550 0.8141580 1.1631740
v -1.0349780 0.8493850 1.0988010
v -1.0754080 0.8825650 1.0317810
v -1.1132489 0.9136190 0.9622760
v -1.1484060 0.9424730 0.8904520
v -1.1807981 0.9690560 0.8164830
v -1.2103450 0.9933040 0.7405470
v -1.2369750 1.0151590 0.6628270
v -1.2606270 1.0345700 0.5835100
v -1.2812400 1.0514870 0.5027880
v -1.2987670 1.0658710 0.4208540
v -1.3131660 1.0776880 0.3379060
v -1.3244010 1.0869080 0.2541450
v -1.3324460 1.0935100 0.1697710
v -1.3372800 1.0974780 0.0849880
v -0.0600950 0.0600950 1.7299640
v -0.1200460 0.1200460 1.7237099
v -0.1797070 0.1797070 1.7133040
v -0.2389360 0.2389360 1.6987700
v -0.2975890 0.2975890 1.6801430
v -0.3555250 0.3555250 1.6574690
v -0.4126040 0.4126040 1.6308020
v -0.4686890 0.4686890 1.6002060
v -0.5236460 0.5236460 1.5657550
v -0.5773400 0.5773400 1.5275320
v -0.6296450 0.6296440 1.4856290
v -0.6804320 0.6804320 1.4401480
v -0.7295800 0.7295800 1.3911960
v -0.7769700 0.7769700 1.3388931
v -0.8224880 0.8224880 1.2833650
v -0.8660250 0.8660250 1.2247450
v -0.9074760 0.9074760 1.1631740
v -0.9467400 0.9467400 1.0988010
v -0.9837230 0.9837240 1.0317810
v -1.0183380 1.0183370 0.9622760
v -1.0504980 1.0504980 0.8904520
v -1.0801280 1.0801280 0.8164830
v -1.1071560 1.1071560 0.7405470
v -1.1315160 1.1315160 0.6628270
v -1.1531510 1.1531510 0.5835100
v -1.1720070 1.1720070 0.5027880
v -1.1880400 1.1880400 0.4208540
v -1.2012110 1.2012110 0.3379060
v -1.2114880 1.2114890 0.2541450
v -1.2188470 1.2188470 0.1697710
v -1.2232690 1.2232690 0.0849880
v -0.0539160 0.0656960 1.7299640
v -0.1077010 0.1312340 1.7237099
v -0.1612280 0.1964560 1.7133040
v -0.2143650 0.2612050 1.6987700
v -0.2669870 0.3253240 1.6801430
v -0.3189650 0.3886600 1.6574690
v -0.3701750 0.4510590 1.6308020
v -0.4204930 0.5123720 1.6002060
v -0.4697980 0.5724510 1.5657550
v -0.5179710 0.6311500 1.5275320
v -0.5648970 0.6883290 1.4856290
v -0.6104610 0.7438490 1.4401480
v -0.6545550 0.7975780 1.3911960
v -0.6970720 0.8493850 1.3388931
v -0.7379090 0.8991460 1.2833650
v -0.7769700 0.9467400 1.2247450
v -0.8141580 0.9920550 1.1631740
v -0.8493840 1.0349780 1.0988010
v -0.8825650 1.0754080 1.0317810
v -0.9136200 1.1132480 0.9622760
v -0.9424730 1.1484060 0.8904520
v -0.9690560 1.1807981 0.8164830
v -0.9933050 1.2103450 0.7405470
v -1.0151590 1.2369750 0.6628270
v -1.0345700 1.2606270 0.5835100
v -1.0514870 1.2812411 0.5027880
v -1.0658710 1.2987680 0.4208540
v -1.0776880 1.3131660 0.3379060
v -1.0869080 1.3244020 0.2541450
v -1.0935100 1.3324460 0.1697710
v -1.0974770 1.3372800 0.0849880
v -0.0472170 0.0706650 1.7299640
v -0.0943190 0.1411590 1.7237099
v -0.1411950 0.2113130 1.7133040
v -0.1877310 0.2809590 1.6987700
v -0.2338140 0.3499270 1.6801430
v -0.2793340 0.4180530 1.6574690
v -0.3241810 0.4851710 1.6308020
v -0.3682470 0.5511210 1.6002060
v -0.4114260 0.6157420 1.5657550
v -0.4536130 0.6788800 1.5275320
v -0.4947090 0.7403840 1.4856290
v -0.5346120 0.8001030 1.4401480
v -0.5732270 0.8578950 1.3911960
v -0.6104610 0.9136200 1.3388931
v -0.6462250 0.9671440 1.2833650
v -0.6804320 1.0183380 1.2247450
v -0.7129990 1.0670789 1.1631740
v -0.7438490 1.1132489 1.0988010
v -0.7729060 1.1567360 1.0317810
v -0.8001030 1.1974380 0.9622760
v -0.8253710 1.2352550 0.8904520
v -0.8486510 1.2700959 0.8164830
v -0.8698870 1.3018780 0.7405470
v -0.8890260 1.3305219 0.6628270
v -0.9060250 1.3559620 0.5835100
v -0.9208400 1.3781350 0.5027880
v -0.9334370 1.3969870 0.4208540
v -0.9437850 1.4124750 0.3379060
v -0.9518600 1.4245600 0.2541450
v -0.9576420 1.4332130 0.1697710
v -0.9611160 1.4384130 0.0849880
v -0.0400630 0.0749520 1.7299640
v -0.0800290 0.1497240 1.7237099
v -0.1198030 0.2241350 1.7133040
v -0.1592880 0.2980070 1.6987700
v -0.1983890 0.3711600 1.6801430
v -0.2370130 0.4434190 1.6574690
v -0.2750650 0.5146100 1.6308020
v -0.3124540 0.5845610 1.6002060
v -0.3490910 0.6531040 1.5657550
v -0.3848870 0.7200730 1.5275320
v -0.4197560 0.7853080 1.4856290
v -0.4536140 0.8486510 1.4401480
v -0.4863780 0.9099500 1.3911960
v -0.5179710 0.9690560 1.3388931
v -0.5483160 1.0258280 1.2833650
v -0.5773410 1.0801280 1.2247450
v -0.6049740 1.1318270 1.1631740
v -0.6311490 1.1807981 1.0988010
v -0.6558050 1.2269250 1.0317810
v -0.6788810 1.2700959 0.9622760
v -0.7003210 1.3102070 0.8904520
v -0.7200740 1.3471620 0.8164830
v -0.7380920 1.3808730 0.7405470
v -0.7543310 1.4112550 0.6628270
v -0.7687540 1.4382390 0.5835100
v -0.7813250 1.4617569 0.5027880
v -0.7920130 1.4817530 0.4208540
v -0.8007940 1.4981800 0.3379060
v -0.8076460 1.5109990 0.2541450
v -0.8125510 1.5201770 0.1697710
v -0.8154990 1.5256920 0.0849880
v -0.0325230 0.0785180 1.7299640
v -0.0649680 0.1568480 1.7237099
v -0.0972570 0.2347990 1.7133040
v -0.1293110 0.3121840 1.6987700
v -0.1610540 0.3888180 1.6801430
v -0.1924090 0.4645150 1.6574690
v -0.2233000 0.5390930 1.6308020
v -0.2536530 0.6123720 1.6002060
v -0.2833950 0.6841760 1.5657550
v -0.3124540 0.7543310 1.5275320
v -0.3407610 0.8226700 1.4856290
v -0.3682470 0.8890270 1.4401480
v -0.3948450 0.9532420 1.3911960
v -0.4204930 1.0151600 1.3388931
v -0.4451270 1.0746330 1.2833650
v -0.4686890 1.1315171 1.2247450
v -0.4911230 1.1856750 1.1631740
v -0.5123720 1.2369760 1.0988010
v -0.5323870 1.2852970 1.0317810
v -0.5511200 1.3305219 0.9622760
v -0.5685250 1.3725420 0.8904520
v -0.5845610 1.4112550 0.8164830
v -0.5991890 1.4465690 0.7405470
v -0.6123720 1.4783970 0.6628270
v -0.6240810 1.5066640 0.5835100
v -0.6342860 1.5313010 0.5027880
v -0.6429620 1.5522490 0.4208540
v -0.6500910 1.5694580 0.3379060
v -0.6556530 1.5828860 0.2541450
v -0.6596350 1.5925010 0.1697710
v -0.6620280 1.5982780 0.0849880
v -0.0246710 0.0813280 1.7299640
v -0.0492820 0.1624600 1.7237099
v -0.0737740 0.2432010 1.7133040
v -0.0980890 0.3233560 1.6987700
v -0.1221670 0.4027320 1.6801430
v -0.1459520 0.4811380 1.6574690
v -0.1693840 0.5583840 1.6308020
v -0.1924080 0.6342860 1.6002060
v -0.2149690 0.7086590 1.5657550
v -0.2370120 0.7813250 1.5275320
v -0.2584850 0.8521090 1.4856290
v -0.2793340 0.9208400 1.4401480
v -0.2995100 0.9873530 1.3911960
v -0.3189650 1.0514870 1.3388931
v -0.3376510 1.1130880 1.2833650
v -0.3555250 1.1720080 1.2247450
v -0.3725410 1.2281040 1.1631740
v -0.3886600 1.2812400 1.0988010
v -0.4038420 1.3312900 1.0317810
v -0.4180530 1.3781340 0.9622760
v -0.4312550 1.4216580 0.8904520
v -0.4434190 1.4617560 0.8164830
v -0.4545150 1.4983341 0.7405470
v -0.4645150 1.5313010 0.6628270
v -0.4733970 1.5605800 0.5835100
v -0.4811380 1.5860990 0.5027880
v -0.4877190 1.6077960 0.4208540
v -0.4931270 1.6256200 0.3379060
v -0.4973460 1.6395290 0.2541450
v -0.5003670 1.6494880 0.1697710
v -0.5021820 1.6554720 0.0849880
v -0.0165800 0.0833550 1.7299640
v -0.0331210 0.1665080 1.7237099
v -0.0495810 0.2492610 1.7133040
v -0.0659220 0.3314130 1.6987700
v -0.0821040 0.4127670 1.6801430
v -0.0980890 0.4931270 1.6574690
v -0.1138370 0.5722980 1.6308020
v -0.1293110 0.6500910 1.6002060
v -0.1444740 0.7263180 1.5657550
v -0.1592880 0.8007940 1.5275320
v -0.1737190 0.8733420 1.4856290
v -0.1877310 0.9437860 1.4401480
v -0.2012900 1.0119560 1.3911960
v -0.2143650 1.0776880 1.3388931
v -0.2269240 1.1408240 1.2833650
v -0.2389360 1.2012120 1.2247450
v -0.2503720 1.2587060 1.1631740
v -0.2612050 1.3131660 1.0988010
v -0.2714080 1.3644630 1.0317810
v -0.2809590 1.4124740 0.9622760
v -0.2898320 1.4570830 0.8904520
v -0.2980070 1.4981800 0.8164830
v -0.3054640 1.5356690 0.7405470
v -0.3121840 1.5694571 0.6628270
v -0.3181540 1.5994660 0.5835100
v -0.3233560 1.6256210 0.5027880
v -0.3277790 1.6478590 0.4208540
v -0.3314130 1.6661270 0.3379060
v -0.3342490 1.6803830 0.2541450
v -0.3362790 1.6905890 0.1697710
v -0.3374990 1.6967230 0.0849880
v -0.0083300 0.0845780 1.7299640
v -0.0166400 0.1689530 1.7237099
v -0.0249110 0.2529210 1.7133040
v -0.0331210 0.3362790 1.6987700
v -0.0412510 0.4188270 1.6801430
v -0.0492820 0.5003670 1.6574690
v -0.0571940 0.5807000 1.6308020
v -0.0649680 0.6596350 1.6002060
v -0.0725860 0.7369810 1.5657550
v -0.0800290 0.8125510 1.5275320
v -0.0872800 0.8861640 1.4856290
v -0.0943190 0.9576420 1.4401480
v -0.1011320 1.0268130 1.3911960
v -0.1077010 1.0935100 1.3388931
v -0.1140110 1.1575730 1.2833650
v -0.1200460 1.2188470 1.2247450
v -0.1257920 1.2771850 1.1631740
v -0.1312340 1.3324460 1.0988010
v -0.1363610 1.3844960 1.0317810
v -0.1411590 1.4332120 0.9622760
v -0.1456170 1.4784750 0.8904520
v -0.1497240 1.5201761 0.8164830
v -0.1534710 1.5582150 0.7405470
v -0.1568470 1.5924990 0.6628270
v -0.1598460 1.6229490 0.5835100
v -0.1624600 1.6494870 0.5027880
v -0.1646830 1.6720520 0.4208540
v -0.1665080 1.6905880 0.3379060
v -0.1679330 1.7050540 0.2541450
v -0.1689530 1.7154100 0.1697710
v -0.1695660 1.7216340 0.0849880
v 0.0000000 0.0000000 1.7320510
v -1.7320499 0.0000000 0.0000000
v -1.7237090 0.1697700 0.0000000
v -1.6987690 0.3379060 0.0000000
v -1.6574680 0.5027870 0.0000000
v -1.6002049 0.6628270 0.0000000
v -1.5275310 0.8164820 0.0000000
v -1.4401470 0.9622750 0.0000000
v -1.3388920 1.0988010 0.0000000
v -1.2247440 1.2247440 0.0000000
v -1.0988010 1.3388920 0.0000000
v -0.9622750 1.4401470 0.0000000
v -0.8164830 1.5275310 0.0000000
v -0.6628270 1.6002049 0.0000000
v -0.5027870 1.6574680 0.0000000
v -0.3379060 1.6987690 0.0000000
v -0.1697710 1.7237090 0.0000000
v 0.0000000 0.0849880 1.7299640
v 0.0000000 0.1697710 1.7237099
v 0.0000000 0.2541450 1.7133040
v 0.0000000 0.3379060 1.6987700
v 0.0000000 0.4208540 1.6801430
v 0.0000000 0.5027880 1.6574690
v 0.0000000 0.5835100 1.6308020
v 0.0000000 0.6628270 1.6002060
v 0.0000000 0.7405470 1.5657550
v 0.0000000 0.8164820 1.5275320
v 0.0000000 0.8904520 1.4856290
v 0.0000000 0.9622760 1.4401480
v 0.0000000 1.0317810 1.3911960
v 0.0000000 1.0988010 1.3388931
v 0.0000000 1.1631740 1.2833650
v 0.0000000 1.2247450 1.2247450
v 0.0000000 1.2833650 1.1631740
v 0.0000000 1.3388931 1.0988010
v 0.0000000 1.3911951 1.0317810
v 0.0000000 1.4401460 0.9622760
v 0.0000000 1.4856280 0.8904520
v 0.0000000 1.5275310 0.8164830
v 0.0000000 1.5657550 0.7405470
v 0.0000000 1.6002049 0.6628270
v 0.0000000 1.6308020 0.5835100
v 0.0000000 1.6574680 0.5027880
v 0.0000000 1.6801420 0.4208540
v 0.0000000 1.6987680 0.3379060
v 0.0000000 1.7133040 0.2541450
v 0.0000000 1.7237099 0.1697710
v 0.0000000 1.7299640 0.0849880
v 0.0000000 1.7320490 0.0000000
v 0.0000000 0.0000000 1.7320510
v 0.0000000 -0.0849880 1.7299640
v 0.0000000 -0.1697710 1.7237099
v 0.0000000 -0.2541450 1.7133040
v 0.0000000 -0.3379060 1.6987700
v 0.0000000 -0.4208540 1.6801430
v 0.0000000 -0.5027880 1.6574690
v 0.0000000 -0.5835100 1.6308020
v 0.0000000 -0.6628270 1.6002060
v 0.0000000 -0.7405470 1.5657550
v 0.0000000 -0.8164830 1.5275320
v 0.0000000 -0.8904520 1.4856290
v 0.0000000 -0.9622760 1.4401480
v 0.0000000 -1.0317810 1.3911960
v 0.0000000 -1.0988010 1.3388931
v 0.0000000 -1.1631740 1.2833650
v 0.0000000 -1.2247450 1.2247450
v 0.0000000 -1.2833650 1.1631740
v 0.0000000 -1.3388931 1.0988010
v 0.0000000 -1.3911951 1.0317810
v 0.0000000 -1.4401470 0.9622760
v 0.0000000 -1.4856290 0.8904520
v 0.0000000 -1.5275320 0.8164830
v 0.0000000 -1.5657550 0.7405470
v 0.0000000 -1.6002049 0.6628270
v 0.0000000 -1.6308020 0.5835100
v 0.0000000 -1.6574690 0.5027880
v 0.0000000 -1.6801420 0.4208540
v 0.0000000 -1.6987690 0.3379060
v 0.0000000 -1.7133040 0.2541450
v 0.0000000 -1.7237099 0.1697710
v 0.0000000 -1.7299640 0.0849880
v -0.0083300 -0.0845780 1.7299640
v -0.0166400 -0.1689530 1.7237099
v -0.0249110 -0.2529210 1.7133040
v -0.0331210 -0.3362790 1.6987700
v -0.0412510 -0.4188270 1.6801430
v -0.0492820 -0.5003670 1.6574690
v -0.0571940 -0.5807000 1.6308020
v -0.0649680 -0.6596350 1.6002060
v -0.0725860 -0.7369810 1.5657550
v -0.0800290 -0.8125510 1.5275320
v -0.0872790 -0.8861640 1.4856290
v -0.0943190 -0.9576420 1.4401480
v -0.1011320 -1.0268130 1.3911960
v -0.1077010 -1.0935100 1.3388931
v -0.1140110 -1.1575730 1.2833650
v -0.1200460 -1.2188470 1.2247450
v -0.1257920 -1.2771850 1.1631740
v -0.1312350 -1.3324460 1.0988010
v -0.1363610 -1.3844960 1.0317810
v -0.1411590 -1.4332120 0.9622760
v -0.1456170 -1.4784750 0.8904520
v -0.1497240 -1.5201761 0.8164830
v -0.1534710 -1.5582160 0.7405470
v -0.1568480 -1.5925000 0.6628270
v -0.1598470 -1.6229490 0.5835100
v -0.1624600 -1.6494870 0.5027880
v -0.1646830 -1.6720520 0.4208540
v -0.1665080 -1.6905890 0.3379060
v -0.1679330 -1.7050540 0.2541450
v -0.1689530 -1.7154100 0.1697710
v -0.1695660 -1.7216340 0.0849880
v -0.0165800 -0.0833550 1.7299640
v -0.0331210 -0.1665090 1.7237099
v -0.0495810 -0.2492610 1.7133040
v -0.0659220 -0.3314130 1.6987700
v -0.0821050 -0.4127670 1.6801430
v -0.0980890 -0.4931270 1.6574690
v -0.1138370 -0.5722980 1.6308020
v -0.1293110 -0.6500910 1.6002060
v -0.1444730 -0.7263180 1.5657550
v -0.1592880 -0.8007940 1.5275320
v -0.1737180 -0.8733420 1.4856290
v -0.1877310 -0.9437860 1.4401480
v -0.2012910 -1.0119560 1.3911960
v -0.2143660 -1.0776880 1.3388931
v -0.2269240 -1.1408240 1.2833650
v -0.2389360 -1.2012110 1.2247450
v -0.2503720 -1.2587050 1.1631740
v -0.2612050 -1.3131660 1.0988010
v -0.2714090 -1.3644640 1.0317810
v -0.2809590 -1.4124750 0.9622760
v -0.2898320 -1.4570830 0.8904520
v -0.2980070 -1.4981810 0.8164830
v -0.3054630 -1.5356700 0.7405470
v -0.3121850 -1.5694580 0.6628270
v -0.3181540 -1.5994660 0.5835100
v -0.3233560 -1.6256210 0.5027880
v -0.3277800 -1.6478590 0.4208540
v -0.3314130 -1.6661270 0.3379060
v -0.3342490 -1.6803830 0.2541450
v -0.3362790 -1.6905890 0.1697710
v -0.3374990 -1.6967230 0.0849880
v -0.0246710 -0.0813280 1.7299640
v -0.0492820 -0.1624600 1.7237099
v -0.0737740 -0.2432010 1.7133040
v -0.0980890 -0.3233560 1.6987700
v -0.1221670 -0.4027320 1.6801430
v -0.1459520 -0.4811380 1.6574690
v -0.1693840 -0.5583840 1.6308020
v -0.1924090 -0.6342860 1.6002060
v -0.2149690 -0.7086590 1.5657550
v -0.2370120 -0.7813250 1.5275320
v -0.2584840 -0.8521090 1.4856290
v -0.2793340 -0.9208400 1.4401480
v -0.2995100 -0.9873530 1.3911960
v -0.3189650 -1.0514870 1.3388931
v -0.3376520 -1.1130880 1.2833650
v -0.3555250 -1.1720070 1.2247450
v -0.3725410 -1.2281040 1.1631740
v -0.3886600 -1.2812400 1.0988010
v -0.4038430 -1.3312910 1.0317810
v -0.4180520 -1.3781350 0.9622760
v -0.4312550 -1.4216580 0.8904520
v -0.4434190 -1.4617569 0.8164830
v -0.4545150 -1.4983341 0.7405470
v -0.4645150 -1.5313010 0.6628270
v -0.4733970 -1.5605800 0.5835100
v -0.4811380 -1.5860990 0.5027880
v -0.4877200 -1.6077960 0.4208540
v -0.4931270 -1.6256200 0.3379060
v -0.4973460 -1.6395290 0.2541450
v -0.5003670 -1.6494880 0.1697710
v -0.5021820 -1.6554720 0.0849880
v -0.0325230 -0.0785180 1.7299640
v -0.0649680 -0.1568480 1.7237099
v -0.0972570 -0.2347990 1.7133040
v -0.1293110 -0.3121850 1.6987700
v -0.1610540 -0.3888180 1.6801430
v -0.1924090 -0.4645150 1.6574690
v -0.2233000 -0.5390930 1.6308020
v -0.2536530 -0.6123720 1.6002060
v -0.2833950 -0.6841760 1.5657550
v -0.3124540 -0.7543310 1.5275320
v -0.3407610 -0.8226700 1.4856290
v -0.3682470 -0.8890270 1.4401480
v -0.3948460 -0.9532420 1.3911960
v -0.4204930 -1.0151600 1.3388931
v -0.4451280 -1.0746320 1.2833650
v -0.4686890 -1.1315160 1.2247450
v -0.4911220 -1.1856750 1.1631740
v -0.5123720 -1.2369760 1.0988010
v -0.5323870 -1.2852970 1.0317810
v -0.5511200 -1.3305219 0.9622760
v -0.5685250 -1.3725420 0.8904520
v -0.5845610 -1.4112550 0.8164830
v -0.5991880 -1.4465690 0.7405470
v -0.6123720 -1.4783970 0.6628270
v -0.6240810 -1.5066640 0.5835100
v -0.6342860 -1.5313010 0.5027880
v -0.6429630 -1.5522490 0.4208540
v -0.6500910 -1.5694580 0.3379060
v -0.6556530 -1.5828860 0.2541450
v -0.6596350 -1.5925000 0.1697710
v -0.6620290 -1.5982780 0.0849880
v -0.0400630 -0.0749520 1.7299640
v -0.0800290 -0.1497240 1.7237099
v -0.1198030 -0.2241350 1.7133040
v -0.1592880 -0.2980070 1.6987700
v -0.1983890 -0.3711600 1.6801430
v -0.2370130 -0.4434190 1.6574690
v -0.2750650 -0.5146100 1.6308020
v -0.3124550 -0.5845610 1.6002060
v -0.3490910 -0.6531040 1.5657550
v -0.3848870 -0.7200730 1.5275320
v -0.4197560 -0.7853080 1.4856290
v -0.4536140 -0.8486510 1.4401480
v -0.4863780 -0.9099500 1.3911960
v -0.5179710 -0.9690560 1.3388931
v -0.5483160 -1.0258280 1.2833650
v -0.5773410 -1.0801280 1.2247450
v -0.6049740 -1.1318270 1.1631740
v -0.6311500 -1.1807981 1.0988010
v -0.6558050 -1.2269250 1.0317810
v -0.6788800 -1.2700959 0.9622760
v -0.7003200 -1.3102070 0.8904520
v -0.7200730 -1.3471630 0.8164830
v -0.7380920 -1.3808730 0.7405470
v -0.7543310 -1.4112550 0.6628270
v -0.7687550 -1.4382390 0.5835100
v -0.7813250 -1.4617569 0.5027880
v -0.7920140 -1.4817530 0.4208540
v -0.8007940 -1.4981800 0.3379060
v -0.8076460 -1.5109990 0.2541450
v -0.8125510 -1.5201761 0.1697710
v -0.8155000 -1.5256920 0.0849880
v -0.0472170 -0.0706650 1.7299640
v -0.0943200 -0.1411590 1.7237099
v -0.1411950 -0.2113130 1.7133040
v -0.1877310 -0.2809590 1.6987700
v -0.2338140 -0.3499270 1.6801430
v -0.2793340 -0.4180530 1.6574690
v -0.3241810 -0.4851710 1.6308020
v -0.3682470 -0.5511200 1.6002060
v -0.4114260 -0.6157420 1.5657550
v -0.4536130 -0.6788800 1.5275320
v -0.4947080 -0.7403840 1.4856290
v -0.5346120 -0.8001030 1.4401480
v -0.5732270 -0.8578950 1.3911960
v -0.6104610 -0.9136200 1.3388931
v -0.6462250 -0.9671440 1.2833650
v -0.6804320 -1.0183380 1.2247450
v -0.7129990 -1.0670789 1.1631740
v -0.7438490 -1.1132480 1.0988010
v -0.7729070 -1.1567360 1.0317810
v -0.8001020 -1.1974380 0.9622760
v -0.8253710 -1.2352550 0.8904520
v -0.8486510 -1.2700959 0.8164830
v -0.8698870 -1.3018780 0.7405470
v -0.8890260 -1.3305219 0.6628270
v -0.9060250 -1.3559620 0.5835100
v -0.9208400 -1.3781350 0.5027880
v -0.9334370 -1.3969870 0.4208540
v -0.9437850 -1.4124750 0.3379060
v -0.9518600 -1.4245600 0.2541450
v -0.9576420 -1.4332120 0.1697710
v -0.9611170 -1.4384130 0.0849880
v -0.0539160 -0.0656960 1.7299640
v -0.1077010 -0.1312340 1.7237099
v -0.1612280 -0.1964560 1.7133040
v -0.2143650 -0.2612050 1.6987700
v -0.2669870 -0.3253240 1.6801430
v -0.3189650 -0.3886600 1.6574690
v -0.3701750 -0.4510590 1.6308020
v -0.4204930 -0.5123720 1.6002060
v -0.4697980 -0.5724510 1.5657550
v -0.5179710 -0.6311490 1.5275320
v -0.5648970 -0.6883290 1.4856290
v -0.6104610 -0.7438490 1.4401480
v -0.6545550 -0.7975780 1.3911960
v -0.6970720 -0.8493850 1.3388931
v -0.7379100 -0.8991450 1.2833650
v -0.7769700 -0.9467410 1.2247450
v -0.8141580 -0.9920550 1.1631740
v -0.8493850 -1.0349780 1.0988010
v -0.8825650 -1.0754080 1.0317810
v -0.9136190 -1.1132489 0.9622760
v -0.9424730 -1.1484060 0.8904520
v -0.9690560 -1.1807981 0.8164830
v -0.9933040 -1.2103450 0.7405470
v -1.0151590 -1.2369750 0.6628270
v -1.0345700 -1.2606270 0.5835100
v -1.0514870 -1.2812400 0.5027880
v -1.0658710 -1.2987670 0.4208540
v -1.0776880 -1.3131660 0.3379060
v -1.0869080 -1.3244010 0.2541450
v -1.0935100 -1.3324460 0.1697710
v -1.0974780 -1.3372800 0.0849880
v -0.0600950 -0.0600950 1.7299640
v -0.1200460 -0.1200460 1.7237099
v -0.1797070 -0.1797070 1.7133040
v -0.2389360 -0.2389360 1.6987700
v -0.2975890 -0.2975890 1.6801430
v -0.3555250 -0.3555250 1.6574690
v -0.4126040 -0.4126040 1.6308020
v -0.4686890 -0.4686890 1.6002060
v -0.5236460 -0.5236460 1.5657550
v -0.5773400 -0.5773400 1.5275320
v -0.6296440 -0.6296450 1.4856290
v -0.6804320 -0.6804320 1.4401480
v -0.7295800 -0.7295800 1.3911960
v -0.7769700 -0.7769700 1.3388931
v -0.8224880 -0.8224880 1.2833650
v -0.8660250 -0.8660250 1.2247450
v -0.9074760 -0.9074760 1.1631740
v -0.9467400 -0.9467400 1.0988010
v -0.9837240 -0.9837230 1.0317810
v -1.0183370 -1.0183380 0.9622760
v -1.0504980 -1.0504980 0.8904520
v -1.0801280 -1.0801280 0.8164830
v -1.1071560 -1.1071560 0.7405470
v -1.1315160 -1.1315160 0.6628270
v -1.1531510 -1.1531510 0.5835100
v -1.1720070 -1.1720070 0.5027880
v -1.1880400 -1.1880400 0.4208540
v -1.2012110 -1.2012110 0.3379060
v -1.2114890 -1.2114880 0.2541450
v -1.2188470 -1.2188470 0.1697710
v -1.2232690 -1.2232690 0.0849880
v -0.0656960 -0.0539160 1.7299640
v -0.1312340 -0.1077010 1.7237099
v -0.1964560 -0.1612280 1.7133040
v -0.2612050 -0.2143650 1.6987700
v -0.3253240 -0.2669870 1.6801430
v -0.3886600 -0.3189650 1.6574690
v -0.4510590 -0.3701750 1.6308020
v -0.5123720 -0.4204930 1.6002060
v -0.5724510 -0.4697980 1.5657550
v -0.6311500 -0.5179710 1.5275320
v -0.6883290 -0.5648970 1.4856290
v -0.7438490 -0.6104610 1.4401480
v -0.7975780 -0.6545550 1.3911960
v -0.8493850 -0.6970720 1.3388931
v -0.8991460 -0.7379090 1.2833650
v -0.9467400 -0.7769700 1.2247450
v -0.9920550 -0.8141580 1.1631740
v -1.0349780 -0.8493840 1.0988010
v -1.0754080 -0.8825650 1.0317810
v -1.1132480 -0.9136200 0.9622760
v -1.1484060 -0.9424730 0.8904520
v -1.1807981 -0.9690560 0.8164830
v -1.2103450 -0.9933050 0.7405470
v -1.2369750 -1.0151590 0.6628270
v -1.2606270 -1.0345700 0.5835100
v -1.2812411 -1.0514870 0.5027880
v -1.2987680 -1.0658710 0.4208540
v -1.3131660 -1.0776880 0.3379060
v -1.3244020 -1.0869080 0.2541450
v -1.3324460 -1.0935100 0.1697710
v -1.3372800 -1.0974770 0.0849880
v -0.0706650 -0.0472170 1.7299640
v -0.1411590 -0.0943190 1.7237099
v -0.2113130 -0.1411950 1.7133040
v -0.2809590 -0.1877310 1.6987700
v -0.3499270 -0.2338140 1.6801430
v -0.4180530 -0.2793340 1.6574690
v -0.4851710 -0.3241810 1.6308020
v -0.5511210 -0.3682470 1.6002060
v -0.6157420 -0.4114260 1.5657550
v -0.6788800 -0.4536130 1.5275320
v -0.7403840 -0.4947090 1.4856290
v -0.8001030 -0.5346120 1.4401480
v -0.8578950 -0.5732270 1.3911960
v -0.9136200 -0.6104610 1.3388931
v -0.9671440 -0.6462250 1.2833650
v -1.0183380 -0.6804320 1.2247450
v -1.0670789 -0.7129990 1.1631740
v -1.1132489 -0.7438490 1.0988010
v -1.1567360 -0.7729060 1.0317810
v -1.1974380 -0.8001030 0.9622760
v -1.2352550 -0.8253710 0.8904520
v -1.2700959 -0.8486510 0.8164830
v -1.3018780 -0.8698870 0.7405470
v -1.3305219 -0.8890260 0.6628270
v -1.3559620 -0.9060250 0.5835100
v -1.3781350 -0.9208400 0.5027880
v -1.3969870 -0.9334370 0.4208540
v -1.4124750 -0.9437850 0.3379060
v -1.4245600 -0.9518600 0.2541450
v -1.4332130 -0.9576420 0.1697710
v -1.4384130 -0.9611160 0.0849880
v -0.0749520 -0.0400630 1.7299640
v -0.1497240 -0.0800290 1.7237099
v -0.2241350 -0.1198030 1.7133040
v -0.2980070 -0.1592880 1.6987700
v -0.3711600 -0.1983890 1.6801430
v -0.4434190 -0.2370130 1.6574690
v -0.5146100 -0.2750650 1.6308020
v -0.5845610 -0.3124540 1.6002060
v -0.6531040 -0.3490910 1.5657550
v -0.7200730 -0.3848870 1.5275320
v -0.7853080 -0.4197560 1.4856290
v -0.8486510 -0.4536140 1.4401480
v -0.9099500 -0.4863780 1.3911960
v -0.9690560 -0.5179710 1.3388931
v -1.0258280 -0.5483160 1.2833650
v -1.0801280 -0.5773410 1.2247450
v -1.1318270 -0.6049740 1.1631740
v -1.1807981 -0.6311490 1.0988010
v -1.2269250 -0.6558050 1.0317810
v -1.2700959 -0.6788810 0.9622760
v -1.3102070 -0.7003210 0.8904520
v -1.3471620 -0.7200740 0.8164830
v -1.3808730 -0.7380920 0.7405470
v -1.4112550 -0.7543310 0.6628270
v -1.4382390 -0.7687540 0.5835100
v -1.4617569 -0.7813250 0.5027880
v -1.4817530 -0.7920130 0.4208540
v -1.4981800 -0.8007940 0.3379060
v -1.5109990 -0.8076460 0.2541450
v -1.5201770 -0.8125510 0.1697710
v -1.5256920 -0.8154990 0.0849880
v -0.0785180 -0.0325230 1.7299640
v -0.1568480 -0.0649680 1.7237099
v -0.2347990 -0.0972570 1.7133040
v -0.3121840 -0.1293110 1.6987700
v -0.3888180 -0.1610540 1.6801430
v -0.4645150 -0.1924090 1.6574690
v -0.5390930 -0.2233000 1.6308020
v -0.6123720 -0.2536530 1.6002060
v -0.6841760 -0.2833950 1.5657550
v -0.7543310 -0.3124540 1.5275320
v -0.8226700 -0.3407610 1.4856290
v -0.8890270 -0.3682470 1.4401480
v -0.9532420 -0.3948450 1.3911960
v -1.0151600 -0.4204930 1.3388931
v -1.0746330 -0.4451270 1.2833650
v -1.1315171 -0.4686890 1.2247450
v -1.1856750 -0.4911230 1.1631740
v -1.2369760 -0.5123720 1.0988010
v -1.2852970 -0.5323870 1.0317810
v -1.3305219 -0.5511200 0.9622760
v -1.3725420 -0.5685250 0.8904520
v -1.4112550 -0.5845610 0.8164830
v -1.4465690 -0.5991890 0.7405470
v -1.4783970 -0.6123720 0.6628270
v -1.5066640 -0.6240810 0.5835100
v -1.5313010 -0.6342860 0.5027880
v -1.5522490 -0.6429620 0.4208540
v -1.5694580 -0.6500910 0.3379060
v -1.5828860 -0.6556530 0.2541450
v -1.5925010 -0.6596350 0.1697710
v -1.5982780 -0.6620280 0.0849880
v -0.0813280 -0.0246710 1.7299640
v -0.1624600 -0.0492820 1.7237099
v -0.2432010 -0.0737740 1.7133040
v -0.3233560 -0.0980890 1.6987700
v -0.4027320 -0.1221670 1.6801430
v -0.4811380 -0.1459520 1.6574690
v -0.5583840 -0.1693840 1.6308020
v -0.6342860 -0.1924080 1.6002060
v -0.7086590 -0.2149690 1.5657550
v -0.7813250 -0.2370120 1.5275320
v -0.8521090 -0.2584850 1.4856290
v -0.9208400 -0.2793340 1.4401480
v -0.9873530 -0.2995100 1.3911960
v -1.0514870 -0.3189650 1.3388931
v -1.1130880 -0.3376510 1.2833650
v -1.1720080 -0.3555250 1.2247450
v -1.2281040 -0.3725410 1.1631740
v -1.2812400 -0.3886600 1.0988010
v -1.3312900 -0.4038420 1.0317810
v -1.3781340 -0.4180530 0.9622760
v -1.4216580 -0.4312550 0.8904520
v -1.4617560 -0.4434190 0.8164830
v -1.4983341 -0.4545150 0.7405470
v -1.5313010 -0.4645150 0.6628270
v -1.5605800 -0.4733970 0.5835100
v -1.5860990 -0.4811380 0.5027880
v -1.6077960 -0.4877190 0.4208540
v -1.6256200 -0.4931270 0.3379060
v -1.6395290 -0.4973460 0.2541450
v -1.6494880 -0.5003670 0.1697710
v -1.6554720 -0.5021820 0.0849880
v -0.0833550 -0.0165800 1.7299640
v -0.1665080 -0.0331210 1.7237099
v -0.2492610 -0.0495810 1.7133040
v -0.3314130 -0.0659220 1.6987700
v -0.4127670 -0.0821040 1.6801430
v -0.4931270 -0.0980890 1.6574690
v -0.5722980 -0.1138370 1.6308020
v -0.6500910 -0.1293110 1.6002060
v -0.7263180 -0.1444740 1.5657550
v -0.8007940 -0.1592880 1.5275320
v -0.8733420 -0.1737190 1.4856290
v -0.9437860 -0.1877310 1.4401480
v -1.0119560 -0.2012900 1.3911960
v -1.0776880 -0.2143650 1.3388931
v -1.1408240 -0.2269240 1.2833650
v -1.2012120 -0.2389360 1.2247450
v -1.2587060 -0.2503720 1.1631740
v -1.3131660 -0.2612050 1.0988010
v -1.3644630 -0.2714080 1.0317810
v -1.4124740 -0.2809590 0.9622760
v -1.4570830 -0.2898320 0.8904520
v -1.4981800 -0.2980070 0.8164830
v -1.5356690 -0.3054640 0.7405470
v -1.5694571 -0.3121840 0.6628270
v -1.5994660 -0.3181540 0.5835100
v -1.6256210 -0.3233560 0.5027880
v -1.6478590 -0.3277790 0.4208540
v -1.6661270 -0.3314130 0.3379060
v -1.6803830 -0.3342490 0.2541450
v -1.6905890 -0.3362790 0.1697710
v -1.6967230 -0.3374990 0.0849880
v -0.0845780 -0.0083300 1.7299640
v -0.1689530 -0.0166400 1.7237099
v -0.2529210 -0.0249110 1.7133040
v -0.3362790 -0.0331210 1.6987700
v -0.4188270 -0.0412510 1.6801430
v -0.5003670 -0.0492820 1.6574690
v -0.5807000 -0.0571940 1.6308020
v -0.6596350 -0.0649680 1.6002060
v -0.7369810 -0.0725860 1.5657550
v -0.8125510 -0.0800290 1.5275320
v -0.8861640 -0.0872800 1.4856290
v -0.9576420 -0.0943190 1.4401480
v -1.0268130 -0.1011320 1.3911960
v -1.0935100 -0.1077010 1.3388931
v -1.1575730 -0.1140110 1.2833650
v -1.2188470 -0.1200460 1.2247450
v -1.2771850 -0.1257920 1.1631740
v -1.3324460 -0.1312340 1.0988010
v -1.3844960 -0.1363610 1.0317810
v -1.4332120 -0.1411590 0.9622760
v -1.4784750 -0.1456170 0.8904520
v -1.5201761 -0.1497240 0.8164830
v -1.5582150 -0.1534710 0.7405470
v -1.5924990 -0.1568470 0.6628270
v -1.6229490 -0.1598460 0.5835100
v -1.6494870 -0.1624600 0.5027880
v -1.6720520 -0.1646830 0.4208540
v -1.6905880 -0.1665080 0.3379060
v -1.7050540 -0.1679330 0.2541450
v -1.7154100 -0.1689530 0.1697710
v -1.7216340 -0.1695660 0.0849880
v 0.0000000 0.0000000 1.7320510
v 0.0000000 -1.7320499 0.0000000
v -0.1697700 -1.7237090 0.0000000
v -0.3379060 -1.6987690 0.0000000
v -0.5027870 -1.6574680 0.0000000
v -0.6628270 -1.6002049 0.0000000
v -0.8164820 -1.5275310 0.0000000
v -0.9622750 -1.4401470 0.0000000
v -1.0988010 -1.3388920 0.0000000
v -1.2247440 -1.2247440 0.0000000
v -1.3388920 -1.0988010 0.0000000
v -1.4401470 -0.9622750 0.0000000
v -1.5275310 -0.8164830 0.0000000
v -1.6002049 -0.6628270 0.0000000
v -1.6574680 -0.5027870 0.0000000
v -1.6987690 -0.3379060 0.0000000
v -1.7237090 -0.1697710 0.0000000
v -0.0849880 -0.0000000 1.7299640
v -0.1697710 -0.0000000 1.7237099
v -0.2541450 -0.0000000 1.7133040
v -0.3379060 -0.0000000 1.6987700
v -0.4208540 -0.0000000 1.6801430
v -0.5027880 -0.0000000 1.6574690
v -0.5835100 -0.0000000 1.6308020
v -0.6628270 -0.0000000 1.6002060
v -0.7405470 -0.0000000 1.5657550
v -0.8164820 -0.0000000 1.5275320
v -0.8904520 -0.0000000 1.4856290
v -0.9622760 -0.0000000 1.4401480
v -1.0317810 -0.0000000 1.3911960
v -1.0988010 -0.0000000 1.3388931
v -1.1631740 -0.0000000 1.2833650
v -1.2247450 -0.0000000 1.2247450
v -1.2833650 -0.0000000 1.1631740
v -1.3388931 -0.0000000 1.0988010
v -1.3911951 -0.0000000 1.0317810
v -1.4401460 -0.0000000 0.9622760
v -1.4856280 -0.0000000 0.8904520
v -1.5275310 -0.0000000 0.8164830
v -1.5657550 -0.0000000 0.7405470
v -1.6002049 -0.0000000 0.6628270
v -1.6308020 -0.0000000 0.5835100
v -1.6574680 -0.0000000 0.5027880
v -1.6801420 -0.0000000 0.4208540
v -1.6987680 -0.0000000 0.3379060
v -1.7133040 -0.0000000 0.2541450
v -1.7237099 -0.0000000 0.1697710
v -1.7299640 -0.0000000 0.0849880
v -1.7320490 -0.0000000 0.0000000
v 0.0000000 0.0000000 1.7320510
# 2184 vertices, 0 vertices normals

f 14 13 44
f 14 44 45
f 15 14 45
f 15 45 46
f 16 15 46
f 16 46 47
f 17 16 47
f 17 47 48
f 18 17 48
f 18 48 49
f 19 18 49
f 19 49 50
f 20 19 50
f 20 50 51
f 21 20 51
f 21 51 52
f 22 21 52
f 22 52 53
f 23 22 53
f 23 53 54
f 24 23 54
f 24 54 55
f 25 24 55
f 25 55 56
f 26 25 56
f 26 56 57
f 27 26 57
f 27 57 58
f 1 546 32
f 28 27 58
f 28 58 59
f 2 1 32
f 2 32 33
f 29 28 59
f 29 59 60
f 3 2 33
f 3 33 34
f 30 29 60
f 30 60 61
f 4 3 34
f 4 34 35
f 31 30 61
f 31 61 62
f 5 4 35
f 5 35 36
f 498 31 62
f 498 62 499
f 6 5 36
f 6 36 37
f 7 6 37
f 7 37 38
f 8 7 38
f 8 38 39
f 9 8 39
f 9 39 40
f 10 9 40
f 10 40 41
f 11 10 41
f 11 41 42
f 12 11 42
f 12 42 43
f 13 12 43
f 13 43 44
f 47 46 77
f 47 77 78
f 48 47 78
f 48 78 79
f 49 48 79
f 49 79 80
f 50 49 80
f 50 80 81
f 51 50 81
f 51 81 82
f 52 51 82
f 52 82 83
f 53 52 83
f 53 83 84
f 54 53 84
f 54 84 85
f 55 54 85
f 55 85 86
f 56 55 86
f 56 86 87
f 57 56 87
f 57 87 88
f 58 57 88
f 58 88 89
f 32 546 63
f 59 58 89
f 59 89 90
f 33 32 63
f 33 63 64
f 60 59 90
f 60 90 91
f 34 33 64
f 34 64 65
f 61 60 91
f 61 91 92
f 35 34 65
f 35 65 66
f 62 61 92
f 62 92 93
f 36 35 66
f 36 66 67
f 499 62 93
f 499 93 500
f 37 36 67
f 37 67 68
f 38 37 68
f 38 68 69
f 39 38 69
f 39 69 70
f 40 39 70
f 40 70 71
f 41 40 71
f 41 71 72
f 42 41 72
f 42 72 73
f 43 42 73
f 43 73 74
f 44 43 74
f 44 74 75
f 45 44 75
f 45 75 76
f 46 45 76
f 46 76 77
f 80 79 110
f 80 110 111
f 81 80 111
f 81 111 112
f 82 81 112
f 82 112 113
f 83 82 113
f 83 113 114
f 84 83 114
f 84 114 115
f 85 84 115
f 85 115 116
f 86 85 116
f 86 116 117
f 87 86 117
f 87 117 118
f 88 87 118
f 88 118 119
f 89 88 119
f 89 119 120
f 63 546 94
f 90 89 120
f 90 120 121
f 64 63 94
f 64 94 95
f 91 90 121
f 91 121 122
f 65 64 95
f 65 95 96
f 92 91 122
f 92 122 123
f 66 65 96
f 66 96 97
f 93 92 123
f 93 123 124
f 67 66 97
f 67 97 98
f 500 93 124
f 500 124 501
f 68 67 98
f 68 98 99
f 69 68 99
f 69 99 100
f 70 69 100
f 70 100 101
f 71 70 101
f 71 101 102
f 72 71 102
f 72 102 103
f 73 72 103
f 73 103 104
f 74 73 104
f 74 104 105
f 75 74 105
f 75 105 106
f 76 75 106
f 76 106 107
f 77 76 107
f 77 107 108
f 78 77 108
f 78 108 109
f 79 78 109
f 79 109 110
f 113 112 143
f 113 143 144
f 114 113 144
f 114 144 145
f 115 114 145
f 115 145 146
f 116 115 146
f 116 146 147
f 117 116 147
f 117 147 148
f 118 117 148
f 118 148 149
f 119 118 149
f 119 149 150
f 120 119 150
f 120 150 151
f 94 546 125
f 121 120 151
f 121 151 152
f 95 94 125
f 95 125 126
f 122 121 152
f 122 152 153
f 96 95 126
f 96 126 127
f 123 122 153
f 123 153 154
f 97 96 127
f 97 127 128
f 124 123 154
f 124 154 155
f 98 97 128
f 98 128 129
f 501 124 155
f 501 155 502
f 99 98 129
f 99 129 130
f 100 99 130
f 100 130 131
f 101 100 131
f 101 131 132
f 102 101 132
f 102 132 133
f 103 102 133
f 103 133 134
f 104 103 134
f 104 134 135
f 105 104 135
f 105 135 136
f 106 105 136
f 106 136 137
f 107 106 137
f 107 137 138
f 108 107 138
f 108 138 139
f 109 108 139
f 109 139 140
f 110 109 140
f 110 140 141
f 111 110 141
f 111 141 142
f 112 111 142
f 112 142 143
f 146 145 176
f 146 176 177
f 147 146 177
f 147 177 178
f 148 147 178
f 148 178 179
f 149 148 179
f 149 179 180
f 150 149 180
f 150 180 181
f 151 150 181
f 151 181 182
f 125 546 156
f 152 151 182
f 152 182 183
f 126 125 156
f 126 156 157
f 153 152 183
f 153 183 184
f 127 126 157
f 127 157 158
f 154 153 184
f 154 184 185
f 128 127 158
f 128 158 159
f 155 154 185
f 155 185 186
f 129 128 159
f 129 159 160
f 502 155 186
f 502 186 503
f 130 129 160
f 130 160 161
f 131 130 161
f 131 161 162
f 132 131 162
f 132 162 163
f 133 132 163
f 133 163 164
f 134 133 164
f 134 164 165
f 135 134 165
f 135 165 166
f 136 135 166
f 136 166 167
f 137 136 167
f 137 167 168
f 138 137 168
f 138 168 169
f 139 138 169
f 139 169 170
f 140 139 170
f 140 170 171
f 141 140 171
f 141 171 172
f 142 141 172
f 142 172 173
f 143 142 173
f 143 173 174
f 144 143 174
f 144 174 175
f 145 144 175
f 145 175 176
f 179 178 209
f 179 209 210
f 180 179 210
f 180 210 211
f 181 180 211
f 181 211 212
f 182 181 212
f 182 212 213
f 156 546 187
f 183 182 213
f 183 213 214
f 157 156 187
f 157 187 188
f 184 183 214
f 184 214 215
f 158 157 188
f 158 188 189
f 185 184 215
f 185 215 216
f 159 158 189
f 159 189 190
f 186 185 216
f 186 216 217
f 160 159 190
f 160 190 191
f 503 186 217
f 503 217 504
f 161 160 191
f 161 191 192
f 162 161 192
f 162 192 193
f 163 162 193
f 163 193 194
f 164 163 194
f 164 194 195
f 165 164 195
f 165 195 196
f 166 165 196
f 166 196 197
f 167 166 197
f 167 197 198
f 168 167 198
f 168 198 199
f 169 168 199
f 169 199 200
f 170 169 200
f 170 200 201
f 171 170 201
f 171 201 202
f 172 171 202
f 172 202 203
f 173 172 203
f 173 203 204
f 174 173 204
f 174 204 205
f 175 174 205
f 175 205 206
f 176 175 206
f 176 206 207
f 177 176 207
f 177 207 208
f 178 177 208
f 178 208 209
f 212 211 242
f 212 242 243
f 213 212 243
f 213 243 244
f 187 546 218
f 214 213 244
f 214 244 245
f 188 187 218
f 188 218 219
f 215 214 245
f 215 245 246
f 189 188 219
f 189 219 220
f 216 215 246
f 216 246 247
f 190 189 220
f 190 220 221
f 217 216 247
f 217 247 248
f 191 190 221
f 191 221 222
f 504 217 248
f 504 248 505
f 192 191 222
f 192 222 223
f 193 192 223
f 193 223 224
f 194 193 224
f 194 224 225
f 195 194 225
f 195 225 226
f 196 195 226
f 196 226 227
f 197 196 227
f 197 227 228
f 198 197 228
f 198 228 229
f 199 198 229
f 199 229 230
f 200 199 230
f 200 230 231
f 201 200 231
f 201 231 232
f 202 201 232
f 202 232 233
f 203 202 233
f 203 233 234
f 204 203 234
f 204 234 235
f 205 204 235
f 205 235 236
f 206 205 236
f 206 236 237
f 207 206 237
f 207 237 238
f 208 207 238
f 208 238 239
f 209 208 239
f 209 239 240
f 210 209 240
f 210 240 241
f 211 210 241
f 211 241 242
f 228 227 258
f 228 258 259
f 229 228 259
f 229 259 260
f 230 229 260
f 230 260 261
f 231 230 261
f 231 261 262
f 232 231 262
f 232 262 263
f 233 232 263
f 233 263 264
f 234 233 264
f 234 264 265
f 235 234 265
f 235 265 266
f 236 235 266
f 236 266 267
f 237 236 267
f 237 267 268
f 238 237 268
f 238 268 269
f 239 238 269
f 239 269 270
f 240 239 270
f 240 270 271
f 241 240 271
f 241 271 272
f 242 241 272
f 242 272 273
f 243 242 273
f 243 273 274
f 244 243 274
f 244 274 275
f 218 546 249
f 245 244 275
f 245 275 276
f 219 218 249
f 219 249 250
f 246 245 276
f 246 276 277
f 220 219 250
f 220 250 251
f 247 246 277
f 247 277 278
f 221 220 251
f 221 251 252
f 248 247 278
f 248 278 279
f 222 221 252
f 222 252 253
f 505 248 279
f 505 279 506
f 223 222 253
f 223 253 254
f 224 223 254
f 224 254 255
f 225 224 255
f 225 255 256
f 226 225 256
f 226 256 257
f 227 226 257
f 227 257 258
f 261 260 291
f 261 291 292
f 262 261 292
f 262 292 293
f 263 262 293
f 263 293 294
f 264 263 294
f 264 294 295
f 265 264 295
f 265 295 296
f 266 265 296
f 266 296 297
f 267 266 297
f 267 297 298
f 268 267 298
f 268 298 299
f 269 268 299
f 269 299 300
f 270 269 300
f 270 300 301
f 271 270 301
f 271 301 302
f 272 271 302
f 272 302 303
f 273 272 303
f 273 303 304
f 274 273 304
f 274 304 305
f 275 274 305
f 275 305 306
f 249 546 280
f 276 275 306
f 276 306 307
f 250 249 280
f 250 280 281
f 277 276 307
f 277 307 308
f 251 250 281
f 251 281 282
f 278 277 308
f 278 308 309
f 252 251 282
f 252 282 283
f 279 278 309
f 279 309 310
f 253 252 283
f 253 283 284
f 506 279 310
f 506 310 507
f 254 253 284
f 254 284 285
f 255 254 285
f 255 285 286
f 256 255 286
f 256 286 287
f 257 256 287
f 257 287 288
f 258 257 288
f 258 288 289
f 259 258 289
f 259 289 290
f 260 259 290
f 260 290 291
f 294 293 324
f 294 324 325
f 295 294 325
f 295 325 326
f 296 295 326
f 296 326 327
f 297 296 327
f 297 327 328
f 298 297 328
f 298 328 329
f 299 298 329
f 299 329 330
f 300 299 330
f 300 330 331
f 301 300 331
f 301 331 332
f 302 301 332
f 302 332 333
f 303 302 333
f 303 333 334
f 304 303 334
f 304 334 335
f 305 304 335
f 305 335 336
f 306 305 336
f 306 336 337
f 280 546 311
f 307 306 337
f 307 337 338
f 281 280 311
f 281 311 312
f 308 307 338
f 308 338 339
f 282 281 312
f 282 312 313
f 309 308 339
f 309 339 340
f 283 282 313
f 283 313 314
f 310 309 340
f 310 340 341
f 284 283 314
f 284 314 315
f 507 310 341
f 507 341 508
f 285 284 315
f 285 315 316
f 286 285 316
f 286 316 317
f 287 286 317
f 287 317 318
f 288 287 318
f 288 318 319
f 289 288 319
f 289 319 320
f 290 289 320
f 290 320 321
f 291 290 321
f 291 321 322
f 292 291 322
f 292 322 323
f 293 292 323
f 293 323 324
f 327 326 357
f 327 357 358
f 328 327 358
f 328 358 359
f 329 328 359
f 329 359 360
f 330 329 360
f 330 360 361
f 331 330 361
f 331 361 362
f 332 331 362
f 332 362 363
f 333 332 363
f 333 363 364
f 334 333 364
f 334 364 365
f 335 334 365
f 335 365 366
f 336 335 366
f 336 366 367
f 337 336 367
f 337 367 368
f 311 546 342
f 338 337 368
f 338 368 369
f 312 311 342
f 312 342 343
f 339 338 369
f 339 369 370
f 313 312 343
f 313 343 344
f 340 339 370
f 340 370 371
f 314 313 344
f 314 344 345
f 341 340 371
f 341 371 372
f 315 314 345
f 315 345 346
f 508 341 372
f 508 372 509
f 316 315 346
f 316 346 347
f 317 316 347
f 317 347 348
f 318 317 348
f 318 348 349
f 319 318 349
f 319 349 350
f 320 319 350
f 320 350 351
f 321 320 351
f 321 351 352
f 322 321 352
f 322 352 353
f 323 322 353
f 323 353 354
f 324 323 354
f 324 354 355
f 325 324 355
f 325 355 356
f 326 325 356
f 326 356 357
f 360 359 390
f 360 390 391
f 361 360 391
f 361 391 392
f 362 361 392
f 362 392 393
f 363 362 393
f 363 393 394
f 364 363 394
f 364 394 395
f 365 364 395
f 365 395 396
f 366 365 396
f 366 396 397
f 367 366 397
f 367 397 398
f 368 367 398
f 368 398 399
f 342 546 373
f 369 368 399
f 369 399 400
f 343 342 373
f 343 373 374
f 370 369 400
f 370 400 401
f 344 343 374
f 344 374 375
f 371 370 401
f 371 401 402
f 345 344 375
f 345 375 376
f 372 371 402
f 372 402 403
f 346 345 376
f 346 376 377
f 509 372 403
f 509 403 510
f 347 346 377
f 347 377 378
f 348 347 378
f 348 378 379
f 349 348 379
f 349 379 380
f 350 349 380
f 350 380 381
f 351 350 381
f 351 381 382
f 352 351 382
f 352 382 383
f 353 352 383
f 353 383 384
f 354 353 384
f 354 384 385
f 355 354 385
f 355 385 386
f 356 355 386
f 356 386 387
f 357 356 387
f 357 387 388
f 358 357 388
f 358 388 389
f 359 358 389
f 359 389 390
f 393 392 423
f 393 423 424
f 394 393 424
f 394 424 425
f 395 394 425
f 395 425 426
f 396 395 426
f 396 426 427
f 397 396 427
f 397 427 428
f 398 397 428
f 398 428 429
f 399 398 429
f 399 429 430
f 373 546 404
f 400 399 430
f 400 430 431
f 374 373 404
f 374 404 405
f 401 400 431
f 401 431 432
f 375 374 405
f 375 405 406
f 402 401 432
f 402 432 433
f 376 375 406
f 376 406 407
f 403 402 433
f 403 433 434
f 377 376 407
f 377 407 408
f 510 403 434
f 510 434 511
f 378 377 408
f 378 408 409
f 379 378 409
f 379 409 410
f 380 379 410
f 380 410 411
f 381 380 411
f 381 411 412
f 382 381 412
f 382 412 413
f 383 382 413
f 383 413 414
f 384 383 414
f 384 414 415
f 385 384 415
f 385 415 416
f 386 385 416
f 386 416 417
f 387 386 417
f 387 417 418
f 388 387 418
f 388 418 419
f 389 388 419
f 389 419 420
f 390 389 420
f 390 420 421
f 391 390 421
f 391 421 422
f 392 391 422
f 392 422 423
f 426 425 456
f 426 456 457
f 427 426 457
f 427 457 458
f 428 427 458
f 428 458 459
f 429 428 459
f 429 459 460
f 430 429 460
f 430 460 461
f 404 546 435
f 431 430 461
f 431 461 462
f 405 404 435
f 405 435 436
f 432 431 462
f 432 462 463
f 406 405 436
f 406 436 437
f 433 432 463
f 433 463 464
f 407 406 437
f 407 437 438
f 434 433 464
f 434 464 465
f 408 407 438
f 408 438 439
f 511 434 465
f 511 465 512
f 409 408 439
f 409 439 440
f 410 409 440
f 410 440 441
f 411 410 441
f 411 441 442
f 412 411 442
f 412 442 443
f 413 412 443
f 413 443 444
f 414 413 444
f 414 444 445
f 415 414 445
f 415 445 446
f 416 415 446
f 416 446 447
f 417 416 447
f 417 447 448
f 418 417 448
f 418 448 449
f 419 418 449
f 419 449 450
f 420 419 450
f 420 450 451
f 421 420 451
f 421 451 452
f 422 421 452
f 422 452 453
f 423 422 453
f 423 453 454
f 424 423 454
f 424 454 455
f 425 424 455
f 425 455 456
f 459 458 489
f 459 489 490
f 460 459 490
f 460 490 491
f 461 460 491
f 461 491 492
f 435 497 466
f 462 461 492
f 462 492 493
f 436 435 466
f 436 466 467
f 463 462 493
f 463 493 494
f 437 436 467
f 437 467 468
f 464 463 494
f 464 494 495
f 438 437 468
f 438 468 469
f 465 464 495
f 465 495 496
f 439 438 469
f 439 469 470
f 512 465 496
f 512 496 513
f 440 439 470
f 440 470 471
f 441 440 471
f 441 471 472
f 442 441 472
f 442 472 473
f 443 442 473
f 443 473 474
f 444 443 474
f 444 474 475
f 445 444 475
f 445 475 476
f 446 445 476
f 446 476 477
f 447 446 477
f 447 477 478
f 448 447 478
f 448 478 479
f 449 448 479
f 449 479 480
f 450 449 480
f 450 480 481
f 451 450 481
f 451 481 482
f 452 451 482
f 452 482 483
f 453 452 483
f 453 483 484
f 454 453 484
f 454 484 485
f 455 454 485
f 455 485 486
f 456 455 486
f 456 486 487
f 457 456 487
f 457 487 488
f 458 457 488
f 458 488 489
f 492 491 539
f 492 539 540
f 466 497 514
f 493 492 540
f 493 540 541
f 467 466 514
f 467 514 515
f 494 493 541
f 494 541 542
f 468 467 515
f 468 515 516
f 495 494 542
f 495 542 543
f 469 468 516
f 469 516 517
f 496 495 543
f 496 543 544
f 470 469 517
f 470 517 518
f 513 496 544
f 513 544 545
f 471 470 518
f 471 518 519
f 472 471 519
f 472 519 520
f 473 472 520
f 473 520 521
f 474 473 521
f 474 521 522
f 475 474 522
f 475 522 523
f 476 475 523
f 476 523 524
f 477 476 524
f 477 524 525
f 478 477 525
f 478 525 526
f 479 478 526
f 479 526 527
f 480 479 527
f 480 527 528
f 481 480 528
f 481 528 529
f 482 481 529
f 482 529 530
f 483 482 530
f 483 530 531
f 484 483 531
f 484 531 532
f 485 484 532
f 485 532 533
f 486 485 533
f 486 533 534
f 487 486 534
f 487 534 535
f 488 487 535
f 488 535 536
f 489 488 536
f 489 536 537
f 490 489 537
f 490 537 538
f 491 490 538
f 491 538 539
f 560 559 590
f 560 590 591
f 561 560 591
f 561 591 592
f 562 561 592
f 562 592 593
f 563 562 593
f 563 593 594
f 564 563 594
f 564 594 595
f 565 564 595
f 565 595 596
f 566 565 596
f 566 596 597
f 567 566 597
f 567 597 598
f 568 567 598
f 568 598 599
f 569 568 599
f 569 599 600
f 570 569 600
f 570 600 601
f 571 570 601
f 571 601 602
f 572 571 602
f 572 602 603
f 573 572 603
f 573 603 604
f 547 1092 578
f 574 573 604
f 574 604 605
f 548 547 578
f 548 578 579
f 575 574 605
f 575 605 606
f 549 548 579
f 549 579 580
f 576 575 606
f 576 606 607
f 550 549 580
f 550 580 581
f 577 576 607
f 577 607 608
f 551 550 581
f 551 581 582
f 1044 577 608
f 1044 608 1045
f 552 551 582
f 552 582 583
f 553 552 583
f 553 583 584
f 554 553 584
f 554 584 585
f 555 554 585
f 555 585 586
f 556 555 586
f 556 586 587
f 557 556 587
f 557 587 588
f 558 557 588
f 558 588 589
f 559 558 589
f 559 589 590
f 593 592 623
f 593 623 624
f 594 593 624
f 594 624 625
f 595 594 625
f 595 625 626
f 596 595 626
f 596 626 627
f 597 596 627
f 597 627 628
f 598 597 628
f 598 628 629
f 599 598 629
f 599 629 630
f 600 599 630
f 600 630 631
f 601 600 631
f 601 631 632
f 602 601 632
f 602 632 633
f 603 602 633
f 603 633 634
f 604 603 634
f 604 634 635
f 578 1092 609
f 605 604 635
f 605 635 636
f 579 578 609
f 579 609 610
f 606 605 636
f 606 636 637
f 580 579 610
f 580 610 611
f 607 606 637
f 607 637 638
f 581 580 611
f 581 611 612
f 608 607 638
f 608 638 639
f 582 581 612
f 582 612 613
f 1045 608 639
f 1045 639 1046
f 583 582 613
f 583 613 614
f 584 583 614
f 584 614 615
f 585 584 615
f 585 615 616
f 586 585 616
f 586 616 617
f 587 586 617
f 587 617 618
f 588 587 618
f 588 618 619
f 589 588 619
f 589 619 620
f 590 589 620
f 590 620 621
f 591 590 621
f 591 621 622
f 592 591 622
f 592 622 623
f 626 625 656
f 626 656 657
f 627 626 657
f 627 657 658
f 628 627 658
f 628 658 659
f 629 628 659
f 629 659 660
f 630 629 660
f 630 660 661
f 631 630 661
f 631 661 662
f 632 631 662
f 632 662 663
f 633 632 663
f 633 663 664
f 634 633 664
f 634 664 665
f 635 634 665
f 635 665 666
f 609 1092 640
f 636 635 666
f 636 666 667
f 610 609 640
f 610 640 641
f 637 636 667
f 637 667 668
f 611 610 641
f 611 641 642
f 638 637 668
f 638 668 669
f 612 611 642
f 612 642 643
f 639 638 669
f 639 669 670
f 613 612 643
f 613 643 644
f 1046 639 670
f 1046 670 1047
f 614 613 644
f 614 644 645
f 615 614 645
f 615 645 646
f 616 615 646
f 616 646 647
f 617 616 647
f 617 647 648
f 618 617 648
f 618 648 649
f 619 618 649
f 619 649 650
f 620 619 650
f 620 650 651
f 621 620 651
f 621 651 652
f 622 621 652
f 622 652 653
f 623 622 653
f 623 653 654
f 624 623 654
f 624 654 655
f 625 624 655
f 625 655 656
f 659 658 689
f 659 689 690
f 660 659 690
f 660 690 691
f 661 660 691
f 661 691 692
f 662 661 692
f 662 692 693
f 663 662 693
f 663 693 694
f 664 663 694
f 664 694 695
f 665 664 695
f 665 695 696
f 666 665 696
f 666 696 697
f 640 1092 671
f 667 666 697
f 667 697 698
f 641 640 671
f 641 671 672
f 668 667 698
f 668 698 699
f 642 641 672
f 642 672 673
f 669 668 699
f 669 699 700
f 643 642 673
f 643 673 674
f 670 669 700
f 670 700 701
f 644 643 674
f 644 674 675
f 1047 670 701
f 1047 701 1048
f 645 644 675
f 645 675 676
f 646 645 676
f 646 676 677
f 647 646 677
f 647 677 678
f 648 647 678
f 648 678 679
f 649 648 679
f 649 679 680
f 650 649 680
f 650 680 681
f 651 650 681
f 651 681 682
f 652 651 682
f 652 682 683
f 653 652 683
f 653 683 684
f 654 653 684
f 654 684 685
f 655 654 685
f 655 685 686
f 656 655 686
f 656 686 687
f 657 656 687
f 657 687 688
f 658 657 688
f 658 688 689
f 692 691 722
f 692 722 723
f 693 692 723
f 693 723 724
f 694 693 724
f 694 724 725
f 695 694 725
f 695 725 726
f 696 695 726
f 696 726 727
f 697 696 727
f 697 727 728
f 671 1092 702
f 698 697 728
f 698 728 729
f 672 671 702
f 672 702 703
f 699 698 729
f 699 729 730
f 673 672 703
f 673 703 704
f 700 699 730
f 700 730 731
f 674 673 704
f 674 704 705
f 701 700 731
f 701 731 732
f 675 674 705
f 675 705 706
f 1048 701 732
f 1048 732 1049
f 676 675 706
f 676 706 707
f 677 676 707
f 677 707 708
f 678 677 708
f 678 708 709
f 679 678 709
f 679 709 710
f 680 679 710
f 680 710 711
f 681 680 711
f 681 711 712
f 682 681 712
f 682 712 713
f 683 682 713
f 683 713 714
f 684 683 714
f 684 714 715
f 685 684 715
f 685 715 716
f 686 685 716
f 686 716 717
f 687 686 717
f 687 717 718
f 688 687 718
f 688 718 719
f 689 688 719
f 689 719 720
f 690 689 720
f 690 720 721
f 691 690 721
f 691 721 722
f 725 724 755
f 725 755 756
f 726 725 756
f 726 756 757
f 727 726 757
f 727 757 758
f 728 727 758
f 728 758 759
f 702 1092 733
f 729 728 759
f 729 759 760
f 703 702 733
f 703 733 734
f 730 729 760
f 730 760 761
f 704 703 734
f 704 734 735
f 731 730 761
f 731 761 762
f 705 704 735
f 705 735 736
f 732 731 762
f 732 762 763
f 706 705 736
f 706 736 737
f 1049 732 763
f 1049 763 1050
f 707 706 737
f 707 737 738
f 708 707 738
f 708 738 739
f 709 708 739
f 709 739 740
f 710 709 740
f 710 740 741
f 711 710 741
f 711 741 742
f 712 711 742
f 712 742 743
f 713 712 743
f 713 743 744
f 714 713 744
f 714 744 745
f 715 714 745
f 715 745 746
f 716 715 746
f 716 746 747
f 717 716 747
f 717 747 748
f 718 717 748
f 718 748 749
f 719 718 749
f 719 749 750
f 720 719 750
f 720 750 751
f 721 720 751
f 721 751 752
f 722 721 752
f 722 752 753
f 723 722 753
f 723 753 754
f 724 723 754
f 724 754 755
f 758 757 788
f 758 788 789
f 759 758 789
f 759 789 790
f 733 1092 764
f 760 759 790
f 760 790 791
f 734 733 764
f 734 764 765
f 761 760 791
f 761 791 792
f 735 734 765
f 735 765 766
f 762 761 792
f 762 792 793
f 736 735 766
f 736 766 767
f 763 762 793
f 763 793 794
f 737 736 767
f 737 767 768
f 1050 763 794
f 1050 794 1051
f 738 737 768
f 738 768 769
f 739 738 769
f 739 769 770
f 740 739 770
f 740 770 771
f 741 740 771
f 741 771 772
f 742 741 772
f 742 772 773
f 743 742 773
f 743 773 774
f 744 743 774
f 744 774 775
f 745 744 775
f 745 775 776
f 746 745 776
f 746 776 777
f 747 746 777
f 747 777 778
f 748 747 778
f 748 778 779
f 749 748 779
f 749 779 780
f 750 749 780
f 750 780 781
f 751 750 781
f 751 781 782
f 752 751 782
f 752 782 783
f 753 752 783
f 753 783 784
f 754 753 784
f 754 784 785
f 755 754 785
f 755 785 786
f 756 755 786
f 756 786 787
f 757 756 787
f 757 787 788
f 774 773 804
f 774 804 805
f 775 774 805
f 775 805 806
f 776 775 806
f 776 806 807
f 777 776 807
f 777 807 808
f 778 777 808
f 778 808 809
f 779 778 809
f 779 809 810
f 780 779 810
f 780 810 811
f 781 780 811
f 781 811 812
f 782 781 812
f 782 812 813
f 783 782 813
f 783 813 814
f 784 783 814
f 784 814 815
f 785 784 815
f 785 815 816
f 786 785 816
f 786 816 817
f 787 786 817
f 787 817 818
f 788 787 818
f 788 818 819
f 789 788 819
f 789 819 820
f 790 789 820
f 790 820 821
f 764 1092 795
f 791 790 821
f 791 821 822
f 765 764 795
f 765 795 796
f 792 791 822
f 792 822 823
f 766 765 796
f 766 796 797
f 793 792 823
f 793 823 824
f 767 766 797
f 767 797 798
f 794 793 824
f 794 824 825
f 768 767 798
f 768 798 799
f 1051 794 825
f 1051 825 1052
f 769 768 799
f 769 799 800
f 770 769 800
f 770 800 801
f 771 770 801
f 771 801 802
f 772 771 802
f 772 802 803
f 773 772 803
f 773 803 804
f 807 806 837
f 807 837 838
f 808 807 838
f 808 838 839
f 809 808 839
f 809 839 840
f 810 809 840
f 810 840 841
f 811 810 841
f 811 841 842
f 812 811 842
f 812 842 843
f 813 812 843
f 813 843 844
f 814 813 844
f 814 844 845
f 815 814 845
f 815 845 846
f 816 815 846
f 816 846 847
f 817 816 847
f 817 847 848
f 818 817 848
f 818 848 849
f 819 818 849
f 819 849 850
f 820 819 850
f 820 850 851
f 821 820 851
f 821 851 852
f 795 1092 826
f 822 821 852
f 822 852 853
f 796 795 826
f 796 826 827
f 823 822 853
f 823 853 854
f 797 796 827
f 797 827 828
f 824 823 854
f 824 854 855
f 798 797 828
f 798 828 829
f 825 824 855
f 825 855 856
f 799 798 829
f 799 829 830
f 1052 825 856
f 1052 856 1053
f 800 799 830
f 800 830 831
f 801 800 831
f 801 831 832
f 802 801 832
f 802 832 833
f 803 802 833
f 803 833 834
f 804 803 834
f 804 834 835
f 805 804 835
f 805 835 836
f 806 805 836
f 806 836 837
f 840 839 870
f 840 870 871
f 841 840 871
f 841 871 872
f 842 841 872
f 842 872 873
f 843 842 873
f 843 873 874
f 844 843 874
f 844 874 875
f 845 844 875
f 845 875 876
f 846 845 876
f 846 876 877
f 847 846 877
f 847 877 878
f 848 847 878
f 848 878 879
f 849 848 879
f 849 879 880
f 850 849 880
f 850 880 881
f 851 850 881
f 851 881 882
f 852 851 882
f 852 882 883
f 826 1092 857
f 853 852 883
f 853 883 884
f 827 826 857
f 827 857 858
f 854 853 884
f 854 884 885
f 828 827 858
f 828 858 859
f 855 854 885
f 855 885 886
f 829 828 859
f 829 859 860
f 856 855 886
f 856 886 887
f 830 829 860
f 830 860 861
f 1053 856 887
f 1053 887 1054
f 831 830 861
f 831 861 862
f 832 831 862
f 832 862 863
f 833 832 863
f 833 863 864
f 834 833 864
f 834 864 865
f 835 834 865
f 835 865 866
f 836 835 866
f 836 866 867
f 837 836 867
f 837 867 868
f 838 837 868
f 838 868 869
f 839 838 869
f 839 869 870
f 873 872 903
f 873 903 904
f 874 873 904
f 874 904 905
f 875 874 905
f 875 905 906
f 876 875 906
f 876 906 907
f 877 876 907
f 877 907 908
f 878 877 908
f 878 908 909
f 879 878 909
f 879 909 910
f 880 879 910
f 880 910 911
f 881 880 911
f 881 911 912
f 882 881 912
f 882 912 913
f 883 882 913
f 883 913 914
f 857 1092 888
f 884 883 914
f 884 914 915
f 858 857 888
f 858 888 889
f 885 884 915
f 885 915 916
f 859 858 889
f 859 889 890
f 886 885 916
f 886 916 917
f 860 859 890
f 860 890 891
f 887 886 917
f 887 917 918
f 861 860 891
f 861 891 892
f 1054 887 918
f 1054 918 1055
f 862 861 892
f 862 892 893
f 863 862 893
f 863 893 894
f 864 863 894
f 864 894 895
f 865 864 895
f 865 895 896
f 866 865 896
f 866 896 897
f 867 866 897
f 867 897 898
f 868 867 898
f 868 898 899
f 869 868 899
f 869 899 900
f 870 869 900
f 870 900 901
f 871 870 901
f 871 901 902
f 872 871 902
f 872 902 903
f 906 905 936
f 906 936 937
f 907 906 937
f 907 937 938
f 908 907 938
f 908 938 939
f 909 908 939
f 909 939 940
f 910 909 940
f 910 940 941
f 911 910 941
f 911 941 942
f 912 911 942
f 912 942 943
f 913 912 943
f 913 943 944
f 914 913 944
f 914 944 945
f 888 1092 919
f 915 914 945
f 915 945 946
f 889 888 919
f 889 919 920
f 916 915 946
f 916 946 947
f 890 889 920
f 890 920 921
f 917 916 947
f 917 947 948
f 891 890 921
f 891 921 922
f 918 917 948
f 918 948 949
f 892 891 922
f 892 922 923
f 1055 918 949
f 1055 949 1056
f 893 892 923
f 893 923 924
f 894 893 924
f 894 924 925
f 895 894 925
f 895 925 926
f 896 895 926
f 896 926 927
f 897 896 927
f 897 927 928
f 898 897 928
f 898 928 929
f 899 898 929
f 899 929 930
f 900 899 930
f 900 930 931
f 901 900 931
f 901 931 932
f 902 901 932
f 902 932 933
f 903 902 933
f 903 933 934
f 904 903 934
f 904 934 935
f 905 904 935
f 905 935 936
f 939 938 969
f 939 969 970
f 940 939 970
f 940 970 971
f 941 940 971
f 941 971 972
f 942 941 972
f 942 972 973
f 943 942 973
f 943 973 974
f 944 943 974
f 944 974 975
f 945 944 975
f 945 975 976
f 919 1092 950
f 946 945 976
f 946 976 977
f 920 919 950
f 920 950 951
f 947 946 977
f 947 977 978
f 921 920 951
f 921 951 952
f 948 947 978
f 948 978 979
f 922 921 952
f 922 952 953
f 949 948 979
f 949 979 980
f 923 922 953
f 923 953 954
f 1056 949 980
f 1056 980 1057
f 924 923 954
f 924 954 955
f 925 924 955
f 925 955 956
f 926 925 956
f 926 956 957
f 927 926 957
f 927 957 958
f 928 927 958
f 928 958 959
f 929 928 959
f 929 959 960
f 930 929 960
f 930 960 961
f 931 930 961
f 931 961 962
f 932 931 962
f 932 962 963
f 933 932 963
f 933 963 964
f 934 933 964
f 934 964 965
f 935 934 965
f 935 965 966
f 936 935 966
f 936 966 967
f 937 936 967
f 937 967 968
f 938 937 968
f 938 968 969
f 972 971 1002
f 972 1002 1003
f 973 972 1003
f 973 1003 1004
f 974 973 1004
f 974 1004 1005
f 975 974 1005
f 975 1005 1006
f 976 975 1006
f 976 1006 1007
f 950 1092 981
f 977 976 1007
f 977 1007 1008
f 951 950 981
f 951 981 982
f 978 977 1008
f 978 1008 1009
f 952 951 982
f 952 982 983
f 979 978 1009
f 979 1009 1010
f 953 952 983
f 953 983 984
f 980 979 1010
f 980 1010 1011
f 954 953 984
f 954 984 985
f 1057 980 1011
f 1057 1011 1058
f 955 954 985
f 955 985 986
f 956 955 986
f 956 986 987
f 957 956 987
f 957 987 988
f 958 957 988
f 958 988 989
f 959 958 989
f 959 989 990
f 960 959 990
f 960 990 991
f 961 960 991
f 961 991 992
f 962 961 992
f 962 992 993
f 963 962 993
f 963 993 994
f 964 963 994
f 964 994 995
f 965 964 995
f 965 995 996
f 966 965 996
f 966 996 997
f 967 966 997
f 967 997 998
f 968 967 998
f 968 998 999
f 969 968 999
f 969 999 1000
f 970 969 1000
f 970 1000 1001
f 971 970 1001
f 971 1001 1002
f 1005 1004 1035
f 1005 1035 1036
f 1006 1005 1036
f 1006 1036 1037
f 1007 1006 1037
f 1007 1037 1038
f 981 1043 1012
f 1008 1007 1038
f 1008 1038 1039
f 982 981 1012
f 982 1012 1013
f 1009 1008 1039
f 1009 1039 1040
f 983 982 1013
f 983 1013 1014
f 1010 1009 1040
f 1010 1040 1041
f 984 983 1014
f 984 1014 1015
f 1011 1010 1041
f 1011 1041 1042
f 985 984 1015
f 985 1015 1016
f 1058 1011 1042
f 1058 1042 1059
f 986 985 1016
f 986 1016 1017
f 987 986 1017
f 987 1017 1018
f 988 987 1018
f 988 1018 1019
f 989 988 1019
f 989 1019 1020
f 990 989 1020
f 990 1020 1021
f 991 990 1021
f 991 1021 1022
f 992 991 1022
f 992 1022 1023
f 993 992 1023
f 993 1023 1024
f 994 993 1024
f 994 1024 1025
f 995 994 1025
f 995 1025 1026
f 996 995 1026
f 996 1026 1027
f 997 996 1027
f 997 1027 1028
f 998 997 1028
f 998 1028 1029
f 999 998 1029
f 999 1029 1030
f 1000 999 1030
f 1000 1030 1031
f 1001 1000 1031
f 1001 1031 1032
f 1002 1001 1032
f 1002 1032 1033
f 1003 1002 1033
f 1003 1033 1034
f 1004 1003 1034
f 1004 1034 1035
f 1038 1037 1085
f 1038 1085 1086
f 1012 1043 1060
f 1039 1038 1086
f 1039 1086 1087
f 1013 1012 1060
f 1013 1060 1061
f 1040 1039 1087
f 1040 1087 1088
f 1014 1013 1061
f 1014 1061 1062
f 1041 1040 1088
f 1041 1088 1089
f 1015 1014 1062
f 1015 1062 1063
f 1042 1041 1089
f 1042 1089 1090
f 1016 1015 1063
f 1016 1063 1064
f 1059 1042 1090
f 1059 1090 1091
f 1017 1016 1064
f 1017 1064 1065
f 1018 1017 1065
f 1018 1065 1066
f 1019 1018 1066
f 1019 1066 1067
f 1020 1019 1067
f 1020 1067 1068
f 1021 1020 1068
f 1021 1068 1069
f 1022 1021 1069
f 1022 1069 1070
f 1023 1022 1070
f 1023 1070 1071
f 1024 1023 1071
f 1024 1071 1072
f 1025 1024 1072
f 1025 1072 1073
f 1026 1025 1073
f 1026 1073 1074
f 1027 1026 1074
f 1027 1074 1075
f 1028 1027 1075
f 1028 1075 1076
f 1029 1028 1076
f 1029 1076 1077
f 1030 1029 1077
f 1030 1077 1078
f 1031 1030 1078
f 1031 1078 1079
f 1032 1031 1079
f 1032 1079 1080
f 1033 1032 1080
f 1033 1080 1081
f 1034 1033 1081
f 1034 1081 1082
f 1035 1034 1082
f 1035 1082 1083
f 1036 1035 1083
f 1036 1083 1084
f 1037 1036 1084
f 1037 1084 1085
f 1106 1105 1136
f 1106 1136 1137
f 1107 1106 1137
f 1107 1137 1138
f 1108 1107 1138
f 1108 1138 1139
f 1109 1108 1139
f 1109 1139 1140
f 1110 1109 1140
f 1110 1140 1141
f 1111 1110 1141
f 1111 1141 1142
f 1112 1111 1142
f 1112 1142 1143
f 1113 1112 1143
f 1113 1143 1144
f 1114 1113 1144
f 1114 1144 1145
f 1115 1114 1145
f 1115 1145 1146
f 1116 1115 1146
f 1116 1146 1147
f 1117 1116 1147
f 1117 1147 1148
f 1118 1117 1148
f 1118 1148 1149
f 1119 1118 1149
f 1119 1149 1150
f 1093 1638 1124
f 1120 1119 1150
f 1120 1150 1151
f 1094 1093 1124
f 1094 1124 1125
f 1121 1120 1151
f 1121 1151 1152
f 1095 1094 1125
f 1095 1125 1126
f 1122 1121 1152
f 1122 1152 1153
f 1096 1095 1126
f 1096 1126 1127
f 1123 1122 1153
f 1123 1153 1154
f 1097 1096 1127
f 1097 1127 1128
f 1590 1123 1154
f 1590 1154 1591
f 1098 1097 1128
f 1098 1128 1129
f 1099 1098 1129
f 1099 1129 1130
f 1100 1099 1130
f 1100 1130 1131
f 1101 1100 1131
f 1101 1131 1132
f 1102 1101 1132
f 1102 1132 1133
f 1103 1102 1133
f 1103 1133 1134
f 1104 1103 1134
f 1104 1134 1135
f 1105 1104 1135
f 1105 1135 1136
f 1139 1138 1169
f 1139 1169 1170
f 1140 1139 1170
f 1140 1170 1171
f 1141 1140 1171
f 1141 1171 1172
f 1142 1141 1172
f 1142 1172 1173
f 1143 1142 1173
f 1143 1173 1174
f 1144 1143 1174
f 1144 1174 1175
f 1145 1144 1175
f 1145 1175 1176
f 1146 1145 1176
f 1146 1176 1177
f 1147 1146 1177
f 1147 1177 1178
f 1148 1147 1178
f 1148 1178 1179
f 1149 1148 1179
f 1149 1179 1180
f 1150 1149 1180
f 1150 1180 1181
f 1124 1638 1155
f 1151 1150 1181
f 1151 1181 1182
f 1125 1124 1155
f 1125 1155 1156
f 1152 1151 1182
f 1152 1182 1183
f 1126 1125 1156
f 1126 1156 1157
f 1153 1152 1183
f 1153 1183 1184
f 1127 1126 1157
f 1127 1157 1158
f 1154 1153 1184
f 1154 1184 1185
f 1128 1127 1158
f 1128 1158 1159
f 1591 1154 1185
f 1591 1185 1592
f 1129 1128 1159
f 1129 1159 1160
f 1130 1129 1160
f 1130 1160 1161
f 1131 1130 1161
f 1131 1161 1162
f 1132 1131 1162
f 1132 1162 1163
f 1133 1132 1163
f 1133 1163 1164
f 1134 1133 1164
f 1134 1164 1165
f 1135 1134 1165
f 1135 1165 1166
f 1136 1135 1166
f 1136 1166 1167
f 1137 1136 1167
f 1137 1167 1168
f 1138 1137 1168
f 1138 1168 1169
f 1172 1171 1202
f 1172 1202 1203
f 1173 1172 1203
f 1173 1203 1204
f 1174 1173 1204
f 1174 1204 1205
f 1175 1174 1205
f 1175 1205 1206
f 1176 1175 1206
f 1176 1206 1207
f 1177 1176 1207
f 1177 1207 1208
f 1178 1177 1208
f 1178 1208 1209
f 1179 1178 1209
f 1179 1209 1210
f 1180 1179 1210
f 1180 1210 1211
f 1181 1180 1211
f 1181 1211 1212
f 1155 1638 1186
f 1182 1181 1212
f 1182 1212 1213
f 1156 1155 1186
f 1156 1186 1187
f 1183 1182 1213
f 1183 1213 1214
f 1157 1156 1187
f 1157 1187 1188
f 1184 1183 1214
f 1184 1214 1215
f 1158 1157 1188
f 1158 1188 1189
f 1185 1184 1215
f 1185 1215 1216
f 1159 1158 1189
f 1159 1189 1190
f 1592 1185 1216
f 1592 1216 1593
f 1160 1159 1190
f 1160 1190 1191
f 1161 1160 1191
f 1161 1191 1192
f 1162 1161 1192
f 1162 1192 1193
f 1163 1162 1193
f 1163 1193 1194
f 1164 1163 1194
f 1164 1194 1195
f 1165 1164 1195
f 1165 1195 1196
f 1166 1165 1196
f 1166 1196 1197
f 1167 1166 1197
f 1167 1197 1198
f 1168 1167 1198
f 1168 1198 1199
f 1169 1168 1199
f 1169 1199 1200
f 1170 1169 1200
f 1170 1200 1201
f 1171 1170 1201
f 1171 1201 1202
f 1205 1204 1235
f 1205 1235 1236
f 1206 1205 1236
f 1206 1236 1237
f 1207 1206 1237
f 1207 1237 1238
f 1208 1207 1238
f 1208 1238 1239
f 1209 1208 1239
f 1209 1239 1240
f 1210 1209 1240
f 1210 1240 1241
f 1211 1210 1241
f 1211 1241 1242
f 1212 1211 1242
f 1212 1242 1243
f 1186 1638 1217
f 1213 1212 1243
f 1213 1243 1244
f 1187 1186 1217
f 1187 1217 1218
f 1214 1213 1244
f 1214 1244 1245
f 1188 1187 1218
f 1188 1218 1219
f 1215 1214 1245
f 1215 1245 1246
f 1189 1188 1219
f 1189 1219 1220
f 1216 1215 1246
f 1216 1246 1247
f 1190 1189 1220
f 1190 1220 1221
f 1593 1216 1247
f 1593 1247 1594
f 1191 1190 1221
f 1191 1221 1222
f 1192 1191 1222
f 1192 1222 1223
f 1193 1192 1223
f 1193 1223 1224
f 1194 1193 1224
f 1194 1224 1225
f 1195 1194 1225
f 1195 1225 1226
f 1196 1195 1226
f 1196 1226 1227
f 1197 1196 1227
f 1197 1227 1228
f 1198 1197 1228
f 1198 1228 1229
f 1199 1198 1229
f 1199 1229 1230
f 1200 1199 1230
f 1200 1230 1231
f 1201 1200 1231
f 1201 1231 1232
f 1202 1201 1232
f 1202 1232 1233
f 1203 1202 1233
f 1203 1233 1234
f 1204 1203 1234
f 1204 1234 1235
f 1238 1237 1268
f 1238 1268 1269
f 1239 1238 1269
f 1239 1269 1270
f 1240 1239 1270
f 1240 1270 1271
f 1241 1240 1271
f 1241 1271 1272
f 1242 1241 1272
f 1242 1272 1273
f 1243 1242 1273
f 1243 1273 1274
f 1217 1638 1248
f 1244 1243 1274
f 1244 1274 1275
f 1218 1217 1248
f 1218 1248 1249
f 1245 1244 1275
f 1245 1275 1276
f 1219 1218 1249
f 1219 1249 1250
f 1246 1245 1276
f 1246 1276 1277
f 1220 1219 1250
f 1220 1250 1251
f 1247 1246 1277
f 1247 1277 1278
f 1221 1220 1251
f 1221 1251 1252
f 1594 1247 1278
f 1594 1278 1595
f 1222 1221 1252
f 1222 1252 1253
f 1223 1222 1253
f 1223 1253 1254
f 1224 1223 1254
f 1224 1254 1255
f 1225 1224 1255
f 1225 1255 1256
f 1226 1225 1256
f 1226 1256 1257
f 1227 1226 1257
f 1227 1257 1258
f 1228 1227 1258
f 1228 1258 1259
f 1229 1228 1259
f 1229 1259 1260
f 1230 1229 1260
f 1230 1260 1261
f 1231 1230 1261
f 1231 1261 1262
f 1232 1231 1262
f 1232 1262 1263
f 1233 1232 1263
f 1233 1263 1264
f 1234 1233 1264
f 1234 1264 1265
f 1235 1234 1265
f 1235 1265 1266
f 1236 1235 1266
f 1236 1266 1267
f 1237 1236 1267
f 1237 1267 1268
f 1271 1270 1301
f 1271 1301 1302
f 1272 1271 1302
f 1272 1302 1303
f 1273 1272 1303
f 1273 1303 1304
f 1274 1273 1304
f 1274 1304 1305
f 1248 1638 1279
f 1275 1274 1305
f 1275 1305 1306
f 1249 1248 1279
f 1249 1279 1280
f 1276 1275 1306
f 1276 1306 1307
f 1250 1249 1280
f 1250 1280 1281
f 1277 1276 1307
f 1277 1307 1308
f 1251 1250 1281
f 1251 1281 1282
f 1278 1277 1308
f 1278 1308 1309
f 1252 1251 1282
f 1252 1282 1283
f 1595 1278 1309
f 1595 1309 1596
f 1253 1252 1283
f 1253 1283 1284
f 1254 1253 1284
f 1254 1284 1285
f 1255 1254 1285
f 1255 1285 1286
f 1256 1255 1286
f 1256 1286 1287
f 1257 1256 1287
f 1257 1287 1288
f 1258 1257 1288
f 1258 1288 1289
f 1259 1258 1289
f 1259 1289 1290
f 1260 1259 1290
f 1260 1290 1291
f 1261 1260 1291
f 1261 1291 1292
f 1262 1261 1292
f 1262 1292 1293
f 1263 1262 1293
f 1263 1293 1294
f 1264 1263 1294
f 1264 1294 1295
f 1265 1264 1295
f 1265 1295 1296
f 1266 1265 1296
f 1266 1296 1297
f 1267 1266 1297
f 1267 1297 1298
f 1268 1267 1298
f 1268 1298 1299
f 1269 1268 1299
f 1269 1299 1300
f 1270 1269 1300
f 1270 1300 1301
f 1304 1303 1334
f 1304 1334 1335
f 1305 1304 1335
f 1305 1335 1336
f 1279 1638 1310
f 1306 1305 1336
f 1306 1336 1337
f 1280 1279 1310
f 1280 1310 1311
f 1307 1306 1337
f 1307 1337 1338
f 1281 1280 1311
f 1281 1311 1312
f 1308 1307 1338
f 1308 1338 1339
f 1282 1281 1312
f 1282 1312 1313
f 1309 1308 1339
f 1309 1339 1340
f 1283 1282 1313
f 1283 1313 1314
f 1596 1309 1340
f 1596 1340 1597
f 1284 1283 1314
f 1284 1314 1315
f 1285 1284 1315
f 1285 1315 1316
f 1286 1285 1316
f 1286 1316 1317
f 1287 1286 1317
f 1287 1317 1318
f 1288 1287 1318
f 1288 1318 1319
f 1289 1288 1319
f 1289 1319 1320
f 1290 1289 1320
f 1290 1320 1321
f 1291 1290 1321
f 1291 1321 1322
f 1292 1291 1322
f 1292 1322 1323
f 1293 1292 1323
f 1293 1323 1324
f 1294 1293 1324
f 1294 1324 1325
f 1295 1294 1325
f 1295 1325 1326
f 1296 1295 1326
f 1296 1326 1327
f 1297 1296 1327
f 1297 1327 1328
f 1298 1297 1328
f 1298 1328 1329
f 1299 1298 1329
f 1299 1329 1330
f 1300 1299 1330
f 1300 1330 1331
f 1301 1300 1331
f 1301 1331 1332
f 1302 1301 1332
f 1302 1332 1333
f 1303 1302 1333
f 1303 1333 1334
f 1320 1319 1350
f 1320 1350 1351
f 1321 1320 1351
f 1321 1351 1352
f 1322 1321 1352
f 1322 1352 1353
f 1323 1322 1353
f 1323 1353 1354
f 1324 1323 1354
f 1324 1354 1355
f 1325 1324 1355
f 1325 1355 1356
f 1326 1325 1356
f 1326 1356 1357
f 1327 1326 1357
f 1327 1357 1358
f 1328 1327 1358
f 1328 1358 1359
f 1329 1328 1359
f 1329 1359 1360
f 1330 1329 1360
f 1330 1360 1361
f 1331 1330 1361
f 1331 1361 1362
f 1332 1331 1362
f 1332 1362 1363
f 1333 1332 1363
f 1333 1363 1364
f 1334 1333 1364
f 1334 1364 1365
f 1335 1334 1365
f 1335 1365 1366
f 1336 1335 1366
f 1336 1366 1367
f 1310 1638 1341
f 1337 1336 1367
f 1337 1367 1368
f 1311 1310 1341
f 1311 1341 1342
f 1338 1337 1368
f 1338 1368 1369
f 1312 1311 1342
f 1312 1342 1343
f 1339 1338 1369
f 1339 1369 1370
f 1313 1312 1343
f 1313 1343 1344
f 1340 1339 1370
f 1340 1370 1371
f 1314 1313 1344
f 1314 1344 1345
f 1597 1340 1371
f 1597 1371 1598
f 1315 1314 1345
f 1315 1345 1346
f 1316 1315 1346
f 1316 1346 1347
f 1317 1316 1347
f 1317 1347 1348
f 1318 1317 1348
f 1318 1348 1349
f 1319 1318 1349
f 1319 1349 1350
f 1353 1352 1383
f 1353 1383 1384
f 1354 1353 1384
f 1354 1384 1385
f 1355 1354 1385
f 1355 1385 1386
f 1356 1355 1386
f 1356 1386 1387
f 1357 1356 1387
f 1357 1387 1388
f 1358 1357 1388
f 1358 1388 1389
f 1359 1358 1389
f 1359 1389 1390
f 1360 1359 1390
f 1360 1390 1391
f 1361 1360 1391
f 1361 1391 1392
f 1362 1361 1392
f 1362 1392 1393
f 1363 1362 1393
f 1363 1393 1394
f 1364 1363 1394
f 1364 1394 1395
f 1365 1364 1395
f 1365 1395 1396
f 1366 1365 1396
f 1366 1396 1397
f 1367 1366 1397
f 1367 1397 1398
f 1341 1638 1372
f 1368 1367 1398
f 1368 1398 1399
f 1342 1341 1372
f 1342 1372 1373
f 1369 1368 1399
f 1369 1399 1400
f 1343 1342 1373
f 1343 1373 1374
f 1370 1369 1400
f 1370 1400 1401
f 1344 1343 1374
f 1344 1374 1375
f 1371 1370 1401
f 1371 1401 1402
f 1345 1344 1375
f 1345 1375 1376
f 1598 1371 1402
f 1598 1402 1599
f 1346 1345 1376
f 1346 1376 1377
f 1347 1346 1377
f 1347 1377 1378
f 1348 1347 1378
f 1348 1378 1379
f 1349 1348 1379
f 1349 1379 1380
f 1350 1349 1380
f 1350 1380 1381
f 1351 1350 1381
f 1351 1381 1382
f 1352 1351 1382
f 1352 1382 1383
f 1386 1385 1416
f 1386 1416 1417
f 1387 1386 1417
f 1387 1417 1418
f 1388 1387 1418
f 1388 1418 1419
f 1389 1388 1419
f 1389 1419 1420
f 1390 1389 1420
f 1390 1420 1421
f 1391 1390 1421
f 1391 1421 1422
f 1392 1391 1422
f 1392 1422 1423
f 1393 1392 1423
f 1393 1423 1424
f 1394 1393 1424
f 1394 1424 1425
f 1395 1394 1425
f 1395 1425 1426
f 1396 1395 1426
f 1396 1426 1427
f 1397 1396 1427
f 1397 1427 1428
f 1398 1397 1428
f 1398 1428 1429
f 1372 1638 1403
f 1399 1398 1429
f 1399 1429 1430
f 1373 1372 1403
f 1373 1403 1404
f 1400 1399 1430
f 1400 1430 1431
f 1374 1373 1404
f 1374 1404 1405
f 1401 1400 1431
f 1401 1431 1432
f 1375 1374 1405
f 1375 1405 1406
f 1402 1401 1432
f 1402 1432 1433
f 1376 1375 1406
f 1376 1406 1407
f 1599 1402 1433
f 1599 1433 1600
f 1377 1376 1407
f 1377 1407 1408
f 1378 1377 1408
f 1378 1408 1409
f 1379 1378 1409
f 1379 1409 1410
f 1380 1379 1410
f 1380 1410 1411
f 1381 1380 1411
f 1381 1411 1412
f 1382 1381 1412
f 1382 1412 1413
f 1383 1382 1413
f 1383 1413 1414
f 1384 1383 1414
f 1384 1414 1415
f 1385 1384 1415
f 1385 1415 1416
f 1419 1418 1449
f 1419 1449 1450
f 1420 1419 1450
f 1420 1450 1451
f 1421 1420 1451
f 1421 1451 1452
f 1422 1421 1452
f 1422 1452 1453
f 1423 1422 1453
f 1423 1453 1454
f 1424 1423 1454
f 1424 1454 1455
f 1425 1424 1455
f 1425 1455 1456
f 1426 1425 1456
f 1426 1456 1457
f 1427 1426 1457
f 1427 1457 1458
f 1428 1427 1458
f 1428 1458 1459
f 1429 1428 1459
f 1429 1459 1460
f 1403 1638 1434
f 1430 1429 1460
f 1430 1460 1461
f 1404 1403 1434
f 1404 1434 1435
f 1431 1430 1461
f 1431 1461 1462
f 1405 1404 1435
f 1405 1435 1436
f 1432 1431 1462
f 1432 1462 1463
f 1406 1405 1436
f 1406 1436 1437
f 1433 1432 1463
f 1433 1463 1464
f 1407 1406 1437
f 1407 1437 1438
f 1600 1433 1464
f 1600 1464 1601
f 1408 1407 1438
f 1408 1438 1439
f 1409 1408 1439
f 1409 1439 1440
f 1410 1409 1440
f 1410 1440 1441
f 1411 1410 1441
f 1411 1441 1442
f 1412 1411 1442
f 1412 1442 1443
f 1413 1412 1443
f 1413 1443 1444
f 1414 1413 1444
f 1414 1444 1445
f 1415 1414 1445
f 1415 1445 1446
f 1416 1415 1446
f 1416 1446 1447
f 1417 1416 1447
f 1417 1447 1448
f 1418 1417 1448
f 1418 1448 1449
f 1452 1451 1482
f 1452 1482 1483
f 1453 1452 1483
f 1453 1483 1484
f 1454 1453 1484
f 1454 1484 1485
f 1455 1454 1485
f 1455 1485 1486
f 1456 1455 1486
f 1456 1486 1487
f 1457 1456 1487
f 1457 1487 1488
f 1458 1457 1488
f 1458 1488 1489
f 1459 1458 1489
f 1459 1489 1490
f 1460 1459 1490
f 1460 1490 1491
f 1434 1638 1465
f 1461 1460 1491
f 1461 1491 1492
f 1435 1434 1465
f 1435 1465 1466
f 1462 1461 1492
f 1462 1492 1493
f 1436 1435 1466
f 1436 1466 1467
f 1463 1462 1493
f 1463 1493 1494
f 1437 1436 1467
f 1437 1467 1468
f 1464 1463 1494
f 1464 1494 1495
f 1438 1437 1468
f 1438 1468 1469
f 1601 1464 1495
f 1601 1495 1602
f 1439 1438 1469
f 1439 1469 1470
f 1440 1439 1470
f 1440 1470 1471
f 1441 1440 1471
f 1441 1471 1472
f 1442 1441 1472
f 1442 1472 1473
f 1443 1442 1473
f 1443 1473 1474
f 1444 1443 1474
f 1444 1474 1475
f 1445 1444 1475
f 1445 1475 1476
f 1446 1445 1476
f 1446 1476 1477
f 1447 1446 1477
f 1447 1477 1478
f 1448 1447 1478
f 1448 1478 1479
f 1449 1448 1479
f 1449 1479 1480
f 1450 1449 1480
f 1450 1480 1481
f 1451 1450 1481
f 1451 1481 1482
f 1485 1484 1515
f 1485 1515 1516
f 1486 1485 1516
f 1486 1516 1517
f 1487 1486 1517
f 1487 1517 1518
f 1488 1487 1518
f 1488 1518 1519
f 1489 1488 1519
f 1489 1519 1520
f 1490 1489 1520
f 1490 1520 1521
f 1491 1490 1521
f 1491 1521 1522
f 1465 1638 1496
f 1492 1491 1522
f 1492 1522 1523
f 1466 1465 1496
f 1466 1496 1497
f 1493 1492 1523
f 1493 1523 1524
f 1467 1466 1497
f 1467 1497 1498
f 1494 1493 1524
f 1494 1524 1525
f 1468 1467 1498
f 1468 1498 1499
f 1495 1494 1525
f 1495 1525 1526
f 1469 1468 1499
f 1469 1499 1500
f 1602 1495 1526
f 1602 1526 1603
f 1470 1469 1500
f 1470 1500 1501
f 1471 1470 1501
f 1471 1501 1502
f 1472 1471 1502
f 1472 1502 1503
f 1473 1472 1503
f 1473 1503 1504
f 1474 1473 1504
f 1474 1504 1505
f 1475 1474 1505
f 1475 1505 1506
f 1476 1475 1506
f 1476 1506 1507
f 1477 1476 1507
f 1477 1507 1508
f 1478 1477 1508
f 1478 1508 1509
f 1479 1478 1509
f 1479 1509 1510
f 1480 1479 1510
f 1480 1510 1511
f 1481 1480 1511
f 1481 1511 1512
f 1482 1481 1512
f 1482 1512 1513
f 1483 1482 1513
f 1483 1513 1514
f 1484 1483 1514
f 1484 1514 1515
f 1518 1517 1548
f 1518 1548 1549
f 1519 1518 1549
f 1519 1549 1550
f 1520 1519 1550
f 1520 1550 1551
f 1521 1520 1551
f 1521 1551 1552
f 1522 1521 1552
f 1522 1552 1553
f 1496 1638 1527
f 1523 1522 1553
f 1523 1553 1554
f 1497 1496 1527
f 1497 1527 1528
f 1524 1523 1554
f 1524 1554 1555
f 1498 1497 1528
f 1498 1528 1529
f 1525 1524 1555
f 1525 1555 1556
f 1499 1498 1529
f 1499 1529 1530
f 1526 1525 1556
f 1526 1556 1557
f 1500 1499 1530
f 1500 1530 1531
f 1603 1526 1557
f 1603 1557 1604
f 1501 1500 1531
f 1501 1531 1532
f 1502 1501 1532
f 1502 1532 1533
f 1503 1502 1533
f 1503 1533 1534
f 1504 1503 1534
f 1504 1534 1535
f 1505 1504 1535
f 1505 1535 1536
f 1506 1505 1536
f 1506 1536 1537
f 1507 1506 1537
f 1507 1537 1538
f 1508 1507 1538
f 1508 1538 1539
f 1509 1508 1539
f 1509 1539 1540
f 1510 1509 1540
f 1510 1540 1541
f 1511 1510 1541
f 1511 1541 1542
f 1512 1511 1542
f 1512 1542 1543
f 1513 1512 1543
f 1513 1543 1544
f 1514 1513 1544
f 1514 1544 1545
f 1515 1514 1545
f 1515 1545 1546
f 1516 1515 1546
f 1516 1546 1547
f 1517 1516 1547
f 1517 1547 1548
f 1551 1550 1581
f 1551 1581 1582
f 1552 1551 1582
f 1552 1582 1583
f 1553 1552 1583
f 1553 1583 1584
f 1527 1589 1558
f 1554 1553 1584
f 1554 1584 1585
f 1528 1527 1558
f 1528 1558 1559
f 1555 1554 1585
f 1555 1585 1586
f 1529 1528 1559
f 1529 1559 1560
f 1556 1555 1586
f 1556 1586 1587
f 1530 1529 1560
f 1530 1560 1561
f 1557 1556 1587
f 1557 1587 1588
f 1531 1530 1561
f 1531 1561 1562
f 1604 1557 1588
f 1604 1588 1605
f 1532 1531 1562
f 1532 1562 1563
f 1533 1532 1563
f 1533 1563 1564
f 1534 1533 1564
f 1534 1564 1565
f 1535 1534 1565
f 1535 1565 1566
f 1536 1535 1566
f 1536 1566 1567
f 1537 1536 1567
f 1537 1567 1568
f 1538 1537 1568
f 1538 1568 1569
f 1539 1538 1569
f 1539 1569 1570
f 1540 1539 1570
f 1540 1570 1571
f 1541 1540 1571
f 1541 1571 1572
f 1542 1541 1572
f 1542 1572 1573
f 1543 1542 1573
f 1543 1573 1574
f 1544 1543 1574
f 1544 1574 1575
f 1545 1544 1575
f 1545 1575 1576
f 1546 1545 1576
f 1546 1576 1577
f 1547 1546 1577
f 1547 1577 1578
f 1548 1547 1578
f 1548 1578 1579
f 1549 1548 1579
f 1549 1579 1580
f 1550 1549 1580
f 1550 1580 1581
f 1584 1583 1631
f 1584 1631 1632
f 1558 1589 1606
f 1585 1584 1632
f 1585 1632 1633
f 1559 1558 1606
f 1559 1606 1607
f 1586 1585 1633
f 1586 1633 1634
f 1560 1559 1607
f 1560 1607 1608
f 1587 1586 1634
f 1587 1634 1635
f 1561 1560 1608
f 1561 1608 1609
f 1588 1587 1635
f 1588 1635 1636
f 1562 1561 1609
f 1562 1609 1610
f 1605 1588 1636
f 1605 1636 1637
f 1563 1562 1610
f 1563 1610 1611
f 1564 1563 1611
f 1564 1611 1612
f 1565 1564 1612
f 1565 1612 1613
f 1566 1565 1613
f 1566 1613 1614
f 1567 1566 1614
f 1567 1614 1615
f 1568 1567 1615
f 1568 1615 1616
f 1569 1568 1616
f 1569 1616 1617
f 1570 1569 1617
f 1570 1617 1618
f 1571 1570 1618
f 1571 1618 1619
f 1572 1571 1619
f 1572 1619 1620
f 1573 1572 1620
f 1573 1620 1621
f 1574 1573 1621
f 1574 1621 1622
f 1575 1574 1622
f 1575 1622 1623
f 1576 1575 1623
f 1576 1623 1624
f 1577 1576 1624
f 1577 1624 1625
f 1578 1577 1625
f 1578 1625 1626
f 1579 1578 1626
f 1579 1626 1627
f 1580 1579 1627
f 1580 1627 1628
f 1581 1580 1628
f 1581 1628 1629
f 1582 1581 1629
f 1582 1629 1630
f 1583 1582 1630
f 1583 1630 1631
f 1652 1651 1682
f 1652 1682 1683
f 1653 1652 1683
f 1653 1683 1684
f 1654 1653 1684
f 1654 1684 1685
f 1655 1654 1685
f 1655 1685 1686
f 1656 1655 1686
f 1656 1686 1687
f 1657 1656 1687
f 1657 1687 1688
f 1658 1657 1688
f 1658 1688 1689
f 1659 1658 1689
f 1659 1689 1690
f 1660 1659 1690
f 1660 1690 1691
f 1661 1660 1691
f 1661 1691 1692
f 1662 1661 1692
f 1662 1692 1693
f 1663 1662 1693
f 1663 1693 1694
f 1664 1663 1694
f 1664 1694 1695
f 1665 1664 1695
f 1665 1695 1696
f 1639 2184 1670
f 1666 1665 1696
f 1666 1696 1697
f 1640 1639 1670
f 1640 1670 1671
f 1667 1666 1697
f 1667 1697 1698
f 1641 1640 1671
f 1641 1671 1672
f 1668 1667 1698
f 1668 1698 1699
f 1642 1641 1672
f 1642 1672 1673
f 1669 1668 1699
f 1669 1699 1700
f 1643 1642 1673
f 1643 1673 1674
f 2136 1669 1700
f 2136 1700 2137
f 1644 1643 1674
f 1644 1674 1675
f 1645 1644 1675
f 1645 1675 1676
f 1646 1645 1676
f 1646 1676 1677
f 1647 1646 1677
f 1647 1677 1678
f 1648 1647 1678
f 1648 1678 1679
f 1649 1648 1679
f 1649 1679 1680
f 1650 1649 1680
f 1650 1680 1681
f 1651 1650 1681
f 1651 1681 1682
f 1685 1684 1715
f 1685 1715 1716
f 1686 1685 1716
f 1686 1716 1717
f 1687 1686 1717
f 1687 1717 1718
f 1688 1687 1718
f 1688 1718 1719
f 1689 1688 1719
f 1689 1719 1720
f 1690 1689 1720
f 1690 1720 1721
f 1691 1690 1721
f 1691 1721 1722
f 1692 1691 1722
f 1692 1722 1723
f 1693 1692 1723
f 1693 1723 1724
f 1694 1693 1724
f 1694 1724 1725
f 1695 1694 1725
f 1695 1725 1726
f 1696 1695 1726
f 1696 1726 1727
f 1670 2184 1701
f 1697 1696 1727
f 1697 1727 1728
f 1671 1670 1701
f 1671 1701 1702
f 1698 1697 1728
f 1698 1728 1729
f 1672 1671 1702
f 1672 1702 1703
f 1699 1698 1729
f 1699 1729 1730
f 1673 1672 1703
f 1673 1703 1704
f 1700 1699 1730
f 1700 1730 1731
f 1674 1673 1704
f 1674 1704 1705
f 2137 1700 1731
f 2137 1731 2138
f 1675 1674 1705
f 1675 1705 1706
f 1676 1675 1706
f 1676 1706 1707
f 1677 1676 1707
f 1677 1707 1708
f 1678 1677 1708
f 1678 1708 1709
f 1679 1678 1709
f 1679 1709 1710
f 1680 1679 1710
f 1680 1710 1711
f 1681 1680 1711
f 1681 1711 1712
f 1682 1681 1712
f 1682 1712 1713
f 1683 1682 1713
f 1683 1713 1714
f 1684 1683 1714
f 1684 1714 1715
f 1718 1717 1748
f 1718 1748 1749
f 1719 1718 1749
f 1719 1749 1750
f 1720 1719 1750
f 1720 1750 1751
f 1721 1720 1751
f 1721 1751 1752
f 1722 1721 1752
f 1722 1752 1753
f 1723 1722 1753
f 1723 1753 1754
f 1724 1723 1754
f 1724 1754 1755
f 1725 1724 1755
f 1725 1755 1756
f 1726 1725 1756
f 1726 1756 1757
f 1727 1726 1757
f 1727 1757 1758
f 1701 2184 1732
f 1728 1727 1758
f 1728 1758 1759
f 1702 1701 1732
f 1702 1732 1733
f 1729 1728 1759
f 1729 1759 1760
f 1703 1702 1733
f 1703 1733 1734
f 1730 1729 1760
f 1730 1760 1761
f 1704 1703 1734
f 1704 1734 1735
f 1731 1730 1761
f 1731 1761 1762
f 1705 1704 1735
f 1705 1735 1736
f 2138 1731 1762
f 2138 1762 2139
f 1706 1705 1736
f 1706 1736 1737
f 1707 1706 1737
f 1707 1737 1738
f 1708 1707 1738
f 1708 1738 1739
f 1709 1708 1739
f 1709 1739 1740
f 1710 1709 1740
f 1710 1740 1741
f 1711 1710 1741
f 1711 1741 1742
f 1712 1711 1742
f 1712 1742 1743
f 1713 1712 1743
f 1713 1743 1744
f 1714 1713 1744
f 1714 1744 1745
f 1715 1714 1745
f 1715 1745 1746
f 1716 1715 1746
f 1716 1746 1747
f 1717 1716 1747
f 1717 1747 1748
f 1751 1750 1781
f 1751 1781 1782
f 1752 1751 1782
f 1752 1782 1783
f 1753 1752 1783
f 1753 1783 1784
f 1754 1753 1784
f 1754 1784 1785
f 1755 1754 1785
f 1755 1785 1786
f 1756 1755 1786
f 1756 1786 1787
f 1757 1756 1787
f 1757 1787 1788
f 1758 1757 1788
f 1758 1788 1789
f 1732 2184 1763
f 1759 1758 1789
f 1759 1789 1790
f 1733 1732 1763
f 1733 1763 1764
f 1760 1759 1790
f 1760 1790 1791
f 1734 1733 1764
f 1734 1764 1765
f 1761 1760 1791
f 1761 1791 1792
f 1735 1734 1765
f 1735 1765 1766
f 1762 1761 1792
f 1762 1792 1793
f 1736 1735 1766
f 1736 1766 1767
f 2139 1762 1793
f 2139 1793 2140
f 1737 1736 1767
f 1737 1767 1768
f 1738 1737 1768
f 1738 1768 1769
f 1739 1738 1769
f 1739 1769 1770
f 1740 1739 1770
f 1740 1770 1771
f 1741 1740 1771
f 1741 1771 1772
f 1742 1741 1772
f 1742 1772 1773
f 1743 1742 1773
f 1743 1773 1774
f 1744 1743 1774
f 1744 1774 1775
f 1745 1744 1775
f 1745 1775 1776
f 1746 1745 1776
f 1746 1776 1777
f 1747 1746 1777
f 1747 1777 1778
f 1748 1747 1778
f 1748 1778 1779
f 1749 1748 1779
f 1749 1779 1780
f 1750 1749 1780
f 1750 1780 1781
f 1784 1783 1814
f 1784 1814 1815
f 1785 1784 1815
f 1785 1815 1816
f 1786 1785 1816
f 1786 1816 1817
f 1787 1786 1817
f 1787 1817 1818
f 1788 1787 1818
f 1788 1818 1819
f 1789 1788 1819
f 1789 1819 1820
f 1763 2184 1794
f 1790 1789 1820
f 1790 1820 1821
f 1764 1763 1794
f 1764 1794 1795
f 1791 1790 1821
f 1791 1821 1822
f 1765 1764 1795
f 1765 1795 1796
f 1792 1791 1822
f 1792 1822 1823
f 1766 1765 1796
f 1766 1796 1797
f 1793 1792 1823
f 1793 1823 1824
f 1767 1766 1797
f 1767 1797 1798
f 2140 1793 1824
f 2140 1824 2141
f 1768 1767 1798
f 1768 1798 1799
f 1769 1768 1799
f 1769 1799 1800
f 1770 1769 1800
f 1770 1800 1801
f 1771 1770 1801
f 1771 1801 1802
f 1772 1771 1802
f 1772 1802 1803
f 1773 1772 1803
f 1773 1803 1804
f 1774 1773 1804
f 1774 1804 1805
f 1775 1774 1805
f 1775 1805 1806
f 1776 1775 1806
f 1776 1806 1807
f 1777 1776 1807
f 1777 1807 1808
f 1778 1777 1808
f 1778 1808 1809
f 1779 1778 1809
f 1779 1809 1810
f 1780 1779 1810
f 1780 1810 1811
f 1781 1780 1811
f 1781 1811 1812
f 1782 1781 1812
f 1782 1812 1813
f 1783 1782 1813
f 1783 1813 1814
f 1817 1816 1847
f 1817 1847 1848
f 1818 1817 1848
f 1818 1848 1849
f 1819 1818 1849
f 1819 1849 1850
f 1820 1819 1850
f 1820 1850 1851
f 1794 2184 1825
f 1821 1820 1851
f 1821 1851 1852
f 1795 1794 1825
f 1795 1825 1826
f 1822 1821 1852
f 1822 1852 1853
f 1796 1795 1826
f 1796 1826 1827
f 1823 1822 1853
f 1823 1853 1854
f 1797 1796 1827
f 1797 1827 1828
f 1824 1823 1854
f 1824 1854 1855
f 1798 1797 1828
f 1798 1828 1829
f 2141 1824 1855
f 2141 1855 2142
f 1799 1798 1829
f 1799 1829 1830
f 1800 1799 1830
f 1800 1830 1831
f 1801 1800 1831
f 1801 1831 1832
f 1802 1801 1832
f 1802 1832 1833
f 1803 1802 1833
f 1803 1833 1834
f 1804 1803 1834
f 1804 1834 1835
f 1805 1804 1835
f 1805 1835 1836
f 1806 1805 1836
f 1806 1836 1837
f 1807 1806 1837
f 1807 1837 1838
f 1808 1807 1838
f 1808 1838 1839
f 1809 1808 1839
f 1809 1839 1840
f 1810 1809 1840
f 1810 1840 1841
f 1811 1810 1841
f 1811 1841 1842
f 1812 1811 1842
f 1812 1842 1843
f 1813 1812 1843
f 1813 1843 1844
f 1814 1813 1844
f 1814 1844 1845
f 1815 1814 1845
f 1815 1845 1846
f 1816 1815 1846
f 1816 1846 1847
f 1850 1849 1880
f 1850 1880 1881
f 1851 1850 1881
f 1851 1881 1882
f 1825 2184 1856
f 1852 1851 1882
f 1852 1882 1883
f 1826 1825 1856
f 1826 1856 1857
f 1853 1852 1883
f 1853 1883 1884
f 1827 1826 1857
f 1827 1857 1858
f 1854 1853 1884
f 1854 1884 1885
f 1828 1827 1858
f 1828 1858 1859
f 1855 1854 1885
f 1855 1885 1886
f 1829 1828 1859
f 1829 1859 1860
f 2142 1855 1886
f 2142 1886 2143
f 1830 1829 1860
f 1830 1860 1861
f 1831 1830 1861
f 1831 1861 1862
f 1832 1831 1862
f 1832 1862 1863
f 1833 1832 1863
f 1833 1863 1864
f 1834 1833 1864
f 1834 1864 1865
f 1835 1834 1865
f 1835 1865 1866
f 1836 1835 1866
f 1836 1866 1867
f 1837 1836 1867
f 1837 1867 1868
f 1838 1837 1868
f 1838 1868 1869
f 1839 1838 1869
f 1839 1869 1870
f 1840 1839 1870
f 1840 1870 1871
f 1841 1840 1871
f 1841 1871 1872
f 1842 1841 1872
f 1842 1872 1873
f 1843 1842 1873
f 1843 1873 1874
f 1844 1843 1874
f 1844 1874 1875
f 1845 1844 1875
f 1845 1875 1876
f 1846 1845 1876
f 1846 1876 1877
f 1847 1846 1877
f 1847 1877 1878
f 1848 1847 1878
f 1848 1878 1879
f 1849 1848 1879
f 1849 1879 1880
f 1866 1865 1896
f 1866 1896 1897
f 1867 1866 1897
f 1867 1897 1898
f 1868 1867 1898
f 1868 1898 1899
f 1869 1868 1899
f 1869 1899 1900
f 1870 1869 1900
f 1870 1900 1901
f 1871 1870 1901
f 1871 1901 1902
f 1872 1871 1902
f 1872 1902 1903
f 1873 1872 1903
f 1873 1903 1904
f 1874 1873 1904
f 1874 1904 1905
f 1875 1874 1905
f 1875 1905 1906
f 1876 1875 1906
f 1876 1906 1907
f 1877 1876 1907
f 1877 1907 1908
f 1878 1877 1908
f 1878 1908 1909
f 1879 1878 1909
f 1879 1909 1910
f 1880 1879 1910
f 1880 1910 1911
f 1881 1880 1911
f 1881 1911 1912
f 1882 1881 1912
f 1882 1912 1913
f 1856 2184 1887
f 1883 1882 1913
f 1883 1913 1914
f 1857 1856 1887
f 1857 1887 1888
f 1884 1883 1914
f 1884 1914 1915
f 1858 1857 1888
f 1858 1888 1889
f 1885 1884 1915
f 1885 1915 1916
f 1859 1858 1889
f 1859 1889 1890
f 1886 1885 1916
f 1886 1916 1917
f 1860 1859 1890
f 1860 1890 1891
f 2143 1886 1917
f 2143 1917 2144
f 1861 1860 1891
f 1861 1891 1892
f 1862 1861 1892
f 1862 1892 1893
f 1863 1862 1893
f 1863 1893 1894
f 1864 1863 1894
f 1864 1894 1895
f 1865 1864 1895
f 1865 1895 1896
f 1899 1898 1929
f 1899 1929 1930
f 1900 1899 1930
f 1900 1930 1931
f 1901 1900 1931
f 1901 1931 1932
f 1902 1901 1932
f 1902 1932 1933
f 1903 1902 1933
f 1903 1933 1934
f 1904 1903 1934
f 1904 1934 1935
f 1905 1904 1935
f 1905 1935 1936
f 1906 1905 1936
f 1906 1936 1937
f 1907 1906 1937
f 1907 1937 1938
f 1908 1907 1938
f 1908 1938 1939
f 1909 1908 1939
f 1909 1939 1940
f 1910 1909 1940
f 1910 1940 1941
f 1911 1910 1941
f 1911 1941 1942
f 1912 1911 1942
f 1912 1942 1943
f 1913 1912 1943
f 1913 1943 1944
f 1887 2184 1918
f 1914 1913 1944
f 1914 1944 1945
f 1888 1887 1918
f 1888 1918 1919
f 1915 1914 1945
f 1915 1945 1946
f 1889 1888 1919
f 1889 1919 1920
f 1916 1915 1946
f 1916 1946 1947
f 1890 1889 1920
f 1890 1920 1921
f 1917 1916 1947
f 1917 1947 1948
f 1891 1890 1921
f 1891 1921 1922
f 2144 1917 1948
f 2144 1948 2145
f 1892 1891 1922
f 1892 1922 1923
f 1893 1892 1923
f 1893 1923 1924
f 1894 1893 1924
f 1894 1924 1925
f 1895 1894 1925
f 1895 1925 1926
f 1896 1895 1926
f 1896 1926 1927
f 1897 1896 1927
f 1897 1927 1928
f 1898 1897 1928
f 1898 1928 1929
f 1932 1931 1962
f 1932 1962 1963
f 1933 1932 1963
f 1933 1963 1964
f 1934 1933 1964
f 1934 1964 1965
f 1935 1934 1965
f 1935 1965 1966
f 1936 1935 1966
f 1936 1966 1967
f 1937 1936 1967
f 1937 1967 1968
f 1938 1937 1968
f 1938 1968 1969
f 1939 1938 1969
f 1939 1969 1970
f 1940 1939 1970
f 1940 1970 1971
f 1941 1940 1971
f 1941 1971 1972
f 1942 1941 1972
f 1942 1972 1973
f 1943 1942 1973
f 1943 1973 1974
f 1944 1943 1974
f 1944 1974 1975
f 1918 2184 1949
f 1945 1944 1975
f 1945 1975 1976
f 1919 1918 1949
f 1919 1949 1950
f 1946 1945 1976
f 1946 1976 1977
f 1920 1919 1950
f 1920 1950 1951
f 1947 1946 1977
f 1947 1977 1978
f 1921 1920 1951
f 1921 1951 1952
f 1948 1947 1978
f 1948 1978 1979
f 1922 1921 1952
f 1922 1952 1953
f 2145 1948 1979
f 2145 1979 2146
f 1923 1922 1953
f 1923 1953 1954
f 1924 1923 1954
f 1924 1954 1955
f 1925 1924 1955
f 1925 1955 1956
f 1926 1925 1956
f 1926 1956 1957
f 1927 1926 1957
f 1927 1957 1958
f 1928 1927 1958
f 1928 1958 1959
f 1929 1928 1959
f 1929 1959 1960
f 1930 1929 1960
f 1930 1960 1961
f 1931 1930 1961
f 1931 1961 1962
f 1965 1964 1995
f 1965 1995 1996
f 1966 1965 1996
f 1966 1996 1997
f 1967 1966 1997
f 1967 1997 1998
f 1968 1967 1998
f 1968 1998 1999
f 1969 1968 1999
f 1969 1999 2000
f 1970 1969 2000
f 1970 2000 2001
f 1971 1970 2001
f 1971 2001 2002
f 1972 1971 2002
f 1972 2002 2003
f 1973 1972 2003
f 1973 2003 2004
f 1974 1973 2004
f 1974 2004 2005
f 1975 1974 2005
f 1975 2005 2006
f 1949 2184 1980
f 1976 1975 2006
f 1976 2006 2007
f 1950 1949 1980
f 1950 1980 1981
f 1977 1976 2007
f 1977 2007 2008
f 1951 1950 1981
f 1951 1981 1982
f 1978 1977 2008
f 1978 2008 2009
f 1952 1951 1982
f 1952 1982 1983
f 1979 1978 2009
f 1979 2009 2010
f 1953 1952 1983
f 1953 1983 1984
f 2146 1979 2010
f 2146 2010 2147
f 1954 1953 1984
f 1954 1984 1985
f 1955 1954 1985
f 1955 1985 1986
f 1956 1955 1986
f 1956 1986 1987
f 1957 1956 1987
f 1957 1987 1988
f 1958 1957 1988
f 1958 1988 1989
f 1959 1958 1989
f 1959 1989 1990
f 1960 1959 1990
f 1960 1990 1991
f 1961 1960 1991
f 1961 1991 1992
f 1962 1961 1992
f 1962 1992 1993
f 1963 1962 1993
f 1963 1993 1994
f 1964 1963 1994
f 1964 1994 1995
f 1998 1997 2028
f 1998 2028 2029
f 1999 1998 2029
f 1999 2029 2030
f 2000 1999 2030
f 2000 2030 2031
f 2001 2000 2031
f 2001 2031 2032
f 2002 2001 2032
f 2002 2032 2033
f 2003 2002 2033
f 2003 2033 2034
f 2004 2003 2034
f 2004 2034 2035
f 2005 2004 2035
f 2005 2035 2036
f 2006 2005 2036
f 2006 2036 2037
f 1980 2184 2011
f 2007 2006 2037
f 2007 2037 2038
f 1981 1980 2011
f 1981 2011 2012
f 2008 2007 2038
f 2008 2038 2039
f 1982 1981 2012
f 1982 2012 2013
f 2009 2008 2039
f 2009 2039 2040
f 1983 1982 2013
f 1983 2013 2014
f 2010 2009 2040
f 2010 2040 2041
f 1984 1983 2014
f 1984 2014 2015
f 2147 2010 2041
f 2147 2041 2148
f 1985 1984 2015
f 1985 2015 2016
f 1986 1985 2016
f 1986 2016 2017
f 1987 1986 2017
f 1987 2017 2018
f 1988 1987 2018
f 1988 2018 2019
f 1989 1988 2019
f 1989 2019 2020
f 1990 1989 2020
f 1990 2020 2021
f 1991 1990 2021
f 1991 2021 2022
f 1992 1991 2022
f 1992 2022 2023
f 1993 1992 2023
f 1993 2023 2024
f 1994 1993 2024
f 1994 2024 2025
f 1995 1994 2025
f 1995 2025 2026
f 1996 1995 2026
f 1996 2026 2027
f 1997 1996 2027
f 1997 2027 2028
f 2031 2030 2061
f 2031 2061 2062
f 2032 2031 2062
f 2032 2062 2063
f 2033 2032 2063
f 2033 2063 2064
f 2034 2033 2064
f 2034 2064 2065
f 2035 2034 2065
f 2035 2065 2066
f 2036 2035 2066
f 2036 2066 2067
f 2037 2036 2067
f 2037 2067 2068
f 2011 2184 2042
f 2038 2037 2068
f 2038 2068 2069
f 2012 2011 2042
f 2012 2042 2043
f 2039 2038 2069
f 2039 2069 2070
f 2013 2012 2043
f 2013 2043 2044
f 2040 2039 2070
f 2040 2070 2071
f 2014 2013 2044
f 2014 2044 2045
f 2041 2040 2071
f 2041 2071 2072
f 2015 2014 2045
f 2015 2045 2046
f 2148 2041 2072
f 2148 2072 2149
f 2016 2015 2046
f 2016 2046 2047
f 2017 2016 2047
f 2017 2047 2048
f 2018 2017 2048
f 2018 2048 2049
f 2019 2018 2049
f 2019 2049 2050
f 2020 2019 2050
f 2020 2050 2051
f 2021 2020 2051
f 2021 2051 2052
f 2022 2021 2052
f 2022 2052 2053
f 2023 2022 2053
f 2023 2053 2054
f 2024 2023 2054
f 2024 2054 2055
f 2025 2024 2055
f 2025 2055 2056
f 2026 2025 2056
f 2026 2056 2057
f 2027 2026 2057
f 2027 2057 2058
f 2028 2027 2058
f 2028 2058 2059
f 2029 2028 2059
f 2029 2059 2060
f 2030 2029 2060
f 2030 2060 2061
f 2064 2063 2094
f 2064 2094 2095
f 2065 2064 2095
f 2065 2095 2096
f 2066 2065 2096
f 2066 2096 2097
f 2067 2066 2097
f 2067 2097 2098
f 2068 2067 2098
f 2068 2098 2099
f 2042 2184 2073
f 2069 2068 2099
f 2069 2099 2100
f 2043 2042 2073
f 2043 2073 2074
f 2070 2069 2100
f 2070 2100 2101
f 2044 2043 2074
f 2044 2074 2075
f 2071 2070 2101
f 2071 2101 2102
f 2045 2044 2075
f 2045 2075 2076
f 2072 2071 2102
f 2072 2102 2103
f 2046 2045 2076
f 2046 2076 2077
f 2149 2072 2103
f 2149 2103 2150
f 2047 2046 2077
f 2047 2077 2078
f 2048 2047 2078
f 2048 2078 2079
f 2049 2048 2079
f 2049 2079 2080
f 2050 2049 2080
f 2050 2080 2081
f 2051 2050 2081
f 2051 2081 2082
f 2052 2051 2082
f 2052 2082 2083
f 2053 2052 2083
f 2053 2083 2084
f 2054 2053 2084
f 2054 2084 2085
f 2055 2054 2085
f 2055 2085 2086
f 2056 2055 2086
f 2056 2086 2087
f 2057 2056 2087
f 2057 2087 2088
f 2058 2057 2088
f 2058 2088 2089
f 2059 2058 2089
f 2059 2089 2090
f 2060 2059 2090
f 2060 2090 2091
f 2061 2060 2091
f 2061 2091 2092
f 2062 2061 2092
f 2062 2092 2093
f 2063 2062 2093
f 2063 2093 2094
f 2097 2096 2127
f 2097 2127 2128
f 2098 2097 2128
f 2098 2128 2129
f 2099 2098 2129
f 2099 2129 2130
f 2073 2135 2104
f 2100 2099 2130
f 2100 2130 2131
f 2074 2073 2104
f 2074 2104 2105
f 2101 2100 2131
f 2101 2131 2132
f 2075 2074 2105
f 2075 2105 2106
f 2102 2101 2132
f 2102 2132 2133
f 2076 2075 2106
f 2076 2106 2107
f 2103 2102 2133
f 2103 2133 2134
f 2077 2076 2107
f 2077 2107 2108
f 2150 2103 2134
f 2150 2134 2151
f 2078 2077 2108
f 2078 2108 2109
f 2079 2078 2109
f 2079 2109 2110
f 2080 2079 2110
f 2080 2110 2111
f 2081 2080 2111
f 2081 2111 2112
f 2082 2081 2112
f 2082 2112 2113
f 2083 2082 2113
f 2083 2113 2114
f 2084 2083 2114
f 2084 2114 2115
f 2085 2084 2115
f 2085 2115 2116
f 2086 2085 2116
f 2086 2116 2117
f 2087 2086 2117
f 2087 2117 2118
f 2088 2087 2118
f 2088 2118 2119
f 2089 2088 2119
f 2089 2119 2120
f 2090 2089 2120
f 2090 2120 2121
f 2091 2090 2121
f 2091 2121 2122
f 2092 2091 2122
f 2092 2122 2123
f 2093 2092 2123
f 2093 2123 2124
f 2094 2093 2124
f 2094 2124 2125
f 2095 2094 2125
f 2095 2125 2126
f 2096 2095 2126
f 2096 2126 2127
f 2130 2129 2177
f 2130 2177 2178
f 2104 2135 2152
f 2131 2130 2178
f 2131 2178 2179
f 2105 2104 2152
f 2105 2152 2153
f 2132 2131 2179
f 2132 2179 2180
f 2106 2105 2153
f 2106 2153 2154
f 2133 2132 2180
f 2133 2180 2181
f 2107 2106 2154
f 2107 2154 2155
f 2134 2133 2181
f 2134 2181 2182
f 2108 2107 2155
f 2108 2155 2156
f 2151 2134 2182
f 2151 2182 2183
f 2109 2108 2156
f 2109 2156 2157
f 2110 2109 2157
f 2110 2157 2158
f 2111 2110 2158
f 2111 2158 2159
f 2112 2111 2159
f 2112 2159 2160
f 2113 2112 2160
f 2113 2160 2161
f 2114 2113 2161
f 2114 2161 2162
f 2115 2114 2162
f 2115 2162 2163
f 2116 2115 2163
f 2116 2163 2164
f 2117 2116 2164
f 2117 2164 2165
f 2118 2117 2165
f 2118 2165 2166
f 2119 2118 2166
f 2119 2166 2167
f 2120 2119 2167
f 2120 2167 2168
f 2121 2120 2168
f 2121 2168 2169
f 2122 2121 2169
f 2122 2169 2170
f 2123 2122 2170
f 2123 2170 2171
f 2124 2123 2171
f 2124 2171 2172
f 2125 2124 2172
f 2125 2172 2173
f 2126 2125 2173
f 2126 2173 2174
f 2127 2126 2174
f 2127 2174 2175
f 2128 2127 2175
f 2128 2175 2176
f 2129 2128 2176
f 2129 2176 2177
l 1 1
l 1 1
l 1 1
l 1 1
# 4032 faces, 0 coords texture

# End of File
